season,position,pfr_name,prospect_model_score,primary_ppg,signed_error,abs_error,feature_coverage,mean_5nn_distance,neighbor_density_percentile,model_confidence_score,model_confidence,out_of_distribution_flag,similarity_feature_count
2005,QB,Alex Smith,,,,,0.719626168224299,0.8624161845265036,20.093457943925234,35.654205607476634,Low,1,107
2005,QB,Aaron Rodgers,,,,,0.719626168224299,0.572450529060775,71.96261682242991,71.96261682242991,Low,1,107
2005,QB,Jason Campbell,,,,,0.719626168224299,0.5334776793364817,79.43925233644859,77.19626168224298,Low,1,107
2005,QB,Charlie Frye,,,,,0.719626168224299,0.8945473224883971,17.289719626168225,33.69158878504673,Low,1,107
2005,QB,Andrew Walter,,,,,0.719626168224299,0.6759177298692102,44.85981308411215,52.99065420560747,Low,1,107
2005,QB,David Greene,,,,,0.719626168224299,0.7085459310458173,37.38317757009346,47.75700934579439,Low,1,107
2005,QB,Kyle Orton,,,,,0.719626168224299,0.5506737975058146,77.10280373831776,75.56074766355141,Low,1,107
2005,QB,Stefan Lefors,,,,,0.719626168224299,0.6507488994216487,49.532710280373834,56.26168224299065,Low,1,107
2005,QB,Dan Orlovsky,,,,,0.719626168224299,0.6195954770739097,59.813084112149525,63.457943925233636,Low,1,107
2005,QB,Adrian McPherson,,,,,0.07476635514018691,0.3038152502923762,93.45794392523365,67.66355140186917,Low,1,107
2005,QB,Derek Anderson,,,,,0.719626168224299,0.6428016488016091,52.336448598130836,58.22429906542055,Low,1,107
2005,QB,James Kilian,,,,,0.719626168224299,0.8313335318340043,22.897196261682243,37.61682242990654,Low,1,107
2005,QB,Matt Cassel,,,,,0.719626168224299,1.5312549038995051,2.803738317757009,23.55140186915888,Low,1,107
2005,QB,Ryan Fitzpatrick,,,,,0.07476635514018691,0.14668766075677234,97.19626168224299,70.2803738317757,Low,1,107
2006,QB,Vince Young,,,,,0.8504672897196262,1.0697081745755956,9.345794392523365,32.05607476635514,Low,1,107
2006,QB,Matt Leinart,,,,,1.0,0.7787741631033567,28.504672897196258,49.95327102803738,Medium,0,107
2006,QB,Jay Cutler,,,,,1.0,0.9032395228245921,16.355140186915886,41.44859813084112,Medium,0,107
2006,QB,Kellen Clemens,,,,,0.8691588785046729,0.8338615544326464,21.49532710280374,41.1214953271028,Medium,0,107
2006,QB,Tarvaris Jackson,,,,,0.07476635514018691,0.24415698518859424,96.26168224299066,69.62616822429906,Low,1,107
2006,QB,Charlie Whitehurst,,,,,1.0,0.9109031421298927,14.953271028037381,40.467289719626166,Medium,0,107
2006,QB,Brodie Croyle,,,,,1.0,0.8998764022953513,16.822429906542055,41.77570093457944,Medium,0,107
2006,QB,Brad Smith,,,,,1.0,1.3919598867206704,4.205607476635514,32.94392523364486,Low,1,107
2006,QB,Ingle Martin,,,,,0.07476635514018691,0.09572236257014351,99.53271028037383,71.91588785046729,Low,1,107
2006,QB,Omar Jacobs,,,,,1.0,0.8445812937680717,21.02803738317757,44.719626168224295,Medium,0,107
2006,QB,Reggie McNeal,,,,,1.0,0.953142055049738,13.084112149532709,39.1588785046729,Medium,0,107
2006,QB,Bruce Gradkowski,,,,,1.0,0.789062249900966,26.635514018691588,48.64485981308411,Medium,0,107
2006,QB,D.J. Shockley,,,,,1.0,0.9641579594264472,12.149532710280374,38.50467289719626,Medium,0,107
2007,QB,JaMarcus Russell,,,,,1.0,0.5298885536999888,80.8411214953271,86.58878504672896,High,0,107
2007,QB,Brady Quinn,,,,,1.0,0.4337155842407633,92.05607476635514,94.43925233644859,High,0,107
2007,QB,Kevin Kolb,,,,,1.0,0.8805325108474161,18.69158878504673,43.08411214953271,Medium,0,107
2007,QB,John Beck,,,,,1.0,0.7710634165607333,28.971962616822427,50.2803738317757,Medium,0,107
2007,QB,Drew Stanton,,,,,1.0,0.6025686888773396,65.42056074766354,75.79439252336448,High,0,107
2007,QB,Trent Edwards,,,,,1.0,0.5228180696703358,82.71028037383178,87.89719626168224,High,0,107
2007,QB,Isaiah Stanback,,,,,1.0,0.6700606359967809,45.794392523364486,62.05607476635514,Medium,0,107
2007,QB,Jeff Rowe,,,,,1.0,0.6631433508458613,47.19626168224299,63.03738317757009,Medium,0,107
2007,QB,Troy Smith,,,,,1.0,0.6799202684208071,43.925233644859816,60.74766355140187,Medium,0,107
2007,QB,Jordan Palmer,,,,,1.0,0.5720636237966727,72.42990654205607,80.70093457943925,High,0,107
2007,QB,Tyler Thigpen,,,,,0.07476635514018691,0.11085344544561708,98.5981308411215,71.26168224299066,Low,1,107
2008,QB,Matt Ryan,6.1542435424572375,14.0125,7.858256457542762,7.858256457542762,1.0,0.49240277394298804,85.98130841121495,90.18691588785046,High,0,107
2008,QB,Joe Flacco,5.622114833390763,13.6875,8.065385166609236,8.065385166609236,0.719626168224299,2.1211935547874754,0.9345794392523363,22.242990654205606,Low,1,107
2008,QB,Brian Brohm,2.159975673283708,0.048125,-2.111850673283708,2.111850673283708,1.0,0.4712974471130159,88.3177570093458,91.82242990654206,High,0,107
2008,QB,Chad Henne,2.242083803775589,9.420000000000002,7.1779161962244125,7.1779161962244125,1.0,0.7544624335431835,30.373831775700932,51.26168224299065,Medium,0,107
2008,QB,Kevin O'Connell,3.175916931378236,0.0099999999999999,-3.165916931378236,3.165916931378236,0.719626168224299,0.9186038936963072,14.485981308411214,31.72897196261682,Low,1,107
2008,QB,John David Booty,1.6581430146742848,0.0,-1.6581430146742848,1.6581430146742848,0.719626168224299,0.8695826329316322,19.626168224299064,35.32710280373831,Low,1,107
2008,QB,Dennis Dixon,2.7330200240063225,0.808125,-1.9248950240063225,1.9248950240063225,1.0,0.7854135081967877,27.102803738317753,48.971962616822424,Medium,0,107
2008,QB,Josh Johnson,1.6406773535885093,1.5168749999999998,-0.12380235358850955,0.12380235358850955,0.42990654205607476,0.6759772104404498,44.39252336448598,43.971962616822424,Low,1,107
2008,QB,Erik Ainge,1.233496471933295,0.0,-1.233496471933295,1.233496471933295,1.0,0.5306737919068858,80.37383177570094,86.26168224299064,High,0,107
2008,QB,Colt Brennan,2.8397196526406296,0.0,-2.8397196526406296,2.8397196526406296,0.719626168224299,0.790197425308173,25.70093457943925,39.57943925233644,Low,1,107
2008,QB,Andre Woodson,2.6319785781084,0.0,-2.6319785781084,2.6319785781084,1.0,0.5562406553007377,76.16822429906543,83.3177570093458,High,0,107
2008,QB,Matt Flynn,1.7155607527557095,0.8300000000000001,-0.8855607527557094,0.8855607527557094,1.0,1.1959541865272916,5.14018691588785,33.598130841121495,Low,1,107
2008,QB,Alex Brink,1.2732613288617185,0.0,-1.2732613288617185,1.2732613288617185,1.0,0.4811249402056645,87.85046728971963,91.49532710280374,High,0,107
2009,QB,Matthew Stafford,8.242028228846484,14.7275,6.485471771153515,6.485471771153515,1.0,0.44919551795179247,90.65420560747664,93.45794392523365,High,0,107
2009,QB,Mark Sanchez,8.110223125793208,13.73125,5.621026874206791,5.621026874206791,1.0,0.957110092265802,12.616822429906541,38.83177570093458,Medium,0,107
2009,QB,Josh Freeman,8.164834102285484,14.485,6.320165897714515,6.320165897714515,1.0,0.6948848030009385,40.654205607476634,58.45794392523364,Medium,0,107
2009,QB,Pat White,2.4681475368053047,0.253125,-2.215022536805305,2.215022536805305,1.0,0.8090699352818659,24.299065420560748,47.00934579439252,Medium,0,107
2009,QB,Stephen McGee,1.7410146602617829,1.21875,-0.5222646602617829,0.5222646602617829,1.0,0.722501408425344,35.51401869158878,54.85981308411215,Medium,0,107
2009,QB,Rhett Bomar,1.612195496003915,0.0,-1.612195496003915,1.612195496003915,0.719626168224299,1.1070767811551228,7.009345794392523,26.49532710280374,Low,1,107
2009,QB,Nate Davis,0.6771910372347626,0.0,-0.6771910372347626,0.6771910372347626,1.0,0.6396762186047642,52.80373831775701,66.96261682242991,Medium,0,107
2009,QB,Tom Brandstater,1.567178921145737,0.0,-1.567178921145737,1.567178921145737,1.0,0.6715953528954393,45.32710280373832,61.728971962616825,Medium,0,107
2009,QB,Mike Teel,0.9958483994265608,0.0,-0.9958483994265608,0.9958483994265608,1.0,1.0680987310453127,9.813084112149532,36.86915887850467,Low,1,107
2009,QB,Keith Null,2.4317096258196864,0.46625,-1.9654596258196864,1.9654596258196864,0.07476635514018691,0.0987719987698377,99.06542056074767,71.58878504672897,Low,1,107
2009,QB,Curtis Painter,1.8525922442413536,2.260625,0.4080327557586465,0.4080327557586465,1.0,0.5668380450231754,74.76635514018692,82.33644859813083,High,0,107
2010,QB,Sam Bradford,10.663765445872286,13.164375,2.5006095541277134,2.5006095541277134,1.0,0.9720834721275959,11.682242990654206,38.177570093457945,Medium,0,107
2010,QB,Tim Tebow,4.003663525623196,9.313125,5.309461474376803,5.309461474376803,1.0,0.7804078365473783,28.037383177570092,49.626168224299064,Medium,0,107
2010,QB,Jimmy Clausen,2.3820672534035747,1.813125,-0.5689422534035746,0.5689422534035746,1.0,0.6021087746992555,65.88785046728972,76.1214953271028,High,0,107
2010,QB,Colt McCoy,1.467189321554379,7.87375,6.406560678445621,6.406560678445621,1.0,0.6049256027662616,64.01869158878505,74.81308411214954,High,0,107
2010,QB,Mike Kafka,1.5054020978195477,0.0087499999999999,-1.4966520978195479,1.4966520978195479,1.0,0.7543500178028358,30.8411214953271,51.58878504672897,Medium,0,107
2010,QB,John Skelton,1.6843740025070228,4.271875,2.5875009974929766,2.5875009974929766,0.07476635514018691,0.1437356536169216,97.66355140186917,70.60747663551403,Low,1,107
2010,QB,Jonathan Crompton,1.0471797498415052,0.0,-1.0471797498415052,1.0471797498415052,1.0,0.6689327947823458,46.26168224299065,62.38317757009345,Medium,0,107
2010,QB,Rusty Smith,0.6376555356259243,0.0425,-0.5951555356259243,0.5951555356259243,1.0,0.49225268549333323,86.44859813084112,90.51401869158877,High,0,107
2010,QB,Dan LeFevour,0.9159576043391158,0.0,-0.9159576043391158,0.9159576043391158,1.0,0.6194322836444048,60.747663551401864,72.5233644859813,High,0,107
2010,QB,Tony Pike,0.7651489179029661,0.05875,-0.7063989179029662,0.7063989179029662,1.0,0.44820023690319755,91.1214953271028,93.78504672897196,High,0,107
2010,QB,Levi Brown,1.1034557303586348,0.0,-1.1034557303586348,1.1034557303586348,1.0,0.6459676311519278,51.86915887850467,66.30841121495327,Medium,0,107
2010,QB,Sean Canfield,1.0563975544468065,0.0,-1.0563975544468065,1.0563975544468065,1.0,0.6907864891612316,42.05607476635514,59.43925233644859,Medium,0,107
2010,QB,Zac Robinson,1.20505391676589,0.0,-1.20505391676589,1.20505391676589,1.0,0.6198041125556235,58.87850467289719,71.21495327102804,High,0,107
2011,QB,Cam Newton,10.785132008576232,21.74375,10.958617991423766,10.958617991423766,0.07476635514018691,0.28182913412911564,94.39252336448598,68.3177570093458,Low,1,107
2011,QB,Jake Locker,11.96900515103892,7.246250000000001,-4.7227551510389185,4.7227551510389185,1.0,0.7254199485651697,34.57943925233645,54.205607476635514,Medium,0,107
2011,QB,Blaine Gabbert,11.505125172628446,6.57625,-4.928875172628446,4.928875172628446,1.0,0.6957974731221318,40.18691588785047,58.13084112149532,Medium,0,107
2011,QB,Christian Ponder,11.544190858083864,9.756875,-1.787315858083863,1.787315858083863,1.0,0.5898092955687537,68.22429906542055,77.75700934579439,High,0,107
2011,QB,Andy Dalton,2.1246632603041826,16.836875,14.712211739695817,14.712211739695817,1.0,0.5284853259477197,82.2429906542056,87.57009345794391,High,0,107
2011,QB,Colin Kaepernick,2.228710789554467,13.698124999999996,11.469414210445528,11.469414210445528,1.0,0.7239023097439237,35.046728971962615,54.532710280373834,Medium,0,107
2011,QB,Ryan Mallett,2.169853473335156,0.0,-2.169853473335156,2.169853473335156,1.0,0.6269970815777027,56.074766355140184,69.25233644859813,Medium,0,107
2011,QB,Ricky Stanzi,0.9270417864650992,0.0,-0.9270417864650992,0.9270417864650992,0.719626168224299,0.5784719352228151,69.62616822429906,70.32710280373831,Low,1,107
2011,QB,T.J. Yates,1.2657549047363683,1.4712500000000004,0.20549509526363208,0.20549509526363208,1.0,0.4428774124478817,91.58878504672897,94.11214953271028,High,0,107
2011,QB,Nathan Enderle,1.5987964885320376,0.0,-1.5987964885320376,1.5987964885320376,1.0,0.5439844382623832,78.03738317757009,84.62616822429906,High,0,107
2011,QB,Tyrod Taylor,0.8978418654343453,0.766875,-0.13096686543434533,0.13096686543434533,1.0,0.6554810298022994,48.598130841121495,64.01869158878505,Medium,0,107
2011,QB,Greg McElroy,1.0914634066134534,0.36125,-0.7302134066134534,0.7302134066134534,1.0,1.0121382177175648,10.74766355140187,37.523364485981304,Medium,0,107
2012,QB,Andrew Luck,11.09112033137596,20.135,9.043879668624042,9.043879668624042,1.0,0.6934078349920549,41.1214953271028,58.785046728971956,Medium,0,107
2012,QB,Robert Griffin,11.333832112949544,16.57875,5.244917887050455,5.244917887050455,1.0,0.7812293563547114,27.570093457943923,49.299065420560744,Medium,0,107
2012,QB,Ryan Tannehill,12.395349035372655,16.181874999999998,3.7865259646273426,3.7865259646273426,1.0,1.6824678740510834,1.4018691588785046,30.981308411214954,Low,1,107
2012,QB,Brandon Weeden,9.306352831129532,7.976250000000001,-1.3301028311295306,1.3301028311295306,1.0,0.9897819140163733,11.214953271028037,37.850467289719624,Medium,0,107
2012,QB,Brock Osweiler,2.264787810447311,0.315,-1.9497878104473112,1.9497878104473112,1.0,0.6148639749548257,61.6822429906542,73.17757009345794,High,0,107
2012,QB,Russell Wilson,2.7349676068303674,18.881875,16.146907393169634,16.146907393169634,1.0,0.647625875873561,50.93457943925234,65.65420560747663,Medium,0,107
2012,QB,Nick Foles,2.34989932499304,11.845625,9.495725675006959,9.495725675006959,1.0,0.5974526931568748,67.7570093457944,77.42990654205607,High,0,107
2012,QB,Kirk Cousins,0.9972479665420954,3.81125,2.8140020334579043,2.8140020334579043,1.0,0.7424867658949205,33.64485981308411,53.55140186915888,Medium,0,107
2012,QB,Ryan Lindley,0.6921382496763273,1.1018750000000002,0.40973675032367285,0.40973675032367285,1.0,0.5696756506884408,73.36448598130842,81.35514018691589,High,0,107
2012,QB,B.J. Coleman,2.039169876668266,0.0,-2.039169876668266,2.039169876668266,0.719626168224299,1.5007320005969145,3.2710280373831773,23.878504672897197,Low,1,107
2012,QB,Chandler Harnish,0.963646851378197,0.0,-0.963646851378197,0.963646851378197,1.0,0.5995646098347389,66.35514018691589,76.44859813084112,High,0,107
2013,QB,EJ Manuel,12.318783345218316,6.0062500000000005,-6.312533345218315,6.312533345218315,1.0,0.6216702311024047,57.943925233644855,70.5607476635514,High,0,107
2013,QB,Geno Smith,4.569434768005905,10.798125,6.228690231994095,6.228690231994095,1.0,0.44995302216670635,90.18691588785047,93.13084112149534,High,0,107
2013,QB,Mike Glennon,4.1467944883306105,7.7375,3.5907055116693893,3.5907055116693893,1.0,0.8329622781810413,22.429906542056074,45.70093457943925,Medium,0,107
2013,QB,Matt Barkley,2.095155637871923,0.05625,-2.038905637871923,2.038905637871923,1.0,0.4910853447295819,86.91588785046729,90.84112149532709,High,0,107
2013,QB,Ryan Nassib,1.4340134247553702,0.275625,-1.1583884247553702,1.1583884247553702,1.0,0.4681673062456494,88.78504672897196,92.14953271028037,High,0,107
2013,QB,Tyler Wilson,1.3386159713276715,0.0,-1.3386159713276715,1.3386159713276715,1.0,0.7532686598259193,31.308411214953267,51.915887850467286,Medium,0,107
2013,QB,Landry Jones,1.986187314983349,0.688125,-1.298062314983349,1.298062314983349,1.0,0.66651617427188,46.728971962616825,62.71028037383178,Medium,0,107
2013,QB,Brad Sorensen,2.236917092246343,0.0,-2.236917092246343,2.236917092246343,0.07476635514018691,0.19781677282790194,96.72897196261682,69.95327102803739,Low,1,107
2013,QB,Zac Dysert,1.340119507150486,0.0,-1.340119507150486,1.340119507150486,1.0,0.7024272026719499,39.25233644859813,57.47663551401869,Medium,0,107
2013,QB,B.J. Daniels,0.8734154244398656,0.14625,-0.7271654244398656,0.7271654244398656,1.0,0.8330072120031913,21.962616822429908,45.373831775700936,Medium,0,107
2013,QB,Sean Renfree,1.9478954974183644,0.0,-1.9478954974183644,1.9478954974183644,1.0,0.6547758835710716,49.06542056074766,64.34579439252336,Medium,0,107
2014,QB,Blake Bortles,12.868072597597552,18.350625,5.482552402402449,5.482552402402449,1.0,0.5770466676777664,70.09345794392523,79.06542056074767,High,0,107
2014,QB,Johnny Manziel,10.177201293951155,3.340625,-6.836576293951155,6.836576293951155,1.0,1.0784743570381603,8.411214953271028,35.88785046728972,Low,1,107
2014,QB,Teddy Bridgewater,10.019151896761969,11.878125,1.858973103238032,1.858973103238032,1.0,0.5766035572543295,70.56074766355141,79.39252336448598,High,0,107
2014,QB,Derek Carr,8.920533224410294,16.8675,7.946966775589706,7.946966775589706,1.0,0.532663573829937,79.90654205607477,85.93457943925233,High,0,107
2014,QB,Jimmy Garoppolo,4.2172590396971525,1.505,-2.7122590396971527,2.7122590396971527,0.07476635514018691,0.25016898504248597,95.32710280373831,68.97196261682242,Low,1,107
2014,QB,Logan Thomas,0.9292672378354516,0.22625,-0.7030172378354516,0.7030172378354516,1.0,0.7085447758741704,37.850467289719624,56.495327102803735,Medium,0,107
2014,QB,Tom Savage,0.3425022379660242,0.56625,0.22374776203397584,0.22374776203397584,1.0,0.6306601666692533,55.60747663551402,68.92523364485982,Medium,0,107
2014,QB,Aaron Murray,0.8207020153693183,0.0,-0.8207020153693183,0.8207020153693183,1.0,0.5180107402366995,83.64485981308411,88.55140186915887,High,0,107
2014,QB,A.J. McCarron,0.7670699042334886,1.7268750000000002,0.9598050957665115,0.9598050957665115,1.0,0.6319170616080871,54.67289719626168,68.27102803738318,Medium,0,107
2014,QB,Zach Mettenberger,1.4085510819766145,3.5337500000000004,2.125198918023386,2.125198918023386,1.0,1.4812101542516183,3.7383177570093453,32.61682242990654,Low,1,107
2014,QB,David Fales,1.0103190404327131,0.0275,-0.9828190404327132,0.9828190404327132,1.0,0.6869306252675693,42.523364485981304,59.76635514018691,Medium,0,107
2014,QB,Keith Wenning,0.4104283838945529,0.0,-0.4104283838945529,0.4104283838945529,1.0,0.4115152764223269,92.99065420560748,95.09345794392523,High,0,107
2014,QB,Garrett Gilbert,0.5978025697464607,0.0,-0.5978025697464607,0.5978025697464607,1.0,0.7050178693059814,38.78504672897196,57.14953271028037,Medium,0,107
2015,QB,Jameis Winston,10.66995288944599,16.59625,5.926297110554012,5.926297110554012,1.0,1.0865816944434106,7.476635514018691,35.23364485981308,Low,1,107
2015,QB,Marcus Mariota,13.746031261045,14.7175,0.9714687389550001,0.9714687389550001,1.0,0.7106913808191353,36.915887850467286,55.8411214953271,Medium,0,107
2015,QB,Garrett Grayson,5.385957922471202,0.0,-5.385957922471202,5.385957922471202,1.0,0.5650127702603737,75.23364485981308,82.66355140186916,High,0,107
2015,QB,Sean Mannion,4.535826020945793,0.20125,-4.334576020945793,4.334576020945793,1.0,0.6821090957238735,43.45794392523364,60.420560747663544,Medium,0,107
2015,QB,Bryce Petty,1.887741374379841,1.7975,-0.09024137437984092,0.09024137437984092,1.0,1.1914249264643095,5.607476635514018,33.925233644859816,Low,1,107
2015,QB,Brett Hundley,1.375493874168083,3.88875,2.5132561258319166,2.5132561258319166,1.0,0.6028145707469316,64.95327102803739,75.46728971962617,High,0,107
2015,QB,Trevor Siemian,0.9524493306852,9.9325,8.9800506693148,8.9800506693148,1.0,0.8086749293879031,24.766355140186917,47.33644859813084,Medium,0,107
2016,QB,Jared Goff,13.557322396220403,17.674375,4.117052603779598,4.117052603779598,1.0,0.529148670903189,81.77570093457945,87.24299065420561,High,0,107
2016,QB,Carson Wentz,14.596803097150165,15.49125,0.8944469028498361,0.8944469028498361,0.07476635514018691,0.26767781405995317,94.85981308411215,68.64485981308411,Low,1,107
2016,QB,Paxton Lynch,9.615693525833873,1.3493750000000002,-8.266318525833872,8.266318525833872,1.0,0.4888568190115857,87.38317757009347,91.16822429906543,High,0,107
2016,QB,Christian Hackenberg,2.595504333931214,0.0,-2.595504333931214,2.595504333931214,1.0,0.6197159112073719,59.345794392523366,71.54205607476635,High,0,107
2016,QB,Jacoby Brissett,3.9931115931849415,7.319375000000001,3.3262634068150594,3.3262634068150594,1.0,0.9414554260032212,13.551401869158877,39.48598130841121,Medium,0,107
2016,QB,Cody Kessler,3.5716958960561334,3.614375,0.042679103943866536,0.042679103943866536,1.0,0.8210264974971624,23.364485981308412,46.35514018691589,Medium,0,107
2016,QB,Connor Cook,2.379237338669965,0.1875,-2.191737338669965,2.191737338669965,1.0,1.1605402102880653,6.5420560747663545,34.57943925233645,Low,1,107
2016,QB,Dak Prescott,2.259478481295824,17.899375,15.639896518704175,15.639896518704175,1.0,0.9051886729660321,15.887850467289718,41.12149532710281,Medium,0,107
2016,QB,Cardale Jones,1.6682043799885495,0.054375,-1.6138293799885495,1.6138293799885495,1.0,0.8057283162981035,25.233644859813083,47.66355140186916,Medium,0,107
2016,QB,Kevin Hogan,2.0213319781600703,1.57625,-0.44508197816007034,0.44508197816007034,1.0,0.5092234428518692,85.51401869158879,89.85981308411215,High,0,107
2016,QB,Nate Sudfeld,0.7836198605775646,0.3824999999999999,-0.4011198605775647,0.4011198605775647,1.0,0.45819777477708223,89.7196261682243,92.803738317757,High,0,107
2016,QB,Jake Rudock,1.151782299494187,0.0,-1.151782299494187,1.151782299494187,1.0,0.43371202508097256,92.5233644859813,94.7663551401869,High,0,107
2016,QB,Brandon Allen,0.8324634126099156,0.0,-0.8324634126099156,0.8324634126099156,1.0,0.5672644237112826,74.29906542056075,82.00934579439252,High,0,107
2016,QB,Jeff Driskel,1.04036248220947,2.66,1.6196375177905302,1.6196375177905302,1.0,0.6121152611373146,62.616822429906534,73.83177570093457,High,0,107
2016,QB,Brandon Doughty,2.1116528171737228,0.0,-2.1116528171737228,2.1116528171737228,1.0,0.6179533107111483,61.21495327102804,72.85046728971963,High,0,107
2017,QB,Mitch Trubisky,15.626610593823422,14.5575,-1.0691105938234227,1.0691105938234227,0.07476635514018691,0.24466693311279997,95.7943925233645,69.29906542056075,Low,1,107
2017,QB,Patrick Mahomes,11.955229972888546,22.003750000000004,10.048520027111458,10.048520027111458,1.0,0.6490577344208196,50.467289719626166,65.32710280373831,Medium,0,107
2017,QB,Deshaun Watson,10.80961347507986,20.39625,9.586636524920138,9.586636524920138,1.0,0.6592469777996126,48.13084112149533,63.691588785046726,Medium,0,107
2017,QB,DeShone Kizer,2.7862870645173845,5.6575,2.8712129354826152,2.8712129354826152,1.0,0.6604893032332984,47.66355140186916,63.364485981308405,Medium,0,107
2017,QB,Davis Webb,3.820314493466032,0.0,-3.820314493466032,3.820314493466032,1.0,0.8844109234517548,18.22429906542056,42.75700934579439,Medium,0,107
2017,QB,C.J. Beathard,3.215885075927968,5.118125,1.902239924072032,1.902239924072032,1.0,0.8472215371739775,20.5607476635514,44.39252336448598,Medium,0,107
2017,QB,Joshua Dobbs,2.087169617325266,0.025625,-2.061544617325266,2.061544617325266,1.0,0.6496793470601399,50.0,65.0,Medium,0,107
2017,QB,Nathan Peterman,0.7303254119236765,0.6993750000000001,-0.030950411923676424,0.030950411923676424,1.0,0.6137666384486141,62.149532710280376,73.50467289719626,High,0,107
2017,QB,Brad Kaaya,1.1757481509173808,0.0,-1.1757481509173808,1.1757481509173808,1.0,0.5155634133748498,84.11214953271028,88.87850467289718,High,0,107
2017,QB,Chad Kelly,1.880337532543651,0.0,-1.880337532543651,1.880337532543651,1.0,0.6313746060689838,55.140186915887845,68.59813084112149,Medium,0,107
2018,QB,Baker Mayfield,12.75726015734295,15.2725,2.515239842657051,2.515239842657051,1.0,0.7514063444971246,31.775700934579437,52.242990654205606,Medium,0,107
2018,QB,Sam Darnold,11.576546846100449,11.164375,-0.4121718461004491,0.4121718461004491,1.0,0.6358528394911535,53.73831775700935,67.61682242990653,Medium,0,107
2018,QB,Josh Allen,15.071535985368811,21.394375000000004,6.322839014631192,6.322839014631192,1.0,1.1724985529918606,6.074766355140187,34.25233644859813,Low,1,107
2018,QB,Josh Rosen,14.221865678057496,4.090624999999999,-10.131240678057496,10.131240678057496,1.0,0.5129070813033924,85.04672897196261,89.53271028037382,High,0,107
2018,QB,Lamar Jackson,9.910239779390412,23.389375,13.479135220609589,13.479135220609589,1.0,1.0707537192913457,8.878504672897195,36.21495327102804,Low,1,107
2018,QB,Mason Rudolph,2.1338808116533654,3.97375,1.8398691883466345,1.8398691883466345,1.0,0.6195945947033383,60.280373831775705,72.19626168224299,High,0,107
2018,QB,Kyle Lauletta,1.8855640121292776,0.0,-1.8855640121292776,1.8855640121292776,0.07476635514018691,0.1299749673776624,98.13084112149532,70.93457943925233,Low,1,107
2018,QB,Mike White,0.5766479421174061,0.0,-0.5766479421174061,0.5766479421174061,1.0,0.5554928202633074,76.63551401869158,83.64485981308411,High,0,107
2018,QB,Luke Falk,1.3271216224454203,0.27,-1.0571216224454203,1.0571216224454203,1.0,0.5184392122342707,83.17757009345794,88.22429906542055,High,0,107
2018,QB,Tanner Lee,0.7760292467281474,0.0,-0.7760292467281474,0.7760292467281474,1.0,0.9411507609016188,14.018691588785046,39.81308411214953,Medium,0,107
2018,QB,Danny Etling,0.8793980884513477,0.0,-0.8793980884513477,0.8793980884513477,1.0,0.5298300508364872,81.30841121495327,86.91588785046729,High,0,107
2018,QB,Alex McGough,0.8279884774452287,0.0,-0.8279884774452287,0.8279884774452287,1.0,0.5739939581435397,71.49532710280374,80.04672897196261,High,0,107
2018,QB,Logan Woodside,1.1624416956332333,0.04,-1.1224416956332333,1.1224416956332333,1.0,0.6254097528260644,56.54205607476636,69.57943925233644,Medium,0,107
2019,QB,Kyler Murray,17.345372583380062,20.750625,3.4052524166199376,3.4052524166199376,1.0,1.2795861733628062,4.672897196261682,33.271028037383175,Low,1,107
2019,QB,Daniel Jones,13.54849356069914,12.343749999999998,-1.204743560699141,1.204743560699141,1.0,0.6915355690916756,41.58878504672897,59.112149532710276,Medium,0,107
2019,QB,Dwayne Haskins,9.839226741108918,4.526875,-5.312351741108918,5.312351741108918,1.0,0.7077880555630679,38.31775700934579,56.822429906542055,Medium,0,107
2019,QB,Drew Lock,3.042679075947283,7.79125,4.748570924052717,4.748570924052717,1.0,0.5705889047057722,72.89719626168224,81.02803738317756,High,0,107
2019,QB,Will Grier,1.890333265481974,0.04125,-1.849083265481974,1.849083265481974,1.0,0.46395819059625404,89.25233644859813,92.47663551401868,High,0,107
2019,QB,Ryan Finley,1.0387921991714566,1.369375,0.3305828008285434,0.3305828008285434,1.0,0.6460589372235864,51.4018691588785,65.98130841121494,Medium,0,107
2019,QB,Jarrett Stidham,3.85166359302172,0.404375,-3.44728859302172,3.44728859302172,1.0,0.7126209831239984,36.44859813084112,55.51401869158878,Medium,0,107
2019,QB,Easton Stick,1.447113587964734,0.0,-1.447113587964734,1.447113587964734,0.07476635514018691,0.09018269010768269,100.0,72.24299065420561,Low,1,107
2019,QB,Clayton Thorson,0.6745192727243025,0.0,-0.6745192727243025,0.6745192727243025,1.0,0.5502979751825368,77.57009345794393,84.29906542056074,High,0,107
2019,QB,Gardner Minshew,0.7287017071780739,12.184375000000005,11.455673292821931,11.455673292821931,1.0,0.633806154701775,54.20560747663551,67.94392523364485,Medium,0,107
2019,QB,Trace McSorley,1.0104992723630546,0.2937499999999999,-0.7167492723630546,0.7167492723630546,1.0,0.6235570146201452,57.009345794392516,69.90654205607476,Medium,0,107
2020,QB,Joe Burrow,15.893569007682084,19.55705882352941,3.663489815847326,3.663489815847326,1.0,0.6865234369350006,42.99065420560748,60.09345794392523,Medium,0,107
2020,QB,Tua Tagovailoa,16.02324038314265,12.112941176470589,-3.910299206672061,3.910299206672061,1.0,0.8104741202961557,23.83177570093458,46.6822429906542,Medium,0,107
2020,QB,Justin Herbert,15.453865813222848,21.60007352941177,6.146207716188922,6.146207716188922,1.0,0.5146025176912629,84.57943925233646,89.20560747663552,High,0,107
2020,QB,Jordan Love,9.396919365647731,0.9658823529411764,-8.431037012706554,8.431037012706554,1.0,0.5742559897676219,71.02803738317756,79.7196261682243,High,0,107
2020,QB,Jalen Hurts,6.2029971974949625,20.3,14.097002802505038,14.097002802505038,1.0,0.8789992335013468,19.158878504672895,43.41121495327103,Medium,0,107
2020,QB,Jacob Eason,0.8511888013529232,0.0105882352941176,-0.8406005660588056,0.8406005660588056,1.0,0.7588964818733268,29.906542056074763,50.93457943925233,Medium,0,107
2020,QB,James Morgan,0.5684180606740734,0.0,-0.5684180606740734,0.5684180606740734,1.0,0.5695227417573826,73.83177570093457,81.6822429906542,High,0,107
2020,QB,Jake Fromm,1.2391188649240643,0.3205882352941177,-0.9185306296299467,0.9185306296299467,1.0,0.5601922065816344,75.70093457943925,82.99065420560747,High,0,107
2020,QB,Jake Luton,0.5301240279480094,0.8831249999999999,0.35300097205199055,0.35300097205199055,1.0,0.611188867265272,63.084112149532714,74.1588785046729,High,0,107
2020,QB,Ben DiNucci,0.5706075587137323,0.2175,-0.35310755871373223,0.35310755871373223,0.719626168224299,0.9095217233227727,15.42056074766355,32.38317757009346,Low,1,107
2020,QB,Tommy Stevens,2.917169536684836,0.075,-2.842169536684836,2.842169536684836,1.0,1.0785804164129613,7.943925233644859,35.5607476635514,Low,1,107
2020,QB,Nate Stanley,0.6247711932944874,0.0,-0.6247711932944874,0.6247711932944874,1.0,0.5879712293297582,69.1588785046729,78.41121495327103,High,0,107
2021,QB,Trevor Lawrence,18.09059644082,16.416470588235295,-1.6741258525847051,1.6741258525847051,1.0,0.5350088368566512,78.97196261682244,85.2803738317757,High,0,107
2021,QB,Zach Wilson,15.089573318515932,7.994117647058823,-7.095455671457109,7.095455671457109,1.0,0.5990695162215554,66.82242990654206,76.77570093457943,High,0,107
2021,QB,Trey Lance,15.884434907495958,2.2758823529411765,-13.608552554554782,13.608552554554782,0.07476635514018691,0.2903601723851684,93.92523364485982,67.99065420560748,Low,1,107
2021,QB,Justin Fields,17.82503974269056,15.475294117647058,-2.349745625043502,2.349745625043502,1.0,0.7498377494097123,32.242990654205606,52.570093457943926,Medium,0,107
2021,QB,Mac Jones,13.10390327758246,11.618235294117648,-1.485667983464813,1.485667983464813,1.0,0.8875168873076165,17.75700934579439,42.429906542056074,Medium,0,107
2021,QB,Kyle Trask,4.478410646513077,0.0270588235294117,-4.451351822983665,4.451351822983665,1.0,0.7007793284714016,39.719626168224295,57.80373831775701,Medium,0,107
2021,QB,Kellen Mond,3.645331458839825,0.0058823529411764,-3.6394491058986485,3.6394491058986485,1.0,0.6032382478268724,64.48598130841121,75.14018691588785,High,0,107
2021,QB,Davis Mills,2.943938165003739,9.95529411764706,7.011355952643322,7.011355952643322,1.0,0.7467276816160012,33.177570093457945,53.22429906542056,Medium,0,107
2021,QB,Ian Book,0.8135793785712848,0.0588235294117647,-0.7547558491595201,0.7547558491595201,1.0,0.6220267263418917,57.476635514018696,70.23364485981308,High,0,107
2021,QB,Sam Ehlinger,0.8535529790363143,1.0741176470588234,0.22056466802250907,0.22056466802250907,1.0,0.5414376779561231,78.50467289719626,84.95327102803738,High,0,107
2022,QB,Kenny Pickett,10.5969981645527,7.648823529411764,-2.9481746351409353,2.9481746351409353,1.0,0.638792846828791,53.271028037383175,67.28971962616822,Medium,0,107
2022,QB,Desmond Ridder,4.469538658346083,6.3488235294117645,1.879284871065681,1.879284871065681,1.0,0.5975905796642001,67.28971962616822,77.10280373831776,High,0,107
2022,QB,Malik Willis,5.109003667928539,2.0923529411764705,-3.016650726752068,3.016650726752068,1.0,1.018932630495907,10.2803738317757,37.19626168224299,Low,1,107
2022,QB,Matt Corral,4.414914455253246,0.0,-4.414914455253246,4.414914455253246,1.0,0.7201386974879933,35.981308411214954,55.18691588785047,Medium,0,107
2022,QB,Bailey Zappe,0.899077447369099,3.2005882352941177,2.301510787925019,2.301510787925019,0.719626168224299,0.5881698361316623,68.69158878504673,69.67289719626169,Low,1,107
2022,QB,Sam Howell,2.1011797147809426,8.111764705882354,6.010584991101412,6.010584991101412,1.0,0.7663256363874564,29.439252336448597,50.60747663551402,Medium,0,107
2022,QB,Chris Oladokun,4.432262742847757,0.0,-4.432262742847757,4.432262742847757,1.0,2.3118268817898255,0.46728971962616817,30.327102803738317,Low,1,107
2022,QB,Skylar Thompson,1.1037732025598106,0.7452941176470588,-0.3584790849127518,0.3584790849127518,1.0,0.6208080214025771,58.41121495327103,70.88785046728972,High,0,107
2022,QB,Brock Purdy,2.359973056372316,16.542941176470592,14.182968120098277,14.182968120098277,1.0,0.6093705246374232,63.55140186915887,74.48598130841121,High,0,107
2023,QB,Bryce Young,15.887818340371188,12.148823529411766,-3.738994810959422,3.738994810959422,1.0,0.7896726207885474,26.168224299065418,48.31775700934579,Medium,0,107
2023,QB,C.J. Stroud,15.948952835543665,14.599999999999998,-1.3489528355436669,1.3489528355436669,1.0,1.5474405181385433,2.336448598130841,31.635514018691588,Low,1,107
2023,QB,Anthony Richardson,16.565322806629435,6.94235294117647,-9.622969865452966,9.622969865452966,1.0,1.6239430340165097,1.8691588785046727,31.30841121495327,Low,1,107
2023,QB,Will Levis,11.430089599371223,6.528235294117646,-4.901854305253577,4.901854305253577,1.0,0.7480458287508848,32.71028037383177,52.89719626168224,Medium,0,107
2023,QB,Hendon Hooker,5.465732215754702,0.0788235294117647,-5.386908686342937,5.386908686342937,1.0,0.7279761951460006,34.112149532710276,53.87850467289719,Medium,0,107
2005,RB,Ronnie Brown,,,,,0.7922077922077922,0.8950786251768555,14.148681055155876,33.670310504842874,Low,0,77
2005,RB,Cedric Benson,,,,,0.7142857142857143,0.7974761812380304,23.26139088729017,37.71154504967454,Low,1,77
2005,RB,Cadillac Williams,,,,,0.2597402597402597,0.5885388980002316,70.74340527577938,57.31259148525336,Low,1,77
2005,RB,J.J. Arrington,,,,,0.7922077922077922,0.6662270201653968,50.11990407673861,58.850166619950784,Medium,0,77
2005,RB,Eric Shelton,,,,,0.7792207792207793,0.7718271426846289,28.05755395683453,43.01691114640755,Medium,0,77
2005,RB,Frank Gore,,,,,0.7142857142857143,0.6043077755147406,67.38609112709833,68.59883521754026,Low,1,77
2005,RB,Vernand Morency,,,,,0.7922077922077922,0.7428751501004227,33.093525179856115,46.93170139213304,Medium,0,77
2005,RB,Ryan Moats,,,,,0.7922077922077922,0.6336371781480318,61.87050359712231,67.07558628421938,Medium,0,77
2005,RB,Maurice Clarett,,,,,0.24675324675324675,0.7048893758485882,42.44604316546763,37.11482761842474,Low,1,77
2005,RB,Marion Barber,,,,,0.5714285714285714,0.6574683931696172,52.51798561151079,53.90544707091469,Low,1,77
2005,RB,Brandon Jacobs,,,,,0.7922077922077922,1.1471652798229823,5.275779376498801,27.459279329782923,Low,1,77
2005,RB,Ciatrick Fason,,,,,0.7142857142857143,0.6544232907418929,53.47721822541966,58.86262418636518,Low,1,77
2005,RB,Manuel White,,,,,0.7792207792207793,0.8475706749950559,18.225419664268586,36.13441714161139,Medium,0,77
2005,RB,Alvin Pearman,,,,,0.7922077922077922,0.6620871370282736,50.83932853717026,59.35376374225294,Medium,0,77
2005,RB,Darren Sproles,,,,,0.7922077922077922,0.7501924274931648,32.13429256594724,46.260238562396836,Medium,0,77
2005,RB,Damien Nash,,,,,0.6363636363636364,0.5675244145697265,75.0599520383693,71.6328755177676,Low,1,77
2005,RB,Justin Green,,,,,0.2597402597402597,0.46866003817933655,92.08633093525181,72.25263944688405,Low,1,77
2005,RB,Cedric Houston,,,,,0.7142857142857143,0.6627896682882604,50.35971223021583,56.68036998972251,Low,1,77
2005,RB,DeAndra Cobb,,,,,0.7922077922077922,0.7395301112808028,33.81294964028777,47.4352985144352,Medium,0,77
2005,RB,Rick Razzano,,,,,0.7792207792207793,0.9444389338513368,11.270983213429256,31.266311626023857,Low,0,77
2005,RB,Nehemiah Broughton,,,,,0.2597402597402597,0.4771935070547591,91.84652278177458,72.08477373945,Low,1,77
2005,RB,Lionel Gates,,,,,0.7922077922077922,0.6926698805423098,43.884892086330936,54.48565822666542,Medium,0,77
2005,RB,Anthony Davis,,,,,0.7792207792207793,0.8349187214156724,20.14388489208633,37.47734280108381,Medium,0,77
2005,RB,Noah Herron,,,,,0.7922077922077922,0.7364147477597379,34.77218225419664,48.10676134417142,Medium,0,77
2005,RB,Madison Hedgecock,,,,,0.7922077922077922,1.022175531186542,7.913669064748201,29.305802111557504,Low,1,77
2006,RB,Reggie Bush,,,,,0.922077922077922,0.8806196042847898,14.86810551558753,38.07001152324894,Medium,0,77
2006,RB,Laurence Maroney,,,,,0.5194805194805194,0.8116906421668781,22.302158273381295,31.195926375782484,Low,1,77
2006,RB,DeAngelo Williams,,,,,0.974025974025974,0.8395092359872374,19.18465227817746,42.65003581550344,Medium,0,77
2006,RB,Joseph Addai,,,,,1.0,0.9921987293205656,8.872901678657074,36.21103117505995,Low,1,77
2006,RB,LenDale White,,,,,0.922077922077922,0.776180257170938,26.618705035971225,46.29543118751752,Medium,0,77
2006,RB,Maurice Jones-Drew,,,,,0.2597402597402597,0.43059282164655804,94.00479616306954,73.59556510635646,Low,1,77
2006,RB,Brian Calhoun,,,,,0.7922077922077922,0.774713918320637,27.33812949640288,42.90292441371578,Medium,0,77
2006,RB,Jerious Norwood,,,,,1.0,0.638739721672849,60.671462829736214,72.47002398081534,High,0,77
2006,RB,Garrett Mills,,,,,0.6493506493506493,1.2066523257122241,3.357314148681055,21.830639384596218,Low,1,77
2006,RB,Leon Washington,,,,,1.0,0.6528162982914513,54.196642685851316,67.93764988009592,Medium,0,77
2006,RB,P.J. Daniels,,,,,1.0,0.7804444462103765,25.899280575539567,48.12949640287769,Medium,0,77
2006,RB,Jerome Harrison,,,,,1.0,0.8329348832615444,20.38369304556355,44.26858513189448,Medium,0,77
2006,RB,David Kirtman,,,,,0.987012987012987,0.8755557266211366,15.107913669064748,40.18592917873493,Medium,0,77
2006,RB,Wali Lundy,,,,,1.0,0.6976098676759206,43.16546762589928,60.2158273381295,Medium,0,77
2006,RB,Lawrence Vickers,,,,,1.0,0.8494587143273804,17.74580335731415,42.4220623501199,Medium,0,77
2006,RB,J.D. Runnels,,,,,0.7402597402597403,1.7047933142591263,0.2398081534772182,22.37565791522626,Low,1,77
2006,RB,Justin Hamilton,,,,,0.6363636363636364,0.7759079011449364,26.85851318944844,37.891868323523,Low,1,77
2006,RB,Cedric Humes,,,,,0.987012987012987,0.7999683108333792,22.54196642685851,45.38976610919056,Medium,0,77
2006,RB,Quinton Ganther,,,,,0.987012987012987,0.6452352786173436,56.594724220623505,69.22669656482606,Medium,0,77
2007,RB,Adrian Peterson,11.577407061048696,18.209375,6.6319679389513055,6.6319679389513055,0.987012987012987,0.7643751261046672,28.776978417266186,49.75427450247594,Medium,0,77
2007,RB,Marshawn Lynch,11.564200177362572,13.3725,1.8082998226374283,1.8082998226374283,1.0,0.5555898701921916,78.17745803357315,84.7242206235012,High,0,77
2007,RB,Kenny Irons,6.216578728425592,0.0,-6.216578728425592,6.216578728425592,0.987012987012987,0.8605405292227305,16.30695443645084,41.0252577159052,Medium,0,77
2007,RB,Chris Henry,8.850243172976993,1.109375,-7.7408681729769935,7.7408681729769935,1.0,1.2356552008450998,3.117505995203837,32.18225419664269,Low,1,77
2007,RB,Brian Leonard,7.855985713281171,4.3343750000000005,-3.52161071328117,3.52161071328117,1.0,0.8897677516512628,14.388489208633093,40.07194244604317,Medium,0,77
2007,RB,Brandon Jackson,7.802981681498915,4.690625,-3.112356681498915,3.112356681498915,1.0,0.8410515913538636,18.705035971223023,43.093525179856115,Medium,0,77
2007,RB,Lorenzo Booker,7.301617445324322,2.39375,-4.907867445324322,4.907867445324322,0.974025974025974,0.6444143430223328,57.55395683453237,69.50854900495187,Medium,0,77
2007,RB,Tony Hunt,8.14903029207031,0.709375,-7.439655292070311,7.439655292070311,0.935064935064935,0.798617140189708,23.021582733812952,44.16705596561711,Medium,0,77
2007,RB,Garrett Wolfe,9.287128369758577,1.575,-7.7121283697585765,7.7121283697585765,1.0,1.1745827349220197,4.07673860911271,32.853717026378895,Low,1,77
2007,RB,Michael Bush,6.951799490248968,6.056875,-0.8949244902489681,0.8949244902489681,0.922077922077922,0.9122044004033686,12.949640287769784,36.72708586377651,Medium,0,77
2007,RB,Antonio Pittman,6.124081771544967,2.4625000000000004,-3.6615817715449666,3.6615817715449666,1.0,0.48545603912127316,89.92805755395683,92.94964028776978,High,0,77
2007,RB,Dwayne Wright,2.895683212774532,0.378125,-2.517558212774532,2.517558212774532,1.0,0.9310800563817633,11.750599520383693,38.225419664268586,Medium,0,77
2007,RB,Le'Ron McClain,3.999398942704896,7.846875,3.8474760572951037,3.8474760572951037,1.0,0.7730871074833473,27.81774580335731,49.47242206235012,Medium,0,77
2007,RB,Kolby Smith,4.888256910444239,3.771875,-1.1163819104442392,1.1163819104442392,1.0,0.7757121752511917,27.098321342925658,48.96882494004796,Medium,0,77
2007,RB,Oren O'Neal,0.7304873544970416,0.034375,-0.6961123544970416,0.6961123544970416,0.6363636363636364,0.7541382438281836,31.17505995203837,40.91345105733595,Low,1,77
2007,RB,Reagan Maui'a,2.368657099183356,0.09375,-2.274907099183356,2.274907099183356,0.8441558441558441,1.3227981816858705,2.3980815347721824,27.00333239901585,Low,1,77
2007,RB,Thomas Clayton,1.948182483117865,0.0,-1.948182483117865,1.948182483117865,0.987012987012987,0.782790153231282,25.65947242206235,47.57202030583325,Medium,0,77
2007,RB,Deon Anderson,1.4530205633063458,0.640625,-0.8123955633063458,0.8123955633063458,1.0,0.7964265344356668,23.980815347721823,46.78657074340528,Medium,0,77
2007,RB,Justise Hairston,-2.23123131424774,0.0,2.23123131424774,2.23123131424774,0.7792207792207793,1.0680337008144825,6.954436450839328,28.244728892210908,Low,1,77
2007,RB,DeShawn Wynn,3.585642909509196,2.6125,-0.9731429095091961,0.9731429095091961,0.961038961038961,0.6364734937082505,61.39088729016786,71.80478993428633,High,0,77
2007,RB,Nate Ilaoa,0.3196763128072422,0.0,-0.3196763128072422,0.3196763128072422,0.987012987012987,1.023624254278827,7.434052757793765,34.81422654084524,Low,1,77
2007,RB,Jason Snelling,0.8987195789603233,5.259375,4.360655421039677,4.360655421039677,0.987012987012987,0.753505084199201,31.414868105515588,51.60079728425052,Medium,0,77
2007,RB,Kenneth Darby,1.5538892202061767,2.8781250000000003,1.3242357797938236,1.3242357797938236,1.0,0.7173766280457528,39.08872901678657,57.3621103117506,Medium,0,77
2007,RB,Ahmad Bradshaw,3.572843288830199,6.69375,3.1209067111698006,3.1209067111698006,0.987012987012987,0.8319632506877825,20.623501199040767,44.04684044971815,Medium,0,77
2008,RB,Darren McFadden,11.885201209664686,12.4,0.5147987903353144,0.5147987903353144,0.961038961038961,0.6473584092040454,55.39568345323741,67.60814724843502,Medium,0,77
2008,RB,Jonathan Stewart,11.445164735964871,11.29375,-0.1514147359648721,0.1514147359648721,0.974025974025974,0.6887010058349746,45.08393285371702,60.779532218381135,Medium,0,77
2008,RB,Felix Jones,10.762646761850842,9.325,-1.4376467618508428,1.4376467618508428,0.987012987012987,0.6567681023927056,52.99760191846523,66.70871095331526,Medium,0,77
2008,RB,Rashard Mendenhall,10.2265706350252,13.903125,3.6765543649748,3.6765543649748,0.987012987012987,0.6225889910471919,63.78896882494005,74.26266778784763,High,0,77
2008,RB,Chris Johnson,11.70432990309349,20.80625,9.10192009690651,9.10192009690651,0.961038961038961,0.6813184005776177,46.52278177458034,61.39711607337507,Medium,0,77
2008,RB,Matt Forte,4.071243786693197,17.815625,13.744381213306804,13.744381213306804,1.0,0.6714744168469309,48.6810551558753,64.07673860911271,Medium,0,77
2008,RB,Ray Rice,6.218400868545402,18.771875,12.5534741314546,12.5534741314546,0.2597402597402597,0.4664244615774747,92.32613908872902,72.4205051543181,Low,1,77
2008,RB,Kevin Smith,4.815368215615839,12.271875,7.45650678438416,7.45650678438416,0.987012987012987,0.9067023202145956,13.189448441247004,38.84300351926251,Medium,0,77
2008,RB,Jacob Hester,2.62663915866853,2.784375,0.15773584133147,0.15773584133147,1.0,0.7868591246690476,25.41966426858513,47.793764988009585,Medium,0,77
2008,RB,Jamaal Charles,4.91524357466836,16.13125,11.216006425331642,11.216006425331642,0.987012987012987,0.5567927278241397,77.93764988009593,84.16674452645675,High,0,77
2008,RB,Steve Slaton,4.550135946664845,13.540625,8.990489053335155,8.990489053335155,0.974025974025974,0.6731309926264867,47.721822541966425,62.626055000155716,Medium,0,77
2008,RB,Tashard Choice,4.525799217019769,5.68125,1.155450782980231,1.155450782980231,0.987012987012987,0.7084568532827513,41.726618705035975,58.81902270391478,Medium,0,77
2008,RB,Ryan Torain,5.377816419695273,4.7375,-0.6403164196952735,0.6403164196952735,0.974025974025974,0.8568792764462778,16.546762589928058,40.80351303372886,Medium,0,77
2008,RB,Jerome Felton,2.745626578877795,1.5593750000000002,-1.186251578877795,1.186251578877795,0.2597402597402597,0.4293917185436259,94.24460431654677,73.76343081379052,Low,1,77
2008,RB,Tim Hightower,3.12073807292872,11.296875,8.17613692707128,8.17613692707128,0.1038961038961039,0.14839691922823445,98.56115107913669,72.1096888722788,Low,1,77
2008,RB,Owen Schmitt,3.234042347388624,1.646875,-1.587167347388624,1.587167347388624,0.935064935064935,0.7020662585781677,42.92565947242206,58.099909682643485,Medium,0,77
2008,RB,Marcus Thomas,1.8411459383501367,0.0,-1.8411459383501367,1.8411459383501367,0.974025974025974,0.668382309093995,49.40047961630695,63.801114952194084,Medium,0,77
2008,RB,Thomas Brown,3.59378786126713,0.0,-3.59378786126713,3.59378786126713,0.987012987012987,0.5578549798696855,77.45803357314148,83.83101311158863,High,0,77
2008,RB,Jalen Parmele,3.2007962777301486,0.1375,-3.0632962777301485,3.0632962777301485,1.0,0.48127029224920265,90.64748201438849,93.45323741007194,High,0,77
2008,RB,Xavier Omon,3.941521590773708,0.084375,-3.857146590773708,3.857146590773708,0.23376623376623376,0.28303881723453583,97.12230215827337,74.99859852377837,Low,1,77
2008,RB,Mike Hart,1.92272295320818,1.7625,-0.16022295320818003,0.16022295320818003,0.974025974025974,0.640154243712737,59.71223021582733,71.01934037185835,High,0,77
2008,RB,Lex Hilliard,2.7767596798646474,2.0,-0.7767596798646474,0.7767596798646474,0.24675324675324675,0.2645432720818019,97.3621103117506,75.55607462082283,Low,1,77
2008,RB,Chauncey Washington,3.950264584569964,0.0875,-3.8627645845699643,3.8627645845699643,0.922077922077922,0.5310264893561143,83.21342925659472,85.91173814195396,High,0,77
2008,RB,Peyton Hillis,0.1735147781254449,12.41,12.236485221874556,12.236485221874556,0.987012987012987,1.0060993230083817,8.633093525179856,35.65355507801551,Low,1,77
2008,RB,Justin Forsett,0.4713788144944968,9.003124999999999,8.531746185505503,8.531746185505503,0.987012987012987,0.7285721633099979,35.97122302158273,54.79024572549751,Medium,0,77
2008,RB,Cory Boyd,0.8547712582658351,0.0,-0.8547712582658351,0.8547712582658351,1.0,0.7529477740570373,31.654676258992804,52.15827338129496,Medium,0,77
2008,RB,Allen Patrick,1.266901040808689,0.0,-1.266901040808689,1.266901040808689,0.922077922077922,0.6424345748846887,58.752997601918466,68.78943598368059,Medium,0,77
2009,RB,Knowshon Moreno,11.204151949334545,12.065625,0.861473050665456,0.861473050665456,1.0,0.6917074033299698,44.84412470023981,61.39088729016787,Medium,0,77
2009,RB,Donald Brown,11.015872850427993,6.915625,-4.1002478504279924,4.1002478504279924,0.987012987012987,0.7374096630294481,34.53237410071942,53.78305148089321,Medium,0,77
2009,RB,Beanie Wells,12.470954334090784,9.984375,-2.4865793340907842,2.4865793340907842,0.23376623376623376,0.6221792350453217,64.26858513189448,52.00099660531315,Low,1,77
2009,RB,LeSean McCoy,7.111779766278959,19.55,12.438220233721042,12.438220233721042,0.922077922077922,0.6789609381360872,46.76258992805755,60.396150611977944,Medium,0,77
2009,RB,Shonn Greene,7.148634317244476,9.534375,2.3857406827555243,2.3857406827555243,1.0,0.8408920748862976,18.94484412470024,43.26139088729017,Medium,0,77
2009,RB,Glen Coffee,6.801938103977689,1.475,-5.326938103977689,5.326938103977689,1.0,0.6834545600627085,46.043165467625904,62.23021582733813,Medium,0,77
2009,RB,Mike Goodson,6.094382206143751,4.26875,-1.8256322061437515,1.8256322061437515,1.0,0.5527709233921915,78.41726618705036,84.89208633093526,High,0,77
2009,RB,Tony Fiammetta,3.615979570731069,0.559375,-3.0566045707310687,3.0566045707310687,1.0,1.1257536670136918,5.995203836930456,34.196642685851316,Low,1,77
2009,RB,Andre Brown,5.884393316006605,0.0,-5.884393316006605,5.884393316006605,1.0,0.7090078339422541,41.247002398081534,58.87290167865707,Medium,0,77
2009,RB,Gartrell Johnson,4.397591965598398,0.359375,-4.038216965598398,4.038216965598398,0.8961038961038961,0.6595363532698509,51.3189448441247,62.806378274004175,Medium,0,77
2009,RB,Quinn Johnson,2.96596423468207,0.3625,-2.60346423468207,2.60346423468207,0.974025974025974,1.4254557526667795,2.158273381294964,30.731570587685695,Low,1,77
2009,RB,Frank Summers,2.9883651700895024,0.0,-2.9883651700895024,2.9883651700895024,0.8441558441558441,0.6451238072168792,56.83453237410072,65.10884798654583,Medium,0,77
2009,RB,Javon Ringer,4.078086280412984,3.640625,-0.43746128041298427,0.43746128041298427,1.0,0.6009148160747653,67.62589928057554,77.33812949640287,High,0,77
2009,RB,Cedric Peerman,4.355776428512063,0.115625,-4.240151428512063,4.240151428512063,1.0,0.7716022678007823,28.297362110311752,49.80815347721823,Medium,0,77
2009,RB,Aaron Brown,4.105304387067667,1.7125,-2.392804387067667,2.392804387067667,0.8441558441558441,0.51521364913011,85.37170263788968,85.0848671711981,High,0,77
2009,RB,James Davis,4.35658122864763,0.640625,-3.71595622864763,3.71595622864763,1.0,0.5006134539394675,88.48920863309353,91.94244604316546,High,0,77
2009,RB,Bernard Scott,3.300202740902571,3.928125000000001,0.62792225909743,0.62792225909743,0.2597402597402597,0.3762923335585523,95.68345323741008,74.77062505839484,Low,1,77
2009,RB,Chris Ogbonnaya,3.658485532826913,2.66875,-0.9897355328269128,0.9897355328269128,1.0,0.7196353574809122,38.36930455635492,56.858513189448445,Medium,0,77
2009,RB,Javarris Williams,3.129677399313084,0.01875,-3.110927399313084,3.110927399313084,0.23376623376623376,0.28447253612470147,96.88249400479616,74.83073281634432,Low,1,77
2009,RB,Fui Vakapuna,2.124779381567889,0.0,-2.124779381567889,2.124779381567889,0.8441558441558441,0.64703115702389,56.11510791366906,64.60525086424366,Medium,0,77
2009,RB,Eddie Williams,3.645356087813578,0.090625,-3.5547310878135776,3.5547310878135776,0.935064935064935,1.6084398869529903,0.9592326139088728,28.72341088168426,Low,1,77
2009,RB,LaRod Stephens-Howling,3.5700266867443102,3.796875,0.22684831325568977,0.22684831325568977,0.8441558441558441,0.6293668896368239,62.589928057553955,69.1376249649631,Medium,0,77
2009,RB,Rashad Jennings,1.2401870663204282,5.328125,4.087937933679572,4.087937933679572,0.7922077922077922,0.940695318217481,11.510791366906476,31.823787723068296,Low,0,77
2010,RB,C.J. Spiller,12.542396077413011,12.915625,0.37322892258698914,0.37322892258698914,0.935064935064935,0.6418913731604408,58.992805755395686,69.34691208072503,Medium,0,77
2010,RB,Ryan Mathews,12.125026623360396,11.76875,-0.35627662336039556,0.35627662336039556,1.0,0.6833963172623092,46.28297362110312,62.39808153477218,Medium,0,77
2010,RB,Jahvid Best,12.924873886000592,9.678124999999998,-3.246748886000594,3.246748886000594,1.0,0.6878362753376221,45.563549160671464,61.89448441247002,Medium,0,77
2010,RB,Toby Gerhart,9.672279493150947,5.90625,-3.7660294931509473,3.7660294931509473,1.0,0.7904035796352262,24.940047961630697,47.458033573141485,Medium,0,77
2010,RB,Ben Tate,7.434923778786464,5.9,-1.5349237787864638,1.5349237787864638,1.0,0.7266512679704987,36.69064748201439,55.68345323741008,Medium,0,77
2010,RB,Montario Hardesty,7.010933016990143,2.796875,-4.214058016990143,4.214058016990143,1.0,0.7768355019634664,26.378896882494008,48.465227817745806,Medium,0,77
2010,RB,Joe McKnight,4.901191845055773,2.28125,-2.6199418450557728,2.6199418450557728,0.974025974025974,0.4384034656201095,93.76498800959233,94.85627082749384,High,0,77
2010,RB,John Conner,4.3045207562252505,0.8312499999999999,-3.4732707562252507,3.4732707562252507,1.0,0.960210776261151,10.071942446043165,37.05035971223022,Low,1,77
2010,RB,Anthony Dixon,2.670934593351661,2.003125,-0.6678095933516612,0.6678095933516612,1.0,0.6069618448815665,65.94724220623502,76.1630695443645,High,0,77
2010,RB,Dennis Morris,1.9586703186540235,0.0,-1.9586703186540235,1.9586703186540235,0.8831168831168831,1.4314418778025946,1.6786570743405276,27.668566445544865,Low,1,77
2010,RB,Deji Karim,2.6104804899317564,1.84375,-0.7667304899317564,0.7667304899317564,0.1038961038961039,0.11393194984490548,99.52038369304557,72.78115170201501,Low,1,77
2010,RB,Jonathan Dwyer,1.3144118580552555,3.5250000000000004,2.210588141944745,2.210588141944745,1.0,0.7880450015227043,25.179856115107913,47.62589928057554,Medium,0,77
2010,RB,James Starks,2.259320323124161,4.71875,2.459429676875839,2.459429676875839,1.0,0.9452197576551736,11.031175059952037,37.721822541966425,Medium,0,77
2010,RB,Charles Scott,0.5425024614647174,0.0,-0.5425024614647174,0.5425024614647174,0.987012987012987,0.7597999576978012,30.215827338129497,50.76146874708026,Medium,0,77
2010,RB,Ryan D'Imperio,1.8536033975667687,0.084375,-1.7692283975667686,1.7692283975667686,0.1038961038961039,0.11073269238739183,99.76019184652279,72.94901740944906,Low,1,77
2011,RB,Mark Ingram,12.057847282037493,6.371874999999999,-5.685972282037493,5.685972282037493,1.0,0.6774190587721527,47.24220623501199,63.069544364508396,Medium,0,77
2011,RB,Ryan Williams,7.644599779214349,0.74375,-6.900849779214349,6.900849779214349,1.0,0.839188502266327,19.424460431654676,43.59712230215827,Medium,0,77
2011,RB,Shane Vereen,7.106918356690711,6.390625,-0.716293356690711,0.716293356690711,1.0,0.5752111119341407,73.38129496402878,81.36690647482015,High,0,77
2011,RB,Mikel Leshoure,7.365532534404968,5.753125000000001,-1.6124075344049675,1.6124075344049675,1.0,0.6920871552228153,44.60431654676259,61.22302158273381,Medium,0,77
2011,RB,Daniel Thomas,6.421962513437379,5.65625,-0.7657125134373786,0.7657125134373786,0.935064935064935,0.6533476560673772,53.956834532374096,65.82173222460992,Medium,0,77
2011,RB,DeMarco Murray,6.524864994715426,12.640625,6.115760005284574,6.115760005284574,1.0,0.5949331973756534,68.82494004796163,78.17745803357315,High,0,77
2011,RB,Stevan Ridley,5.957480380343153,10.403125,4.445644619656846,4.445644619656846,1.0,0.9019836561755767,13.42925659472422,39.40047961630695,Medium,0,77
2011,RB,Alex Green,5.363371859357644,2.6,-2.7633718593576435,2.7633718593576435,1.0,0.8223428440682264,21.34292565947242,44.9400479616307,Medium,0,77
2011,RB,Roy Helu,4.304346620400064,8.512500000000001,4.208153379599937,4.208153379599937,1.0,0.6570061367178683,52.757793764988016,66.93045563549161,Medium,0,77
2011,RB,Kendall Hunter,5.141940914007826,4.965624999999999,-0.17631591400782654,0.17631591400782654,1.0,0.5369430965007114,82.25419664268586,87.57793764988008,High,0,77
2011,RB,Delone Carter,2.4617326264724246,2.59375,0.13201737352757537,0.13201737352757537,1.0,0.7189621128160968,38.60911270983213,57.02637889688249,Medium,0,77
2011,RB,Owen Marecic,4.312999088921042,0.278125,-4.0348740889210415,4.0348740889210415,1.0,0.953797125987494,10.551558752997602,37.38609112709832,Medium,0,77
2011,RB,Taiwan Jones,5.747940993649465,0.675,-5.072940993649465,5.072940993649465,0.19480519480519481,0.4012611651989667,94.96402877697841,72.31897598804073,Low,1,77
2011,RB,Bilal Powell,4.2188973592915975,7.462499999999999,3.243602640708401,3.243602640708401,0.935064935064935,0.5035155223565967,88.00959232613909,89.6586626802454,High,0,77
2011,RB,Jamie Harper,3.386494408186953,1.2,-2.1864944081869533,2.1864944081869533,1.0,0.7261063896858059,37.170263788968825,56.01918465227818,Medium,0,77
2011,RB,Johnny White,4.14334646869011,0.246875,-3.89647146869011,3.89647146869011,0.987012987012987,0.48108554767105416,90.88729016786571,93.2314927278956,High,0,77
2011,RB,Anthony Sherman,0.5425383495874643,1.665625,1.1230866504125356,1.1230866504125356,1.0,0.9697663465487054,9.59232613908873,36.71462829736211,Low,1,77
2011,RB,Jacquizz Rodgers,4.200880098579073,8.834375,4.633494901420927,4.633494901420927,0.987012987012987,0.8219120293739014,21.58273381294964,44.718303279454354,Medium,0,77
2011,RB,Dion Lewis,5.030568176637385,1.06875,-3.9618181766373852,3.9618181766373852,1.0,0.774548139395378,27.577937649880095,49.304556354916066,Medium,0,77
2011,RB,Evan Royster,1.3268809962981312,2.978125,1.6512440037018687,1.6512440037018687,1.0,0.4970271329116174,89.20863309352518,92.44604316546761,High,0,77
2011,RB,Jordan Todman,2.208463250873036,2.21875,0.010286749126963812,0.010286749126963812,1.0,0.6223899777435674,64.02877697841727,74.82014388489208,High,0,77
2011,RB,Allen Bradford,3.142649640422553,0.040625,-3.102024640422553,3.102024640422553,1.0,0.8132850938239156,21.822541966426858,45.275779376498804,Medium,0,77
2011,RB,Shaun Chapas,-0.4495780143214543,0.109375,0.5589530143214543,0.5589530143214543,1.0,0.7568346425437128,30.69544364508393,51.48681055155875,Medium,0,77
2011,RB,Da'Rel Scott,0.7854236745071754,1.16875,0.3833263254928245,0.3833263254928245,1.0,1.0717725907502156,6.71462829736211,34.700239808153476,Low,1,77
2011,RB,Shane Bannon,1.9312385723099936,0.0,-1.9312385723099936,1.9312385723099936,0.1038961038961039,0.12611053198249642,99.04076738609112,72.44542028714689,Low,1,77
2011,RB,Anthony Allen,1.6063650215433316,0.503125,-1.1032400215433316,1.1032400215433316,1.0,0.9616604060829953,9.832134292565947,36.882494004796165,Low,1,77
2011,RB,Baron Batch,1.0958362137303774,0.5625,-0.5333362137303774,0.5333362137303774,0.8441558441558441,0.6076473062871394,65.70743405275779,71.31987916160577,High,0,77
2011,RB,Stanley Havili,2.336778298977911,1.78125,-0.5555282989779111,0.5555282989779111,0.922077922077922,0.771077963805687,28.53717026378897,47.638356846989936,Medium,0,77
2011,RB,Jay Finley,-0.3874196444687638,0.0,0.3874196444687638,0.3874196444687638,0.8441558441558441,0.6475573164964022,55.15587529976019,63.93378803450746,Medium,0,77
2012,RB,Trent Richardson,13.142225890431082,12.4875,-0.6547258904310809,0.6547258904310809,0.922077922077922,0.604483331654058,67.14628297362111,74.66473574387244,High,0,77
2012,RB,Doug Martin,10.262962841412268,12.2625,1.9995371585877315,1.9995371585877315,1.0,0.6709140463204517,48.92086330935252,64.24460431654677,Medium,0,77
2012,RB,David Wilson,9.3245341056003,3.01875,-6.3057841056003,6.3057841056003,0.987012987012987,0.7478667992900785,32.37410071942446,52.27226011398673,Medium,0,77
2012,RB,Isaiah Pead,9.430107213586355,1.028125,-8.401982213586356,8.401982213586356,0.987012987012987,0.5599606933350872,76.49880095923261,83.15955028185243,High,0,77
2012,RB,LaMichael James,8.624846766659678,0.871875,-7.752971766659678,7.752971766659678,1.0,0.6412188945705137,59.2326139088729,71.46282973621103,High,0,77
2012,RB,Ronnie Hillman,7.685748393339868,4.859375,-2.8263733933398676,2.8263733933398676,0.948051948051948,0.7124620668453646,40.52757793764988,56.810862997913354,Medium,0,77
2012,RB,Bernard Pierce,5.7669265343675065,4.903124999999999,-0.8638015343675072,0.8638015343675072,1.0,0.6309975530985926,62.11031175059952,73.47721822541966,High,0,77
2012,RB,Lamar Miller,5.454487848952718,10.915625000000002,5.461137151047284,5.461137151047284,0.935064935064935,0.707096245881683,41.96642685851319,57.42844685290728,Medium,0,77
2012,RB,Robert Turbin,4.582772501222275,4.628125,0.04535249877772518,0.04535249877772518,1.0,0.7266457631387807,36.930455635491604,55.851318944844124,Medium,0,77
2012,RB,Rhett Ellison,2.960757547500235,2.028125,-0.9326325475002348,0.9326325475002348,0.8571428571428571,1.6788093433055473,0.4796163069544364,26.05001712915382,Low,1,77
2012,RB,Bradie Ewing,1.747660014521677,0.153125,-1.594535014521677,1.594535014521677,1.0,1.1706247466786341,4.316546762589928,33.02158273381295,Low,1,77
2012,RB,Chris Rainey,5.287587186301091,1.25625,-4.031337186301091,4.031337186301091,1.0,1.2697872103516776,2.6378896882494005,31.84652278177458,Low,1,77
2012,RB,Vick Ballard,2.748676089834809,4.325000000000001,1.576323910165192,1.576323910165192,1.0,0.5632190662431806,76.2589928057554,83.38129496402877,High,0,77
2012,RB,Alfred Morris,1.62403064446669,13.746875,12.12284435553331,12.12284435553331,1.0,0.7135891204938423,40.04796163069545,58.03357314148681,Medium,0,77
2012,RB,Cyrus Gray,3.512532471721852,0.721875,-2.790657471721852,2.790657471721852,0.987012987012987,0.5078778960127608,87.76978417266187,91.04923853125291,High,0,77
2012,RB,Dan Herron,1.63191258140921,2.66875,1.0368374185907903,1.0368374185907903,1.0,0.6956469476730507,43.4052757793765,60.38369304556355,Medium,0,77
2012,RB,Terrance Ganaway,1.4237736732494943,0.0,-1.4237736732494943,1.4237736732494943,0.987012987012987,0.6750636699369595,47.482014388489205,62.84779968233205,Medium,0,77
2012,RB,Michael Smith,0.3022321057755095,0.0,-0.3022321057755095,0.3022321057755095,0.8441558441558441,1.2697594504063414,2.877697841726619,27.339063813883953,Low,1,77
2012,RB,Bryce Brown,2.121693736117224,4.8375,2.7158062638827762,2.7158062638827762,0.6363636363636364,0.7603387517721598,29.97601918465228,40.07412252016569,Low,1,77
2012,RB,Edwin Baker,1.7831608842986593,1.34375,-0.43941088429865927,0.43941088429865927,1.0,0.6447671500099873,57.31414868105516,70.1199040767386,High,0,77
2012,RB,Daryl Richardson,1.3390385811166956,4.168749999999999,2.8297114188833037,2.8297114188833037,0.1038961038961039,0.14265590061687505,98.8009592326139,72.27755457971284,Low,1,77
2013,RB,Giovani Bernard,8.407982523180324,12.8375,4.429517476819676,4.429517476819676,1.0,0.7177574610043848,38.84892086330935,57.194244604316545,Medium,0,77
2013,RB,Le'Veon Bell,7.583153600413349,18.35625,10.77309639958665,10.77309639958665,1.0,0.640762534739041,59.47242206235012,71.63069544364508,High,0,77
2013,RB,Montee Ball,7.133105831305537,4.525,-2.6081058313055365,2.6081058313055365,1.0,0.610142816407546,65.46762589928058,75.82733812949641,High,0,77
2013,RB,Eddie Lacy,6.8459611185179785,16.096875,9.250913881482022,9.250913881482022,0.922077922077922,0.5105684743158584,87.05035971223022,88.5975894608988,High,0,77
2013,RB,Christine Michael,5.031182157831826,1.5187499999999998,-3.5124321578318263,3.5124321578318263,1.0,0.6399984739046888,59.95203836930456,71.96642685851319,High,0,77
2013,RB,Knile Davis,6.6575123249703605,5.990625,-0.6668873249703609,0.6668873249703609,1.0,0.8118171096893301,22.062350119904075,45.44364508393285,Medium,0,77
2013,RB,Johnathan Franklin,4.176709551049225,0.6781250000000001,-3.4985845510492246,3.4985845510492246,1.0,0.5313456651528872,82.73381294964028,87.91366906474819,High,0,77
2013,RB,Kyle Juszczyk,3.6351019642360174,4.26875,0.6336480357639824,0.6336480357639824,0.1038961038961039,0.16874052600872524,98.32134292565947,71.94182316484473,Low,1,77
2013,RB,Marcus Lattimore,4.103354169897195,0.0,-4.103354169897195,4.103354169897195,0.922077922077922,0.5588269512473597,76.97841726618705,81.5472297486686,High,0,77
2013,RB,Stepfan Taylor,3.749718685312379,2.8843750000000004,-0.8653436853123786,0.8653436853123786,1.0,0.6180208287630805,64.74820143884892,75.32374100719424,High,0,77
2013,RB,Joseph Randle,3.290605158644685,4.021875,0.7312698413553145,0.7312698413553145,0.961038961038961,0.4944047233483243,89.44844124700239,91.4450777040705,High,0,77
2013,RB,Chris Thompson,2.962615334396613,3.3906250000000004,0.4280096656033874,0.4280096656033874,0.935064935064935,0.577196760111076,72.90167865707434,79.08312311190008,High,0,77
2013,RB,Zac Stacy,3.4775789219552657,7.746875,4.269296078044734,4.269296078044734,1.0,0.5527454429038137,78.65707434052757,85.05995203836929,High,0,77
2013,RB,Mike Gillislee,3.420246736820717,1.678125,-1.742121736820717,1.742121736820717,1.0,0.7312775019290989,35.25179856115108,54.67625899280576,Medium,0,77
2013,RB,Latavius Murray,1.2776881846766228,9.078125,7.800436815323377,7.800436815323377,0.8441558441558441,0.6380701183482114,61.15107913669065,68.13043072035877,Medium,0,77
2013,RB,Kenjon Barner,2.6294466318695493,0.78125,-1.8481966318695493,1.8481966318695493,1.0,0.569865380448363,74.58033573141488,82.2062350119904,High,0,77
2013,RB,Andre Ellington,2.2478889778399487,10.7125,8.464611022160051,8.464611022160051,0.961038961038961,0.4830626809532538,90.16786570743405,91.94867482637267,High,0,77
2013,RB,Mike James,3.0099763610405743,1.6275000000000002,-1.3824763610405741,1.3824763610405741,0.987012987012987,0.583675596071769,71.70263788968825,79.80223613317138,High,0,77
2013,RB,Rex Burkhead,0.983530155675302,1.3875000000000002,0.4039698443246982,0.4039698443246982,1.0,0.5931429810008231,69.30455635491607,78.51318944844124,High,0,77
2013,RB,Spencer Ware,3.438119807069395,2.61875,-0.8193698070693949,0.8193698070693949,0.922077922077922,0.5581077292623584,77.21822541966426,81.71509545610265,High,0,77
2013,RB,Theo Riddick,2.766351876312531,8.553125000000001,5.78677312368747,5.78677312368747,0.961038961038961,0.8477575375790616,17.985611510791365,41.421096888722786,Medium,0,77
2013,RB,Tommy Bohanon,-0.2671001975523164,1.059375,1.3264751975523164,1.3264751975523164,1.0,0.9547569360508124,10.311750599520384,37.218225419664265,Medium,0,77
2013,RB,Jawan Jamison,2.747788264164104,0.0,-2.747788264164104,2.747788264164104,0.974025974025974,0.8452181813433505,18.465227817745802,42.14643869320128,Medium,0,77
2013,RB,Kerwynn Williams,2.124395303313472,1.546875,-0.5775203033134719,0.5775203033134719,1.0,0.6426829292873564,58.033573141486805,70.62350119904076,High,0,77
2013,RB,Michael Cox,0.62699802944129,0.459375,-0.16762302944129004,0.16762302944129004,0.7662337662337663,1.1509394321909305,4.796163069544365,26.344327135694044,Low,1,77
2014,RB,Bishop Sankey,7.235467068802311,4.85625,-2.379217068802311,2.379217068802311,1.0,0.7124922625013478,40.28776978417266,58.20143884892086,Medium,0,77
2014,RB,Jeremy Hill,6.968361991807653,12.099999999999998,5.131638008192345,5.131638008192345,0.974025974025974,0.7140571450258137,39.568345323741006,56.918620947397926,Medium,0,77
2014,RB,Carlos Hyde,6.613087285234911,8.54375,1.9306627147650879,1.9306627147650879,0.974025974025974,0.5818037163337063,72.42206235011992,79.91622286586316,High,0,77
2014,RB,Charles Sims,6.379061868193723,7.746874999999999,1.367813131806276,1.367813131806276,1.0,0.565141629911784,76.01918465227818,83.21342925659474,High,0,77
2014,RB,Tre Mason,6.175353954719154,5.8375,-0.33785395471915347,0.33785395471915347,0.974025974025974,0.558950427356492,76.73860911270984,82.9378055996761,High,0,77
2014,RB,Terrance West,6.638917443306077,8.865625,2.2267075566939223,2.2267075566939223,0.23376623376623376,0.41411079860118843,94.48441247002398,73.1520757420038,Low,1,77
2014,RB,Jerick McKinnon,6.273646415379746,7.584375,1.3107285846202537,1.3107285846202537,0.2597402597402597,0.552268145361391,78.8968824940048,63.02002553801115,Low,1,77
2014,RB,Devonta Freeman,4.752581177832767,18.765625,14.013043822167234,14.013043822167234,0.987012987012987,0.5146624394218244,86.09112709832134,89.87417857921454,High,0,77
2014,RB,Andre Williams,4.2650576692475415,5.640625,1.3755673307524585,1.3755673307524585,0.987012987012987,0.8277543224189662,20.863309352517987,44.21470615715219,Medium,0,77
2014,RB,Ka'Deem Carey,4.452941241950205,1.978125,-2.474816241950205,2.474816241950205,1.0,0.5929384060197145,69.54436450839329,78.6810551558753,High,0,77
2014,RB,De'Anthony Thomas,4.8843384046583465,3.3843750000000004,-1.499963404658346,1.499963404658346,0.974025974025974,0.7967721378575205,23.741007194244602,45.83948425675044,Medium,0,77
2014,RB,James White,3.382273159972484,8.884375,5.502101840027517,5.502101840027517,1.0,0.46195464591300883,92.56594724220624,94.79616306954436,High,0,77
2014,RB,Lorenzo Taliaferro,3.805196218122692,2.7875,-1.0176962181226918,1.0176962181226918,0.2597402597402597,0.23806974309483797,97.60191846522783,76.11355071786727,Low,1,77
2014,RB,Alfred Blue,2.200779064773923,6.7125,4.511720935226077,4.511720935226077,1.0,0.7268040759452248,36.21103117505996,55.34772182254197,Medium,0,77
2014,RB,Lache Seastrunk,2.6677176563419924,0.0,-2.6677176563419924,2.6677176563419924,0.8961038961038961,0.8613310216910325,16.06714628297362,38.13011928119842,Medium,0,77
2014,RB,Marion Grice,2.943168843350729,0.625,-2.318168843350729,2.318168843350729,0.922077922077922,0.7056742957947775,42.20623501199041,57.20670217073095,Medium,0,77
2014,RB,Tyler Gaffney,2.219948390280866,0.0,-2.219948390280866,2.219948390280866,0.987012987012987,0.6576851705903162,52.038369304556355,66.03724812357905,Medium,0,77
2014,RB,Jay Prosch,1.1094782632154745,0.2093749999999999,-0.9001032632154746,0.9001032632154746,0.8441558441558441,0.8736223371855603,15.347721822541965,36.0680806004547,Medium,0,77
2014,RB,Storm Johnson,1.330579848922712,0.6625,-0.6680798489227121,0.6680798489227121,0.974025974025974,0.7774845361834724,26.139088729016784,47.51814133109097,Medium,0,77
2014,RB,Kiero Small,1.5535708128962948,0.0,-1.5535708128962948,1.5535708128962948,0.7662337662337663,1.160909362828643,4.556354916067146,26.17646142825999,Low,1,77
2014,RB,Trey Millard,1.5524856519849843,0.0,-1.5524856519849843,1.5524856519849843,0.922077922077922,0.6451116491660016,57.07434052757794,67.61437603164222,Medium,0,77
2015,RB,Todd Gurley,10.80573281870046,18.490625,7.684892181299542,7.684892181299542,0.935064935064935,0.6716030546335998,48.201438848920866,61.79295524619265,Medium,0,77
2015,RB,Melvin Gordon,9.818533607931585,16.834375,7.015841392068417,7.015841392068417,1.0,1.0233377353318276,7.673860911270983,35.37170263788969,Low,1,77
2015,RB,T.J. Yeldon,7.082214491657174,9.175,2.0927855083428266,2.0927855083428266,1.0,0.5410890120107158,80.57553956834532,86.40287769784172,High,0,77
2015,RB,Ameer Abdullah,5.612734705979642,7.543749999999999,1.9310152940203569,1.9310152940203569,1.0,0.7217603460698367,37.88968824940048,56.52278177458034,Medium,0,77
2015,RB,Tevin Coleman,6.945401438623891,11.2125,4.267098561376109,4.267098561376109,0.935064935064935,0.6363978358687358,61.63069544364509,71.19343486249961,High,0,77
2015,RB,Duke Johnson,8.095136256015907,11.8875,3.792363743984092,3.792363743984092,0.961038961038961,0.5768966312883359,73.14148681055156,80.03020959855492,High,0,77
2015,RB,David Johnson,5.698153286196471,19.55,13.851846713803528,13.851846713803528,0.2597402597402597,0.5259101129635549,83.69304556354916,66.37733968669221,Low,1,77
2015,RB,Matt Jones,5.237359004534962,5.928125,0.6907659954650374,0.6907659954650374,0.987012987012987,0.657625251749334,52.27817745803357,66.20511383101311,Medium,0,77
2015,RB,Jeremy Langford,5.032688638478872,6.9,1.8673113615211285,1.8673113615211285,0.987012987012987,0.5507783285838374,79.37649880095923,85.17393877106106,High,0,77
2015,RB,Jalston Fowler,2.041932958369018,0.909375,-1.132557958369018,1.132557958369018,1.0,0.8975498689900367,13.908872901678656,39.73621103117506,Medium,0,77
2015,RB,Javorius Allen,4.418106729435228,9.74375,5.325643270564773,5.325643270564773,1.0,0.7035029341791643,42.68585131894484,59.880095923261386,Medium,0,77
2015,RB,Mike Davis,2.779032020341132,2.146875,-0.6321570203411317,0.6321570203411317,1.0,0.898939055772298,13.66906474820144,39.568345323741006,Medium,0,77
2015,RB,David Cobb,3.3431784380716163,0.66875,-2.674428438071616,2.674428438071616,0.974025974025974,0.8866121312472014,14.628297362110313,39.46058737425644,Medium,0,77
2015,RB,Jay Ajayi,2.543760622953318,10.95,8.406239377046681,8.406239377046681,1.0,0.5787252354649801,72.66187050359713,80.86330935251799,High,0,77
2015,RB,Karlos Williams,3.779711697536084,3.884375,0.10466330246391609,0.10466330246391609,1.0,0.6545226311052067,53.23741007194245,67.26618705035972,Medium,0,77
2015,RB,Michael Burton,1.8640302547799263,0.61875,-1.2452802547799262,1.2452802547799262,1.0,0.7972634139405368,23.501199040767386,46.45083932853717,Medium,0,77
2015,RB,Cameron Artis-Payne,2.4453377883680467,1.9875,-0.45783778836804667,0.45783778836804667,0.974025974025974,0.7908214370890058,24.700239808153476,46.51094708648665,Medium,0,77
2015,RB,Josh Robinson,1.9383500168027976,0.35,-1.5883500168027975,1.5883500168027975,0.974025974025974,0.6885876266244411,45.32374100719424,60.94739792581519,Medium,0,77
2015,RB,Aaron Ripkowski,1.7866221038562702,1.8375,0.05087789614372973,0.05087789614372973,0.7402597402597403,1.1475048688664116,5.0359712230215825,25.73297206390731,Low,1,77
2015,RB,Marcus Murphy,1.515066733052559,0.4,-1.1150667330525588,1.1150667330525588,0.987012987012987,0.8563690002043917,16.786570743405278,41.360989130773305,Medium,0,77
2015,RB,Joey Iosefa,-0.1368102778456548,0.159375,0.2961852778456548,0.2961852778456548,1.0,0.7640424767663244,29.016786570743403,50.31175059952038,Medium,0,77
2015,RB,Kenny Hilliard,0.8971578893656709,0.0,-0.8971578893656709,0.8971578893656709,0.987012987012987,0.8497383760230164,17.505995203836928,41.86458625307546,Medium,0,77
2016,RB,Ezekiel Elliott,13.96053542795124,20.453125,6.492589572048759,6.492589572048759,0.961038961038961,0.5654977595234795,75.77937649880096,81.8767323803295,High,0,77
2016,RB,Derrick Henry,9.01865621329307,10.51125,1.49259378670693,1.49259378670693,1.0,0.9892213851383869,9.112709832134293,36.378896882494004,Low,1,77
2016,RB,Kenyan Drake,8.291310438464144,10.890625,2.5993145615358557,2.5993145615358557,1.0,0.8372631561413664,19.664268585131893,43.76498800959232,Medium,0,77
2016,RB,C.J. Prosise,7.503813366405114,2.4375000000000004,-5.066313366405113,5.066313366405113,0.961038961038961,0.6507208234346835,54.91606714628298,67.27241583356691,Medium,0,77
2016,RB,Tyler Ervin,4.758664207039603,0.609375,-4.149289207039603,4.149289207039603,0.974025974025974,0.6612479456920893,51.07913669064749,64.97617490423247,Medium,0,77
2016,RB,Kenneth Dixon,4.1630660846225975,4.9,0.7369339153774028,0.7369339153774028,1.0,0.5255617830378801,83.93285371702638,88.75299760191845,High,0,77
2016,RB,Devontae Booker,4.285318451181567,7.315625,3.030306548818433,3.030306548818433,0.935064935064935,0.6302929912267954,62.35011990407674,71.69703198480177,High,0,77
2016,RB,DeAndre Washington,3.556612976464443,5.31875,1.7621370235355567,1.7621370235355567,1.0,0.5138090655166293,86.33093525179856,90.431654676259,High,0,77
2016,RB,Paul Perkins,4.755244280336553,3.075,-1.6802442803365532,1.6802442803365532,0.974025974025974,0.38879560510592626,95.20383693045564,95.86346507209817,High,0,77
2016,RB,Jordan Howard,4.604979650390341,13.431250000000002,8.826270349609661,8.826270349609661,0.974025974025974,0.5286759105243328,83.45323741007195,87.63804540782958,High,0,77
2016,RB,Wendell Smallwood,4.087770754546858,5.378125,1.290354245453142,1.290354245453142,1.0,0.41162852835708746,94.7242206235012,96.30695443645084,High,0,77
2016,RB,Jonathan Williams,3.183305228926776,0.4218749999999999,-2.761430228926776,2.761430228926776,0.935064935064935,0.9216174676354836,12.470023980815348,36.78096483851879,Medium,0,77
2016,RB,Alex Collins,3.1362454362054986,8.737499999999999,5.6012545637945,5.6012545637945,0.974025974025974,0.5661801230052752,75.53956834532374,82.09847706250584,High,0,77
2016,RB,Andy Janovich,1.0553010382522414,1.3875,0.33219896174775854,0.33219896174775854,0.8961038961038961,0.9807295343516443,9.352517985611511,33.429879473044934,Low,1,77
2016,RB,Keenan Reynolds,1.2491060827802207,0.0,-1.2491060827802207,1.2491060827802207,0.7662337662337663,1.1438957535983494,5.515587529976019,26.8479242579962,Low,1,77
2016,RB,Dan Vitale,1.1840514103377584,0.3625,-0.8215514103377584,0.8215514103377584,1.0,1.6714422835571754,0.7194244604316548,30.503597122302157,Low,1,77
2016,RB,Derek Watt,0.1671087681924778,0.6437499999999999,0.47664123180752216,0.47664123180752216,0.8441558441558441,0.945812854418824,10.79136690647482,32.8786321592077,Low,0,77
2016,RB,Kelvin Taylor,1.8611390684747249,0.0,-1.8611390684747249,1.8611390684747249,0.974025974025974,0.5184200039615745,84.65227817745803,88.47737394499984,High,0,77
2016,RB,Darius Jackson,1.989827299383925,0.05,-1.939827299383925,1.939827299383925,0.8441558441558441,0.6399906162195885,60.19184652278178,67.45896789062256,Medium,0,77
2016,RB,Dwayne Washington,0.9215312794440624,2.0031250000000003,1.0815937205559378,1.0815937205559378,0.7662337662337663,0.6513175615705957,54.67625899280576,61.260394281977014,Medium,0,77
2016,RB,Daniel Lasco,0.5770942301385333,0.196875,-0.3802192301385333,0.3802192301385333,1.0,0.8521471089210279,17.26618705035971,42.086330935251794,Medium,0,77
2016,RB,Keith Marshall,1.1619242680082638,0.0,-1.1619242680082638,1.1619242680082638,0.948051948051948,0.7613878309332758,29.73621103117506,49.256906163380975,Medium,0,77
2016,RB,Zac Brooks,1.0053492113441471,0.0,-1.0053492113441471,1.0053492113441471,0.8441558441558441,0.6398996971484305,60.431654676258994,67.62683359805662,Medium,0,77
2017,RB,Leonard Fournette,14.266220636692289,15.3,1.033779363307712,1.033779363307712,0.935064935064935,0.7291609302780454,35.73141486810552,53.06393845962191,Medium,0,77
2017,RB,Christian McCaffrey,13.14378403196567,26.771875,13.628090968034332,13.628090968034332,1.0,0.8351240515169396,19.904076738609113,43.932853717026376,Medium,0,77
2017,RB,Dalvin Cook,9.760927876365871,13.887500000000005,4.1265721236341335,4.1265721236341335,1.0,0.6700698164293384,49.16067146282973,64.4124700239808,Medium,0,77
2017,RB,Joe Mixon,9.238830165492208,14.65,5.411169834507792,5.411169834507792,0.8441558441558441,0.6050924422794381,66.42685851318944,71.82347628390794,High,0,77
2017,RB,Alvin Kamara,7.709199774041477,21.08125,13.372050225958525,13.372050225958525,0.974025974025974,0.7242345297298651,37.410071942446045,55.40782958049145,Medium,0,77
2017,RB,Kareem Hunt,7.24440634416539,16.41875,9.174343655834608,9.174343655834608,0.974025974025974,0.5151784965044728,85.61151079136691,89.14883677473605,High,0,77
2017,RB,D'Onta Foreman,6.354158681754511,2.115625,-4.238533681754511,4.238533681754511,0.8961038961038961,0.8529675724073931,17.026378896882495,38.801582110934625,Medium,0,77
2017,RB,James Conner,7.11878490278328,13.296875,6.17809009721672,6.17809009721672,0.974025974025974,0.6579938223934545,51.798561151079134,65.47977202653462,Medium,0,77
2017,RB,Samaje Perine,4.808552488004628,3.6,-1.2085524880046283,1.2085524880046283,1.0,0.5688846228518211,74.82014388489209,82.37410071942446,High,0,77
2017,RB,Tarik Cohen,5.39517631578819,12.4325,7.03732368421181,7.03732368421181,0.23376623376623376,0.5023606730304307,88.2494004796163,68.78756734871843,Low,1,77
2017,RB,Joe Williams,4.539142201363833,0.0,-4.539142201363833,4.539142201363833,1.0,0.8273984384149475,21.103117505995204,44.77218225419664,Medium,0,77
2017,RB,Donnel Pumphrey,4.066852099644034,0.0,-4.066852099644034,4.066852099644034,0.974025974025974,0.7938119635228779,24.22062350119904,46.175215671618545,Medium,0,77
2017,RB,Jamaal Williams,4.504910214864543,9.034375,4.529464785135458,4.529464785135458,0.987012987012987,0.5880272687783603,70.9832134292566,79.29863901086922,High,0,77
2017,RB,Wayne Gallman,4.182403502108411,4.784375000000001,0.60197149789159,0.60197149789159,1.0,0.5127053124730739,86.810551558753,90.7673860911271,High,0,77
2017,RB,Marlon Mack,4.774104532965915,11.23125,6.457145467034084,6.457145467034084,0.974025974025974,0.5970413010215139,68.10551558752998,76.8946401320502,High,0,77
2017,RB,Brian Hill,4.06981299598515,2.5874999999999995,-1.4823129959851506,1.4823129959851506,1.0,0.642506648495923,58.51318944844125,70.95923261390888,High,0,77
2017,RB,Jeremy McNichols,5.203316461015882,0.0125,-5.190816461015882,5.190816461015882,0.987012987012987,0.792936624575168,24.46043165467626,46.73269176866299,Medium,0,77
2017,RB,T.J. Logan,3.790256881263104,0.475,-3.315256881263104,3.315256881263104,0.974025974025974,0.47825098836237123,91.36690647482014,93.17761375315331,High,0,77
2017,RB,Aaron Jones,3.721577592516112,15.193749999999998,11.472172407483885,11.472172407483885,1.0,0.6210505999013411,64.5083932853717,75.15587529976018,High,0,77
2017,RB,Elijah McGuire,2.3345760922641667,5.128125000000001,2.793548907735834,2.793548907735834,1.0,0.7345606226926852,35.011990407673856,54.508393285371696,Medium,0,77
2017,RB,Alex Armah,2.888722421958607,0.7718749999999999,-2.1168474219586075,2.1168474219586075,0.1038961038961039,0.10881407468190848,100.0,73.11688311688312,Low,1,77
2017,RB,De'Angelo Henderson,2.573012668865798,0.403125,-2.169887668865798,2.169887668865798,0.1038961038961039,0.16901290108567446,98.08153477218225,71.77395745741069,Low,1,77
2017,RB,Sam Rogers,1.1566084051461196,0.0,-1.1566084051461196,1.1566084051461196,1.0,0.7543303866331913,30.935251798561154,51.65467625899281,Medium,0,77
2017,RB,Brandon Wilson,0.6919685674989262,0.1875,-0.5044685674989262,0.5044685674989262,0.6363636363636364,0.9258372252069671,12.23021582733813,27.65206017004578,Low,1,77
2017,RB,Devante Mays,-0.0782701011810915,0.034375,0.1126451011810915,0.1126451011810915,0.8441558441558441,1.1917208387092884,3.597122302158273,27.842660936186114,Low,1,77
2017,RB,Marquez Williams,0.5993012977212298,0.0,-0.5993012977212298,0.5993012977212298,0.6363636363636364,1.1822351682962058,3.8369304556354913,21.776760409853935,Low,1,77
2017,RB,Khalfani Muhammad,1.659806380717345,0.0,-1.659806380717345,1.659806380717345,0.8441558441558441,0.450999721184146,93.04556354916068,90.4565698090878,High,0,77
2017,RB,Elijah Hood,1.3975338390573837,0.0,-1.3975338390573837,1.3975338390573837,0.8961038961038961,0.5717006459379025,74.10071942446042,78.75362048023918,High,0,77
2017,RB,Chris Carson,1.8800014706980552,13.562499999999998,11.682498529301943,11.682498529301943,0.974025974025974,0.7633861569787037,29.256594724220626,49.70039552773366,Medium,0,77
2017,RB,Matthew Dayes,2.2716170269211,0.25625,-2.0153670269211,2.0153670269211,0.23376623376623376,0.3862289690889548,95.44364508393285,73.82353857174,Low,1,77
2018,RB,Saquon Barkley,14.63031656827745,19.684375,5.054058431722549,5.054058431722549,0.961038961038961,0.7124490592895956,40.7673860911271,57.368339094957804,Medium,0,77
2018,RB,Rashaad Penny,12.37880419319302,4.553125,-7.82567919319302,7.82567919319302,0.974025974025974,0.6470903282892017,55.875299760191844,68.3334890529135,Medium,0,77
2018,RB,Sony Michel,8.851863775956964,9.115625,0.26376122404303537,0.26376122404303537,0.948051948051948,0.692371340016332,44.36450839328538,59.4967143168582,Medium,0,77
2018,RB,Nick Chubb,8.487616475537678,14.465625,5.978008524462322,5.978008524462322,1.0,0.6436666140240288,57.793764988009585,70.4556354916067,High,0,77
2018,RB,Ronald Jones II,8.631700154056729,11.01875,2.387049845943272,2.387049845943272,0.935064935064935,0.7993048631135526,22.781774580335732,43.99919025818306,Medium,0,77
2018,RB,Kerryon Johnson,8.338544829821059,7.0125,-1.3260448298210585,1.3260448298210585,0.961038961038961,0.5504211692977748,79.85611510791367,84.7304494067084,High,0,77
2018,RB,Derrius Guice,9.283894250655564,1.7937500000000002,-7.490144250655564,7.490144250655564,0.948051948051948,0.4773549419821193,91.60671462829735,92.56625868136659,High,0,77
2018,RB,Royce Freeman,8.221470567215592,7.609374999999999,-0.6120955672155928,0.6120955672155928,1.0,0.6291986445229049,62.829736211031175,73.98081534772183,High,0,77
2018,RB,Nyheim Hines,4.5002072210567805,11.065625,6.56541777894322,6.56541777894322,0.987012987012987,0.6535236058241678,53.71702637889688,67.21230807561743,Medium,0,77
2018,RB,Mark Walton,5.191880170281099,1.7031250000000002,-3.488755170281099,3.488755170281099,0.974025974025974,0.5922820154556303,69.7841726618705,78.06970008408857,High,0,77
2018,RB,Ito Smith,4.866302810287665,4.843750000000001,-0.02255281028766376,0.02255281028766376,0.8441558441558441,0.5722972183188709,73.86091127098321,77.02731321436356,High,0,77
2018,RB,Kalen Ballage,4.581213460243274,4.553125,-0.02808846024327405,0.02808846024327405,1.0,0.6715126774810022,48.44124700239808,63.908872901678656,Medium,0,77
2018,RB,Chase Edmonds,4.797050958634525,7.8375,3.0404490413654752,3.0404490413654752,0.2597402597402597,0.3186961634078008,96.64268585131894,75.44208788813104,Low,1,77
2018,RB,Jordan Wilkins,1.98079365395938,3.79375,1.8129563460406202,1.8129563460406202,0.948051948051948,0.5149131839522452,85.85131894484412,88.53748170294932,High,0,77
2018,RB,John Kelly,2.700587253269493,0.40625,-2.294337253269493,2.294337253269493,0.961038961038961,0.7401089036211365,33.573141486810556,52.33236787193622,Medium,0,77
2018,RB,Boston Scott,1.743779570403032,6.078125,4.334345429596968,4.334345429596968,0.8441558441558441,0.508969934824788,87.29016786570743,86.42779283067053,High,0,77
2018,RB,Trenton Cannon,2.511168986852743,1.76875,-0.7424189868527431,0.7424189868527431,0.1038961038961039,0.11768412307576974,99.28057553956835,72.61328599458095,Low,1,77
2018,RB,Bo Scarbrough,2.829935587557939,1.446875,-1.3830605875579391,1.3830605875579391,0.987012987012987,0.8651390614145832,15.827338129496402,40.68952630103709,Medium,0,77
2018,RB,Nick Bawden,-0.3213259246178959,0.178125,0.49945092461789586,0.49945092461789586,0.7792207792207793,1.0114270333108797,8.393285371702639,29.251923136815225,Low,1,77
2018,RB,Justin Jackson,1.5490981890867912,3.95,2.4009018109132088,2.4009018109132088,1.0,0.7205669899716101,38.1294964028777,56.690647482014384,Medium,0,77
2019,RB,Josh Jacobs,10.710507668064864,13.875183823529415,3.1646761554645515,3.1646761554645515,0.8831168831168831,0.7477140841161287,32.853717026378895,49.49110841197172,Medium,0,77
2019,RB,Miles Sanders,8.519976309786552,12.159375,3.639398690213449,3.639398690213449,1.0,0.6247811688965464,63.549160671462836,74.48441247002398,High,0,77
2019,RB,Darrell Henderson,9.266629006343363,8.877757352941178,-0.38887165340218566,0.38887165340218566,0.974025974025974,0.5084022486042227,87.52997601918466,90.49176243420848,High,0,77
2019,RB,David Montgomery,8.072012111965794,14.010294117647057,5.938282005681263,5.938282005681263,0.974025974025974,0.58259055066489,71.94244604316546,79.58049145099504,High,0,77
2019,RB,Devin Singletary,7.258778765425686,10.439522058823531,3.1807432933978452,3.1807432933978452,1.0,0.7298465796664049,35.4916067146283,54.8441247002398,Medium,0,77
2019,RB,Damien Harris,7.080898654982089,9.032536764705885,1.9516381097237954,1.9516381097237954,0.974025974025974,0.5905644186233118,70.50359712230215,78.57329720639072,High,0,77
2019,RB,Alexander Mattison,6.8759236512390505,6.418566176470589,-0.4573574747684619,0.4573574747684619,1.0,0.5344627468959429,82.49400479616307,87.74580335731414,High,0,77
2019,RB,Bryce Love,3.837375541607217,0.0,-3.837375541607217,3.837375541607217,0.8961038961038961,0.5905711651097583,70.26378896882494,76.06776916129434,High,0,77
2019,RB,Justice Hill,5.4944077544001,1.953125,-3.5412827544001004,3.5412827544001004,0.974025974025974,0.6048478621885696,66.66666666666666,75.88744588744588,High,0,77
2019,RB,Benny Snell Jr.,5.736236362140995,4.15,-1.586236362140995,1.586236362140995,1.0,0.7219384099627637,37.64988009592326,56.35491606714628,Medium,0,77
2019,RB,Tony Pollard,5.754544624563679,8.55735294117647,2.802808316612791,2.802808316612791,0.974025974025974,0.7572591369710986,30.455635491606714,50.53972406490392,Medium,0,77
2019,RB,Ryquell Armstead,3.740047942579305,1.9705882352941173,-1.7694597072851876,1.7694597072851876,1.0,0.5249305983731544,84.17266187050359,88.92086330935251,High,0,77
2019,RB,Qadree Ollison,2.5664031762396604,1.5387867647058824,-1.027616411533778,1.027616411533778,1.0,0.5507380915873747,79.61630695443645,85.73141486810552,High,0,77
2019,RB,Jordan Scarlett,3.456508669853216,0.028125,-3.4283836698532157,3.4283836698532157,1.0,0.6925156524382302,44.12470023980815,60.8872901678657,Medium,0,77
2019,RB,Trayveon Williams,3.1066510423918645,0.8693014705882354,-2.2373495718036294,2.2373495718036294,1.0,0.5312755332695914,82.9736211031175,88.08153477218224,High,0,77
2019,RB,Ty Johnson,2.663078275499878,3.3957720588235296,0.7326937833236515,0.7326937833236515,0.8831168831168831,0.6515368810317763,54.43645083932853,64.59902208103645,Medium,0,77
2019,RB,Dexter Williams,2.521867993982126,0.059375,-2.4624929939821256,2.4624929939821256,1.0,0.7138355212851324,39.80815347721823,57.86570743405276,Medium,0,77
2019,RB,Travis Homer,3.5886266558420443,2.842647058823529,-0.7459795970185152,0.7459795970185152,1.0,0.5572669741816075,77.6978417266187,84.38848920863309,High,0,77
2019,RB,Rodney Anderson,1.4943766641610758,0.0,-1.4943766641610758,1.4943766641610758,0.8961038961038961,1.02189088240333,8.15347721822542,32.590550935874674,Low,1,77
2019,RB,Darwin Thompson,2.208260314562623,2.0406250000000004,-0.16763531456262282,0.16763531456262282,0.6363636363636364,0.5908633399656409,70.02398081534771,68.10769566165249,Low,1,77
2019,RB,Mike Weber,2.792214905935625,0.0,-2.792214905935625,2.792214905935625,0.948051948051948,0.4796628574546351,91.12709832134293,92.23052726649848,High,0,77
2019,RB,Cullen Gillaspia,2.0919668320564777,0.05,-2.041966832056478,2.041966832056478,0.6363636363636364,1.0792332738723691,6.235011990407674,23.455417484194463,Low,1,77
2019,RB,Kerrith Whyte Jr.,1.7233821956594473,0.440625,-1.2827571956594472,1.2827571956594472,0.8441558441558441,0.5389011813194571,81.5347721822542,82.39901585225326,High,0,77
2019,RB,Chandler Cox,1.0737436331372856,0.090625,-0.9831186331372856,0.9831186331372856,0.8441558441558441,0.7477800720702704,32.61390887290168,48.1544115357065,Medium,0,77
2019,RB,Myles Gaskin,1.8370421390446343,10.237132352941176,8.400090213896542,8.400090213896542,1.0,0.5513137158766709,79.13669064748201,85.39568345323741,High,0,77
2020,RB,Clyde Edwards-Helaire,9.864596250472566,8.958823529411765,-0.9057727210608011,0.9057727210608011,0.974025974025974,0.8717109848912123,15.587529976019185,40.13205020399265,Medium,0,77
2020,RB,D'Andre Swift,10.294380130144738,12.075367647058822,1.7809875169140845,1.7809875169140845,0.961038961038961,0.4394628994572667,93.5251798561151,94.2987947304494,High,0,77
2020,RB,Jonathan Taylor,10.697720897976431,18.873529411764707,8.175808513788276,8.175808513788276,1.0,0.6471588345303777,55.63549160671462,68.94484412470024,Medium,0,77
2020,RB,Cam Akers,9.335432989713858,7.337132352941177,-1.9983006367726812,1.9983006367726812,0.987012987012987,0.5475634862594686,80.0959232613909,85.67753589336323,High,0,77
2020,RB,J.K. Dobbins,8.620097082036878,7.653860294117647,-0.9662367879192315,0.9662367879192315,0.8961038961038961,0.4814785463322325,90.40767386091127,90.16848858575477,High,0,77
2020,RB,AJ Dillon,8.777264275309498,10.388235294117647,1.610971018808149,1.610971018808149,0.987012987012987,0.684858769193287,45.80335731414868,61.672739730293685,Medium,0,77
2020,RB,Antonio Gibson,8.008758346177409,13.056985294117649,5.04822694794024,5.04822694794024,0.8701298701298701,1.0644088820519926,7.194244604316546,31.139867326917685,Low,1,77
2020,RB,Ke'Shawn Vaughn,8.22565422118079,1.8045955882352944,-6.4210586329454955,6.4210586329454955,0.961038961038961,0.5392320253184686,81.29496402877699,85.73764365131271,High,0,77
2020,RB,Zack Moss,7.531484120494651,6.269117647058824,-1.2623664734358275,1.2623664734358275,0.961038961038961,0.5131764678751247,86.57074340527578,89.43068921486187,High,0,77
2020,RB,Darrynton Evans,7.342868413822418,0.8178308823529412,-6.5250375314694775,6.5250375314694775,0.974025974025974,0.5393076303987024,81.05515587529976,85.95938833348904,High,0,77
2020,RB,Joshua Kelley,5.827570087818824,4.443382352941176,-1.3841877348776483,1.3841877348776483,1.0,0.6289032454236565,63.06954436450839,74.14868105515586,High,0,77
2020,RB,La'Mical Perine,4.330719305052361,1.731801470588235,-2.5989178344641264,2.5989178344641264,1.0,0.4930835117954747,89.68824940047962,92.78177458033574,High,0,77
2020,RB,Anthony McFarland Jr.,5.528960950838416,0.8887867647058824,-4.640174186132533,4.640174186132533,0.961038961038961,0.6949783026627081,43.645083932853716,59.38272758416643,Medium,0,77
2020,RB,DeeJay Dallas,3.7535784319774153,3.545772058823529,-0.20780637315388617,0.20780637315388617,0.987012987012987,0.6458435818925997,56.35491606714629,69.05883085739201,Medium,0,77
2020,RB,Jason Huntley,3.890098355193084,0.240625,-3.649473355193084,3.649473355193084,0.8441558441558441,0.5242728018823558,84.41247002398082,84.41340434146188,High,0,77
2020,RB,Eno Benjamin,1.6247953503391843,3.458823529411765,1.8340281790725805,1.8340281790725805,1.0,0.7151469832648714,39.328537170263786,57.529976019184645,Medium,0,77
2020,RB,Raymond Calais,1.4868982623746607,0.0,-1.4868982623746607,1.4868982623746607,0.974025974025974,0.7376338161763704,34.2925659472422,53.22557538384876,Medium,0,77
2020,RB,Malcolm Perry,3.5661716527372653,0.771875,-2.7942966527372652,2.7942966527372652,1.0,1.4817717773320147,1.4388489208633095,31.007194244604317,Low,1,77
2021,RB,Najee Harris,10.653913096701489,15.47529411764706,4.821381020945571,4.821381020945571,0.8441558441558441,0.6048061271290854,66.90647482014388,72.15920769877604,High,0,77
2021,RB,Travis Etienne,12.52784589687358,14.338235294117649,1.8103893972440677,1.8103893972440677,0.974025974025974,0.5743140387447709,73.621103117506,80.75555140303342,High,0,77
2021,RB,Javonte Williams,10.045983908463723,11.297058823529412,1.2510749150656881,1.2510749150656881,1.0,0.5955042478834388,68.34532374100719,77.84172661870502,High,0,77
2021,RB,Trey Sermon,8.116502099831914,1.4294117647058824,-6.687090335126031,6.687090335126031,0.987012987012987,0.5937444576551165,69.06474820143885,77.9557133513968,High,0,77
2021,RB,Michael Carter,5.10990419901808,8.247058823529413,3.137154624511333,3.137154624511333,1.0,0.5153499547025724,85.13189448441247,89.59232613908873,High,0,77
2021,RB,Kene Nwangwu,3.856517156672224,1.0147058823529411,-2.8418112743192827,2.8418112743192827,0.8441558441558441,0.6662378145566445,49.88009592326139,60.240742470958295,Medium,0,77
2021,RB,Rhamondre Stevenson,4.233139583147931,11.611764705882354,7.378625122734423,7.378625122734423,1.0,0.7118807368893654,41.007194244604314,58.70503597122302,Medium,0,77
2021,RB,Chuba Hubbard,3.978423066027719,9.41470588235294,5.436282816325221,5.436282816325221,1.0,0.6003019717529761,67.86570743405275,77.50599520383693,High,0,77
2021,RB,Kenneth Gainwell,4.089099592426392,6.4935294117647056,2.404429819338313,2.404429819338313,0.16883116883116883,0.19571821300353914,97.84172661870504,73.5541436980286,Low,1,77
2021,RB,Ben Mason,-1.4120536001981376,0.0,1.4120536001981376,1.4120536001981376,0.8441558441558441,1.4307918664371018,1.9184652278177456,26.667600984147743,Low,1,77
2021,RB,Elijah Mitchell,2.889281425043116,6.25,3.360718574956884,3.360718574956884,1.0,0.6784338333961515,47.00239808153477,62.901678657074335,Medium,0,77
2021,RB,Gary Brightwell,1.21924527468586,1.1941176470588233,-0.025127627627036686,0.025127627627036686,1.0,0.5849090446570513,71.46282973621103,80.02398081534773,High,0,77
2021,RB,Larry Rountree III,2.815986851142422,0.6147058823529412,-2.2012809687894808,2.2012809687894808,0.8831168831168831,0.5712011621331763,74.34052757793765,78.53187579806286,High,0,77
2021,RB,Chris Evans,2.544132889891503,1.8411764705882352,-0.7029564193032678,0.7029564193032678,1.0,0.6426664105225096,58.27338129496403,70.79136690647482,High,0,77
2021,RB,Demetric Felton,1.5778617277425628,1.5558823529411767,-0.02197937480138612,0.02197937480138612,0.922077922077922,0.7421409454462007,33.33333333333333,50.99567099567099,Medium,0,77
2021,RB,Khalil Herbert,2.827274816153821,6.773529411764706,3.9462545956108848,3.9462545956108848,1.0,0.6380769086275565,60.91127098321343,72.6378896882494,High,0,77
2021,RB,Jake Funk,1.929609394057049,0.1088235294117647,-1.8207858646452841,1.8207858646452841,1.0,0.9270987246557123,11.990407673860911,38.39328537170264,Medium,0,77
2021,RB,Gerrid Doaks,1.4673811917996096,0.0,-1.4673811917996096,1.4673811917996096,0.8441558441558441,0.3535309243851795,95.92326139088729,92.47095829829642,High,0,77
2021,RB,Kylin Hill,0.5986233304660655,0.1352941176470588,-0.46332921281900674,0.46332921281900674,1.0,0.5156825153255923,84.89208633093526,89.42446043165467,High,0,77
2021,RB,Jermar Jefferson,1.587578295356558,0.7558823529411764,-0.8316959424153816,0.8316959424153816,1.0,0.5869803402767212,71.22302158273382,79.85611510791367,High,0,77
2022,RB,Breece Hall,10.712754150607427,15.629411764705884,4.916657614098456,4.916657614098456,0.961038961038961,0.6060020908689957,66.18705035971223,75.16210408296739,High,0,77
2022,RB,Kenneth Walker,9.892203522568158,11.820588235294116,1.9283847127259577,1.9283847127259577,0.961038961038961,1.533449994702926,1.1990407673860912,29.670497368339095,Low,1,77
2022,RB,James Cook,8.587204809061195,14.688235294117648,6.101030485056453,6.101030485056453,0.961038961038961,0.7088637789954402,41.48681055155875,57.87193621725996,Medium,0,77
2022,RB,Rachaad White,9.106175631241918,13.75,4.643824368758082,4.643824368758082,0.961038961038961,0.9161617881800271,12.709832134292565,37.728051325173624,Medium,0,77
2022,RB,Tyrion Davis-Price,7.373763613638733,0.3529411764705882,-7.020822437168145,7.020822437168145,0.961038961038961,0.6118400564595797,65.22781774580336,74.49064125323119,High,0,77
2022,RB,Brian Robinson,7.149526323989057,10.526470588235291,3.3769442642462346,3.3769442642462346,0.961038961038961,0.762199715290423,29.496402877697843,49.478650845557326,Medium,0,77
2022,RB,Dameon Pierce,4.826683793326708,7.326470588235294,2.4997867949085855,2.4997867949085855,0.974025974025974,0.6128390535476358,64.98800959232614,74.71238593540751,High,0,77
2022,RB,Zamir White,5.413131550186368,3.035294117647059,-2.3778374325393092,2.3778374325393092,0.961038961038961,0.5372574896850424,82.01438848920863,86.24124077361486,High,0,77
2022,RB,Isaiah Spiller,4.9632962214518095,0.8058823529411765,-4.157413868510633,4.157413868510633,0.922077922077922,0.45809775558843685,92.80575539568345,92.62636643931607,High,0,77
2022,RB,Pierre Strong,5.204718190296043,2.294117647058824,-2.910600543237219,2.910600543237219,0.22077922077922077,0.3213223662162229,96.1630695443645,73.93752530443177,Low,1,77
2022,RB,Hassan Haskins,3.619352149154369,1.7294117647058824,-1.8899403844484866,1.8899403844484866,0.8961038961038961,0.5399896335777787,80.81534772182253,83.45386028839265,High,0,77
2022,RB,Tyler Allgeier,4.598804539583558,8.73529411764706,4.136489578063502,4.136489578063502,0.961038961038961,0.7267836312939998,36.45083932853717,54.34675636114485,Medium,0,77
2022,RB,Snoop Conner,3.969707850481349,0.3,-3.669707850481349,3.669707850481349,0.974025974025974,0.582574979327671,72.18225419664267,79.74835715842909,High,0,77
2022,RB,Jerome Ford,3.943013980383895,10.152941176470588,6.209927196086692,6.209927196086692,0.961038961038961,0.4971348361276521,88.96882494004797,91.1093462892024,High,0,77
2022,RB,Kyren Williams,4.061998693443465,15.50294117647059,11.440942483027124,11.440942483027124,0.961038961038961,0.7522166801879648,31.894484412470025,51.157307919897846,Medium,0,77
2022,RB,Ty Chandler,3.755254961792928,3.805882352941176,0.05062739114824799,0.05062739114824799,0.961038961038961,0.6668610388224917,49.64028776978417,63.57937027001775,Medium,0,77
2022,RB,Kevin Harris,2.4459365764038745,0.9558823529411764,-1.4900542234626981,1.4900542234626981,0.935064935064935,0.5662022021656812,75.29976019184652,80.76178018624061,High,0,77
2022,RB,Tyler Badie,3.1799887177322,0.5529411764705883,-2.6270475412616117,2.6270475412616117,0.961038961038961,0.6719306261770062,47.961630695443645,62.40431031797938,Medium,0,77
2022,RB,Keaontay Ingram,2.8237102903660367,0.9441176470588232,-1.8795926433072134,1.8795926433072134,0.961038961038961,0.4500293609670035,93.28537170263789,94.13092902301534,High,0,77
2022,RB,Trestan Ebner,2.100191017404313,0.1823529411764705,-1.9178380762278424,1.9178380762278424,0.935064935064935,0.5954487766535986,68.5851318944844,76.06154037808713,High,0,77
2022,RB,Brittain Brown,-0.8848348975545766,0.0,0.8848348975545766,0.8848348975545766,0.987012987012987,1.0743049080981328,6.474820143884892,34.14276371110903,Low,1,77
2022,RB,Isaih Pacheco,2.232427721250592,10.261764705882351,8.029336984631758,8.029336984631758,0.22077922077922077,0.31944639718612455,96.40287769784173,74.10539101186583,Low,1,77
2022,RB,Zander Horvath,-1.4765322484899377,0.0,1.4765322484899377,1.4765322484899377,0.987012987012987,1.1387087220920544,5.755395683453238,33.63916658880687,Low,1,77
2023,RB,Bijan Robinson,14.165526669413053,20.95588235294117,6.790355683528118,6.790355683528118,0.961038961038961,0.5383845470292966,81.77458033573141,86.07337506618082,High,0,77
2023,RB,Jahmyr Gibbs,12.7112865553686,21.46470588235294,8.753419326984341,8.753419326984341,0.935064935064935,0.6248527183413264,63.30935251798561,72.36849481453797,High,0,77
2023,RB,Zach Charbonnet,8.886170077439033,10.83235294117647,1.9461828637374374,1.9461828637374374,0.961038961038961,0.5459618764108215,80.3357314148681,85.0661808215765,High,0,77
2023,RB,Kendre Miller,6.782207011235595,2.252941176470588,-4.529265834765008,4.529265834765008,0.8831168831168831,0.4985248553344069,88.72901678657075,88.60381824410601,High,0,77
2023,RB,Tyjae Spears,7.448076824459596,7.86470588235294,0.4166290578933438,0.4166290578933438,0.922077922077922,0.7379245905172054,34.05275779376499,51.49926811797316,Medium,0,77
2023,RB,Devon Achane,8.201516274430496,18.314705882352943,10.113189607922447,10.113189607922447,0.935064935064935,0.6586175835126298,51.55875299760192,64.1430751502694,Medium,0,77
2023,RB,Tank Bigsby,7.659102548314932,5.376470588235294,-2.2826319600796383,2.2826319600796383,0.961038961038961,0.6621914438768399,50.59952038369304,64.25083309975395,Medium,0,77
2005,WR,Braylon Edwards,,,,,0.6946564885496184,0.9074011512732039,10.921501706484642,28.4847458510278,Low,1,131
2005,WR,Troy Williamson,,,,,0.6946564885496184,0.7317563151677222,30.204778156996586,41.98303936638616,Low,1,131
2005,WR,Mike Williams,,,,,0.0916030534351145,0.4108910091353993,88.90784982935153,64.98358648359951,Low,1,131
2005,WR,Matt Jones,,,,,0.0916030534351145,0.3641220485366336,90.10238907849829,65.81976395800224,Low,1,131
2005,WR,Mark Clayton,,,,,0.6946564885496184,0.6198012393508339,59.044368600682596,62.17075267696636,Low,1,131
2005,WR,Roddy White,,,,,0.6946564885496184,1.0144985793000587,6.484641638225256,25.37894380324623,Low,1,131
2005,WR,Reggie Brown,,,,,0.6946564885496184,0.6003099050802916,64.3344709897611,65.87382434932132,Low,1,131
2005,WR,Mark Bradley,,,,,0.6946564885496184,0.883301366413875,12.1160409556314,29.320923325430527,Low,1,131
2005,WR,Roscoe Parrish,,,,,0.6946564885496184,0.6633666268661542,47.269624573378834,53.92843185785374,Low,1,131
2005,WR,Terrence Murphy,,,,,0.6946564885496184,0.6164614187489612,59.89761092150171,62.768022301539744,Low,1,131
2005,WR,Vincent Jackson,,,,,0.0916030534351145,0.23991235652051152,91.12627986348123,66.53648750749029,Low,1,131
2005,WR,Courtney Roby,,,,,0.6946564885496184,0.6961783790502231,39.07849829351536,48.1946434619493,Low,1,131
2005,WR,Chris Henry,,,,,0.6946564885496184,0.7198094516130012,33.44709897610921,44.252663939765,Low,1,131
2005,WR,Brandon Jones,,,,,0.6946564885496184,0.7129161863844798,35.32423208191126,45.56665711382644,Low,1,131
2005,WR,Jerome Mathis,,,,,0.0916030534351145,0.16925747118943688,93.00341296928327,67.85048068155173,Low,1,131
2005,WR,Craphonso Thorpe,,,,,0.6946564885496184,0.6415653596560345,52.55972696245734,57.63150353020869,Low,1,131
2005,WR,Chase Lyman,,,,,0.6946564885496184,1.0253383334666126,5.802047781569966,24.901128103587524,Low,1,131
2005,WR,Fred Gibson,,,,,0.6946564885496184,0.7104992388200705,35.83617747440273,45.92501888857046,Low,1,131
2005,WR,Roydell Williams,,,,,0.6793893129770993,1.0148042310446246,6.313993174061433,24.80147461115598,Low,1,131
2005,WR,Airese Currie,,,,,0.6946564885496184,0.7391446062318815,28.668941979522184,40.907954042154074,Low,1,131
2005,WR,Larry Brackins,,,,,0.0916030534351145,0.29949148712224766,90.27303754266211,65.9392178829169,Low,1,131
2005,WR,Rasheed Marshall,,,,,0.0916030534351145,0.12762843553873932,97.44027303754265,70.9562827293333,Low,1,131
2005,WR,Chad Owens,,,,,0.6946564885496184,1.6171044221117856,0.17064846416382254,20.959148581403227,Low,1,131
2005,WR,Tab Perry,,,,,0.6946564885496184,0.6580169311263064,48.4641638225256,54.76460933225647,Low,1,131
2005,WR,Dante Ridgeway,,,,,0.6793893129770993,1.0199373817251123,6.143344709897611,24.682020686241305,Low,1,131
2005,WR,Craig Bragg,,,,,0.6946564885496184,0.6435670286721209,52.218430034129696,57.39259568037933,Low,1,131
2005,WR,Marcus Maxwell,,,,,0.6793893129770993,0.6247819564513007,57.67918088737202,60.75710601047339,Low,1,131
2005,WR,Paris Warren,,,,,0.6946564885496184,0.6760436900330363,42.83276450511945,50.82262981007216,Low,1,131
2005,WR,LeRon McCoy,,,,,0.0916030534351145,0.1592803301335772,94.19795221843003,68.68665815595446,Low,1,131
2005,WR,Harry Williams,,,,,0.07633587786259542,0.12569664474197556,97.61092150170649,70.6177213870724,Low,1,131
2005,WR,J.R. Russell,,,,,0.6946564885496184,0.6686983773974801,45.22184300341297,52.49498475887763,Low,1,131
2006,WR,Santonio Holmes,,,,,0.9847328244274809,0.9358854742820008,9.044368600682594,35.873042753302244,Low,1,131
2006,WR,Chad Jackson,,,,,0.9847328244274809,1.0582816263735575,4.266211604095563,32.52833285569132,Low,1,131
2006,WR,Sinorice Moss,,,,,0.9847328244274809,0.7754748694764733,23.378839590443686,45.90717244613501,Medium,0,131
2006,WR,Greg Jennings,,,,,0.9847328244274809,0.9029918744435502,11.262798634812286,37.42594377719303,Medium,0,131
2006,WR,Travis Wilson,,,,,0.9847328244274809,0.9529177527065216,8.19112627986348,35.27577312872886,Low,1,131
2006,WR,Derek Hagan,,,,,0.9847328244274809,0.7803711017945322,22.866894197952217,45.548810671390974,Medium,0,131
2006,WR,Brandon Williams,,,,,0.9847328244274809,0.7722469340980419,23.72013651877133,46.14608029596435,Medium,0,131
2006,WR,Maurice Stovall,,,,,0.9847328244274809,0.8463000484308051,16.38225255972696,41.0095615246333,Medium,0,131
2006,WR,Willie Reid,,,,,0.9847328244274809,0.8592537509177701,14.675767918088736,39.81502227548654,Medium,0,131
2006,WR,Michael Robinson,,,,,0.6946564885496184,0.7246161568870024,32.25255972696246,43.41648646536227,Low,1,131
2006,WR,Cory Rodgers,,,,,0.9847328244274809,1.1277160135111064,2.5597269624573378,31.33379360654456,Low,1,131
2006,WR,Jason Avant,,,,,0.9847328244274809,0.8971059849673582,11.604095563139932,37.66485162702237,Medium,0,131
2006,WR,Demetrius Williams,,,,,0.6946564885496184,0.7521964758098649,26.450511945392492,39.35505301826329,Low,1,131
2006,WR,Brandon Marshall,,,,,0.9847328244274809,0.9081834318838495,10.750853242320819,37.067582002449,Medium,0,131
2006,WR,Skyler Green,,,,,0.9847328244274809,0.7455718870080678,28.15699658703072,49.251882343745926,Medium,0,131
2006,WR,Domenik Hixon,,,,,0.9541984732824428,0.8728372972409595,13.139931740614335,37.82390641690331,Medium,0,131
2006,WR,Marques Hagans,,,,,0.6946564885496184,1.2556886012876416,1.1945392491467577,21.675872130891282,Low,1,131
2006,WR,Mike Hass,,,,,0.9847328244274809,1.1741073833930664,1.7064846416382253,30.73652398197118,Low,1,131
2006,WR,Jonathan Orr,,,,,0.9847328244274809,0.8747678755290418,12.798634812286688,38.501029101425104,Medium,0,131
2006,WR,Delanie Walker,,,,,0.0916030534351145,0.22900493457098423,91.29692832764505,66.65594143240496,Low,1,131
2006,WR,Adam Jennings,,,,,0.9847328244274809,0.8491952470963252,16.21160409556314,40.89010759971862,Medium,0,131
2006,WR,Jeff Webb,,,,,0.9847328244274809,1.0629036069942872,4.09556313993174,32.408878930776645,Low,1,131
2006,WR,Ethan Kilmer,,,,,0.6793893129770993,0.7303091968343783,30.887372013651877,42.00283979886929,Low,1,131
2006,WR,Todd Watkins,,,,,0.9847328244274809,1.1350785187128527,2.3890784982935154,31.214339681629884,Low,1,131
2006,WR,Bennie Brazell,,,,,0.9847328244274809,1.087146615113666,3.583617747440273,32.05051715603261,Low,1,131
2006,WR,Devin Aromashodu,,,,,0.9847328244274809,0.7662084021534438,25.085324232081913,47.101711695281764,Medium,0,131
2006,WR,Ben Obomanu,,,,,0.9847328244274809,0.9865789120441907,6.996587030716723,34.43959565432613,Low,1,131
2006,WR,David Anderson,,,,,0.9847328244274809,1.1251001402257823,2.7303754266211606,31.453247531459237,Low,1,131
2006,WR,Marques Colston,,,,,0.0916030534351145,0.16799430316361588,93.1740614334471,67.9699346064664,Low,1,131
2006,WR,Kevin McMahan,,,,,0.0916030534351145,0.26505243682088986,90.44368600682594,66.05867180783159,Low,1,131
2007,WR,Calvin Johnson,9.273544349489764,14.990625,5.717080650510235,5.717080650510235,1.0,1.0022371729133028,6.825938566552901,34.77815699658703,Low,1,131
2007,WR,Ted Ginn,7.509706675170036,8.515625,1.0059183248299641,1.0059183248299641,1.0,0.6572066769124791,48.80546075085324,64.16382252559727,Medium,0,131
2007,WR,Dwayne Bowe,7.736383860544183,13.428125,5.691741139455817,5.691741139455817,1.0,0.7103409231341425,36.00682593856656,55.20477815699659,Medium,0,131
2007,WR,Robert Meachem,7.835107359693843,7.634375,-0.20073235969384307,0.20073235969384307,1.0,0.7650927763415007,25.25597269624573,47.67918088737201,Medium,0,131
2007,WR,Craig Davis,6.651043548044192,1.790625,-4.860418548044192,4.860418548044192,0.9847328244274809,1.0542788161579106,4.436860068259386,32.647786780606,Low,1,131
2007,WR,Anthony Gonzalez,6.777530170068006,8.125,1.3474698299319936,1.3474698299319936,1.0,0.82777282164399,18.088737201365188,42.66211604095563,Medium,0,131
2007,WR,Sidney Rice,6.405140858843532,11.23625,4.831109141156468,4.831109141156468,1.0,0.7729881361258808,23.549488054607508,46.484641638225256,Medium,0,131
2007,WR,Dwayne Jarrett,5.373692695578229,2.015625,-3.358067695578229,3.358067695578229,1.0,0.9152742435474744,10.06825938566553,37.04778156996587,Low,1,131
2007,WR,Steve Smith,4.909812593537416,12.23125,7.321437406462583,7.321437406462583,1.0,0.5884250634570342,67.4061433447099,77.18430034129693,High,0,131
2007,WR,Jacoby Jones,4.416866415816328,4.459375,0.04250858418367187,0.04250858418367187,0.7099236641221374,0.8430790528351958,16.89419795221843,33.12364849021702,Low,1,131
2007,WR,Yamon Figurs,2.3362389477040804,0.86875,-1.4674889477040804,1.4674889477040804,1.0,0.7497485951359388,26.96245733788396,48.87372013651877,Medium,0,131
2007,WR,Laurent Robinson,3.942050765306127,3.7624999999999993,-0.17955076530612768,0.17955076530612768,0.10687022900763359,0.12499297240920142,97.7815699658703,71.65320584633821,Low,1,131
2007,WR,Jason Hill,2.845306811224492,3.29375,0.44844318877550826,0.44844318877550826,1.0,1.0425013635366767,4.948805460750854,33.4641638225256,Low,1,131
2007,WR,James Jones,2.963992457482995,7.143750000000001,4.179757542517006,4.179757542517006,1.0,0.851257820659422,15.699658703071673,40.98976109215017,Medium,0,131
2007,WR,Mike Sims-Walker,4.130464961734697,7.1125,2.9820350382653027,2.9820350382653027,0.10687022900763359,0.13901954282783544,96.07508532423208,70.45866659719145,Low,1,131
2007,WR,Paul Williams,2.117631972789116,0.053125,-2.064506972789116,2.064506972789116,1.0,0.9452124958032624,8.873720136518772,36.21160409556314,Low,1,131
2007,WR,Johnnie Lee Higgins,2.8048033163265305,4.73125,1.9264466836734697,1.9264466836734697,0.7099236641221374,1.081491761023426,3.754266211604096,23.92569627178699,Low,1,131
2007,WR,Ryne Robinson,3.561555761054424,0.234375,-3.327180761054424,3.327180761054424,1.0,0.8516213023843757,15.529010238907851,40.870307167235495,Medium,0,131
2007,WR,Chris Davis,1.2997896471088446,0.4312499999999999,-0.8685396471088447,0.8685396471088447,1.0,0.7443389957236582,28.327645051194537,49.829351535836174,Medium,0,131
2007,WR,Steve Breaston,1.7924689838435377,10.771875,8.979406016156462,8.979406016156462,1.0,0.7167289444970986,34.129692832764505,53.89078498293515,Medium,0,131
2007,WR,Aundrae Allison,2.187266687925171,1.39375,-0.7935166879251712,0.7935166879251712,0.7099236641221374,0.8433970237288839,16.723549488054605,33.00419456530234,Low,1,131
2007,WR,David Clowney,0.7787202806122445,1.3375,0.5587797193877554,0.5587797193877554,1.0,0.6310994010214206,55.2901023890785,68.70307167235495,Medium,0,131
2007,WR,Roy Hall,2.4397484800170064,0.059375,-2.380373480017006,2.380373480017006,0.9847328244274809,0.7483868118981721,27.303754266211605,48.65461271917255,Medium,0,131
2007,WR,Legedu Naanee,1.915136160714285,2.4418750000000005,0.5267388392857155,0.5267388392857155,1.0,0.7250189600607408,31.91126279863481,52.33788395904436,Medium,0,131
2007,WR,Joel Filani,2.526100637755104,0.0,-2.526100637755104,2.526100637755104,1.0,0.7163707257534634,34.470989761092156,54.129692832764505,Medium,0,131
2007,WR,Courtney Taylor,0.7282509672619044,0.8624999999999999,0.13424903273809552,0.13424903273809552,1.0,0.6941338502053022,39.93174061433447,57.95221843003413,Medium,0,131
2007,WR,Jordan Kent,3.461620291241498,0.046875,-3.414745291241498,3.414745291241498,1.0,0.9221160919110478,9.726962457337883,36.80887372013652,Low,1,131
2007,WR,Dallas Baker,2.730461437074829,0.05,-2.680461437074829,2.680461437074829,1.0,0.6449079949958068,51.70648464163823,66.19453924914676,Medium,0,131
2007,WR,John Broussard,1.879219972363944,0.70625,-1.172969972363944,1.172969972363944,0.9847328244274809,0.8946867216039708,11.945392491467576,37.903759476851725,Medium,0,131
2007,WR,Chandler Williams,0.7300135204081634,0.0,-0.7300135204081634,0.7300135204081634,0.9847328244274809,0.9341944320475933,9.215017064846416,35.99249667821692,Low,1,131
2007,WR,Syndric Steptoe,0.8768430059523813,1.1,0.2231569940476188,0.2231569940476188,1.0,0.626923160090738,56.31399317406144,69.419795221843,Medium,0,131
2007,WR,Chansi Stuckey,1.4883272959183669,5.012499999999999,3.524172704081632,3.524172704081632,1.0,0.5222950600944991,81.56996587030717,87.09897610921502,High,0,131
2007,WR,Derek Stanley,1.1760314200680264,0.6375000000000001,-0.5385314200680263,0.5385314200680263,0.0916030534351145,0.14516708536878734,95.22184300341297,69.40338170544251,Low,1,131
2007,WR,Jonathan Holland,2.093847597789116,0.0,-2.093847597789116,2.093847597789116,0.10687022900763359,0.1606652010008947,94.02730375426621,69.02521949821535,Low,1,131
2008,WR,Donnie Avery,8.102046738945567,9.0375,0.9354532610544322,0.9354532610544322,1.0,0.8147286530948501,19.112627986348123,43.37883959044369,Medium,0,131
2008,WR,Devin Thomas,7.074534965986391,3.5500000000000007,-3.5245349659863905,3.5245349659863905,1.0,0.9835122996572178,7.167235494880546,35.01706484641638,Low,1,131
2008,WR,Jordy Nelson,9.260577959183664,6.0875,-3.1730779591836633,3.1730779591836633,1.0,0.7033245797411249,37.71331058020478,56.39931740614334,Medium,0,131
2008,WR,James Hardy,10.387676198979586,0.9874999999999998,-9.400176198979587,9.400176198979587,1.0,0.7464465612083049,27.986348122866893,49.59044368600682,Medium,0,131
2008,WR,Eddie Royal,3.756385280612244,11.678125,7.921739719387755,7.921739719387755,1.0,0.5632595697000174,75.0853242320819,82.55972696245732,High,0,131
2008,WR,Jerome Simpson,6.266576092687077,1.971875,-4.2947010926870774,4.2947010926870774,0.10687022900763359,0.16138167898025763,93.85665529010238,68.90576557330067,Low,1,131
2008,WR,DeSean Jackson,7.121062240646257,14.7625,7.641437759353742,7.641437759353742,1.0,0.6259679992689489,56.996587030716725,69.8976109215017,Medium,0,131
2008,WR,Malcolm Kelly,8.573596675170062,2.015625,-6.557971675170062,6.557971675170062,1.0,0.5753894291641287,70.30716723549489,79.21501706484642,High,0,131
2008,WR,Limas Sweed,5.497481254251701,0.434375,-5.063106254251701,5.063106254251701,1.0,0.7349169520533134,29.692832764505116,50.78498293515358,Medium,0,131
2008,WR,Dexter Jackson,5.390123307823135,0.0,-5.390123307823135,5.390123307823135,0.10687022900763359,0.20984589895391342,91.97952218430035,67.59177239923925,Low,1,131
2008,WR,Earl Bennett,6.206547967687075,8.334375,2.1278270323129247,2.1278270323129247,1.0,0.7284708254630237,31.058020477815703,51.74061433447099,Medium,0,131
2008,WR,Early Doucet,2.6237045790816325,3.3125,0.6887954209183675,0.6887954209183675,1.0,0.6751747709288978,43.344709897610926,60.34129692832765,Medium,0,131
2008,WR,Harry Douglas,3.985685114795914,4.275,0.28931488520408655,0.28931488520408655,1.0,0.7126246329028544,35.49488054607509,54.846416382252556,Medium,0,131
2008,WR,Mario Manningham,3.8601531547619023,11.68125,7.821096845238098,7.821096845238098,1.0,0.6949933613306286,39.76109215017065,57.83276450511946,Medium,0,131
2008,WR,Andre Caldwell,2.8599823554421766,5.4281250000000005,2.568142644557824,2.568142644557824,1.0,0.5612945345747277,75.93856655290102,83.1569965870307,High,0,131
2008,WR,Will Franklin,2.976894198554422,0.478125,-2.498769198554422,2.498769198554422,0.10687022900763359,0.1400574421291733,95.73378839590444,70.2197587473621,Low,1,131
2008,WR,Marcus Smith,2.9199662117346934,0.0,-2.9199662117346934,2.9199662117346934,1.0,0.8155789916921246,18.941979522184297,43.25938566552901,Medium,0,131
2008,WR,Arman Shields,2.7445315263605443,0.0,-2.7445315263605443,2.7445315263605443,0.10687022900763359,0.11262227031670702,99.14675767918088,72.60883724565562,Low,1,131
2008,WR,Lavelle Hawkins,4.152043652210885,0.99375,-3.1582936522108853,3.1582936522108853,1.0,0.5949980850141683,65.35836177474403,75.75085324232082,High,0,131
2008,WR,Keenan Burton,3.4322028188775526,2.728125,-0.7040778188775527,0.7040778188775527,1.0,0.5517839092743033,78.32764505119454,84.82935153583617,High,0,131
2008,WR,Kenny Moore,1.8987777742346943,0.3718749999999999,-1.5269027742346943,1.5269027742346943,0.10687022900763359,0.10498859645734673,99.65870307167235,72.96719902039965,Low,1,131
2008,WR,Matt Slater,2.4872720578231275,0.01875,-2.4685220578231277,2.4685220578231277,0.9847328244274809,1.3224850435436126,0.5119453924914675,29.90034650756845,Low,1,131
2008,WR,Marcus Henry,3.1531295748299284,0.0,-3.1531295748299284,3.1531295748299284,1.0,0.6650225457556609,46.41638225255973,62.491467576791806,Medium,0,131
2008,WR,Josh Morgan,1.317552614795919,7.946875,6.629322385204081,6.629322385204081,1.0,0.6124777263633606,60.92150170648464,72.64505119453925,High,0,131
2008,WR,Kevin Robinson,1.3683505654761896,0.0,-1.3683505654761896,1.3683505654761896,1.0,0.822373753871587,18.43003412969283,42.901023890784984,Medium,0,131
2008,WR,Paul Hubbard,1.8050741113945576,0.05625,-1.7488241113945577,1.7488241113945577,1.0,0.703713825990962,37.54266211604095,56.27986348122866,Medium,0,131
2008,WR,Jaymar Johnson,1.597332920918367,0.059375,-1.5379579209183671,1.5379579209183671,0.10687022900763359,0.14754833107501245,94.88054607508532,69.62248912278872,Low,1,131
2008,WR,Pierre Garcon,1.268235850340136,10.396875,9.128639149659863,9.128639149659863,0.10687022900763359,0.14071233046149512,95.56313993174061,70.10030482244743,Low,1,131
2008,WR,Justin Harper,1.939861528486396,0.0,-1.939861528486396,1.939861528486396,1.0,1.0331808391310735,5.631399317406143,33.9419795221843,Low,1,131
2008,WR,Brett Swain,1.8636582142857128,0.4125,-1.4511582142857127,1.4511582142857127,0.9847328244274809,0.6456349951120155,51.365187713310576,65.49761613214181,Medium,0,131
2008,WR,Steve Johnson,3.348135994897957,8.753124999999999,5.404989005102042,5.404989005102042,0.9847328244274809,1.0140934083471864,6.655290102389079,34.20068780449678,Low,1,131
2008,WR,Chaz Schilens,2.551285982142857,3.965625,1.4143390178571433,1.4143390178571433,0.6946564885496184,0.7853664833021367,22.18430034129693,36.3687048953964,Low,1,131
2008,WR,Adrian Arrington,2.280888903061226,0.465625,-1.8152639030612259,1.8152639030612259,1.0,0.6761730896065433,42.66211604095563,59.86348122866894,Medium,0,131
2008,WR,Mario Urrutia,3.416369264455784,0.0,-3.416369264455784,3.416369264455784,1.0,0.8698045853058343,13.48122866894198,39.436860068259385,Medium,0,131
2008,WR,Marcus Monk,2.9751307185374154,0.0,-2.9751307185374154,2.9751307185374154,1.0,0.9454849242645075,8.70307167235495,36.092150170648466,Low,1,131
2009,WR,Darrius Heyward-Bey,6.836400471938773,7.965625,1.1292245280612274,1.1292245280612274,1.0,0.6087822341039697,62.116040955631405,73.48122866894198,High,0,131
2009,WR,Michael Crabtree,9.784168299319726,10.971875,1.187706700680275,1.187706700680275,1.0,1.1380439652377121,2.218430034129693,31.552901023890787,Low,1,131
2009,WR,Jeremy Maclin,10.214524982993195,12.65625,2.4417250170068048,2.4417250170068048,1.0,0.6303697498618854,55.631399317406135,68.94197952218428,Medium,0,131
2009,WR,Percy Harvin,7.755936696428563,15.021875,7.265938303571437,7.265938303571437,1.0,0.4998849286746848,84.98293515358361,89.48805460750853,High,0,131
2009,WR,Hakeem Nicks,10.308579158163266,15.23125,4.922670841836734,4.922670841836734,1.0,0.6724438350948826,44.027303754266214,60.81911262798634,Medium,0,131
2009,WR,Kenny Britt,8.176844523809523,9.425,1.2481554761904778,1.2481554761904778,1.0,0.7168770334382062,33.95904436860068,53.77133105802048,Medium,0,131
2009,WR,Brian Robiskie,5.294365097789116,2.9875,-2.3068650977891165,2.3068650977891165,1.0,0.7625180799049274,25.597269624573375,47.91808873720136,Medium,0,131
2009,WR,Mohamed Massaquoi,5.006907553146259,6.601875,1.5949674468537411,1.5949674468537411,1.0,0.36573094472347156,89.93174061433447,92.95221843003412,High,0,131
2009,WR,Derrick Williams,4.54279018282313,0.55,-3.9927901828231303,3.9927901828231303,1.0,0.5102630451766864,82.93515358361775,88.05460750853243,High,0,131
2009,WR,Brandon Tate,3.4140855909863923,3.35625,-0.05783559098639213,0.05783559098639213,1.0,0.7354039350992415,29.522184300341298,50.665529010238906,Medium,0,131
2009,WR,Mike Wallace,4.831555146683671,15.39375,10.56219485331633,10.56219485331633,1.0,0.5011344804979734,84.64163822525597,89.24914675767917,High,0,131
2009,WR,Ramses Barden,4.811852045068028,0.93125,-3.8806020450680285,3.8806020450680285,0.10687022900763359,0.22784182009482964,91.46757679180887,67.2334106244952,Low,1,131
2009,WR,Patrick Turner,4.992470888605438,0.8812500000000001,-4.1112208886054376,4.1112208886054376,1.0,0.6469187114322233,50.85324232081911,65.59726962457339,Medium,0,131
2009,WR,Deon Butler,5.457716377551019,4.112500000000001,-1.3452163775510186,1.3452163775510186,1.0,0.6369128369565715,53.7542662116041,67.62798634812287,Medium,0,131
2009,WR,Juaquin Iglesias,5.110780414540811,0.0,-5.110780414540811,5.110780414540811,1.0,0.5140631098269075,82.5938566552901,87.81569965870307,High,0,131
2009,WR,Mike Thomas,2.9412268409863955,9.2875,6.346273159013604,6.346273159013604,1.0,0.9029195572963757,11.433447098976108,38.003412969283275,Medium,0,131
2009,WR,Brian Hartline,1.306781332199546,6.865625,5.558843667800454,5.558843667800454,1.0,0.5793427782866167,69.6245733788396,78.73720136518772,High,0,131
2009,WR,Louis Murphy,1.532545233843537,7.168749999999999,5.636204766156462,5.636204766156462,1.0,0.9542650219911497,8.020477815699659,35.61433447098976,Low,1,131
2009,WR,Austin Collie,3.159996696428572,10.5125,7.352503303571427,7.352503303571427,1.0,0.7783152672285507,23.037542662116042,46.12627986348123,Medium,0,131
2009,WR,Johnny Knox,0.8658465525793648,9.653125,8.787278447420634,8.787278447420634,0.10687022900763359,0.12239229955914473,98.12286689419795,71.89211369616757,Low,1,131
2009,WR,Kenny McKinley,1.9189631930272115,0.0,-1.9189631930272115,1.9189631930272115,1.0,0.5159159862293082,82.25255972696246,87.57679180887371,High,0,131
2009,WR,Jarett Dillard,3.406962572278912,2.5250000000000004,-0.8819625722789115,0.8819625722789115,1.0,0.8509387579132826,15.870307167235495,41.10921501706485,Medium,0,131
2009,WR,Brooks Foster,1.925040416666666,0.0,-1.925040416666666,1.925040416666666,1.0,0.5657264575203997,73.54948805460751,81.48464163822526,High,0,131
2009,WR,Quinten Lawrence,1.0188455683106576,0.190625,-0.8282205683106576,0.8282205683106576,0.10687022900763359,0.1494316349677756,94.7098976109215,69.50303519787406,Low,1,131
2009,WR,Brandon Gibson,1.443909230442176,6.765625,5.321715769557824,5.321715769557824,1.0,0.6665158113497593,45.90443686006826,62.13310580204778,Medium,0,131
2009,WR,Dominique Edison,2.344511114654193,0.0,-2.344511114654193,2.344511114654193,0.10687022900763359,0.1340652503281155,96.58703071672356,70.81702837193549,Low,1,131
2009,WR,Demetrius Byrd,0.7236585161564624,0.0,-0.7236585161564624,0.7236585161564624,1.0,0.7858614169960566,22.013651877133107,45.40955631399317,Medium,0,131
2009,WR,Manuel Johnson,1.0293482142857149,0.05,-0.9793482142857148,0.9793482142857148,1.0,0.6049888764372684,62.96928327645052,74.07849829351537,High,0,131
2009,WR,Julian Edelman,0.6029042346938772,3.2,2.597095765306123,2.597095765306123,0.6946564885496184,0.9240238658255608,9.385665529010238,27.409660526795715,Low,1,131
2009,WR,Sammie Stroughter,1.380036969954648,3.890625,2.5105880300453522,2.5105880300453522,1.0,0.735965937677907,29.01023890784983,50.30716723549488,Medium,0,131
2009,WR,Marko Mitchell,2.231167437641725,0.225,-2.006167437641725,2.006167437641725,1.0,0.7129930350928949,35.153583617747444,54.60750853242321,Medium,0,131
2009,WR,Derek Kinder,0.7892792134353738,0.0,-0.7892792134353738,0.7892792134353738,1.0,1.3923181838204184,0.3412969283276451,30.238907849829353,Low,1,131
2009,WR,Freddie Brown,1.431250714285714,0.0,-1.431250714285714,1.431250714285714,1.0,0.8050408395891276,20.30716723549488,44.215017064846414,Medium,0,131
2009,WR,Tiquan Underwood,1.060208014455782,0.7843749999999999,-0.275833014455782,0.275833014455782,1.0,0.7257551752082454,31.74061433447099,52.218430034129696,Medium,0,131
2010,WR,Demaryius Thomas,10.196826454081636,12.65625,2.459423545918364,2.459423545918364,1.0,1.2399887605685371,1.3651877133105803,30.955631399317404,Low,1,131
2010,WR,Dez Bryant,11.969761135204063,15.840625,3.870863864795936,3.870863864795936,1.0,1.1178657168818598,2.901023890784983,32.03071672354949,Low,1,131
2010,WR,Dexter McCluster,4.458722471655328,7.70625,3.247527528344672,3.247527528344672,1.0,0.5708122659555321,71.67235494880546,80.17064846416382,High,0,131
2010,WR,Arrelious Benn,4.955687476615645,5.356250000000001,0.40056252338435616,0.40056252338435616,1.0,0.7093828403929151,36.177474402730375,55.32423208191126,Medium,0,131
2010,WR,Golden Tate,6.360430204081633,7.978749999999999,1.6183197959183655,1.6183197959183655,1.0,0.6706429146642601,44.53924914675768,61.177474402730375,Medium,0,131
2010,WR,Damian Williams,6.219664175170066,6.14375,-0.07591417517006604,0.07591417517006604,1.0,0.6449619218045983,51.5358361774744,66.07508532423208,Medium,0,131
2010,WR,Brandon LaFell,5.978497576530613,7.953125,1.9746274234693866,1.9746274234693866,1.0,0.522999008295209,81.22866894197952,86.86006825938566,High,0,131
2010,WR,Emmanuel Sanders,6.493165909863943,5.89375,-0.5994159098639429,0.5994159098639429,1.0,0.5980964556245578,65.01706484641639,75.51194539249147,High,0,131
2010,WR,Jordan Shipley,5.472549832766442,5.73125,0.2587001672335578,0.2587001672335578,1.0,0.6196276194144571,59.21501706484642,71.45051194539249,High,0,131
2010,WR,Eric Decker,6.612893256802722,13.334375,6.721481743197278,6.721481743197278,1.0,0.6396620805618997,53.07167235494881,67.15017064846415,Medium,0,131
2010,WR,Andre Roberts,2.7930784110235,9.284375,6.491296588976501,6.491296588976501,0.10687022900763359,0.13383445693605914,96.75767918088737,70.93648229685016,Low,1,131
2010,WR,Armanti Edwards,2.658604286873841,0.5637500000000001,-2.094854286873841,2.094854286873841,0.10687022900763359,0.1428502410028102,95.39249146757679,69.98085089753276,Low,1,131
2010,WR,Taylor Price,3.4881931505102064,0.40625,-3.0819431505102064,3.0819431505102064,1.0,0.592537118559169,66.21160409556313,76.34812286689419,High,0,131
2010,WR,Mardy Gilyard,1.9621469604849504,0.4937499999999999,-1.4683969604849505,1.4683969604849505,0.10687022900763359,0.12325097156386615,97.95221843003414,71.7726597712529,Low,1,131
2010,WR,Mike Williams,4.793883371598637,13.785,8.991116628401363,8.991116628401363,1.0,0.705149694780865,37.37201365187713,56.160409556313994,Medium,0,131
2010,WR,Marcus Easley,5.959713528911564,0.0,-5.959713528911564,5.959713528911564,1.0,0.9206415901181483,9.897610921501707,36.9283276450512,Low,1,131
2010,WR,Jacoby Ford,3.0582208588435384,5.921874999999999,2.8636541411564607,2.8636541411564607,1.0,0.4378157287272514,88.22525597269625,91.75767918088737,High,0,131
2010,WR,David Reed,3.1007678628117907,0.596875,-2.5038928628117905,2.5038928628117905,1.0,0.8799798279099645,12.286689419795222,38.600682593856654,Medium,0,131
2010,WR,Riley Cooper,2.7763763732993207,3.728125,0.9517486267006792,0.9517486267006792,1.0,0.6461420900494176,51.19453924914675,65.83617747440272,Medium,0,131
2010,WR,Kerry Meier,2.752569834183673,0.0,-2.752569834183673,2.752569834183673,1.0,0.7832963600097049,22.525597269624573,45.767918088737204,Medium,0,131
2010,WR,Carlton Mitchell,1.942727653061224,0.21875,-1.723977653061224,1.723977653061224,1.0,0.6661501770173371,46.075085324232084,62.25255972696246,Medium,0,131
2010,WR,Dezmon Briscoe,2.6847242368197275,4.09375,1.4090257631802725,1.4090257631802725,1.0,0.638316282336936,53.242320819112635,67.26962457337885,Medium,0,131
2010,WR,Antonio Brown,2.577216098356009,11.71875,9.14153390164399,9.14153390164399,1.0,0.6551899826232798,49.48805460750853,64.64163822525597,Medium,0,131
2010,WR,Trindon Holliday,1.5936426530612249,0.490625,-1.103017653061225,1.103017653061225,1.0,1.0650937222987398,3.9249146757679183,32.74744027303754,Low,1,131
2010,WR,David Gettis,2.612627659438775,3.3125,0.699872340561225,0.699872340561225,1.0,0.5353374490700021,80.54607508532423,86.38225255972696,High,0,131
2010,WR,Joe Webb,1.236362789115646,2.731875,1.4955122108843542,1.4955122108843542,0.6946564885496184,1.3109477270936158,0.6825938566552902,21.317510356147253,Low,1,131
2010,WR,Kyle Williams,1.9036556526360544,3.39375,1.4900943473639454,1.4900943473639454,1.0,0.7249818729125654,32.081911262798634,52.45733788395904,Medium,0,131
2010,WR,Terrence Austin,1.415184508219955,0.98125,-0.43393450821995505,0.43393450821995505,0.9847328244274809,0.6096649797920058,61.60409556313993,72.66485162702237,High,0,131
2010,WR,Marc Mariani,1.314116005269532,0.80625,-0.507866005269532,0.507866005269532,0.0916030534351145,0.11034730262051644,99.31740614334471,72.27027590339473,Low,1,131
2010,WR,Dorin Dickerson,1.7942250871598653,0.559375,-1.2348500871598653,1.2348500871598653,1.0,0.73586387937267,29.180887372013654,50.42662116040955,Medium,0,131
2010,WR,Tim Toone,1.3176061590393728,0.0,-1.3176061590393728,1.3176061590393728,0.0916030534351145,0.25411228875072955,90.78498293515358,66.29757965766093,Low,1,131
2011,WR,A.J. Green,12.549884770408172,18.95,6.400115229591828,6.400115229591828,1.0,0.6346831033648925,54.26621160409556,67.98634812286689,Medium,0,131
2011,WR,Julio Jones,10.535928201530622,14.478125,3.9421967984693786,3.9421967984693786,1.0,0.6482828034778023,50.68259385665529,65.47781569965869,Medium,0,131
2011,WR,Jonathan Baldwin,9.67432737670068,3.465625,-6.208702376700679,6.208702376700679,1.0,1.0995155650615343,3.4129692832764507,32.389078498293514,Low,1,131
2011,WR,Titus Young,5.6689142761801685,7.750000000000001,2.0810857238198324,2.0810857238198324,1.0,0.6258922743983284,57.16723549488054,70.01706484641637,High,0,131
2011,WR,Torrey Smith,6.050343711734693,12.1,6.049656288265306,6.049656288265306,1.0,0.5661334145375694,73.37883959044369,81.36518771331058,High,0,131
2011,WR,Greg Little,4.7838169727891175,9.01875,4.234933027210883,4.234933027210883,1.0,0.7494200876093321,27.13310580204778,48.99317406143344,Medium,0,131
2011,WR,Randall Cobb,6.57653272959184,10.896874999999998,4.320342270408158,4.320342270408158,1.0,0.48391330015303835,86.51877133105802,90.56313993174061,High,0,131
2011,WR,Austin Pettis,3.755356052295919,5.6875,1.932143947704081,1.932143947704081,1.0,0.7227369923006909,32.593856655290104,52.81569965870307,Medium,0,131
2011,WR,Leonard Hankerson,5.920110894982995,6.134375,0.21426410501700577,0.21426410501700577,1.0,0.5350838637117563,80.88737201365188,86.62116040955632,High,0,131
2011,WR,Vincent Brown,8.888560858843537,4.940625,-3.947935858843537,3.947935858843537,1.0,0.6000362277756935,64.50511945392492,75.15358361774744,High,0,131
2011,WR,Jerrel Jernigan,7.917465369897961,2.85625,-5.061215369897961,5.061215369897961,1.0,0.6254096559084061,57.33788395904437,70.13651877133105,High,0,131
2011,WR,Kris Durham,3.454728465136057,3.859375,0.404646534863943,0.404646534863943,0.9847328244274809,0.8048212697812394,20.477815699658702,43.87645572258552,Medium,0,131
2011,WR,Clyde Gates,1.5438423022959191,1.99375,0.4499076977040808,0.4499076977040808,0.10687022900763359,0.16577101087634566,93.34470989761093,68.54740379855666,Low,1,131
2011,WR,Greg Salas,7.395342801870747,2.390625,-5.004717801870747,5.004717801870747,1.0,0.6610566772827479,47.781569965870304,63.44709897610921,Medium,0,131
2011,WR,Cecil Shorts,1.7316444472789123,11.06875,9.337105552721088,9.337105552721088,0.10687022900763359,0.11294826339294159,98.97610921501706,72.48938332074094,Low,1,131
2011,WR,Tandon Doss,3.7375027338435394,2.525,-1.2125027338435395,1.2125027338435395,1.0,0.5810917894047318,69.28327645051195,78.49829351535837,High,0,131
2011,WR,Kealoha Pilares,4.296184347363944,0.621875,-3.674309347363944,3.674309347363944,1.0,0.6179722864593937,59.72696245733788,71.80887372013652,High,0,131
2011,WR,Denarius Moore,3.309440340136056,9.753125,6.443684659863944,6.443684659863944,1.0,0.6354759559361286,54.09556313993175,67.86689419795222,Medium,0,131
2011,WR,Jeremy Kerley,1.6743143601190469,8.486875,6.812560639880953,6.812560639880953,1.0,0.6886539975400229,41.29692832764505,58.907849829351534,Medium,0,131
2011,WR,Niles Paul,2.068718403486393,1.19375,-0.8749684034863927,0.8749684034863927,1.0,0.6579097674030182,48.634812286689424,64.04436860068259,Medium,0,131
2011,WR,Ryan Whalen,0.9599227083333334,0.59375,-0.3661727083333334,0.3661727083333334,1.0,0.7307396382151636,30.716723549488055,51.50170648464164,Medium,0,131
2011,WR,Dwayne Harris,3.609144113520408,2.7750000000000004,-0.8341441135204075,0.8341441135204075,1.0,0.5643368669767017,74.57337883959045,82.20136518771331,High,0,131
2011,WR,Aldrick Robinson,3.356077370323132,3.75625,0.40017262967686795,0.40017262967686795,1.0,0.6123221978835709,61.092150170648466,72.76450511945393,High,0,131
2011,WR,Ronald Johnson,2.342673446003401,0.0,-2.342673446003401,2.342673446003401,1.0,0.5960244855689046,65.18771331058021,75.63139931740614,High,0,131
2011,WR,Scotty McKnight,2.713823216411566,0.0,-2.713823216411566,2.713823216411566,0.9847328244274809,0.4679802375385666,87.20136518771331,90.58294036422373,High,0,131
2011,WR,Stephen Burton,4.4143623852040825,0.9125,-3.5018623852040824,3.5018623852040824,0.10687022900763359,0.16264155881661296,93.51535836177474,68.66685772347132,Low,1,131
2011,WR,David Ausberry,1.136680025510203,0.60625,-0.530430025510203,0.530430025510203,0.9847328244274809,0.7363703183058556,28.83959044368601,49.72969804340463,Medium,0,131
2011,WR,DeMarco Sampson,2.0038815603741496,0.20625,-1.7976315603741495,1.7976315603741495,1.0,0.6213474282229479,58.02047781569966,70.61433447098976,High,0,131
2012,WR,Justin Blackmon,13.741077380952389,8.162500000000001,-5.578577380952387,5.578577380952387,1.0,0.9221597107557704,9.556313993174061,36.689419795221845,Low,1,131
2012,WR,Michael Floyd,13.41491535289116,11.3875,-2.027415352891161,2.027415352891161,1.0,0.6866669430612149,41.467576791808874,59.027303754266214,Medium,0,131
2012,WR,Kendall Wright,13.574447657312923,11.931250000000002,-1.6431976573129212,1.6431976573129212,1.0,0.6522918963950443,49.658703071672356,64.76109215017064,Medium,0,131
2012,WR,A.J. Jenkins,11.02805127551021,1.240625,-9.78742627551021,9.78742627551021,1.0,0.8311468391243002,17.576791808873722,42.303754266211605,Medium,0,131
2012,WR,Brian Quick,4.545748754251703,4.396875,-0.1488737542517038,0.1488737542517038,0.10687022900763359,0.1924065482083767,92.4914675767918,67.95013417398327,Low,1,131
2012,WR,Stephen Hill,7.2104130824829955,3.95,-3.2604130824829953,3.2604130824829953,1.0,0.8414357234913858,17.064846416382252,41.94539249146757,Medium,0,131
2012,WR,Alshon Jeffery,6.59100051445578,17.0375,10.446499485544221,10.446499485544221,1.0,0.65671152508478,48.97610921501707,64.28327645051195,Medium,0,131
2012,WR,Ryan Broyles,7.48496384141157,2.546875,-4.93808884141157,4.93808884141157,1.0,0.715048865912047,34.641638225255974,54.249146757679185,Medium,0,131
2012,WR,Rueben Randle,6.4227870110544245,10.028125,3.605337988945575,3.605337988945575,1.0,0.6493928940465644,50.170648464163826,65.11945392491467,Medium,0,131
2012,WR,DeVier Posey,5.4420960119047646,1.590625,-3.8514710119047644,3.8514710119047644,1.0,0.6582988813891004,48.122866894197955,63.68600682593856,Medium,0,131
2012,WR,T.J. Graham,4.381228607568025,4.38125,2.139243197429863e-05,2.139243197429863e-05,1.0,0.5663436905840771,73.20819112627987,81.24573378839591,High,0,131
2012,WR,Mohamed Sanu,8.076305850340132,8.88625,0.8099441496598683,0.8099441496598683,1.0,0.7212494626068506,33.105802047781566,53.17406143344709,Medium,0,131
2012,WR,T.Y. Hilton,6.556635488945578,14.98125,8.424614511054422,8.424614511054422,1.0,0.8159184496748983,18.771331058020476,43.13993174061433,Medium,0,131
2012,WR,Chris Givens,5.565000494614515,6.9593750000000005,1.3943745053854855,1.3943745053854855,1.0,0.7704949362786593,24.2320819112628,46.96245733788396,Medium,0,131
2012,WR,Travis Benjamin,3.997509213435373,4.340624999999999,0.3431157865646264,0.3431157865646264,1.0,0.5225555710124467,81.39931740614334,86.97952218430034,High,0,131
2012,WR,Joe Adams,3.86160529761905,0.09375,-3.76785529761905,3.76785529761905,1.0,0.5002286045938511,84.81228668941979,89.36860068259385,High,0,131
2012,WR,Devon Wylie,2.940921447704084,0.3531249999999999,-2.587796447704084,2.587796447704084,1.0,1.2154223963118902,1.5358361774744027,31.07508532423208,Low,1,131
2012,WR,Jarius Wright,4.264665886479594,6.478125,2.2134591135204067,2.2134591135204067,1.0,0.4112068131577674,88.73720136518772,92.1160409556314,High,0,131
2012,WR,Keshawn Martin,3.87123574829932,2.9718750000000003,-0.8993607482993196,0.8993607482993196,1.0,0.4985149670332916,85.15358361774744,89.6075085324232,High,0,131
2012,WR,Nick Toon,3.86022042162698,1.678125,-2.18209542162698,2.18209542162698,1.0,0.3850279526340664,89.24914675767917,92.47440273037542,High,0,131
2012,WR,Greg Childs,3.4343006335034,0.0,-3.4343006335034,3.4343006335034,1.0,0.7221307535716941,32.76450511945392,52.93515358361775,Medium,0,131
2012,WR,Danny Coale,3.336950525085034,0.0,-3.336950525085034,3.336950525085034,1.0,0.6004121578830276,64.16382252559727,74.91467576791808,High,0,131
2012,WR,Marvin Jones,2.319280342261901,7.421875,5.1025946577380985,5.1025946577380985,1.0,0.6845286200588563,41.63822525597269,59.14675767918088,Medium,0,131
2012,WR,Juron Criner,3.791000469812926,1.415625,-2.375375469812926,2.375375469812926,1.0,0.7553251997550829,26.109215017064848,48.27645051194539,Medium,0,131
2012,WR,B.J. Cunningham,2.930008103741496,0.0,-2.930008103741496,2.930008103741496,1.0,0.5165594066616074,81.91126279863481,87.33788395904436,High,0,131
2012,WR,Marvin McNutt,3.0702110565476186,0.0,-3.0702110565476186,3.0702110565476186,1.0,0.9825921109815068,7.337883959044368,35.136518771331055,Low,1,131
2012,WR,Tommy Streeter,3.489716150085032,0.0,-3.489716150085032,3.489716150085032,1.0,0.7675478683550824,24.914675767918087,47.44027303754266,Medium,0,131
2012,WR,LaVon Brazill,2.067403647959183,2.365625,0.29822135204081723,0.29822135204081723,1.0,0.5792658875134802,69.7952218430034,78.85665529010238,High,0,131
2012,WR,Rishard Matthews,3.3153386798469366,4.2375,0.9221613201530632,0.9221613201530632,1.0,0.7509159138736468,26.791808873720136,48.75426621160409,Medium,0,131
2012,WR,Toney Clemons,1.196238767006803,0.221875,-0.974363767006803,0.974363767006803,0.9847328244274809,0.5902267198350096,66.89419795221842,76.36792329937731,High,0,131
2012,WR,Jeremy Ebert,1.6506999255952366,0.15,-1.5006999255952367,1.5006999255952367,0.9847328244274809,0.5157539829494131,82.42320819112628,87.2382304666128,High,0,131
2012,WR,Junior Hemingway,1.4335531717687082,1.884375,0.4508218282312917,0.4508218282312917,1.0,0.5626086663279055,75.59726962457339,82.91808873720137,High,0,131
2012,WR,Jordan White,3.3382078103741497,0.071875,-3.26633281037415,3.26633281037415,1.0,0.8687536846760932,13.651877133105803,39.55631399317406,Medium,0,131
2013,WR,Tavon Austin,11.028515131802733,10.3625,-0.6660151318027321,0.6660151318027321,1.0,0.6914892553458372,40.44368600682594,58.31058020477816,Medium,0,131
2013,WR,DeAndre Hopkins,12.686231938775522,17.565625,4.879393061224478,4.879393061224478,1.0,0.6337594761108745,54.436860068259385,68.10580204778157,Medium,0,131
2013,WR,Cordarrelle Patterson,8.630190590986388,8.024999999999999,-0.605190590986389,0.605190590986389,0.7099236641221374,0.6219199376468217,57.84982935153583,61.7925904697392,Low,1,131
2013,WR,Justin Hunter,6.203497448979595,5.4125,-0.7909974489795957,0.7909974489795957,1.0,0.797486793502188,20.989761092150168,44.69283276450511,Medium,0,131
2013,WR,Robert Woods,7.34036399659864,8.9125,1.5721360034013596,1.5721360034013596,1.0,0.875602407322617,12.627986348122866,38.839590443686006,Medium,0,131
2013,WR,Aaron Dobson,5.626489383503403,4.375,-1.2514893835034027,1.2514893835034027,1.0,1.0467971001375713,4.778156996587031,33.34470989761092,Low,1,131
2013,WR,Terrance Williams,6.4600324787415,9.4375,2.9774675212585002,2.9774675212585002,1.0,0.7711026776142782,24.061433447098977,46.84300341296928,Medium,0,131
2013,WR,Keenan Allen,8.837847066326534,12.465625,3.6277779336734657,3.6277779336734657,1.0,0.8146240788235607,19.283276450511945,43.49829351535836,Medium,0,131
2013,WR,Marquise Goodwin,3.1346394897959176,2.1437500000000003,-0.9908894897959173,0.9908894897959173,1.0,0.5378126725362151,79.86348122866895,85.90443686006826,High,0,131
2013,WR,Markus Wheaton,6.899957142857138,8.81875,1.9187928571428614,1.9187928571428614,1.0,0.6670439460149359,45.73378839590443,62.0136518771331,Medium,0,131
2013,WR,Stedman Bailey,7.739440276360537,4.240625,-3.4988152763605376,3.4988152763605376,1.0,0.8538779908545286,15.358361774744028,40.750853242320815,Medium,0,131
2013,WR,Ace Sanders,3.158006785714285,3.816875,0.658868214285715,0.658868214285715,1.0,0.5263495312734998,81.05802047781569,86.74061433447098,High,0,131
2013,WR,Josh Boyce,4.718676641156464,0.659375,-4.059301641156464,4.059301641156464,1.0,0.655959716412109,49.14675767918089,64.40273037542661,Medium,0,131
2013,WR,Chris Harper,3.989668030045346,0.0,-3.989668030045346,3.989668030045346,1.0,0.760706013615218,25.7679180887372,48.03754266211604,Medium,0,131
2013,WR,Quinton Patton,6.649860850340137,2.653125,-3.996735850340137,3.996735850340137,1.0,0.7063580081084841,37.03071672354949,55.92150170648464,Medium,0,131
2013,WR,Denard Robinson,2.2961850425170054,5.675000000000001,3.3788149574829953,3.3788149574829953,0.7099236641221374,0.8226542104088053,18.25938566552901,34.079279889534426,Low,1,131
2013,WR,Kenny Stills,4.537743112244898,9.40625,4.868506887755102,4.868506887755102,1.0,0.5683186500074068,72.6962457337884,80.88737201365188,High,0,131
2013,WR,Tavarres King,2.7887843920068023,0.103125,-2.6856593920068024,2.6856593920068024,1.0,0.5596780148677565,76.45051194539249,83.51535836177474,High,0,131
2013,WR,Corey Fuller,1.4372708439625843,1.5875,0.1502291560374156,0.1502291560374156,1.0,0.9138621414013672,10.238907849829351,37.16723549488054,Medium,0,131
2013,WR,Justin Brown,2.252480297619047,0.60625,-1.646230297619047,1.646230297619047,0.9847328244274809,0.6126631067238504,60.75085324232082,72.067582002449,High,0,131
2013,WR,Alan Bonner,2.3707477267573687,0.0,-2.3707477267573687,2.3707477267573687,0.10687022900763359,0.12845971936778253,97.26962457337885,71.2948440715942,Low,1,131
2013,WR,Cobi Hamilton,2.695247852891156,0.0,-2.695247852891156,2.695247852891156,1.0,0.6951107243740091,39.59044368600683,57.71331058020478,Medium,0,131
2013,WR,Brice Butler,0.7359685501700679,3.2750000000000004,2.5390314498299325,2.5390314498299325,0.9847328244274809,0.6037049088231781,63.310580204778155,73.85939087616913,High,0,131
2013,WR,Charles Johnson,1.4727528231292493,3.534375,2.0616221768707508,2.0616221768707508,0.0916030534351145,0.1618770803867908,93.68600682593856,68.32829638121044,Low,1,131
2013,WR,Kevin Dorsey,1.1542386607142856,0.04375,-1.1104886607142856,1.1104886607142856,0.9847328244274809,0.6130271948077577,60.580204778157,71.94812807753432,High,0,131
2013,WR,Marquess Wilson,3.3954376977040828,3.66875,0.2733123022959174,0.2733123022959174,1.0,0.8407044981460763,17.235494880546078,42.06484641638225,Medium,0,131
2013,WR,Aaron Mellette,2.6535122767857144,0.0,-2.6535122767857144,2.6535122767857144,0.10687022900763359,0.11988322125085485,98.63481228668942,72.2504754709116,Low,1,131
2014,WR,Sammy Watkins,12.57098082057823,13.025,0.4540191794217705,0.4540191794217705,1.0,0.619122578678726,59.38566552901023,71.56996587030716,High,0,131
2014,WR,Mike Evans,14.988583711734687,17.1625,2.173916288265314,2.173916288265314,1.0,0.7719826021381639,23.890784982935152,46.7235494880546,Medium,0,131
2014,WR,Odell Beckham,8.730909761904758,19.259375,10.52846523809524,10.52846523809524,1.0,0.5538714464132879,78.15699658703072,84.7098976109215,High,0,131
2014,WR,Brandin Cooks,10.670735085034012,15.621875,4.951139914965987,4.951139914965987,1.0,0.638075554747623,53.412969283276446,67.38907849829351,Medium,0,131
2014,WR,Kelvin Benjamin,9.935840046768725,13.215625,3.2797849532312746,3.2797849532312746,1.0,0.85645664850779,15.017064846416384,40.51194539249147,Medium,0,131
2014,WR,Marqise Lee,10.120866530612243,8.328125,-1.7927415306122434,1.7927415306122434,1.0,0.8956441893402257,11.774744027303754,38.24232081911263,Medium,0,131
2014,WR,Jordan Matthews,9.156508120748306,13.528125,4.371616879251693,4.371616879251693,1.0,0.7077022430977163,36.689419795221845,55.68259385665529,Medium,0,131
2014,WR,Paul Richardson,8.184971318027213,3.7,-4.484971318027212,4.484971318027212,1.0,0.6053682749335201,62.79863481228669,73.95904436860067,High,0,131
2014,WR,Davante Adams,7.76875332482993,11.03125,3.2624966751700697,3.2624966751700697,1.0,1.1009761251589705,3.242320819112628,32.26962457337884,Low,1,131
2014,WR,Cody Latimer,6.194565034013606,1.05,-5.144565034013606,5.144565034013606,1.0,0.5897612649637687,67.06484641638225,76.94539249146757,High,0,131
2014,WR,Allen Robinson,8.346469931972786,15.728125,7.381655068027214,7.381655068027214,1.0,0.800939542900865,20.648464163822524,44.45392491467577,Medium,0,131
2014,WR,Jarvis Landry,7.754113612528343,15.895625,8.141511387471658,8.141511387471658,1.0,0.6895700348564413,40.955631399317404,58.66894197952218,Medium,0,131
2014,WR,Josh Huff,4.691286812641722,3.65625,-1.0350368126417218,1.0350368126417218,1.0,0.5724353167143498,71.160409556314,79.81228668941979,High,0,131
2014,WR,Donte Moncrief,7.061986581632647,8.621875,1.5598884183673523,1.5598884183673523,1.0,0.5617170709058013,75.76791808873719,83.03754266211604,High,0,131
2014,WR,John Brown,3.6684938140976087,11.078125,7.409631185902391,7.409631185902391,0.10687022900763359,0.20212665489869294,92.15017064846417,67.71122632415393,Low,1,131
2014,WR,Dri Archer,4.36324514030612,0.415625,-3.9476201403061197,3.9476201403061197,1.0,0.6737443525068889,43.85665529010239,60.69965870307167,Medium,0,131
2014,WR,Jalen Saunders,3.3955787500000003,0.053125,-3.3424537500000002,3.3424537500000002,1.0,0.6886946720645375,41.12627986348123,58.788395904436854,Medium,0,131
2014,WR,Bruce Ellington,3.901779539399092,1.9375,-1.964279539399092,1.964279539399092,1.0,0.44060545939420204,88.05460750853243,91.63822525597269,High,0,131
2014,WR,Shaquelle Evans,3.822250525793652,0.0,-3.822250525793652,3.822250525793652,1.0,0.5027208684060297,83.95904436860067,88.77133105802046,High,0,131
2014,WR,Martavis Bryant,3.871090971513605,9.384375,5.513284028486396,5.513284028486396,1.0,0.7471696906286204,27.64505119453925,49.351535836177476,Medium,0,131
2014,WR,Kevin Norwood,3.99154021400227,0.6000000000000001,-3.39154021400227,3.39154021400227,1.0,0.6152769096612488,60.068259385665534,72.04778156996588,High,0,131
2014,WR,Ryan Grant,4.548622060657595,2.45,-2.098622060657595,2.098622060657595,1.0,0.6397851863873797,52.901023890784984,67.03071672354949,Medium,0,131
2014,WR,Devin Street,3.124547937925169,0.81875,-2.3057979379251687,2.3057979379251687,1.0,0.5164940563337465,82.08191126279864,87.45733788395904,High,0,131
2014,WR,Jared Abbrederis,1.312834122023809,0.684375,-0.6284591220238089,0.6284591220238089,1.0,0.5838636859460277,68.08873720136519,77.66211604095562,High,0,131
2014,WR,Robert Herron,2.4330214675453514,0.5562499999999999,-1.8767714675453515,1.8767714675453515,1.0,0.5911425483196491,66.55290102389078,76.58703071672355,High,0,131
2014,WR,T.J. Jones,2.204912049319728,1.35,-0.854912049319728,0.854912049319728,1.0,0.36843702964323055,89.76109215017065,92.83276450511946,High,0,131
2014,WR,Matt Hazel,1.1001576580215415,0.0,-1.1001576580215415,1.1001576580215415,0.10687022900763359,0.10584844870011345,99.48805460750853,72.84774509548497,Low,1,131
2014,WR,Walt Powell,0.9167253684807244,0.8812500000000001,-0.0354753684807243,0.0354753684807243,0.0916030534351145,0.09225685728484724,100.0,72.74809160305344,Low,1,131
2014,WR,Quincy Enunwa,2.620111590136057,6.949999999999999,4.329888409863942,4.329888409863942,1.0,0.5924187269014077,66.38225255972696,76.46757679180888,High,0,131
2014,WR,Michael Campanaro,3.518335461309524,1.23125,-2.287085461309524,2.287085461309524,1.0,0.655412755216423,49.31740614334471,64.5221843003413,Medium,0,131
2014,WR,Jeff Janis,2.490280795068025,1.4374999999999998,-1.0527807950680252,1.0527807950680252,0.10687022900763359,0.1203977797007086,98.29351535836177,72.01156762108225,Low,1,131
2014,WR,James Wright,1.3223537797619045,1.253125,-0.06922877976190445,0.06922877976190445,0.9847328244274809,0.8638394435871236,14.334470989761092,39.57611442565719,Medium,0,131
2014,WR,Tevin Reese,1.229592523384354,0.0,-1.229592523384354,1.229592523384354,1.0,0.8166334861431664,18.600682593856654,43.02047781569966,Medium,0,131
2015,WR,Amari Cooper,12.059846947278908,13.90625,1.846403052721092,1.846403052721092,1.0,0.7758208580355903,23.208191126279864,46.2457337883959,Medium,0,131
2015,WR,Kevin White,11.62473872448979,1.2875,-10.33723872448979,10.33723872448979,1.0,0.8707979099079106,13.310580204778159,39.31740614334471,Medium,0,131
2015,WR,DeVante Parker,9.874223711734698,8.887500000000001,-0.9867237117346974,0.9867237117346974,1.0,0.9106481985227818,10.580204778156997,37.406143344709896,Medium,0,131
2015,WR,Nelson Agholor,11.186434119897964,8.606250000000001,-2.5801841198979627,2.5801841198979627,1.0,0.5676770754471556,72.86689419795222,81.00682593856655,High,0,131
2015,WR,Breshad Perriman,9.10170539540816,3.7125,-5.38920539540816,5.38920539540816,1.0,0.7321710296871909,29.86348122866894,50.90443686006826,Medium,0,131
2015,WR,Phillip Dorsett,9.623633265306118,4.59375,-5.029883265306118,5.029883265306118,1.0,0.5694189133905986,72.52559726962457,80.76791808873719,High,0,131
2015,WR,Devin Smith,6.912992151360542,0.921875,-5.991117151360542,5.991117151360542,1.0,0.7868150039780766,21.672354948805463,45.170648464163826,Medium,0,131
2015,WR,Dorial Green-Beckham,5.185650973639461,6.253124999999999,1.0674740263605376,1.0674740263605376,1.0,0.8542046689452505,15.187713310580206,40.63139931740614,Medium,0,131
2015,WR,Tyler Lockett,8.935483473639449,9.115625,0.18014152636055059,0.18014152636055059,1.0,0.6521015257607532,49.829351535836174,64.88054607508532,Medium,0,131
2015,WR,Jaelen Strong,8.113812104591839,2.35,-5.763812104591839,5.763812104591839,1.0,0.6209656400171474,58.36177474402731,70.8532423208191,High,0,131
2015,WR,Chris Conley,3.278665573979593,4.371875,1.0932094260204073,1.0932094260204073,1.0,0.5087552877909478,83.27645051194538,88.29351535836176,High,0,131
2015,WR,Sammie Coates,6.923469985119031,2.840625,-4.0828449851190305,4.0828449851190305,1.0,0.6249361372228327,57.508532423208194,70.25597269624573,High,0,131
2015,WR,Ty Montgomery,5.894325454931976,7.253124999999999,1.358799545068023,1.358799545068023,1.0,0.5847384584086022,67.91808873720136,77.54266211604096,High,0,131
2015,WR,Jamison Crowder,5.100890744047619,11.36875,6.267859255952382,6.267859255952382,1.0,0.683880062128992,41.979522184300336,59.38566552901023,Medium,0,131
2015,WR,Justin Hardy,3.827024187925172,3.91875,0.0917258120748281,0.0917258120748281,1.0,0.5903018421019823,66.72354948805462,76.70648464163823,High,0,131
2015,WR,Vince Mayle,5.264079230442179,0.19375,-5.070329230442179,5.070329230442179,1.0,0.8679410000863769,13.993174061433447,39.79522184300341,Medium,0,131
2015,WR,DeAndre Smelter,4.312304562074825,0.103125,-4.209179562074825,4.209179562074825,1.0,0.7067976308135266,36.86006825938566,55.80204778156997,Medium,0,131
2015,WR,Rashad Greene,2.6154135544217687,1.703125,-0.9122885544217687,0.9122885544217687,1.0,0.5554602787371525,77.47440273037543,84.2320819112628,High,0,131
2015,WR,Stefon Diggs,3.548257376700678,12.234375,8.686117623299321,8.686117623299321,1.0,0.6693227139871534,44.88054607508533,61.41638225255973,Medium,0,131
2015,WR,Tony Lippett,3.542107056405896,0.0,-3.542107056405896,3.542107056405896,1.0,0.4522486353779859,87.54266211604096,91.27986348122866,High,0,131
2015,WR,JJ Nelson,2.4623077239229043,7.26875,4.806442276077096,4.806442276077096,0.7099236641221374,0.7218031826484486,32.93515358361775,44.35231743219654,Low,1,131
2015,WR,Kenny Bell,2.8000264902210885,0.0,-2.8000264902210885,2.8000264902210885,1.0,0.49281787829969137,85.83617747440273,90.08532423208192,High,0,131
2015,WR,Keith Mumphery,1.369255284863945,1.36875,-0.0005052848639450769,0.0005052848639450769,1.0,0.5045162156068306,83.78839590443687,88.65187713310581,High,0,131
2015,WR,Kaelin Clay,1.3007355725623575,0.9125,-0.3882355725623575,0.3882355725623575,0.7099236641221374,0.6276447285632959,56.14334470989761,60.598051220592446,Low,1,131
2015,WR,Geremy Davis,2.7138960012755096,0.128125,-2.5857710012755097,2.5857710012755097,1.0,0.6629411902488217,47.610921501706486,63.32764505119454,Medium,0,131
2015,WR,Evan Spencer,1.259566862244898,0.0,-1.259566862244898,1.259566862244898,0.9847328244274809,1.138137959254371,2.04778156996587,30.975431831800535,Low,1,131
2015,WR,Darren Waller,2.1865041113945574,1.071875,-1.1146291113945574,1.1146291113945574,1.0,0.7148178734543921,34.8122866894198,54.36860068259386,Medium,0,131
2015,WR,Neal Sterling,2.632059202806124,1.1625,-1.4695592028061237,1.4695592028061237,0.0916030534351145,0.19409331218025855,92.32081911262799,67.37266498189302,Low,1,131
2015,WR,Andre Debose,1.2676169416099785,0.0,-1.2676169416099785,1.2676169416099785,0.9847328244274809,1.0362306691507657,5.460750853242321,33.36451033009405,Low,1,131
2015,WR,Da'Ron Brown,2.9894938562925173,0.0,-2.9894938562925173,2.9894938562925173,1.0,0.5893982075421608,67.23549488054607,77.06484641638224,High,0,131
2015,WR,Dezmin Lewis,2.2923522066326543,0.0,-2.2923522066326543,2.2923522066326543,0.0916030534351145,0.13627031394836214,96.41638225255973,70.23955917984524,Low,1,131
2015,WR,Mario Alford,3.053745113378686,0.078125,-2.975620113378686,2.975620113378686,1.0,0.7867807530007405,21.843003412969285,45.2901023890785,Medium,0,131
2015,WR,Tre McBride,1.7627000850340138,1.0,-0.7627000850340138,0.7627000850340138,0.10687022900763359,0.113202233835307,98.80546075085324,72.36992939582628,Low,1,131
2016,WR,Corey Coleman,12.879383422619052,4.9625,-7.916883422619051,7.916883422619051,1.0,0.6261945632600904,56.655290102389074,69.65870307167235,Medium,0,131
2016,WR,Will Fuller,5.929676027494329,7.543750000000001,1.6140739725056719,1.6140739725056719,0.10687022900763359,0.36942732052070676,89.59044368600682,65.91941745043377,Low,1,131
2016,WR,Josh Doctson,11.7901031207483,7.15625,-4.6338531207483005,4.6338531207483005,1.0,0.6967457168579192,38.737201365187715,57.1160409556314,Medium,0,131
2016,WR,Laquon Treadwell,11.736085778061218,3.475,-8.261085778061219,8.261085778061219,1.0,0.5640710814740141,74.74402730375427,82.32081911262799,High,0,131
2016,WR,Sterling Shepard,7.668121267006798,11.465625,3.797503732993201,3.797503732993201,1.0,0.5541326143548999,77.81569965870307,84.47098976109214,High,0,131
2016,WR,Michael Thomas,5.550539057539676,17.9375,12.386960942460323,12.386960942460323,1.0,0.5022459082995676,84.30034129692832,89.01023890784982,High,0,131
2016,WR,Tyler Boyd,11.21601822278911,10.7875,-0.4285182227891102,0.4285182227891102,1.0,0.6994927762313106,38.56655290102389,56.996587030716725,Medium,0,131
2016,WR,Braxton Miller,3.632013231292517,2.25625,-1.3757632312925168,1.3757632312925168,0.7099236641221374,0.6261899772675763,56.8259385665529,61.07586692025115,Low,1,131
2016,WR,Leonte Carroo,7.655033588435369,1.021875,-6.63315858843537,6.63315858843537,1.0,0.7577877284482767,25.938566552901023,48.15699658703072,Medium,0,131
2016,WR,Chris Moore,2.709913516156464,3.31875,0.6088364838435361,0.6088364838435361,1.0,1.260472449227689,1.023890784982935,30.716723549488055,Low,1,131
2016,WR,Malcolm Mitchell,2.6540040851757367,3.0031250000000003,0.34912091482426355,0.34912091482426355,1.0,0.6007433343922033,63.99317406143344,74.79522184300342,High,0,131
2016,WR,Ricardo Louis,3.4901668601190483,3.1625,-0.3276668601190482,0.3276668601190482,1.0,0.6020294524974882,63.48122866894198,74.43686006825939,High,0,131
2016,WR,Pharoh Cooper,4.075995846088434,1.5187500000000005,-2.557245846088433,2.557245846088433,1.0,0.6089627982000682,61.94539249146758,73.3617747440273,High,0,131
2016,WR,Demarcus Robinson,3.3357629676870766,3.65625,0.3204870323129234,0.3204870323129234,1.0,0.5699197677011874,72.01365187713311,80.40955631399318,High,0,131
2016,WR,Tajae Sharpe,5.96751670493197,5.515625,-0.4518917049319704,0.4518917049319704,1.0,0.7679185532060196,24.573378839590443,47.20136518771331,Medium,0,131
2016,WR,Jordan Payton,1.6851788647959187,0.040625,-1.6445538647959188,1.6445538647959188,1.0,0.49428879004689874,85.6655290102389,89.96587030716722,High,0,131
2016,WR,Trevor Davis,1.4467491652494324,0.7718750000000001,-0.6748741652494323,0.6748741652494323,1.0,0.6793736879649459,42.32081911262799,59.624573378839585,Medium,0,131
2016,WR,Tyreek Hill,3.0227326296768697,18.1,15.077267370323131,15.077267370323131,0.6946564885496184,0.726624503565697,31.569965870307165,42.93867076570356,Low,1,131
2016,WR,Rashard Higgins,4.739437903911563,5.8375,1.0980620960884373,1.0980620960884373,1.0,0.8079096950993234,20.13651877133106,44.09556313993174,Medium,0,131
2016,WR,Moritz Boehringer,1.919486604630488,0.0,-1.919486604630488,1.919486604630488,0.0916030534351145,0.1886643484678025,92.83276450511946,67.73102675663705,Low,1,131
2016,WR,Jakeem Grant,1.751558422425789,3.7125,1.960941577574211,1.960941577574211,0.9847328244274809,0.554049369812176,77.98634812286689,84.13242841883124,High,0,131
2016,WR,Kolby Listenbee,1.2095842524092966,0.0,-1.2095842524092966,1.2095842524092966,1.0,0.6673336896156566,45.563139931740615,61.89419795221843,Medium,0,131
2016,WR,Cody Core,1.149415381235828,2.3125,1.163084618764172,1.163084618764172,1.0,1.2778798158005913,0.8532423208191127,30.59726962457338,Low,1,131
2016,WR,Mike Thomas,3.035821675170068,0.65625,-2.379571675170068,2.379571675170068,0.9847328244274809,0.7440924906840684,28.498293515358363,49.49079019357528,Medium,0,131
2016,WR,Aaron Burbridge,1.972769149659864,0.49375,-1.4790191496598641,1.4790191496598641,1.0,0.633535658693915,54.778156996587036,68.34470989761093,Medium,0,131
2016,WR,Devin Lucien,1.2493416907596366,0.0,-1.2493416907596366,1.2493416907596366,0.9847328244274809,0.5934042572926328,66.04095563139933,75.77065367480395,High,0,131
2016,WR,Demarcus Ayers,2.017680578231292,0.5031249999999999,-1.5145555782312923,1.5145555782312923,1.0,0.6491591268635453,50.34129692832765,65.23890784982936,Medium,0,131
2016,WR,Daniel Braverman,2.079760286989797,0.0,-2.079760286989797,2.079760286989797,0.9847328244274809,0.680635524712552,42.15017064846416,59.04710418674934,Medium,0,131
2016,WR,Devin Fuller,0.7400099319727894,0.0,-0.7400099319727894,0.7400099319727894,0.9847328244274809,0.8678667646438942,14.163822525597269,39.456660500742515,Medium,0,131
2016,WR,Charone Peake,0.9146151275510208,1.3156250000000005,0.4010098724489797,0.4010098724489797,1.0,0.5783247538909139,69.96587030716724,78.97610921501706,High,0,131
2016,WR,Kenny Lawler,1.2727780463435376,0.0,-1.2727780463435376,1.2727780463435376,1.0,0.5653415350726616,73.89078498293516,81.7235494880546,High,0,131
2017,WR,Corey Davis,10.78439401785715,9.334375,-1.4500190178571497,1.4500190178571497,1.0,0.9587252692408569,7.849829351535837,35.49488054607509,Low,1,131
2017,WR,Mike Williams,8.352311130952375,10.671875,2.3195638690476255,2.3195638690476255,1.0,0.5646754550543329,74.40273037542661,82.08191126279863,High,0,131
2017,WR,John Ross,8.570378584183677,5.621874999999999,-2.948503584183678,2.948503584183678,1.0,0.8088455145782387,19.795221843003414,43.85665529010239,Medium,0,131
2017,WR,Zay Jones,10.073560463435369,7.368749999999999,-2.7048104634353702,2.7048104634353702,1.0,1.106422606112886,3.0716723549488054,32.15017064846416,Low,1,131
2017,WR,Curtis Samuel,7.9506930782313,9.703125,1.7524319217687,1.7524319217687,1.0,0.5582491063964513,76.79180887372013,83.75426621160409,High,0,131
2017,WR,JuJu Smith-Schuster,7.993713014455786,15.45625,7.462536985544214,7.462536985544214,1.0,0.5664995856787969,73.03754266211604,81.12627986348122,High,0,131
2017,WR,Cooper Kupp,5.268939770224817,13.98125,8.712310229775182,8.712310229775182,0.10687022900763359,0.18980561648050664,92.66211604095564,68.06958809889795,Low,1,131
2017,WR,Taywan Taylor,6.800360401785712,4.28125,-2.5191104017857118,2.5191104017857118,1.0,0.6426489089227204,52.389078498293514,66.67235494880546,Medium,0,131
2017,WR,ArDarius Stewart,5.110344229604717,0.528125,-4.582219229604717,4.582219229604717,1.0,0.44413155606986504,87.8839590443686,91.51877133105802,High,0,131
2017,WR,Carlos Henderson,5.786057884778915,0.0,-5.786057884778915,5.786057884778915,1.0,0.7027902513575273,38.05460750853242,56.63822525597269,Medium,0,131
2017,WR,Chris Godwin,6.451550984214197,14.415625000000002,7.964074015785805,7.964074015785805,1.0,0.495384316022041,85.49488054607508,89.84641638225256,High,0,131
2017,WR,Kenny Golladay,9.123411836734704,14.221875,5.098463163265297,5.098463163265297,1.0,0.7026098959310844,38.225255972696246,56.75767918088737,Medium,0,131
2017,WR,Chad Williams,5.370401079748624,1.575,-3.7954010797486237,3.7954010797486237,0.0916030534351145,0.13694772231555452,96.24573378839591,70.12010525493056,Low,1,131
2017,WR,Amara Darboh,5.903658210613788,0.471875,-5.431783210613788,5.431783210613788,1.0,0.42661715059463123,88.39590443686008,91.87713310580205,High,0,131
2017,WR,Dede Westbrook,5.954935493197283,10.56875,4.613814506802717,4.613814506802717,1.0,0.812907761517023,19.453924914675767,43.617747440273035,Medium,0,131
2017,WR,Josh Reynolds,4.939213367346938,5.059375,0.1201616326530619,0.1201616326530619,1.0,0.6599847681080482,47.95221843003413,63.56655290102389,Medium,0,131
2017,WR,Mack Hollins,2.80144292942177,2.096875,-0.7045679294217702,0.7045679294217702,1.0,0.6932749346594566,40.1023890784983,58.0716723549488,Medium,0,131
2017,WR,Josh Malone,3.814257961309524,0.646875,-3.167382961309524,3.167382961309524,1.0,0.5461550830640395,79.01023890784982,85.30716723549487,High,0,131
2017,WR,Ryan Switzer,3.355733511904761,2.6875,-0.6682335119047611,0.6682335119047611,1.0,0.5372147047082418,80.03412969283276,86.02389078498294,High,0,131
2017,WR,Jehu Chesson,2.373968146258505,0.159375,-2.214593146258505,2.214593146258505,1.0,0.5022860705707253,84.1296928327645,88.89078498293514,High,0,131
2017,WR,Chad Hansen,3.850149383503399,0.575,-3.2751493835033987,3.2751493835033987,1.0,0.9505351983331494,8.361774744027302,35.85324232081911,Low,1,131
2017,WR,Shelton Gibson,3.8950665362811807,0.278125,-3.6169415362811805,3.6169415362811805,1.0,0.6198268611227004,58.87372013651877,71.21160409556313,High,0,131
2017,WR,Rodney Adams,2.4697374312641704,0.0,-2.4697374312641704,2.4697374312641704,1.0,0.6772171929284732,42.491467576791806,59.744027303754265,Medium,0,131
2017,WR,Isaiah McKenzie,3.62041778132086,3.68125,0.060832218679140126,0.060832218679140126,1.0,0.6405315530563445,52.73037542662116,66.91126279863481,Medium,0,131
2017,WR,DeAngelo Yancey,2.4921426424319733,0.0,-2.4921426424319733,2.4921426424319733,0.9847328244274809,0.5188101046344056,81.74061433447099,86.76041476695411,High,0,131
2017,WR,Trent Taylor,3.5507038350340108,4.796875,1.2461711649659892,1.2461711649659892,1.0,0.5995291237746632,64.67576791808874,75.27303754266211,High,0,131
2017,WR,Robert Davis,3.601710973639454,0.115625,-3.486085973639454,3.486085973639454,1.0,0.601195064493161,63.82252559726962,74.67576791808872,High,0,131
2017,WR,Stacy Coley,1.053920238095238,0.0,-1.053920238095238,1.053920238095238,1.0,0.4086348678155344,89.07849829351537,92.35494880546075,High,0,131
2017,WR,David Moore,1.3854119033446717,5.01875,3.6333380966553284,3.6333380966553284,0.0916030534351145,0.13223400788997344,96.9283276450512,70.59792095458927,Low,1,131
2017,WR,Isaiah Ford,4.169799400510201,1.5156249999999998,-2.6541744005102013,2.6541744005102013,1.0,0.593718088013716,65.52901023890784,75.8703071672355,High,0,131
2017,WR,Noah Brown,1.188756505102041,0.553125,-0.635631505102041,0.635631505102041,1.0,0.868566514330707,13.822525597269625,39.67576791808874,Medium,0,131
2017,WR,Malachi Dupre,1.2345933269557827,0.0,-1.2345933269557827,1.2345933269557827,1.0,0.5831020978322325,68.43003412969283,77.90102389078498,High,0,131
2018,WR,D.J. Moore,7.86292549107143,13.8125,5.94957450892857,5.94957450892857,1.0,0.7900497663943125,21.160409556313994,44.81228668941979,Medium,0,131
2018,WR,Calvin Ridley,9.11345960034014,15.259375000000002,6.145915399659863,6.145915399659863,1.0,0.6634352654013773,47.098976109215016,62.96928327645051,Medium,0,131
2018,WR,Courtland Sutton,8.057957878401364,11.21,3.1520421215986367,3.1520421215986367,1.0,0.8302840850562363,17.747440273037544,42.42320819112628,Medium,0,131
2018,WR,Dante Pettis,6.780864436649664,4.31375,-2.4671144366496645,2.4671144366496645,1.0,0.6336643754515905,54.60750853242321,68.22525597269625,Medium,0,131
2018,WR,Christian Kirk,8.629092198129255,9.83125,1.2021578018707455,1.2021578018707455,1.0,0.5985680000111033,64.84641638225256,75.39249146757679,High,0,131
2018,WR,Anthony Miller,9.4679062202381,7.74125,-1.7266562202381008,1.7266562202381008,1.0,0.6723418657354927,44.19795221843004,60.93856655290102,Medium,0,131
2018,WR,James Washington,8.091710029761908,7.271875,-0.8198350297619079,0.8198350297619079,1.0,0.6012328843178717,63.651877133105806,74.55631399317406,High,0,131
2018,WR,DJ Chark,7.321935863095237,11.85625,4.534314136904762,4.534314136904762,1.0,0.6952389518311162,39.419795221843,57.5938566552901,Medium,0,131
2018,WR,Michael Gallup,11.296662023809525,12.0625,0.7658379761904754,0.7658379761904754,1.0,0.7120431319011198,35.665529010238906,54.965870307167236,Medium,0,131
2018,WR,Tre'Quan Smith,5.818200725494746,6.36875,0.5505492745052543,0.5505492745052543,0.9847328244274809,0.7277925721519868,31.399317406143346,51.52150691712477,Medium,0,131
2018,WR,Keke Coutee,3.651822389455784,4.740625,1.0888026105442155,1.0888026105442155,1.0,0.5638008885444826,74.9146757679181,82.44027303754267,High,0,131
2018,WR,Antonio Callaway,3.1926905994897963,4.6625000000000005,1.4698094005102043,1.4698094005102043,1.0,0.7031849820979724,37.883959044368595,56.51877133105802,Medium,0,131
2018,WR,DaeSean Hamilton,4.721140718537416,4.0625,-0.6586407185374163,0.6586407185374163,1.0,0.6650830619804401,46.2457337883959,62.37201365187713,Medium,0,131
2018,WR,Jaleel Scott,2.2656327295918377,0.13125,-2.1343827295918376,2.1343827295918376,1.0,0.876469364578355,12.457337883959044,38.72013651877133,Medium,0,131
2018,WR,J'Mon Moore,2.8422493218537404,0.109375,-2.7328743218537404,2.7328743218537404,0.9847328244274809,0.5838232328910645,68.25938566552901,77.32355469869472,High,0,131
2018,WR,Justin Watson,3.249395464852612,1.853125,-1.3962704648526123,1.3962704648526123,0.0916030534351145,0.1396818998677413,95.90443686006826,69.88119740510122,Low,1,131
2018,WR,Daurice Fountain,2.314826145124717,0.134375,-2.1804511451247173,2.1804511451247173,0.0916030534351145,0.11998154062423946,98.46416382252559,71.67300627882135,Low,1,131
2018,WR,Jordan Lasley,2.885830654761904,0.0,-2.885830654761904,2.885830654761904,1.0,0.7309634785855497,30.546075085324233,51.382252559726965,Medium,0,131
2018,WR,Marquez Valdes-Scantling,1.512985703656463,7.759374999999999,6.246389296343535,6.246389296343535,1.0,0.696723407869502,38.907849829351534,57.23549488054607,Medium,0,131
2018,WR,Damion Ratley,1.458593492772109,2.04375,0.5851565072278913,0.5851565072278913,0.9847328244274809,0.7830252932419443,22.696245733788395,45.4293567464763,Medium,0,131
2018,WR,Deon Cain,1.3083966092687074,0.66875,-0.6396466092687074,0.6396466092687074,1.0,0.5707026198540158,71.84300341296928,80.2901023890785,High,0,131
2018,WR,Ray-Ray McCloud,1.7639784438775503,1.35,-0.41397844387755023,0.41397844387755023,1.0,0.5651612089692177,74.23208191126281,81.96245733788396,High,0,131
2018,WR,Dylan Cantrell,1.4734629974489797,0.0,-1.4734629974489797,1.4734629974489797,1.0,0.6752150271439691,43.1740614334471,60.22184300341297,Medium,0,131
2018,WR,Russell Gage,0.9633034034863944,8.808125,7.844821596513606,7.844821596513606,0.9847328244274809,0.6932300794223194,40.27303754266212,57.7331110126879,Medium,0,131
2018,WR,Tremon Smith,1.288571036899607,0.0,-1.288571036899607,1.288571036899607,0.0916030534351145,0.10209979441739521,99.82935153583618,72.62863767813876,Low,1,131
2018,WR,Equanimeous St.Brown,1.395176273384353,2.490625,1.0954487266156472,1.0954487266156472,1.0,0.7083706292245051,36.51877133105802,55.56313993174061,Medium,0,131
2018,WR,Cedrick Wilson,2.1670595025510213,1.913125,-0.25393450255102135,0.25393450255102135,1.0,0.7467587730210777,27.815699658703068,49.47098976109214,Medium,0,131
2018,WR,Braxton Berrios,1.863485221088436,3.5875,1.7240147789115638,1.7240147789115638,1.0,0.5548856012497149,77.64505119453925,84.35153583617748,High,0,131
2018,WR,Javon Wims,1.1574850014172342,1.8625,0.7050149985827658,0.7050149985827658,1.0,0.7182657697565074,33.78839590443686,53.6518771331058,Medium,0,131
2018,WR,Marcell Ateman,1.1573196853741488,1.5937500000000002,0.43643031462585147,0.43643031462585147,1.0,0.5734782332695959,70.81911262798634,79.57337883959045,High,0,131
2018,WR,Richie James,3.352103839285715,3.2,-0.15210383928571503,0.15210383928571503,1.0,0.972439653888223,7.508532423208192,35.255972696245735,Low,1,131
2018,WR,Auden Tate,1.2764616156462578,4.078125,2.801663384353742,2.801663384353742,1.0,0.608560929553756,62.28668941979522,73.60068259385665,High,0,131
2018,WR,Austin Proehl,1.212635884353742,0.0,-1.212635884353742,1.212635884353742,0.9847328244274809,0.7016612937466485,38.395904436860064,56.41911783862647,Medium,0,131
2018,WR,Trey Quinn,1.6698323426870765,2.321875,0.6520426573129234,0.6520426573129234,1.0,1.0418856397219578,5.1194539249146755,33.58361774744027,Low,1,131
2019,WR,Marquise Brown,5.983813645124712,12.43345588235294,6.449642237228227,6.449642237228227,0.10687022900763359,0.3774362144724333,89.419795221843,65.7999635255191,Low,1,131
2019,WR,N'Keal Harry,11.17189295493197,3.5406250000000004,-7.631267954931969,7.631267954931969,1.0,0.5802382797563663,69.45392491467577,78.61774744027304,High,0,131
2019,WR,Deebo Samuel,7.452970582482994,15.878786764705882,8.425816182222889,8.425816182222889,1.0,0.4746583208594477,87.03071672354949,90.92150170648463,High,0,131
2019,WR,A.J. Brown,8.720441220238094,14.51875,5.798308779761907,5.798308779761907,1.0,0.6039937798797671,63.13993174061433,74.19795221843003,High,0,131
2019,WR,Mecole Hardman,5.851763171768705,8.209742647058825,2.3579794752901195,2.3579794752901195,1.0,0.5626961600761606,75.42662116040955,82.79863481228668,High,0,131
2019,WR,JJ Arcega-Whiteside,6.992794115646257,1.4812500000000002,-5.511544115646257,5.511544115646257,1.0,0.6082883136070686,62.45733788395904,73.72013651877133,High,0,131
2019,WR,Parris Campbell,8.169496517857148,2.137683823529412,-6.031812694327735,6.031812694327735,1.0,0.6312135459523617,55.11945392491467,68.58361774744027,Medium,0,131
2019,WR,Andy Isabella,9.668190459183668,2.81875,-6.849440459183668,6.849440459183668,1.0,0.7164745710050726,34.30034129692833,54.010238907849825,Medium,0,131
2019,WR,D.K. Metcalf,6.107598779761904,15.66341911764706,9.555820337885155,9.555820337885155,1.0,1.039395977994213,5.290102389078498,33.70307167235495,Low,1,131
2019,WR,Diontae Johnson,6.682700622874148,15.064338235294116,8.381637612419969,8.381637612419969,1.0,0.6898244717402406,40.784982935153586,58.54948805460751,Medium,0,131
2019,WR,Jalen Hurd,5.466124861111107,0.0,-5.466124861111107,5.466124861111107,1.0,0.6468726910880498,51.02389078498294,65.71672354948805,Medium,0,131
2019,WR,Terry McLaurin,4.243142202380954,13.273161764705884,9.03001956232493,9.03001956232493,1.0,0.7202270741208797,33.27645051194539,53.29351535836177,Medium,0,131
2019,WR,Miles Boykin,3.8354121917517,3.7624999999999993,-0.07291219175170083,0.07291219175170083,1.0,0.6115150751136015,61.43344709897611,73.00341296928327,High,0,131
2019,WR,Hakeem Butler,2.86175059665533,0.0,-2.86175059665533,2.86175059665533,1.0,0.5861194655255625,67.74744027303754,77.42320819112628,High,0,131
2019,WR,Gary Jennings Jr.,3.5681748469387764,0.0,-3.5681748469387764,3.5681748469387764,1.0,0.8107611665705322,19.624573378839592,43.737201365187715,Medium,0,131
2019,WR,Riley Ridley,2.143891496598639,0.65,-1.4938914965986392,1.4938914965986392,1.0,0.5571338988869726,77.3037542662116,84.11262798634812,High,0,131
2019,WR,Hunter Renfrow,1.90144175170068,11.792463235294116,9.891021483593436,9.891021483593436,1.0,0.49764148330291536,85.32423208191126,89.72696245733788,High,0,131
2019,WR,Darius Slayton,2.916434387755102,9.71875,6.8023156122448984,6.8023156122448984,1.0,0.5352029754820856,80.71672354948805,86.50170648464163,High,0,131
2019,WR,KeeSean Johnson,3.2126418027210875,2.4468749999999995,-0.765766802721088,0.765766802721088,1.0,0.538353017534845,79.69283276450511,85.78498293515358,High,0,131
2019,WR,Travis Fulgham,1.3270332589285725,3.621875,2.2948417410714277,2.2948417410714277,1.0,0.5484885087153348,78.49829351535837,84.94880546075086,High,0,131
2019,WR,Juwann Winfree,1.1707922682823133,0.3470588235294117,-0.8237334447529017,0.8237334447529017,0.9847328244274809,0.6133324974939477,60.40955631399317,71.82867415261964,High,0,131
2019,WR,Marcus Green,1.712846940901361,0.0,-1.712846940901361,1.712846940901361,0.9847328244274809,0.6630506426095572,47.44027303754266,62.75017585910428,Medium,0,131
2019,WR,Kelvin Harmon,2.0381101381802726,2.0918750000000004,0.05376486181972773,0.05376486181972773,1.0,0.5627211951989517,75.25597269624573,82.67918088737201,High,0,131
2019,WR,Scott Miller,2.0397498129251703,4.471875000000001,2.4321251870748304,2.4321251870748304,0.9847328244274809,0.5655705562903706,73.72013651877133,81.14608029596435,High,0,131
2019,WR,John Ursua,2.72956230442177,0.065625,-2.6639373044217702,2.6639373044217702,0.9847328244274809,0.6959361158925005,39.249146757679185,57.01638746319985,Medium,0,131
2019,WR,Terry Godwin,0.8360163966836743,0.203125,-0.6328913966836743,0.6328913966836743,1.0,0.5129474098054537,82.76450511945393,87.93515358361775,High,0,131
2019,WR,Dillon Mitchell,2.045256279761906,0.0,-2.045256279761906,2.045256279761906,1.0,0.7146794447917602,34.98293515358362,54.48805460750853,Medium,0,131
2019,WR,Olabisi Johnson,1.3339063964904148,3.559375,2.2254686035095856,2.2254686035095856,0.10687022900763359,0.1311957208437185,97.09897610921502,71.17539014667952,Low,1,131
2020,WR,Henry Ruggs III,9.144405501200488,5.113419117647059,-4.030986383553429,4.030986383553429,1.0,0.9692876350508207,7.679180887372014,35.37542662116041,Low,1,131
2020,WR,Jerry Jeudy,10.098088753251302,10.930882352941175,0.8327935996898734,0.8327935996898734,1.0,0.5653168250321506,74.06143344709898,81.84300341296928,High,0,131
2020,WR,CeeDee Lamb,10.947024875075032,15.717647058823529,4.770622183748497,4.770622183748497,1.0,0.6139246786003929,60.238907849829346,72.16723549488054,High,0,131
2020,WR,Jalen Reagor,10.39508092311925,5.022058823529411,-5.373022099589839,5.373022099589839,1.0,0.7185345127443724,33.617747440273035,53.53242320819112,Medium,0,131
2020,WR,Justin Jefferson,13.380072947929168,20.56058823529412,7.180515287364951,7.180515287364951,1.0,0.7521297953678758,26.621160409556317,48.634812286689424,Medium,0,131
2020,WR,Brandon Aiyuk,8.122553230792326,12.465625,4.343071769207674,4.343071769207674,1.0,0.7676678129499666,24.744027303754265,47.32081911262799,Medium,0,131
2020,WR,Tee Higgins,8.706981458833535,12.941176470588236,4.2341950117547,4.2341950117547,1.0,0.6354823388884204,53.92491467576792,67.74744027303754,Medium,0,131
2020,WR,Michael Pittman Jr.,6.963048478391352,13.385294117647058,6.422245639255706,6.422245639255706,1.0,0.5695457934047354,72.35494880546075,80.64846416382252,High,0,131
2020,WR,Laviska Shenault Jr.,8.71268912202381,8.644669117647059,-0.06802000437675204,0.06802000437675204,1.0,0.9070735780206292,11.092150170648464,37.76450511945392,Medium,0,131
2020,WR,KJ Hamler,8.419684651610645,3.574448529411765,-4.84523612219888,4.84523612219888,1.0,0.5579592118366172,76.96245733788396,83.87372013651877,High,0,131
2020,WR,Chase Claypool,6.973817760729291,11.615625,4.641807239270709,4.641807239270709,1.0,0.48700116601952936,86.3481228668942,90.44368600682594,High,0,131
2020,WR,Van Jefferson,6.899807548519409,7.267647058823528,0.367839510304119,0.367839510304119,1.0,0.5075971564892455,83.44709897610922,88.41296928327645,High,0,131
2020,WR,Denzel Mims,8.02300322128852,2.7674632352941178,-5.255539985994401,5.255539985994401,1.0,0.5608975086790038,76.10921501706484,83.27645051194538,High,0,131
2020,WR,Lynn Bowden Jr.,7.436707784197012,1.674375,-5.762332784197012,5.762332784197012,1.0,0.6711888993262892,44.36860068259386,61.0580204778157,Medium,0,131
2020,WR,Bryan Edwards,7.165596407563026,4.343198529411764,-2.8223978781512615,2.8223978781512615,1.0,0.5812858840929509,69.11262798634812,78.37883959044368,High,0,131
2020,WR,Devin Duvernay,5.856789740146061,5.685294117647058,-0.17149562249900274,0.17149562249900274,1.0,0.6203881182334307,58.703071672354945,71.09215017064847,High,0,131
2020,WR,Gabriel Davis,1.8823264885954376,9.32518382352941,7.442857334933973,7.442857334933973,0.10687022900763359,0.21037567551518163,91.80887372013652,67.47231847432457,Low,1,131
2020,WR,Antonio Gandy-Golden,4.935753749749905,0.109375,-4.826378749749905,4.826378749749905,1.0,0.7060196502837698,37.20136518771331,56.040955631399314,Medium,0,131
2020,WR,Joe Reed,2.842141640906362,0.278125,-2.564016640906362,2.564016640906362,1.0,0.6580210413787422,48.29351535836178,63.80546075085324,Medium,0,131
2020,WR,Tyler Johnson,3.2947349974989995,3.3957720588235296,0.10103706132453016,0.10103706132453016,1.0,0.7628142247491846,25.426621160409557,47.79863481228669,Medium,0,131
2020,WR,Collin Johnson,2.181644429771908,2.4823529411764707,0.30070851140456245,0.30070851140456245,1.0,0.5712983809311357,71.50170648464163,80.05119453924914,High,0,131
2020,WR,Quintez Cephus,1.8057576250500191,3.543566176470588,1.737808551420569,1.737808551420569,1.0,0.6370055590856694,53.58361774744027,67.50853242320818,Medium,0,131
2020,WR,John Hightower,2.7220482556355874,0.9,-1.8220482556355875,1.8220482556355875,1.0,0.6638090802925338,46.58703071672355,62.61092150170648,Medium,0,131
2020,WR,Isaiah Coulter,1.3500723189275712,0.0,-1.3500723189275712,1.3500723189275712,0.10687022900763359,0.1551333079340756,94.36860068259386,69.26412734804471,Low,1,131
2020,WR,Darnell Mooney,2.890564831682674,11.214889705882351,8.324324874199677,8.324324874199677,1.0,0.6677191561302737,45.39249146757679,61.774744027303754,Medium,0,131
2020,WR,K.J. Osborn,3.469563252050821,9.238235294117649,5.768672042066828,5.768672042066828,1.0,0.618047859492038,59.55631399317406,71.68941979522184,High,0,131
2020,WR,Donovan Peoples-Jones,1.639657931172469,8.141176470588235,6.501518539415766,6.501518539415766,1.0,0.5013302229054004,84.47098976109216,89.1296928327645,High,0,131
2020,WR,Quez Watkins,2.36197429363412,5.897058823529411,3.535084529895291,3.535084529895291,1.0,0.5697522664887436,72.18430034129693,80.52901023890786,High,0,131
2020,WR,James Proche,2.905350969387756,1.423529411764706,-1.4818215576230502,1.4818215576230502,1.0,0.683954918422114,41.80887372013652,59.26621160409556,Medium,0,131
2020,WR,Isaiah Hodgins,2.7487134351240496,2.947058823529412,0.1983453884053623,0.1983453884053623,1.0,0.6077774970255416,62.62798634812287,73.839590443686,High,0,131
2020,WR,Dezmon Patmon,1.5075214794667864,0.4264705882352941,-1.0810508912314922,1.0810508912314922,1.0,0.582935691790501,68.60068259385666,78.02047781569965,High,0,131
2020,WR,Freddie Swain,1.8647533515906367,3.822242647058823,1.9574892954681864,1.9574892954681864,1.0,0.5600284344333162,76.27986348122867,83.39590443686006,High,0,131
2020,WR,Jauan Jennings,1.6005585585067352,4.847058823529412,3.246500265022677,3.246500265022677,1.0,0.4517641063352462,87.71331058020478,91.39931740614334,High,0,131
2020,WR,K.J. Hill,0.7926377150860348,0.6233455882352942,-0.16929212685074058,0.16929212685074058,1.0,0.5742877914012675,70.4778156996587,79.33447098976109,High,0,131
2020,WR,Tyrie Cleveland,1.1770890813825523,0.5255514705882354,-0.6515376107943169,0.6515376107943169,1.0,0.5780101884741474,70.13651877133105,79.09556313993173,High,0,131
2021,WR,Ja'Marr Chase,11.51404838010204,16.685882352941178,5.1718339728391385,5.1718339728391385,1.0,1.173331854572747,1.877133105802048,31.313993174061434,Low,1,131
2021,WR,Jaylen Waddle,10.071935559973994,14.911764705882351,4.839829145908357,4.839829145908357,0.9847328244274809,1.0214557968036908,5.972696245733788,33.722872104838075,Low,1,131
2021,WR,DeVonta Smith,9.711026629401765,14.241176470588236,4.530149841186471,4.530149841186471,0.9847328244274809,0.6268764482020128,56.484641638225256,69.0812338795821,Medium,0,131
2021,WR,Kadarius Toney,9.325570912364949,4.166470588235294,-5.159100324129655,5.159100324129655,1.0,0.7319210274739214,30.034129692832767,51.02389078498294,Medium,0,131
2021,WR,Rashod Bateman,11.083509661864753,5.294117647058823,-5.789392014805929,5.789392014805929,1.0,0.6751471835108772,43.515358361774744,60.46075085324232,Medium,0,131
2021,WR,Elijah Moore,10.046180120048016,7.949999999999999,-2.0961801200480163,2.0961801200480163,0.9923664122137404,0.8340508254312606,17.4061433447099,41.95529270770914,Medium,0,131
2021,WR,Rondale Moore,9.149542019807924,6.355882352941176,-2.7936596668667484,2.7936596668667484,1.0,1.0512277198890487,4.607508532423208,33.225255972696246,Low,1,131
2021,WR,D'Wayne Eskridge,5.725844200805327,1.238235294117647,-4.48760890668768,4.48760890668768,0.10687022900763359,0.2412803770923831,90.95563139931741,66.87504884975118,Low,1,131
2021,WR,Tutu Atwell,9.0600847127601,5.164705882352941,-3.895378830407159,3.895378830407159,1.0,0.6912167884853113,40.61433447098976,58.43003412969283,Medium,0,131
2021,WR,Terrace Marshall Jr.,8.005276582132845,3.4088235294117646,-4.596453052721081,4.596453052721081,0.9847328244274809,0.7244890991629672,32.42320819112628,52.23823046661282,Medium,0,131
2021,WR,Josh Palmer,5.535915859260366,8.117647058823529,2.581731199563163,2.581731199563163,0.0916030534351145,0.14677211645670415,95.05119453924915,69.28392778052785,Low,1,131
2021,WR,Dyami Brown,6.283305467603711,1.9929411764705884,-4.290364291133122,4.290364291133122,1.0,0.5935961871596845,65.69965870307168,75.98976109215016,High,0,131
2021,WR,Amari Rodgers,3.455834669617845,1.5500000000000005,-1.9058346696178445,1.9058346696178445,1.0,0.5369511283676323,80.2047781569966,86.1433447098976,High,0,131
2021,WR,Nico Collins,3.5235561876417245,10.51470588235294,6.991149694711216,6.991149694711216,1.0,0.7985745752655025,20.819112627986346,44.57337883959044,Medium,0,131
2021,WR,Anthony Schwartz,4.082436908263308,1.5352941176470587,-2.547142790616249,2.547142790616249,1.0,0.5593234843727062,76.62116040955631,83.63481228668942,High,0,131
2021,WR,Dez Fitzpatrick,3.375460169567824,0.4676470588235294,-2.9078131107442946,2.9078131107442946,1.0,0.5069966308372161,83.61774744027304,88.53242320819112,High,0,131
2021,WR,Amon-Ra St. Brown,5.352563763755506,17.602941176470587,12.250377412715082,12.250377412715082,1.0,0.5718529642666582,71.33105802047781,79.93174061433447,High,0,131
2021,WR,Jaelon Darden,5.345719302721091,0.4764705882352942,-4.8692487144857965,4.8692487144857965,1.0,0.9133350652753464,10.409556313993173,37.28668941979522,Medium,0,131
2021,WR,Tylan Wallace,5.510229963485394,0.4529411764705882,-5.057288787014806,5.057288787014806,1.0,0.6213285272449625,58.19112627986348,70.73378839590444,High,0,131
2021,WR,Jacob Harris,3.1551270388155257,0.0470588235294117,-3.108068215286114,3.108068215286114,0.9847328244274809,0.8583224476280698,14.846416382252558,39.934476200401214,Medium,0,131
2021,WR,Ihmir Smith-Marsette,4.136828027460985,1.7970588235294118,-2.3397692039315734,2.3397692039315734,1.0,0.48919747281329845,86.00682593856655,90.20477815699658,High,0,131
2021,WR,Simi Fehoko,2.260144208808524,0.3911764705882353,-1.868967738220289,1.868967738220289,1.0,0.7317363282552753,30.37542662116041,51.262798634812285,Medium,0,131
2021,WR,Cornell Powell,2.8430583683473416,0.0,-2.8430583683473416,2.8430583683473416,1.0,0.6119235137451142,61.262798634812285,72.8839590443686,High,0,131
2021,WR,Frank Darby,1.7228482445895024,0.1441176470588235,-1.578730597530679,1.578730597530679,1.0,0.8635366798169573,14.505119453924914,40.153583617747444,Medium,0,131
2021,WR,Marquez Stevenson,1.867222709708884,0.0,-1.867222709708884,1.867222709708884,1.0,0.8447796043498184,16.552901023890783,41.58703071672355,Medium,0,131
2021,WR,Shi Smith,1.6138943008453377,2.285294117647059,0.6713998168017214,0.6713998168017214,0.9847328244274809,0.48001567637638837,86.68941979522185,90.22457858947972,High,0,131
2021,WR,Racey McMath,1.2383855782312925,0.2117647058823529,-1.0266208723489396,1.0266208723489396,1.0,0.8286871032051515,17.918088737201366,42.54266211604096,Medium,0,131
2021,WR,Jalen Camp,1.831780695278111,0.0499999999999999,-1.7817806952781112,1.7817806952781112,0.9847328244274809,0.7849037580204961,22.35494880546075,45.19044889664695,Medium,0,131
2021,WR,Seth Williams,2.8989205249599843,0.1294117647058823,-2.769508760254102,2.769508760254102,1.0,0.5575868388761615,77.13310580204778,83.99317406143345,High,0,131
2021,WR,Dazz Newsome,1.8180239587084832,0.1264705882352941,-1.691553370473189,1.691553370473189,1.0,0.4623912466645871,87.37201365187714,91.160409556314,High,0,131
2021,WR,Mike Strachan,2.068887956800145,0.4235294117647058,-1.6453585450354393,1.6453585450354393,0.0916030534351145,0.15022130102193318,94.53924914675767,68.9255660057838,Low,1,131
2021,WR,Tre Nixon,1.2230172208883556,0.0,-1.2230172208883556,1.2230172208883556,1.0,0.6491344815750806,50.51194539249146,65.35836177474403,Medium,0,131
2021,WR,Ben Skowronek,0.7495814713802191,3.194117647058824,2.4445361756786053,2.4445361756786053,0.9847328244274809,0.5731847722481843,70.98976109215018,79.23481749732954,High,0,131
2021,WR,Kawaan Baker,1.3945118978841535,0.0,-1.3945118978841535,1.3945118978841535,0.9847328244274809,0.5435547008669792,79.35153583617748,85.08805981814865,High,0,131
2021,WR,Dax Milne,2.252829161539614,0.9147058823529411,-1.3381232791866728,1.3381232791866728,0.9923664122137404,0.7481911457694055,27.474402730375424,49.00307427767501,Medium,0,131
2022,WR,Drake London,10.359437708833536,13.511764705882356,3.152326997048821,3.152326997048821,1.0,0.8502957981949034,16.040955631399317,41.22866894197952,Medium,0,131
2022,WR,Garrett Wilson,11.118766133453386,13.75294117647059,2.634175043017203,2.634175043017203,1.0,0.5865393889363462,67.57679180887372,77.3037542662116,High,0,131
2022,WR,Chris Olave,10.694960824829929,12.632352941176473,1.937392116346544,1.937392116346544,1.0,0.6519999340278197,50.0,65.0,Medium,0,131
2022,WR,Jameson Williams,10.934230732793106,8.602941176470589,-2.331289556322517,2.331289556322517,1.0,0.7888046851855586,21.331058020477816,44.93174061433447,Medium,0,131
2022,WR,Jahan Dotson,9.802243619447786,7.511764705882353,-2.2904789135654333,2.2904789135654333,1.0,0.5935898358252414,65.8703071672355,76.10921501706484,High,0,131
2022,WR,Treylon Burks,12.371295022634047,3.764705882352941,-8.606589140281105,8.606589140281105,1.0,0.6437986511706283,51.877133105802045,66.31399317406144,Medium,0,131
2022,WR,Christian Watson,4.355079638480386,7.923529411764706,3.5684497732843203,3.5684497732843203,0.10687022900763359,0.22522851176705377,91.6382252559727,67.35286454940989,Low,1,131
2022,WR,Wan'Dale Robinson,8.731584620098038,9.291176470588235,0.5595918504901967,0.5595918504901967,1.0,0.663479918480802,46.92832764505119,62.84982935153583,Medium,0,131
2022,WR,John Metchie,8.834536714685875,2.5764705882352943,-6.258066126450581,6.258066126450581,1.0,0.6694245694619161,44.7098976109215,61.29692832764505,Medium,0,131
2022,WR,Tyquan Thornton,8.11834575767807,2.75,-5.368345757678069,5.368345757678069,1.0,0.4130124026714485,88.56655290102388,91.99658703071671,High,0,131
2022,WR,George Pickens,6.290461941276506,11.038235294117648,4.747773352841142,4.747773352841142,1.0,0.8742557443249022,12.969283276450511,39.07849829351536,Medium,0,131
2022,WR,Alec Pierce,6.238455403411365,8.05,1.8115445965886359,1.8115445965886359,1.0,0.6332331144639758,54.94880546075085,68.46416382252559,Medium,0,131
2022,WR,Skyy Moore,9.261234021358536,3.0323529411764705,-6.228881080182066,6.228881080182066,1.0,0.7281682432240821,31.22866894197952,51.86006825938566,Medium,0,131
2022,WR,Velus Jones,4.383117211759707,1.4441176470588235,-2.9389995647008833,2.9389995647008833,1.0,0.6637530510236109,46.75767918088737,62.73037542662116,Medium,0,131
2022,WR,Jalen Tolbert,8.850298998057552,6.258823529411766,-2.591475468645786,2.591475468645786,1.0,0.6204581745671038,58.53242320819113,70.9726962457338,High,0,131
2022,WR,David Bell,8.856432478741493,2.7676470588235293,-6.088785419917963,6.088785419917963,1.0,0.7690620110439277,24.40273037542662,47.081911262798634,Medium,0,131
2022,WR,Danny Gray,3.577904368747498,0.0852941176470588,-3.492610251100439,3.492610251100439,1.0,0.7093650676902463,36.3481228668942,55.44368600682594,Medium,0,131
2022,WR,Erik Ezukanma,2.6120497556522606,0.1029411764705882,-2.5091085791816723,2.5091085791816723,1.0,0.4873745643247466,86.17747440273038,90.32423208191126,High,0,131
2022,WR,Romeo Doubs,3.5227662605042047,9.01470588235294,5.4919396218487355,5.4919396218487355,1.0,0.6310781533251759,55.460750853242324,68.82252559726962,Medium,0,131
2022,WR,Calvin Austin,2.080173148759505,5.102941176470588,3.022768027711083,3.022768027711083,1.0,0.7544360498993536,26.27986348122867,48.395904436860064,Medium,0,131
2022,WR,Khalil Shakir,3.469119815801321,8.694117647058823,5.224997831257502,5.224997831257502,1.0,0.6436789486074326,52.04778156996587,66.4334470989761,Medium,0,131
2022,WR,Montrell Washington,0.9545384376667332,0.0,-0.9545384376667332,0.9545384376667332,0.10687022900763359,0.5821672674090814,68.94197952218431,51.465492535758024,Low,1,131
2022,WR,Kyle Philips,2.216588221163465,1.4382352941176473,-0.7783529270458178,0.7783529270458178,1.0,0.5393856026193748,79.5221843003413,85.66552901023891,High,0,131
2022,WR,Jalen Nailor,1.468425029011606,4.055882352941176,2.58745732392957,2.58745732392957,1.0,0.5099525618371825,83.10580204778158,88.1740614334471,High,0,131
2022,WR,Michael Woods,1.3678042123099243,0.6617647058823529,-0.7060395064275714,0.7060395064275714,1.0,0.47722544190556304,86.86006825938567,90.80204778156997,High,0,131
2022,WR,Bo Melton,1.364000400035014,2.011764705882353,0.6477643058473388,0.6477643058473388,1.0,0.5453922690589315,79.18088737201366,85.42662116040955,High,0,131
2022,WR,Dareke Young,1.638257570262952,0.0,-1.638257570262952,1.638257570262952,0.10687022900763359,0.5741421134700918,70.64846416382252,52.660031784904774,Low,1,131
2022,WR,Samori Toure,1.5398499803671464,0.0,-1.5398499803671464,1.5398499803671464,0.7099236641221374,0.7875224294637606,21.501706484641637,36.34890446291327,Low,1,131
2023,WR,Jaxon Smith-Njigba,9.058353419617845,18.02647058823529,8.968117168617447,8.968117168617447,1.0,0.946551331024749,8.532423208191126,35.972696245733786,Low,1,131
2023,WR,Quentin Johnston,8.896019459783911,10.173529411764708,1.2775099519807966,1.2775099519807966,1.0,0.548304575518382,78.66894197952219,85.06825938566553,High,0,131
2023,WR,Zay Flowers,9.839565963635454,13.31764705882353,3.4780810951880756,3.4780810951880756,1.0,0.6092024841306996,61.774744027303754,73.24232081911262,High,0,131
2023,WR,Jordan Addison,12.117726965286108,12.758823529411766,0.6410965641256574,0.6410965641256574,1.0,0.6739670413104288,43.68600682593857,60.580204778157,Medium,0,131
2023,WR,Jonathan Mingo,7.827985053271312,3.441176470588236,-4.386808582683075,4.386808582683075,1.0,0.5362430342982758,80.3754266211604,86.26279863481227,High,0,131
2023,WR,Jayden Reed,6.877318463135248,12.182352941176472,5.3050344780412235,5.3050344780412235,1.0,0.6689051709810305,45.051194539249146,61.5358361774744,Medium,0,131
2023,WR,Rashee Rice,7.913562529511806,10.66470588235294,2.751143352841135,2.751143352841135,1.0,0.5824558332583389,68.77133105802048,78.13993174061433,High,0,131
2023,WR,Marvin Mims Jr.,7.792127237269915,6.602941176470589,-1.1891860607993259,1.1891860607993259,1.0,0.6758897736342449,43.003412969283275,60.10238907849829,Medium,0,131
2023,WR,Nathaniel Dell,7.391597511129447,8.970588235294116,1.5789907241646688,1.5789907241646688,0.10687022900763359,0.2611256910343823,90.61433447098976,66.63614099992184,Low,1,131
2023,WR,Jalin Hyatt,4.0752542624549815,2.191176470588235,-1.8840777918667464,1.8840777918667464,1.0,0.6278843869413085,55.80204778156996,69.06143344709898,Medium,0,131
2023,WR,Cedric Tillman,5.309841765664598,4.129411764705882,-1.180430000958716,1.180430000958716,1.0,0.7355205811594208,29.351535836177472,50.54607508532423,Medium,0,131
2023,WR,Josh Downs,9.000027548019204,10.01764705882353,1.017619510804325,1.017619510804325,1.0,0.8082096796503025,19.965870307167236,43.97610921501706,Medium,0,131
2023,WR,Michael Wilson,3.2334131855242094,10.15,6.9165868144757905,6.9165868144757905,1.0,0.5464853743954905,78.839590443686,85.1877133105802,High,0,131
2023,WR,Tre Tucker,2.013212523259304,8.558823529411764,6.545611006152461,6.545611006152461,1.0,0.6276686038973158,55.972696245733786,69.18088737201364,Medium,0,131
2005,TE,Heath Miller,,,,,0.6720257234726688,1.0163277016486458,15.185185185185185,30.790401333809694,Low,1,311
2005,TE,Alex Smith,,,,,0.6752411575562701,1.383683188612855,1.4814814814814816,21.29427176372514,Low,1,311
2005,TE,Kevin Everett,,,,,0.6720257234726688,0.8285650114453524,49.629629629629626,54.9015124449208,Low,1,311
2005,TE,Jerome Collins,,,,,0.6784565916398714,0.8040200753635037,57.407407407407405,60.53888293438132,Low,1,311
2005,TE,Bo Scaife,,,,,0.07717041800643087,0.18502804726575756,94.07407407407408,68.16696439204478,Low,1,311
2005,TE,Tony Jackson,,,,,0.6881028938906752,0.9958768535949444,17.40740740740741,32.82827200190544,Low,1,311
2005,TE,Joel Dreessen,,,,,0.6913183279742765,1.2662654943232499,3.7037037037037033,23.332142431820884,Low,1,311
2005,TE,Patrick Estes,,,,,0.6463022508038585,0.885850388571777,34.074074074074076,43.24091937596761,Low,1,311
2005,TE,Billy Bajema,,,,,0.6913183279742765,1.0218985056194314,14.814814814814813,31.109920209598663,Low,1,311
2005,TE,Andy Stokes,,,,,0.07395498392282958,0.3170299545550272,91.11111111111111,65.99642729546267,Low,1,311
2006,TE,Vernon Davis,,,,,0.9935691318327974,1.1440090508525578,7.037037037037037,34.732999880909844,Low,1,311
2006,TE,Marcedes Lewis,,,,,0.9935691318327974,1.0312170518064394,12.962962962962962,38.881148029058,Medium,0,311
2006,TE,Joe Klopfenstein,,,,,0.9935691318327974,0.9080709154313213,30.74074074074074,51.32559247350244,Medium,0,311
2006,TE,Anthony Fasano,,,,,0.9935691318327974,0.9846234211658806,18.51851851851852,42.77003691794688,Medium,0,311
2006,TE,Tony Scheffler,,,,,0.9935691318327974,1.5358466589799957,0.3703703703703704,30.06633321424318,Low,1,311
2006,TE,Leonard Pope,,,,,0.9935691318327974,0.9497709022328227,23.333333333333332,46.14040728831725,Medium,0,311
2006,TE,David Thomas,,,,,0.9935691318327974,1.0406089212776106,11.851851851851853,38.10337025128022,Medium,0,311
2006,TE,Dominique Byrd,,,,,0.9742765273311897,1.1441731601437228,6.666666666666667,33.89496248660236,Low,1,311
2006,TE,Owen Daniels,,,,,0.9935691318327974,0.832721403239033,47.77777777777778,63.25151839942836,Medium,0,311
2006,TE,Jason Pociask,,,,,0.9935691318327974,0.8617968825137317,39.25925925925926,57.2885554364654,Medium,0,311
2006,TE,Jeff King,,,,,0.9935691318327974,0.8415353145847819,44.44444444444444,60.91818506609503,Medium,0,311
2006,TE,Quinn Sypniewski,,,,,0.9935691318327974,0.9904310609399835,17.77777777777778,42.25151839942836,Medium,0,311
2006,TE,Charles Davis,,,,,0.9903536977491961,0.8361956304895527,47.03703703703704,62.63653685840181,Medium,0,311
2006,TE,T.J. Williams,,,,,0.9903536977491961,1.099864395487671,9.25925925925926,36.19209241395737,Low,1,311
2006,TE,Tim Massaquoi,,,,,0.977491961414791,0.8814237758852641,35.18518518518518,53.954388472073354,Medium,0,311
2007,TE,Greg Olsen,,,,,0.9935691318327974,0.8192034203318327,51.85185185185185,66.10337025128021,Medium,0,311
2007,TE,Zach Miller,,,,,0.9903536977491961,1.0540523271206446,11.481481481481481,37.74764796951292,Medium,0,311
2007,TE,Matt Spaeth,,,,,0.9742765273311897,0.7572485621126986,68.51851851851852,77.19125878289866,High,0,311
2007,TE,Scott Chandler,,,,,0.9935691318327974,0.6924941050783155,78.88888888888889,85.02929617720613,High,0,311
2007,TE,Martrez Milner,,,,,0.9935691318327974,0.6909924842496021,79.25925925925927,85.2885554364654,High,0,311
2007,TE,Kevin Boss,,,,,0.07395498392282958,0.16049778611901774,96.29629629629629,69.62605692509229,Low,1,311
2007,TE,Dante Rosario,,,,,0.07717041800643087,0.17872410172250633,94.44444444444444,68.42622365130403,Low,1,311
2007,TE,Brent Celek,,,,,0.9485530546623794,0.977860266551691,19.25925925925926,41.93807312135286,Medium,0,311
2007,TE,Ben Patrick,,,,,0.9903536977491961,1.528510342141661,0.7407407407407408,30.229129450994403,Low,1,311
2007,TE,Tyler Ecker,,,,,0.9903536977491961,0.7738306224898536,65.55555555555556,75.59949982136477,High,0,311
2007,TE,Derek Schouman,,,,,0.9935691318327974,0.8139787415341957,53.333333333333336,67.14040728831725,Medium,0,311
2007,TE,Michael Allan,,,,,0.07395498392282958,0.2930486110827207,91.85185185185185,66.51494581398117,Low,1,311
2007,TE,Clark Harris,,,,,0.9903536977491961,0.8459641536450444,43.333333333333336,60.043944265809216,Medium,0,311
2008,TE,Dustin Keller,5.98507630608478,8.5375,2.5524236939152196,2.5524236939152196,0.9935691318327974,0.9423632970806816,25.185185185185183,47.43670358461355,Medium,0,311
2008,TE,John Carlson,5.052959427853886,9.315625,4.262665572146115,4.262665572146115,0.9935691318327974,0.8152554235398345,52.96296296296297,66.881148029058,Medium,0,311
2008,TE,Fred Davis,5.358242129259623,6.421875,1.0636328707403768,1.0636328707403768,0.977491961414791,0.8558771893879896,42.22222222222222,58.880314397999285,Medium,0,311
2008,TE,Martellus Bennett,5.182298282441756,4.103125,-1.0791732824417553,1.0791732824417553,0.9935691318327974,0.903852967470961,31.11111111111111,51.58485173276169,Medium,0,311
2008,TE,Brad Cottam,0.9305046373864232,1.071875,0.14137036261357672,0.14137036261357672,0.9807073954983923,1.0764296898760413,10.0,36.42122186495177,Low,1,311
2008,TE,Craig Stevens,2.676875607666143,1.1593749999999998,-1.5175006076661433,1.5175006076661433,0.9935691318327974,0.8571971682235009,40.370370370370374,58.06633321424318,Medium,0,311
2008,TE,Jermichael Finley,2.630595957465152,6.4906250000000005,3.8600290425348485,3.8600290425348485,0.9935691318327974,0.6390356003954494,85.92592592592592,89.95522210313206,High,0,311
2008,TE,Martin Rucker,4.171089421035312,0.115625,-4.055464421035312,4.055464421035312,0.977491961414791,0.7911979122818682,61.111111111111114,72.10253662022151,High,0,311
2008,TE,Jacob Tamme,3.458908262194155,5.01875,1.559841737805845,1.559841737805845,0.9935691318327974,0.7348497281671913,73.33333333333333,81.14040728831725,High,0,311
2008,TE,Derek Fine,3.490843165742988,1.275,-2.2158431657429882,2.2158431657429882,0.9935691318327974,0.7047451988214014,75.92592592592592,82.95522210313206,High,0,311
2008,TE,Gary Barnidge,3.3355695504099083,1.13125,-2.2043195504099082,2.2043195504099082,0.9935691318327974,0.86163752726547,39.62962962962963,57.54781469572466,Medium,0,311
2008,TE,Kellen Davis,2.5869512168684494,1.35625,-1.2307012168684495,1.2307012168684495,0.9935691318327974,0.6089296091110816,87.4074074074074,90.9922591401691,High,0,311
2008,TE,Tom Santi,2.6869119167935223,1.2218749999999998,-1.4650369167935224,1.4650369167935224,0.9935691318327974,0.6688128855796065,81.85185185185185,87.10337025128021,High,0,311
2008,TE,Matt Sherry,3.465530090980445,0.0,-3.465530090980445,3.465530090980445,0.03215434083601286,0.08500835072147579,99.25925925925925,70.44611170656185,Low,1,311
2008,TE,Keith Zinger,0.4849099866700763,0.0,-0.4849099866700763,0.4849099866700763,0.9485530546623794,0.9098798092291901,30.0,49.45659163987138,Medium,0,311
2008,TE,Mike Merritt,0.4296309690309693,0.0,-0.4296309690309693,0.4296309690309693,0.9485530546623794,0.8737511716182862,37.407407407407405,54.64177682505657,Medium,0,311
2009,TE,Brandon Pettigrew,7.021028739177493,11.184375,4.1633462608225065,4.1633462608225065,1.0,0.801149283098279,57.77777777777777,70.44444444444443,High,0,311
2009,TE,Richard Quinn,3.341124750765104,0.059375,-3.281749750765104,3.281749750765104,1.0,0.9276393470977554,27.77777777777778,49.44444444444444,Medium,0,311
2009,TE,Jared Cook,3.1011160140058363,6.5625,3.4613839859941637,3.4613839859941637,0.9935691318327974,0.722546229151426,74.81481481481481,82.17744432535429,High,0,311
2009,TE,Chase Coffman,3.0781661431227514,0.1875,-2.8906661431227514,2.8906661431227514,0.9807073954983923,0.8931243881307515,32.96296296296296,52.49529593902584,Medium,0,311
2009,TE,Travis Beckum,3.157228278764889,1.7781249999999995,-1.3791032787648894,1.3791032787648894,0.9839228295819936,1.082362676733482,9.62962962962963,36.25842562820055,Low,1,311
2009,TE,Shawn Nelson,3.2691518161302984,1.2875,-1.9816518161302983,1.9816518161302983,1.0,0.8230262995981784,50.37037037037037,65.25925925925925,Medium,0,311
2009,TE,Anthony Hill,2.3743220017978057,0.153125,-2.2211970017978055,2.2211970017978055,1.0,0.8196971203931319,51.48148148148148,66.03703703703704,Medium,0,311
2009,TE,Davon Drew,3.2483417658135534,0.0,-3.2483417658135534,3.2483417658135534,1.0,0.6591691430578062,82.96296296296296,88.07407407407408,High,0,311
2009,TE,James Casey,3.259821580413635,2.153125,-1.1066965804136348,1.1066965804136348,1.0,1.4451465380621198,1.1111111111111112,30.77777777777778,Low,1,311
2009,TE,Cornelius Ingram,3.262333019718376,0.0,-3.262333019718376,3.262333019718376,0.9935691318327974,0.796800915674827,58.88888888888889,71.02929617720613,High,0,311
2009,TE,John Nalbone,3.567372082669314,0.0,-3.567372082669314,3.567372082669314,0.03858520900321544,0.07433468864452586,99.62962962962963,70.8982970108372,Low,1,311
2009,TE,Zach Miller,2.224903618504513,3.21875,0.9938463814954872,0.9938463814954872,0.954983922829582,1.1226692151181712,8.148148148148149,34.353221388591166,Low,1,311
2009,TE,Bear Pascoe,1.6956439754392436,1.30625,-0.3893939754392437,0.3893939754392437,0.9967845659163987,0.7675166505568931,67.03703703703704,76.82946290341789,High,0,311
2009,TE,Brandon Myers,1.333508483470894,1.5968749999999998,0.2633665165291059,0.2633665165291059,0.954983922829582,0.6757272450493158,80.37037037037037,84.90877694414671,High,0,311
2009,TE,John Phillips,1.6321283952357175,1.384375,-0.2477533952357176,0.2477533952357176,1.0,0.8698540297108565,37.77777777777778,56.44444444444444,Medium,0,311
2009,TE,Jake O'Connell,0.7187435876226947,0.571875,-0.14686858762269472,0.14686858762269472,0.954983922829582,0.9029410289107187,31.48148148148148,50.686554721924495,Medium,0,311
2009,TE,David Johnson,1.468139937393955,1.115625,-0.3525149373939549,0.3525149373939549,1.0,1.329515968634231,2.2222222222222223,31.555555555555557,Low,1,311
2009,TE,Cameron Morrah,2.268533301936161,1.06875,-1.199783301936161,1.199783301936161,1.0,0.8776703720898305,36.2962962962963,55.407407407407405,Medium,0,311
2009,TE,Dan Gronkowski,1.4944260498132826,0.49375,-1.0006760498132827,1.0006760498132827,1.0,0.7195576111841083,75.18518518518519,82.62962962962963,High,0,311
2010,TE,Jermaine Gresham,7.809349312681382,9.853125,2.043775687318618,2.043775687318618,1.0,1.0607568165535313,11.11111111111111,37.77777777777778,Medium,0,311
2010,TE,Rob Gronkowski,6.491019879654075,16.528125000000003,10.037105120345927,10.037105120345927,0.9839228295819936,1.2616934954637515,4.074074074074074,32.36953673931166,Low,1,311
2010,TE,Ed Dickson,3.547392701385916,5.634375,2.0869822986140845,2.0869822986140845,1.0,0.79122550637798,60.74074074074074,72.51851851851852,High,0,311
2010,TE,Tony Moeaki,2.5578030165271235,6.403125,3.8453219834728767,3.8453219834728767,1.0,0.7423413269467055,72.22222222222221,80.55555555555554,High,0,311
2010,TE,Jimmy Graham,2.7055925905146454,16.6,13.894407409485357,13.894407409485357,0.6945337620578779,0.7780329821584362,65.18518518518519,66.46564249136597,Low,1,311
2010,TE,Aaron Hernandez,1.885627391512259,11.140625,9.254997608487741,9.254997608487741,0.9807073954983923,0.8771225114922265,36.666666666666664,55.08788853161843,Medium,0,311
2010,TE,Dennis Pitta,2.6033407804249347,8.3875,5.784159219575065,5.784159219575065,1.0,0.9744473088057735,20.0,44.0,Medium,0,311
2010,TE,Garrett Graham,2.37525317506898,2.365625,-0.00962817506897995,0.00962817506897995,1.0,0.7564474817426113,68.88888888888889,78.22222222222221,High,0,311
2010,TE,Clay Harbor,3.1319231752771066,2.778125,-0.35379817527710644,0.35379817527710644,0.08038585209003216,0.24261810217764096,92.22222222222223,66.96713111825652,Low,1,311
2010,TE,Michael Hoomanawanui,0.8618257479326229,1.921875,1.060049252067377,1.060049252067377,0.9839228295819936,0.6553572375604738,83.33333333333334,87.85101822079315,High,0,311
2010,TE,Andrew Quarless,1.5301065917911458,1.7312500000000002,0.20114340820885435,0.20114340820885435,0.9935691318327974,0.3699937682091071,90.37037037037037,93.06633321424317,High,0,311
2010,TE,Brody Eldridge,0.5015769748009925,0.7,0.19842302519900745,0.19842302519900745,0.9839228295819936,0.8591951876452416,40.0,57.51768488745981,Medium,0,311
2010,TE,Fendi Onobun,0.5995268932654644,0.109375,-0.4901518932654644,0.4901518932654644,0.6527331189710611,1.219071895731701,4.444444444444445,22.693104680242943,Low,1,311
2010,TE,Nate Byham,0.4760165270542951,0.578125,0.10210847294570491,0.10210847294570491,0.9903536977491961,0.7025453046891819,77.03703703703704,83.63653685840181,High,0,311
2010,TE,Anthony McCoy,1.173355568171907,2.8968750000000005,1.7235194318280935,1.7235194318280935,1.0,0.7818370411195941,63.70370370370371,74.5925925925926,High,0,311
2010,TE,Mickey Shuler,0.4503583539773721,0.2,-0.2503583539773721,0.2503583539773721,0.954983922829582,0.6391948552337482,85.55555555555556,88.53840657377634,High,0,311
2010,TE,Jim Dray,1.1528073806847925,0.38125,-0.7715573806847925,0.7715573806847925,0.9839228295819936,0.8497752511146126,42.96296296296296,59.591758961533884,Medium,0,311
2010,TE,Dedrick Epps,1.0090420196668417,0.0,-1.0090420196668417,1.0090420196668417,0.9839228295819936,0.6467163371663831,84.81481481481481,88.88805525783016,High,0,311
2010,TE,Jameson Konz,1.0388527000479688,0.0,-1.0388527000479688,1.0388527000479688,0.954983922829582,1.1205055830355204,8.88888888888889,34.871739907109685,Low,1,311
2011,TE,Kyle Rudolph,7.383673193820077,7.425000000000001,0.04132680617992346,0.04132680617992346,0.9807073954983923,0.6701204338771956,81.11111111111111,86.19899964272955,High,0,311
2011,TE,Lance Kendricks,7.159579651955195,6.303125,-0.856454651955195,0.856454651955195,1.0,0.8079828705026898,55.18518518518518,68.62962962962962,Medium,0,311
2011,TE,Rob Housler,5.604688445815097,5.534374999999999,-0.07031344581509824,0.07031344581509824,1.0,0.9637275379010877,20.37037037037037,44.25925925925926,Medium,0,311
2011,TE,Jordan Cameron,4.518862486506553,8.196875,3.6780125134934476,3.6780125134934476,0.6977491961414791,0.8256494441011595,50.0,55.932475884244376,Low,1,311
2011,TE,Luke Stocker,4.09680655693513,1.865625,-2.23118155693513,2.23118155693513,1.0,0.6481902909433815,84.44444444444444,89.11111111111111,High,0,311
2011,TE,Julius Thomas,4.0270051214212375,6.790625000000001,2.763619878578764,2.763619878578764,0.08360128617363344,0.17293975009987483,95.18518518518519,69.13766821483864,Low,1,311
2011,TE,D.J. Williams,2.515045755514326,0.5,-2.015045755514326,2.015045755514326,1.0,1.1244176869841322,7.777777777777778,35.44444444444444,Low,1,311
2011,TE,Lee Smith,1.7574944853955574,0.940625,-0.8168694853955574,0.8168694853955574,1.0,0.9858377006187169,18.14814814814815,42.7037037037037,Medium,0,311
2011,TE,Charles Clay,2.5623110035202887,7.678125,5.1158139964797105,5.1158139964797105,1.0,0.9439060154124516,24.814814814814813,47.37037037037037,Medium,0,311
2011,TE,Richard Gordon,0.5677029591539415,0.31875,-0.24895295915394156,0.24895295915394156,0.954983922829582,0.8415715786599478,44.074074074074076,59.50136953673931,Medium,0,311
2011,TE,Virgil Green,1.445636664481352,0.775,-0.6706366644813521,0.6706366644813521,1.0,0.9267884604593432,28.888888888888886,50.222222222222214,Medium,0,311
2011,TE,Ryan Taylor,0.284379166190952,0.5125,0.22812083380904796,0.22812083380904796,0.6527331189710611,0.6733423499232203,80.74074074074075,76.10051208765034,Low,1,311
2011,TE,Daniel Hardy,1.4021229594314426,0.0,-1.4021229594314426,1.4021229594314426,0.9839228295819936,0.9383632288646551,26.666666666666668,48.18435155412648,Medium,0,311
2012,TE,Coby Fleener,7.789751777161333,9.9125,2.1227482228386663,2.1227482228386663,0.9839228295819936,0.9556610502177847,21.48148148148148,44.554721924496846,Medium,0,311
2012,TE,Dwayne Allen,4.294950493544155,7.253124999999999,2.958174506455844,2.958174506455844,1.0,0.7180953799097947,75.55555555555556,82.88888888888889,High,0,311
2012,TE,Michael Egnew,5.415197336928944,0.434375,-4.980822336928944,4.980822336928944,1.0,0.974572929585418,19.62962962962963,43.74074074074074,Medium,0,311
2012,TE,Ladarius Green,4.87052111724585,3.56875,-1.3017711172458495,1.3017711172458495,1.0,0.8917417797446884,33.33333333333333,53.33333333333333,Medium,0,311
2012,TE,Evan Rodriguez,5.468236599694946,0.190625,-5.277611599694946,5.277611599694946,1.0,1.009127520914855,16.296296296296298,41.407407407407405,Medium,0,311
2012,TE,Orson Charles,3.647197537799502,0.621875,-3.025322537799502,3.025322537799502,0.9839228295819936,0.621378877341545,86.29629629629629,89.9250922948672,High,0,311
2012,TE,Adrien Robinson,2.1634670906424933,0.5,-1.6634670906424933,1.6634670906424933,0.954983922829582,0.8994433159369091,31.851851851851855,50.94581398118376,Medium,0,311
2012,TE,Taylor Thompson,2.9469622514737246,0.653125,-2.2938372514737244,2.2938372514737244,0.03858520900321544,0.11276921310067176,97.4074074074074,69.34274145528164,Low,1,311
2012,TE,James Hanna,1.9200943341678167,1.1218750000000002,-0.7982193341678165,0.7982193341678165,1.0,0.9397764171204273,25.925925925925924,48.148148148148145,Medium,0,311
2012,TE,Drake Dunsmore,1.3757645019861084,0.0,-1.3757645019861084,1.3757645019861084,1.0,0.7435920667724442,71.48148148148148,80.03703703703704,High,0,311
2012,TE,David Paulson,0.9413837418434728,0.821875,-0.11950874184347282,0.11950874184347282,1.0,0.9397043658121724,26.296296296296294,48.407407407407405,Medium,0,311
2012,TE,Brad Smelley,0.5442877827034074,0.040625,-0.5036627827034074,0.5036627827034074,0.954983922829582,0.653970143265805,83.7037037037037,87.24211027748004,High,0,311
2013,TE,Tyler Eifert,8.894850613503559,8.968749999999998,0.07389938649643923,0.07389938649643923,1.0,0.8312081163615526,48.51851851851852,63.96296296296296,Medium,0,311
2013,TE,Zach Ertz,8.61194729814828,9.828125,1.21617770185172,1.21617770185172,1.0,0.9097838928633026,30.37037037037037,51.25925925925926,Medium,0,311
2013,TE,Gavin Escobar,7.993924601123083,2.434375,-5.5595496011230825,5.5595496011230825,0.9967845659163987,0.7998912361449373,58.14814814814815,70.60724068119566,High,0,311
2013,TE,Vance McDonald,6.823413247437088,3.1406250000000004,-3.6827882474370877,3.6827882474370877,1.0,0.7597164676589225,67.77777777777779,77.44444444444446,High,0,311
2013,TE,Travis Kelce,4.769023162858964,11.459375,6.690351837141035,6.690351837141035,0.9807073954983923,0.8977945711051818,32.592592592592595,52.236036679766585,Medium,0,311
2013,TE,Jordan Reed,2.988067578730796,11.215625,8.227557421269204,8.227557421269204,0.9839228295819936,0.8045932665907021,57.03703703703704,69.44361081338573,Medium,0,311
2013,TE,Dion Sims,3.618552654706405,3.0968750000000003,-0.5216776547064046,0.5216776547064046,1.0,0.7045345579914422,76.29629629629629,83.40740740740739,High,0,311
2013,TE,Levine Toilolo,2.682032125037661,2.915625,0.23359287496233883,0.23359287496233883,1.0,0.9271653423374009,28.14814814814815,49.7037037037037,Medium,0,311
2013,TE,Luke Willson,1.6263810330542467,4.04375,2.4173689669457534,2.4173689669457534,0.954983922829582,0.7693016731693822,66.2962962962963,75.05692509229488,High,0,311
2013,TE,Nick Kasa,1.6305592349317342,0.246875,-1.3836842349317342,1.3836842349317342,0.9935691318327974,1.0241243446847048,13.703703703703704,39.399666547576516,Medium,0,311
2013,TE,Mychal Rivera,1.5426535162060169,7.378125,5.835471483793983,5.835471483793983,1.0,0.6627085545382314,82.5925925925926,87.81481481481481,High,0,311
2013,TE,Ryan Griffin,0.9866772190111476,3.328125,2.3414477809888523,2.3414477809888523,0.954983922829582,1.0730711185242376,10.37037037037037,35.908776944146716,Medium,0,311
2013,TE,Michael Williams,0.4507885430442573,0.175,-0.2757885430442573,0.2757885430442573,0.954983922829582,0.6656811170733695,82.22222222222221,86.205073240443,High,0,311
2013,TE,D.C. Jefferson,0.4682847044522937,0.0,-0.4682847044522937,0.4682847044522937,0.9839228295819936,0.832202166179513,48.148148148148145,63.22138859116351,Medium,0,311
2013,TE,Chris Gragg,0.9784866581830868,1.4,0.42151334181691313,0.42151334181691313,1.0,0.746453776212596,71.11111111111111,79.77777777777777,High,0,311
2013,TE,Justice Cunningham,0.5052699750646182,0.04375,-0.4615199750646182,0.4615199750646182,0.9967845659163987,0.7546758167468626,69.62962962962963,78.6442777182327,High,0,311
2014,TE,Eric Ebron,9.032372939396913,8.590625,-0.4417479393969135,0.4417479393969135,0.9935691318327974,0.8388230875895729,45.55555555555556,61.695962843872806,Medium,0,311
2014,TE,Austin Seferian-Jenkins,8.131098168607188,4.121875,-4.009223168607188,4.009223168607188,0.9839228295819936,0.7833330842501816,62.59259259259259,73.33249970227462,High,0,311
2014,TE,Jace Amaro,7.788800100772243,2.91875,-4.870050100772243,4.870050100772243,1.0,1.1537738371104376,6.296296296296296,34.407407407407405,Low,1,311
2014,TE,Troy Niklas,6.674216152379371,0.815625,-5.858591152379371,5.858591152379371,1.0,0.9522553261340299,22.59259259259259,45.81481481481481,Medium,0,311
2014,TE,C.J. Fiedorowicz,5.434924430291932,5.362500000000001,-0.07242443029193169,0.07242443029193169,1.0,0.6212486092138182,86.66666666666667,90.66666666666666,High,0,311
2014,TE,Richard Rodgers,4.273617252757161,7.1625,2.888882747242839,2.888882747242839,1.0,1.0235035067051885,14.444444444444443,40.11111111111111,Medium,0,311
2014,TE,Crockett Gillmore,3.714689831646529,3.946875,0.23218516835347103,0.23218516835347103,0.9967845659163987,0.8076838258077261,55.55555555555556,68.79242586638085,Medium,0,311
2014,TE,Arthur Lynch,1.7345594829178754,0.0,-1.7345594829178754,1.7345594829178754,1.0,0.837762150996989,45.925925925925924,62.148148148148145,Medium,0,311
2014,TE,Ted Bolser,0.709806247710623,0.0,-0.709806247710623,0.709806247710623,0.954983922829582,0.7037074013500995,76.66666666666667,82.31618435155413,High,0,311
2014,TE,Rob Blanchflower,0.8157844102375803,0.0,-0.8157844102375803,0.8157844102375803,0.9807073954983923,1.1363636435279647,7.4074074074074066,34.60640705013695,Low,1,311
2015,TE,Devin Funchess,7.27303796849976,9.415625,2.1425870315002404,2.1425870315002404,0.9935691318327974,0.9808007747170582,18.88888888888889,43.02929617720614,Medium,0,311
2015,TE,Maxx Williams,5.900412267355662,2.90625,-2.9941622673556623,2.9941622673556623,1.0,1.0154627018351863,15.555555555555555,40.888888888888886,Medium,0,311
2015,TE,Clive Walford,5.874160475942709,5.18125,-0.6929104759427087,0.6929104759427087,1.0,0.6971216761977972,77.77777777777779,84.44444444444446,High,0,311
2015,TE,Tyler Kroft,4.228468405879834,4.821875,0.5934065941201663,0.5934065941201663,0.9839228295819936,0.8537497576020623,42.592592592592595,59.33249970227462,Medium,0,311
2015,TE,Jeff Heuerman,3.704489091444272,1.821875,-1.882614091444272,1.882614091444272,0.9839228295819936,0.7516222942780295,70.0,78.51768488745981,High,0,311
2015,TE,Blake Bell,3.732348319220462,1.440625,-2.291723319220462,2.291723319220462,0.6977491961414791,0.6427724342179736,85.18518518518519,80.562105513874,Low,1,311
2015,TE,MyCole Pruitt,2.9526217361953533,0.69375,-2.258871736195353,2.258871736195353,0.08360128617363344,0.22697494991027806,92.96296296296296,67.58211265928308,Low,1,311
2015,TE,C.J. Uzomah,1.245787641683714,2.4875,1.241712358316286,1.241712358316286,0.954983922829582,0.8053814407924348,56.666666666666664,68.31618435155413,Medium,0,311
2015,TE,Jesse James,2.0077962395937408,5.90625,3.8984537604062592,3.8984537604062592,1.0,0.7821695108910186,63.33333333333333,74.33333333333333,High,0,311
2015,TE,Nick Boyle,2.7144987234095272,2.675,-0.039498723409527425,0.039498723409527425,0.08360128617363344,0.30573094395340217,91.48148148148148,66.54507562224605,Low,1,311
2015,TE,James O'Shaughnessy,2.535566250976207,1.5500000000000005,-0.9855662509762066,0.9855662509762066,0.03858520900321544,0.07145501031139592,100.0,71.15755627009646,Low,1,311
2015,TE,Nick O'Leary,1.812784045032347,2.70625,0.8934659549676529,0.8934659549676529,1.0,0.8160618208572016,52.59259259259259,66.81481481481481,Medium,0,311
2015,TE,Malcolm Johnson,1.557633295429769,0.409375,-1.1482582954297689,1.1482582954297689,0.954983922829582,0.5276171694697795,89.62962962962962,91.39025842562819,High,0,311
2015,TE,Randall Telfer,1.213277472636491,0.28125,-0.932027472636491,0.932027472636491,0.9839228295819936,0.7021001546632335,77.4074074074074,83.702870072645,High,0,311
2015,TE,A.J. Derby,0.9619044990029813,2.66875,1.706845500997019,1.706845500997019,0.6527331189710611,0.5631986672141096,88.88888888888889,81.80421579135404,Low,1,311
2015,TE,Kennard Backman,1.0571002106573988,0.0,-1.0571002106573988,1.0571002106573988,0.954983922829582,0.6943127260394715,78.14814814814814,83.35322138859115,High,0,311
2015,TE,Ben Koyack,0.4158744901427941,1.6218749999999995,1.2060005098572053,1.2060005098572053,0.9807073954983923,0.669802843820409,81.48148148148148,86.4582589019888,High,0,311
2015,TE,Geoff Swaim,0.3627536762988991,0.54375,0.18099632370110086,0.18099632370110086,0.954983922829582,0.8763226115574847,37.03703703703704,54.57544361081338,Medium,0,311
2015,TE,Rory 'Busta' Anderson,0.5286712431616003,0.0,-0.5286712431616003,0.5286712431616003,0.06430868167202572,0.14726707120622118,96.66666666666667,69.59592711682744,Low,1,311
2015,TE,Gerald Christian,0.7449373904716315,0.075,-0.6699373904716316,0.6699373904716316,0.9903536977491961,0.6162596297545465,87.03703703703704,90.63653685840181,High,0,311
2016,TE,Hunter Henry,7.458536571850772,8.021875,0.563338428149228,0.563338428149228,0.9839228295819936,0.7737468312850696,65.92592592592592,75.66583303560796,High,0,311
2016,TE,Austin Hooper,4.664165789775698,8.83125,4.167084210224303,4.167084210224303,1.0,0.8114773943403899,54.44444444444444,68.11111111111111,Medium,0,311
2016,TE,Nick Vannett,3.486611400603365,3.2593750000000004,-0.2272364006033647,0.2272364006033647,1.0,0.688114641177231,79.62962962962963,85.74074074074073,High,0,311
2016,TE,Tyler Higbee,3.159218358684968,3.928125,0.7689066413150321,0.7689066413150321,0.9807073954983923,1.300903283644026,2.5925925925925926,31.23603667976658,Low,1,311
2016,TE,Seth Devalve,1.9947252216186588,3.475,1.4802747783813412,1.4802747783813412,0.03858520900321544,0.08767615196856877,98.88888888888889,70.37977849231868,Low,1,311
2016,TE,Temarrick Hemingway,3.4460966506509365,0.0,-3.4460966506509365,3.4460966506509365,0.08360128617363344,0.16522851907410643,95.55555555555556,69.3969274740979,Low,1,311
2016,TE,Jerell Adams,2.1421327568760606,1.6062499999999995,-0.5358827568760611,0.5358827568760611,0.9967845659163987,0.8571766939604284,40.74074074074074,58.42205549601047,Medium,0,311
2016,TE,David Morgan,1.8489116667360403,1.065625,-0.7832866667360403,0.7832866667360403,0.9710610932475884,0.75858387675748,68.14814814814815,76.83553650113134,High,0,311
2016,TE,Rico Gathers,0.7075864068074786,0.234375,-0.47321140680747864,0.47321140680747864,0.03858520900321544,0.1621907422269941,95.92592592592592,68.3057044182446,Low,1,311
2016,TE,Thomas Duarte,0.8032912887212003,0.0,-0.8032912887212003,0.8032912887212003,1.0,0.8125268042322631,54.074074074074076,67.85185185185185,Medium,0,311
2016,TE,Beau Sandland,0.5660128961316464,0.0,-0.5660128961316464,0.5660128961316464,0.6977491961414791,0.9613863688826964,20.74074074074074,35.450994402762895,Low,1,311
2017,TE,O.J. Howard,8.622158019440882,6.9281250000000005,-1.694033019440881,1.694033019440881,1.0,0.7824710533519689,62.96296296296296,74.07407407407408,High,0,311
2017,TE,Evan Engram,8.57978870396469,9.371875,0.7920862960353094,0.7920862960353094,1.0,0.8308835770643371,48.888888888888886,64.22222222222221,Medium,0,311
2017,TE,David Njoku,8.461724969326308,7.456249999999999,-1.0054749693263094,1.0054749693263094,1.0,0.8831063076346105,34.81481481481482,54.37037037037037,Medium,0,311
2017,TE,Gerald Everett,6.298385386706551,5.512499999999999,-0.7858853867065516,0.7858853867065516,1.0,0.8389565029154463,45.18518518518518,61.629629629629626,Medium,0,311
2017,TE,Adam Shaheen,6.36029602198397,1.909375,-4.45092102198397,4.45092102198397,0.08360128617363344,0.317230976324373,90.74074074074075,66.02655710372753,Low,1,311
2017,TE,Jonnu Smith,4.688558303189866,5.265625,0.5770666968101343,0.5770666968101343,0.9967845659163987,0.926900142925383,28.51851851851852,49.86649994045492,Medium,0,311
2017,TE,Michael Roberts,2.705890626402367,1.425,-1.280890626402367,1.280890626402367,0.9967845659163987,1.06399899089351,10.74074074074074,37.42205549601048,Medium,0,311
2017,TE,Jake Butt,2.610009559007462,0.515625,-2.094384559007462,2.094384559007462,0.9710610932475884,0.6086002608718364,87.77777777777777,90.57627724187208,High,0,311
2017,TE,George Kittle,2.366691184995562,15.0375,12.670808815004438,12.670808815004438,0.9935691318327974,0.807356982998607,56.2962962962963,69.21448136239133,Medium,0,311
2017,TE,Jordan Leggett,2.459168525343705,0.98125,-1.477918525343705,1.477918525343705,0.9903536977491961,0.6932495735749252,78.51851851851852,84.67357389543885,High,0,311
2017,TE,Jeremy Sprinkle,1.856537592793528,2.225,0.36846240720647216,0.36846240720647216,0.9903536977491961,0.5792101519727263,88.14814814814815,91.41431463617958,High,0,311
2017,TE,Eric Saubert,2.190754136924001,0.434375,-1.7563791369240012,1.7563791369240012,0.06752411575562701,0.09490606701493667,98.51851851851852,70.98868643563178,Low,1,311
2017,TE,Bucky Hodges,2.5348185929943083,0.0,-2.5348185929943083,2.5348185929943083,0.9967845659163987,0.7385357783837881,72.96296296296296,80.97761105156603,High,0,311
2017,TE,Mason Schreck,0.4225314453205525,0.0,-0.4225314453205525,0.4225314453205525,0.954983922829582,0.8205953333499043,51.11111111111111,64.42729546266523,Medium,0,311
2018,TE,Hayden Hurst,8.086908241946551,7.0625,-1.024408241946551,1.024408241946551,0.9967845659163987,0.7815331929818381,64.07407407407408,74.75538882934381,High,0,311
2018,TE,Mike Gesicki,7.3354143608078415,9.228125,1.8927106391921589,1.8927106391921589,1.0,0.8080707287606028,54.81481481481482,68.37037037037037,Medium,0,311
2018,TE,Dallas Goedert,4.525547012095047,8.159375,3.6338279879049535,3.6338279879049535,0.05787781350482315,0.185353015639322,93.7037037037037,67.32892699773727,Low,1,311
2018,TE,Mark Andrews,5.206727578592045,11.790625,6.583897421407955,6.583897421407955,1.0,1.0096843881422244,15.925925925925927,41.14814814814815,Medium,0,311
2018,TE,Jordan Akins,4.510663912228647,5.421875,0.9112110877713526,0.9112110877713526,0.9710610932475884,1.0323516905329901,12.592592592592592,37.94664761224246,Medium,0,311
2018,TE,Ian Thomas,4.962926502039627,3.80625,-1.1566765020396272,1.1566765020396272,0.9967845659163987,1.1835687801419752,5.555555555555555,33.792425866380846,Low,1,311
2018,TE,Christopher Herndon IV,3.115001134901805,5.840624999999999,2.725623865098194,2.725623865098194,0.05787781350482315,0.1080033513508943,97.77777777777777,70.18077884958912,Low,1,311
2018,TE,Will Dissly,2.585517093268835,4.21875,1.6332329067311648,1.6332329067311648,1.0,1.3625911785036358,1.8518518518518516,31.296296296296298,Low,1,311
2018,TE,Durham Smythe,2.3711177531991825,2.2593750000000004,-0.11174275319918214,0.11174275319918214,1.0,0.7392421253808588,72.5925925925926,80.81481481481481,High,0,311
2018,TE,Dalton Schultz,2.378281503595612,5.315625,2.9373434964043876,2.9373434964043876,1.0,0.7477437002886235,70.74074074074073,79.5185185185185,High,0,311
2018,TE,Troy Fumagalli,2.065225624276517,1.18125,-0.8839756242765171,0.8839756242765171,0.9742765273311897,0.7295485403482642,74.07407407407408,81.08014767178754,High,0,311
2018,TE,Tyler Conklin,3.551001972060678,1.81875,-1.732251972060678,1.732251972060678,1.0,0.8171231753229755,52.22222222222223,66.55555555555556,Medium,0,311
2018,TE,Jaylen Samuels,3.55141380093121,6.059375000000001,2.507961199068791,2.507961199068791,1.0,0.8687817663840933,38.51851851851852,56.96296296296296,Medium,0,311
2018,TE,Jordan Thomas,0.9984264257270504,2.275,1.2765735742729496,1.2765735742729496,1.0,0.9137503282627785,29.629629629629626,50.74074074074073,Medium,0,311
2018,TE,Ryan Izzo,0.442206721562168,1.696875,1.254668278437832,1.254668278437832,1.0,0.7271827030736808,74.44444444444444,82.11111111111111,High,0,311
2019,TE,T.J. Hockenson,7.733094506743255,9.751654411764706,2.0185599050214513,2.0185599050214513,1.0,0.8363197354806886,46.666666666666664,62.666666666666664,Medium,0,311
2019,TE,Noah Fant,7.806176510374543,9.342095588235296,1.5359190778607523,1.5359190778607523,1.0,0.8076025818727931,55.925925925925924,69.14814814814815,Medium,0,311
2019,TE,Irv Smith Jr.,5.629196079446349,5.55,-0.07919607944634954,0.07919607944634954,1.0,1.008073207194072,16.666666666666664,41.666666666666664,Medium,0,311
2019,TE,Drew Sample,4.39828368111551,3.027389705882353,-1.370893975233157,1.370893975233157,0.9967845659163987,0.6499294985213371,84.07407407407408,88.75538882934381,High,0,311
2019,TE,Josh Oliver,5.2170534025795625,0.5994485294117646,-4.617604873167798,4.617604873167798,1.0,0.8798625947166021,35.55555555555556,54.888888888888886,Medium,0,311
2019,TE,Jace Sternberger,6.353655812010414,0.91875,-5.434905812010414,5.434905812010414,0.6977491961414791,0.8659025646778389,38.88888888888889,48.1546981064666,Low,1,311
2019,TE,Kahale Warring,4.753969318766552,0.203125,-4.550844318766552,4.550844318766552,1.0,1.1969696794993705,5.185185185185185,33.629629629629626,Low,1,311
2019,TE,Dawson Knox,4.443944465593931,7.317095588235294,2.8731511226413637,2.8731511226413637,0.9839228295819936,0.8340491956141841,47.40740740740741,62.70287007264499,Medium,0,311
2019,TE,Trevon Wesco,2.36548357402518,0.4068014705882353,-1.9586821034369448,1.9586821034369448,1.0,1.0237258519161123,14.074074074074074,39.85185185185185,Medium,0,311
2019,TE,Foster Moreau,3.351494080448324,4.646323529411765,1.2948294489634407,1.2948294489634407,1.0,0.6845848572016628,80.0,86.0,High,0,311
2019,TE,Zach Gentry,1.7530977412270268,1.09375,-0.6593477412270268,0.6593477412270268,1.0,0.7936187936430714,60.370370370370374,72.25925925925927,High,0,311
2019,TE,Kaden Smith,2.440895810974739,3.28125,0.8403541890252608,0.8403541890252608,1.0,0.9342556086380391,27.40740740740741,49.18518518518518,Medium,0,311
2019,TE,Isaac Nauta,0.6114048440448443,0.14375,-0.4676548440448443,0.4676548440448443,0.9935691318327974,0.7798049505545814,64.81481481481481,75.17744432535429,High,0,311
2019,TE,Tommy Sweeney,0.3239122941641694,1.1768382352941176,0.8529259411299481,0.8529259411299481,0.9839228295819936,0.7985433308114279,58.51851851851851,70.48064785042277,High,0,311
2019,TE,AlizÃ© Mack,0.2088180256449899,0.0,-0.2088180256449899,0.2088180256449899,0.08360128617363344,0.14145647935129213,97.03703703703704,70.43396451113493,Low,1,311
2019,TE,Caleb Wilson,0.5463932621644224,0.0,-0.5463932621644224,0.5463932621644224,0.9967845659163987,1.0248754146544434,13.333333333333334,39.236870310825296,Medium,0,311
2020,TE,Cole Kmet,6.587450645616636,7.897058823529411,1.309608177912775,1.309608177912775,0.9967845659163987,0.7558386082241996,69.25925925925925,78.38501845897343,High,0,311
2020,TE,Devin Asiasi,5.557424514823413,0.4454044117647059,-5.112020103058708,5.112020103058708,0.9935691318327974,0.733389592631619,73.70370370370371,81.39966654757652,High,0,311
2020,TE,Josiah Deguara,4.897675600529253,2.5264705882352945,-2.371205012293959,2.371205012293959,1.0,0.7434106262771001,71.85185185185186,80.2962962962963,High,0,311
2020,TE,Dalton Keene,4.995783207765916,0.14375,-4.852033207765916,4.852033207765916,1.0,0.5749650657706074,88.51851851851852,91.96296296296296,High,0,311
2020,TE,Adam Trautman,5.005090651129041,3.176470588235293,-1.8286200628937483,1.8286200628937483,0.08360128617363344,0.1948385431876921,93.33333333333333,67.84137191854234,Low,1,311
2020,TE,Harrison Bryant,3.984746874321405,3.763602941176471,-0.22114393314493386,0.22114393314493386,1.0,0.8694782811961895,38.148148148148145,56.703703703703695,Medium,0,311
2020,TE,Albert Okwuegbunam,3.770581499260544,3.1446691176470587,-0.6259123816134853,0.6259123816134853,0.9807073954983923,0.8411290219629424,44.81481481481481,60.79159223532213,Medium,0,311
2020,TE,Colby Parkinson,3.5454172657574112,2.2794117647058822,-1.266005501051529,1.266005501051529,1.0,0.7896084822424709,61.48148148148148,73.03703703703704,High,0,311
2020,TE,Brycen Hopkins,3.2138392788001,0.5823529411764706,-2.6314863376236293,2.6314863376236293,1.0,0.8890552868771779,33.7037037037037,53.592592592592595,Medium,0,311
2020,TE,Charlie Woerner,1.994379050677964,0.50625,-1.4881290506779639,1.4881290506779639,1.0,0.7802526081887514,64.44444444444444,75.11111111111111,High,0,311
2020,TE,Tyler Davis,1.5065769457803508,0.4147058823529411,-1.0918710634274098,1.0918710634274098,0.954983922829582,1.2980673467779849,2.9629629629629632,30.723591758961533,Low,1,311
2020,TE,Stephen Sullivan,0.5308891623397607,0.1941176470588235,-0.3367715152809372,0.3367715152809372,0.9967845659163987,0.944772832594117,24.074074074074073,46.755388829343815,Medium,0,311
2021,TE,Kyle Pitts,8.764799308163829,9.232352941176472,0.46755363301264374,0.46755363301264374,1.0,1.1205471459207874,8.518518518518519,35.96296296296296,Low,1,311
2021,TE,Pat Freiermuth,4.930197577611466,8.820588235294117,3.8903906576826515,3.8903906576826515,0.9742765273311897,0.8567522267810382,41.11111111111111,58.00607359771347,Medium,0,311
2021,TE,Hunter Long,3.515158330799104,0.0529411764705882,-3.462217154328516,3.462217154328516,0.954983922829582,0.9532747245127606,22.22222222222222,44.205073240443014,Medium,0,311
2021,TE,Tommy Tremble,4.351076748277984,3.3764705882352946,-0.9746061600426899,0.9746061600426899,0.9935691318327974,0.7510514031106046,70.37037037037037,79.06633321424317,High,0,311
2021,TE,Tre' McKitty,3.2387697007934864,0.8147058823529413,-2.424063818440545,2.424063818440545,0.9710610932475884,0.813160481031208,53.70370370370371,66.72442539002024,Medium,0,311
2021,TE,John Bates,1.955816273433033,2.5,0.5441837265669669,0.5441837265669669,0.954983922829582,0.8218937833273303,50.74074074074074,64.16803620340598,Medium,0,311
2021,TE,Kylen Granson,2.7285155554532405,3.947058823529412,1.2185432680761714,1.2185432680761714,0.954983922829582,0.9168887875068776,29.259259259259256,49.13099916636894,Medium,0,311
2021,TE,Luke Farrell,2.5910538099406417,1.2088235294117646,-1.382230280528877,1.382230280528877,1.0,0.9553222726696984,21.85185185185185,45.29629629629629,Medium,0,311
2021,TE,Brevin Jordan,2.289682667815962,3.1382352941176475,0.8485526263016854,0.8485526263016854,0.9935691318327974,0.7951318742002023,59.62962962962963,71.54781469572467,High,0,311
2021,TE,Noah Gray,3.663214819596256,4.135294117647058,0.4720792980508022,0.4720792980508022,1.0,0.8295129724206511,49.25925925925926,64.48148148148148,Medium,0,311
2021,TE,Zach Davidson,1.4829156641937091,0.0,-1.4829156641937091,1.4829156641937091,0.03858520900321544,0.10568385081701268,98.14814814814815,69.86125997380016,Low,1,311
2022,TE,Trey McBride,6.259837267223904,12.508823529411764,6.248986262187859,6.248986262187859,0.9839228295819936,1.204755444183467,4.814814814814815,32.888055257830175,Low,1,311
2022,TE,Jelani Woods,3.957367922871947,2.182352941176472,-1.7750149816954748,1.7750149816954748,0.9839228295819936,0.7951497074718785,59.25925925925925,70.99916636894127,High,0,311
2022,TE,Greg Dulcich,4.738212473685861,2.761764705882353,-1.9764477678035082,1.9764477678035082,1.0,0.856669911384915,41.48148148148148,59.03703703703704,Medium,0,311
2022,TE,Jeremy Ruckert,4.28679709332684,1.7529411764705882,-2.5338559168562513,2.5338559168562513,0.9742765273311897,0.9521485599051797,22.962962962962962,45.302369894009765,Medium,0,311
2022,TE,Cade Otton,3.664761158844657,7.620588235294117,3.9558270764494603,3.9558270764494603,0.9710610932475884,0.8851577394733372,34.44444444444444,53.242943908538756,Medium,0,311
2022,TE,Daniel Bellinger,3.781602846609213,3.691176470588236,-0.09042637602097692,0.09042637602097692,1.0,0.9354353332826768,27.037037037037038,48.925925925925924,Medium,0,311
2022,TE,Charlie Kolar,2.563932576768177,1.4705882352941178,-1.0933443414740593,1.0933443414740593,0.9710610932475884,0.7667223062417314,67.4074074074074,76.31701798261284,High,0,311
2022,TE,Jake Ferguson,3.129424715162872,8.279411764705882,5.149987049543011,5.149987049543011,1.0,0.793992042999858,60.0,72.0,High,0,311
2022,TE,Isaiah Likely,3.712479641497041,6.6117647058823525,2.8992850643853116,2.8992850643853116,0.977491961414791,1.0042128398698114,17.037037037037038,41.25068476836965,Medium,0,311
2022,TE,Chigoziem Okonkwo,2.95665945594788,6.6764705882352935,3.7198111322874134,3.7198111322874134,0.06752411575562701,0.2283895108041598,92.5925925925926,66.84053828748362,Low,1,311
2022,TE,Cole Turner,3.653097203854737,0.8029411764705883,-2.8501560273841484,2.8501560273841484,1.0,1.271183249617963,3.3333333333333335,32.333333333333336,Low,1,311
2022,TE,Teagan Quitoriano,1.6412012244102183,1.0470588235294118,-0.5941424008808065,0.5941424008808065,0.9742765273311897,0.7894939046788754,61.85185185185185,72.52459211623199,High,0,311
2022,TE,James Mitchell,2.4979816048546453,0.973529411764706,-1.5244521930899393,1.5244521930899393,0.9710610932475884,0.856066795484528,41.85185185185185,58.42812909372394,Medium,0,311
2022,TE,Andrew Ogletree,1.837145821425306,0.0,-1.837145821425306,1.837145821425306,0.08038585209003216,0.5555977075199691,89.25925925925927,64.89305704418244,Low,1,311
2022,TE,Grant Calcaterra,1.6177658569310598,2.144117647058824,0.5263517901277641,0.5263517901277641,0.9839228295819936,1.1590178180668973,5.9259259259259265,33.66583303560795,Low,1,311
2022,TE,Connor Heyward,1.1762437914711332,2.2205882352941178,1.0443444438229845,1.0443444438229845,0.9839228295819936,0.7683662359805918,66.66666666666666,76.18435155412647,High,0,311
2022,TE,John FitzPatrick,0.7374231308997962,0.1,-0.6374231308997962,0.6374231308997962,0.954983922829582,0.8978986719098156,32.22222222222222,51.205073240443014,Medium,0,311
2022,TE,Ko Kieft,0.8542734487454653,0.0,-0.8542734487454653,0.8542734487454653,0.9967845659163987,1.0375241332673357,12.222222222222221,38.45909253304751,Medium,0,311
2022,TE,Nick Muse,0.4752103828757609,0.0,-0.4752103828757609,0.4752103828757609,0.9967845659163987,0.944734885089703,24.444444444444443,47.01464808860307,Medium,0,311
2023,TE,Dalton Kincaid,8.979800113502854,8.129411764705882,-0.8503883487969723,0.8503883487969723,0.9710610932475884,0.9472038766404797,23.703703703703706,45.724425390020244,Medium,0,311
2023,TE,Sam LaPorta,7.822817433644204,12.173529411764706,4.350711978120502,4.350711978120502,0.9967845659163987,0.8785013276951528,35.92592592592593,55.051685125640105,Medium,0,311
2023,TE,Michael Mayer,8.441851371520048,4.270588235294118,-4.171263136225931,4.171263136225931,0.9903536977491961,0.8432985774000455,43.7037037037037,60.30320352506847,Medium,0,311
2023,TE,Luke Musgrave,7.499902827137261,3.6588235294117646,-3.841079297725497,3.841079297725497,0.9903536977491961,0.9586462757091372,21.11111111111111,44.48838871025366,Medium,0,311
2023,TE,Luke Schoonmaker,4.342133302329091,2.4794117647058824,-1.8627215376232087,1.8627215376232087,0.9935691318327974,0.9397906101067542,25.555555555555554,47.695962843872806,Medium,0,311
2023,TE,Brenton Strange,4.251381938034541,6.15,1.8986180619654593,1.8986180619654593,1.0,0.4986368004356444,90.0,93.0,High,0,311
2023,TE,Tucker Kraft,4.538407277540969,8.25,3.711592722459031,3.711592722459031,0.08360128617363344,0.1749564160471764,94.81481481481482,68.87840895557937,Low,1,311
2023,TE,Darnell Washington,2.7866233192997463,3.4823529411764707,0.6957296218767244,0.6957296218767244,0.9967845659163987,0.7884583148634581,62.22222222222222,73.45909253304751,High,0,311
2023,TE,Cameron Latu,4.312117937749399,0.0,-4.312117937749399,4.312117937749399,0.9710610932475884,0.8369608816619307,46.2962962962963,61.53924020483505,Medium,0,311
