position,target,family,feature_set,n_features_listed,model_spec,reference_n,matched_n,rmse,mae,max_abs,pearson,spearman,error
RB,hit3,cat,group__capital,6,cat3_unweighted,86,86,0.1735461750375548,0.10000939110388063,0.5847132690240291,0.7095399670191308,0.7213555548939923,
RB,hit3,cat,group__capital,6,cat4_unweighted,86,86,0.1721640362438863,0.09827399946964716,0.593478849513149,0.7266520045556152,0.6987598296821649,
RB,hit3,cat,group__capital,6,cat3_balanced,86,86,0.24868619194251754,0.16309541827485396,0.6716152304548153,0.684924930570714,0.6890959267902612,
RB,hit3,cat,group__capital,6,cat4_balanced,86,86,0.2495206106678164,0.17514481210448699,0.6815999699966877,0.6851142960488231,0.7052663358617178,
RB,hit3,cat,group__capital,6,cat3_scaled,86,86,0.24868619194251754,0.16309541827485396,0.6716152304548153,0.684924930570714,0.6890959267902612,
RB,hit3,cat,group__capital,6,cat4_scaled,86,86,0.2495206106678164,0.17514481210448699,0.6815999699966877,0.6851142960488231,0.7052663358617178,
RB,hit3,cat,group__capital,6,cat3_balanced_imp,86,0,inf,inf,inf,,,"AttributeError(""The following error was raised: 'CatBoostClassifier' object has no attribute '__sklearn_tags__'. It seems that there are no classes that implement `__sklearn_tags__` in the MRO and/or all classes in the MRO call `super().__sklearn_tags__()`. Make sure to inherit from `BaseEstimator` which implements `__sklearn_tags__` (or alternatively define `__sklearn_tags__` but we don't recommend this approach). Note that `BaseEstimator` needs to be on the right side of other Mixins in the inheritance order."")"
RB,hit3,cat,group__capital,6,cat4_balanced_imp,86,0,inf,inf,inf,,,"AttributeError(""The following error was raised: 'CatBoostClassifier' object has no attribute '__sklearn_tags__'. It seems that there are no classes that implement `__sklearn_tags__` in the MRO and/or all classes in the MRO call `super().__sklearn_tags__()`. Make sure to inherit from `BaseEstimator` which implements `__sklearn_tags__` (or alternatively define `__sklearn_tags__` but we don't recommend this approach). Note that `BaseEstimator` needs to be on the right side of other Mixins in the inheritance order."")"
RB,hit3,cat,group__capital_core,206,cat3_unweighted,86,86,0.18671263938984317,0.09883728291823947,0.6911736511207093,0.648823404564037,0.6219255625265343,
RB,hit3,cat,group__capital_core,206,cat4_unweighted,86,86,0.17294661282829782,0.09150785423043713,0.6814049447596315,0.7058348200020557,0.6706259729232511,
RB,hit3,cat,group__capital_core,206,cat3_balanced,86,86,0.20239188905398459,0.13153125299735186,0.7615236636161775,0.6916848817916007,0.6375678098023491,
RB,hit3,cat,group__capital_core,206,cat4_balanced,86,86,0.19036915823636127,0.12126649637551215,0.7776997532102271,0.7182481778908216,0.6583046370111797,
RB,hit3,cat,group__capital_core,206,cat3_scaled,86,86,0.20239188905398459,0.13153125299735186,0.7615236636161775,0.6916848817916007,0.6375678098023491,
RB,hit3,cat,group__capital_core,206,cat4_scaled,86,86,0.19036915823636127,0.12126649637551215,0.7776997532102271,0.7182481778908216,0.6583046370111797,
RB,hit3,cat,group__capital_core,206,cat3_balanced_imp,86,0,inf,inf,inf,,,"AttributeError(""The following error was raised: 'CatBoostClassifier' object has no attribute '__sklearn_tags__'. It seems that there are no classes that implement `__sklearn_tags__` in the MRO and/or all classes in the MRO call `super().__sklearn_tags__()`. Make sure to inherit from `BaseEstimator` which implements `__sklearn_tags__` (or alternatively define `__sklearn_tags__` but we don't recommend this approach). Note that `BaseEstimator` needs to be on the right side of other Mixins in the inheritance order."")"
RB,hit3,cat,group__capital_core,206,cat4_balanced_imp,86,0,inf,inf,inf,,,"AttributeError(""The following error was raised: 'CatBoostClassifier' object has no attribute '__sklearn_tags__'. It seems that there are no classes that implement `__sklearn_tags__` in the MRO and/or all classes in the MRO call `super().__sklearn_tags__()`. Make sure to inherit from `BaseEstimator` which implements `__sklearn_tags__` (or alternatively define `__sklearn_tags__` but we don't recommend this approach). Note that `BaseEstimator` needs to be on the right side of other Mixins in the inheritance order."")"
RB,hit3,cat,ranked_top4,4,cat3_unweighted,86,86,0.2311167853639616,0.1381195878363443,0.9324287522537985,0.5849536569773329,0.6085533143656311,
RB,hit3,cat,ranked_top4,4,cat4_unweighted,86,86,0.2244229677163119,0.1344419646908843,0.8586313626305884,0.5930510572731832,0.5852634558233878,
RB,hit3,cat,ranked_top4,4,cat3_balanced,86,86,0.3179050110881831,0.19736714278047,0.9322438245204454,0.632295156992717,0.5455660435271961,
RB,hit3,cat,ranked_top4,4,cat4_balanced,86,86,0.32090191510396393,0.19674859157216334,0.8835551749318831,0.6241922943409713,0.5528657012123213,
RB,hit3,cat,ranked_top4,4,cat3_scaled,86,86,0.3179050110881831,0.19736714278047,0.9322438245204454,0.632295156992717,0.5455660435271961,
RB,hit3,cat,ranked_top4,4,cat4_scaled,86,86,0.32090191510396393,0.19674859157216334,0.8835551749318831,0.6241922943409713,0.5528657012123213,
RB,hit3,cat,ranked_top4,4,cat3_balanced_imp,86,0,inf,inf,inf,,,"AttributeError(""The following error was raised: 'CatBoostClassifier' object has no attribute '__sklearn_tags__'. It seems that there are no classes that implement `__sklearn_tags__` in the MRO and/or all classes in the MRO call `super().__sklearn_tags__()`. Make sure to inherit from `BaseEstimator` which implements `__sklearn_tags__` (or alternatively define `__sklearn_tags__` but we don't recommend this approach). Note that `BaseEstimator` needs to be on the right side of other Mixins in the inheritance order."")"
RB,hit3,cat,ranked_top4,4,cat4_balanced_imp,86,0,inf,inf,inf,,,"AttributeError(""The following error was raised: 'CatBoostClassifier' object has no attribute '__sklearn_tags__'. It seems that there are no classes that implement `__sklearn_tags__` in the MRO and/or all classes in the MRO call `super().__sklearn_tags__()`. Make sure to inherit from `BaseEstimator` which implements `__sklearn_tags__` (or alternatively define `__sklearn_tags__` but we don't recommend this approach). Note that `BaseEstimator` needs to be on the right side of other Mixins in the inheritance order."")"
RB,hit3,cat,draftcap_plus_top4,10,cat3_unweighted,86,86,0.23834950074946712,0.13409976104847443,0.8378558892409533,0.5764447185238178,0.5198075380914194,
RB,hit3,cat,draftcap_plus_top4,10,cat4_unweighted,86,86,0.2287789657123895,0.13222090946274453,0.7828118603266044,0.5934121585314921,0.5366385206849379,
RB,hit3,cat,draftcap_plus_top4,10,cat3_balanced,86,86,0.30482318595180313,0.183068624443965,0.8998837994676953,0.6123523625309976,0.49327798481060425,
RB,hit3,cat,draftcap_plus_top4,10,cat4_balanced,86,86,0.3031872691839124,0.18283893096397774,0.8826603529898964,0.6171119517287807,0.5241851030708995,
RB,hit3,cat,draftcap_plus_top4,10,cat3_scaled,86,86,0.30482318595180313,0.183068624443965,0.8998837994676953,0.6123523625309976,0.49327798481060425,
RB,hit3,cat,draftcap_plus_top4,10,cat4_scaled,86,86,0.3031872691839124,0.18283893096397774,0.8826603529898964,0.6171119517287807,0.5241851030708995,
RB,hit3,cat,draftcap_plus_top4,10,cat3_balanced_imp,86,0,inf,inf,inf,,,"AttributeError(""The following error was raised: 'CatBoostClassifier' object has no attribute '__sklearn_tags__'. It seems that there are no classes that implement `__sklearn_tags__` in the MRO and/or all classes in the MRO call `super().__sklearn_tags__()`. Make sure to inherit from `BaseEstimator` which implements `__sklearn_tags__` (or alternatively define `__sklearn_tags__` but we don't recommend this approach). Note that `BaseEstimator` needs to be on the right side of other Mixins in the inheritance order."")"
RB,hit3,cat,draftcap_plus_top4,10,cat4_balanced_imp,86,0,inf,inf,inf,,,"AttributeError(""The following error was raised: 'CatBoostClassifier' object has no attribute '__sklearn_tags__'. It seems that there are no classes that implement `__sklearn_tags__` in the MRO and/or all classes in the MRO call `super().__sklearn_tags__()`. Make sure to inherit from `BaseEstimator` which implements `__sklearn_tags__` (or alternatively define `__sklearn_tags__` but we don't recommend this approach). Note that `BaseEstimator` needs to be on the right side of other Mixins in the inheritance order."")"
RB,hit3,cat,ranked_top8,8,cat3_unweighted,86,86,0.2254416539565428,0.13216848274630807,0.8304128481794935,0.5998435014065023,0.5384121892542101,
RB,hit3,cat,ranked_top8,8,cat4_unweighted,86,86,0.22075704924387027,0.13237585329012022,0.7376018570386216,0.5886363330840824,0.5408840039624511,
RB,hit3,cat,ranked_top8,8,cat3_balanced,86,86,0.3028491626105291,0.1871336683705265,0.9103439660586286,0.6464341589096096,0.5541676494174254,
RB,hit3,cat,ranked_top8,8,cat4_balanced,86,86,0.3040932574499681,0.18636564937613675,0.8670562788682978,0.62785136208896,0.5244115288457002,
RB,hit3,cat,ranked_top8,8,cat3_scaled,86,86,0.3028491626105291,0.1871336683705265,0.9103439660586286,0.6464341589096096,0.5541676494174254,
RB,hit3,cat,ranked_top8,8,cat4_scaled,86,86,0.3040932574499681,0.18636564937613675,0.8670562788682978,0.62785136208896,0.5244115288457002,
RB,hit3,cat,ranked_top8,8,cat3_balanced_imp,86,0,inf,inf,inf,,,"AttributeError(""The following error was raised: 'CatBoostClassifier' object has no attribute '__sklearn_tags__'. It seems that there are no classes that implement `__sklearn_tags__` in the MRO and/or all classes in the MRO call `super().__sklearn_tags__()`. Make sure to inherit from `BaseEstimator` which implements `__sklearn_tags__` (or alternatively define `__sklearn_tags__` but we don't recommend this approach). Note that `BaseEstimator` needs to be on the right side of other Mixins in the inheritance order."")"
RB,hit3,cat,ranked_top8,8,cat4_balanced_imp,86,0,inf,inf,inf,,,"AttributeError(""The following error was raised: 'CatBoostClassifier' object has no attribute '__sklearn_tags__'. It seems that there are no classes that implement `__sklearn_tags__` in the MRO and/or all classes in the MRO call `super().__sklearn_tags__()`. Make sure to inherit from `BaseEstimator` which implements `__sklearn_tags__` (or alternatively define `__sklearn_tags__` but we don't recommend this approach). Note that `BaseEstimator` needs to be on the right side of other Mixins in the inheritance order."")"
RB,hit3,cat,draftcap_plus_top8,14,cat3_unweighted,86,86,0.2326085403081458,0.13590840615279856,0.7677040091059935,0.568009369513921,0.494598801830275,
RB,hit3,cat,draftcap_plus_top8,14,cat4_unweighted,86,86,0.22518317588806805,0.13692609142323148,0.7906418951759238,0.5827100264108981,0.5064484173781781,
RB,hit3,cat,draftcap_plus_top8,14,cat3_balanced,86,86,0.30610150506965256,0.18443705079058226,0.8902935424316655,0.6196997577921745,0.518260295296948,
RB,hit3,cat,draftcap_plus_top8,14,cat4_balanced,86,86,0.31310341697372307,0.1877692238066576,0.8886085598374319,0.6012948758536345,0.5289777819708477,
RB,hit3,cat,draftcap_plus_top8,14,cat3_scaled,86,86,0.30610150506965256,0.18443705079058226,0.8902935424316655,0.6196997577921745,0.518260295296948,
RB,hit3,cat,draftcap_plus_top8,14,cat4_scaled,86,86,0.31310341697372307,0.1877692238066576,0.8886085598374319,0.6012948758536345,0.5289777819708477,
RB,hit3,cat,draftcap_plus_top8,14,cat3_balanced_imp,86,0,inf,inf,inf,,,"AttributeError(""The following error was raised: 'CatBoostClassifier' object has no attribute '__sklearn_tags__'. It seems that there are no classes that implement `__sklearn_tags__` in the MRO and/or all classes in the MRO call `super().__sklearn_tags__()`. Make sure to inherit from `BaseEstimator` which implements `__sklearn_tags__` (or alternatively define `__sklearn_tags__` but we don't recommend this approach). Note that `BaseEstimator` needs to be on the right side of other Mixins in the inheritance order."")"
RB,hit3,cat,draftcap_plus_top8,14,cat4_balanced_imp,86,0,inf,inf,inf,,,"AttributeError(""The following error was raised: 'CatBoostClassifier' object has no attribute '__sklearn_tags__'. It seems that there are no classes that implement `__sklearn_tags__` in the MRO and/or all classes in the MRO call `super().__sklearn_tags__()`. Make sure to inherit from `BaseEstimator` which implements `__sklearn_tags__` (or alternatively define `__sklearn_tags__` but we don't recommend this approach). Note that `BaseEstimator` needs to be on the right side of other Mixins in the inheritance order."")"
RB,hit3,cat,ranked_top12,12,cat3_unweighted,86,86,0.2291276503349416,0.13048810314824885,0.8122217638836895,0.5932334628986293,0.5066182367092787,
RB,hit3,cat,ranked_top12,12,cat4_unweighted,86,86,0.21920057950445862,0.13398537703878635,0.7494688037435709,0.6014084742971201,0.49329685362517095,
RB,hit3,cat,ranked_top12,12,cat3_balanced,86,86,0.30369910742543793,0.18670539508484085,0.8854941480018933,0.6291988276521249,0.5089957073446861,
RB,hit3,cat,ranked_top12,12,cat4_balanced,86,86,0.29472137899796846,0.17923485995600927,0.8806062458819152,0.6353616513172541,0.4957309307042785,
RB,hit3,cat,ranked_top12,12,cat3_scaled,86,86,0.30369910742543793,0.18670539508484085,0.8854941480018933,0.6291988276521249,0.5089957073446861,
RB,hit3,cat,ranked_top12,12,cat4_scaled,86,86,0.29472137899796846,0.17923485995600927,0.8806062458819152,0.6353616513172541,0.4957309307042785,
RB,hit3,cat,ranked_top12,12,cat3_balanced_imp,86,0,inf,inf,inf,,,"AttributeError(""The following error was raised: 'CatBoostClassifier' object has no attribute '__sklearn_tags__'. It seems that there are no classes that implement `__sklearn_tags__` in the MRO and/or all classes in the MRO call `super().__sklearn_tags__()`. Make sure to inherit from `BaseEstimator` which implements `__sklearn_tags__` (or alternatively define `__sklearn_tags__` but we don't recommend this approach). Note that `BaseEstimator` needs to be on the right side of other Mixins in the inheritance order."")"
RB,hit3,cat,ranked_top12,12,cat4_balanced_imp,86,0,inf,inf,inf,,,"AttributeError(""The following error was raised: 'CatBoostClassifier' object has no attribute '__sklearn_tags__'. It seems that there are no classes that implement `__sklearn_tags__` in the MRO and/or all classes in the MRO call `super().__sklearn_tags__()`. Make sure to inherit from `BaseEstimator` which implements `__sklearn_tags__` (or alternatively define `__sklearn_tags__` but we don't recommend this approach). Note that `BaseEstimator` needs to be on the right side of other Mixins in the inheritance order."")"
RB,hit3,cat,draftcap_plus_top12,18,cat3_unweighted,86,86,0.21809491316213367,0.1306505936602154,0.737103776461381,0.624043313228588,0.5271286381433087,
RB,hit3,cat,draftcap_plus_top12,18,cat4_unweighted,86,86,0.21453610521565566,0.13175069511488588,0.6827313109623274,0.6294734648310756,0.5638284824755885,
RB,hit3,cat,draftcap_plus_top12,18,cat3_balanced,86,86,0.29045575247976363,0.17456005537740482,0.8639847335690274,0.6418944441970332,0.5395443181282136,
RB,hit3,cat,draftcap_plus_top12,18,cat4_balanced,86,86,0.28711794459450324,0.17056489682196085,0.7918369967524771,0.6361362883891679,0.5602622765224775,
RB,hit3,cat,draftcap_plus_top12,18,cat3_scaled,86,86,0.29045575247976363,0.17456005537740482,0.8639847335690274,0.6418944441970332,0.5395443181282136,
RB,hit3,cat,draftcap_plus_top12,18,cat4_scaled,86,86,0.28711794459450324,0.17056489682196085,0.7918369967524771,0.6361362883891679,0.5602622765224775,
RB,hit3,cat,draftcap_plus_top12,18,cat3_balanced_imp,86,0,inf,inf,inf,,,"AttributeError(""The following error was raised: 'CatBoostClassifier' object has no attribute '__sklearn_tags__'. It seems that there are no classes that implement `__sklearn_tags__` in the MRO and/or all classes in the MRO call `super().__sklearn_tags__()`. Make sure to inherit from `BaseEstimator` which implements `__sklearn_tags__` (or alternatively define `__sklearn_tags__` but we don't recommend this approach). Note that `BaseEstimator` needs to be on the right side of other Mixins in the inheritance order."")"
RB,hit3,cat,draftcap_plus_top12,18,cat4_balanced_imp,86,0,inf,inf,inf,,,"AttributeError(""The following error was raised: 'CatBoostClassifier' object has no attribute '__sklearn_tags__'. It seems that there are no classes that implement `__sklearn_tags__` in the MRO and/or all classes in the MRO call `super().__sklearn_tags__()`. Make sure to inherit from `BaseEstimator` which implements `__sklearn_tags__` (or alternatively define `__sklearn_tags__` but we don't recommend this approach). Note that `BaseEstimator` needs to be on the right side of other Mixins in the inheritance order."")"
RB,hit3,cat,ranked_top16,16,cat3_unweighted,86,86,0.21545612973644657,0.129550579765806,0.7657388045854355,0.6308986187799311,0.5113920467946601,
RB,hit3,cat,ranked_top16,16,cat4_unweighted,86,86,0.21610419914857826,0.13030281908320981,0.7222834657417264,0.6240586376877583,0.5624699278267843,
RB,hit3,cat,ranked_top16,16,cat3_balanced,86,86,0.2810765085547289,0.16906481154520833,0.8865882769346983,0.6564753803384965,0.5365253077975376,
RB,hit3,cat,ranked_top16,16,cat4_balanced,86,86,0.2924649946262707,0.17612932112422122,0.7778872523823942,0.6451713885620913,0.5379216000754753,
RB,hit3,cat,ranked_top16,16,cat3_scaled,86,86,0.2810765085547289,0.16906481154520833,0.8865882769346983,0.6564753803384965,0.5365253077975376,
RB,hit3,cat,ranked_top16,16,cat4_scaled,86,86,0.2924649946262707,0.17612932112422122,0.7778872523823942,0.6451713885620913,0.5379216000754753,
RB,hit3,cat,ranked_top16,16,cat3_balanced_imp,86,0,inf,inf,inf,,,"AttributeError(""The following error was raised: 'CatBoostClassifier' object has no attribute '__sklearn_tags__'. It seems that there are no classes that implement `__sklearn_tags__` in the MRO and/or all classes in the MRO call `super().__sklearn_tags__()`. Make sure to inherit from `BaseEstimator` which implements `__sklearn_tags__` (or alternatively define `__sklearn_tags__` but we don't recommend this approach). Note that `BaseEstimator` needs to be on the right side of other Mixins in the inheritance order."")"
RB,hit3,cat,ranked_top16,16,cat4_balanced_imp,86,0,inf,inf,inf,,,"AttributeError(""The following error was raised: 'CatBoostClassifier' object has no attribute '__sklearn_tags__'. It seems that there are no classes that implement `__sklearn_tags__` in the MRO and/or all classes in the MRO call `super().__sklearn_tags__()`. Make sure to inherit from `BaseEstimator` which implements `__sklearn_tags__` (or alternatively define `__sklearn_tags__` but we don't recommend this approach). Note that `BaseEstimator` needs to be on the right side of other Mixins in the inheritance order."")"
RB,hit3,cat,draftcap_plus_top16,22,cat3_unweighted,86,86,0.2121907828267432,0.1307061917506807,0.7038647142428074,0.6725379076861574,0.5532430775036558,
RB,hit3,cat,draftcap_plus_top16,22,cat4_unweighted,86,86,0.19770651168023265,0.12555818018384807,0.5616320939420264,0.6765673904628199,0.5528657012123213,
RB,hit3,cat,draftcap_plus_top16,22,cat3_balanced,86,86,0.27657359809107757,0.16232319452572203,0.8249008070109223,0.6574923479009724,0.557205528562668,
RB,hit3,cat,draftcap_plus_top16,22,cat4_balanced,86,86,0.2749171063081376,0.1567729262351222,0.8177800808311239,0.6653468807898373,0.5673946884286994,
RB,hit3,cat,draftcap_plus_top16,22,cat3_scaled,86,86,0.27657359809107757,0.16232319452572203,0.8249008070109223,0.6574923479009724,0.557205528562668,
RB,hit3,cat,draftcap_plus_top16,22,cat4_scaled,86,86,0.2749171063081376,0.1567729262351222,0.8177800808311239,0.6653468807898373,0.5673946884286994,
RB,hit3,cat,draftcap_plus_top16,22,cat3_balanced_imp,86,0,inf,inf,inf,,,"AttributeError(""The following error was raised: 'CatBoostClassifier' object has no attribute '__sklearn_tags__'. It seems that there are no classes that implement `__sklearn_tags__` in the MRO and/or all classes in the MRO call `super().__sklearn_tags__()`. Make sure to inherit from `BaseEstimator` which implements `__sklearn_tags__` (or alternatively define `__sklearn_tags__` but we don't recommend this approach). Note that `BaseEstimator` needs to be on the right side of other Mixins in the inheritance order."")"
RB,hit3,cat,draftcap_plus_top16,22,cat4_balanced_imp,86,0,inf,inf,inf,,,"AttributeError(""The following error was raised: 'CatBoostClassifier' object has no attribute '__sklearn_tags__'. It seems that there are no classes that implement `__sklearn_tags__` in the MRO and/or all classes in the MRO call `super().__sklearn_tags__()`. Make sure to inherit from `BaseEstimator` which implements `__sklearn_tags__` (or alternatively define `__sklearn_tags__` but we don't recommend this approach). Note that `BaseEstimator` needs to be on the right side of other Mixins in the inheritance order."")"
RB,hit3,cat,ranked_top24,24,cat3_unweighted,86,86,0.21303648657343324,0.13380632959832398,0.735937653371209,0.6686377315945012,0.5822067078635784,
RB,hit3,cat,ranked_top24,24,cat4_unweighted,86,86,0.202914644518206,0.1278424519933126,0.5913857251719005,0.6879620560727442,0.5513184584178499,
RB,hit3,cat,ranked_top24,24,cat3_balanced,86,86,0.2714733678306323,0.15906990968224302,0.8341810152992627,0.6721107350680967,0.576338506533327,
RB,hit3,cat,ranked_top24,24,cat4_balanced,86,86,0.27880236352794513,0.16253553197748033,0.7910795242838892,0.6665351332392838,0.5515637530072173,
RB,hit3,cat,ranked_top24,24,cat3_scaled,86,86,0.2714733678306323,0.15906990968224302,0.8341810152992627,0.6721107350680967,0.576338506533327,
RB,hit3,cat,ranked_top24,24,cat4_scaled,86,86,0.27880236352794513,0.16253553197748033,0.7910795242838892,0.6665351332392838,0.5515637530072173,
RB,hit3,cat,ranked_top24,24,cat3_balanced_imp,86,0,inf,inf,inf,,,"AttributeError(""The following error was raised: 'CatBoostClassifier' object has no attribute '__sklearn_tags__'. It seems that there are no classes that implement `__sklearn_tags__` in the MRO and/or all classes in the MRO call `super().__sklearn_tags__()`. Make sure to inherit from `BaseEstimator` which implements `__sklearn_tags__` (or alternatively define `__sklearn_tags__` but we don't recommend this approach). Note that `BaseEstimator` needs to be on the right side of other Mixins in the inheritance order."")"
RB,hit3,cat,ranked_top24,24,cat4_balanced_imp,86,0,inf,inf,inf,,,"AttributeError(""The following error was raised: 'CatBoostClassifier' object has no attribute '__sklearn_tags__'. It seems that there are no classes that implement `__sklearn_tags__` in the MRO and/or all classes in the MRO call `super().__sklearn_tags__()`. Make sure to inherit from `BaseEstimator` which implements `__sklearn_tags__` (or alternatively define `__sklearn_tags__` but we don't recommend this approach). Note that `BaseEstimator` needs to be on the right side of other Mixins in the inheritance order."")"
RB,hit3,cat,draftcap_plus_top24,30,cat3_unweighted,86,86,0.21506986013485935,0.1338038450545362,0.7180930943420479,0.6699907116310653,0.5638662201047219,
RB,hit3,cat,draftcap_plus_top24,30,cat4_unweighted,86,86,0.20344486735086378,0.1283805187251794,0.6348594706218125,0.681703584938452,0.5600735883768102,
RB,hit3,cat,draftcap_plus_top24,30,cat3_balanced,86,86,0.2789381659556219,0.1627632491446916,0.8335264963562242,0.6599695143398158,0.5779234869569319,
RB,hit3,cat,draftcap_plus_top24,30,cat4_balanced,86,86,0.2785817965501214,0.15988849751852688,0.840161221514972,0.6666286832507915,0.5507523939808481,
RB,hit3,cat,draftcap_plus_top24,30,cat3_scaled,86,86,0.2789381659556219,0.1627632491446916,0.8335264963562242,0.6599695143398158,0.5779234869569319,
RB,hit3,cat,draftcap_plus_top24,30,cat4_scaled,86,86,0.2785817965501214,0.15988849751852688,0.840161221514972,0.6666286832507915,0.5507523939808481,
RB,hit3,cat,draftcap_plus_top24,30,cat3_balanced_imp,86,0,inf,inf,inf,,,"AttributeError(""The following error was raised: 'CatBoostClassifier' object has no attribute '__sklearn_tags__'. It seems that there are no classes that implement `__sklearn_tags__` in the MRO and/or all classes in the MRO call `super().__sklearn_tags__()`. Make sure to inherit from `BaseEstimator` which implements `__sklearn_tags__` (or alternatively define `__sklearn_tags__` but we don't recommend this approach). Note that `BaseEstimator` needs to be on the right side of other Mixins in the inheritance order."")"
RB,hit3,cat,draftcap_plus_top24,30,cat4_balanced_imp,86,0,inf,inf,inf,,,"AttributeError(""The following error was raised: 'CatBoostClassifier' object has no attribute '__sklearn_tags__'. It seems that there are no classes that implement `__sklearn_tags__` in the MRO and/or all classes in the MRO call `super().__sklearn_tags__()`. Make sure to inherit from `BaseEstimator` which implements `__sklearn_tags__` (or alternatively define `__sklearn_tags__` but we don't recommend this approach). Note that `BaseEstimator` needs to be on the right side of other Mixins in the inheritance order."")"
RB,hit3,cat,ranked_top32,32,cat3_unweighted,86,86,0.22038525515493657,0.13496094685026352,0.7734056070912605,0.6758180301804079,0.5383367139959432,
RB,hit3,cat,ranked_top32,32,cat4_unweighted,86,86,0.20566904420840207,0.13006003912234357,0.6348188749734923,0.6776160597478933,0.5570357092315675,
RB,hit3,cat,ranked_top32,32,cat3_balanced,86,86,0.28488953056451494,0.165239764563765,0.8596449427940261,0.6513113757201973,0.5853011934525213,
RB,hit3,cat,ranked_top32,32,cat4_balanced,86,86,0.27612901050423166,0.1591925414516676,0.8504871358333066,0.6783210194319579,0.5347516392282655,
RB,hit3,cat,ranked_top32,32,cat3_scaled,86,86,0.28488953056451494,0.165239764563765,0.8596449427940261,0.6513113757201973,0.5853011934525213,
RB,hit3,cat,ranked_top32,32,cat4_scaled,86,86,0.27612901050423166,0.1591925414516676,0.8504871358333066,0.6783210194319579,0.5347516392282655,
RB,hit3,cat,ranked_top32,32,cat3_balanced_imp,86,0,inf,inf,inf,,,"AttributeError(""The following error was raised: 'CatBoostClassifier' object has no attribute '__sklearn_tags__'. It seems that there are no classes that implement `__sklearn_tags__` in the MRO and/or all classes in the MRO call `super().__sklearn_tags__()`. Make sure to inherit from `BaseEstimator` which implements `__sklearn_tags__` (or alternatively define `__sklearn_tags__` but we don't recommend this approach). Note that `BaseEstimator` needs to be on the right side of other Mixins in the inheritance order."")"
RB,hit3,cat,ranked_top32,32,cat4_balanced_imp,86,0,inf,inf,inf,,,"AttributeError(""The following error was raised: 'CatBoostClassifier' object has no attribute '__sklearn_tags__'. It seems that there are no classes that implement `__sklearn_tags__` in the MRO and/or all classes in the MRO call `super().__sklearn_tags__()`. Make sure to inherit from `BaseEstimator` which implements `__sklearn_tags__` (or alternatively define `__sklearn_tags__` but we don't recommend this approach). Note that `BaseEstimator` needs to be on the right side of other Mixins in the inheritance order."")"
RB,hit3,cat,draftcap_plus_top32,38,cat3_unweighted,86,86,0.2205148651516919,0.1359452311619104,0.7668105744594804,0.6679401417057667,0.5808481532147742,
RB,hit3,cat,draftcap_plus_top32,38,cat4_unweighted,86,86,0.21338024999975583,0.13110791209690814,0.7206918924921112,0.6736654483379543,0.5828105099297136,
RB,hit3,cat,draftcap_plus_top32,38,cat3_balanced,86,86,0.27894585811423706,0.1597889518763431,0.8648813724337153,0.6710523789889665,0.5559224491721307,
RB,hit3,cat,draftcap_plus_top32,38,cat4_balanced,86,86,0.2855260107030909,0.16087938157409554,0.8355412667761186,0.6684968026606736,0.5735647907920185,
RB,hit3,cat,draftcap_plus_top32,38,cat3_scaled,86,86,0.27894585811423706,0.1597889518763431,0.8648813724337153,0.6710523789889665,0.5559224491721307,
RB,hit3,cat,draftcap_plus_top32,38,cat4_scaled,86,86,0.2855260107030909,0.16087938157409554,0.8355412667761186,0.6684968026606736,0.5735647907920185,
RB,hit3,cat,draftcap_plus_top32,38,cat3_balanced_imp,86,0,inf,inf,inf,,,"AttributeError(""The following error was raised: 'CatBoostClassifier' object has no attribute '__sklearn_tags__'. It seems that there are no classes that implement `__sklearn_tags__` in the MRO and/or all classes in the MRO call `super().__sklearn_tags__()`. Make sure to inherit from `BaseEstimator` which implements `__sklearn_tags__` (or alternatively define `__sklearn_tags__` but we don't recommend this approach). Note that `BaseEstimator` needs to be on the right side of other Mixins in the inheritance order."")"
RB,hit3,cat,draftcap_plus_top32,38,cat4_balanced_imp,86,0,inf,inf,inf,,,"AttributeError(""The following error was raised: 'CatBoostClassifier' object has no attribute '__sklearn_tags__'. It seems that there are no classes that implement `__sklearn_tags__` in the MRO and/or all classes in the MRO call `super().__sklearn_tags__()`. Make sure to inherit from `BaseEstimator` which implements `__sklearn_tags__` (or alternatively define `__sklearn_tags__` but we don't recommend this approach). Note that `BaseEstimator` needs to be on the right side of other Mixins in the inheritance order."")"
RB,hit3,cat,ranked_top48,48,cat3_unweighted,86,86,0.22217641599835833,0.13573488912208537,0.7847038943971665,0.649382992490665,0.5282985046464456,
RB,hit3,cat,ranked_top48,48,cat4_unweighted,86,86,0.21289215239628467,0.1301219175088689,0.7068875363229032,0.6540932462366057,0.5442615217698947,
RB,hit3,cat,ranked_top48,48,cat3_balanced,86,86,0.27197373412522236,0.1562509975222447,0.8717020134102564,0.6823889609921522,0.5676211142035003,
RB,hit3,cat,ranked_top48,48,cat4_balanced,86,86,0.2768620996834175,0.15804018806580725,0.8319406262230062,0.6714153994369716,0.5651681683098259,
RB,hit3,cat,ranked_top48,48,cat3_scaled,86,86,0.27197373412522236,0.1562509975222447,0.8717020134102564,0.6823889609921522,0.5676211142035003,
RB,hit3,cat,ranked_top48,48,cat4_scaled,86,86,0.2768620996834175,0.15804018806580725,0.8319406262230062,0.6714153994369716,0.5651681683098259,
RB,hit3,cat,ranked_top48,48,cat3_balanced_imp,86,0,inf,inf,inf,,,"AttributeError(""The following error was raised: 'CatBoostClassifier' object has no attribute '__sklearn_tags__'. It seems that there are no classes that implement `__sklearn_tags__` in the MRO and/or all classes in the MRO call `super().__sklearn_tags__()`. Make sure to inherit from `BaseEstimator` which implements `__sklearn_tags__` (or alternatively define `__sklearn_tags__` but we don't recommend this approach). Note that `BaseEstimator` needs to be on the right side of other Mixins in the inheritance order."")"
RB,hit3,cat,ranked_top48,48,cat4_balanced_imp,86,0,inf,inf,inf,,,"AttributeError(""The following error was raised: 'CatBoostClassifier' object has no attribute '__sklearn_tags__'. It seems that there are no classes that implement `__sklearn_tags__` in the MRO and/or all classes in the MRO call `super().__sklearn_tags__()`. Make sure to inherit from `BaseEstimator` which implements `__sklearn_tags__` (or alternatively define `__sklearn_tags__` but we don't recommend this approach). Note that `BaseEstimator` needs to be on the right side of other Mixins in the inheritance order."")"
RB,hit3,cat,draftcap_plus_top48,54,cat3_unweighted,86,86,0.22393598074458532,0.13550325764920818,0.8085089635619985,0.6499459562548447,0.5446577668757959,
RB,hit3,cat,draftcap_plus_top48,54,cat4_unweighted,86,86,0.21263858235669378,0.12966075763224266,0.7147548889660003,0.6631873348164213,0.5565073824236992,
RB,hit3,cat,draftcap_plus_top48,54,cat3_balanced,86,86,0.28226046556387374,0.16280620926154407,0.878082474738023,0.6667944647121081,0.5533185527619228,
RB,hit3,cat,draftcap_plus_top48,54,cat4_balanced,86,86,0.27766131880945744,0.15702869332465808,0.8299917221149307,0.6686152056908552,0.5484692674182744,
RB,hit3,cat,draftcap_plus_top48,54,cat3_scaled,86,86,0.28226046556387374,0.16280620926154407,0.878082474738023,0.6667944647121081,0.5533185527619228,
RB,hit3,cat,draftcap_plus_top48,54,cat4_scaled,86,86,0.27766131880945744,0.15702869332465808,0.8299917221149307,0.6686152056908552,0.5484692674182744,
RB,hit3,cat,draftcap_plus_top48,54,cat3_balanced_imp,86,0,inf,inf,inf,,,"AttributeError(""The following error was raised: 'CatBoostClassifier' object has no attribute '__sklearn_tags__'. It seems that there are no classes that implement `__sklearn_tags__` in the MRO and/or all classes in the MRO call `super().__sklearn_tags__()`. Make sure to inherit from `BaseEstimator` which implements `__sklearn_tags__` (or alternatively define `__sklearn_tags__` but we don't recommend this approach). Note that `BaseEstimator` needs to be on the right side of other Mixins in the inheritance order."")"
RB,hit3,cat,draftcap_plus_top48,54,cat4_balanced_imp,86,0,inf,inf,inf,,,"AttributeError(""The following error was raised: 'CatBoostClassifier' object has no attribute '__sklearn_tags__'. It seems that there are no classes that implement `__sklearn_tags__` in the MRO and/or all classes in the MRO call `super().__sklearn_tags__()`. Make sure to inherit from `BaseEstimator` which implements `__sklearn_tags__` (or alternatively define `__sklearn_tags__` but we don't recommend this approach). Note that `BaseEstimator` needs to be on the right side of other Mixins in the inheritance order."")"
RB,hit3,cat,ranked_top64,64,cat3_unweighted,86,86,0.21778138600469105,0.13114300160037035,0.7941415823127931,0.6796387451471427,0.5524317184772866,
RB,hit3,cat,ranked_top64,64,cat4_unweighted,86,86,0.20078806695871526,0.12197256859371897,0.7046746204374539,0.6891142491287047,0.5536770602386905,
RB,hit3,cat,ranked_top64,64,cat3_balanced,86,86,0.2694084524466446,0.1532187748719347,0.8516694497675142,0.6954155817003839,0.5635643190716543,
RB,hit3,cat,ranked_top64,64,cat4_balanced,86,86,0.27132122642333945,0.15128418594250545,0.8319175282766009,0.6791484778688339,0.5453181753856313,
RB,hit3,cat,ranked_top64,64,cat3_scaled,86,86,0.2694084524466446,0.1532187748719347,0.8516694497675142,0.6954155817003839,0.5635643190716543,
RB,hit3,cat,ranked_top64,64,cat4_scaled,86,86,0.27132122642333945,0.15128418594250545,0.8319175282766009,0.6791484778688339,0.5453181753856313,
RB,hit3,cat,ranked_top64,64,cat3_balanced_imp,86,0,inf,inf,inf,,,"AttributeError(""The following error was raised: 'CatBoostClassifier' object has no attribute '__sklearn_tags__'. It seems that there are no classes that implement `__sklearn_tags__` in the MRO and/or all classes in the MRO call `super().__sklearn_tags__()`. Make sure to inherit from `BaseEstimator` which implements `__sklearn_tags__` (or alternatively define `__sklearn_tags__` but we don't recommend this approach). Note that `BaseEstimator` needs to be on the right side of other Mixins in the inheritance order."")"
RB,hit3,cat,ranked_top64,64,cat4_balanced_imp,86,0,inf,inf,inf,,,"AttributeError(""The following error was raised: 'CatBoostClassifier' object has no attribute '__sklearn_tags__'. It seems that there are no classes that implement `__sklearn_tags__` in the MRO and/or all classes in the MRO call `super().__sklearn_tags__()`. Make sure to inherit from `BaseEstimator` which implements `__sklearn_tags__` (or alternatively define `__sklearn_tags__` but we don't recommend this approach). Note that `BaseEstimator` needs to be on the right side of other Mixins in the inheritance order."")"
RB,hit3,cat,draftcap_plus_top64,70,cat3_unweighted,86,86,0.20907355811789313,0.1239890339933792,0.789086141504337,0.6867692182723436,0.5434124251143921,
RB,hit3,cat,draftcap_plus_top64,70,cat4_unweighted,86,86,0.19713648746215298,0.12079420619452429,0.6604234828882682,0.6969252784875404,0.5793386480494362,
RB,hit3,cat,draftcap_plus_top64,70,cat3_balanced,86,86,0.2699778409547855,0.15185292373183143,0.8446683500231366,0.6911491428075388,0.5512995896032832,
RB,hit3,cat,draftcap_plus_top64,70,cat4_balanced,86,86,0.2668453915613082,0.15140844905430811,0.8151941411311151,0.6883482759950235,0.5827727723005802,
RB,hit3,cat,draftcap_plus_top64,70,cat3_scaled,86,86,0.2699778409547855,0.15185292373183143,0.8446683500231366,0.6911491428075388,0.5512995896032832,
RB,hit3,cat,draftcap_plus_top64,70,cat4_scaled,86,86,0.2668453915613082,0.15140844905430811,0.8151941411311151,0.6883482759950235,0.5827727723005802,
RB,hit3,cat,draftcap_plus_top64,70,cat3_balanced_imp,86,0,inf,inf,inf,,,"AttributeError(""The following error was raised: 'CatBoostClassifier' object has no attribute '__sklearn_tags__'. It seems that there are no classes that implement `__sklearn_tags__` in the MRO and/or all classes in the MRO call `super().__sklearn_tags__()`. Make sure to inherit from `BaseEstimator` which implements `__sklearn_tags__` (or alternatively define `__sklearn_tags__` but we don't recommend this approach). Note that `BaseEstimator` needs to be on the right side of other Mixins in the inheritance order."")"
RB,hit3,cat,draftcap_plus_top64,70,cat4_balanced_imp,86,0,inf,inf,inf,,,"AttributeError(""The following error was raised: 'CatBoostClassifier' object has no attribute '__sklearn_tags__'. It seems that there are no classes that implement `__sklearn_tags__` in the MRO and/or all classes in the MRO call `super().__sklearn_tags__()`. Make sure to inherit from `BaseEstimator` which implements `__sklearn_tags__` (or alternatively define `__sklearn_tags__` but we don't recommend this approach). Note that `BaseEstimator` needs to be on the right side of other Mixins in the inheritance order."")"
RB,hit3,cat,ranked_top96,96,cat3_unweighted,86,86,0.2135034747446347,0.1305806081363907,0.7061174178916942,0.6736299862713712,0.557960281145337,
RB,hit3,cat,ranked_top96,96,cat4_unweighted,86,86,0.19474754370493394,0.11772502726290299,0.6655705921875763,0.707989827819799,0.5885277607434313,
RB,hit3,cat,ranked_top96,96,cat3_balanced,86,86,0.2865802816651481,0.16143998732501535,0.8323356252427206,0.6611934545164109,0.5541487806028587,
RB,hit3,cat,ranked_top96,96,cat4_balanced,86,86,0.2743494714952511,0.15333843126578892,0.8267471859491698,0.6725028287919372,0.606717297985754,
RB,hit3,cat,ranked_top96,96,cat3_scaled,86,86,0.2865802816651481,0.16143998732501535,0.8323356252427206,0.6611934545164109,0.5541487806028587,
RB,hit3,cat,ranked_top96,96,cat4_scaled,86,86,0.2743494714952511,0.15333843126578892,0.8267471859491698,0.6725028287919372,0.606717297985754,
RB,hit3,cat,ranked_top96,96,cat3_balanced_imp,86,0,inf,inf,inf,,,"AttributeError(""The following error was raised: 'CatBoostClassifier' object has no attribute '__sklearn_tags__'. It seems that there are no classes that implement `__sklearn_tags__` in the MRO and/or all classes in the MRO call `super().__sklearn_tags__()`. Make sure to inherit from `BaseEstimator` which implements `__sklearn_tags__` (or alternatively define `__sklearn_tags__` but we don't recommend this approach). Note that `BaseEstimator` needs to be on the right side of other Mixins in the inheritance order."")"
RB,hit3,cat,ranked_top96,96,cat4_balanced_imp,86,0,inf,inf,inf,,,"AttributeError(""The following error was raised: 'CatBoostClassifier' object has no attribute '__sklearn_tags__'. It seems that there are no classes that implement `__sklearn_tags__` in the MRO and/or all classes in the MRO call `super().__sklearn_tags__()`. Make sure to inherit from `BaseEstimator` which implements `__sklearn_tags__` (or alternatively define `__sklearn_tags__` but we don't recommend this approach). Note that `BaseEstimator` needs to be on the right side of other Mixins in the inheritance order."")"
RB,hit3,cat,draftcap_plus_top96,102,cat3_unweighted,86,86,0.2045850535784427,0.12943380832015394,0.5880177694439557,0.6893900294899545,0.6092457191376952,
RB,hit3,cat,draftcap_plus_top96,102,cat4_unweighted,86,86,0.20380553033380966,0.12519778595719325,0.5985122155652525,0.6763311745784449,0.5863578470682579,
RB,hit3,cat,draftcap_plus_top96,102,cat3_balanced,86,86,0.27872394688853275,0.15749576216250424,0.8163636689480438,0.6780389913345141,0.5971885466295579,
RB,hit3,cat,draftcap_plus_top96,102,cat4_balanced,86,86,0.2741977124833049,0.15242187248411626,0.8130423529731031,0.6725163947911468,0.589508939100901,
RB,hit3,cat,draftcap_plus_top96,102,cat3_scaled,86,86,0.27872394688853275,0.15749576216250424,0.8163636689480438,0.6780389913345141,0.5971885466295579,
RB,hit3,cat,draftcap_plus_top96,102,cat4_scaled,86,86,0.2741977124833049,0.15242187248411626,0.8130423529731031,0.6725163947911468,0.589508939100901,
RB,hit3,cat,draftcap_plus_top96,102,cat3_balanced_imp,86,0,inf,inf,inf,,,"AttributeError(""The following error was raised: 'CatBoostClassifier' object has no attribute '__sklearn_tags__'. It seems that there are no classes that implement `__sklearn_tags__` in the MRO and/or all classes in the MRO call `super().__sklearn_tags__()`. Make sure to inherit from `BaseEstimator` which implements `__sklearn_tags__` (or alternatively define `__sklearn_tags__` but we don't recommend this approach). Note that `BaseEstimator` needs to be on the right side of other Mixins in the inheritance order."")"
RB,hit3,cat,draftcap_plus_top96,102,cat4_balanced_imp,86,0,inf,inf,inf,,,"AttributeError(""The following error was raised: 'CatBoostClassifier' object has no attribute '__sklearn_tags__'. It seems that there are no classes that implement `__sklearn_tags__` in the MRO and/or all classes in the MRO call `super().__sklearn_tags__()`. Make sure to inherit from `BaseEstimator` which implements `__sklearn_tags__` (or alternatively define `__sklearn_tags__` but we don't recommend this approach). Note that `BaseEstimator` needs to be on the right side of other Mixins in the inheritance order."")"
RB,hit3,cat,stage3__features,113,cat3_unweighted,86,86,0.17735298325518653,0.08673044955765886,0.695301907694771,0.6871624865817866,0.6558328223029387,
RB,hit3,cat,stage3__features,113,cat4_unweighted,86,86,0.1655083081083877,0.08643596194171549,0.6351886390676693,0.7356521984689219,0.6518892400584932,
RB,hit3,cat,stage3__features,113,cat3_balanced,86,86,0.2069727169349793,0.14536205011596282,0.7829441483777878,0.7195087564775388,0.6261521769894806,
RB,hit3,cat,stage3__features,113,cat4_balanced,86,86,0.19030471248170144,0.12399738616922917,0.7980453247706899,0.7153455701740415,0.6240954762017076,
RB,hit3,cat,stage3__features,113,cat3_scaled,86,86,0.2069727169349793,0.14536205011596282,0.7829441483777878,0.7195087564775388,0.6261521769894806,
RB,hit3,cat,stage3__features,113,cat4_scaled,86,86,0.19030471248170144,0.12399738616922917,0.7980453247706899,0.7153455701740415,0.6240954762017076,
RB,hit3,cat,stage3__features,113,cat3_balanced_imp,86,0,inf,inf,inf,,,"AttributeError(""The following error was raised: 'CatBoostClassifier' object has no attribute '__sklearn_tags__'. It seems that there are no classes that implement `__sklearn_tags__` in the MRO and/or all classes in the MRO call `super().__sklearn_tags__()`. Make sure to inherit from `BaseEstimator` which implements `__sklearn_tags__` (or alternatively define `__sklearn_tags__` but we don't recommend this approach). Note that `BaseEstimator` needs to be on the right side of other Mixins in the inheritance order."")"
RB,hit3,cat,stage3__features,113,cat4_balanced_imp,86,0,inf,inf,inf,,,"AttributeError(""The following error was raised: 'CatBoostClassifier' object has no attribute '__sklearn_tags__'. It seems that there are no classes that implement `__sklearn_tags__` in the MRO and/or all classes in the MRO call `super().__sklearn_tags__()`. Make sure to inherit from `BaseEstimator` which implements `__sklearn_tags__` (or alternatively define `__sklearn_tags__` but we don't recommend this approach). Note that `BaseEstimator` needs to be on the right side of other Mixins in the inheritance order."")"
RB,star3,hist,group__capital,6,hist_exact,86,86,0.07258556725724229,0.041502917792097194,0.28878279664092504,0.7521245670605874,0.6236801814635716,
RB,star3,hist,group__college_only,1624,hist_exact,86,86,0.10121484316891065,0.06035549043684703,0.3855564200979542,0.6403376283013648,0.5585074767677721,
RB,star3,hist,group__capital_core,206,hist_exact,86,86,0.10316360120871652,0.052295567510133825,0.4024483143720391,0.6411111479965906,0.6902684088872117,
RB,star3,hist,group__capital_production,730,hist_exact,86,86,0.09046827282067783,0.05138383162190169,0.3568014355987394,0.7590746750721015,0.6010377848011699,
RB,star3,hist,group__capital_prod_context,1630,hist_exact,86,86,0.09153874417784681,0.05619082986099559,0.316413901851713,0.7571247677025184,0.6545686117269682,
RB,star3,hist,group__full,1642,hist_exact,86,86,0.08591333890501184,0.05325177886568568,0.28970124900931793,0.7639909300351063,0.6190763715269588,
RB,star3,hist,orig__capital_plus_top8,1126,hist_exact,86,86,0.08591333890501184,0.05325177886568568,0.28970124900931793,0.7639909300351063,0.6190763715269588,
RB,star3,hist,ranked_top4,4,hist_exact,86,86,0.1237438086274368,0.0698151099531611,0.5899582044635554,0.6848233356381485,0.5692100073459055,
RB,star3,hist,draftcap_plus_top4,10,hist_exact,86,86,0.16080944605459163,0.08158081416059403,0.6917600043148541,0.7519117395425535,0.5941577163848928,
RB,star3,hist,ranked_top8,8,hist_exact,86,86,0.14818227841635087,0.0768888183146528,0.6942049730268978,0.7423214753418365,0.5956869604285501,
RB,star3,hist,draftcap_plus_top8,14,hist_exact,86,86,0.14359039314430297,0.07454408377602456,0.5673221862107996,0.706996873095627,0.599125385868382,
RB,star3,hist,ranked_top12,12,hist_exact,86,86,0.14563712124679037,0.0743913339946359,0.6456171566812815,0.7170738407887443,0.6024635232350051,
RB,star3,hist,draftcap_plus_top12,18,hist_exact,86,86,0.13543582905991472,0.07171414546431835,0.5104327573413755,0.7337066442802815,0.5920852147032093,
RB,star3,hist,ranked_top16,16,hist_exact,86,86,0.1405288026642948,0.07315648119645866,0.5208828642529294,0.7227659684234563,0.5833164298283592,
RB,star3,hist,draftcap_plus_top16,22,hist_exact,86,86,0.13566103881319652,0.06926680475295209,0.5623305149374102,0.7653476494084377,0.5940522139173618,
RB,star3,hist,ranked_top24,24,hist_exact,86,86,0.14345996201210084,0.07169460813116076,0.6958835518856014,0.7485974782385807,0.5885866060694027,
RB,star3,hist,draftcap_plus_top24,30,hist_exact,86,86,0.1375818258129621,0.0689130700643066,0.6836361599686309,0.7240231045936185,0.5861197073824848,
RB,star3,hist,ranked_top32,32,hist_exact,86,86,0.1332618757118019,0.06633672547792123,0.645483116762456,0.7428220385927857,0.5718410057755986,
RB,star3,hist,draftcap_plus_top32,38,hist_exact,86,86,0.12032362894419571,0.06094583543032494,0.5939225464986552,0.7695733888034011,0.6163396812685847,
RB,star3,hist,ranked_top48,48,hist_exact,86,86,0.12732372104826822,0.0656869172235668,0.5741214970353233,0.7668084121264022,0.5502224193543942,
RB,star3,hist,draftcap_plus_top48,54,hist_exact,86,86,0.12624641132430112,0.06627087078092117,0.5035504027268376,0.7742859247313725,0.5576070343852518,
RB,star3,hist,ranked_top64,64,hist_exact,86,86,0.10891515920845316,0.057606074457252146,0.4539448839028562,0.79071919809959,0.5828592455256296,
RB,star3,hist,draftcap_plus_top64,70,hist_exact,86,86,0.1229019738627958,0.0629612681318149,0.599561845969597,0.7440658054223281,0.5860021038892685,
RB,star3,hist,ranked_top96,96,hist_exact,86,86,0.1114593086807951,0.05982008844212069,0.47633167700895257,0.7872817826917192,0.552205292702486,
RB,star3,hist,draftcap_plus_top96,102,hist_exact,86,86,0.11749882985377721,0.06195287200790352,0.49277331450731493,0.7746483046622483,0.51893957262135,
RB,star3,hist,stage3__features,113,hist_exact,86,86,0.1029354276392876,0.054724149964108855,0.4013254588719402,0.6179628099571106,0.6199632058115949,
WR,hit3,logit,group__capital,6,logit_exact,126,126,0.2168278748763631,0.18595767840975863,0.5003440064359281,0.9726721365662352,0.9590731158605175,
WR,hit3,logit,group__college_only,1624,logit_exact,126,126,0.2927956493880369,0.22665029770810038,0.8849296315560937,0.46794609490143296,0.5334743157105363,
WR,hit3,logit,group__capital_core,242,logit_exact,126,126,0.2365263968569072,0.17826821161639148,0.6027503252193346,0.7665575277591501,0.7536587926509186,
WR,hit3,logit,group__capital_production,730,logit_exact,126,126,0.27144011471827634,0.20295053730992457,0.8866690900732951,0.5325129136629465,0.6179137607799026,
WR,hit3,logit,group__capital_prod_context,1630,logit_exact,126,126,0.2869041554200012,0.22105959530174984,0.8820247015091699,0.4950244644943683,0.5530198725159355,
WR,hit3,logit,group__full,1642,logit_exact,126,126,0.284208394647087,0.21732042144725616,0.8798182227252769,0.46141332532764806,0.5360179977502812,
WR,hit3,logit,orig__capital_plus_top8,594,logit_exact,126,126,0.28265494531874813,0.2177572271292658,0.8850037109128103,0.4839996874300592,0.5491083614548181,
WR,hit3,logit,orig__capital_plus_top16,598,logit_exact,126,126,0.284340983731074,0.21749538928215864,0.8798182215188065,0.46105648479052186,0.5362879640044994,
WR,hit3,logit,ranked_top4,4,logit_exact,126,126,0.28212595808090124,0.18967929786758211,0.8059927336117699,0.7450543894780776,0.8262437195350583,
WR,hit3,logit,draftcap_plus_top4,10,logit_exact,126,126,0.27460135081980214,0.198931134636742,0.8171000769881032,0.7154804693411788,0.7386246719160106,
WR,hit3,logit,ranked_top8,8,logit_exact,126,126,0.28007139072828013,0.20223902098288524,0.8398204868521051,0.6950231083123546,0.7454938132733409,
WR,hit3,logit,draftcap_plus_top8,14,logit_exact,126,126,0.28352772667978704,0.21211010270524427,0.8162423569957137,0.6569028753345115,0.7232425946756657,
WR,hit3,logit,ranked_top12,12,logit_exact,126,126,0.28797271303409916,0.21491248426528464,0.8407234036882499,0.6394170064615579,0.7364049493813274,
WR,hit3,logit,draftcap_plus_top12,18,logit_exact,126,126,0.2834175342529217,0.21464284866543426,0.8019676861397611,0.6544759939002569,0.6931983502062243,
WR,hit3,logit,ranked_top16,16,logit_exact,126,126,0.28766205819988255,0.21753085379070602,0.8298206841683949,0.6379678134539788,0.7102842144731909,
WR,hit3,logit,draftcap_plus_top16,22,logit_exact,126,126,0.2844405377649127,0.216431984478477,0.7984213904376608,0.6462339387481345,0.6828256467941508,
WR,hit3,logit,ranked_top24,24,logit_exact,126,126,0.29025841883676495,0.21973682741039238,0.8429971364968709,0.6288411773038195,0.6829996250468692,
WR,hit3,logit,draftcap_plus_top24,30,logit_exact,126,126,0.28771397179643865,0.21922001437930244,0.8221227664247822,0.6280219298859437,0.6661957255343083,
WR,hit3,logit,ranked_top32,32,logit_exact,126,126,0.2943040437178702,0.22270342002596258,0.8564748424880098,0.6165364437765772,0.6732088488938883,
WR,hit3,logit,draftcap_plus_top32,38,logit_exact,126,126,0.29472464410622695,0.2251278257127352,0.8486620906865964,0.6375446853997222,0.6864071991001126,
WR,hit3,logit,ranked_top48,48,logit_exact,126,126,0.294970051357882,0.22530058836427508,0.866639018579563,0.6419586846215788,0.6934263217097864,
WR,hit3,logit,draftcap_plus_top48,54,logit_exact,126,126,0.2922338695443502,0.22209860097903836,0.863580641577333,0.6492021391344072,0.696599925009374,
WR,hit3,logit,ranked_top64,64,logit_exact,126,126,0.2929240585455156,0.221813154559959,0.8725233083458802,0.6442640264808396,0.6950341207349081,
WR,hit3,logit,draftcap_plus_top64,70,logit_exact,126,126,0.29085779525683664,0.21930499393355524,0.8615735870855595,0.6496765284099422,0.6986996625421823,
WR,hit3,logit,ranked_top96,96,logit_exact,126,126,0.2904370005717218,0.21987356037113065,0.8675750836888271,0.5960779228027864,0.6436025496812899,
WR,hit3,logit,draftcap_plus_top96,102,logit_exact,126,126,0.2862204872333042,0.2174737255715778,0.854885581852036,0.6007494450257486,0.642084739407574,
WR,hit3,logit,stage3__features,371,logit_exact,126,126,0.27979146512360853,0.20462461477804356,0.7473301395241388,0.6925117179492102,0.6590746156730408,
WR,star3,logit,group__capital,6,logit_exact,126,126,0.33195890405884865,0.2866646750642112,0.6842283249802492,0.9189635084947954,0.8749456317960255,
WR,star3,logit,group__college_only,1624,logit_exact,126,126,0.286676810228057,0.18613323131528905,0.9701462163885746,0.1179140279194252,0.24540232470941137,
WR,star3,logit,group__capital_core,242,logit_exact,126,126,0.2750316745865051,0.18681841123029544,0.821940294949715,0.5254618051475906,0.48687214098237724,
WR,star3,logit,group__capital_production,730,logit_exact,126,126,0.2437954700513445,0.16559514147035415,0.9163215972205578,0.340828378405818,0.39147806524184486,
WR,star3,logit,group__capital_prod_context,1630,logit_exact,126,126,0.2847193105478788,0.183180901344051,0.9675935185623897,0.11924441590924863,0.2350236220472441,
WR,star3,logit,group__full,1642,logit_exact,126,126,0.27181827994830554,0.18129929109346463,0.9232203177532015,0.10977805999542568,0.2158680164979378,
WR,star3,logit,orig__capital_plus_top8,594,logit_exact,126,126,0.271595316651645,0.18046208633714808,0.9321781190195187,0.09795405728388551,0.2307461567304087,
WR,star3,logit,orig__capital_plus_top16,598,logit_exact,126,126,0.27189542726395804,0.18135629836032224,0.9232109494230353,0.10954511248771202,0.2154180727409074,
WR,star3,logit,ranked_top4,4,logit_exact,126,126,0.3391906556670522,0.2411561523344301,0.8306822390337063,0.5845044277170796,0.6315560554930635,
WR,star3,logit,draftcap_plus_top4,10,logit_exact,126,126,0.3232833858949403,0.2076724576774738,0.8512051074722676,0.5241991381904824,0.5728293963254594,
WR,star3,logit,ranked_top8,8,logit_exact,126,126,0.3210343386309363,0.20890306054862767,0.8659521226863749,0.5109525813982728,0.5810723659542558,
WR,star3,logit,draftcap_plus_top8,14,logit_exact,126,126,0.3214192858769558,0.20847193208678383,0.830476212952094,0.5136206509623074,0.5647124109486314,
WR,star3,logit,ranked_top12,12,logit_exact,126,126,0.32174890634994835,0.2096112706470256,0.868760229745703,0.4974114771206536,0.5351781027371578,
WR,star3,logit,draftcap_plus_top12,18,logit_exact,126,126,0.320318980341709,0.2063791058133191,0.8454897863357287,0.5373994182820636,0.5760869891263593,
WR,star3,logit,ranked_top16,16,logit_exact,126,126,0.32184583241614034,0.21335520339129654,0.8682578128335939,0.5250703936038427,0.5511061117360331,
WR,star3,logit,draftcap_plus_top16,22,logit_exact,126,126,0.3212836096038316,0.2120800083114179,0.8514786123266584,0.5389655340673017,0.5785646794150732,
WR,star3,logit,ranked_top24,24,logit_exact,126,126,0.3175273031484787,0.2143826314017455,0.8170848820362044,0.5302108317351482,0.5464566929133859,
WR,star3,logit,draftcap_plus_top24,30,logit_exact,126,126,0.31587026492303727,0.21145240033173834,0.816045024853002,0.5405938200658098,0.5661642294713161,
WR,star3,logit,ranked_top32,32,logit_exact,126,126,0.32180379593781333,0.21783970934666946,0.8181815035507531,0.5169174642214002,0.5354480689913761,
WR,star3,logit,draftcap_plus_top32,38,logit_exact,126,126,0.2971141541134023,0.19358060580354317,0.8174071587801752,0.5121169184786016,0.5788106486689165,
WR,star3,logit,ranked_top48,48,logit_exact,126,126,0.30382714565139957,0.1987608073700532,0.8173487526830685,0.4834228049288202,0.5544956880389951,
WR,star3,logit,draftcap_plus_top48,54,logit_exact,126,126,0.29108714089411464,0.18848070989195448,0.8171314042035158,0.5039373208309484,0.5714435695538058,
WR,star3,logit,ranked_top64,64,logit_exact,126,126,0.2926457041015645,0.19219522291302496,0.8157167698916554,0.4800776947218829,0.5345841769778779,
WR,star3,logit,draftcap_plus_top64,70,logit_exact,126,126,0.2886392098655317,0.18771038286321748,0.8165067434615803,0.5054359597325537,0.5526479190101238,
WR,star3,logit,ranked_top96,96,logit_exact,126,126,0.2739032423830315,0.17626758354006308,0.8176409877379911,0.42193054174725014,0.4910596175478066,
WR,star3,logit,draftcap_plus_top96,102,logit_exact,126,126,0.26531664196312604,0.17169179958682895,0.819619193425013,0.45309153963702214,0.5235275590551182,
WR,star3,logit,stage3__features,371,logit_exact,126,126,0.26297650226365554,0.17491821271964464,0.8193487371351689,0.5276867030034494,0.5130648668916385,
TE,hit3,cat,group__capital,6,cat3_unweighted,58,58,0.17287187228629064,0.1130437794003335,0.5458589922861851,0.5913198225772704,0.7026378535512257,
TE,hit3,cat,group__capital,6,cat4_unweighted,58,58,0.16476094454092083,0.11058209760598171,0.5074535773653297,0.6088612630252253,0.7128179888646221,
TE,hit3,cat,group__capital,6,cat3_balanced,58,58,0.3360870576325489,0.2743231884323554,0.6598220002402485,0.5201555813353054,0.6355764061215303,
TE,hit3,cat,group__capital,6,cat4_balanced,58,58,0.3352138749296182,0.27905614967156245,0.6440009270747711,0.557628950231796,0.6794223050159952,
TE,hit3,cat,group__capital,6,cat3_scaled,58,58,0.3360870576325489,0.2743231884323554,0.6598220002402485,0.5201555813353054,0.6355764061215303,
TE,hit3,cat,group__capital,6,cat4_scaled,58,58,0.3352138749296182,0.27905614967156245,0.6440009270747711,0.557628950231796,0.6794223050159952,
TE,hit3,cat,group__capital,6,cat3_balanced_imp,58,0,inf,inf,inf,,,"AttributeError(""The following error was raised: 'CatBoostClassifier' object has no attribute '__sklearn_tags__'. It seems that there are no classes that implement `__sklearn_tags__` in the MRO and/or all classes in the MRO call `super().__sklearn_tags__()`. Make sure to inherit from `BaseEstimator` which implements `__sklearn_tags__` (or alternatively define `__sklearn_tags__` but we don't recommend this approach). Note that `BaseEstimator` needs to be on the right side of other Mixins in the inheritance order."")"
TE,hit3,cat,group__capital,6,cat4_balanced_imp,58,0,inf,inf,inf,,,"AttributeError(""The following error was raised: 'CatBoostClassifier' object has no attribute '__sklearn_tags__'. It seems that there are no classes that implement `__sklearn_tags__` in the MRO and/or all classes in the MRO call `super().__sklearn_tags__()`. Make sure to inherit from `BaseEstimator` which implements `__sklearn_tags__` (or alternatively define `__sklearn_tags__` but we don't recommend this approach). Note that `BaseEstimator` needs to be on the right side of other Mixins in the inheritance order."")"
TE,hit3,cat,group__capital_core,254,cat3_unweighted,58,58,0.16127427102962894,0.10290630584510166,0.6021454142203633,0.6006627121077692,0.7574825432957029,
TE,hit3,cat,group__capital_core,254,cat4_unweighted,58,58,0.14953407010906158,0.09872354831039828,0.4683836646429127,0.6388808078998962,0.7352733089298349,
TE,hit3,cat,group__capital_core,254,cat3_balanced,58,58,0.272301588061581,0.17693937289376466,0.7155887053788674,0.38984393597909767,0.6290258082377189,
TE,hit3,cat,group__capital_core,254,cat4_balanced,58,58,0.2502260820246052,0.17019720116717363,0.685294008571129,0.4839027845006048,0.6733827555446185,
TE,hit3,cat,group__capital_core,254,cat3_scaled,58,58,0.272301588061581,0.17693937289376466,0.7155887053788674,0.38984393597909767,0.6290258082377189,
TE,hit3,cat,group__capital_core,254,cat4_scaled,58,58,0.2502260820246052,0.17019720116717363,0.685294008571129,0.4839027845006048,0.6733827555446185,
TE,hit3,cat,group__capital_core,254,cat3_balanced_imp,58,0,inf,inf,inf,,,"AttributeError(""The following error was raised: 'CatBoostClassifier' object has no attribute '__sklearn_tags__'. It seems that there are no classes that implement `__sklearn_tags__` in the MRO and/or all classes in the MRO call `super().__sklearn_tags__()`. Make sure to inherit from `BaseEstimator` which implements `__sklearn_tags__` (or alternatively define `__sklearn_tags__` but we don't recommend this approach). Note that `BaseEstimator` needs to be on the right side of other Mixins in the inheritance order."")"
TE,hit3,cat,group__capital_core,254,cat4_balanced_imp,58,0,inf,inf,inf,,,"AttributeError(""The following error was raised: 'CatBoostClassifier' object has no attribute '__sklearn_tags__'. It seems that there are no classes that implement `__sklearn_tags__` in the MRO and/or all classes in the MRO call `super().__sklearn_tags__()`. Make sure to inherit from `BaseEstimator` which implements `__sklearn_tags__` (or alternatively define `__sklearn_tags__` but we don't recommend this approach). Note that `BaseEstimator` needs to be on the right side of other Mixins in the inheritance order."")"
TE,hit3,cat,ranked_top4,4,cat3_unweighted,58,58,0.324075087556055,0.1871662021230248,0.9416252746714844,0.3070571674887209,0.6202165623704763,
TE,hit3,cat,ranked_top4,4,cat4_unweighted,58,58,0.30943978387326665,0.17740981000480754,0.9098441147159128,0.3169722609154308,0.6252730013227108,
TE,hit3,cat,ranked_top4,4,cat3_balanced,58,58,0.3475708031067521,0.1994395562646185,0.9496327100533987,0.35397518182188276,0.6509274354794058,
TE,hit3,cat,ranked_top4,4,cat4_balanced,58,58,0.34510055658776767,0.19770900716761527,0.9452218035092217,0.37259313993274756,0.6767049124857731,
TE,hit3,cat,ranked_top4,4,cat3_scaled,58,58,0.3475708031067521,0.1994395562646185,0.9496327100533987,0.35397518182188276,0.6509274354794058,
TE,hit3,cat,ranked_top4,4,cat4_scaled,58,58,0.34510055658776767,0.19770900716761527,0.9452218035092217,0.37259313993274756,0.6767049124857731,
TE,hit3,cat,ranked_top4,4,cat3_balanced_imp,58,0,inf,inf,inf,,,"AttributeError(""The following error was raised: 'CatBoostClassifier' object has no attribute '__sklearn_tags__'. It seems that there are no classes that implement `__sklearn_tags__` in the MRO and/or all classes in the MRO call `super().__sklearn_tags__()`. Make sure to inherit from `BaseEstimator` which implements `__sklearn_tags__` (or alternatively define `__sklearn_tags__` but we don't recommend this approach). Note that `BaseEstimator` needs to be on the right side of other Mixins in the inheritance order."")"
TE,hit3,cat,ranked_top4,4,cat4_balanced_imp,58,0,inf,inf,inf,,,"AttributeError(""The following error was raised: 'CatBoostClassifier' object has no attribute '__sklearn_tags__'. It seems that there are no classes that implement `__sklearn_tags__` in the MRO and/or all classes in the MRO call `super().__sklearn_tags__()`. Make sure to inherit from `BaseEstimator` which implements `__sklearn_tags__` (or alternatively define `__sklearn_tags__` but we don't recommend this approach). Note that `BaseEstimator` needs to be on the right side of other Mixins in the inheritance order."")"
TE,hit3,cat,draftcap_plus_top4,10,cat3_unweighted,58,58,0.3231219604242515,0.18344699549513885,0.9576218377904883,0.30160409546951966,0.6098926451136608,
TE,hit3,cat,draftcap_plus_top4,10,cat4_unweighted,58,58,0.3238934822664156,0.18117465499533666,0.9505535083951632,0.28772711878066054,0.6094619951398075,
TE,hit3,cat,draftcap_plus_top4,10,cat3_balanced,58,58,0.33978816573552756,0.19747720679002806,0.9599464141911863,0.3223952468553329,0.5730413116367776,
TE,hit3,cat,draftcap_plus_top4,10,cat4_balanced,58,58,0.3413965107399728,0.1946804895760864,0.9566357070794804,0.3135792137405383,0.6146297948260483,
TE,hit3,cat,draftcap_plus_top4,10,cat3_scaled,58,58,0.33978816573552756,0.19747720679002806,0.9599464141911863,0.3223952468553329,0.5730413116367776,
TE,hit3,cat,draftcap_plus_top4,10,cat4_scaled,58,58,0.3413965107399728,0.1946804895760864,0.9566357070794804,0.3135792137405383,0.6146297948260483,
TE,hit3,cat,draftcap_plus_top4,10,cat3_balanced_imp,58,0,inf,inf,inf,,,"AttributeError(""The following error was raised: 'CatBoostClassifier' object has no attribute '__sklearn_tags__'. It seems that there are no classes that implement `__sklearn_tags__` in the MRO and/or all classes in the MRO call `super().__sklearn_tags__()`. Make sure to inherit from `BaseEstimator` which implements `__sklearn_tags__` (or alternatively define `__sklearn_tags__` but we don't recommend this approach). Note that `BaseEstimator` needs to be on the right side of other Mixins in the inheritance order."")"
TE,hit3,cat,draftcap_plus_top4,10,cat4_balanced_imp,58,0,inf,inf,inf,,,"AttributeError(""The following error was raised: 'CatBoostClassifier' object has no attribute '__sklearn_tags__'. It seems that there are no classes that implement `__sklearn_tags__` in the MRO and/or all classes in the MRO call `super().__sklearn_tags__()`. Make sure to inherit from `BaseEstimator` which implements `__sklearn_tags__` (or alternatively define `__sklearn_tags__` but we don't recommend this approach). Note that `BaseEstimator` needs to be on the right side of other Mixins in the inheritance order."")"
TE,hit3,cat,ranked_top8,8,cat3_unweighted,58,58,0.33572595732270294,0.193979642810197,0.9438844268232675,0.28745882071670437,0.5214863576240426,
TE,hit3,cat,ranked_top8,8,cat4_unweighted,58,58,0.33258657674127784,0.18910994275145504,0.9386494099147964,0.2866689522723104,0.5682426404995541,
TE,hit3,cat,ranked_top8,8,cat3_balanced,58,58,0.35132135815830723,0.20376385411355685,0.9596525773102785,0.2985353203667633,0.5550155341597712,
TE,hit3,cat,ranked_top8,8,cat4_balanced,58,58,0.34977652239885143,0.20353848302184505,0.9501401828791941,0.31349475293657614,0.591067089113784,
TE,hit3,cat,ranked_top8,8,cat3_scaled,58,58,0.35132135815830723,0.20376385411355685,0.9596525773102785,0.2985353203667633,0.5550155341597712,
TE,hit3,cat,ranked_top8,8,cat4_scaled,58,58,0.34977652239885143,0.20353848302184505,0.9501401828791941,0.31349475293657614,0.591067089113784,
TE,hit3,cat,ranked_top8,8,cat3_balanced_imp,58,0,inf,inf,inf,,,"AttributeError(""The following error was raised: 'CatBoostClassifier' object has no attribute '__sklearn_tags__'. It seems that there are no classes that implement `__sklearn_tags__` in the MRO and/or all classes in the MRO call `super().__sklearn_tags__()`. Make sure to inherit from `BaseEstimator` which implements `__sklearn_tags__` (or alternatively define `__sklearn_tags__` but we don't recommend this approach). Note that `BaseEstimator` needs to be on the right side of other Mixins in the inheritance order."")"
TE,hit3,cat,ranked_top8,8,cat4_balanced_imp,58,0,inf,inf,inf,,,"AttributeError(""The following error was raised: 'CatBoostClassifier' object has no attribute '__sklearn_tags__'. It seems that there are no classes that implement `__sklearn_tags__` in the MRO and/or all classes in the MRO call `super().__sklearn_tags__()`. Make sure to inherit from `BaseEstimator` which implements `__sklearn_tags__` (or alternatively define `__sklearn_tags__` but we don't recommend this approach). Note that `BaseEstimator` needs to be on the right side of other Mixins in the inheritance order."")"
TE,hit3,cat,draftcap_plus_top8,14,cat3_unweighted,58,58,0.31282582663149755,0.18236449967872165,0.9374547745958403,0.3130671427415,0.5693500261466057,
TE,hit3,cat,draftcap_plus_top8,14,cat4_unweighted,58,58,0.3077505000338555,0.17498744296370275,0.9320867465305814,0.29320427126631854,0.6001722599895414,
TE,hit3,cat,draftcap_plus_top8,14,cat3_balanced,58,58,0.32889755250505104,0.19306191534311073,0.9252830125859492,0.3119871344964523,0.556553569780676,
TE,hit3,cat,draftcap_plus_top8,14,cat4_balanced,58,58,0.3306946100932714,0.1909796080638546,0.9192408676285014,0.32179890521005705,0.613337844904488,
TE,hit3,cat,draftcap_plus_top8,14,cat3_scaled,58,58,0.32889755250505104,0.19306191534311073,0.9252830125859492,0.3119871344964523,0.556553569780676,
TE,hit3,cat,draftcap_plus_top8,14,cat4_scaled,58,58,0.3306946100932714,0.1909796080638546,0.9192408676285014,0.32179890521005705,0.613337844904488,
TE,hit3,cat,draftcap_plus_top8,14,cat3_balanced_imp,58,0,inf,inf,inf,,,"AttributeError(""The following error was raised: 'CatBoostClassifier' object has no attribute '__sklearn_tags__'. It seems that there are no classes that implement `__sklearn_tags__` in the MRO and/or all classes in the MRO call `super().__sklearn_tags__()`. Make sure to inherit from `BaseEstimator` which implements `__sklearn_tags__` (or alternatively define `__sklearn_tags__` but we don't recommend this approach). Note that `BaseEstimator` needs to be on the right side of other Mixins in the inheritance order."")"
TE,hit3,cat,draftcap_plus_top8,14,cat4_balanced_imp,58,0,inf,inf,inf,,,"AttributeError(""The following error was raised: 'CatBoostClassifier' object has no attribute '__sklearn_tags__'. It seems that there are no classes that implement `__sklearn_tags__` in the MRO and/or all classes in the MRO call `super().__sklearn_tags__()`. Make sure to inherit from `BaseEstimator` which implements `__sklearn_tags__` (or alternatively define `__sklearn_tags__` but we don't recommend this approach). Note that `BaseEstimator` needs to be on the right side of other Mixins in the inheritance order."")"
TE,hit3,cat,ranked_top12,12,cat3_unweighted,58,58,0.31458483468704673,0.18338519855497462,0.9532115861494586,0.32182981271561933,0.6024485527084807,
TE,hit3,cat,ranked_top12,12,cat4_unweighted,58,58,0.3151063006373738,0.1784227202228029,0.948577605409524,0.29197740252495036,0.5914362176628012,
TE,hit3,cat,ranked_top12,12,cat3_balanced,58,58,0.32351878558678604,0.18673274210565166,0.939210256991137,0.32641187627874807,0.6055246239502907,
TE,hit3,cat,ranked_top12,12,cat4_balanced,58,58,0.3230960386397117,0.18530620394083255,0.910739341292062,0.3338902885235531,0.6293949367867361,
TE,hit3,cat,ranked_top12,12,cat3_scaled,58,58,0.32351878558678604,0.18673274210565166,0.939210256991137,0.32641187627874807,0.6055246239502907,
TE,hit3,cat,ranked_top12,12,cat4_scaled,58,58,0.3230960386397117,0.18530620394083255,0.910739341292062,0.3338902885235531,0.6293949367867361,
TE,hit3,cat,ranked_top12,12,cat3_balanced_imp,58,0,inf,inf,inf,,,"AttributeError(""The following error was raised: 'CatBoostClassifier' object has no attribute '__sklearn_tags__'. It seems that there are no classes that implement `__sklearn_tags__` in the MRO and/or all classes in the MRO call `super().__sklearn_tags__()`. Make sure to inherit from `BaseEstimator` which implements `__sklearn_tags__` (or alternatively define `__sklearn_tags__` but we don't recommend this approach). Note that `BaseEstimator` needs to be on the right side of other Mixins in the inheritance order."")"
TE,hit3,cat,ranked_top12,12,cat4_balanced_imp,58,0,inf,inf,inf,,,"AttributeError(""The following error was raised: 'CatBoostClassifier' object has no attribute '__sklearn_tags__'. It seems that there are no classes that implement `__sklearn_tags__` in the MRO and/or all classes in the MRO call `super().__sklearn_tags__()`. Make sure to inherit from `BaseEstimator` which implements `__sklearn_tags__` (or alternatively define `__sklearn_tags__` but we don't recommend this approach). Note that `BaseEstimator` needs to be on the right side of other Mixins in the inheritance order."")"
TE,hit3,cat,draftcap_plus_top12,18,cat3_unweighted,58,58,0.32377138926401466,0.1892022727117522,0.9532475292857373,0.31957424407784835,0.5903903534405858,
TE,hit3,cat,draftcap_plus_top12,18,cat4_unweighted,58,58,0.31865343463651463,0.18342917201818462,0.9451485501422102,0.2906016066023184,0.6159217447476084,
TE,hit3,cat,draftcap_plus_top12,18,cat3_balanced,58,58,0.34125388514984134,0.19953922596494295,0.9467495278545531,0.29316713403419,0.5114583653757422,
TE,hit3,cat,draftcap_plus_top12,18,cat4_balanced,58,58,0.334405360803828,0.19276440453609622,0.9280415423304458,0.2922763267874715,0.5807314897413025,
TE,hit3,cat,draftcap_plus_top12,18,cat3_scaled,58,58,0.34125388514984134,0.19953922596494295,0.9467495278545531,0.29316713403419,0.5114583653757422,
TE,hit3,cat,draftcap_plus_top12,18,cat4_scaled,58,58,0.334405360803828,0.19276440453609622,0.9280415423304458,0.2922763267874715,0.5807314897413025,
TE,hit3,cat,draftcap_plus_top12,18,cat3_balanced_imp,58,0,inf,inf,inf,,,"AttributeError(""The following error was raised: 'CatBoostClassifier' object has no attribute '__sklearn_tags__'. It seems that there are no classes that implement `__sklearn_tags__` in the MRO and/or all classes in the MRO call `super().__sklearn_tags__()`. Make sure to inherit from `BaseEstimator` which implements `__sklearn_tags__` (or alternatively define `__sklearn_tags__` but we don't recommend this approach). Note that `BaseEstimator` needs to be on the right side of other Mixins in the inheritance order."")"
TE,hit3,cat,draftcap_plus_top12,18,cat4_balanced_imp,58,0,inf,inf,inf,,,"AttributeError(""The following error was raised: 'CatBoostClassifier' object has no attribute '__sklearn_tags__'. It seems that there are no classes that implement `__sklearn_tags__` in the MRO and/or all classes in the MRO call `super().__sklearn_tags__()`. Make sure to inherit from `BaseEstimator` which implements `__sklearn_tags__` (or alternatively define `__sklearn_tags__` but we don't recommend this approach). Note that `BaseEstimator` needs to be on the right side of other Mixins in the inheritance order."")"
TE,hit3,cat,ranked_top16,16,cat3_unweighted,58,58,0.31180773161754594,0.1771381027696623,0.9399523914638132,0.3053208501265543,0.612722630656126,
TE,hit3,cat,ranked_top16,16,cat4_unweighted,58,58,0.30661700778065365,0.17273856348779057,0.9310048886839536,0.29911687702588113,0.6035559383555323,
TE,hit3,cat,ranked_top16,16,cat3_balanced,58,58,0.3219207964830963,0.18392143516656628,0.9525422604703889,0.32131035977286315,0.5886062321203359,
TE,hit3,cat,ranked_top16,16,cat4_balanced,58,58,0.3292429462091925,0.18998538061739748,0.9081280223273717,0.33022176790305585,0.6014642099111017,
TE,hit3,cat,ranked_top16,16,cat3_scaled,58,58,0.3219207964830963,0.18392143516656628,0.9525422604703889,0.32131035977286315,0.5886062321203359,
TE,hit3,cat,ranked_top16,16,cat4_scaled,58,58,0.3292429462091925,0.18998538061739748,0.9081280223273717,0.33022176790305585,0.6014642099111017,
TE,hit3,cat,ranked_top16,16,cat3_balanced_imp,58,0,inf,inf,inf,,,"AttributeError(""The following error was raised: 'CatBoostClassifier' object has no attribute '__sklearn_tags__'. It seems that there are no classes that implement `__sklearn_tags__` in the MRO and/or all classes in the MRO call `super().__sklearn_tags__()`. Make sure to inherit from `BaseEstimator` which implements `__sklearn_tags__` (or alternatively define `__sklearn_tags__` but we don't recommend this approach). Note that `BaseEstimator` needs to be on the right side of other Mixins in the inheritance order."")"
TE,hit3,cat,ranked_top16,16,cat4_balanced_imp,58,0,inf,inf,inf,,,"AttributeError(""The following error was raised: 'CatBoostClassifier' object has no attribute '__sklearn_tags__'. It seems that there are no classes that implement `__sklearn_tags__` in the MRO and/or all classes in the MRO call `super().__sklearn_tags__()`. Make sure to inherit from `BaseEstimator` which implements `__sklearn_tags__` (or alternatively define `__sklearn_tags__` but we don't recommend this approach). Note that `BaseEstimator` needs to be on the right side of other Mixins in the inheritance order."")"
TE,hit3,cat,draftcap_plus_top16,22,cat3_unweighted,58,58,0.3193280338859221,0.18612455457584462,0.9585193601837246,0.31384863983714767,0.6198591159371252,
TE,hit3,cat,draftcap_plus_top16,22,cat4_unweighted,58,58,0.3146736620474482,0.1801574527288039,0.9306205811966298,0.2924297278276121,0.6116152450090745,
TE,hit3,cat,draftcap_plus_top16,22,cat3_balanced,58,58,0.3340154008773595,0.1969869600493888,0.9499948825439856,0.3018768209534836,0.5202559291273187,
TE,hit3,cat,draftcap_plus_top16,22,cat4_balanced,58,58,0.32940006748681855,0.1906804045280956,0.9235062529183774,0.3019722592154822,0.5918053462118182,
TE,hit3,cat,draftcap_plus_top16,22,cat3_scaled,58,58,0.3340154008773595,0.1969869600493888,0.9499948825439856,0.3018768209534836,0.5202559291273187,
TE,hit3,cat,draftcap_plus_top16,22,cat4_scaled,58,58,0.32940006748681855,0.1906804045280956,0.9235062529183774,0.3019722592154822,0.5918053462118182,
TE,hit3,cat,draftcap_plus_top16,22,cat3_balanced_imp,58,0,inf,inf,inf,,,"AttributeError(""The following error was raised: 'CatBoostClassifier' object has no attribute '__sklearn_tags__'. It seems that there are no classes that implement `__sklearn_tags__` in the MRO and/or all classes in the MRO call `super().__sklearn_tags__()`. Make sure to inherit from `BaseEstimator` which implements `__sklearn_tags__` (or alternatively define `__sklearn_tags__` but we don't recommend this approach). Note that `BaseEstimator` needs to be on the right side of other Mixins in the inheritance order."")"
TE,hit3,cat,draftcap_plus_top16,22,cat4_balanced_imp,58,0,inf,inf,inf,,,"AttributeError(""The following error was raised: 'CatBoostClassifier' object has no attribute '__sklearn_tags__'. It seems that there are no classes that implement `__sklearn_tags__` in the MRO and/or all classes in the MRO call `super().__sklearn_tags__()`. Make sure to inherit from `BaseEstimator` which implements `__sklearn_tags__` (or alternatively define `__sklearn_tags__` but we don't recommend this approach). Note that `BaseEstimator` needs to be on the right side of other Mixins in the inheritance order."")"
TE,hit3,cat,ranked_top24,24,cat3_unweighted,58,58,0.32577938758790603,0.19200201500874747,0.9568548973915508,0.275394771077087,0.5842997323818021,
TE,hit3,cat,ranked_top24,24,cat4_unweighted,58,58,0.32764059362662645,0.190138852283867,0.9385468386646023,0.2796780352608291,0.6251499584730383,
TE,hit3,cat,ranked_top24,24,cat3_balanced,58,58,0.3443056502294368,0.2007655665269921,0.9472124690147042,0.2732376154696392,0.5459718847088499,
TE,hit3,cat,ranked_top24,24,cat4_balanced,58,58,0.33468191408288755,0.19117852346629938,0.9245050840655021,0.28941316567684194,0.5946968531791197,
TE,hit3,cat,ranked_top24,24,cat3_scaled,58,58,0.3443056502294368,0.2007655665269921,0.9472124690147042,0.2732376154696392,0.5459718847088499,
TE,hit3,cat,ranked_top24,24,cat4_scaled,58,58,0.33468191408288755,0.19117852346629938,0.9245050840655021,0.28941316567684194,0.5946968531791197,
TE,hit3,cat,ranked_top24,24,cat3_balanced_imp,58,0,inf,inf,inf,,,"AttributeError(""The following error was raised: 'CatBoostClassifier' object has no attribute '__sklearn_tags__'. It seems that there are no classes that implement `__sklearn_tags__` in the MRO and/or all classes in the MRO call `super().__sklearn_tags__()`. Make sure to inherit from `BaseEstimator` which implements `__sklearn_tags__` (or alternatively define `__sklearn_tags__` but we don't recommend this approach). Note that `BaseEstimator` needs to be on the right side of other Mixins in the inheritance order."")"
TE,hit3,cat,ranked_top24,24,cat4_balanced_imp,58,0,inf,inf,inf,,,"AttributeError(""The following error was raised: 'CatBoostClassifier' object has no attribute '__sklearn_tags__'. It seems that there are no classes that implement `__sklearn_tags__` in the MRO and/or all classes in the MRO call `super().__sklearn_tags__()`. Make sure to inherit from `BaseEstimator` which implements `__sklearn_tags__` (or alternatively define `__sklearn_tags__` but we don't recommend this approach). Note that `BaseEstimator` needs to be on the right side of other Mixins in the inheritance order."")"
TE,hit3,cat,draftcap_plus_top24,30,cat3_unweighted,58,58,0.33208201628910705,0.19557493349215074,0.9594502536519656,0.2746903685890456,0.5960503245255161,
TE,hit3,cat,draftcap_plus_top24,30,cat4_unweighted,58,58,0.32071182228678596,0.18602182859562605,0.9283999727160678,0.28632302087774836,0.6145067519763758,
TE,hit3,cat,draftcap_plus_top24,30,cat3_balanced,58,58,0.34566987655799525,0.20049554916527673,0.9437422156573954,0.2764335127681289,0.49595496631702,
TE,hit3,cat,draftcap_plus_top24,30,cat4_balanced,58,58,0.34075898037146213,0.19558391753567675,0.9305982639949095,0.2980311193458365,0.5941431603555939,
TE,hit3,cat,draftcap_plus_top24,30,cat3_scaled,58,58,0.34566987655799525,0.20049554916527673,0.9437422156573954,0.2764335127681289,0.49595496631702,
TE,hit3,cat,draftcap_plus_top24,30,cat4_scaled,58,58,0.34075898037146213,0.19558391753567675,0.9305982639949095,0.2980311193458365,0.5941431603555939,
TE,hit3,cat,draftcap_plus_top24,30,cat3_balanced_imp,58,0,inf,inf,inf,,,"AttributeError(""The following error was raised: 'CatBoostClassifier' object has no attribute '__sklearn_tags__'. It seems that there are no classes that implement `__sklearn_tags__` in the MRO and/or all classes in the MRO call `super().__sklearn_tags__()`. Make sure to inherit from `BaseEstimator` which implements `__sklearn_tags__` (or alternatively define `__sklearn_tags__` but we don't recommend this approach). Note that `BaseEstimator` needs to be on the right side of other Mixins in the inheritance order."")"
TE,hit3,cat,draftcap_plus_top24,30,cat4_balanced_imp,58,0,inf,inf,inf,,,"AttributeError(""The following error was raised: 'CatBoostClassifier' object has no attribute '__sklearn_tags__'. It seems that there are no classes that implement `__sklearn_tags__` in the MRO and/or all classes in the MRO call `super().__sklearn_tags__()`. Make sure to inherit from `BaseEstimator` which implements `__sklearn_tags__` (or alternatively define `__sklearn_tags__` but we don't recommend this approach). Note that `BaseEstimator` needs to be on the right side of other Mixins in the inheritance order."")"
TE,hit3,cat,ranked_top32,32,cat3_unweighted,58,58,0.33344692945108145,0.19510282258992875,0.9592018236616513,0.2604839006794064,0.5660893906302871,
TE,hit3,cat,ranked_top32,32,cat4_unweighted,58,58,0.326054439372028,0.18903971572722014,0.9217384845747492,0.27549855346293967,0.6233658371527885,
TE,hit3,cat,ranked_top32,32,cat3_balanced,58,58,0.34556029499178614,0.19831594852431336,0.9562403523220798,0.2743815665473414,0.545356670460488,
TE,hit3,cat,ranked_top32,32,cat4_balanced,58,58,0.33850683422395794,0.19332112886801467,0.9242782234239607,0.2913102580872553,0.5733489187609586,
TE,hit3,cat,ranked_top32,32,cat3_scaled,58,58,0.34556029499178614,0.19831594852431336,0.9562403523220798,0.2743815665473414,0.545356670460488,
TE,hit3,cat,ranked_top32,32,cat4_scaled,58,58,0.33850683422395794,0.19332112886801467,0.9242782234239607,0.2913102580872553,0.5733489187609586,
TE,hit3,cat,ranked_top32,32,cat3_balanced_imp,58,0,inf,inf,inf,,,"AttributeError(""The following error was raised: 'CatBoostClassifier' object has no attribute '__sklearn_tags__'. It seems that there are no classes that implement `__sklearn_tags__` in the MRO and/or all classes in the MRO call `super().__sklearn_tags__()`. Make sure to inherit from `BaseEstimator` which implements `__sklearn_tags__` (or alternatively define `__sklearn_tags__` but we don't recommend this approach). Note that `BaseEstimator` needs to be on the right side of other Mixins in the inheritance order."")"
TE,hit3,cat,ranked_top32,32,cat4_balanced_imp,58,0,inf,inf,inf,,,"AttributeError(""The following error was raised: 'CatBoostClassifier' object has no attribute '__sklearn_tags__'. It seems that there are no classes that implement `__sklearn_tags__` in the MRO and/or all classes in the MRO call `super().__sklearn_tags__()`. Make sure to inherit from `BaseEstimator` which implements `__sklearn_tags__` (or alternatively define `__sklearn_tags__` but we don't recommend this approach). Note that `BaseEstimator` needs to be on the right side of other Mixins in the inheritance order."")"
TE,hit3,cat,draftcap_plus_top32,38,cat3_unweighted,58,58,0.32145403994051086,0.1891386660325721,0.9568777209028216,0.30458139543379403,0.552800762865668,
TE,hit3,cat,draftcap_plus_top32,38,cat4_unweighted,58,58,0.3102717232653124,0.181047661354759,0.9442302611220423,0.3196096240244217,0.6490202713094836,
TE,hit3,cat,draftcap_plus_top32,38,cat3_balanced,58,58,0.32601935226346285,0.1861777969859596,0.9517506537567567,0.31917956433773303,0.4979236519117783,
TE,hit3,cat,draftcap_plus_top32,38,cat4_balanced,58,58,0.3226668791726028,0.18371382053271204,0.9371919092085635,0.32353889019117815,0.5900827463164047,
TE,hit3,cat,draftcap_plus_top32,38,cat3_scaled,58,58,0.32601935226346285,0.1861777969859596,0.9517506537567567,0.31917956433773303,0.4979236519117783,
TE,hit3,cat,draftcap_plus_top32,38,cat4_scaled,58,58,0.3226668791726028,0.18371382053271204,0.9371919092085635,0.32353889019117815,0.5900827463164047,
TE,hit3,cat,draftcap_plus_top32,38,cat3_balanced_imp,58,0,inf,inf,inf,,,"AttributeError(""The following error was raised: 'CatBoostClassifier' object has no attribute '__sklearn_tags__'. It seems that there are no classes that implement `__sklearn_tags__` in the MRO and/or all classes in the MRO call `super().__sklearn_tags__()`. Make sure to inherit from `BaseEstimator` which implements `__sklearn_tags__` (or alternatively define `__sklearn_tags__` but we don't recommend this approach). Note that `BaseEstimator` needs to be on the right side of other Mixins in the inheritance order."")"
TE,hit3,cat,draftcap_plus_top32,38,cat4_balanced_imp,58,0,inf,inf,inf,,,"AttributeError(""The following error was raised: 'CatBoostClassifier' object has no attribute '__sklearn_tags__'. It seems that there are no classes that implement `__sklearn_tags__` in the MRO and/or all classes in the MRO call `super().__sklearn_tags__()`. Make sure to inherit from `BaseEstimator` which implements `__sklearn_tags__` (or alternatively define `__sklearn_tags__` but we don't recommend this approach). Note that `BaseEstimator` needs to be on the right side of other Mixins in the inheritance order."")"
TE,hit3,cat,ranked_top48,48,cat3_unweighted,58,58,0.3142839578857318,0.18707107402719628,0.9579951218675776,0.31089587956376175,0.5344058568396445,
TE,hit3,cat,ranked_top48,48,cat4_unweighted,58,58,0.30999116314789765,0.18274809078998872,0.9356148485384423,0.3081729726717354,0.567319819127011,
TE,hit3,cat,ranked_top48,48,cat3_balanced,58,58,0.32862933186078486,0.191732746030365,0.9515306046030232,0.300944192697173,0.47842136023870313,
TE,hit3,cat,ranked_top48,48,cat4_balanced,58,58,0.3238026381948518,0.18538358007052083,0.9448952377608141,0.3063273046335227,0.5538466270878835,
TE,hit3,cat,ranked_top48,48,cat3_scaled,58,58,0.32862933186078486,0.191732746030365,0.9515306046030232,0.300944192697173,0.47842136023870313,
TE,hit3,cat,ranked_top48,48,cat4_scaled,58,58,0.3238026381948518,0.18538358007052083,0.9448952377608141,0.3063273046335227,0.5538466270878835,
TE,hit3,cat,ranked_top48,48,cat3_balanced_imp,58,0,inf,inf,inf,,,"AttributeError(""The following error was raised: 'CatBoostClassifier' object has no attribute '__sklearn_tags__'. It seems that there are no classes that implement `__sklearn_tags__` in the MRO and/or all classes in the MRO call `super().__sklearn_tags__()`. Make sure to inherit from `BaseEstimator` which implements `__sklearn_tags__` (or alternatively define `__sklearn_tags__` but we don't recommend this approach). Note that `BaseEstimator` needs to be on the right side of other Mixins in the inheritance order."")"
TE,hit3,cat,ranked_top48,48,cat4_balanced_imp,58,0,inf,inf,inf,,,"AttributeError(""The following error was raised: 'CatBoostClassifier' object has no attribute '__sklearn_tags__'. It seems that there are no classes that implement `__sklearn_tags__` in the MRO and/or all classes in the MRO call `super().__sklearn_tags__()`. Make sure to inherit from `BaseEstimator` which implements `__sklearn_tags__` (or alternatively define `__sklearn_tags__` but we don't recommend this approach). Note that `BaseEstimator` needs to be on the right side of other Mixins in the inheritance order."")"
TE,hit3,cat,draftcap_plus_top48,54,cat3_unweighted,58,58,0.30911885256272986,0.1818962936055416,0.951727756709607,0.31714110678877355,0.5972192315974039,
TE,hit3,cat,draftcap_plus_top48,54,cat4_unweighted,58,58,0.30062020544571744,0.1756576635079866,0.9225199915912918,0.3227244730354013,0.5721800116890708,
TE,hit3,cat,draftcap_plus_top48,54,cat3_balanced,58,58,0.3336553719313694,0.1960946123244771,0.9544106176474185,0.2780720274893427,0.4370174413239411,
TE,hit3,cat,draftcap_plus_top48,54,cat4_balanced,58,58,0.32225200251317493,0.1856264356955178,0.9309185303754769,0.31472211349788065,0.5556922698329694,
TE,hit3,cat,draftcap_plus_top48,54,cat3_scaled,58,58,0.3336553719313694,0.1960946123244771,0.9544106176474185,0.2780720274893427,0.4370174413239411,
TE,hit3,cat,draftcap_plus_top48,54,cat4_scaled,58,58,0.32225200251317493,0.1856264356955178,0.9309185303754769,0.31472211349788065,0.5556922698329694,
TE,hit3,cat,draftcap_plus_top48,54,cat3_balanced_imp,58,0,inf,inf,inf,,,"AttributeError(""The following error was raised: 'CatBoostClassifier' object has no attribute '__sklearn_tags__'. It seems that there are no classes that implement `__sklearn_tags__` in the MRO and/or all classes in the MRO call `super().__sklearn_tags__()`. Make sure to inherit from `BaseEstimator` which implements `__sklearn_tags__` (or alternatively define `__sklearn_tags__` but we don't recommend this approach). Note that `BaseEstimator` needs to be on the right side of other Mixins in the inheritance order."")"
TE,hit3,cat,draftcap_plus_top48,54,cat4_balanced_imp,58,0,inf,inf,inf,,,"AttributeError(""The following error was raised: 'CatBoostClassifier' object has no attribute '__sklearn_tags__'. It seems that there are no classes that implement `__sklearn_tags__` in the MRO and/or all classes in the MRO call `super().__sklearn_tags__()`. Make sure to inherit from `BaseEstimator` which implements `__sklearn_tags__` (or alternatively define `__sklearn_tags__` but we don't recommend this approach). Note that `BaseEstimator` needs to be on the right side of other Mixins in the inheritance order."")"
TE,hit3,cat,ranked_top64,64,cat3_unweighted,58,58,0.31159643992654246,0.18190098934589527,0.9379920544337776,0.3303932040974321,0.5782706327478545,
TE,hit3,cat,ranked_top64,64,cat4_unweighted,58,58,0.2873635589130667,0.16700485351432665,0.9193860019712232,0.343873460876133,0.6121689378326003,
TE,hit3,cat,ranked_top64,64,cat3_balanced,58,58,0.334216214057849,0.19409092612629103,0.959676856897992,0.29103771702789116,0.5027223230490019,
TE,hit3,cat,ranked_top64,64,cat4_balanced,58,58,0.3164896447316768,0.18407315212311273,0.9346584822383387,0.3252702770885033,0.6065089667476699,
TE,hit3,cat,ranked_top64,64,cat3_scaled,58,58,0.334216214057849,0.19409092612629103,0.959676856897992,0.29103771702789116,0.5027223230490019,
TE,hit3,cat,ranked_top64,64,cat4_scaled,58,58,0.3164896447316768,0.18407315212311273,0.9346584822383387,0.3252702770885033,0.6065089667476699,
TE,hit3,cat,ranked_top64,64,cat3_balanced_imp,58,0,inf,inf,inf,,,"AttributeError(""The following error was raised: 'CatBoostClassifier' object has no attribute '__sklearn_tags__'. It seems that there are no classes that implement `__sklearn_tags__` in the MRO and/or all classes in the MRO call `super().__sklearn_tags__()`. Make sure to inherit from `BaseEstimator` which implements `__sklearn_tags__` (or alternatively define `__sklearn_tags__` but we don't recommend this approach). Note that `BaseEstimator` needs to be on the right side of other Mixins in the inheritance order."")"
TE,hit3,cat,ranked_top64,64,cat4_balanced_imp,58,0,inf,inf,inf,,,"AttributeError(""The following error was raised: 'CatBoostClassifier' object has no attribute '__sklearn_tags__'. It seems that there are no classes that implement `__sklearn_tags__` in the MRO and/or all classes in the MRO call `super().__sklearn_tags__()`. Make sure to inherit from `BaseEstimator` which implements `__sklearn_tags__` (or alternatively define `__sklearn_tags__` but we don't recommend this approach). Note that `BaseEstimator` needs to be on the right side of other Mixins in the inheritance order."")"
TE,hit3,cat,draftcap_plus_top64,70,cat3_unweighted,58,58,0.29996620198507146,0.1775269397446471,0.9541663496639196,0.3242260953862099,0.5442492848134363,
TE,hit3,cat,draftcap_plus_top64,70,cat4_unweighted,58,58,0.29066169308201734,0.17145347384993206,0.9301068206279711,0.32645471830031486,0.5891599249438618,
TE,hit3,cat,draftcap_plus_top64,70,cat3_balanced,58,58,0.3161436075376738,0.1878914767715891,0.9603876929642355,0.3034707699455031,0.474976160447876,
TE,hit3,cat,draftcap_plus_top64,70,cat4_balanced,58,58,0.3138892546722851,0.18651320836979451,0.9352436967617023,0.3053913065382861,0.5324986926697223,
TE,hit3,cat,draftcap_plus_top64,70,cat3_scaled,58,58,0.3161436075376738,0.1878914767715891,0.9603876929642355,0.3034707699455031,0.474976160447876,
TE,hit3,cat,draftcap_plus_top64,70,cat4_scaled,58,58,0.3138892546722851,0.18651320836979451,0.9352436967617023,0.3053913065382861,0.5324986926697223,
TE,hit3,cat,draftcap_plus_top64,70,cat3_balanced_imp,58,0,inf,inf,inf,,,"AttributeError(""The following error was raised: 'CatBoostClassifier' object has no attribute '__sklearn_tags__'. It seems that there are no classes that implement `__sklearn_tags__` in the MRO and/or all classes in the MRO call `super().__sklearn_tags__()`. Make sure to inherit from `BaseEstimator` which implements `__sklearn_tags__` (or alternatively define `__sklearn_tags__` but we don't recommend this approach). Note that `BaseEstimator` needs to be on the right side of other Mixins in the inheritance order."")"
TE,hit3,cat,draftcap_plus_top64,70,cat4_balanced_imp,58,0,inf,inf,inf,,,"AttributeError(""The following error was raised: 'CatBoostClassifier' object has no attribute '__sklearn_tags__'. It seems that there are no classes that implement `__sklearn_tags__` in the MRO and/or all classes in the MRO call `super().__sklearn_tags__()`. Make sure to inherit from `BaseEstimator` which implements `__sklearn_tags__` (or alternatively define `__sklearn_tags__` but we don't recommend this approach). Note that `BaseEstimator` needs to be on the right side of other Mixins in the inheritance order."")"
TE,hit3,cat,ranked_top96,96,cat3_unweighted,58,58,0.2913788744528197,0.17395870771351957,0.9502561388705119,0.32754832198037176,0.541665384970316,
TE,hit3,cat,ranked_top96,96,cat4_unweighted,58,58,0.2803371783547924,0.16498199137250857,0.9329637522967753,0.320859636839247,0.5749484758066997,
TE,hit3,cat,ranked_top96,96,cat3_balanced,58,58,0.3154616245596376,0.18740452927444282,0.9566278124598269,0.30029926449193717,0.505552308591467,
TE,hit3,cat,ranked_top96,96,cat4_balanced,58,58,0.3102418606939229,0.1778668172069634,0.9464229405592713,0.30447601514592837,0.5359438924605494,
TE,hit3,cat,ranked_top96,96,cat3_scaled,58,58,0.3154616245596376,0.18740452927444282,0.9566278124598269,0.30029926449193717,0.505552308591467,
TE,hit3,cat,ranked_top96,96,cat4_scaled,58,58,0.3102418606939229,0.1778668172069634,0.9464229405592713,0.30447601514592837,0.5359438924605494,
TE,hit3,cat,ranked_top96,96,cat3_balanced_imp,58,0,inf,inf,inf,,,"AttributeError(""The following error was raised: 'CatBoostClassifier' object has no attribute '__sklearn_tags__'. It seems that there are no classes that implement `__sklearn_tags__` in the MRO and/or all classes in the MRO call `super().__sklearn_tags__()`. Make sure to inherit from `BaseEstimator` which implements `__sklearn_tags__` (or alternatively define `__sklearn_tags__` but we don't recommend this approach). Note that `BaseEstimator` needs to be on the right side of other Mixins in the inheritance order."")"
TE,hit3,cat,ranked_top96,96,cat4_balanced_imp,58,0,inf,inf,inf,,,"AttributeError(""The following error was raised: 'CatBoostClassifier' object has no attribute '__sklearn_tags__'. It seems that there are no classes that implement `__sklearn_tags__` in the MRO and/or all classes in the MRO call `super().__sklearn_tags__()`. Make sure to inherit from `BaseEstimator` which implements `__sklearn_tags__` (or alternatively define `__sklearn_tags__` but we don't recommend this approach). Note that `BaseEstimator` needs to be on the right side of other Mixins in the inheritance order."")"
TE,hit3,cat,draftcap_plus_top96,102,cat3_unweighted,58,58,0.288360100973909,0.17219816334704044,0.966528006373158,0.3291320660471106,0.5296687071272571,
TE,hit3,cat,draftcap_plus_top96,102,cat4_unweighted,58,58,0.27479736170124913,0.1612727069585667,0.9325980346566383,0.3393896524156452,0.613337844904488,
TE,hit3,cat,draftcap_plus_top96,102,cat3_balanced,58,58,0.3135011738739683,0.18598649915639767,0.9633083280113812,0.3002369528375325,0.4453843551016642,
TE,hit3,cat,draftcap_plus_top96,102,cat4_balanced,58,58,0.3013355796924978,0.1778109944274187,0.9315944756021992,0.32138322267136976,0.5427727706173675,
TE,hit3,cat,draftcap_plus_top96,102,cat3_scaled,58,58,0.3135011738739683,0.18598649915639767,0.9633083280113812,0.3002369528375325,0.4453843551016642,
TE,hit3,cat,draftcap_plus_top96,102,cat4_scaled,58,58,0.3013355796924978,0.1778109944274187,0.9315944756021992,0.32138322267136976,0.5427727706173675,
TE,hit3,cat,draftcap_plus_top96,102,cat3_balanced_imp,58,0,inf,inf,inf,,,"AttributeError(""The following error was raised: 'CatBoostClassifier' object has no attribute '__sklearn_tags__'. It seems that there are no classes that implement `__sklearn_tags__` in the MRO and/or all classes in the MRO call `super().__sklearn_tags__()`. Make sure to inherit from `BaseEstimator` which implements `__sklearn_tags__` (or alternatively define `__sklearn_tags__` but we don't recommend this approach). Note that `BaseEstimator` needs to be on the right side of other Mixins in the inheritance order."")"
TE,hit3,cat,draftcap_plus_top96,102,cat4_balanced_imp,58,0,inf,inf,inf,,,"AttributeError(""The following error was raised: 'CatBoostClassifier' object has no attribute '__sklearn_tags__'. It seems that there are no classes that implement `__sklearn_tags__` in the MRO and/or all classes in the MRO call `super().__sklearn_tags__()`. Make sure to inherit from `BaseEstimator` which implements `__sklearn_tags__` (or alternatively define `__sklearn_tags__` but we don't recommend this approach). Note that `BaseEstimator` needs to be on the right side of other Mixins in the inheritance order."")"
TE,hit3,cat,stage3__features,137,cat3_unweighted,58,58,0.1799117819167863,0.11197574641248187,0.6016203287094527,0.586413999092535,0.7520686579101172,
TE,hit3,cat,stage3__features,137,cat4_unweighted,58,58,0.16832018104776278,0.10697654940672167,0.536348779672934,0.5878043318937257,0.7344735304069644,
TE,hit3,cat,stage3__features,137,cat3_balanced,58,58,0.2799209442887232,0.18993075275540688,0.7867502042856671,0.44747300000459567,0.6842105263157895,
TE,hit3,cat,stage3__features,137,cat4_balanced,58,58,0.2724833203430881,0.18831874345379895,0.7337747750015455,0.5335160033605317,0.7075271463287091,
TE,hit3,cat,stage3__features,137,cat3_scaled,58,58,0.2799209442887232,0.18993075275540688,0.7867502042856671,0.44747300000459567,0.6842105263157895,
TE,hit3,cat,stage3__features,137,cat4_scaled,58,58,0.2724833203430881,0.18831874345379895,0.7337747750015455,0.5335160033605317,0.7075271463287091,
TE,hit3,cat,stage3__features,137,cat3_balanced_imp,58,0,inf,inf,inf,,,"AttributeError(""The following error was raised: 'CatBoostClassifier' object has no attribute '__sklearn_tags__'. It seems that there are no classes that implement `__sklearn_tags__` in the MRO and/or all classes in the MRO call `super().__sklearn_tags__()`. Make sure to inherit from `BaseEstimator` which implements `__sklearn_tags__` (or alternatively define `__sklearn_tags__` but we don't recommend this approach). Note that `BaseEstimator` needs to be on the right side of other Mixins in the inheritance order."")"
TE,hit3,cat,stage3__features,137,cat4_balanced_imp,58,0,inf,inf,inf,,,"AttributeError(""The following error was raised: 'CatBoostClassifier' object has no attribute '__sklearn_tags__'. It seems that there are no classes that implement `__sklearn_tags__` in the MRO and/or all classes in the MRO call `super().__sklearn_tags__()`. Make sure to inherit from `BaseEstimator` which implements `__sklearn_tags__` (or alternatively define `__sklearn_tags__` but we don't recommend this approach). Note that `BaseEstimator` needs to be on the right side of other Mixins in the inheritance order."")"
TE,star3,logit,group__capital,6,logit_exact,58,58,0.37296414764999836,0.3362358189314084,0.6739852336756693,0.4911332206171755,0.5959272816758436,
TE,star3,logit,group__college_only,1624,logit_exact,58,58,0.25890725485979993,0.14365415026908607,0.9244091186116571,0.08262528043083912,0.17702789996616325,
TE,star3,logit,group__capital_core,254,logit_exact,58,58,0.2997511234241702,0.19355865828072638,0.7646992958920932,0.2762942484444613,0.3383985973115138,
TE,star3,logit,group__capital_production,730,logit_exact,58,58,0.2594776872140616,0.1425825863604384,0.8817813230223516,0.315898634018941,0.2434095173644222,
TE,star3,logit,group__capital_prod_context,1630,logit_exact,58,58,0.23268564319346302,0.13138358528328614,0.8268103499736437,0.08564482748717983,0.17548986434525823,
TE,star3,logit,group__full,1642,logit_exact,58,58,0.23389926718515708,0.12176130637962135,0.8428965183567689,0.04357434154752919,0.30025531391307025,
TE,star3,logit,orig__capital_plus_top8,598,logit_exact,58,58,0.23389926354786064,0.12176131093726654,0.8428965099842678,0.04357434151193244,0.30025531391307025,
TE,star3,logit,ranked_top4,4,logit_exact,58,58,0.3195398211011323,0.21372150028408674,0.842383351161986,0.43609226115116284,0.46501469074505136,
TE,star3,logit,draftcap_plus_top4,10,logit_exact,58,58,0.3271931161981757,0.2124524322018199,0.8873858656371849,0.3837619130766784,0.29158079301116613,
TE,star3,logit,ranked_top8,8,logit_exact,58,58,0.29563133505502415,0.18810407613358582,0.8404068759929361,0.4242224408914999,0.3134824202528531,
TE,star3,logit,draftcap_plus_top8,14,logit_exact,58,58,0.29049757622416816,0.18366940895963504,0.8963924893072646,0.4082134745212233,0.24507059583499957,
TE,star3,logit,ranked_top12,12,logit_exact,58,58,0.259505064385444,0.1507533743711956,0.8465544157731113,0.40934327387024055,0.2883816789196838,
TE,star3,logit,draftcap_plus_top12,18,logit_exact,58,58,0.22468881511377864,0.1296171169797267,0.9078141981337033,0.41751592711606816,0.27041742286751363,
TE,star3,logit,ranked_top16,16,logit_exact,58,58,0.21703316702966566,0.12836782515561063,0.9026632110160663,0.42204998233796304,0.26623396597865207,
TE,star3,logit,draftcap_plus_top16,22,logit_exact,58,58,0.1871134888376569,0.1018635587997326,0.9088047499674461,0.47430224958071193,0.23867236765203484,
TE,star3,logit,ranked_top24,24,logit_exact,58,58,0.1782525203999229,0.0992037705354243,0.9069823222148843,0.5247802520220739,0.26900243009628105,
TE,star3,logit,draftcap_plus_top24,30,logit_exact,58,58,0.17621126786096666,0.09537915096850161,0.9092753804301897,0.5123485581176148,0.23036697529914793,
TE,star3,logit,ranked_top32,32,logit_exact,58,58,0.19297533434210026,0.10656533035949464,0.9145158728687973,0.45389190526699585,0.21430988341689997,
TE,star3,logit,draftcap_plus_top32,38,logit_exact,58,58,0.18928292001763133,0.10232448711378368,0.9197982635641373,0.4699570319284261,0.196099541665385,
TE,star3,logit,ranked_top48,48,logit_exact,58,58,0.17760096247946122,0.09674729083818595,0.9130526812345776,0.44053728328254355,0.2268602540834846,
TE,star3,logit,draftcap_plus_top48,54,logit_exact,58,58,0.179366462321576,0.09614946264087619,0.9167555784954815,0.4132404406024568,0.1868098065151189,
TE,star3,logit,ranked_top64,64,logit_exact,58,58,0.17736362637959993,0.09427710403823887,0.9139228361710787,0.3539120704992782,0.26801808729890186,
TE,star3,logit,draftcap_plus_top64,70,logit_exact,58,58,0.1729515091809477,0.08730805843640453,0.917222892870254,0.35621440298494306,0.2771232581746594,
TE,star3,logit,ranked_top96,96,logit_exact,58,58,0.21337224195797178,0.11273976394031962,0.9159325030261629,0.1899572082887322,0.2933649143314159,
TE,star3,logit,draftcap_plus_top96,102,logit_exact,58,58,0.20669879853705142,0.10839922790169935,0.9205158713249311,0.20143504441736484,0.27158632993940146,
TE,star3,logit,stage3__features,137,logit_exact,58,58,0.30391510146570777,0.2068682193516923,0.8185222351214878,0.24054507352005483,0.25386815958657605,
TE,star3,logit,stage3__features_b,833,logit_exact,58,58,0.2506580626366006,0.1398927506239787,0.8280870443740974,0.07465336722188004,0.20095973422744473,
TE,star3,logit,stage3__union,833,logit_exact,58,58,0.2506580626645889,0.13989275070391213,0.8280870447849734,0.07465336764770716,0.20095973422744473,
