season,week,game_id,team,y,v42,player_id,ridge_qb_h18_a100_centered0.5,candidate
2024,1,2024_01_ARI_BUF,ARI,8,7.251476431009521,00-0023853,6.667303813844016,6.667303813844016
2024,1,2024_01_ARI_BUF,BUF,10,8.926477345035305,00-0036162,8.472646682556768,8.472646682556768
2024,1,2024_01_BAL_KC,BAL,8,7.669592170599627,00-0029597,7.492080799182239,7.492080799182239
2024,1,2024_01_BAL_KC,KC,9,8.593930861495167,00-0033303,8.827198820966228,8.827198820966228
2024,1,2024_01_CAR_NO,CAR,5,8.032766694286405,00-0034173,8.276466927779419,8.276466927779419
2024,1,2024_01_CAR_NO,NO,22,8.304112282196257,00-0038905,8.389962071279585,8.389962071279585
2024,1,2024_01_DAL_CLE,CLE,7,7.805785277024212,00-0030098,7.925784753832163,7.925784753832163
2024,1,2024_01_DAL_CLE,DAL,21,7.510429818460886,00-0037692,7.025375324113812,7.025375324113812
2024,1,2024_01_DEN_SEA,DEN,11,7.351159805264652,00-0032569,7.310790569427814,7.310790569427814
2024,1,2024_01_DEN_SEA,SEA,10,8.50350400468364,00-0031492,8.483711583302446,8.483711583302446
2024,1,2024_01_GB_PHI,GB,11,8.0854479551359,00-0039649,8.25128755724005,8.25128755724005
2024,1,2024_01_GB_PHI,PHI,10,8.441708461045291,00-0033787,8.856450360279934,8.856450360279934
2024,1,2024_01_HOU_IND,HOU,17,8.99475414090137,00-0032726,8.926973982914134,8.926973982914134
2024,1,2024_01_HOU_IND,IND,3,8.020142965690136,00-0039576,8.303696762685183,8.303696762685183
2024,1,2024_01_JAX_MIA,JAX,7,7.904780560075506,00-0039409,7.742810714782518,7.742810714782518
2024,1,2024_01_JAX_MIA,MIA,10,8.254160757815333,00-0034794,8.010983039179804,8.010983039179804
2024,1,2024_01_LA_DET,DET,8,8.814672634784717,00-0039172,8.696744301989293,8.696744301989293
2024,1,2024_01_LA_DET,LA,9,8.165489130607671,00-0039750,8.290834220920788,8.290834220920788
2024,1,2024_01_LV_LAC,LAC,12,9.609026618130008,00-0037224,9.782746095256993,9.782746095256993
2024,1,2024_01_LV_LAC,LV,4,7.874888678895552,00-0034161,8.046520156152395,8.046520156152395
2024,1,2024_01_MIN_NYG,MIN,4,7.978194134755805,00-0039404,7.7572038222172734,7.7572038222172734
2024,1,2024_01_MIN_NYG,NYG,8,8.178775456265846,00-0026858,8.028980002910291,8.028980002910291
2024,1,2024_01_NE_CIN,CIN,6,8.935026707077498,00-0036854,8.7246648501115,8.7246648501115
2024,1,2024_01_NE_CIN,NE,10,7.09060244774183,00-0035192,7.630698999782342,7.630698999782342
2024,1,2024_01_NYJ_SF,NYJ,1,7.773315752938067,00-0029621,7.786758533288222,7.786758533288222
2024,1,2024_01_NYJ_SF,SF,26,7.726278345266367,00-0038562,7.86296919983932,7.86296919983932
2024,1,2024_01_PIT_ATL,ATL,4,9.108900894024485,00-0033702,9.292843176670264,9.292843176670264
2024,1,2024_01_PIT_ATL,PIT,26,7.72569828730318,00-0031136,7.710956370049791,7.710956370049791
2024,1,2024_01_TEN_CHI,CHI,13,8.47739938905594,00-0031203,8.799533147832465,8.799533147832465
2024,1,2024_01_TEN_CHI,TEN,6,7.655052227173877,00-0025565,7.4571278369956735,7.4571278369956735
2024,1,2024_01_WAS_TB,TB,15,8.723008902648171,00-0035358,8.4389494534371,8.4389494534371
2024,1,2024_01_WAS_TB,WAS,2,7.559600719687779,00-0038097,7.775105926256176,7.775105926256176
2024,2,2024_02_ATL_PHI,ATL,10,7.856880185829434,00-0033702,7.1596196590113,7.1596196590113
2024,2,2024_02_ATL_PHI,PHI,7,8.53353027608606,00-0033787,8.78267545303746,8.78267545303746
2024,2,2024_02_BUF_MIA,BUF,8,7.573205041876607,00-0036162,7.5367418074154084,7.5367418074154084
2024,2,2024_02_BUF_MIA,MIA,4,8.230624191193801,00-0034794,8.126891950370773,8.126891950370773
2024,2,2024_02_CHI_HOU,CHI,11,7.855414731638304,00-0031203,8.302094374277837,8.302094374277837
2024,2,2024_02_CHI_HOU,HOU,20,9.674866078141047,00-0032726,10.022492263625116,10.022492263625116
2024,2,2024_02_CIN_KC,CIN,16,7.380103491296781,00-0036854,7.0590982543394345,7.0590982543394345
2024,2,2024_02_CIN_KC,KC,10,8.662838334630178,00-0033303,8.689961905481466,8.689961905481466
2024,2,2024_02_CLE_JAX,CLE,13,7.584357087863263,00-0030098,7.310700216856577,7.310700216856577
2024,2,2024_02_CLE_JAX,JAX,7,8.427916162336537,00-0039409,8.292850807638915,8.292850807638915
2024,2,2024_02_IND_GB,GB,12,6.96068934992856,00-0039649,7.087823163499894,7.087823163499894
2024,2,2024_02_IND_GB,IND,4,7.9974383453804,00-0035269,8.166764638627148,8.166764638627148
2024,2,2024_02_LAC_CAR,CAR,3,7.327237574774971,00-0034173,7.460239913116826,7.460239913116826
2024,2,2024_02_LAC_CAR,LAC,10,8.719936516366742,00-0037224,8.509689895667577,8.509689895667577
2024,2,2024_02_LA_ARI,ARI,14,8.396896992862635,00-0023853,8.600374660653596,8.600374660653596
2024,2,2024_02_LA_ARI,LA,4,8.397808279638458,00-0039750,8.204255612554947,8.204255612554947
2024,2,2024_02_LV_BAL,BAL,13,9.140369214393544,00-0029597,9.178669185317865,9.178669185317865
2024,2,2024_02_LV_BAL,LV,18,6.724080839391471,00-0034161,6.4650250295275535,6.4650250295275535
2024,2,2024_02_NO_DAL,DAL,17,9.74990593933834,00-0037692,9.655495716042122,9.655495716042122
2024,2,2024_02_NO_DAL,NO,8,7.648936059679606,00-0038905,7.606094329013063,7.606094329013063
2024,2,2024_02_NYG_WAS,NYG,0,8.325312995013642,00-0026858,8.159999926742307,8.159999926742307
2024,2,2024_02_NYG_WAS,WAS,22,7.752848022136931,00-0035145,8.146912664302778,8.146912664302778
2024,2,2024_02_NYJ_TEN,NYJ,6,7.994520477512694,00-0029621,8.053171737117617,8.053171737117617
2024,2,2024_02_NYJ_TEN,TEN,6,7.148373622156746,00-0025565,7.379106148249422,7.379106148249422
2024,2,2024_02_PIT_DEN,DEN,6,7.44091586441238,00-0032569,7.761485756531529,7.761485756531529
2024,2,2024_02_PIT_DEN,PIT,9,8.279785739961874,00-0031136,8.18709352888767,8.18709352888767
2024,2,2024_02_SEA_NE,NE,8,7.770767802159399,00-0035192,7.6283965423308775,7.6283965423308775
2024,2,2024_02_SEA_NE,SEA,12,8.319202008666783,00-0031492,8.248285180617247,8.248285180617247
2024,2,2024_02_SF_MIN,MIN,11,7.787166146943987,00-0039404,8.079902391777203,8.079902391777203
2024,2,2024_02_SF_MIN,SF,5,9.082204066264172,00-0038562,8.831775953383717,8.831775953383717
2024,2,2024_02_TB_DET,DET,10,8.753890402822146,00-0039172,8.820001609596646,8.820001609596646
2024,2,2024_02_TB_DET,TB,10,8.192159034730553,00-0035358,8.176490599816148,8.176490599816148
2024,3,2024_03_BAL_DAL,BAL,4,9.496534284912858,00-0029597,9.535839110181719,9.535839110181719
2024,3,2024_03_BAL_DAL,DAL,11,9.2742214384326,00-0037692,8.91956645665122,8.91956645665122
2024,3,2024_03_CAR_LV,CAR,13,7.715358395642069,00-0034173,7.874608449651332,7.874608449651332
2024,3,2024_03_CAR_LV,LV,2,8.938110421954338,00-0034161,9.131181539890328,9.131181539890328
2024,3,2024_03_CHI_IND,CHI,6,8.63244439016116,00-0031203,8.589219709803746,8.589219709803746
2024,3,2024_03_CHI_IND,IND,3,8.791351447271552,00-0035269,9.306996838931425,9.306996838931425
2024,3,2024_03_DEN_TB,DEN,16,7.3304559136217184,00-0032569,7.315529041924288,7.315529041924288
2024,3,2024_03_DEN_TB,TB,1,8.604203056836107,00-0035358,8.419816663859507,8.419816663859507
2024,3,2024_03_DET_ARI,ARI,9,8.326978161000383,00-0023853,8.624399630674896,8.624399630674896
2024,3,2024_03_DET_ARI,DET,2,8.503115296641692,00-0039172,8.193455399978614,8.193455399978614
2024,3,2024_03_GB_TEN,GB,13,7.090305014196852,00-0039649,7.794669947217817,7.794669947217817
2024,3,2024_03_GB_TEN,TEN,2,8.012637505643205,00-0025565,7.903018286575134,7.903018286575134
2024,3,2024_03_HOU_MIN,HOU,1,9.443305487384702,00-0032726,9.23424031967255,9.23424031967255
2024,3,2024_03_HOU_MIN,MIN,12,7.630656999204094,00-0039404,8.137525011659728,8.137525011659728
2024,3,2024_03_JAX_BUF,BUF,12,8.127321390969682,00-0036162,8.185488203250667,8.185488203250667
2024,3,2024_03_JAX_BUF,JAX,5,7.906969237183294,00-0039409,7.493171197327232,7.493171197327232
2024,3,2024_03_KC_ATL,ATL,7,8.134832330008685,00-0033702,7.6770988721001086,7.6770988721001086
2024,3,2024_03_KC_ATL,KC,13,9.001231684437226,00-0033303,8.915488668682437,8.915488668682437
2024,3,2024_03_LAC_PIT,LAC,4,7.817292737999407,00-0037224,7.613262246864109,7.613262246864109
2024,3,2024_03_LAC_PIT,PIT,8,8.36632781839322,00-0031136,8.532346588970281,8.532346588970281
2024,3,2024_03_MIA_SEA,MIA,3,7.775004760586329,00-0034794,7.68001882946224,7.68001882946224
2024,3,2024_03_MIA_SEA,SEA,8,8.655390601498237,00-0031492,8.528131929709355,8.528131929709355
2024,3,2024_03_NE_NYJ,NE,4,7.070026901965605,00-0035192,6.966111660245161,6.966111660245161
2024,3,2024_03_NE_NYJ,NYJ,6,8.423230865750075,00-0029621,8.509596459759457,8.509596459759457
2024,3,2024_03_NYG_CLE,CLE,1,8.633916748549431,00-0030098,8.651144043373485,8.651144043373485
2024,3,2024_03_NYG_CLE,NYG,3,6.9158303367561205,00-0034450,6.914453540454986,6.914453540454986
2024,3,2024_03_PHI_NO,NO,6,8.834738174406903,00-0038905,8.556776238979745,8.556776238979745
2024,3,2024_03_PHI_NO,PHI,1,8.456606936371395,00-0033787,8.493346659576698,8.493346659576698
2024,3,2024_03_SF_LA,LA,9,7.691285339564779,00-0039750,7.502814733056882,7.502814733056882
2024,3,2024_03_SF_LA,SF,6,9.246383124013128,00-0038562,9.041831073620092,9.041831073620092
2024,3,2024_03_WAS_CIN,CIN,9,9.404789790585486,00-0036854,9.423513843721533,9.423513843721533
2024,3,2024_03_WAS_CIN,WAS,9,7.080536603628778,00-0035145,7.666731999744333,7.666731999744333
2024,4,2024_04_BUF_BAL,BAL,5,8.688416216928596,00-0029597,8.592478140897342,8.592478140897342
2024,4,2024_04_BUF_BAL,BUF,6,7.219652231826,00-0036162,7.075200689224406,7.075200689224406
2024,4,2024_04_CIN_CAR,CAR,7,7.514652836835616,00-0034173,7.757902833371677,7.757902833371677
2024,4,2024_04_CIN_CAR,CIN,13,8.562912347699585,00-0036854,8.47982073394108,8.47982073394108
2024,4,2024_04_CLE_LV,CLE,6,8.793239932036222,00-0030098,8.755114096359952,8.755114096359952
2024,4,2024_04_CLE_LV,LV,10,7.970448494430816,00-0034161,7.957719779036711,7.957719779036711
2024,4,2024_04_DAL_NYG,DAL,11,9.365313192497243,00-0037692,9.11212024409671,9.11212024409671
2024,4,2024_04_DAL_NYG,NYG,19,7.293250643774172,00-0034450,7.4779803254910915,7.4779803254910915
2024,4,2024_04_DEN_NYJ,DEN,5,6.742740545831866,00-0032569,7.0286528655781355,7.0286528655781355
2024,4,2024_04_DEN_NYJ,NYJ,10,8.294738051598683,00-0029621,8.148507472359817,8.148507472359817
2024,4,2024_04_JAX_HOU,HOU,6,9.944701808311958,00-0032726,9.700523663229733,9.700523663229733
2024,4,2024_04_JAX_HOU,JAX,11,7.962021940758226,00-0039409,8.247107392017108,8.247107392017108
2024,4,2024_04_KC_LAC,KC,5,9.543402337910951,00-0033303,9.422427547214365,9.422427547214365
2024,4,2024_04_KC_LAC,LAC,6,7.709760484286143,00-0037224,7.40360628007529,7.40360628007529
2024,4,2024_04_LA_CHI,CHI,7,8.542038657465682,00-0031203,8.795453515320641,8.795453515320641
2024,4,2024_04_LA_CHI,LA,15,7.04223456159506,00-0039750,6.774826603567857,6.774826603567857
2024,4,2024_04_MIN_GB,GB,3,7.696408847716781,00-0039649,8.249791099737351,8.249791099737351
2024,4,2024_04_MIN_GB,MIN,7,7.194010614615342,00-0039404,7.236058309222193,7.236058309222193
2024,4,2024_04_NE_SF,NE,11,6.700365317373078,00-0035192,6.518685380030869,6.518685380030869
2024,4,2024_04_NE_SF,SF,13,9.07133451142402,00-0038562,9.39289274615623,9.39289274615623
2024,4,2024_04_NO_ATL,ATL,20,8.958678342367119,00-0033702,8.47732587866546,8.47732587866546
2024,4,2024_04_NO_ATL,NO,7,8.000801037056956,00-0038905,7.994548647351555,7.994548647351555
2024,4,2024_04_PHI_TB,PHI,2,7.685664953683913,00-0033787,7.793311093665537,7.793311093665537
2024,4,2024_04_PHI_TB,TB,11,8.039437604708159,00-0035358,7.661799680769352,7.661799680769352
2024,4,2024_04_PIT_IND,IND,9,8.042479059985443,00-0035269,8.274643068016042,8.274643068016042
2024,4,2024_04_PIT_IND,PIT,8,8.632118486057536,00-0031136,8.148473823623481,8.148473823623481
2024,4,2024_04_SEA_DET,DET,6,8.377840316256773,00-0039172,8.340397072284123,8.340397072284123
2024,4,2024_04_SEA_DET,SEA,3,8.202216499064626,00-0031492,8.003998387673311,8.003998387673311
2024,4,2024_04_TEN_MIA,MIA,9,7.930440368996306,00-0034794,7.885576384992605,7.885576384992605
2024,4,2024_04_TEN_MIA,TEN,24,7.729437237185868,00-0025565,8.35021940053209,8.35021940053209
2024,4,2024_04_WAS_ARI,ARI,2,9.495458317280033,00-0023853,9.533179760721662,9.533179760721662
2024,4,2024_04_WAS_ARI,WAS,11,7.708998553112154,00-0035145,8.064871435447147,8.064871435447147
2024,5,2024_05_ARI_SF,ARI,11,6.617543879674514,00-0038567,6.852993596326023,6.852993596326023
2024,5,2024_05_ARI_SF,SF,8,8.882198596745928,00-0038562,8.759916956431683,8.759916956431683
2024,5,2024_05_BAL_CIN,BAL,13,8.643660157492777,00-0029597,8.616995175123101,8.616995175123101
2024,5,2024_05_BAL_CIN,CIN,4,7.837131708792074,00-0036854,7.636188602696704,7.636188602696704
2024,5,2024_05_BUF_HOU,BUF,8,7.91957434262048,00-0036162,8.063432764334042,8.063432764334042
2024,5,2024_05_BUF_HOU,HOU,16,8.968293919833432,00-0032726,8.626233549539993,8.626233549539993
2024,5,2024_05_CAR_CHI,CAR,4,7.632953944351408,00-0034173,7.781828579465109,7.781828579465109
2024,5,2024_05_CAR_CHI,CHI,6,8.717232020973478,00-0031203,8.87504012969571,8.87504012969571
2024,5,2024_05_CLE_WAS,CLE,9,8.176442592331144,00-0030098,7.644486891399151,7.644486891399151
2024,5,2024_05_CLE_WAS,WAS,10,7.900422096782971,00-0035145,8.354473781906158,8.354473781906158
2024,5,2024_05_DAL_PIT,DAL,10,8.10239492917237,00-0037692,7.907671463354969,7.907671463354969
2024,5,2024_05_DAL_PIT,PIT,6,8.335004946097268,00-0031136,8.431586648618008,8.431586648618008
2024,5,2024_05_GB_LA,GB,7,8.594334825148906,00-0039649,8.641683676170436,8.641683676170436
2024,5,2024_05_GB_LA,LA,1,8.156013254686368,00-0039750,8.114169115626591,8.114169115626591
2024,5,2024_05_IND_JAX,IND,10,7.747856005802127,00-0035269,7.611715900246381,7.611715900246381
2024,5,2024_05_IND_JAX,JAX,14,8.794299437214052,00-0039409,9.026844449599498,9.026844449599498
2024,5,2024_05_LV_DEN,DEN,13,7.971794988510925,00-0032569,8.222390212943658,8.222390212943658
2024,5,2024_05_LV_DEN,LV,5,7.474692067526491,00-0034161,7.468712691025932,7.468712691025932
2024,5,2024_05_MIA_NE,MIA,12,8.6447573265027,00-0034794,8.99759674000478,8.99759674000478
2024,5,2024_05_MIA_NE,NE,4,8.046861277889398,00-0035192,8.042206781066858,8.042206781066858
2024,5,2024_05_NO_KC,KC,14,9.061553214239822,00-0033303,8.900087122589865,8.900087122589865
2024,5,2024_05_NO_KC,NO,1,7.375020790288881,00-0038905,7.140567613269957,7.140567613269957
2024,5,2024_05_NYG_SEA,NYG,11,7.322644388526484,00-0034450,7.531568400881373,7.531568400881373
2024,5,2024_05_NYG_SEA,SEA,10,8.719293361172383,00-0031492,8.643107855965848,8.643107855965848
2024,5,2024_05_NYJ_MIN,MIN,16,7.732777976201972,00-0039404,8.04684641369781,8.04684641369781
2024,5,2024_05_NYJ_MIN,NYJ,5,7.773616738066481,00-0029621,7.613450200996138,7.613450200996138
2024,5,2024_05_TB_ATL,ATL,17,9.219526934564866,00-0033702,8.866787726728171,8.866787726728171
2024,5,2024_05_TB_ATL,TB,16,8.803861045465654,00-0035358,8.75317372697141,8.75317372697141
2024,6,2024_06_ARI_GB,ARI,8,6.887178990513936,00-0038567,7.108472525605707,7.108472525605707
2024,6,2024_06_ARI_GB,GB,11,8.585838710106646,00-0039649,8.403080215776152,8.403080215776152
2024,6,2024_06_ATL_CAR,ATL,12,9.27049098378628,00-0033702,9.09176862057652,9.09176862057652
2024,6,2024_06_ATL_CAR,CAR,9,7.291658172365632,00-0034173,7.5155189899353445,7.5155189899353445
2024,6,2024_06_BUF_NYJ,BUF,5,7.339827786952711,00-0036162,7.334748406512075,7.334748406512075
2024,6,2024_06_BUF_NYJ,NYJ,8,7.842231701051851,00-0029621,7.457096218713732,7.457096218713732
2024,6,2024_06_CIN_NYG,CIN,5,8.424364899233657,00-0036854,8.404450598880137,8.404450598880137
2024,6,2024_06_CIN_NYG,NYG,1,7.698489348746831,00-0034450,7.946127156083026,7.946127156083026
2024,6,2024_06_CLE_PHI,CLE,12,7.621510791465843,00-0030098,7.132341876679954,7.132341876679954
2024,6,2024_06_CLE_PHI,PHI,10,8.567899888792354,00-0033787,8.908158282229051,8.908158282229051
2024,6,2024_06_DET_DAL,DAL,12,9.144890169850962,00-0037692,8.94527220727226,8.94527220727226
2024,6,2024_06_DET_DAL,DET,19,8.336046171739245,00-0039172,8.26862957942787,8.26862957942787
2024,6,2024_06_HOU_NE,HOU,12,9.456764744781214,00-0032726,9.454252290221696,9.454252290221696
2024,6,2024_06_HOU_NE,NE,3,7.050940885992715,00-0035192,7.267798324680571,7.267798324680571
2024,6,2024_06_IND_TEN,IND,8,7.15535193333487,00-0035269,7.274880498589614,7.274880498589614
2024,6,2024_06_IND_TEN,TEN,6,8.341638731195184,00-0025565,8.468562190433971,8.468562190433971
2024,6,2024_06_JAX_CHI,CHI,5,7.899195319505519,00-0031203,8.130629998128748,8.130629998128748
2024,6,2024_06_JAX_CHI,JAX,4,8.209559166487875,00-0039409,8.202299841670598,8.202299841670598
2024,6,2024_06_LAC_DEN,DEN,5,7.124965957900874,00-0032569,7.502156559512919,7.502156559512919
2024,6,2024_06_LAC_DEN,LAC,12,8.434331518707662,00-0037224,8.297936379439323,8.297936379439323
2024,6,2024_06_PIT_LV,LV,1,8.07380659358784,00-0034161,7.944394201083912,7.944394201083912
2024,6,2024_06_PIT_LV,PIT,17,8.374407885653149,00-0031136,8.862226880742828,8.862226880742828
2024,6,2024_06_SF_SEA,SEA,6,7.601291801766232,00-0031492,7.407891472208462,7.407891472208462
2024,6,2024_06_SF_SEA,SF,13,8.570240192170067,00-0035189,8.405739536713128,8.405739536713128
2024,6,2024_06_TB_NO,NO,10,8.075050588694424,00-0038905,7.819289943399025,7.819289943399025
2024,6,2024_06_TB_NO,TB,9,9.454140101694534,00-0035358,9.464640647769997,9.464640647769997
2024,6,2024_06_WAS_BAL,BAL,13,8.74120555785597,00-0029597,8.431178419236467,8.431178419236467
2024,6,2024_06_WAS_BAL,WAS,15,6.936799844851272,00-0035145,7.06057657726226,7.06057657726226
2024,7,2024_07_BAL_TB,BAL,13,8.810738099420252,00-0029597,8.758628661618104,8.758628661618104
2024,7,2024_07_BAL_TB,TB,5,7.847709278715628,00-0035358,7.730549790231382,7.730549790231382
2024,7,2024_07_CAR_WAS,CAR,1,7.045720351320226,00-0034173,6.922509414863783,6.922509414863783
2024,7,2024_07_CAR_WAS,WAS,17,8.875671530514111,00-0035145,9.343774904972328,9.343774904972328
2024,7,2024_07_CIN_CLE,CIN,3,8.208339673251292,00-0036854,8.180318460814807,8.180318460814807
2024,7,2024_07_CIN_CLE,CLE,0,7.693762357039914,00-0030098,7.836204635222981,7.836204635222981
2024,7,2024_07_DEN_NO,DEN,18,8.458840471551312,00-0032569,8.487848549998667,8.487848549998667
2024,7,2024_07_DEN_NO,NO,4,7.928199837527375,00-0038905,8.06332125027167,8.06332125027167
2024,7,2024_07_DET_MIN,DET,8,8.086810014814427,00-0039172,7.760974485952038,7.760974485952038
2024,7,2024_07_DET_MIN,MIN,15,9.072792344899598,00-0039404,9.513698255013718,9.513698255013718
2024,7,2024_07_HOU_GB,GB,7,8.853094174860194,00-0029822,8.809204131894992,8.809204131894992
2024,7,2024_07_HOU_GB,HOU,12,7.966814216404342,00-0032726,7.849317690096038,7.849317690096038
2024,7,2024_07_KC_SF,KC,4,8.037160188202881,00-0033303,7.879731540360164,7.879731540360164
2024,7,2024_07_KC_SF,SF,8,7.853305163730616,00-0038402,7.671974483217408,7.671974483217408
2024,7,2024_07_LAC_ARI,ARI,5,7.575302467428759,00-0038567,8.035453599342848,8.035453599342848
2024,7,2024_07_LAC_ARI,LAC,21,8.80001699440147,00-0037224,8.467323750045528,8.467323750045528
2024,7,2024_07_LV_LA,LA,2,8.971944045459018,00-0039750,9.157345774536733,9.157345774536733
2024,7,2024_07_LV_LA,LV,16,8.037724363295796,00-0034161,7.8667574358064885,7.8667574358064885
2024,7,2024_07_MIA_IND,IND,12,8.473199654502684,00-0035269,8.070753897412022,8.070753897412022
2024,7,2024_07_MIA_IND,MIA,4,8.843994975357774,00-0034794,9.192755801563413,9.192755801563413
2024,7,2024_07_NE_JAX,JAX,6,8.541971196512536,00-0039409,8.176521637745145,8.176521637745145
2024,7,2024_07_NE_JAX,NE,5,7.163411322588427,00-0035192,7.528592232704937,7.528592232704937
2024,7,2024_07_NYJ_PIT,NYJ,1,8.075554672924344,00-0029621,7.896228394069007,7.896228394069007
2024,7,2024_07_NYJ_PIT,PIT,14,7.296637129354244,00-0031136,7.65032709183163,7.65032709183163
2024,7,2024_07_PHI_NYG,NYG,3,7.767029117305419,00-0034450,7.598201804112398,7.598201804112398
2024,7,2024_07_PHI_NYG,PHI,4,7.987384854437422,00-0033787,8.12854554911392,8.12854554911392
2024,7,2024_07_SEA_ATL,ATL,2,8.955272424893055,00-0033702,8.673081434709662,8.673081434709662
2024,7,2024_07_SEA_ATL,SEA,12,8.578389119958402,00-0031492,8.734979282431002,8.734979282431002
2024,7,2024_07_TEN_BUF,BUF,10,8.201700728495071,00-0036162,8.254046632892669,8.254046632892669
2024,7,2024_07_TEN_BUF,TEN,4,7.107416117302792,00-0025565,6.876936313623902,6.876936313623902
2024,8,2024_08_ARI_MIA,ARI,10,6.976148569503515,00-0038567,7.638657547987401,7.638657547987401
2024,8,2024_08_ARI_MIA,MIA,11,8.821780775978617,00-0034794,8.682341968433697,8.682341968433697
2024,8,2024_08_ATL_TB,ATL,7,8.493473627460148,00-0033702,7.821202460934409,7.821202460934409
2024,8,2024_08_ATL_TB,TB,8,8.308802839463684,00-0035358,8.426637427578951,8.426637427578951
2024,8,2024_08_BAL_CLE,BAL,7,8.717359536286793,00-0029597,9.762170154150448,9.762170154150448
2024,8,2024_08_BAL_CLE,CLE,12,7.469902237724981,00-0030098,6.971962227814988,6.971962227814988
2024,8,2024_08_BUF_SEA,BUF,7,7.474231175401804,00-0036162,7.557038069771364,7.557038069771364
2024,8,2024_08_BUF_SEA,SEA,4,7.588181192124962,00-0031492,7.12612466276855,7.12612466276855
2024,8,2024_08_CAR_DEN,CAR,2,6.200744902954416,00-0034173,5.934244761818709,5.934244761818709
2024,8,2024_08_CAR_DEN,DEN,4,9.22959665786123,00-0032569,9.59821596525654,9.59821596525654
2024,8,2024_08_CHI_WAS,CHI,1,7.567981931271082,00-0031203,7.9644165510437,7.9644165510437
2024,8,2024_08_CHI_WAS,WAS,13,8.004130914361236,00-0035145,8.065286080398137,8.065286080398137
2024,8,2024_08_DAL_SF,DAL,6,8.354128309437149,00-0037692,7.6139874330457396,7.6139874330457396
2024,8,2024_08_DAL_SF,SF,16,8.183525893296526,00-0038402,8.423211174940567,8.423211174940567
2024,8,2024_08_GB_JAX,GB,12,9.02398126318448,00-0029822,8.641318139273451,8.641318139273451
2024,8,2024_08_GB_JAX,JAX,10,7.399420756025936,00-0039409,7.402198258516592,7.402198258516592
2024,8,2024_08_IND_HOU,HOU,11,9.328574300295402,00-0032726,8.843166827822436,8.843166827822436
2024,8,2024_08_IND_HOU,IND,9,7.737608899797524,00-0035269,8.064576923078222,8.064576923078222
2024,8,2024_08_KC_LV,KC,10,9.058016633850448,00-0033303,9.152325082345397,9.152325082345397
2024,8,2024_08_KC_LV,LV,10,7.901098003549645,00-0034161,7.3580351693099635,7.3580351693099635
2024,8,2024_08_MIN_LA,LA,4,7.946135067827984,00-0039750,7.766863008283955,7.766863008283955
2024,8,2024_08_MIN_LA,MIN,8,9.0721376196065,00-0039404,9.251545803676633,9.251545803676633
2024,8,2024_08_NO_LAC,LAC,9,9.761745196229962,00-0037224,9.969178812711512,9.969178812711512
2024,8,2024_08_NO_LAC,NO,8,8.121613077185824,00-0038905,8.475181435722662,8.475181435722662
2024,8,2024_08_NYG_PIT,NYG,14,7.325221782190245,00-0034450,7.198733139332581,7.198733139332581
2024,8,2024_08_NYG_PIT,PIT,14,7.768522428767541,00-0031136,8.15801367876315,8.15801367876315
2024,8,2024_08_NYJ_NE,NE,5,6.982474389268475,00-0035192,7.411950057117934,7.411950057117934
2024,8,2024_08_NYJ_NE,NYJ,4,8.730664280780722,00-0029621,8.22736056934578,8.22736056934578
2024,8,2024_08_PHI_CIN,CIN,5,8.195918120322268,00-0036854,8.014282793240627,8.014282793240627
2024,8,2024_08_PHI_CIN,PHI,15,7.620428067332135,00-0033787,7.793001628551915,7.793001628551915
2024,8,2024_08_TEN_DET,DET,12,9.18882609267582,00-0039172,9.1409728054845,9.1409728054845
2024,8,2024_08_TEN_DET,TEN,2,7.308267909339425,00-0025565,7.406441832835967,7.406441832835967
2024,9,2024_09_CHI_ARI,ARI,11,7.749826020530925,00-0038567,7.965514986195789,7.965514986195789
2024,9,2024_09_CHI_ARI,CHI,13,8.115908053158947,00-0031203,8.104134889517951,8.104134889517951
2024,9,2024_09_DAL_ATL,ATL,3,8.964734516981267,00-0033702,8.725595965858599,8.725595965858599
2024,9,2024_09_DAL_ATL,DAL,9,9.462389284783711,00-0037692,9.254732531573717,9.254732531573717
2024,9,2024_09_DEN_BAL,BAL,11,8.948759229510923,00-0029597,9.013289974153972,9.013289974153972
2024,9,2024_09_DEN_BAL,DEN,4,7.024573681267903,00-0032569,7.147533075543722,7.147533075543722
2024,9,2024_09_DET_GB,DET,6,7.750081094881377,00-0039172,7.732481812388169,7.732481812388169
2024,9,2024_09_DET_GB,GB,6,7.988466159044432,00-0029822,8.175741276378076,8.175741276378076
2024,9,2024_09_HOU_NYJ,HOU,9,7.968803232924669,00-0032726,7.863466124524296,7.863466124524296
2024,9,2024_09_HOU_NYJ,NYJ,3,7.60379010585621,00-0036816,7.624895761031205,7.624895761031205
2024,9,2024_09_IND_MIN,IND,10,7.837545853147642,00-0035269,8.013900122967119,8.013900122967119
2024,9,2024_09_IND_MIN,MIN,3,9.450000035367555,00-0039404,9.140285509571795,9.140285509571795
2024,9,2024_09_JAX_PHI,JAX,1,6.770568241191227,00-0039409,6.632110697554635,6.632110697554635
2024,9,2024_09_JAX_PHI,PHI,5,8.4164054412315,00-0033787,8.4491403867276,8.4491403867276
2024,9,2024_09_LAC_CLE,CLE,4,7.777516742455642,00-0030098,7.807624705553878,7.807624705553878
2024,9,2024_09_LAC_CLE,LAC,3,7.980766536449995,00-0037224,7.68166287640511,7.68166287640511
2024,9,2024_09_LA_SEA,LA,8,8.286742848846043,00-0039750,8.034267092811183,8.034267092811183
2024,9,2024_09_LA_SEA,SEA,2,8.197860161701998,00-0031492,8.311188055754133,8.311188055754133
2024,9,2024_09_LV_CIN,CIN,12,9.114698363537986,00-0036854,8.907453688539967,8.907453688539967
2024,9,2024_09_LV_CIN,LV,7,7.777710612908861,00-0034161,7.638182011416157,7.638182011416157
2024,9,2024_09_MIA_BUF,BUF,14,8.15354595955394,00-0036162,8.151223380636294,8.151223380636294
2024,9,2024_09_MIA_BUF,MIA,9,7.83190811674919,00-0034794,7.373674356477784,7.373674356477784
2024,9,2024_09_NE_TEN,NE,7,6.995714879448619,00-0035192,6.979330605957356,6.979330605957356
2024,9,2024_09_NE_TEN,TEN,8,8.42376152933406,00-0025565,8.8680137860427,8.8680137860427
2024,9,2024_09_NO_CAR,CAR,6,7.254172190017898,00-0034173,8.493452498320547,8.493452498320547
2024,9,2024_09_NO_CAR,NO,12,8.922051477305208,00-0038905,9.186753465377194,9.186753465377194
2024,9,2024_09_TB_KC,KC,7,9.08114364562745,00-0033303,8.725558113715222,8.725558113715222
2024,9,2024_09_TB_KC,TB,7,7.361461493744844,00-0035358,6.932764984628612,6.932764984628612
2024,9,2024_09_WAS_NYG,NYG,4,7.318540565342309,00-0039934,7.027137029620293,7.027137029620293
2024,9,2024_09_WAS_NYG,WAS,9,7.9568903108695554,00-0035145,8.52522661852881,8.52522661852881
2024,10,2024_10_ATL_NO,ATL,5,8.989443087490141,00-0033702,8.74392293192809,8.74392293192809
2024,10,2024_10_ATL_NO,NO,8,8.079784158062019,00-0038905,8.200061170632976,8.200061170632976
2024,10,2024_10_BUF_IND,BUF,13,8.41205768510097,00-0036162,8.665215360297214,8.665215360297214
2024,10,2024_10_BUF_IND,IND,8,8.579133849386162,00-0035269,8.041010907932598,8.041010907932598
2024,10,2024_10_CIN_BAL,BAL,3,8.671430315602503,00-0029597,9.009993189838728,9.009993189838728
2024,10,2024_10_CIN_BAL,CIN,4,7.622455384672483,00-0036854,7.304126452193502,7.304126452193502
2024,10,2024_10_DEN_KC,DEN,2,6.856983216754569,00-0032569,6.878898479719282,6.878898479719282
2024,10,2024_10_DEN_KC,KC,10,8.655130654421011,00-0033303,8.365604658022473,8.365604658022473
2024,10,2024_10_DET_HOU,DET,12,8.955488030972894,00-0039172,8.939815140681548,8.939815140681548
2024,10,2024_10_DET_HOU,HOU,13,8.556107369075248,00-0032726,8.742617810410595,8.742617810410595
2024,10,2024_10_MIA_LA,LA,19,8.675000618246449,00-0039750,8.355912239678862,8.355912239678862
2024,10,2024_10_MIA_LA,MIA,15,8.263165729364149,00-0034794,8.370196931340283,8.370196931340283
2024,10,2024_10_MIN_JAX,JAX,1,6.815212480036689,00-0039409,6.795989542693548,6.795989542693548
2024,10,2024_10_MIN_JAX,MIN,13,8.585318408171624,00-0037542,8.407205293319171,8.407205293319171
2024,10,2024_10_NE_CHI,CHI,3,8.979377081189368,00-0031203,8.611232076159062,8.611232076159062
2024,10,2024_10_NE_CHI,NE,13,7.09456485309221,00-0035192,7.573121724315421,7.573121724315421
2024,10,2024_10_NYG_CAR,CAR,10,6.8593420571144,00-0034173,7.260578371412661,7.260578371412661
2024,10,2024_10_NYG_CAR,NYG,6,9.346434202413324,00-0026858,9.183293294263567,9.183293294263567
2024,10,2024_10_NYJ_ARI,ARI,7,7.30117391965666,00-0038567,7.7534934711708265,7.7534934711708265
2024,10,2024_10_NYJ_ARI,NYJ,7,7.809989917318919,00-0039576,7.693680420260163,7.693680420260163
2024,10,2024_10_PHI_DAL,DAL,7,8.344079613049443,00-0037692,7.950685673430379,7.950685673430379
2024,10,2024_10_PHI_DAL,PHI,10,8.759943856832479,00-0033787,9.615204537025964,9.615204537025964
2024,10,2024_10_PIT_WAS,PIT,4,7.563898089974445,00-0031136,7.133816428403655,7.133816428403655
2024,10,2024_10_PIT_WAS,WAS,11,7.889434429948124,00-0033862,8.544851612803054,8.544851612803054
2024,10,2024_10_SF_TB,SF,12,8.585497835673106,00-0038562,8.399302418264824,8.399302418264824
2024,10,2024_10_SF_TB,TB,8,7.625924086424947,00-0035358,7.295205427618277,7.295205427618277
2024,10,2024_10_TEN_LAC,LAC,9,8.751312052940644,00-0037224,8.692213505493092,8.692213505493092
2024,10,2024_10_TEN_LAC,TEN,5,7.8267801782777635,00-0025565,7.927214091952925,7.927214091952925
2024,11,2024_11_ATL_DEN,ATL,9,7.628155223626116,00-0033702,7.202247337591507,7.202247337591507
2024,11,2024_11_ATL_DEN,DEN,9,7.927495540086854,00-0032569,8.389586034670668,8.389586034670668
2024,11,2024_11_BAL_PIT,BAL,6,8.40808316542688,00-0029597,8.781073710193155,8.781073710193155
2024,11,2024_11_BAL_PIT,PIT,24,7.781212109121743,00-0031136,7.526945047793771,7.526945047793771
2024,11,2024_11_CIN_LAC,CIN,9,8.493713941005618,00-0036854,8.536424107766326,8.536424107766326
2024,11,2024_11_CIN_LAC,LAC,12,8.496415175448366,00-0037224,8.725930887974382,8.725930887974382
2024,11,2024_11_CLE_NO,CLE,0,8.929935140861483,00-0030098,8.901471068356127,8.901471068356127
2024,11,2024_11_CLE_NO,NO,5,7.708185152689394,00-0038905,7.646992756934806,7.646992756934806
2024,11,2024_11_GB_CHI,CHI,9,7.516143431796577,00-0031203,7.56545768811923,7.56545768811923
2024,11,2024_11_GB_CHI,GB,2,8.928721732848516,00-0029822,8.82995427374358,8.82995427374358
2024,11,2024_11_HOU_DAL,DAL,6,8.720886578045343,00-0037692,8.647084205979835,8.647084205979835
2024,11,2024_11_HOU_DAL,HOU,10,9.534619766126724,00-0032726,10.077609960653065,10.077609960653065
2024,11,2024_11_IND_NYJ,IND,14,8.032035865314526,00-0035269,7.903706576336504,7.903706576336504
2024,11,2024_11_IND_NYJ,NYJ,11,8.540258198698137,00-0038402,8.412248165255654,8.412248165255654
2024,11,2024_11_JAX_DET,DET,12,9.981161217552074,00-0039172,9.808486212614259,9.808486212614259
2024,11,2024_11_JAX_DET,JAX,8,7.175333363893204,00-0039409,7.223842545207847,7.223842545207847
2024,11,2024_11_KC_BUF,BUF,6,8.18935969743001,00-0036162,8.107464871041287,8.107464871041287
2024,11,2024_11_KC_BUF,KC,3,7.668909336878309,00-0039576,7.431328390056327,7.431328390056327
2024,11,2024_11_LA_NE,LA,4,8.713420020215914,00-0039750,7.8782568160164335,7.8782568160164335
2024,11,2024_11_LA_NE,NE,11,7.4054456636842785,00-0035192,7.975960228977382,7.975960228977382
2024,11,2024_11_LV_MIA,LV,7,7.2389871018644545,00-0034161,7.070461874852821,7.070461874852821
2024,11,2024_11_LV_MIA,MIA,11,8.888252915598867,00-0034794,9.223263922114558,9.223263922114558
2024,11,2024_11_MIN_TEN,MIN,6,8.661634122181535,00-0037542,8.67243903721756,8.67243903721756
2024,11,2024_11_MIN_TEN,TEN,8,7.035494561163379,00-0025565,6.9025371656829355,6.9025371656829355
2024,11,2024_11_SEA_SF,SEA,12,7.445614338297652,00-0031492,7.0343374656016175,7.0343374656016175
2024,11,2024_11_SEA_SF,SF,5,8.617385339139926,00-0038562,8.80159545237684,8.80159545237684
2024,11,2024_11_WAS_PHI,PHI,8,8.189002270628842,00-0033787,8.281834482183362,8.281834482183362
2024,11,2024_11_WAS_PHI,WAS,5,7.216807148884968,00-0033862,7.514127833197849,7.514127833197849
2024,12,2024_12_ARI_SEA,ARI,6,7.631215363467102,00-0038567,7.604817585569225,7.604817585569225
2024,12,2024_12_ARI_SEA,SEA,6,8.312069168319788,00-0031492,8.352654766974597,8.352654766974597
2024,12,2024_12_BAL_LAC,BAL,7,9.165927161299564,00-0029597,9.432273944790529,9.432273944790529
2024,12,2024_12_BAL_LAC,LAC,16,7.871643233658176,00-0037224,7.981060965788962,7.981060965788962
2024,12,2024_12_DAL_WAS,DAL,12,8.041123530844239,00-0037692,7.693540883449323,7.693540883449323
2024,12,2024_12_DAL_WAS,WAS,9,8.699414039455016,00-0035145,9.3573062382054,9.3573062382054
2024,12,2024_12_DEN_LV,DEN,22,8.431127979091174,00-0032569,8.687768366218679,8.687768366218679
2024,12,2024_12_DEN_LV,LV,15,7.638501422120532,00-0034161,7.591703775619509,7.591703775619509
2024,12,2024_12_DET_IND,DET,8,9.417192076484657,00-0039172,9.134968172415613,9.134968172415613
2024,12,2024_12_DET_IND,IND,6,8.329265174966409,00-0035269,8.628234792056796,8.628234792056796
2024,12,2024_12_KC_CAR,CAR,13,6.417988541737603,00-0034173,6.383652684811772,6.383652684811772
2024,12,2024_12_KC_CAR,KC,13,9.071090795228212,00-0039576,9.119416695980064,9.119416695980064
2024,12,2024_12_MIN_CHI,CHI,9,7.467254346903705,00-0031203,7.548864090899955,7.548864090899955
2024,12,2024_12_MIN_CHI,MIN,13,8.284486267680984,00-0037542,8.369776696630236,8.369776696630236
2024,12,2024_12_NE_MIA,MIA,12,8.755700512042914,00-0034794,8.278533074327099,8.278533074327099
2024,12,2024_12_NE_MIA,NE,1,7.387546920777771,00-0035192,7.64090444850614,7.64090444850614
2024,12,2024_12_PHI_LA,LA,2,7.684655944759985,00-0039750,7.5602228220672805,7.5602228220672805
2024,12,2024_12_PHI_LA,PHI,13,8.615066812905033,00-0033787,9.056361850554255,9.056361850554255
2024,12,2024_12_PIT_CLE,CLE,4,7.1909287383340255,00-0030098,7.155789658272859,7.155789658272859
2024,12,2024_12_PIT_CLE,PIT,8,8.1047012147011,00-0031136,7.811306573401067,7.811306573401067
2024,12,2024_12_SF_GB,GB,10,8.508761411452799,00-0029822,7.947531748522116,7.947531748522116
2024,12,2024_12_SF_GB,SF,5,6.955797470670793,00-0038562,6.866067803929364,6.866067803929364
2024,12,2024_12_TB_NYG,NYG,1,7.323653952655342,00-0026858,7.104386819406739,7.104386819406739
2024,12,2024_12_TB_NYG,TB,6,8.693398390757908,00-0035358,8.529133092473653,8.529133092473653
2024,12,2024_12_TEN_HOU,HOU,11,9.235509261638075,00-0032726,9.307317383212446,9.307317383212446
2024,12,2024_12_TEN_HOU,TEN,18,7.605986580144836,00-0025565,7.696411378014065,7.696411378014065
2024,13,2024_13_ARI_MIN,ARI,17,7.365011646638466,00-0038567,7.5092300637801275,7.5092300637801275
2024,13,2024_13_ARI_MIN,MIN,14,8.64110001815382,00-0037542,8.747284531804112,8.747284531804112
2024,13,2024_13_CHI_DET,CHI,2,7.62360068370022,00-0031203,7.911221495072087,7.911221495072087
2024,13,2024_13_CHI_DET,DET,12,9.995776199904338,00-0039172,9.87773282557369,9.87773282557369
2024,13,2024_13_CLE_DEN,CLE,7,7.082182267268706,00-0030098,6.909830636177168,6.909830636177168
2024,13,2024_13_CLE_DEN,DEN,11,8.416351198105005,00-0032569,8.44565155339846,8.44565155339846
2024,13,2024_13_HOU_JAX,HOU,13,9.176568436044024,00-0032726,9.066246279145435,9.066246279145435
2024,13,2024_13_HOU_JAX,JAX,6,7.68807334319796,00-0039409,7.594925234929713,7.594925234929713
2024,13,2024_13_IND_NE,IND,5,8.41221699220514,00-0035269,8.041912502382608,8.041912502382608
2024,13,2024_13_IND_NE,NE,12,7.70206346789875,00-0035192,7.756397484113188,7.756397484113188
2024,13,2024_13_LAC_ATL,ATL,8,8.61960456219244,00-0033702,8.452840477072552,8.452840477072552
2024,13,2024_13_LAC_ATL,LAC,12,8.985722334615684,00-0037224,9.458979599527366,9.458979599527366
2024,13,2024_13_LA_NO,LA,3,8.527635727817017,00-0039750,8.678465698758062,8.678465698758062
2024,13,2024_13_LA_NO,NO,10,7.55048142469043,00-0038905,7.740277452799483,7.740277452799483
2024,13,2024_13_LV_KC,KC,14,8.915971923734181,00-0035189,9.185334252954814,9.185334252954814
2024,13,2024_13_LV_KC,LV,5,6.680169411588907,00-0034161,6.363316108071116,6.363316108071116
2024,13,2024_13_MIA_GB,GB,13,8.622583468512595,00-0029822,8.260935700814738,8.260935700814738
2024,13,2024_13_MIA_GB,MIA,3,7.479243258268516,00-0034794,7.102741380901327,7.102741380901327
2024,13,2024_13_NYG_DAL,DAL,9,9.957908009307296,00-0037692,9.979723008234492,9.979723008234492
2024,13,2024_13_NYG_DAL,NYG,10,7.950307990633676,00-0026858,8.637456503561387,8.637456503561387
2024,13,2024_13_PHI_BAL,BAL,9,8.44800318294873,00-0029597,8.324701083144937,8.324701083144937
2024,13,2024_13_PHI_BAL,PHI,6,7.194951849977523,00-0033787,7.354731855347334,7.354731855347334
2024,13,2024_13_PIT_CIN,CIN,8,8.266034064802787,00-0036854,8.163756810146696,8.163756810146696
2024,13,2024_13_PIT_CIN,PIT,16,8.05144401364566,00-0031136,8.096454158586983,8.096454158586983
2024,13,2024_13_SEA_NYJ,NYJ,1,7.621442804916736,00-0038402,7.237392096901595,7.237392096901595
2024,13,2024_13_SEA_NYJ,SEA,11,7.922027138619884,00-0031492,7.873061842861365,7.873061842861365
2024,13,2024_13_SF_BUF,BUF,5,8.066052472421347,00-0036162,8.093626237678832,8.093626237678832
2024,13,2024_13_SF_BUF,SF,4,7.091475403679851,00-0038562,6.9397315965435435,6.9397315965435435
2024,13,2024_13_TB_CAR,CAR,12,6.745606960845744,00-0034173,6.854550809237958,6.854550809237958
2024,13,2024_13_TB_CAR,TB,16,8.71081183575722,00-0035358,8.623464332017065,8.623464332017065
2024,13,2024_13_TEN_WAS,TEN,9,7.420390614328482,00-0025565,7.35225276120591,7.35225276120591
2024,13,2024_13_TEN_WAS,WAS,6,8.390110169123973,00-0033862,8.686696502800961,8.686696502800961
2024,14,2024_14_ATL_MIN,ATL,7,8.260046204807054,00-0033702,7.922610164971558,7.922610164971558
2024,14,2024_14_ATL_MIN,MIN,6,9.197892219626606,00-0039404,9.397366074541196,9.397366074541196
2024,14,2024_14_BUF_LA,BUF,6,8.483598606486359,00-0036162,8.905534486501262,8.905534486501262
2024,14,2024_14_BUF_LA,LA,8,7.935983403522738,00-0039750,7.717756835725974,7.717756835725974
2024,14,2024_14_CAR_PHI,CAR,4,5.719498550641763,00-0034173,5.626846970170455,5.626846970170455
2024,14,2024_14_CAR_PHI,PHI,2,8.726770181017924,00-0033787,9.011428153247397,9.011428153247397
2024,14,2024_14_CHI_SF,CHI,1,7.592530355513165,00-0031203,7.499568521729997,7.499568521729997
2024,14,2024_14_CHI_SF,SF,8,8.248984354687101,00-0038562,8.616108039830559,8.616108039830559
2024,14,2024_14_CIN_DAL,CIN,9,8.625221510270741,00-0038097,9.068902319269466,9.068902319269466
2024,14,2024_14_CIN_DAL,DAL,9,9.197300559196174,00-0037692,9.160739405659527,9.160739405659527
2024,14,2024_14_CLE_PIT,CLE,2,7.207466792206565,00-0030098,7.1007868734844255,7.1007868734844255
2024,14,2024_14_CLE_PIT,PIT,11,8.549152294953803,00-0031136,8.23727347829982,8.23727347829982
2024,14,2024_14_GB_DET,DET,11,9.251523446757169,00-0039172,9.075213451663156,9.075213451663156
2024,14,2024_14_GB_DET,GB,7,8.696423755635736,00-0029822,8.579310585448262,8.579310585448262
2024,14,2024_14_JAX_TEN,JAX,4,7.321717843077651,00-0039409,7.31244343527465,7.31244343527465
2024,14,2024_14_JAX_TEN,TEN,7,8.204224858229999,00-0025565,8.441846059471679,8.441846059471679
2024,14,2024_14_LAC_KC,KC,16,8.09715404071039,00-0035189,8.286766189151951,8.286766189151951
2024,14,2024_14_LAC_KC,LAC,5,7.76008613918398,00-0037224,7.604406710841742,7.604406710841742
2024,14,2024_14_LV_TB,LV,7,7.549323008458131,00-0034161,7.191718584320671,7.191718584320671
2024,14,2024_14_LV_TB,TB,4,9.20336798987992,00-0035358,9.52109513063741,9.52109513063741
2024,14,2024_14_NO_NYG,NO,2,8.303184952713142,00-0038905,8.004795282680577,8.004795282680577
2024,14,2024_14_NO_NYG,NYG,4,7.877853383001745,00-0026858,7.733736365468463,7.733736365468463
2024,14,2024_14_NYJ_MIA,MIA,16,8.335122125911385,00-0034794,8.269041722118617,8.269041722118617
2024,14,2024_14_NYJ_MIA,NYJ,16,7.423107475289165,00-0038402,7.2427188962652,7.2427188962652
2024,14,2024_14_SEA_ARI,ARI,4,8.210312688362942,00-0038567,8.476272470725155,8.476272470725155
2024,14,2024_14_SEA_ARI,SEA,12,8.042732406381681,00-0031492,8.016292939023861,8.016292939023861
2024,15,2024_15_ATL_LV,ATL,9,9.331095896191073,00-0033702,9.871084036868476,9.871084036868476
2024,15,2024_15_ATL_LV,LV,5,7.489369681807128,00-0034161,7.428390137510286,7.428390137510286
2024,15,2024_15_BAL_NYG,BAL,5,9.955428404092212,00-0029597,9.673301466435749,9.673301466435749
2024,15,2024_15_BAL_NYG,NYG,2,6.294604651493363,00-0026858,6.3980792404405715,6.3980792404405715
2024,15,2024_15_BUF_DET,BUF,15,8.100939842510833,00-0036162,8.278933155007117,8.278933155007117
2024,15,2024_15_BUF_DET,DET,6,9.47923332966275,00-0039172,9.048952599171619,9.048952599171619
2024,15,2024_15_CHI_MIN,CHI,6,7.834797408757881,00-0031203,8.069869712788945,8.069869712788945
2024,15,2024_15_CHI_MIN,MIN,15,8.84123411743952,00-0039404,9.287669992077783,9.287669992077783
2024,15,2024_15_CIN_TEN,CIN,7,8.307379906713052,00-0038097,8.196230165940788,8.196230165940788
2024,15,2024_15_CIN_TEN,TEN,3,7.385902054917706,00-0025565,7.53640381186182,7.53640381186182
2024,15,2024_15_DAL_CAR,CAR,2,7.671916970973928,00-0034173,8.053980354716831,8.053980354716831
2024,15,2024_15_DAL_CAR,DAL,16,8.009319041108295,00-0037692,7.75685891554605,7.75685891554605
2024,15,2024_15_GB_SEA,GB,12,8.378321881332521,00-0029822,8.16637370373283,8.16637370373283
2024,15,2024_15_GB_SEA,SEA,9,7.742125499318837,00-0031492,7.753274857968737,7.753274857968737
2024,15,2024_15_IND_DEN,DEN,8,8.160570850989687,00-0032569,7.785862871150701,7.785862871150701
2024,15,2024_15_IND_DEN,IND,8,7.447812191082144,00-0035269,7.146252504181671,7.146252504181671
2024,15,2024_15_KC_CLE,CLE,1,6.954145609121476,00-0036816,6.618774288802238,6.618774288802238
2024,15,2024_15_KC_CLE,KC,3,8.13607810675676,00-0033303,7.6398610144735635,7.6398610144735635
2024,15,2024_15_LA_SF,LA,13,7.037379518444266,00-0039750,6.739623731846657,6.739623731846657
2024,15,2024_15_LA_SF,SF,9,7.926239829704704,00-0038562,8.351376830752299,8.351376830752299
2024,15,2024_15_MIA_HOU,HOU,9,9.005240319637526,00-0032726,9.084903365862331,9.084903365862331
2024,15,2024_15_MIA_HOU,MIA,8,8.258222956211373,00-0034794,8.249579300723063,8.249579300723063
2024,15,2024_15_NE_ARI,ARI,14,8.704651822669534,00-0038567,8.667763070332281,8.667763070332281
2024,15,2024_15_NE_ARI,NE,7,7.510684619252359,00-0035192,7.647063563974659,7.647063563974659
2024,15,2024_15_NYJ_JAX,JAX,15,7.525657092885828,00-0039409,7.755326520127843,7.755326520127843
2024,15,2024_15_NYJ_JAX,NYJ,7,8.419931850479326,00-0038402,8.103409156706128,8.103409156706128
2024,15,2024_15_PIT_PHI,PHI,10,8.060266778417457,00-0033787,8.45906654567471,8.45906654567471
2024,15,2024_15_PIT_PHI,PIT,8,7.466820172219871,00-0031136,7.321391469445335,7.321391469445335
2024,15,2024_15_TB_LAC,LAC,6,9.006781082654319,00-0037224,8.959448097725764,8.959448097725764
2024,15,2024_15_TB_LAC,TB,18,8.258162498099779,00-0035358,8.508580397140111,8.508580397140111
2024,15,2024_15_WAS_NO,NO,10,7.354647768011665,00-0038905,7.187573592093487,7.187573592093487
2024,15,2024_15_WAS_NO,WAS,9,8.853323227718157,00-0034450,9.163026509594877,9.163026509594877
2024,16,2024_16_ARI_CAR,ARI,15,8.042191054842695,00-0038567,8.016528320262935,8.016528320262935
2024,16,2024_16_ARI_CAR,CAR,6,7.140312200734092,00-0034173,7.119828203130601,7.119828203130601
2024,16,2024_16_CLE_CIN,CIN,8,8.903027161894952,00-0038097,8.718628484687246,8.718628484687246
2024,16,2024_16_CLE_CIN,CLE,0,7.239768795478609,00-0030098,7.128483978591498,7.128483978591498
2024,16,2024_16_DEN_LAC,DEN,12,8.005582363109918,00-0032569,8.403325903180914,8.403325903180914
2024,16,2024_16_DEN_LAC,LAC,10,9.161326930159865,00-0037224,8.855439893922394,8.855439893922394
2024,16,2024_16_DET_CHI,CHI,5,7.390860082614644,00-0031203,7.605411486224369,7.605411486224369
2024,16,2024_16_DET_CHI,DET,10,8.839944203835095,00-0039172,8.839034321422279,8.839034321422279
2024,16,2024_16_HOU_KC,HOU,7,7.624900946717075,00-0032726,7.739891202372954,7.739891202372954
2024,16,2024_16_HOU_KC,KC,10,8.283355911977386,00-0033303,8.180361787669936,8.180361787669936
2024,16,2024_16_JAX_LV,JAX,2,7.546635284790591,00-0039409,7.583754457183197,7.583754457183197
2024,16,2024_16_JAX_LV,LV,8,8.918115999686172,00-0034161,8.744888444633029,8.744888444633029
2024,16,2024_16_LA_NYJ,LA,8,8.040843734202502,00-0039750,7.850547714361655,7.850547714361655
2024,16,2024_16_LA_NYJ,NYJ,3,7.2281210589688,00-0038402,7.4791944912359485,7.4791944912359485
2024,16,2024_16_MIN_SEA,MIN,12,8.44707285601352,00-0039404,8.895022377296426,8.895022377296426
2024,16,2024_16_MIN_SEA,SEA,7,7.828051232472941,00-0031492,7.632022920677606,7.632022920677606
2024,16,2024_16_NE_BUF,BUF,8,8.922229280570459,00-0036162,8.743485312956379,8.743485312956379
2024,16,2024_16_NE_BUF,NE,3,6.718778442318284,00-0035192,6.8325498142085985,6.8325498142085985
2024,16,2024_16_NO_GB,GB,13,9.029542930991074,00-0029822,9.586855926765432,9.586855926765432
2024,16,2024_16_NO_GB,NO,0,5.939654539287295,00-0038905,5.9566501291038385,5.9566501291038385
2024,16,2024_16_NYG_ATL,ATL,12,9.20654270813327,00-0036816,9.22036692096597,9.22036692096597
2024,16,2024_16_NYG_ATL,NYG,1,7.519515663946986,00-0026858,7.288268610153458,7.288268610153458
2024,16,2024_16_PHI_WAS,PHI,19,7.876136612518175,00-0033787,7.930267779889401,7.930267779889401
2024,16,2024_16_PHI_WAS,WAS,4,7.343814690204075,00-0033862,7.613390670904084,7.613390670904084
2024,16,2024_16_PIT_BAL,BAL,12,8.651759453534112,00-0029597,8.601930952955277,8.601930952955277
2024,16,2024_16_PIT_BAL,PIT,7,6.927273972432365,00-0031136,6.6808733926823685,6.6808733926823685
2024,16,2024_16_SF_MIA,MIA,21,7.548962438852252,00-0034794,7.145775675935452,7.145775675935452
2024,16,2024_16_SF_MIA,SF,5,7.636040315389704,00-0038562,7.465868764610008,7.465868764610008
2024,16,2024_16_TB_DAL,DAL,21,8.70606612100853,00-0037692,8.379233152053,8.379233152053
2024,16,2024_16_TB_DAL,TB,7,8.667080491615666,00-0035358,9.070692224064068,9.070692224064068
2024,16,2024_16_TEN_IND,IND,8,9.166704017026484,00-0035269,9.478264551644,9.478264551644
2024,16,2024_16_TEN_IND,TEN,2,7.638303446102073,00-0039649,7.351677075685341,7.351677075685341
2024,17,2024_17_ARI_LA,ARI,3,7.321591589986371,00-0038567,7.758030286459756,7.758030286459756
2024,17,2024_17_ARI_LA,LA,9,8.505263472979351,00-0039750,8.535784343594077,8.535784343594077
2024,17,2024_17_ATL_WAS,ATL,6,7.408143742895745,00-0036816,7.205311558569693,7.205311558569693
2024,17,2024_17_ATL_WAS,WAS,6,8.098601512280402,00-0033862,8.016037509306075,8.016037509306075
2024,17,2024_17_BAL_HOU,BAL,9,9.601893791430289,00-0029597,9.787518131729101,9.787518131729101
2024,17,2024_17_BAL_HOU,HOU,0,7.932502762820085,00-0032726,8.10473456471496,8.10473456471496
2024,17,2024_17_CAR_TB,CAR,2,6.478752596921757,00-0034173,6.417810170209305,6.417810170209305
2024,17,2024_17_CAR_TB,TB,12,8.872485063341042,00-0035358,8.97444070678705,8.97444070678705
2024,17,2024_17_DAL_PHI,DAL,1,7.250323918104245,00-0037692,7.4222735812051175,7.4222735812051175
2024,17,2024_17_DAL_PHI,PHI,11,8.022379014944686,00-0033787,8.222810056189779,8.222810056189779
2024,17,2024_17_DEN_CIN,CIN,6,8.40920432285083,00-0038097,8.243957807084012,8.243957807084012
2024,17,2024_17_DEN_CIN,DEN,6,8.017879144577678,00-0032569,8.015905947842274,8.015905947842274
2024,17,2024_17_DET_SF,DET,11,8.342987267217008,00-0039172,8.227591347161932,8.227591347161932
2024,17,2024_17_DET_SF,SF,4,7.808862891488623,00-0038562,8.076472248972534,8.076472248972534
2024,17,2024_17_GB_MIN,GB,5,8.978281296651812,00-0029822,8.96864238284588,8.96864238284588
2024,17,2024_17_GB_MIN,MIN,11,8.617990345889087,00-0039404,8.767103586320966,8.767103586320966
2024,17,2024_17_IND_NYG,IND,9,9.13241527895383,00-0035269,9.043327969283538,9.043327969283538
2024,17,2024_17_IND_NYG,NYG,9,7.393983867039905,00-0026858,7.013927852688263,7.013927852688263
2024,17,2024_17_KC_PIT,KC,5,8.452804333974735,00-0033303,8.5218961902417,8.5218961902417
2024,17,2024_17_KC_PIT,PIT,4,8.2827683978242,00-0031136,8.265164786338113,8.265164786338113
2024,17,2024_17_LAC_NE,LAC,17,9.325288700282512,00-0037224,8.847582211558398,8.847582211558398
2024,17,2024_17_LAC_NE,NE,1,7.31321693463771,00-0035192,7.8330053444587096,7.8330053444587096
2024,17,2024_17_LV_NO,LV,15,8.781968688820363,00-0034161,8.879796526490958,8.879796526490958
2024,17,2024_17_LV_NO,NO,4,8.02137570157403,00-0038905,8.620675038011788,8.620675038011788
2024,17,2024_17_MIA_CLE,CLE,3,7.089432153083711,00-0030098,6.849845130066134,6.849845130066134
2024,17,2024_17_MIA_CLE,MIA,10,7.426256760476861,00-0034794,6.709647543271055,6.709647543271055
2024,17,2024_17_NYJ_BUF,BUF,8,8.854426445281756,00-0036162,8.95588160855651,8.95588160855651
2024,17,2024_17_SEA_CHI,CHI,4,7.389003666951897,00-0031203,7.662104974305268,7.662104974305268
2024,17,2024_17_SEA_CHI,SEA,8,8.385876083052931,00-0031492,8.606015432507867,8.606015432507867
2024,17,2024_17_TEN_JAX,JAX,10,7.34092334599881,00-0039409,6.81970028501386,6.81970028501386
2024,17,2024_17_TEN_JAX,TEN,7,7.499004743434449,00-0035189,6.98289271398204,6.98289271398204
2024,18,2024_18_BUF_NE,BUF,5,7.705181595792538,00-0036162,7.45097237349256,7.45097237349256
2024,18,2024_18_BUF_NE,NE,15,7.484897846291025,00-0035192,7.224686448283868,7.224686448283868
2024,18,2024_18_CAR_ATL,ATL,8,9.160765415000768,00-0036816,9.566225505198647,9.566225505198647
2024,18,2024_18_CAR_ATL,CAR,8,7.238408413551016,00-0034173,7.247584032257426,7.247584032257426
2024,18,2024_18_CHI_GB,CHI,8,6.547916220358837,00-0031203,6.431500998751239,6.431500998751239
2024,18,2024_18_CHI_GB,GB,12,8.894819189819717,00-0029822,9.035358859864623,9.035358859864623
2024,18,2024_18_CIN_PIT,CIN,14,8.056169705194737,00-0038097,8.076645266731463,8.076645266731463
2024,18,2024_18_CIN_PIT,PIT,7,8.263221153245892,00-0031136,8.086264001860343,8.086264001860343
2024,18,2024_18_CLE_BAL,BAL,5,9.858014362495538,00-0029597,9.640292385612263,9.640292385612263
2024,18,2024_18_CLE_BAL,CLE,4,5.553766315992958,00-0030098,5.25970793933899,5.25970793933899
2024,18,2024_18_HOU_TEN,HOU,5,7.5672150842955,00-0032726,7.04345108696746,7.04345108696746
2024,18,2024_18_HOU_TEN,TEN,6,7.806240761744721,00-0035189,7.793727466996967,7.793727466996967
2024,18,2024_18_JAX_IND,IND,16,8.978896373969762,00-0035269,8.836476174042302,8.836476174042302
2024,18,2024_18_JAX_IND,JAX,15,7.756141558590537,00-0039409,7.743659144489858,7.743659144489858
2024,18,2024_18_KC_DEN,DEN,8,8.846014778670469,00-0032569,9.093076338609139,9.093076338609139
2024,18,2024_18_KC_DEN,KC,0,6.3140227812780445,00-0033303,5.885974299490897,5.885974299490897
2024,18,2024_18_LAC_LV,LAC,15,9.197961339205484,00-0037224,9.42094587076018,9.42094587076018
2024,18,2024_18_LAC_LV,LV,10,7.533973469691449,00-0034161,7.786361049367494,7.786361049367494
2024,18,2024_18_MIA_NYJ,MIA,8,7.563891275404714,00-0034794,8.329782446107826,8.329782446107826
2024,18,2024_18_MIA_NYJ,NYJ,6,7.65247795259353,00-0034450,7.3935008172136865,7.3935008172136865
2024,18,2024_18_MIN_DET,DET,8,9.00052808038417,00-0039172,9.111171750077641,9.111171750077641
2024,18,2024_18_MIN_DET,MIN,11,9.29049457399423,00-0039404,9.234581924866367,9.234581924866367
2024,18,2024_18_NO_TB,NO,14,6.190207020673461,00-0038905,6.133584731564809,6.133584731564809
2024,18,2024_18_NO_TB,TB,11,9.313531480687775,00-0035358,9.635837631161353,9.635837631161353
2024,18,2024_18_NYG_PHI,NYG,9,6.655819242268913,00-0026858,6.776449708814449,6.776449708814449
2024,18,2024_18_NYG_PHI,PHI,8,7.28490034446501,00-0033787,7.000492164830936,7.000492164830936
2024,18,2024_18_SEA_LA,LA,17,6.864492970556364,00-0039750,6.828437697166963,6.828437697166963
2024,18,2024_18_SEA_LA,SEA,8,9.28439466940366,00-0031492,9.34203893954657,9.34203893954657
2024,18,2024_18_SF_ARI,ARI,14,8.14977113358731,00-0038567,8.352388265436616,8.352388265436616
2024,18,2024_18_SF_ARI,SF,8,7.465464516450512,00-0038562,7.419501569289853,7.419501569289853
2024,18,2024_18_WAS_DAL,DAL,14,8.60419572898066,00-0037692,8.259218148649474,8.259218148649474
2024,18,2024_18_WAS_DAL,WAS,6,8.654296943908891,00-0033862,9.29819726170593,9.29819726170593
2025,1,2025_01_ARI_NO,ARI,11,8.605416861025542,00-0038567,8.935138965906397,8.935138965906397
2025,1,2025_01_ARI_NO,NO,7,7.992149119627744,00-0038905,8.155106579769424,8.155106579769424
2025,1,2025_01_BAL_BUF,BAL,13,8.335576779400997,00-0040074,8.488408309270703,8.488408309270703
2025,1,2025_01_BAL_BUF,BUF,12,8.20120920427505,00-0023853,7.868952640658506,7.868952640658506
2025,1,2025_01_CAR_JAX,CAR,5,7.448712714730549,00-0040279,7.326446755974313,7.326446755974313
2025,1,2025_01_CAR_JAX,JAX,15,9.152842465458068,00-0039409,9.116265794663372,9.116265794663372
2025,1,2025_01_CIN_CLE,CIN,5,9.094075332498598,00-0036854,8.741131517108029,8.741131517108029
2025,1,2025_01_CIN_CLE,CLE,5,7.636771525666965,00-0038428,7.588466450807209,7.588466450807209
2025,1,2025_01_DAL_PHI,DAL,11,7.9769278544830655,00-0037692,8.03396387252009,8.03396387252009
2025,1,2025_01_DAL_PHI,PHI,8,8.91300069750909,00-0033787,8.730380244064715,8.730380244064715
2025,1,2025_01_DET_GB,DET,7,8.209406827982011,00-0039172,8.556000916007894,8.556000916007894
2025,1,2025_01_DET_GB,GB,9,8.76495069766698,00-0029822,8.833645408138944,8.833645408138944
2025,1,2025_01_HOU_LA,HOU,14,8.41709322348189,00-0032726,8.22436851438551,8.22436851438551
2025,1,2025_01_HOU_LA,LA,2,8.676961245582607,00-0039750,8.992325025747636,8.992325025747636
2025,1,2025_01_KC_LAC,KC,11,8.72530039208974,00-0033303,8.885846605448393,8.885846605448393
2025,1,2025_01_KC_LAC,LAC,9,8.722254541254582,00-0037224,8.796246063131433,8.796246063131433
2025,1,2025_01_LV_NE,LV,11,8.33286505119295,00-0034161,8.131793751902615,8.131793751902615
2025,1,2025_01_LV_NE,NE,8,8.584116728373225,00-0040200,8.669647790859413,8.669647790859413
2025,1,2025_01_MIA_IND,IND,16,8.661963684955516,00-0039576,8.65761388885141,8.65761388885141
2025,1,2025_01_MIA_IND,MIA,0,8.423398727040995,00-0036816,8.638506405121918,8.638506405121918
2025,1,2025_01_MIN_CHI,CHI,7,8.414279267059781,00-0031203,8.523472507076196,8.523472507076196
2025,1,2025_01_MIN_CHI,MIN,9,8.413707159531725,00-0039404,8.535845384531806,8.535845384531806
2025,1,2025_01_NYG_WAS,NYG,8,7.781516434260498,00-0026858,8.05864187049519,8.05864187049519
2025,1,2025_01_NYG_WAS,WAS,3,8.942939597688268,00-0035269,8.63518932021839,8.63518932021839
2025,1,2025_01_PIT_NYJ,NYJ,10,7.85075275510381,00-0025565,7.838752555371865,7.838752555371865
2025,1,2025_01_PIT_NYJ,PIT,14,9.151073296920533,00-0031136,9.07452583640973,9.07452583640973
2025,1,2025_01_SF_SEA,SEA,8,7.894305808514728,00-0031492,7.540613669480178,7.540613669480178
2025,1,2025_01_SF_SEA,SF,5,8.146669990403334,00-0038562,8.041806074864086,8.041806074864086
2025,1,2025_01_TB_ATL,ATL,9,8.25230081973351,00-0033702,8.284867352813611,8.284867352813611
2025,1,2025_01_TB_ATL,TB,6,8.994792840701143,00-0035358,8.866502751420697,8.866502751420697
2025,1,2025_01_TEN_DEN,DEN,8,8.86925579712285,00-0032569,9.318355543101742,9.318355543101742
2025,1,2025_01_TEN_DEN,TEN,15,7.208116631996909,00-0035192,6.705875707211841,6.705875707211841
2025,2,2025_02_ATL_MIN,ATL,18,8.537171880022585,00-0037542,8.271159054099341,8.271159054099341
2025,2,2025_02_ATL_MIN,MIN,8,9.205463491791113,00-0039404,9.42403115202641,9.42403115202641
2025,2,2025_02_BUF_NYJ,BUF,14,9.036988964189764,00-0023853,9.022145281846164,9.022145281846164
2025,2,2025_02_BUF_NYJ,NYJ,6,7.856246371888729,00-0025565,7.748254359429722,7.748254359429722
2025,2,2025_02_CAR_ARI,ARI,10,8.883116755436948,00-0038567,9.08940441049714,9.08940441049714
2025,2,2025_02_CAR_ARI,CAR,4,7.650121470312023,00-0040279,7.657632703594971,7.657632703594971
2025,2,2025_02_CHI_DET,CHI,3,8.25785168568516,00-0031203,8.429951347526078,8.429951347526078
2025,2,2025_02_CHI_DET,DET,10,9.043022080469395,00-0039172,9.240400918914364,9.240400918914364
2025,2,2025_02_CLE_BAL,BAL,12,9.02464692574998,00-0040074,9.025380535263608,9.025380535263608
2025,2,2025_02_CLE_BAL,CLE,5,6.627957038669694,00-0038428,6.489390823881273,6.489390823881273
2025,2,2025_02_DEN_IND,DEN,4,8.532040620654692,00-0032569,8.66409710202639,8.66409710202639
2025,2,2025_02_DEN_IND,IND,18,7.75598148633285,00-0039576,7.704302726067013,7.704302726067013
2025,2,2025_02_JAX_CIN,CIN,7,9.018591444254591,00-0036854,8.667845720722479,8.667845720722479
2025,2,2025_02_JAX_CIN,JAX,10,7.994157399007297,00-0039409,7.9749309685043945,7.9749309685043945
2025,2,2025_02_LAC_LV,LAC,8,9.176763272930224,00-0037224,9.10526590874224,9.10526590874224
2025,2,2025_02_LAC_LV,LV,12,8.19075149529543,00-0034161,8.39072838061259,8.39072838061259
2025,2,2025_02_LA_TEN,LA,9,8.52126913794009,00-0039750,8.98246427453402,8.98246427453402
2025,2,2025_02_LA_TEN,TEN,17,7.832198054967446,00-0035192,7.887190414877098,7.887190414877098
2025,2,2025_02_NE_MIA,MIA,11,8.223324944632687,00-0036816,8.011123266794703,8.011123266794703
2025,2,2025_02_NE_MIA,NE,9,8.209448448078353,00-0040200,8.408086220330844,8.408086220330844
2025,2,2025_02_NYG_DAL,DAL,22,10.019789240421945,00-0037692,9.911856897899522,9.911856897899522
2025,2,2025_02_NYG_DAL,NYG,13,8.355524667709329,00-0026858,8.372596035126758,8.372596035126758
2025,2,2025_02_PHI_KC,KC,7,7.64823260054027,00-0033303,7.433029335333366,7.433029335333366
2025,2,2025_02_PHI_KC,PHI,12,8.381527992155657,00-0033787,8.297535101582985,8.297535101582985
2025,2,2025_02_SEA_PIT,PIT,12,8.940209325227869,00-0031136,8.881650482014777,8.881650482014777
2025,2,2025_02_SEA_PIT,SEA,9,7.590524758019828,00-0031492,7.531745846763677,7.531745846763677
2025,2,2025_02_SF_NO,NO,3,8.01734648636749,00-0038905,8.036122467698208,8.036122467698208
2025,2,2025_02_SF_NO,SF,10,8.286844172897222,00-0034173,8.3758012409745,8.3758012409745
2025,2,2025_02_TB_HOU,HOU,9,9.002922937780559,00-0032726,8.991220640428919,8.991220640428919
2025,2,2025_02_TB_HOU,TB,2,8.294037627014557,00-0035358,8.296124829156227,8.296124829156227
2025,2,2025_02_WAS_GB,GB,11,8.8281054926741,00-0029822,8.598466490428935,8.598466490428935
2025,2,2025_02_WAS_GB,WAS,6,7.759304378012134,00-0035269,7.781547709431288,7.781547709431288
2025,3,2025_03_ARI_SF,ARI,7,7.641190710105079,00-0038567,7.446618291236937,7.446618291236937
2025,3,2025_03_ARI_SF,SF,12,8.103303214666209,00-0034173,7.9941094499403995,7.9941094499403995
2025,3,2025_03_ATL_CAR,ATL,0,9.00722849327647,00-0037542,9.075253806107572,9.075253806107572
2025,3,2025_03_ATL_CAR,CAR,15,7.024106302455649,00-0040279,7.011596096633717,7.011596096633717
2025,3,2025_03_CIN_MIN,CIN,5,8.204468739429654,00-0036854,7.720774648967886,7.720774648967886
2025,3,2025_03_CIN_MIN,MIN,14,9.249906354995865,00-0039404,9.598095636271475,9.598095636271475
2025,3,2025_03_DAL_CHI,CHI,7,8.310657386589554,00-0031203,8.417908809797753,8.417908809797753
2025,3,2025_03_DAL_CHI,DAL,8,9.57700764078266,00-0037692,9.72622156573394,9.72622156573394
2025,3,2025_03_DEN_LAC,DEN,9,8.069434418893156,00-0032569,8.18746894433312,8.18746894433312
2025,3,2025_03_DEN_LAC,LAC,12,8.92114101157751,00-0037224,8.93016352765467,8.93016352765467
2025,3,2025_03_DET_BAL,BAL,7,8.708181062116848,00-0040074,8.743306656993601,8.743306656993601
2025,3,2025_03_DET_BAL,DET,9,7.714558368670537,00-0039172,7.595044564844596,7.595044564844596
2025,3,2025_03_GB_CLE,CLE,9,6.698835379752092,00-0038428,6.524540673619512,6.524540673619512
2025,3,2025_03_GB_CLE,GB,4,9.203779089673237,00-0029822,8.935328649600407,8.935328649600407
2025,3,2025_03_HOU_JAX,HOU,4,7.763890584177069,00-0032726,7.439429505081084,7.439429505081084
2025,3,2025_03_HOU_JAX,JAX,5,8.070925247804066,00-0039409,7.8691784244827225,7.8691784244827225
2025,3,2025_03_IND_TEN,IND,11,8.94044166429533,00-0039576,9.447188175092403,9.447188175092403
2025,3,2025_03_IND_TEN,TEN,11,7.9021629498719825,00-0035192,8.328398289865222,8.328398289865222
2025,3,2025_03_KC_NYG,KC,13,9.01225735445436,00-0033303,8.978320517097917,8.978320517097917
2025,3,2025_03_KC_NYG,NYG,3,7.414434603047022,00-0026858,7.395272809810161,7.395272809810161
2025,3,2025_03_LA_PHI,LA,17,7.195364678017334,00-0039750,7.145360464028982,7.145360464028982
2025,3,2025_03_LA_PHI,PHI,3,8.578264830201247,00-0033787,8.719517752139904,8.719517752139904
2025,3,2025_03_LV_WAS,LV,4,8.13782610746448,00-0034161,8.108054661442573,8.108054661442573
2025,3,2025_03_LV_WAS,WAS,14,8.444418456831254,00-0035269,8.336692677493417,8.336692677493417
2025,3,2025_03_MIA_BUF,BUF,8,9.569939329405903,00-0023853,9.473128013117122,9.473128013117122
2025,3,2025_03_MIA_BUF,MIA,3,6.602910429857524,00-0036816,6.416630976824733,6.416630976824733
2025,3,2025_03_NO_SEA,NO,7,7.228039378251768,00-0038905,7.3174319704282045,7.3174319704282045
2025,3,2025_03_NO_SEA,SEA,17,8.944096015592773,00-0031492,9.191357568976654,9.191357568976654
2025,3,2025_03_NYJ_TB,NYJ,10,7.810584100083249,00-0025565,7.47076784484107,7.47076784484107
2025,3,2025_03_NYJ_TB,TB,21,8.958699836767448,00-0035358,9.455443826529454,9.455443826529454
2025,3,2025_03_PIT_NE,NE,2,7.884682207794874,00-0040200,8.052169206106756,8.052169206106756
2025,3,2025_03_PIT_NE,PIT,3,8.810600674497815,00-0031136,8.65256261630605,8.65256261630605
2025,4,2025_04_BAL_KC,BAL,9,8.612640915568159,00-0040074,8.516184657547148,8.516184657547148
2025,4,2025_04_BAL_KC,KC,13,7.99637777645509,00-0033303,8.017739971380704,8.017739971380704
2025,4,2025_04_CAR_NE,CAR,1,7.480213253029565,00-0040279,7.285085837240458,7.285085837240458
2025,4,2025_04_CAR_NE,NE,6,8.725839099503043,00-0040200,8.799285289000625,8.799285289000625
2025,4,2025_04_CHI_LV,CHI,19,8.286614213638746,00-0031203,8.409444386570561,8.409444386570561
2025,4,2025_04_CHI_LV,LV,6,8.986701340755296,00-0034161,9.386858369542553,9.386858369542553
2025,4,2025_04_CIN_DEN,CIN,3,7.272811049240802,00-0036854,6.763288667869501,6.763288667869501
2025,4,2025_04_CIN_DEN,DEN,4,8.494982227846071,00-0032569,8.03526660136306,8.03526660136306
2025,4,2025_04_CLE_DET,CLE,4,7.158047025267615,00-0038428,7.015517468305949,7.015517468305949
2025,4,2025_04_CLE_DET,DET,13,8.947093879299125,00-0039172,8.98300928686942,8.98300928686942
2025,4,2025_04_GB_DAL,DAL,8,8.800936217912351,00-0037692,8.714801543879721,8.714801543879721
2025,4,2025_04_GB_DAL,GB,12,9.687039225002318,00-0029822,9.746408801404634,9.746408801404634
2025,4,2025_04_IND_LA,IND,10,8.181913489816303,00-0039576,8.261840933801215,8.261840933801215
2025,4,2025_04_IND_LA,LA,10,8.578946005263308,00-0039750,8.82375395086632,8.82375395086632
2025,4,2025_04_JAX_SF,JAX,9,7.79123711013569,00-0039409,7.36951839285061,7.36951839285061
2025,4,2025_04_JAX_SF,SF,7,8.563445312999011,00-0034173,8.24683290717148,8.24683290717148
2025,4,2025_04_LAC_NYG,LAC,5,9.453223046863966,00-0037224,9.39541173770022,9.39541173770022
2025,4,2025_04_LAC_NYG,NYG,7,6.895199866706825,00-0039934,7.11639164295755,7.11639164295755
2025,4,2025_04_MIN_PIT,MIN,8,8.620782738263376,00-0039404,8.439946485897242,8.439946485897242
2025,4,2025_04_MIN_PIT,PIT,6,7.909280477430621,00-0031136,8.025079614410648,8.025079614410648
2025,4,2025_04_NO_BUF,BUF,7,9.73018020979283,00-0023853,9.865168230659528,9.865168230659528
2025,4,2025_04_NO_BUF,NO,9,6.373025347709998,00-0038905,6.308392926969239,6.308392926969239
2025,4,2025_04_NYJ_MIA,MIA,10,8.171722157887068,00-0036816,7.852835980411829,7.852835980411829
2025,4,2025_04_NYJ_MIA,NYJ,11,8.419414111419197,00-0025565,8.028450400470415,8.028450400470415
2025,4,2025_04_PHI_TB,PHI,7,8.547230126568298,00-0033787,8.557451242657189,8.557451242657189
2025,4,2025_04_PHI_TB,TB,16,7.996725332260947,00-0035358,8.113348543129698,8.113348543129698
2025,4,2025_04_SEA_ARI,ARI,10,7.836847029921977,00-0038567,8.205787069522259,8.205787069522259
2025,4,2025_04_SEA_ARI,SEA,14,8.825189776582597,00-0031492,8.773015222396456,8.773015222396456
2025,4,2025_04_TEN_HOU,HOU,10,9.426690839235576,00-0032726,10.05414360508698,10.05414360508698
2025,4,2025_04_TEN_HOU,TEN,0,7.838791372408965,00-0035192,8.104493094840072,8.104493094840072
2025,4,2025_04_WAS_ATL,ATL,10,8.869140537261844,00-0037542,9.005451374563107,9.005451374563107
2025,4,2025_04_WAS_ATL,WAS,18,8.192027677514131,00-0035269,8.450104552224317,8.450104552224317
2025,5,2025_05_DAL_NYJ,DAL,7,9.130367147998946,00-0037692,8.942630150309823,8.942630150309823
2025,5,2025_05_DAL_NYJ,NYJ,7,9.21348143058795,00-0025565,9.218568330790049,9.218568330790049
2025,5,2025_05_DEN_PHI,DEN,9,7.412635317975039,00-0032569,7.4727638850951825,7.4727638850951825
2025,5,2025_05_DEN_PHI,PHI,5,8.499046521861795,00-0033787,8.500773660651964,8.500773660651964
2025,5,2025_05_DET_CIN,CIN,8,7.115483389035825,00-0036854,6.901004059634934,6.901004059634934
2025,5,2025_05_DET_CIN,DET,5,9.379259579369474,00-0039172,8.843019891702495,8.843019891702495
2025,5,2025_05_HOU_BAL,BAL,4,7.892654194469948,00-0040074,7.866482702648869,7.866482702648869
2025,5,2025_05_HOU_BAL,HOU,18,8.455508220565996,00-0032726,9.041217645394918,9.041217645394918
2025,5,2025_05_KC_JAX,JAX,9,7.519657495744691,00-0039409,7.2828773823883886,7.2828773823883886
2025,5,2025_05_KC_JAX,KC,4,8.677164747426419,00-0033303,8.17083369834392,8.17083369834392
2025,5,2025_05_LV_IND,IND,2,9.209723882649367,00-0039576,9.143530106036815,9.143530106036815
2025,5,2025_05_LV_IND,LV,6,8.064236506683695,00-0034161,7.929801236772647,7.929801236772647
2025,5,2025_05_MIA_CAR,CAR,10,7.968562208686668,00-0040279,7.73929885034563,7.73929885034563
2025,5,2025_05_MIA_CAR,MIA,7,8.126170039321071,00-0036816,8.194230171879854,8.194230171879854
2025,5,2025_05_MIN_CLE,CLE,5,7.040889785364227,00-0038428,6.570324778143895,6.570324778143895
2025,5,2025_05_MIN_CLE,MIN,3,8.116940325512155,00-0039404,7.594265061074956,7.594265061074956
2025,5,2025_05_NE_BUF,BUF,9,9.079012478136937,00-0023853,9.175945157327005,9.175945157327005
2025,5,2025_05_NE_BUF,NE,13,7.134642900479438,00-0040200,7.1485217043283535,7.1485217043283535
2025,5,2025_05_NYG_NO,NO,16,8.642249152826938,00-0038905,9.60987211465728,9.60987211465728
2025,5,2025_05_NYG_NO,NYG,2,7.856145147021053,00-0039934,8.737012763831753,8.737012763831753
2025,5,2025_05_SF_LA,LA,6,8.912233198364833,00-0039750,8.811073098423133,8.811073098423133
2025,5,2025_05_SF_LA,SF,17,7.385210305479484,00-0034173,7.359795892304587,7.359795892304587
2025,5,2025_05_TB_SEA,SEA,5,8.83809580177288,00-0031492,8.637500137902551,8.637500137902551
2025,5,2025_05_TB_SEA,TB,12,7.87324422602576,00-0035358,7.771438211207755,7.771438211207755
2025,5,2025_05_TEN_ARI,ARI,3,9.081456275886609,00-0038567,9.444541532518299,9.444541532518299
2025,5,2025_05_TEN_ARI,TEN,13,7.912094620384532,00-0035192,8.10550966134779,8.10550966134779
2025,5,2025_05_WAS_LAC,LAC,6,9.019299783971062,00-0037224,9.172212469549859,9.172212469549859
2025,5,2025_05_WAS_LAC,WAS,9,8.280072974928636,00-0035269,8.450493303918726,8.450493303918726
2025,6,2025_06_ARI_IND,ARI,11,7.448548095300176,00-0038567,7.758927441655176,7.758927441655176
2025,6,2025_06_ARI_IND,IND,8,9.056342881558816,00-0034084,9.282341136505856,9.282341136505856
2025,6,2025_06_BUF_ATL,ATL,6,8.49157867521956,00-0037542,8.440818170624844,8.440818170624844
2025,6,2025_06_BUF_ATL,BUF,2,8.995977000265137,00-0023853,9.234362618042706,9.234362618042706
2025,6,2025_06_CHI_WAS,CHI,16,7.190694225355793,00-0038562,7.04444093748746,7.04444093748746
2025,6,2025_06_CHI_WAS,WAS,8,8.765617451025285,00-0035269,9.204168338464685,9.204168338464685
2025,6,2025_06_CIN_GB,CIN,5,6.403830956291924,00-0036854,6.4233313412185815,6.4233313412185815
2025,6,2025_06_CIN_GB,GB,10,8.638443805971924,00-0038152,7.836023767069655,7.836023767069655
2025,6,2025_06_CLE_PIT,CLE,11,6.92669958794558,00-0038428,7.354782323042971,7.354782323042971
2025,6,2025_06_CLE_PIT,PIT,15,8.540834926954876,00-0031136,8.944145503484995,8.944145503484995
2025,6,2025_06_DAL_CAR,CAR,14,7.453648645162056,00-0040279,7.2112345023397015,7.2112345023397015
2025,6,2025_06_DAL_CAR,DAL,9,8.860024559584284,00-0037692,8.387391084628465,8.387391084628465
2025,6,2025_06_DEN_NYJ,DEN,9,9.021900381496316,00-0032569,9.145889344631504,9.145889344631504
2025,6,2025_06_DEN_NYJ,NYJ,12,7.47302965058037,00-0025565,7.434930912025638,7.434930912025638
2025,6,2025_06_DET_KC,DET,5,8.076137501839515,00-0039172,7.667752526886366,7.667752526886366
2025,6,2025_06_DET_KC,KC,6,8.337336072151663,00-0033303,8.249590703844907,8.249590703844907
2025,6,2025_06_LAC_MIA,LAC,17,9.139790348259105,00-0037224,8.94776791365386,8.94776791365386
2025,6,2025_06_LAC_MIA,MIA,10,7.5101948764567314,00-0036816,7.894174576314855,7.894174576314855
2025,6,2025_06_LA_BAL,BAL,3,7.403723990637121,00-0040074,7.372270290552168,7.372270290552168
2025,6,2025_06_LA_BAL,LA,5,8.609692543701554,00-0039750,7.985384743289895,7.985384743289895
2025,6,2025_06_NE_NO,NE,5,8.624223188366582,00-0040200,9.13846917301138,9.13846917301138
2025,6,2025_06_NE_NO,NO,16,8.36134341328394,00-0038905,8.71574538381733,8.71574538381733
2025,6,2025_06_PHI_NYG,NYG,4,7.038376492922326,00-0039934,7.590727229486433,7.590727229486433
2025,6,2025_06_PHI_NYG,PHI,6,8.744137021021722,00-0033787,8.729457918459152,8.729457918459152
2025,6,2025_06_SEA_JAX,JAX,0,8.142545840183322,00-0039409,8.087683864710346,8.087683864710346
2025,6,2025_06_SEA_JAX,SEA,10,8.560908583359168,00-0031492,8.090868989145925,8.090868989145925
2025,6,2025_06_SF_TB,SF,18,8.037840485318426,00-0034173,7.698531752962167,7.698531752962167
2025,6,2025_06_SF_TB,TB,7,8.661029028060744,00-0035358,8.586009509656801,8.586009509656801
2025,6,2025_06_TEN_LV,LV,10,9.0999560854645,00-0034161,9.320607093710645,9.320607093710645
2025,6,2025_06_TEN_LV,TEN,5,8.270519418080625,00-0035189,8.107096641094671,8.107096641094671
2025,7,2025_07_ATL_SF,ATL,4,8.057810396311911,00-0037542,7.773910836536903,7.773910836536903
2025,7,2025_07_ATL_SF,SF,11,8.347185351842281,00-0034173,8.216211423823385,8.216211423823385
2025,7,2025_07_CAR_NYJ,CAR,7,7.614765723397256,00-0040279,7.623893620232931,7.623893620232931
2025,7,2025_07_CAR_NYJ,NYJ,7,8.52483161447632,00-0025565,8.30166124167244,8.30166124167244
2025,7,2025_07_GB_ARI,ARI,12,7.509885791845391,00-0038567,7.744315939430293,7.744315939430293
2025,7,2025_07_GB_ARI,GB,11,8.45526519331461,00-0038152,8.675659629777236,8.675659629777236
2025,7,2025_07_HOU_SEA,HOU,8,7.75358391730798,00-0032726,7.586665357948595,7.586665357948595
2025,7,2025_07_HOU_SEA,SEA,10,8.555334970474334,00-0031492,8.78163896751335,8.78163896751335
2025,7,2025_07_IND_LAC,IND,6,8.201174378775676,00-0034084,8.24363480887717,8.24363480887717
2025,7,2025_07_IND_LAC,LAC,7,9.06145636082295,00-0037224,9.028967018500861,9.028967018500861
2025,7,2025_07_LA_JAX,JAX,1,7.421411092932232,00-0039409,7.456095737519582,7.456095737519582
2025,7,2025_07_LA_JAX,LA,5,8.143813338457374,00-0039750,7.86246015981302,7.86246015981302
2025,7,2025_07_LV_KC,KC,7,9.310641668023706,00-0033303,8.79098011998018,8.79098011998018
2025,7,2025_07_LV_KC,LV,0,6.752612524815508,00-0034161,6.472708381758711,6.472708381758711
2025,7,2025_07_MIA_CLE,CLE,7,7.520959554766479,00-0038428,7.573001170719537,7.573001170719537
2025,7,2025_07_MIA_CLE,MIA,6,7.139125206483387,00-0036816,7.3925257342560435,7.3925257342560435
2025,7,2025_07_NE_TEN,NE,7,8.043231373641838,00-0040200,7.877329050376204,7.877329050376204
2025,7,2025_07_NE_TEN,TEN,10,7.237391666869472,00-0035192,7.227034542831947,7.227034542831947
2025,7,2025_07_NO_CHI,CHI,14,8.329912645651476,00-0038562,8.650052160911004,8.650052160911004
2025,7,2025_07_NO_CHI,NO,2,7.367522413186374,00-0038905,7.659971600518475,7.659971600518475
2025,7,2025_07_NYG_DEN,DEN,5,8.89427174645703,00-0032569,8.986587379679115,8.986587379679115
2025,7,2025_07_NYG_DEN,NYG,2,6.375747442169226,00-0039934,6.431160183995808,6.431160183995808
2025,7,2025_07_PHI_MIN,MIN,18,8.680289099001836,00-0039404,8.994892269501788,8.994892269501788
2025,7,2025_07_PHI_MIN,PHI,4,8.593284712048685,00-0033787,8.835805487876792,8.835805487876792
2025,7,2025_07_PIT_CIN,CIN,17,7.388451480413032,00-0036854,7.286350239119527,7.286350239119527
2025,7,2025_07_PIT_CIN,PIT,8,9.55623926244946,00-0031136,9.00858611329533,9.00858611329533
2025,7,2025_07_TB_DET,DET,8,9.505936070800836,00-0039172,9.63730924393684,9.63730924393684
2025,7,2025_07_TB_DET,TB,5,8.30262264005084,00-0035358,8.381250288328056,8.381250288328056
2025,7,2025_07_WAS_DAL,DAL,17,9.403936635253174,00-0037692,9.514317647810133,9.514317647810133
2025,7,2025_07_WAS_DAL,WAS,2,8.944564992089722,00-0035269,8.97828290758914,8.97828290758914
2025,8,2025_08_BUF_CAR,BUF,12,8.9174831757587,00-0023853,8.704272297367192,8.704272297367192
2025,8,2025_08_BUF_CAR,CAR,4,7.056704119193922,00-0040279,6.755390067630132,6.755390067630132
2025,8,2025_08_CHI_BAL,BAL,13,8.778695764825134,00-0040074,8.7924661740023,8.7924661740023
2025,8,2025_08_CHI_BAL,CHI,11,8.119072355461103,00-0031203,8.978804730370424,8.978804730370424
2025,8,2025_08_CLE_NE,CLE,1,6.973518700280367,00-0038428,7.277163020892154,7.277163020892154
2025,8,2025_08_CLE_NE,NE,13,8.374124901512072,00-0040200,8.82568466107385,8.82568466107385
2025,8,2025_08_DAL_DEN,DAL,6,8.11136015943135,00-0037692,7.848871591552478,7.848871591552478
2025,8,2025_08_DAL_DEN,DEN,9,8.380839271682012,00-0032569,8.26927490416041,8.26927490416041
2025,8,2025_08_GB_PIT,GB,9,8.599817772114728,00-0029822,8.185832340322918,8.185832340322918
2025,8,2025_08_GB_PIT,PIT,20,7.849493797211908,00-0031136,7.809269969759219,7.809269969759219
2025,8,2025_08_MIA_ATL,ATL,5,8.875799553562723,00-0037542,9.243264324488342,9.243264324488342
2025,8,2025_08_MIA_ATL,MIA,10,7.621099870639799,00-0036816,7.472225927907155,7.472225927907155
2025,8,2025_08_MIN_LAC,LAC,15,8.842822227272634,00-0037224,8.670110703490387,8.670110703490387
2025,8,2025_08_MIN_LAC,MIN,6,8.664215880386209,00-0039404,8.374891109549019,8.374891109549019
2025,8,2025_08_NYG_PHI,NYG,9,7.600064803672659,00-0026858,7.737610402536484,7.737610402536484
2025,8,2025_08_NYG_PHI,PHI,9,8.499090707040898,00-0033787,8.645676209420902,8.645676209420902
2025,8,2025_08_NYJ_CIN,CIN,8,8.563609859558923,00-0036854,8.93735167182042,8.93735167182042
2025,8,2025_08_NYJ_CIN,NYJ,12,8.25221621981724,00-0025565,7.3790941345265635,7.3790941345265635
2025,8,2025_08_SF_HOU,HOU,14,9.023429661095394,00-0032726,8.845335608741552,8.845335608741552
2025,8,2025_08_SF_HOU,SF,1,8.57876269090474,00-0034173,8.361636033284462,8.361636033284462
2025,8,2025_08_TB_NO,NO,4,7.869024267971944,00-0038905,8.138959583906326,8.138959583906326
2025,8,2025_08_TB_NO,TB,17,9.437929556994169,00-0035358,9.312237247556077,9.312237247556077
2025,8,2025_08_TEN_IND,IND,9,9.46858565019291,00-0034084,9.697376822227708,9.697376822227708
2025,8,2025_08_TEN_IND,TEN,2,7.488454309047946,00-0035192,7.47548957403484,7.47548957403484
2025,8,2025_08_WAS_KC,KC,4,9.270258635184696,00-0033303,9.785299000692616,9.785299000692616
2025,8,2025_08_WAS_KC,WAS,1,6.660645849972513,00-0035189,6.353531649472766,6.353531649472766
2025,9,2025_09_ARI_DAL,ARI,10,8.140027014244385,00-0038567,8.202741983905137,8.202741983905137
2025,9,2025_09_ARI_DAL,DAL,5,9.894981406618252,00-0037692,10.063574062836759,10.063574062836759
2025,9,2025_09_ATL_NE,ATL,5,7.604685325937068,00-0037542,7.498268534559865,7.498268534559865
2025,9,2025_09_ATL_NE,NE,6,8.558228776853294,00-0040200,8.371396466027205,8.371396466027205
2025,9,2025_09_BAL_MIA,BAL,4,9.20377395730518,00-0040074,8.973872391141777,8.973872391141777
2025,9,2025_09_BAL_MIA,MIA,8,7.340965842437833,00-0036816,7.500717657729541,7.500717657729541
2025,9,2025_09_CAR_GB,CAR,5,6.414421549900346,00-0040279,6.254359798824417,6.254359798824417
2025,9,2025_09_CAR_GB,GB,8,8.964443904553175,00-0029822,8.716585134152606,8.716585134152606
2025,9,2025_09_CHI_CIN,CHI,11,8.846581902004779,00-0031203,8.587664666200496,8.587664666200496
2025,9,2025_09_CHI_CIN,CIN,11,7.607112218560814,00-0036854,7.827535296343832,7.827535296343832
2025,9,2025_09_DEN_HOU,DEN,4,7.79305273463781,00-0032569,7.747060419844994,7.747060419844994
2025,9,2025_09_DEN_HOU,HOU,18,8.470483851459257,00-0032726,8.671128385035956,8.671128385035956
2025,9,2025_09_IND_PIT,IND,12,8.186698185432828,00-0034084,8.143955259075229,8.143955259075229
2025,9,2025_09_IND_PIT,PIT,10,8.48781425770271,00-0031136,8.641984766895845,8.641984766895845
2025,9,2025_09_JAX_LV,JAX,15,8.827647879879866,00-0039409,8.695075375912609,8.695075375912609
2025,9,2025_09_JAX_LV,LV,5,8.784542389687342,00-0034161,8.83698161684702,8.83698161684702
2025,9,2025_09_KC_BUF,BUF,4,7.99057250875123,00-0023853,7.814310954918011,7.814310954918011
2025,9,2025_09_KC_BUF,KC,8,8.34906345906839,00-0033303,8.30213003099967,8.30213003099967
2025,9,2025_09_LAC_TEN,LAC,11,9.610271638318707,00-0037224,9.547454633001955,9.547454633001955
2025,9,2025_09_LAC_TEN,TEN,9,7.247611164288884,00-0035192,7.240036741565173,7.240036741565173
2025,9,2025_09_MIN_DET,DET,7,9.642682409955212,00-0039172,9.779317086084948,9.779317086084948
2025,9,2025_09_MIN_DET,MIN,11,7.944977742270683,00-0039404,7.908489865026884,7.908489865026884
2025,9,2025_09_NO_LA,LA,4,9.478740014879602,00-0039750,10.368963212246651,10.368963212246651
2025,9,2025_09_NO_LA,NO,4,7.135233884690571,00-0038905,7.190374111676043,7.190374111676043
2025,9,2025_09_SEA_WAS,SEA,9,8.658430448486849,00-0031492,8.352480112005276,8.352480112005276
2025,9,2025_09_SEA_WAS,WAS,2,8.103790976457393,00-0035269,8.189953952368699,8.189953952368699
2025,9,2025_09_SF_NYG,NYG,6,8.402945151664488,00-0026858,8.25166788410717,8.25166788410717
2025,9,2025_09_SF_NYG,SF,12,8.774677312960954,00-0034173,8.786377509674134,8.786377509674134
2025,10,2025_10_ARI_SEA,ARI,2,7.173182892772899,00-0038567,7.142545445020547,7.142545445020547
2025,10,2025_10_ARI_SEA,SEA,15,8.804662551202892,00-0031492,9.013727395550347,9.013727395550347
2025,10,2025_10_ATL_IND,ATL,6,7.625401766180606,00-0033862,7.504507660355887,7.504507660355887
2025,10,2025_10_ATL_IND,IND,8,9.016380800227084,00-0034084,9.331257415101263,9.331257415101263
2025,10,2025_10_BAL_MIN,BAL,14,9.194694116631409,00-0040074,8.820438677309065,8.820438677309065
2025,10,2025_10_BAL_MIN,MIN,9,8.738605039889192,00-0039404,9.130787886338599,9.130787886338599
2025,10,2025_10_BUF_MIA,BUF,1,9.056705059749373,00-0023853,8.662776698470303,8.662776698470303
2025,10,2025_10_BUF_MIA,MIA,7,6.908041153896869,00-0036816,6.949930177290006,6.949930177290006
2025,10,2025_10_CLE_NYJ,CLE,9,7.772752840644445,00-0038428,7.909736936377087,7.909736936377087
2025,10,2025_10_CLE_NYJ,NYJ,9,7.622361567933064,00-0025565,7.906992880124632,7.906992880124632
2025,10,2025_10_DET_WAS,DET,13,9.195787520378827,00-0039172,9.01938081133852,9.01938081133852
2025,10,2025_10_DET_WAS,WAS,5,7.399705146497487,00-0035269,7.382602710992119,7.382602710992119
2025,10,2025_10_JAX_HOU,HOU,4,8.09086085883803,00-0035189,8.109489358753695,8.109489358753695
2025,10,2025_10_JAX_HOU,JAX,13,8.576724097551207,00-0039409,9.182193228160498,9.182193228160498
2025,10,2025_10_LA_SF,LA,6,9.071971699248865,00-0039498,8.83118015305345,8.83118015305345
2025,10,2025_10_LA_SF,SF,2,7.839951476548838,00-0034173,8.06354477580872,8.06354477580872
2025,10,2025_10_LV_DEN,DEN,4,8.6507718306535,00-0032569,8.282101212520647,8.282101212520647
2025,10,2025_10_LV_DEN,LV,1,6.954848327065527,00-0034161,6.714583413716992,6.714583413716992
2025,10,2025_10_NE_TB,NE,4,7.674337492622066,00-0040200,7.59576009410295,7.59576009410295
2025,10,2025_10_NE_TB,TB,5,9.218687232670929,00-0035358,9.191098590009242,9.191098590009242
2025,10,2025_10_NO_CAR,CAR,1,8.127717861868963,00-0040279,7.860676519752224,7.860676519752224
2025,10,2025_10_NO_CAR,NO,5,7.199628782216801,00-0038905,6.6400129983940905,6.6400129983940905
2025,10,2025_10_NYG_CHI,CHI,6,8.358804071040057,00-0031203,8.599553596629976,8.599553596629976
2025,10,2025_10_NYG_CHI,NYG,8,7.383160178418217,00-0033702,7.456564801341591,7.456564801341591
2025,10,2025_10_PHI_GB,GB,1,8.203719818548716,00-0029822,8.445890520320447,8.445890520320447
2025,10,2025_10_PHI_GB,PHI,4,7.261041809170472,00-0033787,7.385626133836902,7.385626133836902
2025,10,2025_10_PIT_LAC,LAC,14,9.287773870535975,00-0037224,9.439574581438615,9.439574581438615
2025,10,2025_10_PIT_LAC,PIT,6,8.801368741980118,00-0031136,8.637113932874014,8.637113932874014
2025,11,2025_11_BAL_CLE,BAL,12,8.126561047965785,00-0040074,8.157078135374563,8.157078135374563
2025,11,2025_11_BAL_CLE,CLE,11,6.302473923408368,00-0038428,6.459708583604585,6.459708583604585
2025,11,2025_11_CAR_ATL,ATL,12,8.804761074226123,00-0033862,8.947209474538376,8.947209474538376
2025,11,2025_11_CAR_ATL,CAR,10,7.767403208359443,00-0040279,8.080648333368712,8.080648333368712
2025,11,2025_11_CHI_MIN,CHI,16,8.194238042756474,00-0031203,7.807119844381712,7.807119844381712
2025,11,2025_11_CHI_MIN,MIN,5,9.222013253476597,00-0039404,9.485342944526328,9.485342944526328
2025,11,2025_11_CIN_PIT,CIN,8,6.827945620988957,00-0036854,6.562684438713674,6.562684438713674
2025,11,2025_11_CIN_PIT,PIT,10,9.798298692655177,00-0031136,9.142769302703904,9.142769302703904
2025,11,2025_11_DAL_LV,DAL,9,9.634467083075297,00-0037692,9.470253835489148,9.470253835489148
2025,11,2025_11_DAL_LV,LV,11,8.289584180069507,00-0034161,8.37850642836859,8.37850642836859
2025,11,2025_11_DET_PHI,DET,5,7.60151387658564,00-0039172,7.675344341569575,7.675344341569575
2025,11,2025_11_DET_PHI,PHI,11,7.85859623670045,00-0033787,7.965860265163965,7.965860265163965
2025,11,2025_11_GB_NYG,GB,1,8.141465523519948,00-0038152,8.481950455954891,8.481950455954891
2025,11,2025_11_GB_NYG,NYG,2,6.698851299392954,00-0033702,6.553402815581293,6.553402815581293
2025,11,2025_11_HOU_TEN,HOU,12,7.994626910004107,00-0035189,8.094778776659986,8.094778776659986
2025,11,2025_11_HOU_TEN,TEN,10,7.453474351242218,00-0035192,7.8519846698555,7.8519846698555
2025,11,2025_11_KC_DEN,DEN,18,7.411532726018696,00-0032569,7.231941803942036,7.231941803942036
2025,11,2025_11_KC_DEN,KC,7,8.023418931482853,00-0033303,7.854341402055256,7.854341402055256
2025,11,2025_11_LAC_JAX,JAX,5,7.380825259111311,00-0039409,7.402135204303394,7.402135204303394
2025,11,2025_11_LAC_JAX,LAC,8,9.033601271019362,00-0037224,8.760756006920257,8.760756006920257
2025,11,2025_11_NYJ_NE,NE,10,8.809218517458731,00-0040200,9.14946184219908,9.14946184219908
2025,11,2025_11_NYJ_NE,NYJ,2,6.641020243763504,00-0025565,6.644468013578872,6.644468013578872
2025,11,2025_11_SEA_LA,LA,3,9.155377628167257,00-0039498,9.274980112987546,9.274980112987546
2025,11,2025_11_SEA_LA,SEA,15,8.661761140242838,00-0031492,8.864426863554634,8.864426863554634
2025,11,2025_11_SF_ARI,ARI,4,8.2073294021138,00-0038567,8.369438460741046,8.369438460741046
2025,11,2025_11_SF_ARI,SF,14,9.14873178666132,00-0034173,9.508057463514074,9.508057463514074
2025,11,2025_11_TB_BUF,BUF,8,8.335254426262875,00-0023853,8.090284157818653,8.090284157818653
2025,11,2025_11_TB_BUF,TB,8,7.495223265550443,00-0035358,7.045226947983196,7.045226947983196
2025,11,2025_11_WAS_MIA,MIA,11,8.391612955815114,00-0036816,8.437630711713929,8.437630711713929
2025,11,2025_11_WAS_MIA,WAS,7,8.27202111339097,00-0035269,7.93541135431934,7.93541135431934
2025,12,2025_12_ATL_NO,ATL,15,8.131779171543172,00-0033862,8.094825660729505,8.094825660729505
2025,12,2025_12_ATL_NO,NO,4,8.320672430841977,00-0038905,9.239456420086995,9.239456420086995
2025,12,2025_12_BUF_HOU,BUF,8,8.520513323267252,00-0023853,8.72050043723294,8.72050043723294
2025,12,2025_12_BUF_HOU,HOU,12,8.116221490027147,00-0032726,8.096382299654566,8.096382299654566
2025,12,2025_12_CAR_SF,CAR,3,7.0902632036859465,00-0040279,6.70098765870583,6.70098765870583
2025,12,2025_12_CAR_SF,SF,9,9.145022579169352,00-0035269,9.030539030482677,9.030539030482677
2025,12,2025_12_CLE_LV,CLE,8,7.529407358852482,00-0038428,6.776846585389096,6.776846585389096
2025,12,2025_12_CLE_LV,LV,5,8.56373191258766,00-0034161,8.725860965413013,8.725860965413013
2025,12,2025_12_IND_KC,IND,8,7.582528350458039,00-0034084,7.558550535336203,7.558550535336203
2025,12,2025_12_IND_KC,KC,16,8.638026145182698,00-0033303,8.500521410685156,8.500521410685156
2025,12,2025_12_JAX_ARI,ARI,6,7.890986870076748,00-0038567,7.966349565902527,7.966349565902527
2025,12,2025_12_JAX_ARI,JAX,13,9.403414607640473,00-0039409,9.56039102147553,9.56039102147553
2025,12,2025_12_MIN_GB,GB,12,8.528105875370832,00-0029822,7.766546902256623,7.766546902256623
2025,12,2025_12_MIN_GB,MIN,10,7.613375981791631,00-0039404,7.271302065639551,7.271302065639551
2025,12,2025_12_NE_CIN,CIN,12,7.300994176380189,00-0036854,7.283900910816434,7.283900910816434
2025,12,2025_12_NE_CIN,NE,18,8.891185201688787,00-0040200,8.487557085245205,8.487557085245205
2025,12,2025_12_NYG_DET,DET,12,9.896096998231783,00-0039172,9.522135541036073,9.522135541036073
2025,12,2025_12_NYG_DET,NYG,10,6.980611019329039,00-0033702,7.082687771769552,7.082687771769552
2025,12,2025_12_NYJ_BAL,BAL,11,9.646524518900224,00-0040074,9.973710244802728,9.973710244802728
2025,12,2025_12_NYJ_BAL,NYJ,5,6.565720528759425,00-0025565,6.658281608705811,6.658281608705811
2025,12,2025_12_PHI_DAL,DAL,7,9.221794569366612,00-0037692,9.531763366362485,9.531763366362485
2025,12,2025_12_PHI_DAL,PHI,3,8.652099768411887,00-0033787,8.745623192276902,8.745623192276902
2025,12,2025_12_PIT_CHI,CHI,8,8.47080804111429,00-0031203,9.111743147269742,9.111743147269742
2025,12,2025_12_PIT_CHI,PIT,4,8.431363869511733,00-0031136,8.246300063400232,8.246300063400232
2025,12,2025_12_SEA_TEN,SEA,13,9.504101837602873,00-0031492,9.677204592326358,9.677204592326358
2025,12,2025_12_SEA_TEN,TEN,6,6.764928577141792,00-0035192,6.718485013788135,6.718485013788135
2025,12,2025_12_TB_LA,LA,13,9.353132712421656,00-0039498,9.483384013945948,9.483384013945948
2025,12,2025_12_TB_LA,TB,1,8.561057076124012,00-0035358,8.782631084743892,8.782631084743892
2025,13,2025_13_ARI_TB,ARI,7,7.583525465578511,00-0038567,7.889135636712756,7.889135636712756
2025,13,2025_13_ARI_TB,TB,10,9.277279954691924,00-0035358,9.402689913697015,9.402689913697015
2025,13,2025_13_ATL_NYJ,ATL,8,8.157197857476321,00-0033862,8.088390558956121,8.088390558956121
2025,13,2025_13_ATL_NYJ,NYJ,11,7.546473349921892,00-0025565,7.480474345410806,7.480474345410806
2025,13,2025_13_BUF_PIT,BUF,8,7.686373075230637,00-0023853,7.30430445080817,7.30430445080817
2025,13,2025_13_BUF_PIT,PIT,1,7.819695008227772,00-0031136,7.455815157197787,7.455815157197787
2025,13,2025_13_CHI_PHI,CHI,6,7.029395818082727,00-0031203,7.0692076044904075,7.0692076044904075
2025,13,2025_13_CHI_PHI,PHI,4,8.500859935493166,00-0033787,8.575650971955003,8.575650971955003
2025,13,2025_13_CIN_BAL,BAL,2,9.145960214248012,00-0040074,8.98702498083833,8.98702498083833
2025,13,2025_13_CIN_BAL,CIN,24,7.313182238532185,00-0036854,7.367183987061317,7.367183987061317
2025,13,2025_13_DEN_WAS,DEN,9,8.648723480499307,00-0032569,8.38361613641836,8.38361613641836
2025,13,2025_13_DEN_WAS,WAS,8,6.625535827677515,00-0038562,6.491140669062012,6.491140669062012
2025,13,2025_13_GB_DET,DET,6,8.66808388912171,00-0039172,9.136832647303791,9.136832647303791
2025,13,2025_13_GB_DET,GB,8,8.5554839017276,00-0029822,8.698859141710926,8.698859141710926
2025,13,2025_13_HOU_IND,HOU,9,8.355171031647338,00-0032726,8.466918084323027,8.466918084323027
2025,13,2025_13_HOU_IND,IND,5,8.198699910575552,00-0034084,8.847436836271452,8.847436836271452
2025,13,2025_13_JAX_TEN,JAX,6,9.17752737822414,00-0039409,9.509572949408097,9.509572949408097
2025,13,2025_13_JAX_TEN,TEN,3,7.304618380305658,00-0035192,7.33243172825464,7.33243172825464
2025,13,2025_13_KC_DAL,DAL,12,9.41558043300516,00-0037692,9.415202553166425,9.415202553166425
2025,13,2025_13_KC_DAL,KC,4,8.765146694867413,00-0033303,8.835989858788619,8.835989858788619
2025,13,2025_13_LA_CAR,CAR,7,6.616714011180075,00-0040279,7.088079969148534,7.088079969148534
2025,13,2025_13_LA_CAR,LA,4,9.74595254016402,00-0039498,9.706264775911151,9.706264775911151
2025,13,2025_13_LV_LAC,LAC,9,10.082784429949848,00-0037224,10.205903739512829,10.205903739512829
2025,13,2025_13_LV_LAC,LV,2,7.470130198005823,00-0034161,8.01566709503868,8.01566709503868
2025,13,2025_13_MIN_SEA,MIN,0,7.138955730681471,00-0039404,6.929864262475492,6.929864262475492
2025,13,2025_13_MIN_SEA,SEA,19,9.606674846230398,00-0031492,9.331975079683364,9.331975079683364
2025,13,2025_13_NO_MIA,MIA,14,8.11517425655711,00-0036816,8.433360005380214,8.433360005380214
2025,13,2025_13_NO_MIA,NO,5,7.576940511965247,00-0039229,7.32416763372575,7.32416763372575
2025,13,2025_13_NYG_NE,NE,15,8.7890997477088,00-0040200,8.621488975100577,8.621488975100577
2025,13,2025_13_NYG_NE,NYG,1,7.042441872009382,00-0033702,7.119464129589037,7.119464129589037
2025,13,2025_13_SF_CLE,CLE,0,6.473668075451321,00-0038428,5.714673875440637,5.714673875440637
2025,13,2025_13_SF_CLE,SF,8,7.934137104207662,00-0035269,7.1383994164043685,7.1383994164043685
2025,14,2025_14_CHI_GB,CHI,8,7.22929500819626,00-0031203,7.191321083645238,7.191321083645238
2025,14,2025_14_CHI_GB,GB,4,8.639001721752875,00-0029822,8.605992867055756,8.605992867055756
2025,14,2025_14_CIN_BUF,BUF,7,8.729633879233317,00-0023853,8.715674475823425,8.715674475823425
2025,14,2025_14_CIN_BUF,CIN,4,7.681393937771394,00-0036854,7.247389390046123,7.247389390046123
2025,14,2025_14_DAL_DET,DAL,23,9.425756245066044,00-0037692,9.43651018845734,9.43651018845734
2025,14,2025_14_DAL_DET,DET,16,8.965366444353375,00-0039172,8.99322220611708,8.99322220611708
2025,14,2025_14_DEN_LV,DEN,6,8.951038343620406,00-0032569,9.124689018796174,9.124689018796174
2025,14,2025_14_DEN_LV,LV,6,7.712721511329681,00-0034161,7.743319644054482,7.743319644054482
2025,14,2025_14_HOU_KC,HOU,8,7.577638493728896,00-0032726,7.309691345777377,7.309691345777377
2025,14,2025_14_HOU_KC,KC,4,7.986602075154634,00-0033303,7.979547104002743,7.979547104002743
2025,14,2025_14_IND_JAX,IND,7,7.765698034282074,00-0038905,7.590801172916345,7.590801172916345
2025,14,2025_14_IND_JAX,JAX,11,8.339373648300882,00-0039409,8.337782790601432,8.337782790601432
2025,14,2025_14_LA_ARI,ARI,5,7.569981584052931,00-0038567,7.825557054793274,7.825557054793274
2025,14,2025_14_LA_ARI,LA,9,9.60072094529695,00-0039498,9.818434323804421,9.818434323804421
2025,14,2025_14_MIA_NYJ,MIA,13,7.980190757435305,00-0036816,7.988083657009297,7.988083657009297
2025,14,2025_14_MIA_NYJ,NYJ,4,7.959896518248994,00-0025565,7.712174617843607,7.712174617843607
2025,14,2025_14_NO_TB,NO,6,7.751997266717921,00-0039229,7.5533694717478275,7.5533694717478275
2025,14,2025_14_NO_TB,TB,9,9.168269361760949,00-0035358,9.498441612199064,9.498441612199064
2025,14,2025_14_PHI_LAC,LAC,20,9.213401883922865,00-0037224,9.347031870619189,9.347031870619189
2025,14,2025_14_PHI_LAC,PHI,17,8.255535674015036,00-0033787,8.44705119478504,8.44705119478504
2025,14,2025_14_PIT_BAL,BAL,10,8.866253461500836,00-0040074,9.042359335630037,9.042359335630037
2025,14,2025_14_PIT_BAL,PIT,9,8.033710670092608,00-0031136,7.995740952919762,7.995740952919762
2025,14,2025_14_SEA_ATL,ATL,10,7.826847734112547,00-0033862,7.917634349560916,7.917634349560916
2025,14,2025_14_SEA_ATL,SEA,14,9.570565781328394,00-0031492,9.554307698350799,9.554307698350799
2025,14,2025_14_TEN_CLE,CLE,5,7.604028734304848,00-0038428,7.871670044591305,7.871670044591305
2025,14,2025_14_TEN_CLE,TEN,8,7.071248870182693,00-0035192,7.379326217949569,7.379326217949569
2025,14,2025_14_WAS_MIN,MIN,8,9.043532425097746,00-0039404,9.054629072730858,9.054629072730858
2025,14,2025_14_WAS_MIN,WAS,0,8.241254694291522,00-0038562,7.479202943323498,7.479202943323498
2025,15,2025_15_ARI_HOU,ARI,2,7.104192857760479,00-0038567,7.240304331345827,7.240304331345827
2025,15,2025_15_ARI_HOU,HOU,18,9.74351456499766,00-0032726,10.14931025988222,10.14931025988222
2025,15,2025_15_ATL_TB,ATL,6,7.382103527656859,00-0033862,7.180399725078184,7.180399725078184
2025,15,2025_15_ATL_TB,TB,11,9.093109358951017,00-0035358,9.060860196707704,9.060860196707704
2025,15,2025_15_BAL_CIN,BAL,6,8.321272826283643,00-0040074,8.334746378369477,8.334746378369477
2025,15,2025_15_BAL_CIN,CIN,0,8.173176286836588,00-0036854,8.237156121115987,8.237156121115987
2025,15,2025_15_BUF_NE,BUF,5,8.310610471617958,00-0023853,8.335815131771474,8.335815131771474
2025,15,2025_15_BUF_NE,NE,7,7.778692636016502,00-0040200,7.66482120474401,7.66482120474401
2025,15,2025_15_CAR_NO,CAR,6,8.140397299169974,00-0040279,8.434343065094641,8.434343065094641
2025,15,2025_15_CAR_NO,NO,10,8.62632847493143,00-0039229,8.757815465788811,8.757815465788811
2025,15,2025_15_CLE_CHI,CHI,8,8.398562031833336,00-0031203,8.685736270135173,8.685736270135173
2025,15,2025_15_CLE_CHI,CLE,5,6.413067177453341,00-0038428,6.044091222347924,6.044091222347924
2025,15,2025_15_DET_LA,DET,11,8.091553046273921,00-0039172,8.32785045714719,8.32785045714719
2025,15,2025_15_DET_LA,LA,12,9.329291555159438,00-0039498,9.816642454660439,9.816642454660439
2025,15,2025_15_GB_DEN,DEN,4,7.847251331290886,00-0032569,8.134351648242701,8.134351648242701
2025,15,2025_15_GB_DEN,GB,16,8.147197329619154,00-0029822,7.986694715248514,7.986694715248514
2025,15,2025_15_IND_SEA,IND,15,6.000877783543423,00-0038905,5.469908322630441,5.469908322630441
2025,15,2025_15_IND_SEA,SEA,24,9.766545328673043,00-0031492,9.83153268819765,9.83153268819765
2025,15,2025_15_LAC_KC,KC,8,8.516065492124469,00-0033303,8.70824290112338,8.70824290112338
2025,15,2025_15_LAC_KC,LAC,12,8.202068951270268,00-0037224,8.017097663222566,8.017097663222566
2025,15,2025_15_LV_PHI,LV,0,6.022844747982632,00-0034161,5.514857632688273,5.514857632688273
2025,15,2025_15_LV_PHI,PHI,7,8.839143508016612,00-0033787,8.881629290970162,8.881629290970162
2025,15,2025_15_MIA_PIT,MIA,5,7.214352959390379,00-0036816,7.281881730508749,7.281881730508749
2025,15,2025_15_MIA_PIT,PIT,4,8.05523908994399,00-0031136,7.995506359237684,7.995506359237684
2025,15,2025_15_MIN_DAL,DAL,16,10.198454979668384,00-0037692,10.1753430787792,10.1753430787792
2025,15,2025_15_MIN_DAL,MIN,12,8.739090731317834,00-0039404,8.451737185055633,8.451737185055633
2025,15,2025_15_NYJ_JAX,JAX,12,9.602971735636432,00-0039409,9.604376592342332,9.604376592342332
2025,15,2025_15_NYJ_JAX,NYJ,11,6.903261353689596,00-0025565,6.612074052858034,6.612074052858034
2025,15,2025_15_TEN_SF,SF,14,9.257894360738046,00-0034173,9.603495491714762,9.603495491714762
2025,15,2025_15_TEN_SF,TEN,6,6.659504964005597,00-0035192,6.371794046276743,6.371794046276743
2025,15,2025_15_WAS_NYG,NYG,3,7.902754134159708,00-0033702,7.819629961633787,7.819629961633787
2025,15,2025_15_WAS_NYG,WAS,13,7.622597085343519,00-0038562,7.6739423364364425,7.6739423364364425
2025,16,2025_16_ATL_ARI,ARI,17,7.906136442075168,00-0038567,8.019182868024181,8.019182868024181
2025,16,2025_16_ATL_ARI,ATL,10,8.787860231085775,00-0033862,9.073863641851775,9.073863641851775
2025,16,2025_16_BUF_CLE,BUF,6,8.250753081435912,00-0034084,8.01195292040504,8.01195292040504
2025,16,2025_16_BUF_CLE,CLE,9,6.422555992274284,00-0038428,5.714375292146846,5.714375292146846
2025,16,2025_16_CIN_MIA,CIN,10,9.03326768757266,00-0036854,8.832615142270807,8.832615142270807
2025,16,2025_16_CIN_MIA,MIA,3,7.497980070810342,00-0036816,7.661915236184688,7.661915236184688
2025,16,2025_16_GB_CHI,CHI,14,8.384266261214398,00-0031203,8.509144686821434,8.509144686821434
2025,16,2025_16_GB_CHI,GB,10,7.687390996847347,00-0029822,7.589275836624052,7.589275836624052
2025,16,2025_16_JAX_DEN,DEN,10,8.511265858845785,00-0032569,8.50839246027101,8.50839246027101
2025,16,2025_16_JAX_DEN,JAX,11,7.811165297102012,00-0039409,7.754566607112938,7.754566607112938
2025,16,2025_16_KC_TEN,KC,12,7.891461148759062,00-0033303,7.962220036250828,7.962220036250828
2025,16,2025_16_KC_TEN,TEN,6,7.107659868023291,00-0035192,7.029373762680346,7.029373762680346
2025,16,2025_16_LAC_DAL,DAL,5,9.80490221336581,00-0037692,10.019257012301221,10.019257012301221
2025,16,2025_16_LAC_DAL,LAC,10,9.44962262437884,00-0037224,9.42412800736174,9.42412800736174
2025,16,2025_16_LA_SEA,LA,14,7.6216236424659,00-0039498,7.217315225515308,7.217315225515308
2025,16,2025_16_LA_SEA,SEA,2,8.476511058405244,00-0031492,8.430217531595558,8.430217531595558
2025,16,2025_16_LV_HOU,HOU,16,9.87133864179474,00-0032726,10.568765286895037,10.568765286895037
2025,16,2025_16_LV_HOU,LV,3,7.108598235765677,00-0034161,7.127261938288012,7.127261938288012
2025,16,2025_16_MIN_NYG,MIN,11,8.243039666896186,00-0039404,8.017646497125105,8.017646497125105
2025,16,2025_16_MIN_NYG,NYG,7,7.437290385694133,00-0040530,6.754124498525236,6.754124498525236
2025,16,2025_16_NE_BAL,BAL,6,8.253531791734575,00-0040074,8.447531758613732,8.447531758613732
2025,16,2025_16_NE_BAL,NE,10,7.483607079095111,00-0040200,7.493936106368621,7.493936106368621
2025,16,2025_16_NYJ_NO,NO,20,9.45870269561408,00-0039229,9.317590741067164,9.317590741067164
2025,16,2025_16_NYJ_NO,NYJ,6,8.099992746570152,00-0025565,8.549894746852905,8.549894746852905
2025,16,2025_16_PHI_WAS,PHI,3,8.84085015954687,00-0033787,8.784653078847107,8.784653078847107
2025,16,2025_16_PHI_WAS,WAS,4,6.8235954005330095,00-0038562,6.772178888223227,6.772178888223227
2025,16,2025_16_PIT_DET,DET,6,9.22143226974889,00-0039172,9.58242587279421,9.58242587279421
2025,16,2025_16_PIT_DET,PIT,11,8.27615320111575,00-0031136,8.720374957929101,8.720374957929101
2025,16,2025_16_SF_IND,IND,11,8.16338719954032,00-0038905,8.201901668155559,8.201901668155559
2025,16,2025_16_SF_IND,SF,12,9.161646635918729,00-0034173,9.279285759474858,9.279285759474858
2025,16,2025_16_TB_CAR,CAR,13,7.233533148091152,00-0040279,6.98734185896357,6.98734185896357
2025,16,2025_16_TB_CAR,TB,10,8.821362455283634,00-0035358,8.779774262063624,8.779774262063624
2025,17,2025_17_ARI_CIN,ARI,2,7.301707341804315,00-0038567,6.997688548659475,6.997688548659475
2025,17,2025_17_ARI_CIN,CIN,9,9.269132948543309,00-0036854,9.1775576578586,9.1775576578586
2025,17,2025_17_BAL_GB,BAL,11,7.264890200631371,00-0040074,7.564808609350425,7.564808609350425
2025,17,2025_17_BAL_GB,GB,6,8.159277018126554,00-0029822,8.282669017365158,8.282669017365158
2025,17,2025_17_CHI_SF,CHI,8,8.060049429823447,00-0031203,7.621120710326059,7.621120710326059
2025,17,2025_17_CHI_SF,SF,6,8.573415135233267,00-0034173,8.539506496751159,8.539506496751159
2025,17,2025_17_DAL_WAS,DAL,17,10.55979691110941,00-0037692,10.602568189141122,10.602568189141122
2025,17,2025_17_DAL_WAS,WAS,13,7.072113723231204,00-0038562,6.689830602549872,6.689830602549872
2025,17,2025_17_DEN_KC,DEN,8,9.26150742793738,00-0032569,10.419379894642956,10.419379894642956
2025,17,2025_17_DEN_KC,KC,10,6.468718044272006,00-0033303,6.467407379032217,6.467407379032217
2025,17,2025_17_DET_MIN,DET,5,8.72580627868268,00-0039172,8.911570570277206,8.911570570277206
2025,17,2025_17_DET_MIN,MIN,16,8.514369155242987,00-0039404,8.63821677083124,8.63821677083124
2025,17,2025_17_HOU_LAC,HOU,10,8.562046104540578,00-0032726,8.589014538916476,8.589014538916476
2025,17,2025_17_HOU_LAC,LAC,4,9.073132260015672,00-0037224,9.203512686093513,9.203512686093513
2025,17,2025_17_JAX_IND,IND,5,8.43387634600537,00-0038905,8.52195189471059,8.52195189471059
2025,17,2025_17_JAX_IND,JAX,14,9.312939301569212,00-0039409,9.346634262445631,9.346634262445631
2025,17,2025_17_LA_ATL,ATL,13,7.9054370359100545,00-0033862,8.132198770257727,8.132198770257727
2025,17,2025_17_LA_ATL,LA,6,9.168512658582117,00-0039498,9.220932555793938,9.220932555793938
2025,17,2025_17_NE_NYJ,NE,6,8.877877605972206,00-0040200,8.835825999454693,8.835825999454693
2025,17,2025_17_NE_NYJ,NYJ,4,7.0683809395435455,00-0025565,7.044585095398239,7.044585095398239
2025,17,2025_17_NO_TEN,NO,14,7.613384025318957,00-0039229,7.566281782674255,7.566281782674255
2025,17,2025_17_NO_TEN,TEN,18,7.347803284783446,00-0035192,7.361941340723993,7.361941340723993
2025,17,2025_17_NYG_LV,LV,5,7.494250695932929,00-0034161,7.891329293047792,7.891329293047792
2025,17,2025_17_NYG_LV,NYG,10,8.308733753726305,00-0040530,8.335975444277533,8.335975444277533
2025,17,2025_17_PHI_BUF,BUF,0,7.842549523586277,00-0034084,7.724819357507132,7.724819357507132
2025,17,2025_17_PHI_BUF,PHI,8,7.547127684425156,00-0033787,7.284319470487731,7.284319470487731
2025,17,2025_17_PIT_CLE,CLE,9,6.990655976471987,00-0038428,6.527217128155146,6.527217128155146
2025,17,2025_17_PIT_CLE,PIT,8,7.980329260275809,00-0031136,7.687596391495225,7.687596391495225
2025,17,2025_17_SEA_CAR,CAR,4,6.75564316267647,00-0040279,6.610628059657691,6.610628059657691
2025,17,2025_17_SEA_CAR,SEA,10,9.121460014508452,00-0031492,9.1476087913968,9.1476087913968
2025,17,2025_17_TB_MIA,MIA,8,7.271902069191863,00-0036816,7.001211790315662,7.001211790315662
2025,17,2025_17_TB_MIA,TB,5,9.58289358141042,00-0035358,9.543809799489498,9.543809799489498
2025,18,2025_18_ARI_LA,ARI,11,7.105967836106425,00-0038567,7.051585563821666,7.051585563821666
2025,18,2025_18_ARI_LA,LA,15,10.001546840518262,00-0039498,10.35862182660182,10.35862182660182
2025,18,2025_18_BAL_PIT,BAL,7,8.063416688738043,00-0040074,8.080372334848262,8.080372334848262
2025,18,2025_18_BAL_PIT,PIT,10,7.527012576200255,00-0031136,7.760927406826952,7.760927406826952
2025,18,2025_18_CAR_TB,CAR,2,7.359943494433045,00-0040279,6.758271589556812,6.758271589556812
2025,18,2025_18_CAR_TB,TB,11,8.45045802896111,00-0035358,8.274715047183951,8.274715047183951
2025,18,2025_18_CLE_CIN,CIN,0,9.202214455221544,00-0036854,9.0700403831334,9.0700403831334
2025,18,2025_18_CLE_CIN,CLE,9,6.739061783636362,00-0038428,6.615461788795762,6.615461788795762
2025,18,2025_18_DAL_NYG,DAL,5,9.648956859417268,00-0037692,9.650899152999315,9.650899152999315
2025,18,2025_18_DAL_NYG,NYG,15,7.518968781861424,00-0040530,7.350943057599092,7.350943057599092
2025,18,2025_18_DET_CHI,CHI,0,8.258138990916803,00-0031203,8.43964968218899,8.43964968218899
2025,18,2025_18_DET_CHI,DET,14,8.12548095388042,00-0039172,7.991533230978108,7.991533230978108
2025,18,2025_18_GB_MIN,GB,3,6.675866281006186,00-0029822,6.532325883284585,6.532325883284585
2025,18,2025_18_GB_MIN,MIN,11,10.4939885536363,00-0039404,11.459093799018186,11.459093799018186
2025,18,2025_18_IND_HOU,HOU,26,9.732725609155324,00-0032726,9.94631237721441,9.94631237721441
2025,18,2025_18_IND_HOU,IND,14,7.353404524705237,00-0038905,7.36788157029495,7.36788157029495
2025,18,2025_18_KC_LV,KC,15,9.042600896562131,00-0033303,9.122023817986413,9.122023817986413
2025,18,2025_18_KC_LV,LV,16,7.693999350088384,00-0034161,8.592433202767825,8.592433202767825
2025,18,2025_18_LAC_DEN,DEN,14,9.236027610836588,00-0032569,9.14597537333802,9.14597537333802
2025,18,2025_18_LAC_DEN,LAC,3,6.092976221705188,00-0037224,5.559250866022609,5.559250866022609
2025,18,2025_18_MIA_NE,MIA,6,5.997085624958318,00-0036816,5.788456257642242,5.788456257642242
2025,18,2025_18_MIA_NE,NE,10,8.961237573464448,00-0040200,9.18576504815966,9.18576504815966
2025,18,2025_18_NO_ATL,ATL,16,8.902073215081176,00-0033862,9.363014811326309,9.363014811326309
2025,18,2025_18_NO_ATL,NO,5,7.78946953378362,00-0039229,7.884940841095452,7.884940841095452
2025,18,2025_18_NYJ_BUF,BUF,3,9.038640992881223,00-0023853,8.802507569584677,8.802507569584677
2025,18,2025_18_SEA_SF,SEA,8,8.927367818932456,00-0031492,8.54180635608036,8.54180635608036
2025,18,2025_18_SEA_SF,SF,4,7.772369259335836,00-0034173,7.446329647479072,7.446329647479072
2025,18,2025_18_TEN_JAX,JAX,15,9.401886180271797,00-0039409,9.637897381160762,9.637897381160762
2025,18,2025_18_TEN_JAX,TEN,1,6.742569479910518,00-0035192,6.398133315354849,6.398133315354849
2025,18,2025_18_WAS_PHI,PHI,5,7.756820982403842,00-0033787,7.812307725658535,7.812307725658535
2025,18,2025_18_WAS_PHI,WAS,8,6.753416129979778,00-0038562,6.376216220586265,6.376216220586265
