season,week,game_id,team,y,position,v42,market,ridge10_base,ridge10_extended,ridge100_base,ridge100_extended,ridge1000_base,ridge1000_extended,bayes_base,bayes_extended,extra16_base,extra16_extended,extra40_base,extra40_extended,cat2_base,cat2_extended,cat4_base,cat4_extended,cat6_base,cat6_extended,hist_base,hist_extended,ridge100_recent,cat4_recent,extra40_recent,rare_shrink0.5,rare_shrink1.0,rounded_pa,pbp_ridge100,pbp_ridge1000,pbp_bayes,pbp_cat2,pbp_cat4,pbp_extra,pbp_xgb,pbp_lgbm,pbp_poisson_events
2023,1,2023_01_ARI_WAS,ARI,13.0,DST,6.22977372778951,6.269865,7.41687564682326,8.800855743577616,7.077251470681446,8.339859799146467,6.667496063794737,7.419151604721783,6.64031527965196,7.055808556018062,6.191084913009192,6.029358423451406,6.100716847323021,6.03816639643278,6.576146793828792,6.54553829894653,6.684752006364338,6.621225346561007,6.267803296955178,6.906290924557177,5.899581011844323,6.975593575384953,8.179551883159082,7.159267040737101,6.020459398572373,6.226517298696052,6.223260869602595,6.3480543753658525,7.164659013361408,6.573848228406543,6.542403194183525,6.446164433469745,6.1526783997639445,6.047204242683648,6.2238655,5.918342262488612,6.768333460559129
2023,1,2023_01_ARI_WAS,WAS,8.0,DST,8.22789612990418,9.22941,9.440445161140293,8.913536911701822,8.946875797066067,8.582587224460571,8.41524492429468,8.392187617361213,8.39236506566967,8.303042324434804,8.138294946986393,7.8110112437438,8.033394304632356,8.233425325485715,8.551495751408657,8.348069724513724,8.610527405168842,8.779642254521114,8.301161519357064,8.562541024145034,8.736063858433013,8.687312297824455,8.178478587814865,7.978269539329634,8.229416382048962,8.236780869450605,8.245665608997031,8.36983851083702,9.709863684196478,8.638053411834994,8.539331931845751,8.241366419204724,8.112024038207892,8.036565697979833,8.484645,8.526070597527914,8.69967028809387
2023,1,2023_01_BUF_NYJ,BUF,5.0,DST,7.442537234768129,7.319023,7.238146271267768,6.241407526400935,7.278607631028856,6.055730612548064,7.556026079914319,6.8709643902951285,7.60848479911547,7.382101440775753,7.593121408729777,8.23334102169267,9.153447102707204,9.033031207818867,9.92822316578204,9.534281248275136,9.725185148515289,9.66363737538082,9.787500348679156,9.265752192947422,7.809715325884127,6.807314958837559,6.611967102994065,8.646684168736828,7.618670440802938,7.329764654885765,7.216992075003402,7.564454039997689,7.725110590628626,7.72012526413954,7.813354116728492,9.673264591098434,8.789761048107447,8.583933993680105,6.6491995,6.767984818875618,7.359090467017905
2023,1,2023_01_BUF_NYJ,NYJ,20.0,DST,5.838637438032426,6.2620425,5.204947249514688,4.887498001468751,5.183488943973822,4.95447832401681,5.344747260681951,4.865840547450134,5.369011416053107,4.974108772792492,7.045053859482692,6.682253071233629,6.870954875346656,6.5848240732283845,6.619600516485666,6.315477462540552,5.7347735101177175,5.6210337867309335,6.41648204395989,6.154763128664806,5.8829953237208645,5.994762101978303,3.746760052233864,5.576739304973679,5.774398533319667,5.850760604737495,5.862883771442563,5.950599402152802,5.122733750510773,5.317191928584093,5.34508045860818,6.524518178351004,6.453211171624086,6.815403078246427,5.963169,6.1889781407698745,5.630743534938354
2023,1,2023_01_CAR_ATL,ATL,12.0,DST,7.204419494984841,8.120638,6.649448492078726,6.969553314617484,6.757865399145276,6.706441475262079,6.687616041092152,6.562451793234126,6.663280274523106,6.547261292412462,6.6822671315384525,6.807622978632559,6.948393238678617,6.863503883809279,7.197491602756834,6.9767807786378135,7.171646107747378,7.121279418981226,6.828810340070569,6.967507419915949,7.379979333082762,6.908791396165094,4.658954439469119,6.478512693381883,6.571247433254903,7.141170810481727,7.0779221259786125,7.335018703244599,6.09679956631214,6.2845222336783015,6.331335940073828,6.831777667317574,6.7883345825573524,6.774870074793966,6.750275,6.190577846827966,6.362062449397518
2023,1,2023_01_CAR_ATL,CAR,4.0,DST,5.882178321746479,6.640865,4.720737490387133,3.9930674806533046,4.63861031225475,4.127282496015718,4.991240780677349,4.777174425441624,5.080773299792227,5.198059073412459,6.040776203788425,6.059776352841013,6.119789782252031,6.001167313688484,6.388449867701629,6.424784716819264,6.25915449057357,5.909819433978468,5.886524106477314,5.9583322009855735,5.4533839412541605,5.508419335229531,5.285765141021855,5.789887684603444,5.873245410369317,5.9614966627444135,6.040815003742349,6.00024965826562,4.301440961716141,4.969723735580084,5.184315475707821,6.457389544128473,6.4664655104458815,6.168773910044086,5.5640826,5.340621627700235,5.616862699702372
2023,1,2023_01_CIN_CLE,CIN,7.0,DST,6.5224575568766365,6.7068195,7.708877348432215,7.659416745639346,7.305055143748592,7.081305067982744,7.000680335774186,6.741754084604361,7.017825489184673,6.941290336215869,7.072670465275665,7.262448009303982,7.48506334846667,7.438718228089873,7.622031772325453,7.522260515619851,7.490703848289199,7.504506271578124,7.747825452948694,7.19083423400701,6.519857993102577,6.378018584488193,7.15347029035768,6.422817370578365,6.892404820203288,6.541479708250934,6.560501859625231,6.638625160202137,7.265019812014646,6.980841884044833,7.020106495218236,7.353421967430031,7.436507934337499,7.280709104432801,6.3571954,6.302321064764907,7.188991601713227
2023,1,2023_01_CIN_CLE,CLE,9.0,DST,5.409411546493837,6.2840276,6.453696170841121,4.451103308880237,6.396557920790739,5.061913346680729,5.9632089528397865,5.266387119509831,5.902446487544181,5.318269317950261,6.585918594812513,6.355812161539174,6.527794277846028,6.35271600356324,6.0659616593811005,6.086454715693464,6.104963176401291,6.162099844633147,6.430338874167743,6.323480359453637,6.804062289840001,6.303591705835392,4.597718486298858,5.233206576840722,5.79216893745311,5.4133786808711815,5.4173458152485265,5.521062020708094,6.022848384680059,5.931891017583803,5.847936921162084,6.644031763726534,6.599875559493141,6.589772866467141,6.244607,6.650558813088499,5.968011796002814
2023,1,2023_01_DAL_NYG,DAL,37.0,DST,6.4914264538703685,7.530419,7.062692617156178,8.166458776302472,6.901549299117067,7.771019066690187,6.345646145111507,7.017708512515352,6.310781875081618,6.764623963437195,6.936886558242506,7.226731683004761,7.215018594088185,7.151256592924439,7.576558799086981,7.2917400083258,7.195790346705606,7.581496301146112,7.040208562300861,7.521537462396216,7.383353238109905,7.805112270632706,7.241290808071469,7.281700288145784,6.541325829920828,6.6552224519902925,6.8190184501102165,6.61349228082956,6.433557029918521,6.105219256364518,6.12398233565842,7.073081045684547,7.046268555325973,6.879387537361831,6.886239,7.147034920216565,6.5235195598274665
2023,1,2023_01_DAL_NYG,NYG,-1.0,DST,5.738121788855841,6.0506463,7.080817707542825,8.1557042566129,6.641863264845295,7.0752323938762185,6.168691219703636,6.166202203137946,6.14707476160017,6.070968924519062,6.544991957103515,6.637136382657507,6.5533801037614445,6.424087812099064,6.5469670101431925,6.58687649986285,6.641101184262364,6.316897980236072,6.358055849517702,6.6287429379995215,6.859418057727478,6.466111059000769,6.190817912778136,5.674901257027753,6.029716925279443,5.64045359896741,5.54278540907898,5.8508178120590815,6.371960380098672,5.991446972644433,5.977299725610994,5.96801384975698,6.20976516280732,6.280776106968685,6.430655,6.701932093093043,5.667948666075201
2023,1,2023_01_DET_KC,DET,9.0,DST,4.263587567905397,4.6907344,6.527269128320601,7.878050162844782,6.253704403767702,6.860530723455873,5.291954679282,5.516610134274224,5.1895945510585975,5.199356369120176,4.901583663577226,4.841222992833795,4.912218509792968,4.92248670352897,4.116970504139202,4.319763539662585,4.153280242596944,4.08589163604778,4.321717968096755,4.690485932678964,4.71682317385682,4.391795391266061,6.244330679771924,4.728614906706638,5.388738091778773,4.326298416992559,4.389009266079721,4.36637342711874,5.9226662808067605,5.05917839282386,4.917583634843497,4.503537593263873,4.350989153308637,4.8414722943016235,4.422261,4.7275388663927655,5.153529388174331
2023,1,2023_01_DET_KC,KC,4.0,DST,5.385587570358361,6.3819027,6.901176776698576,7.075092033270064,6.745663556022048,6.569132614728826,6.354684864873838,6.21103819334254,6.303762915852932,6.051993293872875,5.431621457378267,5.333159164132376,5.76460454994271,5.609109868023416,5.587234548037086,5.325033357768688,5.650347191537443,5.5781394982752674,5.478469634650655,5.04703788521428,4.948123059807325,4.828799841093148,7.897225215673818,5.715469301703928,5.677794368919152,5.433049742466752,5.480511914575143,5.494532659513864,6.801313801523041,6.309595396222776,6.18912321460404,5.3418742766616365,5.312272932827583,5.71836346199962,5.0246177,4.6972338929239905,6.3706789970165065
2023,1,2023_01_GB_CHI,CHI,0.0,DST,5.786280507867103,7.51837,4.775389539793234,3.4395842324102075,5.234717201959251,4.127682144526952,5.329677136458259,4.668324056288178,5.269830580587829,4.541332970658185,6.388849902595006,5.975879136837883,6.753264476798448,6.527351774969239,5.841047491506445,5.64153347853164,5.396747524347796,5.5418993921108175,5.430969378153125,5.451607737886832,5.683943596804463,5.6869654583252505,4.889657389474976,5.628375298788671,5.819365686474568,5.836444372006485,5.886608236145869,5.905873672363752,4.7148032808232845,4.980079731835165,4.938149534120319,5.97790669591227,5.723893352481473,6.398345944532833,6.9100404,5.422897764972836,5.332426146962375
2023,1,2023_01_GB_CHI,GB,15.0,DST,7.778267241007764,7.0955777,8.447260772789996,8.656785708599921,8.373725787780836,8.35502202990927,8.32373427969616,8.55629729998588,8.330611299845202,8.699389582242002,7.821704774099273,7.989926026948996,7.752217347993084,7.87870779609922,8.463732558168317,8.751390507569415,8.420457353670068,8.910191877592027,7.614611456063108,8.757764409998416,8.148671480336706,8.764219475689158,9.657412389086511,8.738524753656947,7.458205358058085,7.668033051336991,7.5577988616662175,7.898992843451454,7.588829027481369,7.865143516910335,7.96953004489569,8.251626154200748,7.791247735446402,7.706066917489474,7.425616,7.356048761327456,8.039468310219522
2023,1,2023_01_HOU_BAL,BAL,11.0,DST,8.586036377387845,8.94635,8.015087891964816,9.861202132938038,8.167753290157762,9.295979863092594,8.443134834333064,8.97446798217898,8.435996609984068,8.768696409357567,8.278410855263893,8.392801434818361,8.434208716493535,8.267123673088285,8.386790948692264,8.228608758876097,7.982552337453316,7.983261107340128,8.18038071221861,8.189536669371526,8.568497942228808,9.080494568805824,9.054238191453171,8.084190637892576,8.70668610934266,8.390066802888247,8.19409722838865,8.723566044123915,8.290068891570652,8.551850638667455,8.52954835558712,8.10968008283694,8.022266232023387,8.553892729069421,8.629086,9.12403519634898,8.273451980681875
2023,1,2023_01_HOU_BAL,HOU,7.0,DST,5.074169605171464,4.929825,6.192906725497116,5.034465086583207,5.8735915259725004,5.326999941546426,5.701912362386179,5.586007740787681,5.747703132833558,5.847147297915215,5.006229460243017,5.117047840892276,5.2342946157777845,4.950322964977085,5.628490671893379,5.69614413167195,5.241479401942753,5.575511106899455,5.325147193998525,5.575558562933188,5.326464461009245,5.348704566856891,8.29564301461464,7.058734571371791,5.759433016352197,5.068226035466181,5.062282465760898,5.180688669349426,5.948709028718083,5.819076747516315,5.94342470640499,5.793162084019173,5.740891550017225,5.3510946173472735,5.4858646,5.215543141885777,5.883324057786341
2023,1,2023_01_JAX_IND,IND,5.0,DST,4.617272499233018,5.797394,3.173657657074457,3.237424740879119,3.461654336598547,3.755635804972113,4.128961452408502,4.430982910099848,4.244763808095511,4.744098197337193,5.700084720045205,6.046140287930113,5.6731827322271045,5.663123265395615,5.060643397448732,5.721203995607293,5.297755999846962,5.328928262525323,5.133701870011224,5.68977634708653,6.614222213043519,6.7461576439767175,3.387437095560016,5.4116985768731976,5.505827254936734,4.737137203160393,4.857001907087769,4.72576912021332,3.6568975159249955,4.141867220365467,4.351115961853065,5.754209643070506,5.3546050258128615,5.687272884267852,5.8861833,6.578548519803439,4.761127421766482
2023,1,2023_01_JAX_IND,JAX,10.0,DST,6.937163523583715,7.4885626,7.056291613644952,6.874317533597213,7.157734878419161,7.314213271097224,7.3140111935899474,7.455332728274917,7.398759501975516,7.698802163462979,8.114438564971772,8.110153952236173,7.898647163085113,8.065717225818682,8.726482107938185,8.2402091140118,7.800861919985381,8.53691355745237,8.270122081801363,8.31714314954114,7.965963878721292,8.662659097442493,8.282765346618335,7.042458711491051,7.469938032551663,6.909534009537422,6.881904495491129,7.056845443596295,6.768074336173337,7.097043029107434,7.32649009174432,8.299081080002232,7.923476124011153,7.911412982190114,7.8246174,8.122061019621519,7.3440376427947065
2023,1,2023_01_LA_SEA,LA,6.0,DST,5.50629806980847,5.765473,6.224487904222226,5.591163854926084,5.8277577423513085,5.175335610810361,5.71497015328025,5.164238540104654,5.758897898231502,5.440310609064309,6.367042720505328,6.274426185636704,5.879866832151024,6.111069894370212,5.896135465725557,5.588961427875986,5.879654437078449,6.051852922623086,6.098974129973078,5.924622680854503,5.539196813206069,5.802162925649004,5.792307692200215,6.342505639194872,6.090351606100337,5.542118896408359,5.577939723008249,5.615827986395637,5.72411390176204,5.615170898635005,5.724693676519186,5.9238859987887675,5.714202452451863,6.326133006106228,5.503221,5.360379173682306,6.022572454565903
2023,1,2023_01_LA_SEA,SEA,1.0,DST,7.794819541979779,7.668038,8.427455642187438,8.701155994916906,8.298280887644895,8.537313552848099,7.990470472916984,8.118201444764836,7.986694468886052,8.033400391999201,7.874518127948634,7.749491357435112,7.918660089391639,7.987322133160471,8.016039755978188,7.953218872697133,7.810741136174335,8.606352871029285,8.341651020689074,7.946623739569453,7.616457010453795,7.974221676560779,9.167880171974955,8.283555471512406,7.5866440951775775,7.760016178093253,7.725212814206727,7.918045713013935,8.589132194552688,8.162057565206633,8.150138747768459,8.098793290690868,8.453682444675989,7.992683061389297,7.9434037,8.620505148543536,8.273644295642661
2023,1,2023_01_LV_DEN,DEN,3.0,DST,6.9151739044841225,7.646053,5.922398113926819,6.654912997847948,6.02161400536779,6.546346156316642,6.43957171482983,6.338004244604149,6.4489916319016745,6.246308496865645,6.812269166361058,6.486167763519791,7.030555001638357,6.547158294821969,7.182549123053984,6.821133101258713,6.734311328848355,6.950032937849239,7.297415797808526,6.623626566756465,6.662423352225235,7.054100513480832,5.299327633653891,6.812808729799922,6.4622183082234494,6.762168753307344,6.609163602130565,7.037640855424336,6.5206606916094545,6.647686448087107,6.617207001621183,7.067986154750145,7.184086091962802,7.098847066825876,7.086595,6.909695267769741,6.398769159746773
2023,1,2023_01_LV_DEN,LV,3.0,DST,5.927676235238633,6.3776765,5.015705072872437,5.616646642264891,4.849589523374117,5.083242749290871,5.28284553548211,5.64163693548071,5.392789259822388,6.062317834914751,6.650313194184551,6.975435107606073,6.7517284551583145,6.726988906993359,6.415719532252225,6.500069388071511,6.307151727264236,6.8227827970425965,6.030105693797032,6.351702185445186,5.57883375841753,5.904973356736212,7.472287349734829,6.66904513059991,6.381036604926802,5.99007974491525,6.052483254591866,6.044029579133361,4.840256796595345,5.171864338292394,5.394669977904254,6.2437203270517845,6.209395536245099,6.5595091045838645,5.807979,5.231962633086004,5.615891076691489
2023,1,2023_01_MIA_LAC,LAC,0.0,DST,6.194750292207304,6.5393934,7.437726154415378,7.734531424529269,7.1898639989421405,7.061192900844638,6.968214452864703,6.7913751696468765,6.956502127078888,6.8819027854590304,6.510972985378489,6.47464648599348,6.5519790784137175,6.845896051827966,6.636837355856274,7.448639805175854,6.976450465499866,7.693873381587615,6.603210528129617,7.676938878975218,6.563846571595623,6.695800558922668,7.090811294420186,7.88337911582032,6.496433211215131,6.106529353668365,6.018308415129426,6.304936484627485,7.981262578793821,7.3236500351214335,7.289054298762572,7.254785523614534,7.253124319641283,6.857258467626182,7.1738086,6.942020294064815,6.87184735028567
2023,1,2023_01_MIA_LAC,MIA,2.0,DST,4.383678227145202,5.271017,5.250626053113876,6.876744668284374,5.001492786680223,6.132651869103586,4.816382495573503,5.349059941278768,4.838628845546085,5.217456557153194,4.336298255005368,4.64623223495606,4.652315667932146,5.007322824332272,4.764112520098075,5.00326739256917,4.710889527634094,5.047948247317398,4.860993789308499,5.255014164451449,4.625898564704485,5.237364682865246,5.399531222519045,4.724723245563444,4.900558409529507,4.471023328823694,4.5583684305021865,4.490451215377684,4.960092190254831,4.729503603169521,4.77638660567667,4.576574259012484,4.750940772342712,4.7373972278666185,4.8669796,4.664433902534656,4.9377168634268696
2023,1,2023_01_PHI_NE,NE,6.0,DST,5.451775768254485,6.0506463,3.954173072817428,4.2716302882953325,4.431984091318306,4.3635236818093865,5.299175428301315,5.026340956226423,5.421709064941743,5.369357265895719,6.7475595713760415,6.567257153710965,6.701992484578164,6.4340394761901125,6.317301375490698,6.600059643030509,6.439414236160178,6.550397819466119,6.253565187672951,6.355550402465686,6.801061384935202,6.508054922865559,5.930958088782601,6.702334209769914,6.140252503190135,5.5132897519365445,5.574803735618604,5.56058928321686,4.596404191427903,5.2314060805050495,5.443131460067255,6.450622713610073,6.417334146883341,6.518563577740619,6.9914813,7.083261627012536,5.418377564052515
2023,1,2023_01_PHI_NE,PHI,13.0,DST,7.982158894686882,7.530419,9.45834196382194,10.221747100843544,9.073853781077826,9.532363008702005,8.267551165698423,8.803406030788919,8.185361939834621,8.503498101774868,8.246552810510721,8.470057762943698,8.11393684284944,8.365500007200547,8.431708067469131,8.158907625387865,8.193844610250466,8.492768008596984,7.763542976611843,7.849349645202231,8.218053929326025,9.297691694300887,9.310587290067197,9.2123765261635,7.745067432078284,7.920489279007807,7.858819663328733,8.106002398725572,8.412468488352115,7.934319261066179,7.846874974098279,8.055157169850029,7.883417816298069,7.992169529267583,7.585155,7.107505907215052,7.868834478333729
2023,1,2023_01_SF_PIT,PIT,4.0,DST,6.388915944207809,6.9161024,9.25884958446043,9.493033075606856,8.67062242975785,8.732545487505806,7.137911584253149,7.398637326166397,6.940460313562751,6.845234053839618,6.654402491602704,6.627282756164694,6.821512855423308,6.516190678411578,7.246547490803647,7.471544127482999,7.499445537528017,7.361521408243621,7.345517262839985,6.7922215576910485,7.850999823416114,7.894065186581434,8.677480638712638,7.321736876557732,6.584892904797145,6.419972091948577,6.451028239689345,6.507262350552246,9.048718628032184,7.333771626923623,6.953283064091957,6.972646380272721,6.773577738570167,6.750192685276739,7.039373,7.2833250684772075,7.053887339949147
2023,1,2023_01_SF_PIT,SF,13.0,DST,7.152764616306751,7.5502906,7.830551391431057,9.436817752445466,7.553772305723204,8.344102089796733,7.071621458911085,7.271274048613336,7.020993495088154,6.937819019885825,7.350412944031728,7.312813034011159,7.212419963538026,7.195373927451142,7.478925200744215,7.266894185002017,7.470455010758128,7.09483089729469,7.489292858364317,7.388215816794084,8.126621162932304,7.936588690741238,8.8931920540733,8.019173695180873,6.810820484668403,7.062732056900502,6.972699497494253,7.277914974282353,7.863633847201396,7.21734875002959,7.14531633618176,7.483915734307083,7.65730706267789,7.238562102634544,7.924177,7.6294292702255415,7.010246988603381
2023,1,2023_01_TB_MIN,MIN,2.0,DST,6.150837175817244,7.56234,6.465786015214621,7.862802540819902,6.475995797790956,7.38868590992796,6.141362969322358,6.661033286393153,6.091985554641766,6.323204225006238,6.0218632635651765,6.5202251877628346,6.199196291594533,6.755211766263384,6.676005786569793,6.855463256208682,6.468655245256263,6.992054089662058,6.395239955347789,6.7814360750060745,6.392878029763046,7.870486931517811,8.043949838506482,7.480480398813095,6.7013492846268194,6.160063601294488,6.169290026771732,6.274664193056356,6.945955252774178,6.296542749285326,6.162631125807756,6.632673075772134,6.343526306937015,6.074413914450796,6.5879307,5.884254204173989,6.15196215945448
2023,1,2023_01_TB_MIN,TB,9.0,DST,4.981293625038254,5.871171,3.838466326623253,5.144294510364004,3.9576218671051016,4.79350598410495,4.727073788980492,5.218312626484615,4.818212088864775,5.36183141670759,6.335275177418425,6.552267989950424,6.005364964718904,6.137082369100731,4.952774404261794,5.552722647754607,5.092328919110535,5.668865352435867,5.378273394170992,5.874622957603952,6.005493442854401,6.240176983763224,3.864534405489645,5.186454848247903,5.453270459555635,5.013440734466131,5.045587843894007,5.091342813596995,4.318349835284978,4.752194392933166,4.90480279921534,5.653955770540895,5.724157000083851,6.164794801614905,5.836694,6.446451136574654,5.0765039179717215
2023,1,2023_01_TEN_NO,NO,10.0,DST,7.739564159904034,7.941162,7.690934443518317,5.80368628117255,7.991871514173594,6.41105956218333,8.052804086100545,7.174736198470986,8.111488175282181,7.6829227641423214,8.538318369373439,8.230883592109352,8.237629044336881,8.573063989950036,8.960380618954602,8.121698403209622,8.889810019971623,8.134533393584569,8.616885234454308,7.616453229588314,8.617578334057114,7.837015217852857,5.127332981672894,6.246171641466943,7.181046291113219,7.79009708587501,7.8406300118459855,7.869640177289734,8.209167370540948,8.319383527849883,8.455779477093284,8.463575092702877,7.746318844499726,8.247364085871581,8.187867,8.528385586666955,8.731228976745218
2023,1,2023_01_TEN_NO,TEN,9.0,DST,6.324131222840809,6.6727858,6.55213094157028,7.480087776954796,6.424404222728792,6.883436798281649,6.502928661163963,6.279781128877776,6.515743248571452,6.196022105589591,6.16871464929112,6.253708368821799,6.498696397972995,6.208570120299021,6.700614927190935,6.561340415728031,6.62142001039313,5.996777169029958,6.6402972038940735,6.159936209465115,6.161844785971932,5.238328089596759,5.1261636015802825,6.0296558082803005,6.127674218180654,6.254238481406677,6.184345739972544,6.443975669893339,6.169529092938252,6.4361046705458165,6.485360668911028,6.795635140015897,6.6698021623579455,6.437596709425389,6.60346,6.589564778690802,6.430345867462152
2023,2,2023_02_BAL_CIN,BAL,3.0,DST,5.682186809305287,5.903092,5.564196520958761,5.0191891768138,5.74028701035163,5.036880294399932,6.145193623738922,5.744705471359138,6.221160546412147,6.232749269984647,5.793392336310809,6.2439432320868535,6.220969653889342,6.257613014144366,6.117317374686202,5.912881171585755,5.882153943652608,5.576920359182198,5.842464700379593,5.660635405020705,6.037338896897788,5.625103243104216,5.9313964332389,6.817475364992293,6.246734791074349,5.6415187432019005,5.600850677098514,5.793773814293134,5.608309776603964,5.869945154571575,6.042951224023876,5.8384839209526165,6.12309893432497,6.022761505887897,5.8085656,5.726208642189604,5.946394451262954
2023,2,2023_02_BAL_CIN,CIN,6.0,DST,6.804388815282424,7.3828645,7.535882723181633,7.447709300366303,7.202704669653927,7.067210828840276,6.896993815001159,6.802253794082543,6.9245010724638485,6.90871135875018,7.227934832606213,7.509846416452673,7.608296582487156,7.561035639795909,7.807401594106652,7.615058730920835,7.530179767931552,7.658560130899471,7.329772290637999,8.091451102258906,5.994672392579125,6.446266765749827,8.128504137889191,6.9996915784544775,7.293964472292547,6.794862601456541,6.785336387630657,6.923792282417533,7.358375747496426,6.946412443995668,6.988949916838418,7.888928574427429,7.67535904181014,7.398236995984889,6.8601255,6.498546997320925,7.165802079053045
2023,2,2023_02_CHI_TB,CHI,2.0,DST,5.578188694498095,6.778484,6.805208243518812,7.447403522970857,6.651429827293129,7.0048779396931735,5.913896874367813,6.168967113467497,5.759669333971441,5.502928763195649,6.25703845204148,6.149445091087415,6.316747926843059,6.448382462838887,6.484436901089942,6.326305249509459,6.07713634963523,6.400534394786532,6.308629865374493,5.839759738578301,5.97303494365136,5.514793009053979,8.100599678182178,6.415786291436026,6.451394924919733,5.571320836940807,5.56445297938352,5.6985426895723235,6.750920833669338,6.001276999995526,5.704959527785807,6.5374159616703125,6.265474905175189,6.284358410521045,6.295423,5.800289265040031,5.808135849730419
2023,2,2023_02_CHI_TB,TB,17.0,DST,7.4254406063312945,7.835464,6.570456570876153,7.898808651347496,6.555163873684845,7.628211523890933,7.029275620500227,7.550855610773051,7.130998714975762,7.708812280221808,7.728531263428922,7.775915195548843,7.8198280532376305,7.831077224903059,8.199711349648144,8.1332290786731,8.237198987155955,8.092593355559384,7.849708710284259,8.33469907619921,7.798653789496187,8.806762345725087,7.19505203379181,6.890560024909915,7.297955626592217,7.425614050703133,7.425787495074972,7.5518630206474,6.364485209465999,6.755651529260234,6.9639233498898125,7.656065190115092,7.5363340548002204,7.745149291783426,7.8977537,7.41642592775182,7.276142741142329
2023,2,2023_02_CLE_PIT,CLE,7.0,DST,7.357761820274727,8.130573,9.355839485999324,8.224489300870081,8.921637899914602,7.867902345971073,7.8324446992375965,7.25975564110292,7.710115246252295,7.00788160321931,7.4596140461017315,6.792869267881312,7.6564411888425745,7.281620993285943,8.18653060113071,7.380498957577154,7.481805627173931,7.45754335632914,7.867596319870388,6.596971782950314,8.278832408120428,7.668595535393102,9.216559161891103,7.058419930903608,6.932139127393521,7.29684633695167,7.235930853628612,7.4905239774861,8.557298350929198,7.91425144020892,7.732753271300876,7.752973522982016,7.4955417705229745,7.747862296401345,7.761852,9.489832743603376,7.508564551407788
2023,2,2023_02_CLE_PIT,PIT,20.0,DST,7.424719207423491,7.073593,8.262081582142741,8.052420038918559,8.013957230243967,7.641167557545055,7.502551768698562,7.346553426055228,7.471916691047408,7.448197898983131,7.390700285478829,7.388054758122492,7.389141374147648,7.438514696792987,7.690223628812413,7.798520635197152,7.1241369697701895,7.723224483927879,7.780398091982581,7.492538802718959,8.150899167862942,8.3484154375971,7.301886032467218,7.864928518651981,7.196090796248311,7.40766046022012,7.390601713016748,7.547964980165913,8.360779361637668,7.7301321047224905,7.6509365899248225,7.364485185688539,7.198881623236906,7.392173430850146,7.824034,8.670837338344276,7.727787621639392
2023,2,2023_02_GB_ATL,ATL,1.0,DST,6.554001545988854,8.014939,6.122205273930805,4.998176602607835,6.22039927037425,5.110504736499388,5.988347793710501,5.366763147987934,5.937066922691656,5.329919512735912,6.328542819753993,6.315121144268093,6.582287060620902,6.46858503584396,6.724698607561271,6.4438484278856,6.667799128077368,6.110712693760889,5.772404017022013,5.644844382830874,6.070205870114669,5.658012359977045,5.17442333298469,5.4048635254789446,5.731312435378649,6.563449210026191,6.572896874063528,6.680040888676072,5.828735728217194,5.6778204428292485,5.630929348685916,6.559388199869372,6.217223279132179,6.222376456677073,6.5157967,6.373241063571827,5.952090669488718
2023,2,2023_02_GB_ATL,GB,3.0,DST,6.963523713823404,6.746563,8.407613542001245,7.64940811530707,7.925238498176922,7.202414802930255,6.973155405504929,6.950737440547134,6.875790674215246,6.935534940919627,7.268048763683842,7.298521144874504,7.218814743148937,7.094451059892285,7.474258078019068,7.615883559457084,7.246572026550247,7.530259059485576,7.400351858680962,7.23124315467735,7.345945577175929,7.58728699433776,7.875132911983168,8.062840047700911,7.225688273527846,6.983010451374238,7.002497188925071,7.083827548515859,7.274220188960149,6.873944246263753,6.776286051388061,7.45756922099977,7.437905314452364,7.076129142222786,7.1915126,7.714485005501852,7.133693319696957
2023,2,2023_02_IND_HOU,HOU,-1.0,DST,7.280931248609849,7.2431326,8.49825887952818,7.150630124051276,8.250070181096822,7.620413714671175,7.825897363202586,7.875702411711764,7.792788143683861,7.843601909009981,7.7518671618139905,7.663317467135242,7.745562768901177,7.722537259928122,8.428811068718213,8.393421945663782,7.794172470500909,8.022960772698811,7.752805340530458,7.750882152064586,8.946156619040913,8.424598729237111,10.622495856732858,8.39539009468235,7.659371923064162,7.252421992028002,7.223912735446156,7.403660063571755,7.643449677121353,7.680965381542976,7.7009841218628265,7.8569835864236,7.930952182928457,7.702232278277285,7.6943083,7.941092133035516,7.814856376980909
2023,2,2023_02_IND_HOU,IND,9.0,DST,7.177146495850694,7.6659245,6.480262594609276,7.1716676218478055,6.870237268260364,7.482577699734223,7.186293100832401,7.354518712970477,7.175831626808799,7.235994372541057,7.080092176052429,7.101970772748962,7.258350173892086,7.313222774099325,7.698873747007895,7.811808071221529,7.6177393928869055,7.832965487164069,7.7132094297059375,8.195876328107607,8.11938456843987,8.801717203345317,5.518845507679803,6.927466956238462,7.033780659484815,7.086990858570857,6.996835221291019,7.305261178082395,7.565655883789297,7.633368432501751,7.531593724670975,7.692426622460574,7.951688574665064,7.679946135911671,7.925559,8.298844079886932,7.402268062793428
2023,2,2023_02_KC_JAX,JAX,8.0,DST,4.606407073688427,5.165319,5.552838629788626,6.787184662345236,5.426305371529887,6.149026570803175,5.245663258016545,5.444498282261073,5.255213399702797,5.364798287870869,5.39147735233155,5.50007388497649,5.341146349092735,5.220605295911621,4.312164326582513,4.743439156468756,4.417556914020723,4.318481941873216,4.137993982012272,4.933312681174185,4.701443088360208,4.753969314810595,5.925956118094896,5.015804755538232,5.503127001304494,4.640198045825106,4.673989017961786,4.711546972180009,5.47219199907166,5.105788275913607,5.133831510785728,4.76046583648256,4.68653285953663,5.211534177211167,4.868016,4.94525461175352,5.262019323770362
2023,2,2023_02_KC_JAX,KC,10.0,DST,5.695581076576951,6.6450915,5.795992272718286,6.94766544580243,5.848784958007676,6.74391651356793,5.88381710634,6.474988164426332,5.924699575175557,6.407571293928718,7.105868152513879,7.067259452267641,7.0229490994354045,7.134215927468995,6.807637510587912,7.158569623551502,6.793935882307849,6.750630637547713,6.919439313426461,7.455956645027691,6.122606468182998,6.804693125296225,7.13695565552745,6.182333820232416,6.682299387321071,5.744045526658036,5.7925099767391215,5.806530101544443,6.238106251165455,5.992767498451109,6.017828423130625,6.940147262307042,6.735377126543184,6.859195568143133,5.703552,6.106918742529584,6.1950182019837055
2023,2,2023_02_LAC_TEN,LAC,5.0,DST,7.154617882035269,7.1714683,7.125647425069369,7.368295285510256,7.13589281123208,6.915340425523865,7.337593362764792,7.117488994708127,7.38070208823228,7.394597899222335,6.918319900685035,7.325878296282624,7.242627288055087,7.534101772247761,7.7573473034816764,7.730518097334996,7.275698907179827,7.942057666096822,8.12457832985192,8.0568988173596,6.682610065774425,6.6035981499680565,6.384805072286061,6.25390262627124,7.281701378529288,7.106294920725397,7.057971959415527,7.273883729256234,7.167859984078399,7.348200210320065,7.478702795699539,7.468537419442902,7.081345430250607,7.556756365836629,6.5412455,6.017151677083724,7.446111059480019
2023,2,2023_02_LAC_TEN,TEN,3.0,DST,5.043173181952259,6.114488,4.954838930264422,6.686851626156145,5.054887297892461,6.302184637100469,5.201813428587727,5.621512246496982,5.224712041106844,5.381981899689613,6.125282287717684,6.153447352749555,6.2986669339914725,6.29805817713241,5.7177512305374885,5.882445022463148,5.915858579167063,5.500231754777198,6.032660230432979,5.828303933008394,5.63256357973796,5.133767929992289,6.517572513408694,5.099589790889534,5.686494266711321,5.168401371803525,5.293629561654792,5.154978467788518,4.9562149366946935,5.015681746143192,5.055599501121149,5.288644950624057,5.608651610846734,5.9545185251870265,5.1877317,5.0281429764107575,5.376172235703394
2023,2,2023_02_LV_BUF,BUF,10.0,DST,7.611762296250609,8.007116,8.880056663102964,8.801505142019092,8.66364066390297,8.472692369559283,8.232922220783248,8.12275903349845,8.140000272302284,7.861170043571024,7.895530310341376,7.693226062927251,7.943432739134973,7.671112371316302,8.090820809622402,7.837115208319727,7.697793066038866,8.156339569206454,8.325288365708865,7.831178987385599,7.80415386665953,8.131467526005078,8.40957904618624,8.059017003175635,7.648729496347246,7.408326381368786,7.2048904664869635,7.735170773094367,8.92519471023636,8.29443546495715,8.123220691314714,7.729788453859735,7.4938637333444085,8.133223393878952,7.89241,7.798327026934015,7.932483433890516
2023,2,2023_02_LV_BUF,LV,-2.0,DST,4.164271041490056,4.8361754,3.913186419731159,4.12147038490764,3.7985178205307455,4.017206962382698,3.729662525922266,3.803806341349756,3.7884016804636977,4.090959729500209,4.394421779884782,4.361586964903802,4.227239413087023,4.438023155717438,4.219249037251036,4.225081209610097,4.033313023638506,4.404558846995437,4.285305571358702,4.012709384096207,3.852131920568559,3.77744052950693,4.836295827016605,3.953095913546972,4.14351174248108,4.22843662044775,4.292602199405445,4.268994261548066,3.9059401878573814,3.9094810622851557,4.000215368571587,4.456696955521978,4.408409988347362,4.295857021679609,4.006467,3.6299331735273084,4.426375679777282
2023,2,2023_02_MIA_NE,MIA,9.0,DST,6.25690885525811,6.9182158,6.91738599972329,8.956460485006453,6.500293296258335,8.040258289727163,6.184725323436088,7.116940143313948,6.181496602382071,6.856557995443486,6.8056089238114055,6.567304350380996,6.858246207974608,7.088076969290601,7.105887932309085,7.196547797911009,6.94291746308923,6.703480341670414,6.711294320500053,6.8180745445903685,6.201854720599665,6.632661321270101,7.453907561399904,6.96380781163912,6.702146360189883,6.251963063748871,6.247017272239632,6.374723520750488,6.003031458246507,5.9326841911715995,5.961908504732302,6.976644981243518,6.402508442711647,6.590260114576638,5.8902607,6.1752219116318,5.9627624704306506
2023,2,2023_02_MIA_NE,NE,5.0,DST,5.773623951852505,6.0726314,5.836402919310549,5.565926513598261,5.779044481568076,5.322321547795937,5.944147531980562,5.513226831059941,5.953237411047664,5.656563378370286,7.048488263950966,6.620236573603595,6.8463713402275,6.563567573027944,5.978564926185684,6.037429099452456,6.2030007447801,5.77833249739866,6.567605130759947,6.340934131527429,6.272064311058953,5.744911355441621,6.152418122132255,5.851713081558863,6.2618163815028,5.671688698903765,5.569753445955024,5.883099308152861,6.43468697163925,6.217140302617412,6.195071464563828,6.256756731255446,6.494888216184584,6.859106991967371,6.2773237,6.461380258796314,5.7977126721574415
2023,2,2023_02_MIN_PHI,MIN,5.0,DST,4.149466473212971,4.8581605,4.013306296884545,5.8713256180929285,4.157973677413617,5.445342041375447,4.365219317166783,4.835258903456507,4.433322382394278,4.834598283210127,4.226979312118596,4.466238165806692,4.366533173169534,4.468865358070191,4.101424583282276,4.398330376709406,3.880865869136184,4.427426642458313,4.439023283649863,4.545835770147831,4.110345672818397,4.668050487838124,7.009578376989782,5.6740540795573,4.608050667084239,4.208212457226581,4.26695844124019,4.252452745139234,4.492983050880837,4.34716327265238,4.44486447600247,4.329334846671697,4.646794069164352,4.442740584177921,4.0561104,3.8903639029230193,4.536065384009188
2023,2,2023_02_MIN_PHI,PHI,7.0,DST,7.413973424629791,7.3949137,7.419634724915699,8.093123962550987,7.464076396110966,7.708560817486763,7.618285781746447,7.829314331265153,7.62105875751004,7.732406845554985,7.311369553882788,7.626142440205819,7.248777693548371,7.496828327023073,7.742978199191065,7.684060136521695,7.0127258335182905,7.755439077395418,7.288470614589945,7.177007155523823,7.594036053495872,7.311747389313724,8.925632750979108,8.44466685782577,7.207196048362809,7.3393623968098,7.264751368989809,7.531540477848272,7.340995107755717,7.523228337470992,7.528563463598027,8.038316397782282,7.799500372981518,7.398295883333718,7.6301656,8.267231363903528,7.651486702155594
2023,2,2023_02_NO_CAR,CAR,7.0,DST,6.974133616344648,6.894118,7.273516058431033,8.39747552596106,7.260237059916784,7.840076008563987,7.303587691050562,7.344300758847103,7.310249881192005,7.29115543834998,7.051755631001867,6.99634511139345,7.046661962600103,6.938940670239461,7.244272410635959,7.271637790525538,7.218926673602573,6.564717445064401,7.218480175976638,7.069183068345365,6.440878880927868,6.783901599879494,8.296273448632384,6.894625165561092,6.837725809482151,6.922499693757259,6.8708657711698695,7.09680261300253,7.093348109909576,7.317002332104348,7.354114165300839,7.273859582302193,7.2266906282305365,7.011393481128509,7.299961,6.660729421101002,7.528077773595559
2023,2,2023_02_NO_CAR,NO,7.0,DST,7.970659453842731,8.162494,9.183487454532418,7.887406678531319,9.207456465639572,8.154184658162562,8.60273091168994,8.082904557677097,8.53853262311156,8.063367864436296,8.600966623998648,7.952221280043543,8.223529239465025,8.082036269500785,8.779976091531344,7.836117775612055,9.306545573348137,8.17475885657542,9.014127133078295,8.294210542336629,7.994181755445386,7.697973121374767,7.034337623808453,7.62361253395987,7.255835115408795,7.879595002390976,7.788530550939222,8.102897083397243,8.68618948432328,8.327544418721299,8.317574151361466,8.264713374150656,8.683337211259223,8.015996975219537,7.8920646,8.078178951037204,8.133510449601816
2023,2,2023_02_NYG_ARI,ARI,4.0,DST,5.42412393984973,6.397548,3.688277455827333,4.208264738881818,3.632602601223286,4.5234356054110005,4.475386613003731,5.031765289795586,4.699398948484724,5.657796804216992,5.498613748857807,5.553621980531073,5.8406704208087765,5.820721670887449,6.129955152316059,6.235595064430843,5.867106396043084,5.999830539210648,5.9379799519736345,5.774526499466743,5.660957177957906,5.201567465735376,4.540538664231689,6.6124115852147405,5.829758449779792,5.662127874012171,5.900131808174612,5.540671758059273,3.821553991645954,4.402154502428159,4.823982468422039,6.279701212663034,6.018644077765478,5.725459523111762,5.606882,5.328984570548828,5.697162856620365
2023,2,2023_02_NYG_ARI,NYG,-1.0,DST,7.260962136782607,8.511509,7.037538186410018,6.972938565460003,6.714598429467423,6.594920966736039,6.577207222130084,6.428270588030992,6.61936716778137,6.580356218940001,7.138438249946039,7.272700785430024,7.423077664340017,7.256830811410882,7.299899661610315,7.492305825423995,7.310145614393749,7.521843194761303,7.615080581454073,7.599763324567081,6.9457868437510495,6.8239443707698015,4.8037668131181785,6.311613238832084,7.203596504247867,7.262719863519536,7.2644775902564644,7.394251362037426,6.884035827383991,6.527604030836387,6.605303503337378,7.559797536068389,7.372504849035305,7.459263544319043,6.8906054,6.685776473031674,6.813829165991432
2023,2,2023_02_NYJ_DAL,DAL,15.0,DST,9.467497106037245,9.472727,10.710085389156724,10.921860315943322,10.453059510385549,10.127856881798506,9.942046726674947,9.631771492400526,9.880472345985766,9.539548657286556,9.82108364711206,9.874826759426314,9.414027049003009,9.64301168416473,9.870067799761925,9.61712721128947,9.629523455404634,10.199083007097173,9.496149975474555,10.04184570054963,10.161269103521684,10.755623252700987,11.020482124331934,10.073907077993915,9.094880632008763,9.375501077664513,9.283505049291781,9.613313705022662,10.776072070286833,10.07485122514919,9.951851111346487,9.266041403036606,8.854624355260327,9.463323787637403,9.952409,10.331594628683252,9.967586048774375
2023,2,2023_02_NYJ_DAL,NYJ,0.0,DST,5.701964644688594,5.878994,5.204618598803718,5.734026376405288,5.343189875724425,5.662217757521084,5.647172426592049,5.685418013703721,5.670629284482933,5.676624203688817,6.139883071398548,5.821531584258484,6.084670008270822,5.688156065848382,5.818301840112513,5.436575842788017,5.896625723998404,5.403668281549287,6.095371286310811,5.642583635594937,5.5417570110810885,5.179243909650554,4.8702870716220055,6.645616811886674,5.625160361577245,5.611051056447103,5.52013746820561,5.815862009222239,5.280331787500309,5.422897755670249,5.481103179457628,5.789887233954863,5.839142533360025,5.809600507581447,5.2830234,5.285046744673802,5.382162637470537
2023,2,2023_02_SEA_DET,DET,0.0,DST,6.49928597729637,7.2991514,6.157391701781516,4.837304562569075,6.003406167095032,4.674441777211964,6.32420905109631,5.585564175302558,6.4166978639508185,6.246096851975599,7.242436356017432,7.222506118006119,7.211908333606816,7.50066495357354,7.565912465004215,7.590805614528107,7.480826238945571,7.696907556011157,7.561419045186955,7.938421482101942,6.630029051610721,6.243664659957511,4.990628173802481,7.708058442170163,6.916490127496586,6.552223800083267,6.605161622870163,6.617301897048413,5.970380904996265,6.270041339091325,6.452320238108014,7.329640668119404,7.254127003342854,7.528315166821261,6.472586,6.512529026140499,6.754795644994375
2023,2,2023_02_SEA_DET,SEA,13.0,DST,4.5023507662691244,5.3965864,6.707689889422043,7.51086690653999,6.260026891756397,6.990596770436519,5.433624404403758,5.866552017010974,5.335416562889121,5.301390330862429,5.142133648933281,4.615864915620666,4.932061215964061,4.8233800984454325,4.402216674191015,4.273496153554832,4.522074520477185,4.165707634429136,4.727342234379508,4.539120056669317,4.276845460234759,3.866910634709817,6.783749210425709,3.797172737072581,4.45926456974915,4.555477038753806,4.608603311238489,4.609494465192076,6.156186446725572,5.42387333158581,5.2416125849977675,4.029744700156364,4.0925282210646206,4.988831160347621,4.0092525,3.954946002592222,5.253956615595802
2023,2,2023_02_SF_LA,LA,0.0,DST,4.5936245131369695,5.1312847,5.341130275607485,5.334474626983105,5.077117918997999,5.164387318409174,4.721334198644689,4.70543803999512,4.6994249478687085,4.608816711841614,5.070365135819876,4.782379044263156,4.984702840526932,4.75729869070484,4.793283598163722,4.592639400839039,5.1169129277161325,4.820198349817014,4.714084497894268,4.813226104912323,5.355461304423415,5.50434596783675,4.383236386017551,4.839415012664643,4.781470681522587,4.673294979775807,4.752965446414646,4.70068473903934,5.040578650109563,4.660315360365466,4.646808469566367,4.874312541973158,5.047054704456843,5.055914335265614,5.306939,5.180445705572572,5.0274353832567105
2023,2,2023_02_SF_LA,SF,5.0,DST,8.131230916713948,8.302226,8.054940312657006,8.627827471429423,8.174587800791947,8.556939005924596,8.183448456110327,8.398587801989036,8.156056554307437,8.187935693757863,8.715496424836616,8.61052771491395,8.389893241438775,8.35737624693983,8.406042066298024,8.370664728289775,8.725239462120278,8.51265907669235,8.762039988117335,8.977895595432916,8.75352696890142,8.115664508901009,9.400517077114586,9.870447703760064,8.347399201042089,8.047089739646442,7.9629485625789345,8.260350525373644,8.518453146296672,8.424069713867762,8.357710548965391,8.480844353716925,8.607669683241731,8.695149351980191,9.024932,9.522661029806951,8.30922441216976
2023,2,2023_02_WAS_DEN,DEN,0.0,DST,7.883186440953497,8.521444,7.27351363720894,7.829144822753369,7.486257901585207,7.770700220054323,7.569891839994547,7.565130842763849,7.542154317594088,7.366358533722657,7.172415295164007,6.973428169482463,7.325691369184294,7.173580701408162,7.543580030383952,7.0287805804503245,7.493292883855863,7.248746902894402,7.326493770061541,7.15333335881348,7.131384363696768,7.42474022071942,6.803868222234284,6.954037781910703,7.059096708728918,7.787389663854719,7.691592886755941,8.019910253433226,7.03004234886371,7.293006817147154,7.293592569259179,7.343946705331265,7.469866108594073,7.479022725744235,7.1919637,7.225230921846941,7.232508928780909
2023,2,2023_02_WAS_DEN,WAS,10.0,DST,6.551266440885905,6.830276,6.636967585527732,6.371224335527186,6.535150778650366,6.019377051967017,6.747960119651591,6.540052414355309,6.812043915202736,6.948825763144749,6.328258304192423,6.460659793639893,6.773669624683877,6.447136923812528,6.906707796442418,6.987175881698273,6.957307521233935,7.111068836548244,6.986677645091898,6.736186167212769,6.772079130379687,5.928584301425034,7.026285645393667,6.774537886199881,6.4195885033504085,6.641734361396281,6.732202281906658,6.67312750437064,6.537302336209221,6.76071153417364,6.925146525268647,7.405711403335612,7.120874679707067,6.607321140103588,7.195861,7.219401791049295,7.141970910314015
2023,3,2023_03_ATL_DET,ATL,3.0,DST,4.1929753144941,5.7136807,4.086829467426179,4.012844957560267,4.0072796444208425,3.887843325139949,4.0895605241726045,4.111779453409071,4.10975492887225,4.213617059439521,4.664919579916527,4.820336539855841,4.934987850250946,5.168011799160092,4.674047976380378,4.575837969542652,4.427558047623862,4.142870477836142,4.30882571985614,4.265865809049187,4.015705681258274,4.074328868316842,3.12663519826276,3.5815634375067096,4.498124132994467,4.2657438858653745,4.338512457236648,4.301353721156645,3.604117061703961,4.046839267245179,4.122818679453404,4.176943339245471,4.041191781777171,4.943561795737242,4.401001,3.7547636827185467,4.452792025198594
2023,3,2023_03_ATL_DET,DET,16.0,DST,6.195724044368208,6.982057,5.890772174776579,5.514046922709482,5.724660640225187,5.098461614245387,5.72480519425075,5.396592801386528,5.76321885392284,5.731270023782587,6.337950440715312,5.947741469115438,6.362321366721387,6.462831774864449,6.943607070835301,6.929582219601843,6.752494534908142,6.702430235158113,6.5621454889024,6.761035262748068,5.683381756030398,6.026739771154047,5.776838840538281,6.74846024360143,6.05691939596358,6.272121625498608,6.348519206629007,6.311593631657803,5.612895693450891,5.733242831522536,5.815399038277242,6.970124456277513,6.771892823345753,6.482377456976867,5.817131,5.608777247184229,6.170150239810002
2023,3,2023_03_BUF_WAS,BUF,32.0,DST,7.900237828522547,8.026988,8.851798416119175,8.599031852738415,8.760327139842474,8.335075388058998,8.400946444870216,8.3684087392661,8.329812051976324,8.272138000081323,7.940185173558719,7.740166344552608,8.07669349867722,7.829028922682933,8.28089317904127,8.733954068188108,8.180000667777792,8.670277703561908,8.18231254757906,8.845170727617344,8.419998499752134,8.821824543263338,7.187366068323522,9.311193302054503,7.837557548601344,7.831115233362121,7.761992638201695,8.027315750141218,8.272750937577738,8.138368328283494,8.090046802558076,8.376778333625381,8.273245360583367,8.058033040680094,8.547181,9.272087626719538,8.129925536996408
2023,3,2023_03_BUF_WAS,WAS,1.0,DST,5.472561980424319,5.7016315,6.236754346660554,5.537448829301956,6.054701695010735,5.320678201841776,5.780125746323918,5.217424284591834,5.773904755668901,5.441556466788728,6.285092192876669,6.524473410214241,6.180890809994367,6.215744358009073,5.253651739064017,5.289046030381079,5.797409508323798,5.374770765445176,5.872551604739753,5.4560772866533735,5.232823609726345,5.2128595877960135,6.2602177400901216,6.272025059674793,6.466545949932807,5.582179623740029,5.69179726705574,5.582025694684298,6.0767326063877025,5.90150449710679,5.8925396038325015,5.703383613367763,6.0858933799270085,6.299495820349254,5.691182,5.619205458768182,6.3147226849214135
2023,3,2023_03_CAR_SEA,CAR,0.0,DST,5.333904613387509,6.0286617,4.895019586076537,3.9247684953695847,4.85664288864873,3.931542084032903,5.038167198427648,4.879334646873636,5.106463551024397,5.365035143313673,5.474141235970842,5.69267127219093,5.678209602777988,5.782907199071559,5.471661467166526,5.663297110508242,5.886668931716129,5.976875601121971,5.793415810056348,6.130763407503891,5.847575779123919,5.672396336259241,5.239066652014946,5.667079640258327,5.64426866358437,5.505926481089225,5.677948348790941,5.446775020034288,4.767409198846323,5.03951088479655,5.197002531548604,6.1829735184345145,6.038001185178818,5.913804407884838,5.856415,5.84795667090295,5.767628677571036
2023,3,2023_03_CAR_SEA,SEA,3.0,DST,7.764191660946166,8.142622,7.9751671564634865,9.381458606392451,7.872534227347038,8.54574352312336,7.753989063994095,7.769720044681692,7.73778633864725,7.616059925970875,8.11180549684627,8.091908391335142,8.028907038437783,8.027859503999673,7.943948517651899,7.896961668002335,8.045781419172078,8.229317853059985,8.293791063350694,8.369395912732772,7.638849302724653,7.975748098982483,8.253888541728676,7.688294876431768,7.684420747621851,7.6978341570852855,7.631476653224405,7.893995085024455,7.770192559653301,7.608158186918606,7.610221802350938,7.534271369779491,7.495969111696767,8.047232555101182,7.14532,6.9721231621895985,7.509094096883173
2023,3,2023_03_CHI_KC,CHI,0.0,DST,2.7834277052436955,3.5259428,3.102095107677596,3.504010051612947,2.954064511034987,3.1841836064445608,2.974048833177352,3.0006981168672806,2.9836221002621484,2.9543307863397232,3.912135099726744,3.831669272863042,3.7774940686899785,3.813002973250867,3.5319126985637217,3.5279274649971115,3.3638268066747434,3.492555380578444,2.9605965128390843,3.3311763033085247,2.999092022842029,3.409678345110724,3.872928880312708,2.8051582162614155,3.8183374071019514,2.845867711121437,2.908307716999178,2.8836583829841715,2.5538987923550796,2.814610228055683,2.8872279544575226,3.7369356072687556,3.1192951262066657,3.762678142929891,3.379859,3.3263162039824583,3.2581403030991862
2023,3,2023_03_CHI_KC,KC,11.0,DST,9.037656437355755,9.022241,9.611526147846927,9.596641673264946,9.274267276764062,9.423209657481795,9.134373654223676,9.214608035521596,9.164333947837504,9.263792285851082,9.106025875180023,8.870708310882351,9.025575433287026,9.010738137856691,9.627350833152844,8.937672928926965,9.63171431738513,9.116432759729316,9.097586474481192,9.034490909278189,9.110507723375036,8.451518358184419,8.825301711773582,7.66716273541429,8.3697557547933,8.9754907015534,8.913324965751045,9.170170869108496,9.252972644721337,8.988703002713205,9.019247554120726,8.864325980015579,9.442123843556626,9.041906138182476,8.830902,8.592770548190922,9.279986298770208
2023,3,2023_03_DAL_ARI,ARI,5.0,DST,4.2586129218355095,4.5070324,3.877049987201036,5.89152831537262,3.986011063531197,5.65753461562648,4.331300845563959,5.221681696130406,4.377149624219819,5.056681293882908,4.286311702268514,4.435846184274325,4.393714190350828,4.455092881320302,4.526733323994023,4.852437862366978,4.538891628995238,4.514205377339897,4.894506817073478,5.031251354679112,4.4250513494697765,4.217387556057799,7.029653525345684,5.554233624076233,4.731742133026157,4.277463597902255,4.296314273969,4.364501253062374,3.932711050644904,4.215488495546274,4.305864765209894,4.181729911469896,4.130062814865321,4.42617263188562,4.2138934,4.461046550317372,4.497636991658733
2023,3,2023_03_DAL_ARI,DAL,1.0,DST,9.157237753396226,9.369143,9.493340059807526,9.681991169327713,9.408848705767936,9.43791831239579,9.183642008123355,9.476145413297296,9.153635003599078,9.344043169450815,10.386625960476804,10.589841641907382,9.479824302446396,9.926776864197596,9.79724202842551,9.24551458812198,8.854034382526516,10.185045771478508,9.586528778066752,9.843649868792236,10.181676129871205,11.25049004167532,9.236620549358298,10.00436313184732,9.163225488303476,9.057919848471924,8.958601943547622,9.296627500790349,9.634977341278484,9.211899856747861,9.17600453922422,9.767180873957908,9.393129011302932,9.871098658209148,10.131211,11.621296891685741,9.09127247108743
2023,3,2023_03_DEN_MIA,DEN,2.0,DST,4.743191000772564,5.0794926,4.901075941231666,4.738504012568601,4.724403199105881,4.337477074238612,4.822623336515229,4.395987596083932,4.817732875381473,4.523919395619,4.757688173485288,4.713162151793842,4.761455493897885,4.833116425045377,4.258495775631943,4.176042493423955,4.52721343122003,4.162633449282012,4.501275507267865,4.253152669442158,4.953522846852829,4.869092792692711,3.899748566228474,4.800467827659282,4.5034510732690105,4.6769145109337815,4.610638021095,4.848751349947664,4.906890785219648,4.840959714591088,4.831396513084906,4.277442279415696,4.294255118022825,4.682350999376544,4.722039,5.416174442541959,4.611715099209767
2023,3,2023_03_DEN_MIA,MIA,8.0,DST,7.015606855549674,7.6162453,6.060803322276754,6.961528337078898,6.184350559114481,6.651927031801343,6.908491842724519,7.191493775521952,7.020673669041665,7.469190822340182,7.168002111039705,7.329703931222013,7.369758950150653,7.407541100714831,7.450507277372978,7.674410762376412,7.437337825406276,7.728686217032896,7.173720992662695,7.88948795371994,8.081916638308453,7.845040798868443,8.388217512363319,7.15783398624947,7.565051452439411,7.087989128341741,7.160371401133809,7.136525849921565,6.057901260154373,6.812229438215102,7.038305185266797,7.1267753797997955,6.95253237198065,7.286337801269469,7.776161,7.393977863022456,7.228494016496578
2023,3,2023_03_HOU_JAX,HOU,13.0,DST,5.075021599025424,5.352617,5.548966991098907,5.279065498526568,5.754309438797391,5.912928639107934,5.734522440021644,6.144587124439667,5.713972077389775,6.043975599753406,5.406092318608591,4.917933834929423,5.113529141904577,4.962843806299039,5.246625007300336,5.774121368717491,5.227822102103173,4.957278324992453,5.624478515209642,5.719524347766767,5.871244320625399,5.944802553627175,6.533374304531147,5.701223431020961,5.155333424704891,5.1180738204874885,5.161126041949552,5.183052523675583,5.351718928482178,5.588755845818571,5.599329425997471,5.175575984337303,5.043043960296256,5.3315062413783085,5.34707,5.43830048157261,5.751956582863005
2023,3,2023_03_HOU_JAX,JAX,-4.0,DST,8.321713215047655,8.523558,8.580373318872827,10.188076269799788,8.74413418940007,9.695518141793968,8.818851897582311,9.05478993024852,8.782326309938904,8.731549570153295,7.8733567097568224,7.858232980103197,8.06985229879455,8.085678539637806,8.11619488703571,8.070283469387924,7.875200816783306,7.653642210552555,7.902382590600663,7.997574053429844,7.129836607977063,7.941653312460447,8.407774682388794,6.930244646645856,7.932046719855866,8.18303449507653,8.044355775105405,8.455132886577823,9.417309694821856,9.149893793531403,8.998370119505763,8.270992389606024,8.25345626507722,8.024277951334254,8.3769045,8.65827159316197,8.842785766750076
2023,3,2023_03_IND_BAL,BAL,6.0,DST,7.932495978890909,8.523558,7.518420121464609,7.519598511343682,7.483096033072107,7.213709431944595,7.666371574019662,7.731817022981969,7.695947072760148,7.900072124133695,7.640735757114432,8.09734188108158,7.837815527306399,8.070078311583764,8.126698118583278,8.109125798311382,8.114699095729994,8.600644925805243,8.059593060708956,7.7946100567646095,7.940911382588365,8.591001934739683,8.944901547751092,8.096254154981075,8.286808721100627,7.945829244514213,7.959162510137518,8.065475782497684,6.813940721257344,7.31938661607161,7.455774409344499,7.600566393350723,7.244695631125708,7.700936440266251,7.062507,7.007015577453869,7.6640050248062686
2023,3,2023_03_IND_BAL,IND,9.0,DST,5.061468272712117,5.352617,5.268977213300342,4.398215700816696,5.11411477924453,4.763735330021908,5.373155493016488,5.139196970702175,5.44634557091605,5.462121978044664,5.187016192154839,4.923088175003448,5.393367847335299,5.250729851253061,5.290232621510157,5.03643533616791,5.249599286419426,5.167075412976152,5.140063533264774,5.241222685479166,4.844002266584637,5.143858341428703,5.580424721369008,5.945627479862219,5.415290685256767,5.14656714385566,5.231666014999203,5.170535834607162,5.531774999345747,5.559620995469464,5.641170148624377,5.4406646475063525,5.28039638657307,5.4044902208867125,5.3444757,5.1388804292681165,5.772100563356354
2023,3,2023_03_LAC_MIN,LAC,8.0,DST,5.2635514110211865,5.1773677,6.048307821163411,7.1338677350786055,5.782966896957016,6.172297153185943,5.591296346460376,5.878414573984068,5.573430362053148,5.834326769786988,4.959907924719085,5.000104905295052,4.804547068188488,5.103656039705793,5.088429305994698,5.232091068513856,5.1017300255363365,5.673217215491225,5.878568904088147,5.956820315373637,5.331418651790707,5.72829983984328,5.7708517545973965,5.960766458836502,5.59184489055014,5.152556469288252,5.041561527555317,5.368234586666834,6.089956271462448,5.737101770683184,5.709208598938379,5.522525548131242,5.888027878170791,5.10760092253622,6.139277,5.431072528234365,5.346147948555548
2023,3,2023_03_LAC_MIN,MIN,2.0,DST,4.918752647101605,5.60016,5.553257370210543,7.026690923991259,5.562579707881617,6.390978189024063,5.360276699184224,5.500231257059147,5.34581064142687,5.344279769280044,4.260378888772074,4.514363651819067,4.862189951761148,4.909072369399548,5.483050076743051,5.240321793135242,5.42057080313854,4.8385047331431545,5.302302423131555,5.104576582661847,5.992082128842879,5.440845596694159,6.629428032436589,5.275757055322867,4.874954004693638,4.979473281380781,5.040193915659958,5.025205175428611,5.4401190574365685,5.274087305579856,5.248818425612692,5.0669331650681375,5.1364415355953295,4.826152237661282,4.8331523,5.676964161297886,5.2121242552220375
2023,3,2023_03_LA_CIN,CIN,11.0,DST,6.561821214104696,7.2771664,6.491081106902521,5.833996470727461,6.530554372461294,5.907946175193134,6.522218468378748,6.208891480204652,6.524498046344162,6.285935527472616,6.722322218193605,6.774027869802856,6.7913624820813,6.7247235602633415,7.0719768563347225,7.0538765584057,6.978164696955233,6.6112690953802655,7.1472025092558775,6.966735295810443,6.323236610197178,6.613500953467419,6.783944546716924,6.0216751197072655,6.186931250943129,6.604708871162651,6.647596528220606,6.681111916737234,6.742522298105999,6.721410407504276,6.709352854031029,7.2807210505825335,7.208678688814431,6.818875525231591,6.5657735,6.703116106577576,6.90748630958338
2023,3,2023_03_LA_CIN,LA,5.0,DST,5.655896223110405,6.00879,5.440813176466914,5.700062996512484,5.873161893438923,6.130210892006657,6.019106665610687,6.213436385717193,6.013937909880185,6.284512363038906,5.98875084508768,6.182365129791578,6.121790272202301,6.36112203232987,5.896959328682027,5.9291102616291695,5.748124240840168,5.8953841190236345,6.225537869566811,6.401682756467584,6.538987506695031,6.60295330484921,5.978192899711908,6.370393890061326,6.335721803634609,5.647964307779112,5.64003239244782,5.767731339179023,5.631886793541203,5.962137073830968,5.996253608943433,6.278098411382097,6.327540628678018,6.338573114392468,6.6081634,6.627503593550751,6.051620666118186
2023,3,2023_03_NE_NYJ,NE,9.0,DST,8.702524246995882,8.647015,8.957612468464896,8.062604502845476,8.893123028517454,8.204035231838448,8.9251794469058,8.54094778220661,8.906214327116462,8.639596893109312,7.8785299010773615,7.651773894925805,8.263218206043794,7.992265492696573,8.516017077123445,8.65790603381286,8.575397491432504,8.158939608664728,8.874411649554249,8.653773140024803,9.554909908636988,9.02338768572302,9.658931354156556,9.34593846693098,8.026601321433184,8.543848654159602,8.385173061323322,8.843577077128055,9.581839477802262,9.300349315646114,9.214952557481457,8.63413893186853,8.687731981150494,8.62076736174751,9.75755,10.17297996061395,8.967392354553656
2023,3,2023_03_NE_NYJ,NYJ,1.0,DST,7.039914595028849,7.590034,5.69351426705159,6.247725845918204,5.91206389438573,6.28308521103224,6.481689558644504,6.5563677924971415,6.570271998781171,6.705397085605376,7.592551031156264,7.247066871218444,7.312551386914958,7.119204429243374,7.370606423616643,7.110899664076964,7.154763457069281,7.053093655931444,6.974402338302379,6.923373384877916,7.442454584544055,6.965085322026376,4.215263024764516,6.576547270582815,6.678894228095673,7.0810606683422765,7.122206741655704,7.170180065836367,5.366887075912841,6.126588733990479,6.317897115990867,7.231932256197197,6.84674696636125,7.1835125989697355,7.2120314,6.73865655988106,6.6070079759691325
2023,3,2023_03_NO_GB,GB,5.0,DST,7.349975102824544,6.9161024,8.799084512107674,8.913144599996754,8.682092426247118,8.630527061351586,8.335949675939748,8.324617307331613,8.26256205929257,8.102911560624499,7.676123371228255,7.770010636735872,7.852986201026646,7.684089302302334,8.065035335090663,7.9937015406903855,7.802796119325239,7.837990429969332,7.952941184663213,7.966654497579299,8.211797661338004,8.02124510552739,9.16171043883035,8.10001104982148,7.457295895525566,7.2424672017669876,7.13495930070943,7.471014134789402,8.174744501929133,8.297814720461453,8.20135958184496,7.978258668252435,7.842343424154317,7.698972417059055,7.890878,7.940931325649118,8.169913121447157
2023,3,2023_03_NO_GB,NO,10.0,DST,7.072078618709996,7.5502906,7.774572020870027,6.108039992803652,8.005813242712108,6.648433460170704,7.522733273226549,6.884463297248009,7.425487404647594,6.832394035714412,7.592366152397446,7.219126844457725,7.462747684047762,7.0267679947211805,7.719037743816807,7.08062711140899,7.774489424682936,6.550924624193001,8.248323002709917,6.375509360207771,8.04112992962203,6.733984573310791,6.0280832969652165,6.688802418248359,6.561960212004367,7.074751831361608,7.07742504401322,7.195240584900597,7.728243450867976,7.31216583076238,7.181972591520307,7.64028400917303,7.57859567745396,7.373315292131174,7.7415977,8.67230816639186,7.291786738059093
2023,3,2023_03_NYG_SF,NYG,1.0,DST,3.9102664784575194,4.7184286,4.2265112927707325,4.782690275483436,3.968976278933051,4.229716817231795,3.858397984509401,3.7217179667942895,3.8673328245143583,3.740428708786728,3.6321106634489895,3.3805821337750483,3.8028578292109994,3.7029362773903554,4.16661764219591,4.207225281146518,4.452124514973376,4.295474110531684,3.926597265052498,3.731634993491815,4.257302724869077,3.6665334808097887,2.077445312576277,3.5960356414549657,3.517215494024241,4.075540847717062,4.240815216976604,4.016158333270734,3.9495600859917688,3.8167370673557834,3.8529665812002203,3.9334288828850106,4.32637674672749,3.7760226558306353,4.200841,4.614129883595219,4.500988393492571
2023,3,2023_03_NYG_SF,SF,8.0,DST,8.197736208894543,9.157746,6.578691193809274,7.9224721382972785,6.928361786498257,8.119564680827754,7.576597934222797,8.254701656508384,7.669785181418409,8.230730465208449,8.704320958083644,8.635316748862895,8.757171687848938,8.474030169813634,8.683994777728802,8.136641088817559,8.843837344186076,8.73044929566697,8.968178643870091,8.20768926554101,9.717074092041871,9.612040051788558,7.909897907020596,8.691889458668737,8.408397005050427,8.277550971967568,8.357365735040592,8.335035959232712,7.224087852240049,7.661723503406948,7.801672413734146,8.405492967621083,8.305706582687664,8.97772882086112,8.807644,9.20910874532824,8.188826734246568
2023,3,2023_03_PHI_TB,PHI,12.0,DST,7.482744392368379,8.132687,7.383797357377423,8.365608553250185,7.79093535026712,8.288529896482332,7.861564346255509,8.269460692840777,7.792181896228018,7.853707008155061,7.236212219731453,7.399838669205648,7.459982292279098,7.672103318047171,7.60146358681056,7.325288650845265,6.786783913850639,7.336277951268658,7.097904269479654,7.311249807645682,6.834773660491657,6.526132449825798,9.08331099971488,7.095804236653525,7.322321443614577,7.476115335838643,7.469486279308907,7.61109380274447,7.925318973903387,7.9073274556597895,7.736915222378999,7.096328400520869,6.8586178959623805,6.9573544447967075,7.07391,6.027420475580497,7.921455486259491
2023,3,2023_03_PHI_TB,TB,5.0,DST,5.217946019520763,5.5959334,4.887435115631101,6.031079488460096,4.884194305966087,5.831609114556456,5.479136940974558,6.171258100361271,5.5983675195388845,6.3524376369108255,5.827371459135381,6.305439517240608,5.927879179692956,5.993230946174216,5.310617689619049,5.683773190728743,5.326105102226142,6.018064837832518,5.828249476792662,6.14464485779696,5.393218274588323,5.879033605481941,7.593182647034432,6.388128170537495,5.860799256658975,5.339720911342452,5.461495803164142,5.325738471970124,5.041762186611779,5.360315163877637,5.576191027755293,5.3549133718781405,5.0385449861203195,5.857574788274654,5.541785,5.52046427553474,5.907634411351539
2023,3,2023_03_PIT_LV,LV,1.0,DST,6.410288798778564,7.5722756,5.94372427589087,6.595530940095609,5.9761821781018885,6.595865205552497,5.733989038814658,6.418139564126097,5.74622570814639,6.323932456901126,6.52027059952386,6.937431652053739,6.928216550617993,7.007193879993706,6.905348643182059,6.860964943982641,6.508787276409972,7.0623791940491785,6.193809746769816,6.438598884225529,6.728837143960889,7.140446112349787,8.903350965905215,7.0867643617939615,6.801242904108404,6.39905340592086,6.387818013063156,6.533626149417117,6.0475195010878195,5.738273183016068,5.764831448771428,7.012049477939465,6.743611211347798,7.167606596943407,7.1197968,7.223037313108986,5.7556027271164645
2023,3,2023_03_PIT_LV,PIT,11.0,DST,6.551321245083817,6.3038993,7.58125831115055,6.714534172092293,7.26362010166225,6.428615912844211,6.996706158703667,6.6776612764481085,6.989004662243109,6.901498895651938,6.122306534711344,6.254280001886894,6.339527013296685,6.145114984424897,7.712487797279434,7.503305794779362,7.364606131385638,7.594769412998611,8.09151377015327,7.405949866172471,8.453205104599066,7.938462987692212,6.232764638371095,6.700293063932776,6.360497247133446,6.30987001189367,6.068418778703522,6.664920159942451,7.942998592574017,7.3592663927211355,7.310131301100488,7.589731992655651,8.062162087751796,6.480601061837037,7.588537,8.976689997558951,6.680697702246899
2023,3,2023_03_TEN_CLE,CLE,12.0,DST,8.356413036213794,8.489524,8.946764280164768,8.555429917044655,8.866391010055775,8.19325118541905,8.757391022462695,8.207479521489129,8.72465827737466,8.197098669394729,7.722161705089752,7.23244658637375,7.646412532854286,7.580026654494192,7.884050534173261,7.719370726594262,8.07617769973454,7.889816844731429,8.048603751324958,7.640112691776023,7.774271185944612,7.694090564380161,9.112322919912396,7.68634186914715,7.8711899590118435,8.328148951619402,8.29988486702501,8.49377612048098,9.04490871244306,9.067164021516023,8.998093293141087,8.024790269755037,7.603910574658041,7.995363044369952,8.444347,8.454366569670425,9.172154565124181
2023,3,2023_03_TEN_CLE,TEN,5.0,DST,6.769826493467356,7.0097513,6.655276922106017,7.314731446811565,6.651980409503214,7.099098667807062,6.738177263762777,6.665374040660218,6.760196334149616,6.618303671854624,6.834485523709741,6.997580159189062,6.936745020802172,6.919292818003367,7.404746370035189,7.124379215864769,7.202692678727363,6.78286188818852,7.4999186343035324,6.821978470333328,7.091380476948787,7.152865856801448,5.685737302187154,6.906203967691771,6.8331612489487,6.78875456241292,6.8076826313584835,6.892955593649249,6.789576053243093,6.615961731922346,6.632844682814195,7.3230605501962085,7.446307401858553,7.128391112864701,8.031323,7.995348708145991,6.69789312122868
2023,4,2023_04_ARI_SF,ARI,-3.0,DST,3.4794310035041023,3.693369,3.549346242784034,4.171997212241658,3.418574396704621,4.193411471227642,3.627410450756168,4.078608392973342,3.695323391605028,4.115447324904279,5.03124937001013,5.004671240061805,4.677114864931965,4.626145128853406,4.48418331520052,4.612439780391149,4.393756548019024,4.646145392014619,4.365725072471834,4.612173025034727,5.445376783377545,5.349316438457515,3.776175221331394,4.67169560155445,4.65265876499425,3.687641661179815,3.8958523188555283,3.5816990674058187,3.5468478840477804,3.6350778756810156,3.7592967312990715,4.66404515746759,4.471529239863797,4.649751706969674,4.312304,5.3079596694009465,4.310794182715649
2023,4,2023_04_ARI_SF,SF,2.0,DST,9.22757537030786,10.035252,8.476507340382986,10.768790586173656,8.633412073592355,10.477544113807896,8.850171176029372,9.793900223433305,8.833657217807175,9.24979722329418,9.49652639728266,9.393344177071398,9.025584019083166,8.999193385009987,8.579673710750326,8.274887569379526,8.74470605195468,8.57575639729361,9.079526466267104,8.611567233759423,9.65041178940326,10.257538835096152,11.046375546595756,9.325508988795576,9.105339251633966,9.147151846065096,9.066728321822334,9.372551814079694,9.655697571081229,9.10624475315052,8.988000113815401,8.599747665480237,9.102011588179238,9.323007942263306,10.668725,10.425660662035956,8.905623486707047
2023,4,2023_04_ATL_JAX,ATL,3.0,DST,4.884008845327411,6.3457556,3.5051207745238657,4.002547632833865,3.582907431618904,3.849117562687928,4.155850186212271,4.351529661373059,4.283534942517271,4.741279473583896,5.827629181871873,5.947252661025201,6.1573017908065255,6.088788317506152,5.802086863069987,6.138701153365633,5.629294214229796,5.40224487066653,5.685230535110126,5.9800944091566,5.433324555731515,6.143747149561742,3.2312816584350967,4.959395654136227,5.938167478792624,4.9703730728306175,5.056737300333824,4.997434536937028,3.669887005618808,4.197403171700463,4.448023324562716,5.8834326194952,5.56212496445754,5.8452165257817805,4.973338,5.103195622665853,4.966094597200203
2023,4,2023_04_ATL_JAX,JAX,20.0,DST,7.276533333220242,7.825528,6.947404869734604,8.091561130832996,6.830112718452055,7.421392072399348,6.864632440463696,6.971124860629247,6.873775355685366,6.89467052029408,7.079006175748376,7.075964172311997,7.418651248578653,7.214367966229627,7.462920405281599,7.424461579672358,7.295013782554684,7.215296410213927,7.624129796379348,7.8098561020174,7.129336765475702,6.984340970571764,7.733154414809932,6.957263277974816,7.343484329718182,7.323827981358685,7.371122629497128,7.402831214172462,6.483683134224865,6.716575653277797,6.763996153874924,6.93851485872202,6.802543125948876,7.435996723635994,6.509781,7.077729913529398,7.343939745224555
2023,4,2023_04_BAL_CLE,BAL,16.0,DST,7.786319911168568,8.098653,7.782425193601061,7.521011917359459,7.805392113052933,7.456648264140055,7.665535696094206,7.345573806697737,7.629253576749781,7.238585107078446,7.327514269576501,7.54657811349435,7.587826507422377,7.549691685128909,7.880145005149149,7.6315017447291424,7.675790022648676,7.7019567554718,7.929788166539301,7.398517133222557,7.147635829056759,7.45496805103082,7.425086667347392,7.916626061352103,7.25680454852149,7.800921860812372,7.815523810456177,7.919037552487193,7.586649598472885,7.429561019196988,7.375319476995518,7.830849030335463,7.495702481096291,7.551946241133575,7.556938,7.582512971727243,7.601362308135588
2023,4,2023_04_BAL_CLE,CLE,4.0,DST,6.9689531749375,7.2530684,8.21938127494454,8.635734369373134,7.988226043154669,8.334080922271488,7.607188892812934,7.7983455806914685,7.585946673169821,7.676375865857642,7.805100953051774,7.459821816794035,7.929085831769997,7.627311027450712,8.587225013202069,8.118714383433057,7.908409996682802,7.788983948182357,7.941742005718015,7.699869172122338,8.44762656813939,9.223752490082934,10.390953653681002,8.944815170481236,7.124629730723584,6.989243583615647,7.009533992293794,7.092534071761701,8.573193615835056,7.98412979505952,7.885738987514797,8.438759077749625,8.695943533070245,7.68905678399834,8.998001,8.807428836057017,7.743186209033302
2023,4,2023_04_CIN_TEN,CIN,5.0,DST,8.218488250759107,7.761687,8.381871380292065,8.124845772848525,8.251274607532386,8.117973390846208,8.460340516817455,8.469551896583258,8.508661815697547,8.619003953658439,8.031244618337947,8.021711582654872,8.133901052851819,8.026360886467424,8.088613041266871,8.06814622922726,8.190438527687956,8.667120389532387,8.178562023062417,9.025953840003748,7.685505299461683,7.974448937771586,8.197945896873074,8.592149601644905,7.724831731436224,8.171286992345943,8.124085733932779,8.348698397390093,8.061266778762493,8.402103017255135,8.521241987203222,8.15109588431564,8.16401027188018,8.397380176707546,8.362408,8.12211149989955,8.542701923995494
2023,4,2023_04_CIN_TEN,TEN,12.0,DST,5.889899293586143,6.704706,5.821697471910911,6.2066912585840655,6.025799456445305,6.376188379321286,6.1985177134961535,6.107840805397797,6.20730672077542,5.974081911679983,6.4239467231371385,6.392039887881202,6.553135814023462,6.654423977163061,6.76498327153722,6.633604791065352,6.622450838943947,6.4560821388835965,6.365844988093725,6.332712917287735,6.378969954260305,6.54790349214091,5.544299796042538,6.195387489537121,6.610505158757882,5.9259210417337,5.961942789881256,6.007932357411041,6.08131714378257,6.08238653949143,6.0955717248117045,6.812833621836746,6.832091586460184,6.327059541305235,6.303613,6.335719244936906,6.0679172836738395
2023,4,2023_04_DEN_CHI,CHI,0.0,DST,5.378587215488614,5.787458,4.940076973274719,4.474323787922197,5.16330845811315,4.559029900459778,5.494096807131456,5.152174997181933,5.52294153266508,5.324889454414272,5.1225882873956685,5.160602547331692,5.548662175827884,5.72671148167758,5.532836143543161,5.446950382310799,5.307957493267505,5.207069846980113,4.319744527446956,5.128816274851275,4.981550044987008,5.292509572461858,6.516198531753238,4.8138006471135695,5.684912627092998,5.376235792027394,5.3738843685661735,5.488092685670866,4.613644526418557,5.276446908441968,5.427108123790257,5.109448709643698,4.606411453401535,5.439752703148915,5.4537516,5.135029314597189,5.31935089956667
2023,4,2023_04_DEN_CHI,DEN,7.0,DST,7.232989064759155,7.0558343,6.302220467768769,7.221449588469024,6.373238369638454,6.878086078849662,6.860935877480894,6.793763303270247,6.924243475209434,6.999301774899521,6.776369334562531,6.209000178695436,7.074919589474242,6.9031867419078985,7.479563831245247,6.984258863807688,7.07226572912822,6.606523368845751,7.050641951330065,6.36136416709428,6.168403843526839,5.914649304389548,5.875561312495479,5.758152924663708,6.338902667666266,7.151657199355705,7.070325333952256,7.350718319878866,5.773965515586672,6.52177224945469,6.687160361909989,6.91848206729139,6.857592158430498,6.687780954609514,6.332751,6.016671647465738,6.743981976204138
2023,4,2023_04_DET_GB,DET,10.0,DST,6.64605673441138,7.2452455,8.170658025984535,7.649587672225144,7.937948348307628,7.321844935062203,7.194122694483873,6.879829191980415,7.085840370688648,6.720641570856273,7.067373445334094,6.6616620024726565,7.082632088625057,6.823026894076588,7.114624661880436,6.946150086970295,7.232323414124173,6.811619031438649,6.828871350852141,6.560204552950985,6.339637449276645,6.341392699890929,7.021933989929119,6.091093395883522,6.188025070390654,6.627018532826328,6.607980331241275,6.764918811395671,7.95655982188303,7.038148609526464,6.826774332640956,7.01603272445662,6.867137811237734,6.726201174754576,6.0921407,6.462233258093409,6.844743022031887
2023,4,2023_04_DET_GB,GB,3.0,DST,5.6760312057283935,6.1882653,7.310433873343259,6.395654347039561,7.18184370556383,6.577896642921766,6.644025723443105,6.614427359953518,6.55257133835361,6.407640979647862,6.702249058113318,6.494308372762299,6.502808402459208,6.564176157372157,6.283757506227468,6.413498766961861,6.614849575848871,6.406435237938026,6.308731045667337,6.701704249656376,7.483559574946208,6.801455087073054,7.581951984558826,7.202522844841037,6.340180902020181,5.654462234091536,5.6328932624546795,5.788170653567246,7.08555022753905,6.747672638285858,6.578306093321564,6.61824038074901,6.668935220767596,6.678324851941493,6.73725,7.108694369913777,6.487460248054294
2023,4,2023_04_KC_NYJ,KC,5.0,DST,9.497996471822152,9.241459,10.882164057870476,10.89022094813322,10.551540209537466,10.587285530134285,10.04311168401556,10.208317150389057,9.981649646288249,10.052185741806646,9.709223553779346,9.48515373754882,9.590660004347123,9.599691254559945,10.192033349709538,9.994542077939457,10.183852725262202,10.177451610742562,9.996219156996029,10.156520898881304,10.856393746984642,10.41911223470701,11.545971721139937,10.062522137749095,8.8283428796753,9.350200928290679,9.202405384759205,9.641638194213098,11.307921183074784,10.42708906359253,10.2460880285124,11.721115155566624,11.457194802967308,9.765900768212548,11.798515,12.242103632151732,10.079401527924785
2023,4,2023_04_KC_NYJ,NYJ,7.0,DST,4.18306204697863,5.2249336,3.4898003182070942,3.825336700738561,3.438923936761991,3.4662036272906183,3.9252380620141034,3.584109886066843,4.027660352584778,3.8648840682531422,4.293546223921768,4.694031484359374,4.572521578066766,4.513124043247041,4.128185562954467,4.383424448462702,4.185663992541953,4.00801898070242,4.314791623126382,4.311733920377563,3.7286281544092974,3.89738237906009,2.318180486248318,3.2155730248694616,4.447367750204026,4.297667336459555,4.412272625940479,4.291198271040552,3.5047977742809433,3.857942443496001,4.03988748705369,4.664852763373224,4.385243754083334,4.743188016233937,3.8493812,3.7695753118217996,4.566022647239353
2023,4,2023_04_LA_IND,IND,3.0,DST,6.455351216123019,6.579137,6.574599323410642,5.066339768240243,6.650536161887606,5.809135559634783,6.6436701691547935,6.429394857488435,6.655913064292464,6.608590133560948,6.8393609472461625,6.577001293397061,7.017612252261239,6.717931514614001,7.521523570874942,7.413561850989333,7.327514288716019,7.055539464761739,7.499092742808629,7.131207279922188,6.258967187060247,6.488259948516951,6.787741416820135,7.728638569250833,6.585960247379501,6.520900275420934,6.586449334718848,6.570808076623107,6.825574687433921,6.834711914991212,6.8381812969440166,7.50206559598927,7.6080119236425165,6.969223793838,7.0546947,6.491950090300284,7.056323745929328
2023,4,2023_04_LA_IND,LA,4.0,DST,6.708765457752345,7.001929,7.05948534072611,8.030584047477378,7.024920490456196,7.873586597627382,6.766161659496221,7.376678946767281,6.736101101570378,7.120145507656832,6.969687226380779,7.1820170956224745,7.32600763302021,7.197469824710349,7.399070114138767,7.155593256642861,7.445521940822708,7.319509082607046,7.462225212032542,7.315512100840208,5.938556559950842,6.448627362801735,10.18130744486561,8.638731769657694,7.386341668942297,6.700755955838992,6.692746453925639,6.827712287254374,6.581908356362974,6.691420496930187,6.67156069129602,7.208030815464186,6.993803518187076,7.209280512154282,6.097307,5.814136143724856,6.671616718074912
2023,4,2023_04_LV_LAC,LAC,14.0,DST,7.449435377073327,7.6063094,8.100438297865546,8.699357857758157,7.891228620371138,8.272039477105636,7.620377006257523,7.661058558153642,7.585578437762491,7.512080300225296,7.8593601950875955,8.039599516841218,7.528321789192602,7.6131524669976,7.557437921692234,7.832302230398741,7.044278460261187,7.933269817076302,7.67939007356496,8.10477904473478,8.381709821962403,7.5674260031847,8.352948296210798,7.434815655806357,7.708099604993539,7.174796868183337,6.900158359293347,7.56864864300365,8.326539136607765,7.7684487824312285,7.686203142208286,7.599560002213676,7.444366323728373,7.585121250485789,7.389171,7.667056374621735,7.041778252506093
2023,4,2023_04_LV_LAC,LV,4.0,DST,3.5288120158669067,4.6467643,2.841107482092572,4.815064923709378,2.811256913351836,4.168343114795847,3.0640905927837,3.808935043958288,3.1360668797190097,3.8286707762098393,3.39909079336324,3.648988877354968,3.47080840853188,3.843486542160481,3.61214172481287,3.5877908971611263,3.4583723576010006,3.3038283947446203,3.635439722172616,2.9646822917963456,3.3602798500225366,3.211919310927776,4.749870307398281,3.544289509308383,3.902727802981273,3.66748465129839,3.806157286729873,3.633255447952679,2.9397081798343287,3.1660776327647038,3.2670478264333,3.4622092189801132,3.1759850097752724,3.6858994107676577,3.253522,2.8245334206573807,3.766553332567533
2023,4,2023_04_MIA_BUF,BUF,9.0,DST,6.194623497276346,6.064809,9.225093501468942,8.417481145470127,8.57613155720192,8.019603486560985,7.54297276556961,7.41945566736563,7.388980611008875,7.136101555066803,6.4496890218838,6.648571875908213,6.310398451843616,6.46380059184018,7.079657476267494,7.162360444108735,7.339531409832639,7.915097821335357,7.691339123531911,7.591848576242214,6.090529590782708,6.83424942285055,9.306690920818395,9.740167069613891,6.52593786868736,6.122342582807251,6.050061668338155,6.302386336994952,8.546213659067003,7.563205940254042,7.324833772112607,6.999016984638805,8.278960042423556,6.531822939895028,6.1762013,5.767928770159168,7.360558381623139
2023,4,2023_04_MIA_BUF,MIA,-2.0,DST,4.327688577232268,5.007828,3.19168723444916,4.127112370729128,3.516539601657084,4.123034706311206,4.128763619625806,4.280812893852533,4.23313586824157,4.565520737784567,5.494563783830966,5.173176997634633,5.313754535421773,5.190291117498711,3.9489045345618377,4.310877621472769,3.82273658971337,3.771853839868959,3.8125109170114735,4.432152290394779,3.764441080600127,3.904100456521788,3.7694902289194623,4.80935020885042,5.049485069041702,4.389200633325957,4.450712689419645,4.430765793148301,3.6586439956083967,4.230554621474842,4.399549710103342,4.017717874873156,4.15876413296407,5.420458571338999,4.3291287,3.902479408623595,4.519139356039217
2023,4,2023_04_MIN_CAR,CAR,12.0,DST,5.065206487864907,5.5441413,3.901998140780539,4.257878123448204,4.07962356370644,4.201135660331547,4.804601475052518,5.008364764648425,4.922489772887816,5.369498051284808,5.871290103251221,5.929245603353068,5.656987819720127,5.720742723064112,4.563858836726017,4.920133379947807,4.759549721492916,4.925226323054284,4.826920169040336,5.0913368938069485,4.948716489819613,5.480472801971116,4.641444988448288,5.350327808714722,5.577532276413509,5.0798801283938495,5.094553768922792,5.173116928932529,4.028432038846861,4.864157178777328,5.094546434001334,4.953158789929511,4.91344599553998,5.844439098479957,5.0992036,4.964670329695642,5.26097371593654
2023,4,2023_04_MIN_CAR,MIN,11.0,DST,7.065785176616415,7.446706,7.293338170475004,7.919960680752983,7.465800423783273,7.747013577521479,7.266861541495086,7.188000640105875,7.200086437015379,6.988739749513541,6.996921016454629,7.310196330514834,7.136782126049842,7.209411730849743,7.334796454868075,7.660801642991737,7.008542050814112,7.691936004019392,7.330645373419346,7.431302251654152,6.625359119210328,7.310149675535624,7.585768105658732,6.812038614198224,7.05818800042644,7.011557029294294,6.957328881972173,7.187247816278298,7.669436397896591,7.3670217633039945,7.22695527625928,7.378071970422422,7.097519497329177,7.1770139154578345,6.4278226,6.8139693510202415,6.980331641856578
2023,4,2023_04_NE_DAL,DAL,21.0,DST,8.311299167617683,8.385939,9.005661673177563,9.996971960675552,8.946530533061022,9.713038577519704,8.601900695525629,9.281392189525963,8.529248230013708,8.914595565116791,8.79786653199103,9.337660251595564,8.611626344375562,8.893596327937068,8.137257595432635,8.479370633747912,8.436023406640135,9.135033106244787,8.49012748548551,9.021111870910218,7.823949746810856,8.862574232665649,8.43125962779471,9.33053083216324,8.993554549122104,8.227891637344888,8.144484107072094,8.444535959963634,8.701539678902616,8.482464852568356,8.377620153128234,7.8821998796294,8.186223551841872,8.561938509365856,7.631082,7.564515983313754,8.160106309909231
2023,4,2023_04_NE_DAL,NE,2.0,DST,4.991935854058873,5.63779,4.945745482717582,5.639411312245945,5.174641398003828,5.543990308642153,5.397666109850782,5.55846794402124,5.402735177589377,5.509260504238291,5.9890258204418245,5.762842566453919,5.764293555889408,5.663646494531401,5.237483683465275,5.3529004583917885,5.663563447775523,5.8286933805431085,5.706465602306899,6.0169212610528096,6.635714829593804,6.018833348436887,7.474137498642616,5.841012016329763,5.346952202889404,4.94984448047856,4.907753106898245,5.101962547893924,5.420159129086114,5.553311591934705,5.533445843615429,5.340254868245013,5.705935378196928,5.806875993188244,6.212078,6.442770185062943,5.192049543071511
2023,4,2023_04_PIT_HOU,HOU,12.0,DST,6.625156950530934,6.5990086,7.50051805596661,7.04415713675671,7.614692155700544,7.5209206963042545,6.974394276065286,7.254792820608315,6.876418349361398,6.8768810904980935,6.697720641647888,6.897277249050376,6.87261320285078,6.726653442067772,7.354503010319609,7.244596335348794,6.913336337597459,7.430216348754042,7.003288608414467,7.229214786530541,7.314635459835614,6.855912091958625,9.35787418038085,6.975387726683264,7.054145921094452,6.5157316680234105,6.406306385515888,6.743222010105999,7.511870294734518,6.9643169928249,6.827693153235503,7.2578482109236635,7.667170810411945,6.909914663914101,6.9616857,7.579940173194004,6.504460390748533
2023,4,2023_04_PIT_HOU,PIT,-1.0,DST,8.038409725316832,7.867385,9.42415215932791,9.854074950935846,9.320698918210368,9.079141495541238,8.477187136940975,8.264517921228498,8.316257469854769,7.907739332710732,8.279004464115967,8.06482495291277,8.025264941816479,8.06218250336503,8.490756155413411,8.199157228148195,8.166777585943334,8.465369207561313,8.292150791032476,8.695580655507932,9.020808419088691,9.00960345754998,8.805922896415844,7.37476242877409,7.912176754292241,7.874531865795653,7.710654006274474,8.16692330816239,10.26861736573153,9.066605752161895,8.665534174250947,8.350006917788281,8.491340543988995,8.46760201749239,8.7964945,10.199198680578073,8.33858801820201
2023,4,2023_04_SEA_NYG,NYG,3.0,DST,4.812385327000554,5.9669333,3.960074232283508,3.860120019420119,3.9167901490187673,3.545089892349969,4.195273926453664,3.9769783577239353,4.285381449620759,4.395878425057537,6.13731485321602,6.160962092053909,5.828196694291618,6.064578111109974,5.435122415429536,5.37516252127594,5.216534071705216,5.102240122406183,5.3397652338621295,5.215504193946666,5.256631638810977,5.144880186947384,3.0562162260663754,4.74131014470994,5.493044613643238,4.991067929523302,5.169750532046051,4.922514371757018,3.708888938578572,4.118367445463518,4.3058519529974095,5.588587142379078,5.330508525008002,5.9405679976203185,5.5369506,5.7168304707725355,5.014117841750877
2023,4,2023_04_SEA_NYG,SEA,30.0,DST,6.401838200557452,7.023914,5.521490935749199,5.969820997496472,5.715249603846837,6.190936817253066,6.20021503376602,6.480153553400369,6.294388361107695,6.721423227111615,7.10796662533653,7.070882818607657,7.325120110173623,7.250550082575874,7.5856743220092175,7.143136979490998,7.463555182099391,7.54625955267886,7.622966830190164,7.363929079163773,6.106773897474835,5.88190311024151,6.381918826849592,6.816709063862939,6.584214265481451,6.495374899095958,6.588911597634463,6.52003459931437,5.8510377272517,6.206778749068359,6.373898021757844,7.354874412399785,7.057407472475371,7.33955078895786,6.1689816,6.117771207517705,6.450863921522586
2023,4,2023_04_TB_NO,NO,3.0,DST,7.134877009204391,8.152558,6.658556589032367,5.704220802645136,6.789710976914685,6.152632374398086,7.06083562081962,6.707893886773423,7.101206638573915,6.862074207593033,6.970660441296999,6.696565966746292,7.193015854016974,7.342977886037089,7.328015618146269,6.779114715495362,7.479555299709364,6.515576291331853,7.32686970987257,6.7854313518302005,7.357869612251295,6.4237073667274,4.773205663852899,6.825594542763118,6.806526182794701,7.117554452991837,7.100231896779282,7.266830720356037,6.75265353863733,7.146496551421808,7.220467383310708,7.5793487273306255,7.976583562135355,7.1619508120903825,7.1049166,7.697035063298073,7.066616595557593
2023,4,2023_04_TB_NO,TB,13.0,DST,6.455033666258691,6.4613895,6.943151434553231,7.937500833563104,6.775553092615231,7.301768303743048,6.673958366261707,6.727267336183141,6.685068683206252,6.736951869103326,6.472379778180045,6.522761380366981,6.635631817958899,6.242343101184368,7.0582441264909495,7.209307679576059,7.3377313971496765,7.297024292680467,7.031628867857069,7.784564699534396,6.908488066007862,6.730200769963121,5.986229096916854,6.536069589960188,6.308418671225775,6.443364682979695,6.431695699700699,6.573343024516073,6.711407581522759,6.6722381368434425,6.708001633232099,7.2273527467028,7.090789192370606,6.517221012861784,7.0868306,7.287680946429325,6.593641971861095
2023,4,2023_04_WAS_PHI,PHI,4.0,DST,9.210396650507375,9.020127,8.748435054053967,10.258822907584888,8.684309616378968,9.59834034970905,9.132541692705946,9.571052903433262,9.190775150817329,9.605790243779769,8.684682233680544,8.718885278955053,8.765618031788906,8.729499002433755,8.852833618916161,8.4985422068691,8.945476453819152,8.993435269934064,8.43490948645804,8.858492755401677,8.829323913762968,8.593597341484532,8.294116784256452,8.944604971511616,8.685858638477937,9.1297944548733,9.049192259239224,9.346639141748723,8.554013903246432,8.97505492829412,9.104497927529689,9.075796458499822,9.007695132241832,8.504525648475314,9.136528,9.308465879844972,9.444708516812243
2023,4,2023_04_WAS_PHI,WAS,2.0,DST,4.706546220428669,5.003602,4.29240066631287,3.9811242376780367,4.158397074453912,3.802720799002565,4.5951962403634585,4.38847560122009,4.703520161572724,4.769029288300905,6.0289768133390025,5.899099843594793,5.846963222424591,5.342113204426364,5.106729466000007,4.901962460372292,5.520533194256498,5.247948575974198,5.6201623589354766,5.264530810270962,5.836577554632541,5.145761370424231,7.053456627025408,5.416357514138886,5.622890246524969,4.826515285468399,4.946484350508129,4.812294624620959,4.127563926356688,4.4443028235671385,4.658767600453686,5.598320241716088,5.596728861075879,5.705302423356262,6.045191,6.441542580791378,5.203652072750734
2023,5,2023_05_BAL_PIT,BAL,6.0,DST,8.325906292152352,8.627143,9.353182860211692,9.260596078388971,9.291057313228412,9.010676378494274,8.789695238357037,8.478019739516192,8.747611852167799,8.364482569837874,9.006455529169848,8.432176192481398,8.718446815272538,8.620856036608421,9.031512660488318,8.352606341740476,8.905098318259622,8.537692055339132,9.233621455013855,8.753871133307669,8.400854676104977,8.079773066822163,9.53312808977413,9.13574785658329,7.642615092681079,8.213465980513169,8.101025668873985,8.4629088816054,9.104799958870899,8.548695909032439,8.535552156568846,8.17481394310138,8.671654175251719,8.905842249721626,8.481015,9.405599980446409,8.14899496375799
2023,5,2023_05_BAL_PIT,PIT,18.0,DST,6.9429459731026695,6.724578,8.27189366398141,8.503805942599456,7.593241519801962,7.990722122515102,6.976590507146529,7.415270833914798,6.934844503262906,7.169450033273515,6.90475218423008,6.932213895185708,6.721072789455612,6.854026587961692,7.099159969661133,6.704668491645997,7.229939291423274,7.269300433220343,6.746375057122711,7.222860014900466,6.980639452566213,7.036657776416783,8.711792089440811,7.247740629684033,6.612551592482005,6.9496109791504885,6.956275985198308,7.0651006984588705,8.016172607359774,7.142685760611068,7.024045594104521,7.095691590041658,7.229595273552483,6.697691944112851,6.4122987,6.919293814127797,7.113556760935176
2023,5,2023_05_CAR_DET,CAR,-2.0,DST,4.169777275027521,4.929825,4.823149741037428,3.1977414612301915,4.687410598467167,3.478424409819049,4.570673714585609,4.18457418661836,4.570994257913936,4.444986264559675,4.249738738032866,4.279287937674224,4.361145696390619,4.357446361969254,4.359470558904291,4.412204716493542,4.709258713461879,4.139790842824574,4.251402225270628,4.597770462601713,5.105700236617775,4.978408767526809,3.617489369451032,4.20929517759612,4.693208600057954,4.255661066724493,4.341544858421466,4.276651926149819,4.443303755783711,4.572478352424419,4.618287570040778,4.128754651184616,4.246812548171352,4.520189549855851,4.4963555,4.698823240518434,5.071573683390013
2023,5,2023_05_CAR_DET,DET,7.0,DST,8.317492245163455,8.94635,8.995788656963216,9.33113934583776,8.824165142620624,8.98096140247273,8.367828013684278,8.460166535323454,8.31376892912216,8.323234245147411,8.140576007871088,8.23606497391357,8.581698873743498,8.620300919749337,8.285702694602204,8.551059222357429,8.147018905816925,9.350027225953657,7.922880377458812,8.978468444611327,8.496902974335747,9.11970205156257,8.814671814778974,9.346442696912115,8.402767733580031,8.29800883711399,8.278525429064523,8.454026217303412,8.543874511574364,8.157713103097242,8.08130073101854,7.790350369821893,8.094250600211428,8.258388470715557,8.166976,8.691708146944762,8.213094064836245
2023,5,2023_05_CHI_WAS,CHI,10.0,DST,5.2876743866825215,5.374602,5.969822544766025,6.082319313953005,5.775398863014644,5.912885891013654,5.572926287538418,5.536334295659248,5.556681580130363,5.483041522564467,4.626189587549464,4.84543084903676,4.838897349695447,4.876982284694303,5.167576636276855,5.127641233395732,4.8386196839522855,4.834498802739153,4.542567151060855,4.551671715527972,4.358422513192573,4.517070812382197,6.8763669553152384,5.079165669414315,5.266247369998493,5.273903202877699,5.260132019072878,5.396275286445397,5.330538325375508,5.432925664458293,5.46458128495234,4.599515797086732,4.2906662643152895,4.921558310823041,4.8220773,4.1367316143574095,5.400404526599626
2023,5,2023_05_CHI_WAS,WAS,-1.0,DST,8.112874654822162,7.9113545,7.831372479971658,6.662526963382842,7.738460037941556,7.127897662835931,7.971225854566612,7.558519201957802,8.018480526318333,7.838949441759357,7.865941825298014,7.740676271448311,7.840479041603656,7.763363146094177,8.240981264860013,8.010314866223162,7.823788177224847,7.973478228765411,8.106355634993374,7.576793895950818,8.104599513910216,7.88397522827041,6.206938667346545,6.864547267811547,7.629418820414258,8.092560783170041,8.07224691151792,8.23774405106987,7.240724670374374,7.774810922902595,7.895234074022823,7.68845574863648,7.644748911659058,7.845003452141297,8.020092,7.529216456022261,8.258312723277202
2023,5,2023_05_CIN_ARI,ARI,4.0,DST,5.071071100678082,6.00879,2.71548073387539,2.8962100963339106,3.148338703409474,3.706885697407492,4.2994097150350274,4.7442868543649,4.499652122797574,5.314746780734833,5.431840102375449,5.955877496035186,5.887210618587576,5.854458335643519,5.297961027595364,5.504165161473528,4.80120817803798,5.620446106733215,5.173717526974354,5.617088611843157,5.718843651293589,5.915845553058747,3.1084078949554,6.1567045221032535,6.287786968724585,5.182516991268995,5.293962881859907,5.1830766836302935,2.9714765769722264,4.192201484869689,4.6107077166714445,5.296314979523814,4.899583434576996,5.765730224705207,5.254064,5.614693442177254,5.055351554063654
2023,5,2023_05_CIN_ARI,CIN,16.0,DST,6.379950814098477,7.2771664,6.125040434387835,6.407793357303798,6.023016508080716,6.462448132732999,6.143169442066539,6.273079556716237,6.175710613242903,6.228626907983645,6.829030795096161,6.9932003349543175,6.788370940788915,7.094108920937377,7.285365761120081,7.317543841065363,7.041998209380564,7.201055484370662,7.138077691899078,7.718290094165146,6.947458802441535,7.195515106601218,7.013015478361732,6.34110165253813,6.597472080728236,6.4253661013045,6.470781388510524,6.499059607389966,6.310509375821333,6.174868896986648,6.231850690361451,7.601743389680083,7.326983307854853,7.089037994825201,6.8162003,7.364077040611584,6.274908566501859
2023,5,2023_05_DAL_SF,DAL,-1.0,DST,5.706284770920533,5.976869,8.18889254990423,7.856401109608298,7.918096779482209,7.7546682661921,7.200673092575525,7.241228995451958,7.049932008354144,6.796693430841716,6.627921009968001,6.556442551178492,6.577492644445817,6.578653994601891,7.680829969568804,7.319924006214505,7.803732468105063,7.481076735659513,7.870612762888924,7.375486305605753,7.2387282414418,6.419503187333913,6.038222018419369,7.294049356143451,6.42339821561656,5.814120331260361,5.921955891600191,5.817566479847903,7.538808479203904,7.143744047992489,6.930730004735881,7.393074837417731,6.763782605889246,6.320497333518038,6.547404,6.600641799503056,7.140089366741037
2023,5,2023_05_DAL_SF,SF,16.0,DST,6.530678837357638,7.4566417,6.222007842113642,7.43611626787863,6.686010904372523,7.530914960800659,6.984598004549224,7.2984363601844064,6.96676510146069,7.042471927848462,6.986429235350388,7.163361250761366,7.142264195454281,7.094699228904348,7.192189042130305,7.1486226804889,7.119978770207461,7.1227422841492825,7.288637160965364,7.48371585775898,7.890279643125214,8.279441729459489,7.957288558293287,7.616659230924633,6.667648415527127,6.470324966265022,6.4099710951724065,6.649947824865727,6.781429665865487,6.957261956451234,6.894446322417087,6.894387007043891,6.809134920485507,6.974329721428579,7.412893,7.266396405105968,6.749717980269026
2023,5,2023_05_GB_LV,GB,9.0,DST,6.686926579237591,6.505359,7.71205874407892,7.90740912854023,7.485991807749505,7.649748085875853,7.134631812495468,7.228493654481826,7.091554776036984,7.09221750586614,6.774696026984305,7.012743031899352,6.816200709537942,6.850800400483787,7.914232298567007,7.971285087403089,7.415288222758964,8.373802389178408,7.468138584437407,8.109067821987008,7.4191118890765235,7.872651965520278,7.204854616469188,7.655352640462214,6.675092929543612,6.459572198419883,6.232217817602174,6.801010588579189,7.033850007700208,7.020479590157268,6.9974579045548575,7.442813390180925,7.22505049763361,6.847097627907863,6.924194,6.817203902060489,6.6076475105529875
2023,5,2023_05_GB_LV,LV,12.0,DST,5.821608638714748,6.9281516,6.273952637328546,5.494549997131342,6.1965536003920825,5.685630462876333,5.884641024047187,5.616115661360521,5.84363883638099,5.6131094223364535,6.207015537517273,6.222139492163048,6.390848813899743,6.42793685456134,6.578102092489633,6.5565530786669495,6.463783097011517,6.594305606527232,6.057988636143401,6.235924653313804,6.021843964599537,5.496609189290419,5.523889642790876,5.636750732198099,5.739941605722956,5.8560344617882185,5.89046028486169,5.938484034796233,6.361864925921551,5.915745430877941,5.7943115894572434,6.5656992552029125,6.176293689336614,6.086443553761105,5.554938,5.663502170212193,5.930453443570663
2023,5,2023_05_HOU_ATL,ATL,1.0,DST,6.769722297046468,7.6879096,6.141824504293534,6.410848740492307,6.30503038773397,6.219935260627782,6.372260495464537,5.985395274943769,6.328168077894013,5.833024633537009,6.530533767945989,6.0207843735181,6.736929583879112,6.531962508328304,6.787380903339376,6.77452599126521,6.889784892371571,6.162853902054391,6.444030677338797,6.066850450037087,6.989931258610816,6.090245263323082,5.28891142935046,6.17674556267376,6.1613430073171225,6.702890915790747,6.636059534535027,6.8957287939706955,6.969367635040267,6.7588093406735625,6.615887469324388,6.8697846552141835,6.8256173470458315,6.862451764081803,7.287826,7.958225591941131,6.60765420131594
2023,5,2023_05_HOU_ATL,HOU,4.0,DST,6.811664943802432,6.630929,7.768823370004716,7.017649232360595,7.602643410177974,7.272247186109007,7.180199735780033,7.2489017876700945,7.158967788149939,7.258875048087835,6.940749532010341,6.915598729555424,7.100099600860382,6.894588446953453,7.625289116103763,7.725907947631208,7.326789706113888,7.506771230158502,7.449044354082221,7.186408307368211,7.640325498447488,7.465667590680365,8.052455554602272,7.538086986887289,7.01679969876557,6.8304401379091715,6.849215332015911,6.929252800787969,7.206089975335812,7.279155806488843,7.280194039248099,7.357195187474233,7.498471449180067,7.040681758716705,6.694001,7.161355477019294,7.519929592948006
2023,5,2023_05_JAX_BUF,BUF,9.0,DST,6.709961534754798,7.362993,6.7660153065148645,7.259817609403782,6.743352056966933,7.0454570100419565,6.929113989052105,7.226750981185277,7.00275806405617,7.507850803028101,7.864187133184328,8.131273334276644,7.773215013613654,7.988228488902188,7.7900643526513935,8.190995366504112,7.536344733983251,8.488840537020323,8.014633434938819,8.115955740141889,6.954649932412892,7.318324747992591,7.933197590221505,8.13446736913004,7.645725938883897,6.749458065304416,6.788954595854035,6.82701709332846,6.57440195306494,6.879957640686854,7.0592663005021095,7.508096730281194,7.499557821734337,7.65556470894664,6.3762717,6.497275004201898,7.408430210754921
2023,5,2023_05_JAX_BUF,JAX,5.0,DST,4.6050772481311295,5.037636,5.372286345339741,5.474731331500642,5.26883858577748,5.532356133288936,4.954285025327294,5.135471023253206,4.9013262304775775,4.885093592969218,5.12732474944199,4.708828573181514,5.234230185301331,5.141823504904533,3.678104810786234,3.838978628882855,4.218845247119662,3.424692029563815,4.062928029517739,3.620561443729767,3.444336240078722,3.706671213759011,4.5733735130385,4.960490422293503,5.088779033376178,4.669248970298464,4.7334206924658,4.710113047011803,4.962642005339953,4.83442362468731,4.777665661624897,3.839587764658723,3.953954298713754,5.037078609250489,4.372664,3.871949546100555,5.228221625592409
2023,5,2023_05_KC_MIN,KC,6.0,DST,6.136192513804164,6.3499823,5.870664681861294,6.639079332635368,6.012192780590689,6.774511829116691,6.287313194315884,6.983368838699077,6.350989962481157,7.047039837344723,6.258967833208188,6.801759375355311,6.288631510659355,6.534145786222515,6.344360938175215,6.679633297953029,6.450957465363958,6.774012191123679,6.818501262544447,7.171467458165034,6.114952112231776,7.200650082480429,6.083615052931782,7.490345984884021,6.471727434527887,6.033557014534504,5.930921515264845,6.2454116655606695,6.101908336701001,6.325645434982938,6.440137533075175,6.279458487978837,6.592284904838339,6.272159681694454,6.3041615,5.948637353337309,6.271798083894656
2023,5,2023_05_KC_MIN,MIN,2.0,DST,3.871042338486107,4.8702097,4.374800069474088,4.4864124847194855,4.323346017292518,4.194338125727404,4.344715608083854,4.111251444191911,4.382177190709854,4.273215875739941,4.259402094255815,4.674680701163499,4.51130677273997,4.665721415037635,4.1639192412590695,4.129379897104951,4.254776603575522,4.1990250645722345,3.9392445691049978,4.1393618229138855,4.242973277359931,4.080432434231794,4.482729505078196,4.3837162648035095,4.847643832029445,3.9242255632812024,3.977408788076298,3.974028129827106,4.709005312430987,4.499842518242028,4.545030598897244,4.205689568555031,3.908233286929435,4.495796106566469,4.277466,4.168986662047127,4.6191540904369095
2023,5,2023_05_NO_NE,NE,1.0,DST,8.154361681778639,8.20435,8.809031880564394,9.507647013973845,8.624599568476846,8.928542126831182,8.348560321172254,8.286105279306595,8.303858379325701,8.084954227719809,7.845236472520145,7.581542717514032,7.986405038260429,7.701262312888305,8.381191976415447,8.305596330598298,7.839882187041309,7.86703314396665,7.788061169395897,7.814522947122731,8.013832692742442,8.496211999309066,10.295187007857193,7.805779838378797,7.894755094871799,8.084940586749536,8.01551949172043,8.288632853208195,8.911573764099881,8.580946280375471,8.452038625040327,8.231872189946497,8.113476324300859,7.623981127931866,8.066698,7.791970781813388,8.32484705755378
2023,5,2023_05_NO_NE,NO,24.0,DST,6.881895847809136,7.1473703,7.165211240086878,7.587317129013518,7.072539134968596,7.272090765112033,7.320065536295814,7.363720285138376,7.373738850862377,7.505875260676203,7.122908571310174,7.0087080688257855,7.474002226395319,7.171093020018293,7.507207741480347,7.669104665775253,7.191267731568215,7.38794663236534,7.487316287178658,7.254359426057343,8.166880235163068,7.894229520939638,6.0678018915444,8.126914404148755,6.975494715892613,6.818401193321805,6.754906538834475,7.007224527454848,6.530242371632631,7.068774181749215,7.223149237882279,7.261411389156127,7.105066466678237,7.252498905900056,7.357656,7.005976064216413,7.118016790817681
2023,5,2023_05_NYG_MIA,MIA,11.0,DST,7.87160923459533,8.99032,6.662681431326269,7.547002511782047,6.787737823272509,7.50846388189633,7.382829148899476,7.580017957512704,7.487619713451937,7.8222463152461295,8.953764038458447,9.285735072139508,8.953747313435555,8.737849011813482,8.225339966943373,8.217827745034683,8.154548542721214,8.250740252586265,7.810340674534366,8.327846392501874,8.598382415094939,8.069888154561568,6.514747642197221,8.299741107347057,8.553613389717885,7.991811585504308,8.112013936413286,8.005433976788517,6.963363050463025,7.344657734188974,7.532357492557008,7.923201779326242,7.787523221298537,8.944867879720427,8.177016,8.188415176200687,8.126607256190393
2023,5,2023_05_NYG_MIA,NYG,12.0,DST,3.083537787466252,3.705418,5.527677378638345,5.801767662038886,4.830586379382504,4.978873210585752,4.127918560274997,4.230574470312812,4.0795720444445465,4.10694807988634,3.70830687313162,3.869415441062843,3.768703643925132,3.993368062391788,4.15707423865118,4.095540764986321,4.324111921383153,4.258109552257168,4.152827240528188,4.581727953921352,4.492260420590724,4.719441991870098,4.9159326943796415,4.109502109485663,3.8863226000655775,3.196047990345655,3.308558193225058,3.1838098850751435,4.921854255681884,4.149397299156091,4.066517502127966,4.4793567803125525,4.4884719345878885,3.918703364401584,4.58072,4.557321643819492,4.376958993261716
2023,5,2023_05_NYJ_DEN,DEN,7.0,DST,7.50267249091411,7.614132,7.256371893390141,7.634850453043198,7.098198479596257,7.602384405313273,7.172628031988162,7.237006843351241,7.171769193739531,7.160797115706326,7.421334976988749,7.2178339098504924,7.638649875852026,7.497117266469846,7.33852683348009,7.637777496292006,7.360486004076242,7.443481852188785,7.941086563071911,7.514021084650238,7.226354182153226,6.811543420904725,8.63299011566199,7.535781919608029,7.293544398090365,7.417229006888982,7.331785522863853,7.629956683220025,7.596387043352692,7.441706166699292,7.402936200647195,7.934913170885532,7.985311700597445,7.859452817003242,8.38629,8.900706488958205,7.270976804174266
2023,5,2023_05_NYJ_DEN,NYJ,12.0,DST,6.227246261860581,6.557152,5.008729193205137,4.809479745455608,5.110021642316044,4.591109284831557,5.769965111154947,5.278709780959801,5.895431181313489,5.802673095298187,6.8331039497747526,6.958231115723812,6.954701302746503,6.933191996136775,6.53318089102748,6.567649589970968,6.281779792642991,7.060685236296101,6.622523217519339,6.508621201407199,6.161893846942199,6.009859460292462,3.36891676310434,5.108615481314066,5.999793112395167,6.261951837213434,6.2966574125662875,6.342897534016551,4.649659506446595,5.587786484435696,5.923132448857315,6.583062661221223,6.167689902142833,6.727939213974875,5.931545,5.606647277320113,6.125712677721332
2023,5,2023_05_PHI_LA,LA,3.0,DST,4.756435786900342,5.165319,4.019598923879292,4.9495932036643175,4.178182214105053,4.655911374848264,4.681046013058026,4.857274458934101,4.764113400522964,5.045744806177261,4.501904264361368,4.9300610644923335,4.897354353166271,4.918393468420285,5.228827451127231,5.363937769894149,5.322533105322838,5.322404315820997,5.433036266941221,5.477815104215763,5.764254522925273,5.764057646051177,7.408639966421767,5.883300432488053,5.454994203393494,4.794822311447573,4.833208835994805,4.860572190051529,4.270574260504725,4.660461652771188,4.796714979190737,5.319678955843045,5.184392501520269,5.1971502932250315,5.9677114,6.118642084735066,4.886117053016838
2023,5,2023_05_PHI_LA,PHI,5.0,DST,6.9292783579058765,6.6450915,7.286362455043245,7.291416498049981,7.383257280267478,7.272110665397085,7.200769618070035,7.387659294741099,7.166063936079924,7.351312695653779,6.669893892799202,6.864340853154423,6.909078766396962,6.72138907310668,7.558169448327528,7.384641749188677,6.958295790803983,6.782732372094392,6.831314646288879,7.014293943781547,7.124481764224289,6.95315571197127,8.168885565056899,8.194699543005491,6.587146201700533,6.89786263047741,6.866446903048943,7.04207700725774,7.444459747171466,7.206894253450659,7.14619153578722,7.668510916104659,7.381019871048557,6.802880862307665,7.417181,7.501660212421039,7.294162759043572
2023,5,2023_05_TEN_IND,IND,4.0,DST,6.844617578115708,6.4095974,6.353442796613446,5.437539491052916,6.250606407936061,5.571545413250753,6.6730187532819984,6.257083691267971,6.768688769963507,6.653369227936001,6.767962497697585,6.979081407756684,6.939680457185856,6.680085870501075,7.539806428254012,7.173054697253962,7.179205886244789,7.073426624239972,7.624752687887543,6.749122245999911,6.639210377666316,6.815292920327288,5.886807421367623,7.40658759914448,6.987269274589558,6.862867794672469,6.881118011229231,6.96177720662317,6.4291469460383235,6.882134141079855,7.034402193033222,7.531898656870132,7.326070806788349,6.866792178681564,7.07855,6.6858874689729655,7.138876821328012
2023,5,2023_05_TEN_IND,TEN,1.0,DST,7.274250511148211,7.4665775,7.182839413893018,8.263614263769924,6.975173512758753,7.614773441501935,6.836417931764792,6.970665413749287,6.834449403772725,6.817907626968801,7.449222517716413,6.95110297853609,7.661221494808034,7.455203619237366,7.778758606177293,7.464814533030085,7.469291435440257,7.358130227819558,7.5506655671836755,7.1839522885321445,7.05966300096619,7.301638416792163,8.025086478100937,7.011845813500568,7.313562609759099,7.256781655689762,7.239312800231314,7.398296144513482,6.867906552105168,6.70415850974601,6.714661802454088,7.300678537057028,7.004754722327263,7.206107520925023,6.814594,6.263701235592559,6.677562421164304
2023,6,2023_06_ARI_LA,ARI,5.0,DST,4.58288383797094,4.794319,3.565518562432778,3.1047054629432624,3.72958730063956,3.5554189533673832,4.17289774768421,4.326922021961888,4.2894413025929525,4.792862447842206,4.4370635325191445,4.641934566466276,4.546682710557422,4.587987064504435,4.460998946514922,4.674043250303007,4.29945829205068,4.9186574962800735,4.932467995885638,4.566831213389516,4.704131808987367,4.977766415629907,4.656639878506582,5.3142335862012375,4.943839460276279,4.701870010658471,4.820856183346003,4.688455412164271,3.6474630889120783,4.147819427807402,4.3996122041092525,4.432466943085792,4.375765717321958,4.719254422721525,4.1586623,4.708288123526211,4.647868730325889
2023,6,2023_06_ARI_LA,LA,10.0,DST,6.783765895181129,7.7538643,7.334220259650114,7.204130260787206,7.217117741775352,7.132029939702847,7.056434485694349,6.872902146437519,7.023892644828076,6.760805892863604,7.239064255852985,7.434352413448843,7.541204434224965,7.503884448695834,7.444892984499879,7.386379888248792,6.989873094622219,7.340558015000429,7.525419352104518,7.699648438407661,7.981355195777671,8.105743222380154,7.521182554528856,6.882573876283174,7.824841130552641,6.745635321681734,6.7075047481823376,6.90458338847118,7.399930431103068,7.047485905016549,6.970130956748119,7.250578662235214,7.155684188749852,7.489102238507064,7.8347497,8.228372036598792,6.6401786061396795
2023,6,2023_06_BAL_TEN,BAL,11.0,DST,8.1547461125215,8.248321,8.038360500001286,7.139369651864827,7.948317625718781,6.884677193819911,8.051298562468896,7.126719645590609,8.074191959974543,7.408823636966589,8.099938221320341,7.498803418870898,7.885663005035624,7.767337857571394,8.418765150903704,8.155854334340557,8.877284262519632,8.122339130621508,8.560861916156002,7.805048877496192,7.69734079588637,6.722401526333911,6.518413774231284,8.270944657586778,7.556330939689534,8.107895822383314,8.06104553224513,8.286023824207934,7.850300442015463,8.03230264270069,8.121565568380557,7.840380697127547,7.742683686333984,8.019071987119059,8.043644,7.407341833727759,8.122079373095167
2023,6,2023_06_BAL_TEN,TEN,5.0,DST,5.689517623425133,5.9229636,5.087952601067556,6.46635215560684,4.9395288209566175,6.069616595511454,5.311677598771864,5.668097114543706,5.426873315394609,5.830407586100052,5.69683367669795,5.975381385764348,5.801038174974707,5.773015529811168,5.615214158131526,5.700588990847045,5.857602858397297,5.349823015090355,5.5898871929337,5.762562466479741,5.557472409619569,5.815430514179044,6.588908640065364,5.749587514394248,5.809843106282596,5.760415073481618,5.831312523538103,5.802795301141952,4.905670991068275,5.206334375437399,5.438446221636853,5.418729776581393,5.509618639686377,5.763674376414688,5.2505555,5.09128480457735,5.561680941921009
2023,6,2023_06_CAR_MIA,CAR,4.0,DST,2.9225944739002307,3.3883238,3.598535809869769,3.549359908442927,3.466286560004645,3.578095845427282,3.665413463509798,4.09517997835462,3.727706548641298,4.309668082009237,4.45339395196585,4.782641363145639,4.578478420307714,4.49004867002328,4.600490942604661,4.396451889551154,5.580863731937901,5.097228422906123,5.064784675397963,5.627812627478258,5.715689385247867,6.219515898944506,4.262737922569841,5.193976860663306,5.112458857854757,3.0515044573001626,3.180414440700094,3.0206138086861665,3.6309289137635496,3.762497361848994,3.8901231785547155,4.839410648094576,6.006212366876181,4.568395881685835,5.111926,6.093952156106534,4.367475672903839
2023,6,2023_06_CAR_MIA,MIA,5.0,DST,8.400841045205263,9.307414,8.97999408766635,10.404049925679637,8.818460202078802,9.7273454264353,8.444414443536767,8.797006411557813,8.387841436487466,8.397068416176149,8.863453332407332,9.190026079483152,8.697972027514954,8.844133659856286,8.376216477910418,8.17861490581826,8.079307294510016,8.091499746083276,7.942764418060978,8.70743315071046,7.50080912270966,9.161061628304545,9.308157363409713,8.970459984514928,8.511486397050696,8.376405676723827,8.351970308242391,8.537698310518369,8.749100094430034,8.393432535596551,8.292497468197343,7.885823715529461,7.882191832548685,8.520200742249875,7.991368,7.4365301194229785,8.553407336953775
2023,6,2023_06_DAL_LAC,DAL,4.0,DST,6.040829721792104,6.369854,7.296979026693597,8.848289186209906,7.376006325907667,8.55508444366564,7.224688844854428,7.894072380610971,7.155607204833841,7.3876510352704114,6.044775816502307,6.314189541236853,6.209408754326034,6.331345250092146,6.427135901427215,6.806787019398171,6.897046909833444,6.728034766818433,6.6851159781963645,7.338880886960784,6.481348202454178,7.05651846916349,8.756057027006728,7.255432164758552,6.0529785964422524,6.0076273674045995,5.974425013017095,6.152296288455307,7.381113839414823,7.2703311400631225,7.122718099710793,6.628203112137308,6.924301811669641,6.366525162409196,7.016059,6.358882168338199,6.905231518955235
2023,6,2023_06_DAL_LAC,LAC,8.0,DST,5.88650272383828,5.7356653,6.654272445533166,6.826605584694044,6.359984788123257,6.221681192866472,6.37897799685206,6.37927502871513,6.428266829701544,6.631418490433246,5.478688825978367,5.374103646773686,5.615649205771199,5.643516165650724,6.451552327654863,6.416855722150762,6.294516666523307,6.58931350731801,6.291501376373348,5.788691141552995,6.468272869377229,5.93833779286572,7.014089545125222,6.5776144522265785,6.041949098964522,5.747814775696599,5.609126827554919,5.994730871064079,6.451606920785734,6.277313529429798,6.368795124593643,6.574974478256907,6.3342543884174125,5.549665984439357,6.712423,6.575236177907625,5.872134970938451
2023,6,2023_06_DEN_KC,DEN,5.0,DST,3.296814843480966,4.12821,3.7673734297769417,4.603595734101853,3.583417833654026,4.000249796355677,3.38019800473959,3.2878554287522945,3.384812326603684,3.287266194523088,3.9554121981646633,3.775979827335803,4.189778036863746,3.941453832604258,3.52221657273868,3.337168099083632,3.419313551178103,3.196499567604171,3.2132991853802104,3.1247326210542945,3.2012852585450617,3.630031441582615,3.292882534110729,3.6819381725051543,4.499201551468564,3.3900237371051425,3.4832326307293187,3.3988902294425367,3.4902336557394054,3.2811657607303912,3.334969308074544,3.5708218222993873,3.249253844177872,3.9671904873657966,3.3931413,3.1265704571481674,3.810937130904267
2023,6,2023_06_DEN_KC,KC,14.0,DST,7.890137905132191,8.567528,7.008868569256526,7.449600931961572,6.973659625204301,7.430984328702299,7.048339572832876,7.609628396268027,7.107766683787052,7.734157430360203,7.840397660963984,8.217809954565702,8.131992093106561,8.297492556141217,7.806352776008381,8.095108294170311,7.892416709094222,7.873902031571466,7.886896888127479,8.41898736015315,7.4513260303786355,8.127811086753844,8.7186009016947,9.179099493547389,8.401820926873793,7.912496878679421,7.934855852226651,8.017974327794713,6.873595808247025,7.077101530806966,7.209220911413511,7.541209023546621,7.422821799020454,7.880373109342625,7.7744093,7.3165154807328765,7.454248597380148
2023,6,2023_06_DET_TB,DET,10.0,DST,6.833505006020249,7.5722756,7.867197505291664,8.313973960281617,7.875521059533082,8.196138886439877,7.620670404352982,7.788811107725492,7.553152544639905,7.541627876530515,7.208324998299508,7.7722832377991,7.280982885303726,7.591324577722044,7.433885251225783,7.425359155630097,7.466596186531021,7.1573667828198495,7.491284271334626,7.717742070688186,7.041359631998416,8.022431121386747,7.775499556127818,6.988173130312876,7.179753822615762,6.800142085515097,6.766779165009945,6.958638251695785,8.182931093863925,7.691341910723982,7.529155960711142,7.5745641452452075,7.848155635421788,7.306642681606615,7.504147,8.255124257620679,7.527043333266937
2023,6,2023_06_DET_TB,TB,4.0,DST,5.134193060269662,6.3038993,5.434663128827635,6.047816295418037,5.496089509188667,5.883486769496433,5.683839047931173,5.861256862622972,5.688272429284366,5.770906513594989,6.424763098304277,6.316451200596218,6.266806727803693,6.336787357362479,6.592550795858492,6.568952416482346,6.466484805406908,6.7073974942878,6.59056053544225,6.151812649595945,6.783132464877075,6.691087439298312,5.469023772407111,5.314377891709131,5.677028764636824,5.253202505189873,5.372211950110084,5.247033521204076,5.890090803702217,5.781636955034358,5.752342419140245,6.168858119799541,5.924521968462485,6.151670459159528,6.227245,5.942999670640159,6.0403095079328235
2023,6,2023_06_IND_JAX,IND,1.0,DST,5.176983030431517,6.018726,5.425843637214599,6.278626509283956,5.213737665213557,5.971433566037376,4.947643296972947,5.320019347345484,4.9603526522932295,5.233352466400653,6.21076613738356,5.991012055926203,6.22137425451961,6.098088408375286,5.445526341868589,5.774773525616213,5.313245049551838,5.803436076287376,5.327289244395643,5.542403837272113,6.002954506374597,6.082292533538571,4.724640175141558,5.72473551675869,6.068513976253218,5.320139249883895,5.463295469336273,5.288929356899691,5.700385243203546,5.16015473345919,5.12703756997402,5.631966202764074,5.5651221994824525,6.035748665621427,5.4315114,6.000825857789406,5.508834907485052
2023,6,2023_06_IND_JAX,JAX,12.0,DST,7.018422352656843,7.709894,5.880886831806555,6.068509570154793,6.158855113286249,6.363994047475034,6.590092563735881,6.762698237386131,6.646033873612892,6.893000118277392,6.886130907508171,7.057555034380059,7.165401565743249,7.20841582154382,7.234961454697,7.30133138885297,7.113118659177344,7.359820875595081,7.361100318195945,7.309423596592389,6.596087835169858,7.161420976323726,6.996936401201914,7.109420457510792,6.877409832258847,7.039074837532889,7.059727322408935,7.14304654969342,6.003344455401503,6.5117504527872,6.6447577218894285,7.0633794943807064,7.076103915470964,7.122721832387715,6.3459654,6.336329244348064,6.801920952560996
2023,6,2023_06_MIN_CHI,CHI,7.0,DST,5.373400054413302,6.1563444,4.394052216777654,5.309142373604852,4.563499158003137,5.48970308292781,4.880340612803817,5.279473113245445,4.919740592541027,5.169743586626871,5.839000592335115,5.742158289421901,6.179675279566639,6.004156897390001,5.325723813212036,5.460396005564069,5.704694210327948,5.20797027377512,5.236976511501135,5.589775824720676,5.875941638720306,5.489065204850219,5.972282481406002,5.444734775775695,5.665129319865834,5.3391622188093795,5.304924383205457,5.484830968486556,4.391740618570751,4.820275896362436,4.917405970377397,5.613628522193738,5.515922911312995,5.797524068596968,5.999844,5.420650040288949,4.950574900496318
2023,6,2023_06_MIN_CHI,MIN,15.0,DST,7.479129797448419,7.424721,7.494012071872009,8.141684689838906,7.444650873774375,7.926331535125149,7.354324417184294,7.522677633480581,7.337623375651191,7.37681399046754,7.381212254017441,6.850295469949212,7.263703354459737,7.150329505664891,7.596298932829443,7.468368802178982,7.732632339787587,6.891864366704065,7.288478472086452,6.655912862422109,7.9632908057820835,7.025759868205702,7.095597229578603,5.948472310269778,6.597082276623834,7.456769648265516,7.434409499082614,7.600052346780888,7.525739993758696,7.370917836176067,7.317283789517058,7.193807102827369,7.035663515848432,7.175992271718139,7.903571,7.152821938049644,7.668974444284951
2023,6,2023_06_NE_LV,LV,9.0,DST,7.580223024704878,7.867385,7.067239586505624,6.319508796948625,6.982472959992501,6.54774759520505,7.412575141461012,7.392615662232122,7.5009728485745875,7.786481691813174,8.56169898538308,8.615349042015135,9.165340159781662,9.017783981910966,9.802257015177997,9.786420732459131,9.014879760110558,8.917078441035269,8.902030021763135,8.476182830650561,8.44645374635148,7.683276958128236,5.856733798573076,7.337957973870244,7.009269201444657,7.43620110762992,7.292179190554962,7.711220435563131,6.863567849344724,7.313261859818054,7.492915940917918,9.324383383421862,8.80683705916945,8.64471688581532,7.8851466,7.5986365554644335,7.082875752428608
2023,6,2023_06_NE_LV,NE,2.0,DST,6.580297527988809,6.5990086,7.8986449768144436,9.97532801066847,7.64487155510184,9.24119218410204,7.074454289043029,7.640221919450567,6.996238038176785,7.081218388061447,6.693244366573287,6.534302599831211,6.634388890802494,6.562396105854061,7.623508084725615,7.326835439353083,7.342070462516284,7.5217318349133055,6.929604370988183,7.163502802383165,7.537426808235006,6.92230849147911,9.411885485808504,7.259558735788139,6.214256105779896,6.4126226739548144,6.244947819920819,6.697402622327276,7.9859509297648295,7.243639795669326,7.072578820052695,7.385844939874975,6.8849621796371485,6.662479502392186,6.947621,7.26277187487626,6.609433023546385
2023,6,2023_06_NO_HOU,HOU,10.0,DST,6.829057946747072,6.66285,6.880346213541029,6.585424365339791,6.968756582209337,6.994884372060184,6.926524638071686,7.014712949340771,6.903654860092777,6.94368149024969,6.68646225991893,6.961362517583649,6.79814656882465,6.4680928181242745,7.221391425958084,7.363642780785013,7.092651459694557,7.396631624153051,7.053643763721652,7.456861016648247,7.420702897081235,7.153558643872362,6.547289973956117,6.623249661486993,7.049915138754551,6.754582595691588,6.680107244636105,6.9485201098012235,6.61951817494994,6.911120642266461,6.895061727010259,7.3559385474305286,7.147433563339545,6.84512954442885,6.73294,7.224899132794171,6.698455982422031
2023,6,2023_06_NO_HOU,NO,5.0,DST,6.955374577922793,7.5084343,7.89140728097808,7.598973977686567,7.902386936259309,7.207837383331879,7.612499442061429,7.0600973720579,7.543631603008248,7.0248658324985644,7.662021817413036,7.574559440070217,7.987928903237166,8.184709962995505,8.094958832027206,7.8299723558409715,8.76860676555002,7.405209694031107,7.71491894760403,6.849479497466063,8.99512606742976,7.532525276741334,5.89600575437379,7.487872863391549,7.044133630819436,6.861703781497164,6.768032985071534,7.0797386948805965,8.215181787297345,7.931013889096454,7.775911590090825,8.274110956215058,8.670471077170324,8.022805216386944,8.15371,9.259268375878076,7.332304078588654
2023,6,2023_06_NYG_BUF,BUF,6.0,DST,9.861751247414675,10.214726,9.30719166308612,8.312505438144967,9.162039406705174,8.822927067997776,9.458500707163594,9.495647074448195,9.53299133645329,9.777708506917214,9.418449592706748,9.439345959249623,9.50086336457397,9.30312235902678,8.959090989103952,8.469873631097972,8.585486061747392,8.328880591743852,8.447209489128074,9.02551977103228,9.516814423645236,9.01307736326209,8.743720310516963,8.107639666203884,8.830287657606375,9.921244828780294,9.980738410145912,10.010950877794784,8.714884386604071,9.27763518945238,9.468433240788325,8.591746738235209,8.245600568418233,9.222472927485292,9.042703,8.41999886506264,10.272692235365742
2023,6,2023_06_NYG_BUF,NYG,5.0,DST,3.2698865246220934,3.661448,3.691853278215087,3.7677303691232034,3.493248025806055,3.521326645239624,3.321594735448657,3.47307101563484,3.337559905730059,3.531486940858738,3.151610406101148,3.4259255976804024,3.5060413727104365,3.4325923583352096,3.778979254745602,4.08920680685083,4.03604463331232,3.544973697823865,3.870515073577833,3.6704731234424006,3.5021485280596583,3.893802820575324,2.343503972880685,3.355853087505446,3.8012343524416057,3.415183173964403,3.5604798233067134,3.3720451042726856,3.353919914731188,3.3998378934520574,3.45448787761386,3.976334458213315,4.319117791320368,3.484909417806267,3.8178782,3.3541972119567616,4.052524278578074
2023,6,2023_06_PHI_NYJ,NYJ,11.0,DST,4.997668005764963,5.63779,3.615910420625702,3.771928914238865,3.7815192192138336,3.6758103518793375,4.802052552795035,4.3123793959879,4.9663687749613725,4.7360131212844845,5.562380701044127,5.49352237195314,5.466572368826118,5.559689159906821,4.341139597404434,4.328676919589377,4.6226383622531975,4.563669118396849,5.421281873013239,4.396212772107944,5.26687577164445,4.935221267422568,4.733079247541243,5.3253888728337175,5.69411661952324,5.117442980806736,5.237217955848508,5.106047839536045,3.7596604564125466,4.6107207504839955,4.918990766603789,4.515895555181343,4.526342435984977,5.771782031927125,5.772645,4.859353789080596,5.536869070237614
2023,6,2023_06_PHI_NYJ,PHI,6.0,DST,8.663266792058268,8.385939,9.386578601639645,10.683384111975505,9.404300919959734,10.476728744618924,8.97067285810167,9.809782739477566,8.89927547764022,9.499913134931436,7.994891181472081,8.677395739522408,8.290179821350023,8.484609165553778,8.526573407088403,9.194755975115548,8.257935090960213,9.59041661953242,7.938288685215387,9.386271155573986,8.144236459138003,9.153713653039317,11.035864850479658,9.653378856367484,8.795129335246427,8.569455096768523,8.475643401478779,8.794303333862166,9.971900032154204,9.306695143992718,9.121191678796318,8.541250139623614,8.569283963765498,8.273928572795208,8.721777,8.973195250815412,9.425343225189932
2023,6,2023_06_SEA_CIN,CIN,12.0,DST,6.401279355718035,7.2771664,5.735619494274316,5.040309349252293,5.975938660807828,5.684823622692023,6.373144035465974,6.572537370749198,6.433725374179611,6.758404570086278,7.669816051544753,7.647674343813786,7.409564648282791,7.693349977335114,7.487005303193026,7.606609106298168,7.647369223196059,7.864964584743127,7.515747257063764,7.788288596589493,7.003554968862444,7.230087553585944,5.833155769543871,7.247236762551638,7.103502740334671,6.522146842737823,6.6430143297576105,6.519394407592008,5.653322123799192,6.166597815541804,6.301967388009286,7.445403710752497,7.347809579399911,7.651144023211561,6.627852,7.477380532197232,6.772912130048185
2023,6,2023_06_SEA_CIN,SEA,6.0,DST,5.900524533894603,6.00879,6.901151248723731,6.542717918607752,6.859114533842847,6.953596014511623,6.867632519011749,7.0963641379182025,6.904603216750471,7.143197435989345,5.7991326916920665,6.2226951090792975,6.135630206352336,6.287700228724268,6.700918099583491,6.134179961936418,6.35928896504633,6.896985091547242,6.425330754556781,6.018746458802956,6.766995777976976,6.14324501249773,7.586834032862627,7.170390773840647,6.578585345527488,5.915972430875016,5.931420327855428,6.012249629048501,6.693816032140828,6.853527008019206,6.929449018055108,6.317756413913913,6.172087881219709,5.985014243556403,6.3954244,6.356758641211957,6.99767374623959
2023,6,2023_06_SF_CLE,CLE,5.0,DST,5.474039666755045,6.0364842,8.059587160865762,9.09127642073546,7.291491654500199,7.873088092727007,6.166117342505302,6.41087979666663,5.987489876145812,5.646689141224726,5.535779983940229,5.442942189281757,5.437534986270338,5.127740942995235,7.242179641003768,7.169913836862142,6.971886955081255,6.952365392158128,6.754926899951033,6.750822321802659,6.784813802925823,6.393046980447126,7.754039572886192,7.926634024041044,5.773683233191555,5.603050919965257,5.73206217317547,5.591394038002055,6.992446826804998,6.116004308435133,5.829729604515319,6.902440587237267,6.9500735661241455,5.312620710123847,5.6388474,5.91802783255186,6.284028999542255
2023,6,2023_06_SF_CLE,SF,7.0,DST,10.21988883724124,10.05301,10.604579275066248,12.177188172853612,10.813928236618873,11.94635714220028,10.644402834396097,11.021991393300624,10.55819314651747,10.424045182237908,9.22805903984674,9.00292510548457,9.298768057232882,9.281091795281872,9.408223758159917,8.762855622022947,9.88265168728378,9.392019773747007,9.816033541547789,9.73425712537073,10.196403798781398,9.87410197339987,10.195267912513742,9.743065359983978,8.434174111875862,10.074690824966499,9.929492812691757,10.373697404687782,11.12099609953087,10.757992771663538,10.548601936453803,9.471816205276259,10.038006874579555,9.429053588475456,10.754279,11.04095661133642,10.508744175819558
2023,6,2023_06_WAS_ATL,ATL,5.0,DST,6.572132281211317,7.4765134,5.380858473325761,5.570882338371798,5.472859173397737,5.472131976883817,5.977433336405742,5.798582661027535,6.0671078161966685,6.093236977221257,6.336791353457246,6.387036898669391,6.652192189764509,6.4158255491042535,7.171025607626381,7.089637171733933,6.780542973685156,6.450907906397681,6.9080830464668574,6.5020636939561225,6.576414549923684,6.413207510458171,5.367942648412443,6.440391361515854,6.43578781311848,6.580882279188298,6.589632277165279,6.694901786079663,5.218622002899435,5.911551555352068,6.119686568538669,7.092658527721672,6.993353255771023,6.6458830658453785,7.351311,6.795708482618258,6.2269525448857665
2023,6,2023_06_WAS_ATL,WAS,10.0,DST,6.530185182292836,6.842325,6.99645685926963,5.691944785768688,6.620128316043227,5.586173403409823,6.149155979579084,5.594276195941268,6.1160204428772245,5.742351280050876,6.186956950495882,6.568686757463028,6.5351041287003415,6.520327877286967,7.188664136684341,6.822039998923975,6.973313366025245,6.760010549083332,6.6550302147168985,6.434929474155208,6.613486534934229,6.321244443497606,6.035755306811092,7.154222725141035,6.294292185197563,6.603511918930332,6.676838655567827,6.6502097177651045,6.497831157772504,6.232944763605481,6.174193456886794,7.205376498068593,6.989002574790654,6.564994077131441,6.671298,6.512936103767238,6.685381297866051
2023,7,2023_07_ARI_SEA,ARI,9.0,DST,4.2313242564623925,4.929825,3.421958187246106,3.562248796620028,3.3394041149457547,3.815159858250236,3.895737144077191,4.492827587664728,4.042126849322552,4.916121497735938,4.54436095219232,4.749278805977507,4.749280385731544,4.816110315275071,4.547599367909056,4.670195834225976,4.589464712190688,4.935616303883752,4.476800758236172,5.049699313104426,4.98563432470927,5.489307105604078,3.636480195536623,5.5119693756609935,4.8980734324208095,4.4366998815019185,4.6420755065414445,4.337843122188735,3.603935400319678,3.9374405401193346,4.199038566462741,5.003647358409759,5.043391622348613,4.932552140639877,4.724857,4.956785793412421,4.769287474378313
2023,7,2023_07_ARI_SEA,SEA,8.0,DST,8.18976817628425,8.94635,9.175234483793636,9.72640263265277,8.870467993810776,9.407395528451527,8.59908123990983,8.748043535279278,8.576909447004233,8.533447642646747,8.570965377031992,8.746395533119776,8.613362590478546,8.453658811260526,8.452017418024907,8.105476284862052,8.481989973871652,8.761170277158032,8.747331967713139,7.945201688041443,9.30460552741609,9.484873069652483,12.102739740602278,9.61702887882674,8.808543293928881,8.167035129113113,8.144302081941976,8.32364931063757,9.550786832710298,8.902217152941523,8.779050500457739,8.083315457361799,7.940017313692701,8.754491989363414,8.256305,8.626907357880773,8.594627735326984
2023,7,2023_07_ATL_TB,ATL,11.0,DST,6.36849017487854,7.1892266,6.382813616922893,6.096362781905338,6.454609645307784,6.111254084603063,6.440780271285095,6.232178263607834,6.436236942359734,6.349908828441455,6.5516554545674905,6.887670233027447,6.716475828194722,6.682847775795018,6.727468057131499,6.728403193146159,6.513600687884527,6.5131787700939325,6.243064800553459,6.563579484718018,7.050658872274418,6.834259695831486,5.166341829690181,6.464489805170857,6.546079719654163,6.341410584516188,6.3143309941538375,6.495025577725267,6.363166954850845,6.410034173197283,6.425781477017032,6.632415951833323,6.824040504637143,6.592783271771471,7.1836057,7.227836663594781,6.4895570550671025
2023,7,2023_07_ATL_TB,TB,6.0,DST,7.646600111524139,8.457603,8.67912818570749,9.20476249700614,8.46075205654734,8.876120117092727,7.967837165966912,8.20882016998157,7.907412411251539,7.875198355050566,7.329637721112251,6.665087509710524,7.506998791259266,7.255506121778709,7.939659454185089,7.938653537221842,7.792925218338539,7.66339282788764,7.742281304902365,7.341141901319602,7.583540523099554,7.376369716160683,8.625897285958985,6.585671507443866,7.0412860096927625,7.710275380189463,7.773950648854788,7.783288068453437,8.613153234338208,8.07992839751285,7.944900773645529,7.653935272313588,7.052424447449306,7.474691589992399,7.355278,7.619658329332271,8.194338540315778
2023,7,2023_07_BUF_NE,BUF,2.0,DST,9.131751139860445,8.892445,9.42994434957602,9.115048560719789,9.3001476599021,9.186637975845226,9.327750545644808,9.284576982092917,9.347377376451758,9.396994990264137,9.351415723479194,9.16498007141462,9.428945666533725,9.307675111663006,9.737266915061408,9.4577188263501,10.084650187310842,9.642591769298706,10.663217084586153,9.78464313720612,10.00389027786272,9.499895693856123,8.479757372131735,8.934575878099395,8.380666542536517,8.969307359952412,8.806863580044377,9.27157852900081,8.759475482760998,8.957680947315552,9.05711183556745,9.422413067155972,9.73049490680718,9.064182795352131,9.079676,7.700378781211675,8.859303082903892
2023,7,2023_07_BUF_NE,NE,5.0,DST,5.097385046686176,5.7215033,6.162696218674698,6.948622905730442,6.056969892720222,6.725700596066886,5.492405188817462,5.871059015537548,5.412744086558949,5.359319555848117,5.036297660675337,5.099378781728437,5.020007981082603,4.806172267888751,4.836181586223962,5.047207143281774,4.90882484886881,4.639973880366913,5.181795197167176,4.788518397352386,5.073974273767652,5.292058601259663,7.754107919392953,4.573719213591287,4.733640532107071,5.126981237677295,5.156577428668414,5.208391347696218,6.224480619363861,5.654606536813041,5.482907775113972,5.300644210736803,5.879445183964182,5.310366973448809,5.2584643,4.93712285069914,5.541818616021063
2023,7,2023_07_CLE_IND,CLE,10.0,DST,7.533260393668662,8.194415,8.664593471470024,10.645612536765643,8.674076126968474,9.865268447398217,8.145112232530144,8.738901370822271,8.042655463900523,8.168176440351388,7.616221203170991,7.09227187568314,7.427342378237252,7.476692830582535,7.804360466066635,7.613616602629785,7.603110487236245,7.649245937039314,7.623068119176072,7.885168357791587,8.251857515981225,8.141516356145065,12.361669688041824,8.867666033492451,7.649134748765554,7.522557376576231,7.511854359483799,7.664240132127916,8.448524475077518,8.22615820481537,8.049711627051895,7.347044692381188,7.568802769231841,7.230373905606915,7.547163,7.8532174261643295,8.068028008452337
2023,7,2023_07_CLE_IND,IND,2.0,DST,6.456665377337266,6.714642,6.456701452347065,7.418728039146163,6.4374834861786825,7.066621769281591,6.467776827298917,6.640232804258867,6.513556717033603,6.696629557103584,6.882866935353006,7.005062052971479,6.875970368305143,7.006716768696655,7.595102785728607,7.137190061420922,7.29268659667635,7.10012014544295,7.158583794234799,7.4660689524610655,6.360230198745639,6.791321365393238,7.228615643791344,7.95283316113978,7.00585099963476,6.459751351831254,6.462837326325242,6.576161618170075,6.93243497576965,6.541221133598145,6.578079701784313,7.58320149886936,7.160486818613788,6.984547988582209,7.188492,7.224421909053044,6.682749572317682
2023,7,2023_07_DET_BAL,BAL,14.0,DST,6.727418010856372,7.5722756,8.071859715616194,8.389646994878191,7.93116921446232,7.752370236709048,7.628217131249325,7.225944508495629,7.545190196899225,6.993107244223437,6.545406019399344,5.977355196610798,6.736836112266308,6.538757993482671,7.507840819251631,6.94050279574908,7.575352504263518,6.571853786234239,7.799180908576805,6.384645273878315,7.206664932578929,6.147922529684978,7.365432697741344,7.127933459858845,6.177386531672233,6.770880020715084,6.814342030573797,6.849548360404384,7.811661340204715,7.537024448801635,7.39507200908533,6.558659396111497,6.11386899344242,6.758004215586061,6.9153113,7.042666175910999,7.678346762150783
2023,7,2023_07_DET_BAL,DET,-2.0,DST,6.131086612911716,6.3038993,6.534726467803591,6.863396624653508,6.296305351182191,6.54550922328771,6.380521252698241,6.603011083660191,6.455907421200978,6.877632248199363,6.868763889360697,7.608927602669578,6.931107776199718,7.086728437337304,7.368494073577557,7.064467029967789,7.020826134379492,7.384699788965627,7.55787082185171,7.0599642396551126,6.178982894063551,7.505005239143982,7.787759709360466,7.664230026158373,7.072492077564963,6.142802145493079,6.15451767807444,6.245689911544426,6.038511248302809,6.174139548253716,6.343491515170961,7.07247690451945,7.020347930506462,6.832856346662584,6.3411613,5.839914795516486,6.4420834003886736
2023,7,2023_07_GB_DEN,DEN,3.0,DST,6.729664950077712,7.181404,7.519003441711071,6.8004068429666775,7.547192170870667,6.840146256365482,7.246677363876207,6.529732195052311,7.184304923543848,6.434530166079498,7.165681581194926,7.024067573537946,7.390495629366706,7.047610236857889,7.548990603196698,7.182056692931023,7.206181234086797,6.638870845611514,8.047001513136625,6.488111981490457,7.273850454434106,6.438519039947283,5.921744428810522,5.920527420049222,6.582125995886153,6.684091104386206,6.6385172586947,6.848031578575576,7.089084649601617,6.79158148329999,6.704105916843336,7.238791795372602,7.1345451199795935,7.2943192881893735,6.8251386,6.879762625615334,6.832925510711883
2023,7,2023_07_GB_DEN,GB,2.0,DST,6.786801647865879,6.547216,7.193263468315223,6.383340912576586,7.048622048402052,6.569373357573354,7.046945042206009,7.259386166599278,7.114809101337444,7.608343981917196,7.245326561511439,7.107242319398888,7.224587043474988,7.01100047543359,7.662378276448877,7.988985482294089,7.341599280372421,7.739478754192689,7.662406419217728,7.615928479752769,7.259196164369504,7.757719552966243,8.905272446346157,7.806866704147689,6.902393354428023,6.764615519374184,6.742429390882488,6.901462048529363,6.111355324310825,6.749728063901883,6.99919764405815,7.345539328916143,7.377414439168301,7.006363537509746,6.775174,6.897189637965109,7.093297992107032
2023,7,2023_07_JAX_NO,JAX,9.0,DST,6.531607524716204,6.778484,6.415912793951909,7.335826515363935,6.4719880828101495,7.114363336197277,6.576765705845732,6.783196851950007,6.601340298987141,6.78899638654759,6.406851001925283,6.831976645249595,6.617350589572047,6.72702193618939,7.1170823718997465,7.024469089531048,6.766814552818794,6.859893509318192,6.753292275847555,7.269306798920825,6.1140059921876935,5.87896030137432,6.538177704072354,7.142637648788199,6.831968669119767,6.496212850181333,6.4608181756464615,6.651962956802582,6.401641204534937,6.599954930939178,6.6498526545682,7.249345504564928,7.212567076434204,6.559130521815292,6.2552733,6.78935374650839,6.530649721721346
2023,7,2023_07_JAX_NO,NO,4.0,DST,6.526309215739882,7.835464,6.300798036239453,7.032107339080055,6.289983167900393,6.719867868399059,6.521909494280068,6.675448521527452,6.557295370307114,6.707119056773617,7.441282083169801,7.249248210948681,7.5484106251864596,7.490684105955281,7.30770386065719,6.8436380130028445,7.165236533223394,6.683018275210196,6.947671529562229,6.810734920763189,7.734521010706987,7.091984388412536,5.591007883601154,6.944620926780954,7.393161782325806,6.635830772156962,6.74535232857404,6.652727602264121,6.397693503786797,6.6217218189156,6.662023361545574,7.616913015879815,7.477159031601213,7.62316867576584,7.275585,7.096179773229694,6.916282083627217
2023,7,2023_07_LAC_KC,KC,10.0,DST,6.99325608092085,7.362993,7.526477473051279,9.11362308310078,7.534093275411911,8.68264902990388,7.595804191783992,8.36997287725353,7.615020927409148,8.173398323325321,7.596249214961618,7.777594049647218,7.3629400507076115,7.663827225017644,7.601830073635136,7.557024429321435,7.190628103755961,7.957284403181194,7.568395623274741,7.182739580423944,6.89435724642062,8.124265384880388,9.646634664951586,8.287197068500243,7.2655144992167315,6.961392448109212,6.929528815297575,7.112065869465703,7.8991851761434795,7.743984402934123,7.722430458791846,7.730008081625542,7.400952872667841,7.3945288612018265,7.2553887,7.188228898106706,7.764968791588242
2023,7,2023_07_LAC_KC,LAC,4.0,DST,4.387375942769904,5.037636,6.557489870001437,7.991394466317999,6.21011222567473,6.892491296084789,5.694757996506953,5.894784950063538,5.663439002610286,5.710827804229086,5.25479198301627,5.266797621251173,5.201572824121356,5.415965196911881,4.467609768770708,4.35936328513553,4.893881991434036,4.7233850884383415,4.545326547645288,4.708501437424225,3.92379841290416,3.982886243057621,7.584166676361544,5.377421313034546,5.286186263295938,4.439506471618793,4.491637000467681,4.492086735684925,6.429170770016236,5.756326198302487,5.710411186809999,4.44863684296763,4.156143669681194,5.137953652850354,4.4279137,4.3333176293719315,5.815891150326356
2023,7,2023_07_LV_CHI,CHI,17.0,DST,6.710666389686456,7.1473703,7.3319810895279325,8.874386732015285,7.435190262185882,8.53753651230398,7.024034408111495,7.165147452291638,6.90971382562512,6.579854475147022,6.664234200360359,6.3755194399156645,6.614267528669413,6.63060594940123,7.214362229465769,6.841856872554843,6.722890832324375,6.788469556600261,6.133261342767409,6.246975744522156,7.517811060639339,6.475182629698165,9.771075367650528,6.882644111242206,6.301423057173507,6.544732155447953,6.37879792120945,6.833970398669008,7.494309634320377,7.056767862062253,6.836528295972949,6.725407234476307,6.483241183269672,6.622934305900129,7.367016,6.302899913394883,6.506324740989046
2023,7,2023_07_LV_CHI,LV,4.0,DST,7.714848688246258,8.20435,7.225418673603913,7.479159829648157,7.277578999462716,7.81963536121261,7.463178565618861,8.103260562188078,7.507934811852142,8.147675694815284,7.6768147187570035,7.155232527474956,7.7091492160868755,7.534958424599105,7.67371006273282,7.738067624626388,7.475747181666573,7.30800939049652,7.656272462786237,6.75637026795,7.680847867874293,7.082948785095494,7.297985889020555,7.915790457915382,7.161343899749456,7.748912131668358,7.782975575090457,7.8459101369494215,7.464968569743813,7.5914620060705085,7.643149337595157,7.190054322333557,6.993386952502078,7.7045384923149,7.5912433,7.411088450339791,8.072510096168772
2023,7,2023_07_MIA_PHI,MIA,12.0,DST,4.517727755384104,5.049685,4.130759100260868,4.86976123713065,4.232588504434261,4.415296821625683,4.86318402123053,4.775134644013544,5.020503693891771,5.242126268910075,5.814071284602435,5.823103372712221,5.68942868953833,5.789859889390514,4.618352548022024,4.6663180464856815,4.742760746760558,5.234995861993817,4.125358418166022,5.4446881889896,4.749669765733791,5.659701956852367,8.08877030815369,5.810255238758965,6.024632049865012,4.594723143202453,4.671718531020802,4.621037938687868,4.418781376416847,4.927902399778077,5.194510460602729,4.63565670253846,4.705463193782657,5.896847018904888,5.6856427,4.991665858620394,5.453030841761777
2023,7,2023_07_MIA_PHI,PHI,10.0,DST,5.881678676007774,6.3180614,8.699101974217758,9.81392718161735,8.312260220700445,9.151767201906273,7.547402519523287,8.162479249128316,7.398470877641166,7.504097567954702,6.834963536244043,7.1825026528646125,6.545086897382799,6.543355780563799,6.535597680210563,6.353856958573155,7.265508825488602,6.965670166894435,7.115994313061524,7.51391189467985,7.834912487263603,7.942249396155078,9.84650493209881,7.804869117591519,6.252207987227066,5.854156077170957,5.82663347833414,5.989387812453961,8.585043685978803,7.640903424969142,7.3081034136122085,6.3383368067522765,7.886063609362092,6.530723888698259,7.062316,7.736371067086639,7.2891947603897576
2023,7,2023_07_PIT_LA,LA,2.0,DST,7.377833232948882,7.6041965,8.17470450623808,8.448059548270182,8.16863853842574,8.320828507160059,7.736691375091801,7.621990761441325,7.671416807402256,7.3793934155421,7.805136398663202,7.807382437975431,8.038751799044459,7.7743363690596015,7.633583753767908,7.418842510078285,7.846749430482337,7.387127727379618,7.886282530083151,7.830829157268957,7.691935086155954,7.187458261926397,8.607389461149502,7.460404533485988,7.575061264890043,7.244958521572595,7.112083810196309,7.502430063148278,8.01251994161757,7.617522832910914,7.531638136855496,7.702490702242334,7.988886423308832,8.02860028304118,7.823366,8.417495337509925,6.922334065958002
2023,7,2023_07_PIT_LA,PIT,5.0,DST,6.277476436072198,6.124424,5.301341741912324,4.615947628185106,5.397615715026054,4.725013195237755,5.735262661643196,5.531161460158111,5.821333182564552,5.972877490213078,5.951782864010709,6.083525061467385,6.012184697397788,5.807934904339186,6.219864225049039,6.693838718354934,6.570109344212309,6.544249842572641,6.293546128877336,6.848152526308183,7.132589447104135,7.017329413478928,5.558244699645127,6.670473194078737,6.4963988737025975,6.290462227586534,6.303448019100871,6.390105584557381,5.512000795968776,5.768963835204806,5.946383397388279,6.631789139854227,6.684784964605935,6.251908338559434,6.689987,7.412846222920901,5.918168153583067
2023,7,2023_07_SF_MIN,MIN,8.0,DST,4.969327970821803,5.3107605,5.339269896887765,4.953318141980062,5.1845085291098565,4.907030064684583,4.91570215624628,4.775624229433984,4.899190593336417,4.772977488301359,5.017183488685941,4.855550765607751,4.873396958689916,4.789414596501612,4.701898628555096,4.6547781899604574,4.818905163676433,5.142666882350903,5.106242329027451,4.793505492425769,5.967102100460889,5.017120772891171,4.358587959399523,4.429446681946349,5.226988191733966,5.062684958827307,5.156041946832811,5.078186711277208,4.724027673517941,4.591051793219508,4.625145755973951,4.136968355103073,4.475161841664843,4.885197158693271,4.345223,5.346650739453234,4.9140251910436294
2023,7,2023_07_SF_MIN,SF,2.0,DST,7.649579746119623,8.270306,7.390229663691697,9.071634264058495,7.551274430351005,8.74274501977796,7.609427589420768,8.091396479943702,7.603198880249793,7.798040407140368,8.352189980327493,8.479579336807562,8.384324470024492,8.244236917563205,7.835158009974369,8.127987798143328,8.613719332473169,7.828740838296992,8.53457243484494,8.307955431274772,8.294719740823894,8.490614859982506,7.582933665126519,8.69667349434217,8.077800813873457,7.536516074969619,7.423452403819614,7.776900681198343,7.584304412865043,7.524809052679922,7.522947503808864,7.835937128193554,7.628017325194407,8.514890008583663,8.4098625,8.184628556195918,7.11497081026591
2023,7,2023_07_WAS_NYG,NYG,14.0,DST,6.9232820147868255,7.2630043,6.673748766874844,7.014070055966123,6.733953992231774,6.905495256971449,6.715712630362404,6.696734221566472,6.728143285240916,6.766791518818403,7.25180517566218,6.956618573328333,7.101314179707979,6.835544062775634,7.301914895992776,7.0141400881409535,7.107730607375684,7.260360877641737,7.44955386199376,7.213682309215176,7.61624475463745,7.478590803290983,6.266554115247294,7.159596613593013,6.525028164979283,6.989085251051794,7.054888487316763,7.049993728192048,6.922796394594728,6.908780981753275,6.925023621573581,7.198391629905811,7.410859571925621,7.311767303213843,8.039676,7.737681949122625,7.191838756759918
2023,7,2023_07_WAS_NYG,WAS,9.0,DST,7.852108801587088,8.531381,7.300285038885604,7.0777455424603,7.169838516257101,6.8183982546791375,7.347107851690616,6.911335270689258,7.400039061425614,7.205347441954258,7.941193140749855,7.824234838698512,8.195131543628143,8.090553260941478,8.097498071018416,7.823907944062047,8.114392913124858,7.683716032711965,8.075486590355135,7.47911975154485,7.78323249654807,7.564328718387766,5.842561659080355,7.87823462609452,7.350945264937249,7.988061861999678,8.124014922412268,7.990836702574535,7.110162838390651,7.209794962213537,7.323051128456862,7.951958233587234,7.568208715315025,8.078478982228926,7.46147,8.169908152330988,7.994962276098518
2023,8,2023_08_ATL_TEN,ATL,3.0,DST,8.609798154268448,8.720792,8.03273987491551,7.302764577197387,8.091752977692183,7.43976143467898,8.219256556722316,7.6923009425302755,8.222750830886616,7.875831232256543,7.455602244590265,7.153211098859607,7.730519779058898,7.327845633582201,7.919735066094492,7.712603308125289,7.948833456602748,7.240630470785324,7.604677954118394,7.723233986059995,7.405405555625129,7.718470943712611,7.267886819256665,7.8681977310298015,7.48398711573974,8.605502894863433,8.601207635458417,8.751435716946526,7.935923355029226,8.188761180554984,8.241099165424506,7.8421948577085026,7.531560256481292,7.71545969966876,8.235308,7.499434547176761,8.678902459981861
2023,8,2023_08_ATL_TEN,TEN,8.0,DST,6.804467703086854,7.6638117,6.175011183619347,7.273162807923654,6.160175170901231,6.858488054575475,6.301275401488095,6.361547818038947,6.34163840707884,6.267752219844922,6.873607162376747,6.65713118324304,6.88431660459766,6.655605245521367,6.745316663636976,6.714733562027044,6.494307593948497,6.631750516891806,6.661947448803458,6.28032426283349,6.572383768430665,6.45525509047334,6.505780419667804,6.439001560586413,6.679591709904625,6.876349290492913,6.948230877898972,6.935828323415785,6.1564042370477825,6.225294710678598,6.321816688946779,6.582855106084939,6.695151348231799,6.769483726454278,6.8963594,6.176097081065283,6.7271152373295315
2023,8,2023_08_BAL_ARI,ARI,3.0,DST,4.332853599069668,4.78227,4.089717753985648,4.122195340559296,3.991001610041791,4.365378688357149,4.134736392552514,4.419895856288429,4.193259512416866,4.545220235463667,4.039801233534694,4.358999363978125,4.1934245601429465,4.2758261371517365,4.236385477807269,4.336223147387047,4.203026330895142,4.222937942252649,4.339975768962391,4.6400654325399415,4.533923866631887,4.77787868736896,4.194462856626124,4.78019174677131,4.790429263804679,4.465748985626624,4.598644372183582,4.4395541327509465,3.7030217942569568,4.009551943596359,4.1480956249510506,4.2660685869346855,3.716632408803946,4.293595856204456,3.964031,4.330540199474832,4.597315987675181
2023,8,2023_08_BAL_ARI,BAL,6.0,DST,8.064712199709025,8.798796,7.472578613547714,7.829258989134082,7.417356550269235,7.543170037607501,8.001441606870697,7.777218466959923,8.1024484455802,8.14023847255677,9.053360405509864,8.712223725070267,8.933617009135256,8.872539887011062,9.170763407542138,8.662995549756936,8.716833121134572,9.277348073715237,9.336315191332824,8.431023878020225,8.80322147477409,8.834423978020403,7.776532733972145,8.911391031273023,8.418097617999788,8.043222554418263,8.0217329091275,8.197162282961976,7.588959973316719,7.926451156892135,8.113039116194305,8.358124591816232,7.861662898407836,9.068979419919293,8.39009,8.98036727410126,7.877025329120666
2023,8,2023_08_CHI_LAC,CHI,1.0,DST,4.492481896976311,4.560938,5.107719419785939,6.343862892522703,5.20255230155836,5.850392076508774,5.284586176565872,5.414204813211248,5.27967354366676,5.344775023750521,4.173735171833462,4.196085429358976,3.9430166823449833,4.120045673188466,4.338847475318735,4.396424371178726,4.220637993122188,4.58756618106293,4.721764298751414,4.7771471331495885,4.0892540835181945,4.02397102830164,7.191975303056672,5.054025607551174,4.557711508194778,4.429076532435529,4.365671167894747,4.597902598826757,5.598594043997397,5.39580991890974,5.335225130644114,4.7409008623780915,4.312346829733942,3.9358236412443186,4.6887865,4.11601100366367,5.0075741956147715
2023,8,2023_08_CHI_LAC,LAC,9.0,DST,8.131125812651772,8.577463,7.860435479370141,8.129249918169023,7.721388582229943,7.924873329227759,7.60126798569397,7.731942435748618,7.588943340758218,7.625569446597411,8.17603661976182,7.821788126670676,8.002250408012005,7.7991247394554,8.089338698800661,8.011267194953826,7.85325187645671,8.021289225448754,8.290959383966426,7.711562488573818,7.944512133929237,8.279746590361885,8.164627798048892,7.404125433786856,8.035397495169175,8.144793118679239,8.158460424706703,8.259744998804575,7.852782099972679,7.509909235949176,7.493169250658538,7.876033425320061,7.7907106130030455,8.083247428803254,7.6763506,8.111398842692285,7.953782924512398
2023,8,2023_08_CIN_SF,CIN,9.0,DST,5.575788780664552,6.018726,4.796178178159982,3.999818315291839,4.871400095092952,4.438124134625539,5.378152723847664,5.105301368827696,5.461535466206044,5.415092636778856,7.106813675828506,6.863494282427013,6.896818240717955,6.87379340300642,5.86451927821849,5.878168651580941,6.398642890404063,6.490711112718103,6.716410431425812,6.932270574901247,6.737413900311081,6.386244660659879,3.396829357227342,7.106666569909127,6.367346108407273,5.596812267194521,5.617835753724489,5.687473299756986,4.432465102733135,5.145321079647997,5.349476491170819,5.481358271752297,6.055281111218251,6.762620968118227,6.018199,6.288964476714592,5.541276522733995
2023,8,2023_08_CIN_SF,SF,4.0,DST,7.404208321213486,7.709894,8.165002852736366,9.515327250651032,8.246980113729562,9.530112456951342,8.224919207514658,8.911182255225935,8.192868497823012,8.412283866015086,8.15065668889961,8.518263189647826,8.276624107421299,8.524965395804573,7.977457982516698,7.849158763304587,8.209608774353146,8.213142647362016,8.850757636612965,8.479267663479432,7.722341713670219,8.541735409883989,8.861354527437769,8.8678168272355,8.100466721637694,7.344330328150021,7.2844523350865575,7.530286565760516,8.212839519976772,8.210143018206246,8.146803003803225,8.076338885954026,8.425702042268293,8.373411544218136,8.412373,8.50346562224559,8.062885616231668
2023,8,2023_08_CLE_SEA,CLE,5.0,DST,6.338243975742904,6.6827216,6.588101065429206,7.017763467565493,6.387990396779143,6.543172044687441,6.503621627338897,6.870473268419887,6.533195553460259,6.916902559500674,5.9651389163197015,6.280567481652498,6.201332605815669,6.116257283824234,6.529254649257791,6.834986688862089,6.418421390074144,6.757597909709011,6.5119639366875965,6.589826510284884,7.351894131080358,7.288322372448436,7.484352490301273,7.037096325687982,6.330866265738269,6.417371720780458,6.496499465818012,6.45648940340281,6.252872688461715,6.539635910829871,6.622826036453131,7.051360892268796,7.207702236431207,6.3543010033130845,6.9464836,7.743828378165038,6.822943348617083
2023,8,2023_08_CLE_SEA,SEA,10.0,DST,8.41729624220417,8.37389,9.0654074415072,9.654768333606462,8.926557950547453,9.456297137240467,8.660170091335022,8.921504320047369,8.637442220621594,8.713502187429736,8.49887463010536,8.166335753165711,8.41235744723352,8.480206548851537,8.488661299779935,8.12049811904562,8.471230616049692,8.256158521206867,8.684387608560208,8.083280293437522,7.76721849370299,7.894134413423056,11.759371335338637,8.455347279150558,8.114350955332451,8.327926119881006,8.238555997557844,8.550761929233623,9.748317356669485,8.936764704783377,8.802447913087292,8.59056722499083,8.521580396765534,8.4692553039214,9.191733,9.230025268852952,8.60114715392132
2023,8,2023_08_HOU_CAR,CAR,8.0,DST,6.156665149049443,6.3776765,6.27125450518537,5.638736229206709,6.390848141377827,5.665905527452445,6.400764183864952,6.078279030607833,6.365124972740436,6.169826684345498,6.617685736244339,6.603634408060746,6.559384814020662,6.692322314001654,6.517657512079217,6.5312562779969765,6.789193372696655,6.889304712188583,6.736962562731633,6.821382562888569,6.775506427994259,6.369110086433219,5.293362958770688,6.420355192744486,6.404979229533178,6.106782541405469,6.0568999337614935,6.272541338408109,6.65874145861244,6.6548775525326445,6.56260094428564,6.63861157858155,6.869034457295395,6.745063955228263,6.5597053,6.774277650739371,6.67891195379675
2023,8,2023_08_HOU_CAR,HOU,7.0,DST,7.226718461521236,7.646053,8.004537136781847,7.4578540495010595,8.067936014253004,7.840025156333143,7.7269882000213075,7.850661522426421,7.659380095773059,7.602597197334834,7.768710119667157,7.295176360722774,7.741517024533244,7.554231282394237,7.777637260238697,7.76890297965325,7.755473747578771,7.579418451426411,7.992864127026389,7.766599507969103,7.487303814525826,7.395494069049906,7.087918676822033,7.096361381752255,7.261608917859908,7.198950029224756,7.1711815969282755,7.35151007742859,7.8110763011995505,7.611085133641129,7.512140936669911,7.541353856818808,7.671642748090507,7.777535335200593,7.4724064,8.137487784974706,7.437116213037918
2023,8,2023_08_JAX_PIT,JAX,11.0,DST,7.646864440411454,7.835464,7.886434243094338,7.57469378660085,8.017578217032854,7.778668077657539,7.723117098876459,7.623769634143437,7.674243075991799,7.500900909783442,8.45437271440243,8.278488208486287,7.94244913126148,8.016140834507771,7.570893159148382,7.552792835242432,7.83468902517328,7.641450195651441,7.722634632565444,7.827917667575563,7.538612433339109,7.687671369110617,7.369880564227824,7.624353114344633,7.837648536717911,7.561888176404069,7.476911912396685,7.775949832980867,7.886751171956896,7.514270247534795,7.457237268518575,7.35323908496044,7.671165568155878,8.359451714668218,7.192208,7.70309303255915,7.158300301238266
2023,8,2023_08_JAX_PIT,PIT,10.0,DST,6.208658208533491,6.778484,6.314793036215299,6.751476818888141,6.277369602819404,6.375588181815394,6.200247185670373,6.287553763268017,6.188501426827294,6.245663756789503,6.598345080196819,6.978338448763596,6.827723850386386,6.99582556498567,7.083463078707162,7.279046957088965,6.837106421789136,6.864308336175594,6.997305754863266,6.799692201338182,6.869011880021434,6.991136812495242,6.450740577618615,6.286962978780652,6.677041356159863,6.282501376330506,6.356344544127521,6.327233517158626,6.9489691530529445,6.495737340548511,6.394999083401969,7.318753011903884,7.191815097543297,6.7640311659244,6.815438,7.119909456661573,6.486126305796113
2023,8,2023_08_KC_DEN,DEN,17.0,DST,4.058523346019676,5.1632056,4.227180574193355,5.429831735235784,4.106159237861224,4.91654486248496,4.126895687731217,4.335292190824401,4.152387340438102,4.172751464680791,4.371957013654237,4.121984365481768,4.153778438585507,4.353914988949433,3.524834905188978,3.615268332074097,3.454805472614477,3.728216263984095,3.662359875165837,3.845365149168549,3.521023923084749,3.93348736733991,4.3030341408586565,3.615895666348834,4.366629609997331,4.146430383527983,4.234337421036291,4.164821205623441,4.029848251831208,4.109639247702072,4.174317939450384,3.5665014893316545,3.5314428530186293,4.149657820908075,3.6229715,3.250148093840765,4.658394366663212
2023,8,2023_08_KC_DEN,KC,10.0,DST,7.768306967599784,8.12275,6.590843117306923,6.329672382825021,6.542013979663765,6.665836256751174,7.164606932610678,7.526319836725876,7.338223907396046,8.15442709241072,8.11549870147865,8.469543299657367,8.271292387615537,8.454279466515628,7.958411804589468,7.863911574226616,8.197794531302321,8.279547136506382,8.675591280647444,8.311087794262969,7.80724157805404,7.85585052051641,7.0800694025449,8.946488946449172,8.539728378208869,7.798565731539556,7.828824495479328,7.893789951583928,5.930888005582995,7.01351990194172,7.435092182571962,7.680866525727203,7.890383344424984,8.38319483921554,7.4839983,7.430645627793504,7.718988743147828
2023,8,2023_08_LA_DAL,DAL,15.0,DST,7.798922129538757,8.164607,6.96704568872654,6.63869424867598,7.180963577030108,7.100211589615696,7.390548193898225,7.557112630639552,7.411221920323655,7.587635433205737,7.925265458738424,8.022744748740163,7.830910350377615,7.95414821812671,7.896515789558338,8.024925621295747,8.09529229809805,8.561996196813146,8.125904698692077,8.075662879459964,7.901386391273716,8.788833143338431,8.150973546778303,8.145403219781043,7.831105203670692,7.766843370304903,7.734764611071049,7.92605430394012,7.160230469557206,7.351418283174748,7.410985255787972,8.115161205303549,8.540934992803148,7.96025341612597,8.405055,8.928017191235469,7.339214104345236
2023,8,2023_08_LA_DAL,LA,1.0,DST,5.511135768992348,5.416458,5.721115162112537,6.801153063271068,5.63054630399893,6.2474868378629935,5.689181095145711,5.779628949242273,5.70892406168838,5.767540621700512,5.061280088854157,5.23920513772805,5.131512925291937,4.952101115654529,5.144947703080458,5.171021896597044,5.249042479044474,5.313891268600793,4.827893376377707,5.628723609686899,4.536066962175038,5.011740315856921,5.078535288991787,5.683090303287087,5.052495477057957,5.383541112801385,5.255946456610422,5.620173686677198,5.524143686004512,5.589034429785274,5.642609176799293,5.001440984339229,4.840012759300087,5.258370185382327,4.8035526,4.572905090426277,5.201345180857551
2023,8,2023_08_LV_DET,DET,12.0,DST,7.113003628425351,8.048973,7.573284332859872,6.935944345599278,7.598114344000246,7.163582491904165,7.547148378569554,7.181190920275926,7.50164298320538,7.0836119938504645,7.676324682774486,7.503625903388573,7.457097255899142,7.44002298938384,7.405060017482049,7.563613984511161,7.312015595418129,7.590029403464587,8.15478017664448,7.649641140816698,8.676738788428713,7.979522896895332,7.206398003859287,7.59013927124859,7.641465290346137,6.927877187556539,6.742750746687726,7.23789896946926,7.2900739588793115,7.425827128194209,7.374761253748329,7.393901285956257,7.232666785837878,7.417515000570081,7.9338646,7.580597560599717,7.024643563878239
2023,8,2023_08_LV_DET,LV,13.0,DST,3.7449348749133593,5.0894284,3.954654547590764,4.313547588408501,3.958369237917756,4.450224420200893,4.122773222458203,4.773607931141397,4.176634687289754,4.88458806174399,4.540751684409039,4.461613980593916,4.482461949075924,4.558878944220259,4.323369913673633,4.253368680019168,4.375629249673382,4.208640641277031,4.370935093925385,3.956353022623977,4.918471250974783,4.4461584994705765,6.079555379762931,4.216573916831629,4.714504558251525,3.9256311019821983,4.106327329051037,3.851441098275003,4.272953875307933,4.505331940812603,4.558817496724849,4.096242514162034,4.412069323375844,4.801024586017929,4.2875786,4.704904461246739,4.731140654398899
2023,8,2023_08_MIN_GB,GB,7.0,DST,6.221151447012489,7.0218005,5.839292067510884,6.871181266910013,5.930189423428246,6.760525301964086,6.099628874522431,6.670098596670159,6.1156835797089055,6.556824621026516,6.912127135871212,7.2119282706043,7.023931143348327,7.144174479575685,6.688496557584409,6.964477782371142,6.824180719258732,6.603204327993779,7.031203931414103,6.923561791595506,6.776634314085639,6.91854976632705,8.684451001056042,6.846940730839315,6.824807088332449,6.2110890469656574,6.201026646918827,6.339983225838181,5.920250155078639,6.100834037812805,6.14896960190676,6.352169279649478,6.397605517921775,6.9091836771931066,6.1327944,6.625200349305374,6.261874664304924
2023,8,2023_08_MIN_GB,MIN,10.0,DST,6.957127653696879,7.4445925,7.211701384048962,7.293858407350594,7.221337815060932,7.232172391093166,7.048922056607973,7.052237784047238,7.035087898926426,7.056483057053944,7.552038401176728,7.557480333733887,7.4940570771964,7.51297687914664,7.616794293611768,7.539734742183066,7.377698937217154,6.819445052217724,7.545419887055788,7.611834105349989,7.462405433464293,7.674937511013358,6.913149062162265,7.457626541489059,7.018789734201767,6.92436009804095,6.891592542385021,7.079787673536557,7.03784412738475,6.871036248619857,6.886788735573135,7.188827199196028,7.063411437176312,7.329566682680443,7.102491,6.648114482931057,7.032188463389713
2023,8,2023_08_NE_MIA,MIA,6.0,DST,7.452649475982831,8.080894,6.9100557911137805,7.737248993904667,6.740495027413075,6.9750227419812525,7.105831336788162,6.904906048662274,7.190642128254209,7.263116172284586,7.68633246137316,8.05177410263153,7.767314118895587,8.086410481764737,8.035700328006833,7.963197886509014,7.906241965866345,7.523013332722046,8.871115986509256,7.82781219169965,7.662044389074197,7.650236235991715,6.203028132757609,7.838896276616195,7.961656977874724,7.4315923612289545,7.410535246475079,7.5797687130961755,6.655984750538185,6.969853966652924,7.1533052165175155,8.198268684203777,7.9248096812152955,7.555381477551426,7.7168145,7.267250652969677,7.377716576327241
2023,8,2023_08_NE_MIA,NE,5.0,DST,4.320203797805228,4.909953,5.954736895190345,6.871221749658099,5.550328657471566,6.20027712747949,5.407264819858965,5.777056763552622,5.39698848008338,5.580858910593765,4.537378604964688,4.347677175054055,4.405456927184438,4.280622268647984,4.803435661498919,4.791535507723743,5.711355953719951,4.79021344215256,5.011346552091027,5.372410155845846,4.751496352695034,5.450524791259636,6.68412965897107,4.615997891002479,4.2218756773802895,4.3161598072361755,4.312115816667123,4.424464069132776,5.491051576434269,5.355548136517731,5.34606767409387,4.903482306010576,5.546963440703888,4.575267000086712,5.0260234,5.545309943452396,5.132911195836529
2023,8,2023_08_NO_IND,IND,-1.0,DST,5.81636975273122,6.515295,7.172834577651,8.365304456926413,7.0071965262197,7.650549576685687,6.286636359852475,6.400316681080028,6.211467074060976,6.158050100923443,5.97949313964275,6.417072976090426,6.4699561462908735,6.279860123983317,7.095097468384117,6.752175447759536,6.918441528434956,6.822375363342954,6.838091879362255,6.748555794553836,6.604600994280886,6.723432757642977,8.046873611600649,7.34271341844574,6.865620121383146,5.8759992494638515,5.935628746196483,5.932488532962742,7.3507952247963,6.511247278530342,6.305102789928024,7.1380218178824295,6.905981676883407,6.243769937646544,6.95501,7.605463508363831,6.367658401286649
2023,8,2023_08_NO_IND,NO,4.0,DST,6.607769829130942,7.3608794,6.56632467821214,6.786607247637282,6.8470370160366425,7.149436303743139,7.092380330878816,7.45352141297643,7.087890820371285,7.3756033168007615,7.246247002475193,7.170004319674786,7.276883528839352,7.191874115218828,7.136952107328229,7.399426618711871,7.0826146042963405,7.46097436726446,7.382015965477655,7.66360461668374,7.3707139863083295,6.903486990327441,7.118685738265127,7.696990872379164,7.178951369177238,6.60659309504431,6.605416360957679,6.729265399883672,6.652940727087097,7.132197950490863,7.117112200577869,7.129800244805222,6.906982215047681,7.4009901547613675,6.9917226,6.743250455093929,7.175234262721334
2023,8,2023_08_NYJ_NYG,NYG,12.0,DST,7.04148600093972,7.558113,6.247478436650416,5.098053153847824,6.282972380345896,5.524345218017173,6.483695737450653,6.079767590605068,6.573362433428941,6.641000606170799,7.428066282597962,7.625117141043561,7.493587976956684,7.404598714084596,7.488641133720883,7.507315472350486,7.396908701089964,7.612872316315548,7.2084788122042465,7.5932579596254755,7.351184501795436,7.996225837082791,5.351293702697545,7.080969718909888,7.597832314153877,7.109410502156211,7.177335003372702,7.171076205005332,6.487283025992767,6.752240845420842,6.9085768129903595,7.472797621087186,7.548696452775718,7.568752437612229,7.7615504,7.9076405669855765,7.13302501521063
2023,8,2023_08_NYJ_NYG,NYJ,8.0,DST,8.561655068959036,8.826489,6.895601603405858,6.9192338428163405,6.994687669168866,6.821561924137634,7.577822579609538,7.276298967859918,7.671029807424122,7.572136780333246,7.941918748228607,7.537535934223293,8.395747931794904,8.119228535838975,8.36331264006644,7.824856593675749,8.07424551200258,7.466272503574061,8.948102938584526,7.5953164541149265,7.68777985645094,7.20372380104619,4.876363222164441,7.6716479531617825,7.733278624192132,8.643733617691419,8.725812166423802,8.706398820826545,6.942412707185983,7.4813292632300605,7.672061401139844,7.796926136418347,7.355415218055927,7.9972163660849445,7.134299,7.263162051391083,8.117172383741199
2023,8,2023_08_PHI_WAS,PHI,2.0,DST,9.43478957388537,8.565414,10.870793361585154,11.94857690747929,10.782731284354217,11.470118745428676,10.169122079740802,10.624747393573372,10.058296908149208,10.22847720963154,8.355606529003678,8.712547071014688,8.488667950516211,8.778893296727407,8.992513757424156,8.95435968487983,8.942356281124889,9.24701773939652,8.71380662938485,9.459132359889892,8.685858067929507,9.39606947919852,10.38710832353235,10.196538191074978,8.685494628342747,9.336558886479324,9.238328199073278,9.571046934573587,10.717953001974113,10.097272958193344,9.889556427982201,8.139190058253025,8.279878440256688,8.249769217274116,8.418343,8.398188708367451,9.997935909149216
2023,8,2023_08_PHI_WAS,WAS,2.0,DST,4.971291600547607,5.6058693,5.2767611512612165,4.566332165283342,5.244629390444264,4.4692545800947485,5.521452652293173,4.784215381714432,5.580792641506831,5.0062121850018615,6.073126314180474,5.790833981278533,5.960352100690901,5.6818084604506565,5.002907333444824,4.739647641634205,5.318106232172105,5.113286733604545,5.851211434567007,5.493602184019532,5.848886179596327,5.157744071608868,6.28330614767237,7.478640311102398,5.9682013670823775,5.109671064609278,5.248050528670948,5.079739877432253,5.380967490811808,5.493836550377571,5.575037840247688,5.354263233072499,5.627503424106283,6.160419767045831,6.6925883,5.964616377701974,5.81305575582909
2023,8,2023_08_TB_BUF,BUF,6.0,DST,8.566086891408942,9.125826,9.349764121321371,9.763997507612045,9.2235618495602,9.601239543143109,8.815196318336943,9.049001804385007,8.731893306881119,8.685813075224821,8.479312650537915,8.617090447231904,8.801966485071356,8.511200929131576,8.327442135163643,8.457255622598971,8.095155653964872,7.99588519504878,8.045871768164554,8.23479197176755,9.486565528064617,8.835177425177521,9.52982248015973,8.199232455138354,8.582941188485078,8.485326460517564,8.404566029626189,8.70615398473898,9.058442385280378,8.822118306429669,8.670079407504533,8.404626754926342,8.781152163811289,8.703016267110263,9.227074,10.037323292068919,8.76504940316733
2023,8,2023_08_TB_BUF,TB,4.0,DST,4.11706733315302,4.897904,4.226750673681778,4.458244228508072,4.23887240666687,4.547985051873157,4.313908199141691,4.579621922588437,4.35883167306987,4.70021686189739,4.104017277888468,4.241289607254029,4.303636538475455,4.341061647247394,4.465460194994531,4.814131653304282,4.77171057630987,4.219815584287126,4.336912183170499,3.9858976510727366,4.690308302987945,4.534352090338556,3.5548677293025768,3.8924180564786792,4.384573450165667,4.2279204621158835,4.3387735910787475,4.223324303973949,4.206781080943988,4.333669918691731,4.4367352425553825,4.761912007022694,5.085218658122383,4.478999332092764,4.669885,4.48765830025899,4.628079030337007
2023,9,2023_09_ARI_CLE,ARI,1.0,DST,5.248402556297831,5.0014887,6.041322366474582,6.695448456252675,5.931750410638175,6.560521949525167,5.952272302189237,6.471329311781813,5.990807684976907,6.531672967091764,5.504476917725642,5.788280188911115,5.49600947577686,5.55693437332551,5.716404426660827,5.695413384270028,5.738719351420329,5.844635000392909,5.961774489314598,6.095042293147054,5.63963804252275,5.477029242532857,7.89037910669221,6.229421264723886,5.754794435297708,5.270205741706892,5.292008927115953,5.3583679515724105,6.608891419573092,6.249748397291432,6.285411331767889,6.225627743345714,5.4500913780447835,5.530880949903798,6.4356694,6.199232791985212,6.323652448901251
2023,9,2023_09_ARI_CLE,CLE,23.0,DST,9.716408191652032,10.4977865,10.300219328247504,11.371330497168596,10.092290647971168,10.912849237253816,9.656439907706908,10.233579972082229,9.526941321265683,9.57417529183098,9.355917995196045,9.522926956145938,9.006493636787186,8.868005491179392,8.683320450525365,8.37831927890069,8.484966815646517,8.620554698958248,8.693866760167662,9.075635586224092,9.45412086474488,9.406641627655564,12.343929432976818,9.742559017592702,9.253033742225496,9.678264942529633,9.640121693407236,9.87068201212909,10.206657629319839,9.784623282904615,9.53910484651313,8.316389916085903,8.186610474615364,9.015921773558533,9.273034,9.352632119759788,9.575654439063609
2023,9,2023_09_BUF_CIN,BUF,1.0,DST,5.499661154238485,5.5143337,6.292227833455797,6.237988831410763,6.13901999933011,6.334560503229883,6.138661714426052,6.420456956694577,6.154836014740469,6.467852961129653,6.148349275003974,6.043275162682466,5.971702676435941,6.160358243737821,6.134438863600469,5.773248318612932,6.053901725103225,6.129602669289885,6.082592827046515,6.256768995038147,6.039637797685692,5.930980753410469,6.201991333280008,6.321899581473198,6.180611469160019,5.538079907112714,5.576498659986942,5.607521209832108,5.933588923905001,6.1086656460133195,6.160146433747557,6.199098507319888,6.576995366799065,6.079699356018305,6.2129207,6.18383743709729,6.434215413174092
2023,9,2023_09_BUF_CIN,CIN,6.0,DST,5.449325491787908,6.148522,3.644878796584,2.6614504735967905,4.100292520675817,3.446157114841246,5.043132282035493,4.561195045151005,5.194711982210976,5.122317311680275,6.325880532653807,6.334073982744129,6.167597887414434,6.249686449959267,5.7528076075490056,5.6494516754419335,5.961980415157869,6.161617490616755,6.045359022039154,5.748585038700728,5.991257393694095,5.498191123867098,3.624400455131636,5.705345775196252,5.799185040166205,5.513782453653078,5.578239415518248,5.557938922428928,3.758242192945681,5.100255511284972,5.403377674370211,5.912643700704978,6.816639508737413,6.199115878542969,6.0792427,5.743983899916655,5.632694099999613
2023,9,2023_09_CHI_NO,CHI,0.0,DST,4.686501053455075,5.2568545,6.007976853234101,6.240446493095419,5.949095071412351,5.83418709442329,5.304977671359124,5.116756715044686,5.185741193017567,4.84994698528882,4.243200145784644,4.166978937397542,4.224787829746538,4.388438146797432,4.54930072081415,4.525895091308131,4.672973073582169,4.403425758935873,4.704910470012695,3.985915133653695,4.8515702461241,4.748256966391999,7.3202779503661,4.488451861599513,4.687546183114251,4.71364875317301,4.740796452890946,4.796168454853757,6.01158494906084,5.449678858521033,5.18346748804918,5.217381580013331,4.689153584696271,4.039909238643676,4.8876314,5.252361172458595,5.14933503415913
2023,9,2023_09_CHI_NO,NO,13.0,DST,7.878675050580317,9.061984,6.770052740584857,7.289007186586451,7.139259164436438,7.461566602294375,7.671214889617604,7.942761162015397,7.718756952959353,8.019631546878335,7.923936403310752,7.924351756403074,7.991792205774321,8.157642073297039,8.133365986775054,7.903948819512122,8.15179802813288,8.16104413719671,7.945193015510998,8.54023789268941,8.325928874554945,8.12292293255483,7.2986854751252945,7.121826008134449,8.382975096025058,7.898085955060926,7.9174968595415365,8.015292169714687,6.852427739297334,7.526199512191878,7.6355014515111,7.7762569700806115,7.930062054789174,8.058961027874748,7.667495,8.137728433260207,7.684575199456912
2023,9,2023_09_DAL_PHI,DAL,2.0,DST,5.375327431197923,5.755537,5.496691951109435,5.087887566296895,5.714099256226552,5.404785416024776,6.065595138204246,5.860707468725658,6.09021557147783,5.943165979091055,6.960375413897228,6.712812161483017,6.677916934561845,6.5649010777503305,5.071022682603631,5.277544609159735,5.1774369040515245,5.381129158343236,5.242021637166396,5.625391472038014,6.869767613722661,6.555538324512393,7.042004779544787,6.121734068918178,6.219597876277654,5.395624599867877,5.415921768537831,5.483427972359244,5.659046156724572,6.121542958943968,6.167191671184607,5.771781132995043,5.862468938748821,6.699923943179596,6.575502,6.998640359165927,6.1762942517925685
2023,9,2023_09_DAL_PHI,PHI,7.0,DST,7.396978367413675,7.2353096,7.983380297322379,9.587877837010897,8.13553126735803,9.213083448537072,7.808418284955286,8.365887864684943,7.713995614395145,7.887734063748866,7.77182456784154,7.477746223772668,7.4125547048245775,7.390643312999727,7.80533361985101,7.6553918845225875,7.382194025768885,8.162991555003503,7.335282012567475,7.729993636418912,7.799705906953346,8.020213548132428,7.964105940935175,7.074399166151762,6.995059234105952,7.277967636688989,7.158956905964303,7.514721026800209,7.908142305136095,7.581724372413052,7.398150397890982,7.438696417969125,7.036680241035017,7.033674725472336,7.0114937,7.028402606079704,7.323200508457063
2023,9,2023_09_IND_CAR,CAR,4.0,DST,5.880701460596333,6.3996615,6.06204114946446,5.763654601832456,6.166409380624677,6.040012409076937,6.3078188990887485,6.363313442374871,6.325880098753822,6.495891059553868,6.956965144370259,6.657196903779477,6.890758370648159,6.663260072219338,6.908607414502095,7.002764997649044,6.683100543267791,7.111851797147215,7.075141422710537,7.301063995248233,6.384000710241931,6.554252625669448,6.793349713414663,6.230816963193095,6.305255301597654,5.947469609285887,6.014237757975442,5.994491227644229,6.268755285105716,6.473432681565579,6.489986740466275,7.089386514675166,7.377978940992405,7.045587436339274,6.778527,6.597837030368261,6.725742078999989
2023,9,2023_09_IND_CAR,IND,26.0,DST,6.575021876029045,7.0338497,8.429049922532375,9.81137739742332,8.097046879549456,8.895182455003699,7.374144435102939,7.6638092234983,7.256552897557864,7.166092973941691,6.796473785472656,6.786486101042055,6.963003914402445,7.06233542387085,7.559073761365896,7.457659154916706,7.535688455970961,7.809429055319733,7.676362415110889,7.368093879944954,6.648709131083474,6.578024813043273,7.630835972513032,7.636115590199928,6.6980712828279545,6.630141915837671,6.685261955646297,6.69461629198599,8.683053675631788,7.590332793647331,7.301991576364314,7.207045949579458,7.179053394793651,6.999210355120052,6.461111,6.39542058617079,7.313739985416942
2023,9,2023_09_LAC_NYJ,LAC,27.0,DST,8.242866887657996,7.941162,9.249266732423315,10.010488092116304,9.006287495380338,9.512698861052202,8.303785371075216,8.736640653746017,8.232052969264902,8.499312802708298,8.375126965284833,8.583333655920711,8.464930351702309,8.410065421524486,8.396423337277488,8.396453380082741,8.15797323062537,8.935589676071121,8.470689073388714,8.601062452356963,8.658508711362863,9.219042977269424,9.847858070087211,8.888326305410384,8.432642103028424,8.163989916871344,8.08511294608469,8.373985399523338,9.54212418897408,8.599367824891722,8.430250043181172,8.089218990853304,8.380943344855165,8.351537656310828,8.504437,8.87134681772944,8.383117339800332
2023,9,2023_09_LAC_NYJ,NYJ,5.0,DST,6.356828235690456,6.6727858,7.331464736208109,8.437473198124554,7.348082730015908,7.510207299055025,7.141059511661688,6.640148801685398,7.1162795114662085,6.501953683249989,6.49298365167545,6.204448782472505,6.745023759291339,6.438334147228745,7.151193532774964,6.33053283082911,6.823948249030217,6.315104696943565,6.308928725236846,6.399383773219108,7.322281323635432,6.453211939118731,6.471218157522862,6.925494522572217,6.36060211188501,6.360369959211952,6.363911682733448,6.475166124661858,7.322507944073973,7.023601781879694,6.98338167069858,6.994578928931609,6.697812738075159,6.718153652901379,7.2199645,7.541192073695248,7.055608514894094
2023,9,2023_09_LA_GB,GB,12.0,DST,8.138569464037912,8.489524,7.941041264607312,7.0997168605517045,7.974456134089364,7.533347242005246,7.736059128371458,7.734510593190813,7.685008781802752,7.582254635642722,8.253121992693552,7.751722193301731,7.829046646770509,7.738328829157579,8.256288063705558,8.060438475303524,8.297135048232779,8.329989347619819,8.17665180113524,8.339265467893558,8.722943646577624,8.891506921007846,10.577971153736955,8.097269889105874,7.569549416590668,8.117685924345851,8.096802384653792,8.273654354163693,8.031681404937801,7.660555564402586,7.554288119446267,8.183589351322393,8.20487376956008,8.09271955385059,8.5406065,9.4734442994859,7.606891626635127
2023,9,2023_09_LA_GB,LA,9.0,DST,6.620995983256792,7.0097513,7.540144835571959,8.204480230590642,7.275073980092963,7.516749757667366,6.785428790424687,6.79020385312112,6.731188510679135,6.66266197664251,7.144845461534133,7.030520124579052,6.821984550140463,6.673901362426988,6.769376493417203,6.872321640931324,6.924752086462071,6.762036351538541,7.084396329950303,6.935937886012197,7.205896345450858,7.838950513108578,7.452269843647149,6.772316813116616,6.578794362310863,6.559128091856787,6.4972602004567825,6.743192380443521,7.148294407226206,6.534726713997558,6.463646944091647,6.693751707427714,6.661006867311254,6.873333238263097,7.4207563,6.808286528361317,6.319897538498838
2023,9,2023_09_MIA_KC,KC,6.0,DST,5.692780187705279,6.042824,7.75937188391527,8.243008327859252,7.230262204585243,7.565030584272207,6.850782137272063,7.184974167914078,6.838123533839174,7.083833115430866,6.598041426603935,7.0294757469524605,6.554466067914735,6.773174036480995,5.849059191767298,6.181498272405124,6.4181731289280695,6.228059861573561,6.335711783598872,6.560305879502156,6.327964117773451,7.3274919411642525,8.739606277875282,6.87495496226984,6.487804113295321,5.6973284157869575,5.701876643868636,5.800240467643665,6.9332887635822305,6.854288411357402,6.855292654266855,6.3079906767481475,7.073676089981184,6.593319419847246,6.7778363,7.303844917626797,6.865352661840798
2023,9,2023_09_MIA_KC,MIA,4.0,DST,4.604081621571214,5.620032,4.579695102642932,5.404955472769301,4.4762491433451,4.881434417093077,4.669667586454997,4.758887164797444,4.767313324993294,5.012030038504812,5.76599947897767,5.322684274075453,5.952504248775822,5.815324801821676,4.9416859955619294,5.196584646721054,4.792261286828065,5.118915562423294,4.927643440447374,5.000465303872731,4.789041957506342,5.172583874386993,4.704570475019647,5.354120746284909,5.87989334093215,4.669438783173585,4.734795944775957,4.710046754400245,4.397943706343708,4.720481704449275,4.936826803427147,4.822254086851107,4.794293916299777,6.1971224237849185,5.381798,4.607707373414514,5.277219960298235
2023,9,2023_09_MIN_ATL,ATL,9.0,DST,6.841166682661432,8.415747,5.60520828569089,6.017010112272027,5.504324960373242,5.746504422744766,5.6876246832062,5.654958228963348,5.705895315535329,5.616081277002582,6.20118124190481,6.143817970178813,6.425327719934461,6.531859024925895,6.616190255540484,6.6819556929035375,6.247937009191415,6.226570353899021,6.280728943973804,6.163309124606767,6.010813018122052,5.816525160917204,5.298621590388268,5.479189104900375,6.168362101515178,6.882428030579487,6.923689378497544,6.97476611858075,5.614928158106237,5.778885248571194,5.827999499438359,6.798656646006264,6.324564836543996,6.383456431454965,6.865425,6.97827313591292,6.139538532922543
2023,9,2023_09_MIN_ATL,MIN,4.0,DST,6.723365681981576,6.935974,6.6871875383745385,7.8586083611469215,6.605881541957837,7.586510146185829,6.4064734787094695,7.035881588098127,6.42080798066455,6.910785975784102,7.099066717432454,7.254031671374014,7.141133875532687,7.186455620692289,7.144720534221934,7.186432325874012,6.793244703001908,7.104678778300908,6.655180804246291,7.033082636329534,6.3253591684559485,6.985455576030652,8.192504354100464,7.353248913416758,6.953929547261121,6.795155900382861,6.866946118784145,6.846000895913046,6.637606560037904,6.4371723171750235,6.467370204505522,7.099000428055337,7.221681641788682,6.9974770653243965,6.7930026,6.418684802581419,6.723452199480238
2023,9,2023_09_NYG_LV,LV,19.0,DST,7.504052031768787,7.8872566,5.392922455444306,3.991309420085389,5.720993556887225,4.733090805418943,6.550836715550351,6.342439539141302,6.704794190581813,6.999159713645394,8.283896029110583,7.96422594543148,8.650592312977556,8.572843865125956,8.081094721200616,8.227093251656088,8.162728121896405,7.885307593023879,7.38655294128888,7.834479470765388,7.8393213015588925,7.167327797079918,4.841478589147614,7.141742555319352,7.233573617365137,7.621678281147137,7.739304530525486,7.63756314642502,5.7805161187593885,6.583571027737109,6.858749586524911,8.177098265411407,7.454516005581433,8.37101597499263,7.2903953,7.757539369693674,7.5675732047802615
2023,9,2023_09_NYG_LV,NYG,-1.0,DST,7.233051614835685,7.464464,7.872528562576637,5.86622081967094,8.04978357465566,6.686358712982935,7.814429394290135,7.218014249243302,7.798855026584228,7.394540603620008,7.683062360639953,7.228026341531149,7.514526918560143,7.109959611311112,8.049213746542547,7.85343814612664,7.690356313819265,7.934348688161446,7.750223939667784,7.560610256993864,8.354884546774036,8.067408833936367,5.120352834986593,7.374919302817603,6.762813295737107,7.092121296269736,6.951190977703787,7.358487000647822,7.883877864417877,7.798001913952275,7.8000043777173635,8.027393500962614,8.44005273839585,7.7621166130927195,8.863105,9.56743620187877,7.472893750296173
2023,9,2023_09_SEA_BAL,BAL,15.0,DST,7.570263313464103,8.058909,7.078802989350192,7.107878138421403,7.048639909812767,6.698217317831135,7.586346305722293,7.295337322784546,7.6584056208014335,7.562770918646348,8.118702291696868,7.81550709976184,7.9671170239806335,7.828877957873423,7.822687624863723,7.693464337163298,7.956566445650707,7.496272424916369,8.228728769800718,8.327153632895417,7.262232278386717,7.613875262656838,6.082987440774114,7.645460981127757,7.827688751785599,7.574156936488312,7.578050559512521,7.696175016596644,6.565613351733931,7.2490349038986555,7.428499613023115,7.555649100815032,7.584758713294022,7.981427030743609,7.6220818,6.803829567869132,7.487128610226231
2023,9,2023_09_SEA_BAL,SEA,1.0,DST,5.605694764356139,5.5221562,5.932749892913483,5.596256037385068,5.844382600313913,5.7828330889875845,5.948170793787829,5.805526663179504,5.997024074092194,5.98215938622762,6.002003874961124,5.747496310343246,5.789143344254164,5.805218283893493,5.308731107336389,5.339825658139334,5.527354473868571,5.707863879413789,5.645855495927416,5.766993073446872,5.293918747154265,5.531294353981528,6.902668564164851,6.14967539230121,6.190564617291273,5.673306674393203,5.740918584430266,5.71504241327273,5.961478835897193,5.9320056583974115,5.989220204102901,5.296673019090433,5.107308917778589,5.835681514562463,5.031976,4.927167359188809,6.036565400457136
2023,9,2023_09_TB_HOU,HOU,0.0,DST,7.549684414046193,8.056796,7.419674886398281,7.086818211899131,7.621609929139019,7.346878822514842,7.42994643953006,7.1132406459831445,7.383504633364478,7.013140321793496,7.901005875108628,7.593471212498522,7.797249906630919,7.635294432927597,7.697075052314546,7.546468712245225,7.434803978938534,7.243946142106036,7.059305509322197,7.376765489603969,7.438109262729693,7.031461203875571,6.912370932894618,7.637513930507879,7.418020228062741,7.478751422148724,7.407818430251254,7.682413248096119,7.6718041975879245,7.425673046627679,7.321097344585759,7.537684347196409,7.73722610016083,7.694003595216659,7.506415,7.182339991952714,7.091828074248914
2023,9,2023_09_TB_HOU,TB,1.0,DST,6.470780003136842,6.9998155,6.749616963439515,7.628325416361024,6.664382877046601,7.135018580411134,6.35489577640859,6.7235595088595375,6.312689296267912,6.500449141114986,6.46851181868877,6.851450103187558,6.546595971114642,6.548113945695348,6.686320846042734,6.744863471188558,6.504349621144698,6.63695053312643,6.531840077578663,6.89748256071394,6.099969821246747,6.191862143768459,4.92319273935435,5.508887168791841,6.2344012907796165,6.456700420227611,6.442620837318379,6.594064640667055,6.994972260285605,6.487607739589557,6.396278426157612,6.602655838794936,6.50755926633617,6.399356101871804,5.87534,5.858025278999827,6.212880060711257
2023,9,2023_09_TEN_PIT,PIT,7.0,DST,9.104266995026132,8.637078,9.149978717830788,8.300526215389763,9.24327831509627,8.463263207784362,9.146195449403216,8.712387190334766,9.093702524826082,8.643994658674021,8.390771673539838,8.205349236117685,8.476531375972602,8.298144689919319,8.380014294810461,8.188879946986614,8.250485866782865,7.97581890210436,8.324527305182539,7.870781041655084,8.74945181583089,8.088562082184156,9.791063431026156,8.381555895384405,8.041129259504954,9.03821991181485,8.972172828603567,9.244297173199646,9.664526081433332,9.48268044889515,9.347527157200389,8.433602875479869,8.387321338993718,8.607405751977929,8.51982,8.623634481963416,9.481159039625114
2023,9,2023_09_TEN_PIT,TEN,1.0,DST,7.083113066273205,7.157306,7.849887079497138,7.644522765654412,7.769583104344727,7.484609411449096,7.323388637499217,7.098996288054808,7.2787635956026655,7.017848527549865,7.078912044769942,7.081842766089567,7.063472623365393,6.877376373569113,7.253058572085292,7.2559119161051555,7.343549307468579,7.0691045959742205,6.932910161671863,7.208434284803007,7.262737134964015,7.740891463823144,6.149249000423906,8.013146912549164,7.009114706329298,7.04348604159876,7.003859016924315,7.209508346523209,7.795517250044834,7.321401181266671,7.263293966124715,6.735488923837877,6.948569791096475,7.287899831084242,7.1841893,7.605980018698692,7.054787990609701
2023,9,2023_09_WAS_NE,NE,8.0,DST,7.656809501136726,7.909241,8.120254004511517,9.241649922264848,8.077631301553032,8.825351843249186,7.718636140491514,8.092746649929916,7.641765965087167,7.646213431039796,7.743165422722445,7.469181393952445,7.703307348467208,7.477134049375363,7.766326977439209,7.675563695364008,7.514852831430087,7.970044259310598,7.786117403563244,8.060989508463404,8.40410688292846,8.405305065727,9.431838056562372,7.838449111138142,7.428003821498314,7.637857876789332,7.618906252441938,7.786534164996556,8.375633387584054,7.788247090518135,7.604153618153058,7.498833567825178,7.351068113481234,7.69318484326993,7.984254,8.544023673764478,7.398489043064858
2023,9,2023_09_WAS_NE,WAS,3.0,DST,6.476772805941743,6.852261,6.351598056379429,7.269763953191818,6.309463028748286,6.635712471654685,6.481541492950445,6.223823738621528,6.518919161672267,6.454661693308894,6.728849111605003,6.553387324482183,6.979695488617334,6.758928094465023,7.392275618302291,7.164828056948501,6.961800262664898,7.574072152761059,7.190134168869555,7.092473434996522,6.990735863346751,6.696380816572329,4.673382262503746,6.418250973106494,6.489201396202733,6.498701182019095,6.520629558096449,6.5974606406580945,6.23279617130384,6.346986696278747,6.4430159265645734,7.587822635460807,7.238843736538263,7.005189923300486,7.166531,6.65279747050365,6.553248314743153
2023,10,2023_10_ATL_ARI,ARI,3.0,DST,6.040220086943253,6.515295,6.502453450461074,5.977070438625033,6.396310469593535,6.027446806843077,5.946075162215215,5.9029922244937305,5.901874528303144,5.764834846591917,6.427204409386158,6.622900126695006,6.488460081505142,6.368500016069529,6.964317385517644,6.887177616760709,7.029170428700208,6.701600851571532,7.237829937745544,6.417208411160417,6.484447822101415,6.807455041399432,7.766056692943356,6.546475550754296,6.535873382668925,6.113145857845629,6.186071628748005,6.1561920234959935,6.331355370794411,6.017949162471851,5.928594554516607,7.051437997708794,7.302199097773006,6.392336336735424,6.64138,6.585984864979271,6.409895055851953
2023,10,2023_10_ATL_ARI,ATL,4.0,DST,7.353816456815125,7.3608794,7.193385190609148,6.599376488078312,6.94831137430481,6.73656721354681,7.431545250120616,7.432849106235071,7.548579394272531,7.850730803748217,7.571528100449027,7.591126620126206,8.561076062218879,8.381395594711952,8.422631723420134,8.056451928733406,8.124838319321327,8.01013411061759,7.470333481744605,8.67596107746246,7.619235771986756,7.544112736812784,6.073999626668047,8.17065953990948,7.176682671249875,7.26856415836292,7.183311859910714,7.4769052129653035,6.831105566496549,7.358728588606734,7.595959434273192,8.259265946831468,7.50548359868339,7.97296308166122,7.6168222,7.602597064363451,7.379161838586762
2023,10,2023_10_CAR_CHI,CAR,7.0,DST,6.447851462467515,7.1154494,6.071993327963545,6.152528424980996,6.079536813902588,6.258827846845598,6.238532880997241,6.501214217631196,6.306409996785352,6.754988902796332,7.406021569116115,6.873099620966647,7.020252660405249,6.792255112720591,7.305093742000215,7.168834282580015,6.905892561804918,7.114547800566031,7.503385230836136,6.944007670334137,7.841426514754525,7.0368639980448,5.402339357636324,5.821001700091184,6.282769355982508,6.493614957885754,6.539378453303993,6.570573087107905,5.960225366220042,6.27755355107446,6.4358087550410925,6.953655648333289,6.947124168105108,6.885864572806458,7.3509336,6.7256681910203975,6.809091842457946
2023,10,2023_10_CAR_CHI,CHI,7.0,DST,7.242634229766126,8.383826,8.11862448323291,8.702981720316156,8.02045092217427,8.255824764286412,7.622499377969399,7.657440363002607,7.536249773949157,7.319546364130163,6.678450553328193,6.650782968513741,7.044411437095698,7.033696225755918,7.385034394141151,7.248681788793716,7.257159621445088,7.208986040634043,7.440386939206479,6.603144191684949,7.449213449844209,7.054042015419254,9.815461266975753,6.54927128628775,6.970186247282795,7.250792106351795,7.258949982937463,7.377725856941394,8.144042313950656,7.620481777763264,7.409615115927397,7.038273819042571,6.694112646908401,6.934658163849604,7.247302,7.2746086120623685,7.493294510550143
2023,10,2023_10_CLE_BAL,BAL,14.0,DST,8.939281673318083,8.944237,9.260401381711926,10.163937162761425,9.453589384799296,9.83811908203741,9.623392384147238,9.64228786969304,9.593915911074715,9.42450471872337,9.455653476887615,9.345024284194276,9.152817562004884,9.181912991266946,9.45649193914768,9.169425419104272,9.942375589950686,9.108336982268092,9.923391410007206,9.713718077618896,9.31166613880543,8.62498793113894,10.165999787825214,9.447450281010196,8.447904296629694,8.847562286320827,8.75584289932357,9.079770049388976,9.662888523495177,9.535518354801976,9.478808039293977,9.117940198969135,9.53568256113753,9.22268603070173,9.127475,10.07279745437149,9.361032935007199
2023,10,2023_10_CLE_BAL,CLE,15.0,DST,6.117542787203717,6.407484,7.005638288751511,6.956971663267511,6.906841380555897,6.99833880984473,6.737568745690683,7.065362082941568,6.709286643290814,6.96683965574415,5.8318957728258605,6.168877567712361,6.138029273047755,6.047572269880726,5.6700270079786135,6.196758710996892,5.719771122827948,6.405002328945286,6.1623451550073005,6.987853928830176,6.091930299091295,7.073528778698357,8.45716893291901,7.763315403404418,6.46366879805776,6.242019372110399,6.366495957017083,6.233758231867732,6.2204253151024576,6.4889501248664505,6.514881183737014,5.854884300273803,6.0408504903274824,5.999420497554658,5.9600897,5.8539699378875865,6.912323962525571
2023,10,2023_10_DEN_BUF,BUF,6.0,DST,7.696179536332782,7.9333396,6.478702971722343,6.238064308693354,6.601959804524669,6.572509429363088,7.131684482880941,7.294437884477384,7.231594087763551,7.644909244826231,7.523782780787568,7.741896117821597,7.741649122463594,7.7867384789528815,8.038898505758336,8.046425025921163,7.930414281841532,7.897504145353618,8.171810134476397,7.948564318640962,7.700394371533157,7.987532763324846,7.904458041648837,8.169932791713958,7.906923707575097,7.721434317149003,7.746689097965224,7.81929547211839,5.953392829397584,6.898240424691834,7.150784436862308,7.689069366160366,7.632627673899952,7.621721852759651,7.6633425,7.823616336094101,7.652009129279813
2023,10,2023_10_DEN_BUF,DEN,8.0,DST,4.066566717783469,4.7623982,3.080970738168188,2.7109290059655766,3.063080084031089,2.6054305304314687,3.5256790833223697,3.041078345188493,3.663668568268834,3.633183233746622,4.19960690890802,4.201519756051484,4.187139721167271,4.123014524833658,4.272826669049909,4.200257906049499,4.218557601117597,3.856667115985025,3.873880608056934,3.5812911236360723,4.115811887605153,3.373062445916782,1.9048159581619533,3.358486504382859,4.465277072021949,4.17553396196906,4.28450120615465,4.170765596304668,2.868712672838292,3.538746937588647,3.8281200334509724,4.4726220612581375,4.716752660198618,3.9910990046212773,4.0326047,4.321413425587139,4.287131161884757
2023,10,2023_10_DET_LAC,DET,-2.0,DST,6.569636244317172,6.7288046,7.71691801421356,9.013267522335678,7.591548450480829,8.32977111697721,7.114022829434076,7.497962041739635,7.036863830653971,7.213420451695886,7.267522251840321,7.517459266590046,7.12074822340259,7.381772564826389,7.3209964584883185,7.844397998878216,7.095843203133164,7.877701966877804,7.437902213466354,8.206671167966295,6.428597196440928,8.392722759379039,9.308368436309632,8.597637569552228,7.153317622327156,6.52711839002614,6.484600535735108,6.684915383258979,7.827380237898431,7.145775832459664,6.994144239706414,7.714655951188409,7.747884713489264,7.422974914152013,7.206183,7.154292894536806,6.788205390339862
2023,10,2023_10_DET_LAC,LAC,-4.0,DST,4.754859685984664,5.671824,5.259519174761229,4.49611053636227,5.432741189276489,5.0039414394354855,5.704026423924652,5.503914374179462,5.740394800644574,5.57073310170443,5.127295699193429,5.189869013370699,5.642722102738339,5.39688412603922,5.6994022030977325,5.518390903609269,5.713640385373372,5.213286784164804,5.573496364145044,5.55087730771344,5.8096196618715705,5.074673263622135,6.389911956524667,5.291971201444947,5.719102422901832,4.852706062729487,4.9505524394743095,4.86242732985322,5.432716566886427,5.680402037364834,5.733848454444985,5.172243890481801,5.493148201777637,5.35395550861457,5.368247,5.56108503737581,5.62769549707126
2023,10,2023_10_GB_PIT,GB,1.0,DST,6.972264166130614,7.041672,8.108712909049107,7.607952860470605,8.120120624585176,7.832565483613822,7.573786253051066,7.619757918159768,7.493478145451541,7.446674843013598,7.368832741212165,7.435897996152277,7.322249440957439,7.281273583832665,7.471017657600672,7.655016871390598,7.629229911675787,7.9127729979634,7.726849399656627,7.532929149530739,7.839935105038341,8.17445263074496,9.13511924061078,8.293387948836061,7.370130923123744,6.9157833580671335,6.859302550003653,7.096157928551617,7.987175476150856,7.6827753256692715,7.567490539871391,7.120456359327797,7.052980739007687,7.555112131452012,7.9641857,8.181465146613188,7.227070742447109
2023,10,2023_10_GB_PIT,PIT,8.0,DST,8.167400084804429,8.310049,7.753719166876049,6.787098660276722,7.895819286551571,7.0176307701056455,7.977453062489542,7.366401242699553,7.962800133882592,7.492038709108827,7.906812502797454,7.80394377726124,7.992215454420255,7.902151802369517,8.299898431569385,8.09896056664278,8.011578350690776,7.9837976181654575,7.955061904930248,7.748171929673964,8.856540721938886,8.247796276643017,6.366807045048359,7.7899301899811775,7.687681436326784,8.101957912976147,8.036515741147864,8.301101771854446,7.8528879310887785,7.787376198515602,7.755089828023868,7.542389320412709,7.374736014848253,7.93653258680663,7.5986786,7.58524115180106,7.665876684885097
2023,10,2023_10_HOU_CIN,CIN,6.0,DST,7.524380508883971,7.731879,6.289226442424541,7.37758306633038,6.61082864970861,7.106813818156257,6.98767894878737,7.0344979921252095,6.997760457127224,6.997674614335179,7.04025172758112,7.2638982675253,7.069660429524356,7.27287974887617,6.940478928548836,7.144754288261184,7.195053063586046,7.383700012763427,7.339143117066566,7.568488457182961,8.276118302877718,8.851039941597607,5.356665672158355,6.3022262503925575,6.554561157135711,7.454569479344507,7.3847584498050445,7.648568430086926,6.840651795432727,7.229473756958997,7.210348848192888,6.862021168455387,7.69978286890485,7.152764541329187,7.376753,7.862253851238694,7.128303651266801
2023,10,2023_10_HOU_CIN,HOU,8.0,DST,5.126895652183891,5.4065223,5.80736510291465,5.425808177474496,5.854738980438019,5.313696637679544,5.730019704324838,5.399020209535534,5.688751565449711,5.390890584108719,5.111321289730874,4.916193728734092,5.111595087486299,4.966075924165067,4.859258880123795,4.856816526517504,4.925555661265206,4.635192062005354,5.069517763644229,4.936745863568484,4.5928404596737336,4.647426890611982,5.58248576481289,4.901910361512776,5.289883603089332,5.177576371507873,5.228257090831854,5.235929632119449,5.5440305546057065,5.558642891289542,5.515208162005543,4.811343060684033,4.6400831699863865,4.993434498847061,4.9527483,4.632953171914071,5.694733972531589
2023,10,2023_10_IND_NE,IND,16.0,DST,6.757103877857628,7.3708153,7.383595365094896,8.774859200037383,7.339102315664625,8.12650261349309,7.130058473939447,7.336937329214025,7.098565313033208,7.217233442540398,7.83719521532043,7.483434344021192,8.0418409379056,8.019962723590359,7.883625733359493,7.675257558698043,7.819962070889037,8.054835089521855,7.875805721598013,8.241855178036355,8.17196897270626,8.049413187500717,6.104321935360728,7.480134413758074,7.199787473970379,6.748039943873582,6.738976009889536,6.8810036704984725,7.280067647032075,7.175911624433072,7.126391382099747,7.817627972124503,8.273915350384492,7.783761330552551,7.7370462,7.966104280172014,7.000004247953901
2023,10,2023_10_IND_NE,NE,6.0,DST,6.247598451386584,6.9480233,6.9166211112576494,7.937482584275401,6.83478745322939,7.762799571163989,6.551605522807159,7.094094660750436,6.519277946087218,6.745295979545977,7.30645910216789,6.873973494936857,7.359013856136988,7.103616246057922,7.218789119053204,6.962320647495249,6.763873387664278,7.201253631935258,7.204009473842192,6.957597164862714,5.892184728855916,5.697952672023054,8.752116956217954,6.418601055226134,6.727168438305071,6.264379728513981,6.281161005641377,6.366907634299496,7.3679009728745966,6.6500371347373415,6.545140382261529,7.500959061812789,7.503691179530778,7.154922421473631,6.472,6.32885502156088,6.343839394038415
2023,10,2023_10_NO_MIN,MIN,8.0,DST,5.806770570202233,6.6727858,6.589938621495162,7.696242498595077,6.361820921823999,6.991268276289881,6.023862405121523,6.403236328191606,5.993341384156891,6.249182182411704,5.94613453827594,6.316933475476186,6.038783527299365,6.270260573006876,6.314406824399995,6.510404561044436,6.0930052359573565,6.648754165112542,6.070104889967489,6.118292661824935,5.765908542728916,5.957536899478212,7.9818567136367875,6.7809533623902265,6.4004692707984026,5.867488975008393,5.928207379814552,5.92505108875973,6.515139656853602,6.104949789114505,6.006900390586202,6.591629316467325,6.5762462751875095,6.045777972151821,5.589998,5.642150246607703,6.003038721910594
2023,10,2023_10_NO_MIN,NO,1.0,DST,6.489471511038909,7.941162,5.575445611923814,5.607989594966199,5.820854586008292,5.714735029563919,6.137457215712339,6.089614621127347,6.1418230940154,6.169535809576841,6.93109806076156,6.548836450141615,6.9333603738113245,6.889508291838734,6.758882241822947,7.155863838558208,7.005481982278538,6.956079197016027,6.6789099843517015,6.833276628622176,7.056076541174519,7.055738050494012,4.9982270991635325,6.276523146295407,6.297685083430555,6.55528932170061,6.621107132362312,6.616164001180576,5.4475127245843415,6.025150493757418,6.072188247094274,6.7734652855807145,6.62122608377468,6.8771755827592305,6.6187096,6.912711035041496,6.224415122059867
2023,10,2023_10_NYG_DAL,DAL,8.0,DST,11.419968901773418,11.375292,11.30224496050904,10.300392186621345,11.582853757226983,11.09523970421288,11.204253111332042,11.20934032734408,11.094028100010089,10.826472766561563,10.003739066543927,9.654865391321575,10.33487985065846,10.186850813604677,9.821081107487256,9.596852923960403,9.215151793941798,9.310607509903,9.660714607477294,9.956648864510928,9.715557367280953,9.473766312913884,10.572216164496629,8.924234516879684,8.96434459513921,11.363111461158649,11.306254020543882,11.58251040626174,11.370114264207489,11.133837638280816,10.923834280089938,9.893576839888617,8.943738058380912,9.925291562420147,9.392835,9.345434561836454,11.648307570543578
2023,10,2023_10_NYG_DAL,NYG,0.0,DST,3.810992562835706,3.9764292,3.345540236743159,2.2378987453950927,3.529686704101709,2.724483032281262,3.850191027769692,3.4655989785345933,3.916627802164008,3.80144665206187,4.934945844820793,5.125810396772329,4.44502017684161,4.5073402254482415,4.380567728217731,4.369835154285436,4.661813161594657,4.051836933610428,4.872807482378792,4.372939352392355,4.1312734373707976,4.400213949602114,1.0459187122790965,3.972921316637368,4.447450680602404,3.8604263831081496,3.9098602033805925,3.915754207729817,2.9475470748968235,3.5670460804059427,3.7337963624826718,4.483614403005003,4.307211895491036,4.626979173535052,4.1969614,4.487145938800628,3.8839061650620263
2023,10,2023_10_NYJ_LV,LV,8.0,DST,7.642791674032616,7.9071283,6.657113466138396,5.593614336492083,6.525237526921473,6.09982074757584,6.875712170910042,7.085775959345258,6.998610938544817,7.549036021419845,8.203441588480405,7.993496523544013,8.033026224552815,7.659854815221084,7.586059323071232,7.990627249782927,7.409429457535658,7.431767647292429,6.950294405792207,7.089389066830795,7.133800199955896,7.602458066816516,5.314137538262907,7.7070352697105715,7.560938919118167,7.69779266651363,7.752793658994643,7.7782786885937085,6.6777035775320295,7.259278344629462,7.453302891236734,7.308542304502425,7.666412541607982,7.808597784744764,7.817907,7.2204695295805905,7.594959618257609
2023,10,2023_10_NYJ_LV,NYJ,8.0,DST,8.482130847851984,8.32992,9.79112667470105,8.901815989132361,9.845033288595506,8.94815688361388,9.025174825244775,8.393746089636991,8.862645858919498,7.967007542243337,8.188108449911963,7.536320730095992,8.11666764598424,7.703175426939297,7.93530581595146,7.984307712038081,8.233907596103835,7.5821136685873105,7.448937120125788,7.925231548980104,7.857381622579432,7.405251719366057,6.763802717614919,7.584152072921092,7.001581600666547,8.320481750193325,8.158832652534668,8.619711891293608,9.354846742010203,8.778592599615035,8.540745603303039,7.823745087592785,7.448831017228078,8.094111394552327,8.102622,7.368221155512946,8.494468282635522
2023,10,2023_10_SF_JAX,JAX,1.0,DST,5.644056633199954,6.1563444,4.341226307561886,3.749195561353505,4.610651817884704,4.338791633820724,5.375380355139311,5.472851535725276,5.506550790889958,5.871616224002606,7.020942258054305,7.170230836333749,6.783859043214576,6.655742998025135,6.060303873984156,6.054722798809691,6.457298047559188,6.225835815990446,6.264286491262011,6.156371915624617,6.953841962445248,7.568781020911884,3.9305953917493,5.121909238548478,5.684233590560478,5.6409924094722,5.637928185744447,5.755445542785884,4.544485418042893,5.166533252312176,5.430529510830782,6.375957255483815,6.395774993364391,6.735847448639918,6.5873275,7.085705768226133,5.518263756528338
2023,10,2023_10_SF_JAX,SF,20.0,DST,6.809989522006116,7.424721,6.331454259412507,8.053278190680652,6.210851160044242,7.454654665124183,6.31098939199318,6.805313963221769,6.341900771462514,6.620077676385057,7.413831045365108,8.059969939794815,7.36613043480867,7.646921775545366,7.270286883827369,7.359266805387207,7.276969747244023,7.388835647326177,7.453866399421787,7.881431330423282,8.002518938498284,8.42420136201926,7.683014858809281,8.06269409464844,7.104767970033963,6.828062258058683,6.846134994111249,6.930875816904,6.305334024474132,6.244304556514322,6.2927074422941,7.636475466886083,7.922830734023273,7.490941554065053,7.6326995,7.660252514660153,6.597799782513751
2023,10,2023_10_TEN_TB,TB,13.0,DST,7.751149133742503,8.056796,7.553579502885023,7.693894827665168,7.475685832926103,7.455565381718547,7.513585755085611,7.4871566789462,7.5127844733669,7.522926465843549,8.166843145615958,7.622383354757512,7.862861038617749,7.475967605911978,7.649917064247074,7.418204604488048,7.783252805865519,7.792516561203294,7.749325302674462,7.831585061888965,7.687485299977246,7.451748369987184,7.666492691077392,7.536920402043236,7.355516572175663,7.805373485660305,7.859597837578107,7.882429797453031,7.894436987656118,7.794309513895099,7.772734966820769,7.746264916610121,7.27735422783154,8.090013492274954,7.952757,7.782304305297584,8.054616131182815
2023,10,2023_10_TEN_TB,TEN,6.0,DST,6.264558373165932,6.9998155,6.101986884518659,6.66046554608836,6.165618520460581,6.394217232294436,6.121188626301335,6.017821258802574,6.095251976241606,5.914922813921095,6.638246004599847,6.464898382996819,6.598171088039505,6.655859944916792,6.409115637591636,6.316683103416833,6.34141935184459,6.125036051901112,6.377999424054253,6.789246410002107,6.034561112965437,6.732109918868285,4.0133369669340055,5.684650942093507,6.350001935384251,6.285755042642924,6.306951712119915,6.387378598556488,6.659306992941622,6.248479251743997,6.166330637753129,6.7782244014207365,6.52645268074807,6.58953424420599,6.2752113,5.745497719654292,6.2459814999062715
2023,10,2023_10_WAS_SEA,SEA,5.0,DST,8.08344760140533,8.132687,8.947994216981202,9.446676669693485,8.713387532283495,9.106265575793708,8.226651826318315,8.310502406206352,8.151098883630006,7.931148980878259,8.170640036789436,7.772797494449501,8.181297613887558,7.908957566390369,7.92317891516304,7.83235772551112,7.800010241357507,7.880152546845645,8.65669650021636,8.511250808874584,8.055401787621864,8.27624872265255,8.69504248170479,7.095880976562399,7.794158347736213,8.054747489003914,8.026047376602499,8.212386035638499,8.858091979482657,8.321195355399396,8.138376695870445,7.726377978083134,7.810523212795856,7.9810608489747406,7.898772,8.37825025162251,8.065629580215248
2023,10,2023_10_WAS_SEA,WAS,0.0,DST,5.4025890933359255,5.5959334,5.485254763585421,6.238592754720376,5.408722479240971,5.732252511865195,5.937061502624392,5.960750441939212,6.042054432529951,6.341903545328871,4.73583893438486,4.746495259233925,5.069063198995856,5.105056806219109,5.5222686544581245,5.261759972595882,5.532462620035593,5.584931596323486,5.293953284100507,5.662359417625462,5.294560092124516,5.339862310721621,6.0204886868023575,6.592271061777609,5.266743889546085,5.423549088619347,5.444509083902767,5.5134152981282,4.970791363354133,5.645469324697851,5.894217394903937,5.242992217045597,4.91985255680562,4.942285016592525,5.110107,5.166123054342909,5.77529874787666
2023,11,2023_11_ARI_HOU,ARI,10.0,DST,4.976862432274911,5.111413,5.724411508928198,6.410685205129358,5.729756136927679,6.095847842944972,5.253853501948938,5.499690778254194,5.168839309663557,5.190475619082619,4.647377286654093,5.072557322104944,4.460494084787562,4.854153766263432,4.320961890851957,4.456281720426669,5.158500283385239,4.812008592608283,4.858149468770803,4.600433632339668,4.830995662012247,4.990687143436271,4.999137227516362,4.520694736518575,4.786948606898808,4.9620823980883495,4.947302363901788,5.083503779740299,5.988113293797495,5.520018448345514,5.324168262719212,4.761579683679212,4.679906142623831,4.467879233784358,4.4264736,4.070627515844604,5.269893278377879
2023,11,2023_11_ARI_HOU,HOU,7.0,DST,7.643703266726721,7.43677,7.015717300352401,6.701243247133098,7.264914973282638,6.936608170281568,7.792831099202735,7.436360145320338,7.859355357589573,7.745179128207159,8.307457245768555,8.525644938740925,8.374454668823946,7.993979348219167,8.324963466799995,8.39273926230358,7.958614176916111,8.66337886690711,8.169848010216228,8.583300171873615,8.02239569754132,7.66163976718279,7.885592798029525,7.7610544352470034,7.945419551210213,7.518041991664508,7.392380716602295,7.763639143560335,7.020868146566002,7.524174052393903,7.661039761646341,7.802499780174486,7.876809051214789,8.102840198676919,6.953616,7.407029826488954,7.4629140362865245
2023,11,2023_11_CHI_DET,CHI,9.0,DST,3.15363037458874,4.582923,3.5950118947068543,3.845605900540813,3.986422012110352,4.125273805951779,4.016052589608645,4.009773387882506,3.965526146372277,3.8172985882296575,4.077072466689796,4.285108875443704,3.865627308350201,3.924992834759799,3.043423910625698,3.194610792054098,3.307101881107072,3.310474010343491,3.474921088342096,3.4448578573714044,4.087937423086247,3.340806323541344,7.172156903698745,3.9467552312748,4.136648084759783,3.267845930634543,3.382061486680346,3.256992031619111,3.7440459861559026,3.871305654186893,3.77106704196715,2.8175410635975524,3.4707100575859986,3.9112648493207214,3.443041,3.406727704059299,3.971415821284728
2023,11,2023_11_CHI_DET,DET,6.0,DST,7.19183201754808,7.96526,6.811842544602994,7.4299307029483,6.94424356344488,7.52961521212915,7.07041420357016,7.594987755726715,7.094275988392019,7.60446522098596,8.20439872273039,7.779585481555869,7.744161776612988,7.913573361903553,8.076081733381383,8.27054346001177,7.958454435690112,7.754380440816059,7.935674357327116,8.535516241448038,8.502780881864878,8.1267091675586,7.66822292655494,7.439337107217869,8.160724289595636,7.168856029681461,7.1458800418148405,7.31487112060102,6.926067795809313,6.992646765942691,7.050864377058126,7.605518941000598,7.837887419018745,7.820180428909967,7.7336516,7.266211100942206,7.032584465475496
2023,11,2023_11_CIN_BAL,BAL,6.0,DST,7.049346853915003,7.3410077,7.281889331487599,8.074640270495001,7.3207805784029185,7.489402157228849,7.652307762320344,7.59088049365282,7.676266927537443,7.688085107900072,7.735225693269594,7.624987457115515,7.652748779340915,7.586196659595615,7.522176574246896,7.3100652696835615,7.681532127555096,7.470362384947257,7.758270364515882,7.623605559065822,7.264681477084584,7.099035696605272,6.530890400387414,6.9987098585668965,7.048077429065615,7.057398476296816,7.065450098678631,7.169770388396255,6.899782150417265,7.401382829975465,7.48635375647238,6.9697944844215876,7.025350322869564,7.489284453575555,6.5428467,7.0578688905352065,7.629639743124199
2023,11,2023_11_CIN_BAL,CIN,2.0,DST,5.156140613094295,5.6498394,4.202356405248864,3.577245039394041,4.252406032565972,3.7819974626592106,4.958310959513779,4.5973367260233005,5.089237896756599,5.112387144114195,5.419504251215993,5.573423263669475,5.747484279625453,5.718207695614924,5.115983327656157,5.247642767570143,5.043732863453846,5.0098145135564085,5.007842137247876,5.689789332622086,4.740840898273019,4.930909796930172,4.282526407801918,5.386116805715536,5.695224478617547,5.198599208810528,5.24105780452676,5.264530413335535,3.982246534143967,4.704137322587506,4.947551276016368,5.342849457363597,5.401149267095303,5.628427793313443,5.207373,5.434011851246729,5.170017992922724
2023,11,2023_11_DAL_CAR,CAR,0.0,DST,4.20653751320775,4.6865077,3.776096412497144,4.0112401915932265,4.006229961410337,4.484996549160623,4.255736098613759,4.627163851635391,4.298245153232986,4.615130501923689,3.9098950774456775,3.916290508121525,4.278394637243777,4.229835709811714,4.261933124687651,4.2848732924273,4.921581165859694,4.083508271239923,4.453052010454854,3.678728459115045,5.29862091821148,4.684867264095232,4.563506868418964,3.904729961531383,4.255758827931649,4.234479967937385,4.262422422667019,4.31186785836012,3.624471227436213,4.235024069117285,4.334289655912766,4.4878134925063815,4.800105543484663,4.225904590618403,4.8547807,5.399750598630588,4.575721464001183
2023,11,2023_11_DAL_CAR,DAL,20.0,DST,9.009130593559806,9.337221,10.765711510824428,10.286618509075067,10.685639141769418,10.221146390843108,10.123652619088524,9.902340012575698,10.005084908459583,9.66615211053301,9.06561156103425,9.26278189528862,9.262102288162987,9.325072887849515,8.867282450257502,8.82357684403126,9.043572570429236,8.960513416929608,9.312910607909522,8.88431363973843,8.913495526914396,10.21879626834316,9.28226994024788,9.170592096637806,8.83852323351467,8.978976263789065,8.948821934018325,9.150709769543674,10.729464695899205,10.242092570422905,10.014056017715587,8.599172014430847,8.665170853932642,9.059812070473782,9.045773,8.929852045284589,9.890220968721103
2023,11,2023_11_LAC_GB,GB,5.0,DST,5.939137069279295,6.2301216,7.396820679608284,8.245488327359555,7.18690629142337,7.773493430668806,6.607661866906111,6.853893908833533,6.511483147265415,6.46135290216669,6.616848572993138,6.810275494930423,6.459025437824656,6.5749415842974965,6.625630628234163,6.747389808683952,6.62800412449833,6.723319442269663,6.532998783995932,6.944183664102945,6.512973538785481,7.216108793100245,9.096606769789664,7.040928833047852,6.08078052079638,5.909250705817662,5.87936434235603,6.053056920315442,7.599185141760223,6.806788932411626,6.593649916452626,6.912370156613467,6.969486620913821,6.468638473250405,7.1308393,7.33408061031719,6.4554741347560585
2023,11,2023_11_LAC_GB,LAC,3.0,DST,7.139656539260925,7.4984984,8.299816040846492,8.07002485881041,8.1201919725995,7.985532475500266,7.756863449155679,7.633041080605775,7.667756915217162,7.337074486383431,7.270690590224802,6.898930928464858,7.132613352594885,7.028144783459476,7.483144595265651,7.305771858352631,7.219824580693736,7.277928647763027,7.30341823593325,7.052273763122208,7.158475792855003,6.59600908771241,7.948999537385836,7.061375922507861,6.659404487830761,7.062698591835712,6.985740644410499,7.262155037823234,7.7267911865976995,7.392100400802363,7.263365332010434,7.094115526698861,6.882475168832142,7.0459456680971035,7.3177233,6.33264433842587,7.186645881999583
2023,11,2023_11_LV_MIA,LV,8.0,DST,3.685546142583615,3.8309877,4.674154119841294,4.853831260407096,4.39659831192427,5.026281633147104,4.685331906078907,5.481587975329898,4.773320123087134,5.5646730510754026,5.2337944148923246,4.641854674579509,5.014038898461596,4.880425470613554,5.042980938258131,4.783580974842829,5.172530875952189,4.965717575060774,4.9726309424212,5.349055559292527,4.721215830110998,4.799245422478086,4.105804827253413,5.20316121113338,4.952403300359535,3.7749625534833893,3.864378964383164,3.7876030316505034,3.9431814537839998,4.598526428548292,4.810310480801601,4.783643292401417,4.8934800104015945,5.345703514938725,5.2312107,4.9387123618518025,4.67343486564859
2023,11,2023_11_LV_MIA,MIA,12.0,DST,9.440186296590266,9.750078,10.571172308982275,11.053683369514015,10.535080847672203,10.780145265427649,9.9193044468284,9.946494954262045,9.760668786507384,9.26602484356479,9.1630551363657,8.911680300435236,8.968619318607882,8.818558626367775,8.81340232302484,8.537132978605943,8.82486588948451,8.197746663070793,9.03861476605234,8.431760414036399,9.407459044608183,8.750056022976787,10.874374297834455,8.522069870204998,8.602563508607842,9.271426895007513,9.102667493424761,9.583925617567491,10.515549272716846,9.795721744615202,9.515884421610489,8.420347288248054,8.178048285250481,8.869201602270577,9.389051,8.622545835923242,9.596795093466522
2023,11,2023_11_MIN_DEN,DEN,9.0,DST,6.470230932012129,7.4665775,5.733845505437941,5.959619035055376,5.800392493568301,5.527838485478515,5.9734323391130575,5.543405789347765,5.96657761243712,5.590494910059494,6.410278487172043,5.963265528729591,6.590936932403435,6.505012308175666,6.886774460769412,6.738862152639017,6.67412859704757,6.247783226255091,6.12851883105259,6.191943800601406,6.881035254957601,6.864155400515176,5.436907930233302,5.282715836398127,5.801096790626476,6.521419382943666,6.572607833875204,6.592016095519187,5.585198868371499,5.856402975692697,5.859428767621584,6.430950653663687,6.618324879059857,6.394828860981371,6.5350204,6.7690715369134775,6.223263469820175
2023,11,2023_11_MIN_DEN,MIN,2.0,DST,6.286080034741446,6.4095974,5.124922368666796,6.005653624113429,5.252701523122796,5.842929936311114,5.885350423984353,6.332626903776763,6.015489353868887,6.804312628369536,6.669096901694329,6.985017844370101,6.701507685294159,6.875768792947263,7.232506198107242,7.267588054618296,6.785624517281454,7.494739586077661,7.008877088222653,6.717636036787787,6.108850022181741,6.836341792975077,5.277374059875336,6.3911425531622665,7.035683289398906,6.387692942050204,6.4893058493589635,6.401929013903081,5.074519301001762,5.821342728940973,6.105396698552055,6.9154988907479655,6.6932625781553705,6.626755480757582,6.182004,5.861141680273571,6.37091182541342
2023,11,2023_11_NYG_WAS,NYG,23.0,DST,5.454101905347319,6.0166125,5.344714992095135,4.943759527022164,5.447252512788658,5.08033419259557,5.542819656475716,5.107491594744296,5.553611065080874,5.1952502576231225,5.2957877622106855,5.585959630618853,5.43912971906202,5.448180092160386,5.582492296875224,5.8331869966980285,5.647836176356192,5.973713864042662,5.65731772619845,5.801102343688936,5.69797587419027,5.794795308961692,4.030699086241197,5.613287292462553,5.149575183025886,5.509219269918711,5.564336634490102,5.56940460612072,5.386581849834214,5.526929391908194,5.546530956848387,5.541942649841906,5.461955195523234,5.35823688323653,5.3479247,5.257701358901831,5.625335123272067
2023,11,2023_11_NYG_WAS,WAS,9.0,DST,9.15154361662606,9.187553,9.311774203363887,10.212015418607407,9.353844748855924,9.74184772955036,9.17706821376188,9.182412336197205,9.140822503440823,8.961398857049463,9.134801237845776,8.839820332464933,8.897229370884494,8.877652016851485,8.365976578666798,8.445521036962194,8.906771710189503,8.340899073394418,8.614271651981468,8.990996047185442,8.4833935645434,8.102213610910711,8.374210987516117,7.736120647155856,8.276614876535474,9.171239139179898,9.190934661733735,9.297039274154985,9.214989425937784,8.962124216704503,8.877871748475933,8.137096413454172,7.94248221464949,8.783146276161558,7.971277,7.960751773685197,9.43057035710262
2023,11,2023_11_NYJ_BUF,BUF,21.0,DST,9.373338918410688,9.219475,9.775682528299328,9.652823322410775,9.390344690439337,9.216052045339593,8.848245298111227,8.873912653252491,8.811953913209301,8.765026606627174,8.408688987328569,8.2805943107299,8.816870852909867,8.584890906601377,8.872516383300209,8.599103365885195,9.0435442475909,8.484266395160677,8.780020280834224,8.97160153165278,8.845108455047903,8.813709628733303,9.842663250624266,9.245418996597536,8.660027525348658,9.291534156204284,9.209729393997879,9.518438693165358,9.329056407745021,8.971647326284035,8.884726764018955,8.900431918244161,9.438490850425707,8.70732993768328,9.548056,9.384574052714001,9.117076505943785
2023,11,2023_11_NYJ_BUF,NYJ,2.0,DST,5.20737676372246,5.837137,4.773620457909095,4.364328359736891,4.659906123028708,4.345094383919967,4.932631142201816,4.746773656790944,5.040419172307987,5.138375638253088,5.504156338560853,5.534795234206299,5.317506483787336,5.328747467497027,4.641629186462113,5.242983861388971,5.095750046695713,4.568451968457654,4.370543869169102,4.865368383382357,5.672479731513578,5.025304134165717,3.2900607910362707,5.356776173101662,5.800828228594657,5.300529736458523,5.393682709194586,5.318370854857327,4.662455230177592,5.151493452600074,5.351276339438132,5.6241794273373795,5.944462033996608,5.585623926788445,5.782152,5.77585423929964,5.714663910623484
2023,11,2023_11_PHI_KC,KC,7.0,DST,6.832442467421744,7.097691,6.449298958857101,6.083150402060076,6.462861590856078,6.24746453793894,6.783970816779421,6.8481179737859845,6.835009443008896,6.905695133990927,6.673572163968793,6.567397186887456,6.558261414019074,6.462661196801266,7.729381230177278,7.167402035493439,7.609118204002095,7.254486347821221,7.3681333188988125,6.620988863904532,6.9961157414958,6.829050996230163,8.026195064021092,6.403712881340763,6.425346136805536,6.896730390464221,6.961018313506698,6.9490170792649755,6.2826144564929525,6.7303559451064645,6.8151079089135225,7.323184026339035,7.403109574589461,6.667056526209294,6.5648317,6.066848953295109,7.300550377726346
2023,11,2023_11_PHI_KC,PHI,6.0,DST,5.576716176313272,6.0407104,5.881687203246019,7.203627425515972,5.983365044005776,6.958364628980047,5.9165430163681965,6.463198228967961,5.937453957430487,6.328380138426419,6.088712497731016,6.243678407911484,6.4699255408491485,6.118257422611417,6.151989356931428,6.038560904014023,5.70026928861159,6.254278884327763,5.645017983061223,5.941066569115191,5.711847637131135,5.634642472155705,5.538839538247188,6.117545229103505,6.325382466955144,5.5986700184977805,5.62062386068229,5.687186873350358,5.937669612594337,5.94988415299646,5.995815082258962,6.397655466818892,6.119406001593888,6.165226991705854,6.217602,5.495781502951871,6.084132872681142
2023,11,2023_11_PIT_CLE,CLE,7.0,DST,8.67141061697626,8.868346,8.882502862724863,8.765757047312743,8.983835876935244,8.949654292491642,8.7215541371837,9.075249643706734,8.662495777858883,8.953625399263156,8.581591599722312,8.315182215924565,8.267045613218475,8.467609851186863,8.221649835416939,8.270630939793554,8.069807863299898,7.944787708455829,8.341467699673197,8.70625358719445,7.5887581421358705,8.720190224358198,9.12523822063474,9.16566435274499,8.085887659043943,8.681516103099787,8.691621589223312,8.815201332980127,8.474533791569852,8.766860160746575,8.754285517477202,7.7662127807778045,7.8839710183935106,8.555525524863187,8.189862,8.241986056069438,8.873368229811469
2023,11,2023_11_PIT_CLE,PIT,7.0,DST,7.738425905612492,7.811366,8.187522775451738,9.185130591952394,8.219049830214173,8.758357373490501,7.972799368210786,8.105667707557188,7.895569939528726,7.673836777993021,7.752046279850459,7.626091799854188,7.640661076174291,7.489614498281908,7.902395453764586,7.735840116989246,7.736313279208702,7.785967775929864,8.097151534524864,7.990198020928336,7.971053207883773,8.06392254283129,8.454210992393376,8.080164678818953,7.657647111732916,7.6645397231826315,7.590653540752772,7.871023590695306,8.573109978767256,7.974365029100376,7.795877940446024,8.354116027818826,8.61433496553174,8.22556932439093,8.730355,9.230630643061833,7.661810917621051
2023,11,2023_11_SEA_LA,LA,5.0,DST,6.628427467285051,7.2452455,6.861714981273177,8.124138896221085,6.695943300141393,7.229627691676771,6.492346587639588,6.683525122252061,6.477896909258925,6.607434697213424,7.2048231707071215,7.032071319745505,7.41109001346148,7.24911943057524,7.399263905422071,7.235020685563532,7.172642249263197,7.150341727912846,6.904644144388623,7.032012487352873,5.517675618666543,6.364481633268732,8.700772030588437,6.589849634350584,7.120150630404027,6.637480713559377,6.646533959833703,6.748253212719589,6.315195242997418,6.2523769695855975,6.280359600520701,7.021827977379471,6.867180994729316,6.908755212887592,6.218779,5.7137771833339555,6.3172648540029686
2023,11,2023_11_SEA_LA,SEA,4.0,DST,6.101457539546914,6.1882653,5.237209656889912,5.501816741620884,5.673116952893127,6.102527766523548,6.252587873196284,6.621936527560887,6.3445139483114525,6.8448848232481545,5.855645384685758,6.059193712186788,6.297426729628458,6.314551024567809,6.935629036992594,7.024979154594581,6.374373483067179,7.131568609303691,6.424684006572663,7.315614397972919,6.591253687652052,6.528701490847009,7.870280429509665,7.234386092106008,6.634487055240576,6.05172566437921,6.0019937892115065,6.214365414607465,6.040074654212589,6.231737003150422,6.375679191497703,7.265136444273766,6.9740520967434145,6.06358020159729,6.7749066,6.340486098298227,5.925164315620725
2023,11,2023_11_TB_SF,SF,9.0,DST,10.064265980963173,10.087044,10.305320888195531,11.190919590102538,10.373857881457075,11.039282249258854,10.011618893537264,10.244530397055572,9.8910868409554,9.564885369948394,9.282047794744114,9.02710437327224,9.053245460452285,8.858832968778248,8.764023689812214,8.829775835026105,8.781115170334242,8.975240584423672,9.418972160541506,8.553037381786048,9.950931042853515,9.55302964537018,9.721097563434824,9.424898119831989,8.738740966638103,9.921213509293597,9.778161037624022,10.215005879103101,10.599113754466257,10.18425696752028,9.916504627018565,8.87856634511224,9.368920538421154,9.248897742602452,10.453008,10.6773749014856,10.004994132861302
2023,11,2023_11_TB_SF,TB,4.0,DST,3.9994072531949545,4.3793497,3.0876876058170755,3.2420825429808264,3.132988052563847,3.5223940552834447,3.6823112716993616,4.189278473226199,3.8075313665887034,4.554261953472826,4.78493847194665,4.74605590969746,4.810652246820452,4.684333561726401,4.789950599041358,4.694329234026657,5.043649100496449,4.665232324059037,4.779857288063795,4.979611598708573,5.135774795302792,5.096622503428677,2.406156135349616,4.230850823844497,4.960895624540762,4.123293384971127,4.2471795167473,4.104624698540185,3.5258890003662597,3.710742689623638,3.9438470879959255,4.8492343012787735,5.001881897413307,4.6646623560335065,5.0597644,4.837270580699581,4.21127651511239
2023,11,2023_11_TEN_JAX,JAX,7.0,DST,8.684110513050372,8.828603,7.999156388216276,7.815591774030846,8.171602175305686,8.05551322271354,8.370334364025418,8.170874432775513,8.391509191611801,8.198101966279308,7.974396903975546,7.747928035773633,8.13270341317757,8.004485603922802,7.980095080681348,7.907436997988813,7.911909995356405,8.256902170501657,8.20806487414894,8.583776115624646,7.681220786038559,7.391548588045217,9.233260674599377,7.997418376780578,8.357829377570212,8.638249644023913,8.592388774997456,8.822321086389719,8.623627328965469,8.647324532188117,8.658486507386373,8.265549574387679,8.11486567927357,8.540892840289299,8.177379,8.08252303053281,8.735765833258503
2023,11,2023_11_TEN_JAX,TEN,0.0,DST,5.479167834508021,6.080454,5.015261111634255,6.153822107021301,4.99429957080815,5.706895712782488,5.375992843985596,5.533269523675092,5.484037306932809,5.785771589148295,6.103932123121333,5.716938171105283,6.002768535036734,5.794884493137247,5.967080331486738,6.122224580508707,5.8798863302351245,5.907278293756329,5.840736746664851,6.1659027814455065,5.527066307808604,5.782095724391922,3.264233710195245,5.798870149901271,5.541889381860139,5.569745219721384,5.660322604934747,5.593624466108617,4.904846742047608,5.154512237910103,5.3923608467743485,6.363726934908293,5.993470214127306,6.181384993654842,5.724103,5.391749705833599,5.713698926646021
2023,12,2023_12_BAL_LAC,BAL,15.0,DST,6.372629969406184,6.760725,6.784748269302983,7.758756217700406,6.840730148174437,7.090038273269742,6.7961389876159854,6.560303118759906,6.786395023718492,6.591621559773427,7.363452798687046,7.250647656422496,7.11926418496446,6.841605810567277,7.146615935144812,7.1542840531024,6.972713400470105,7.199297835495663,7.271799481565124,7.2339078773497825,6.4941580042288205,6.328394481962462,7.1711416251963245,7.273336955974835,6.640097966149658,6.3486310011691485,6.324632032932112,6.486719969331272,7.012884622308075,6.783887740900094,6.7533505589624,7.597157676969633,7.591315387125932,7.1742219657933735,6.921858,6.878274932716098,6.439292864340063
2023,12,2023_12_BAL_LAC,LAC,3.0,DST,5.24026490923371,5.4923487,5.829802455186158,5.502781407604344,5.567533574602063,5.709417353243165,5.379056492763548,5.597739146804315,5.36726786420838,5.462970590634023,5.455955881504845,5.08060964950842,5.264277723520433,5.2292045166446615,5.46907140188202,5.597042914453931,5.407029015890245,5.312044301780363,5.311732158122341,5.935804760307998,5.805905140415592,5.930380066615713,6.692512993087083,4.970797050889508,5.394344759141647,5.265700224968582,5.291135540703453,5.347074863612564,5.630941556186239,5.210817105786117,5.150260498008867,5.433215077643025,5.475405110553461,4.999314427521148,5.8169956,6.119004151448784,5.107771445860017
2023,12,2023_12_BUF_PHI,BUF,2.0,DST,6.343091979938299,5.598047,6.627446509234943,6.672549240759734,6.512730834075086,6.468351798421121,6.753519781449578,6.844718587769577,6.808560987460721,6.99521217053536,6.230367973386222,5.952923548635005,6.28673657188748,6.176031606749955,6.24722186757358,6.091882598699857,5.901437847309669,6.430022481255922,6.266964459703139,5.862567039775932,7.212815259605557,6.7459291430500725,8.105147782783094,5.786823731899919,6.530486720865595,6.321069560114753,6.299047140291209,6.450925090679138,5.844483452737626,6.446643236098086,6.602155028724776,5.837430852294328,5.9596712186680225,6.12678262854964,6.18652,6.196815032305089,6.632382903768197
2023,12,2023_12_BUF_PHI,PHI,4.0,DST,5.966630688809743,6.6550274,6.209406939700453,6.73906092491246,6.004211456695279,6.147638198919881,5.875614010292184,5.709927804887714,5.899607534045378,5.752308198390706,6.60084022392491,6.115220936851415,6.600220731333683,6.378073048780586,6.879778779577412,6.5556767091289,6.299940931997092,6.661767819898258,5.919142919160863,6.252340865958235,6.523651726113567,6.313342671650322,5.830801518686655,5.4626820940222,5.805865901889131,5.958918453787082,5.951206218764423,6.0783249944710915,6.22016206171852,5.982549413138447,5.9817465837326615,6.69423315283355,6.546384963440144,6.538524216673466,6.4994392,6.421098022316847,5.972677393115643
2023,12,2023_12_CAR_TEN,CAR,2.0,DST,6.955147398401021,7.3048606,6.157240986920201,4.964478383753987,6.45020811217596,5.886007016052823,6.651128383140575,6.551857714024354,6.6970746670045935,6.709575352691014,7.053982119903238,6.987401442092748,7.207528905726868,7.032678816887157,6.712631009219786,6.63604712899576,6.785431471952485,6.306093084657533,6.821982541354952,6.696788497717237,6.868968581006087,6.698112794223804,6.856869231969879,6.517089286925966,6.78764499345168,6.988669729866036,7.022192061331051,7.082871769481004,6.716880518927258,7.079872045058818,7.1677901647916435,7.201007064578276,7.043166069341663,7.291625083481295,7.470913,7.461777975192392,7.2109557148439904
2023,12,2023_12_CAR_TEN,TEN,10.0,DST,8.1044604534176,8.784634,8.067375951159004,8.958685859579923,7.901674833754008,8.294736746139126,7.954863764469384,7.711121285890224,7.973750484930694,7.642718363771676,7.4765317422959985,7.211466806857024,7.818587555178105,7.483892646481049,8.008926585325227,7.778342553154143,7.985201895282496,7.810005422870649,8.310612124015535,7.938051866511668,7.583254101411143,7.378157532791284,6.090526881955165,8.338077386391113,7.375858923253918,8.160488982523791,8.216517511629982,8.246555403012039,7.931625011468155,7.8893507787579376,7.916414196328399,7.40153823364807,7.7894932674137936,7.776743192403583,7.405528,7.800018184542077,8.107851817352593
2023,12,2023_12_CHI_MIN,CHI,14.0,DST,5.2159699682177925,6.3038993,4.874385713377697,4.945148473495115,4.900148135468147,4.814629506612974,4.844988722359434,4.847648935348524,4.828424083533824,4.895092009322601,5.90800207110306,5.910021813258771,6.065647831521558,6.178831422398659,6.261363205670007,6.324471258167194,5.957917455650696,6.003968142246686,6.011466126116899,5.847442141758747,6.097856466559863,5.701504997866142,7.3095529308578815,5.382016081015671,5.94202024913016,5.228339422455194,5.240708876692595,5.329049374003749,5.0303897329333225,4.836935286636485,4.79473856720502,5.939306484594266,5.461408593717774,5.903118190736781,5.7309384,5.539154739409338,4.88404898263277
2023,12,2023_12_CHI_MIN,MIN,11.0,DST,6.859874266379527,7.5722756,6.463963949954525,7.862422083091901,6.467264109807752,7.458376263137574,6.49170178603558,6.9846810965260815,6.510964021455193,6.938074105397673,7.346624322366873,7.20420110440667,7.103456511285848,7.252970567566456,7.4038003218767505,7.291612968166997,6.97615594568726,7.489072013759201,6.83704779873669,6.81707147002896,7.29044390301085,6.824922566915118,6.114656423886784,6.641046545924887,7.093940124069832,6.86669096701306,6.873507667646593,6.983285498561928,6.575166798622187,6.386115057777053,6.421808309996342,6.998512033515952,6.912324517353878,7.2229979433747395,6.60999,6.383912441142632,6.39009044151002
2023,12,2023_12_CLE_DEN,CLE,2.0,DST,7.491546449746823,7.506321,6.769424679517078,6.825716123506076,6.883851052828547,7.144819206915528,7.262061858537323,7.897430059369106,7.34024768343547,8.224381957004741,7.676104413120927,7.63217855842476,7.624571539927467,7.644744825507772,7.391030716920379,7.899382828730572,7.181155734663714,8.377408713641039,7.444928232056378,7.588586093677126,7.859376683851023,8.174449575135554,7.022669933775886,8.566492003503306,7.578409960783096,7.584654029386652,7.677761609026481,7.619852770166511,6.070274695285183,7.115550634990916,7.394694792368552,7.6218942589768215,7.269321833506751,7.381729914119971,7.7906322,7.6396986804688405,7.7893743125800015
2023,12,2023_12_CLE_DEN,DEN,16.0,DST,7.652358512660504,8.140509,8.308696835648194,8.950550488097242,8.03895392521565,8.257984414277121,7.522828852126536,7.431150302477906,7.460674985092698,7.128745531108128,7.964605642495899,7.5588628626194,7.719084624886928,7.541596836398495,7.6822127029473295,7.320442428443513,7.991684247643137,6.973897292989364,7.82458118776071,7.598705342162191,7.674060471569359,7.079921303374752,8.36135709493098,7.796676952409953,7.674973797372928,7.63618026408901,7.620002015517515,7.786338730351879,7.996906311988244,7.502157018092419,7.412212393904316,7.641349249289956,7.842494852932369,8.23524829068714,7.922942,8.39222252449951,7.3795691475729885
2023,12,2023_12_GB_DET,DET,-1.0,DST,7.410152121243533,8.218513,8.077790567170142,7.492739399556227,8.001339497086011,7.607306577315022,7.60341929418475,7.461399796757806,7.50753436798047,7.248039198122933,7.381111789628734,7.521512609795095,7.415044830257346,7.456790754614089,7.622371167446719,7.961418288511218,7.499403205234874,7.648638885398707,7.881836273305659,7.78147486657776,7.408446129510948,7.783127848235754,8.653101689375644,8.14529306225938,7.530621431504857,7.358395223939207,7.306638326634881,7.536468457438735,7.996619132104964,7.509716482777723,7.3174874895953215,7.228875125357412,7.0472036416757255,7.2082048327649195,7.5249066,7.11569771389094,7.06764564193779
2023,12,2023_12_GB_DET,GB,9.0,DST,3.738523730816405,4.6247797,4.545604433285066,4.125824403120078,4.6667202675578405,4.357762657602233,4.597958630679242,4.443337644444636,4.584716749941024,4.494920771188228,4.053217403886867,4.053020727966183,3.808401177951884,3.947719255543853,3.835341509224025,4.122250230948458,4.003834219036103,4.193011227601717,3.752259218749985,4.214605474968193,3.418937992451242,3.5895442221472456,5.631775687249962,5.468734074031539,4.418225619999203,3.806224579162736,3.873925427509066,3.841893538368127,4.7128562273625665,4.645388968625583,4.6107845285962465,4.051253063093052,4.481393514458109,4.085948370867518,4.0959606,3.5894182419441103,4.389635323191908
2023,12,2023_12_JAX_HOU,HOU,2.0,DST,5.717636814732045,6.0626955,5.328264168734403,4.990221941511928,5.397159799742756,5.12255725072826,5.606003917413672,5.457800675013038,5.656642462520779,5.73442076770971,6.109350146655457,6.4084067401568126,6.193987490274938,6.318093527118955,6.05753179769883,6.604819958737666,6.2475839523783465,6.954930323468138,6.064440852298315,6.67834476145734,6.150651192805014,6.1103809568512695,5.769795344087359,6.642409933032643,6.522374815061604,5.745960294422349,5.774283774112652,5.828130209968424,4.934796402001814,5.305821556297678,5.4431967340279055,5.9082014023152905,6.152273442233342,6.31708814555413,5.9457884,5.886280654159812,5.325122759867988
2023,12,2023_12_JAX_HOU,JAX,4.0,DST,6.37827624378059,6.4854875,6.943670408038845,8.942094410833125,6.931381369407925,8.327957768169105,6.704890617933942,7.227615414111424,6.644352835686985,6.78055290817386,6.610012910544081,6.708133653684279,6.195584719659897,6.472523366967216,6.790345919632043,6.99681063695464,7.350251046488831,7.254794071735946,6.630207070706264,7.135080558137378,6.471111421408762,6.926242585179822,5.702405963096008,5.538605867258301,5.970569829529349,6.248159846678333,6.118043449576076,6.490790628639307,7.017852486078468,6.792589477201063,6.661931270961966,7.07422968967869,7.392762859904526,6.545218234191072,6.6721807,6.470144791355736,6.20804254723162
2023,12,2023_12_KC_LV,KC,2.0,DST,9.301020692912838,8.988207,11.161958381808711,10.943760390914749,11.09570312414625,10.939477197898563,10.430236555524928,10.637460870915444,10.28183627936327,10.140017861824296,8.46996364057852,8.37882076817213,8.705766357203702,8.634184778844753,8.419437112687355,8.58730680143685,8.41614260121743,8.951126946665559,9.152682706706154,8.942381501389342,10.111634357809274,9.543098463356271,10.013274633230573,10.068276302741156,8.73750565475325,9.0755150360091,8.850009379105364,9.43976107279748,10.58383382661744,10.308879649532317,10.090616331991235,8.217089009070623,8.1619059402287,8.57814129194985,8.955398,9.281507373473831,9.801031076912157
2023,12,2023_12_KC_LV,LV,0.0,DST,4.023901863992894,5.1830773,2.9283832510117724,3.04894130700783,3.073899788499844,3.68290455030898,3.8544772019846025,4.447657124589969,4.0354136233773295,4.778737414160654,4.696772102809075,4.584834414734464,4.691860141473128,4.473336860844827,4.1653544714139,4.141621544767043,4.065128439715731,3.798745588350261,3.70400886431269,4.547128808731795,4.099044715626615,4.761831970507439,3.118408267747028,4.75257647838062,4.9164072373089605,4.16426617664937,4.304630489305847,4.131904992146454,3.072981375161352,4.0167269507431005,4.360182061150027,4.34808094865407,4.365320576383192,4.722769810191369,4.254185,4.283762206348131,4.4708156237200045
2023,12,2023_12_LA_ARI,ARI,-2.0,DST,5.707551287485283,6.082567,4.248121503445324,3.0589025445651323,4.662061224420919,4.003162406529128,5.683899579367489,5.541900770652455,5.851321742921342,6.211801397166391,5.707863363038735,6.201413751091554,6.317094262907061,6.145019324723673,6.634943292977036,6.652388137982206,5.803773482256439,6.306866909029395,5.860452412417319,6.411709100208934,7.050750793435406,6.195770769322576,6.731547957750814,7.1303794892827925,6.736714075754308,5.715379667286826,5.723208047088369,5.820174592489132,4.914094729976615,5.636754360224166,5.943434080068624,6.68913720844185,6.648187645158074,6.179641962663938,6.6090026,6.433265896413477,5.6855785170101925
2023,12,2023_12_LA_ARI,LA,5.0,DST,7.243110943356482,7.3509436,7.426283783190848,9.01022471960719,7.427010949920551,8.343052887997931,7.438518635184739,7.555223466791247,7.445683573150346,7.462917597295691,7.401541970038004,7.608088834664772,7.65068350743308,7.556154357720555,8.094199431191381,7.867110738333521,8.00593005635739,7.7870057175449405,7.544112694536969,8.03434714969717,7.270706011446444,7.691019242042021,8.926936084253835,7.943414510167889,7.41954124490589,7.17115183350411,7.099192723651739,7.363812562568336,7.523652699004365,7.376790191678346,7.391189396704948,7.933033887846882,7.571237234318747,7.544957108844903,6.694033,6.993848229337053,7.0286016383577525
2023,12,2023_12_MIA_NYJ,MIA,21.0,DST,9.552419034746148,9.462791,10.712854766688393,10.46975625049442,10.227891391750084,10.525427919285509,9.561871984789269,10.039955943756596,9.50601225627734,9.715424794425006,8.626730510438604,8.499170200782835,9.389577957891124,9.249007695555212,8.815881304110523,9.371914043060912,8.95969304191424,8.416866000649785,8.616688402362133,9.225088686140024,8.55047333967625,9.2629886840697,10.191179250972908,8.843975054709796,8.32542425369632,9.470688878511668,9.38895872227719,9.700250347759225,10.614167603533511,9.819223717346592,9.673694498555015,9.430034241748231,9.77140491623362,9.331872245846464,10.489234,9.620783667095443,9.65857883914018
2023,12,2023_12_MIA_NYJ,NYJ,13.0,DST,5.077468923851066,5.4462657,5.850677022136637,5.588416914028709,5.462423401277814,5.087009770820055,5.51028749974546,5.175353194783681,5.560913577661409,5.362194660427463,5.074663163460846,5.135800010179364,5.118734895038629,5.000205762638698,5.208632590266076,4.990203706595582,5.148784032467341,4.94593291614348,5.252614158851923,5.214820850519108,5.956860221984715,5.51371070257566,3.881923188398336,4.954865591450719,5.20943228668113,5.118797839469761,5.160126755088456,5.18725345899249,5.103677799816367,5.388669354790594,5.522292756606671,5.2825870526106335,5.1524568274169695,5.1577452152650665,5.7659903,6.468865822319473,5.626396218972817
2023,12,2023_12_NE_NYG,NE,12.0,DST,9.484383153268366,8.922252,10.103099910001731,10.9546772864373,10.167802162931244,10.778661336682562,9.596858289154564,10.048927121414254,9.477630380177516,9.494449645435758,8.805391781996748,8.66025294749768,8.581344571869064,8.354352713737232,8.335901145715455,8.22768148869897,8.34088784023138,8.596172845964938,8.305886542374417,8.68019567319795,8.204333043972051,8.57923083290794,11.276164425125287,7.969393305595927,7.941953325059927,9.444424790620621,9.404466427972874,9.630590544612069,10.418401197967366,9.603688115423026,9.32970443905456,7.68629427068758,8.258094929344093,8.372879170173334,7.961066,8.57995054984478,9.351860261109385
2023,12,2023_12_NE_NYG,NYG,12.0,DST,6.444386863728939,7.019687,5.561145661450663,3.3057373861195454,5.421602053403097,3.694845318693074,6.086412008719222,4.787813821148935,6.235668741979929,5.619168175086835,6.842640090654591,6.4757071776253055,6.551996318886109,6.525039220838687,6.638633302511682,6.357855512536538,6.732841903327768,6.151071777420333,6.705897575673664,6.335998707909101,6.869657450732266,7.02402018206978,-0.1079869890519313,6.015096850608618,6.322572291723033,6.498075717256855,6.551764570784771,6.5687588573532585,5.334852769214251,6.0966156353033005,6.403484435578441,6.76656819381772,6.724468786329601,6.76828043996872,6.796996,7.040811418769965,6.349012258454925
2023,12,2023_12_NO_ATL,ATL,12.0,DST,5.884569600331774,6.736627,6.615972680708744,6.493914178779524,6.302293704515416,6.177678339886462,5.94395533246295,5.912666410904402,5.920290026740791,5.922496431087545,6.460697498860311,6.39988123673362,6.381212095774057,6.325093064121669,6.74940948833859,6.50305658201376,6.35129306648092,6.277330963657304,6.801820496000418,6.184117441303311,6.197732437084294,5.826544108942678,5.9066901992368095,5.8816864664078325,6.429927688777868,5.93156438290847,5.978559165485167,6.002904302480568,6.162832968707694,5.953039164881461,5.915339136750968,6.37530635711012,6.2876459503619975,6.288369287632492,5.999314,6.054535826036092,5.7928526516045515
2023,12,2023_12_NO_ATL,NO,5.0,DST,6.727894914207145,7.5822115,6.684919471427619,6.838074415551206,6.770193538526613,6.724504792154769,6.631237516059747,6.750394109441648,6.616858729469784,6.7114761572386366,7.611841902357044,7.165613082738014,7.357567640863436,7.307622152817585,7.276817634630041,7.241311030908381,7.088536067102493,7.52287886344588,7.241732800455679,7.1246847923961,7.259545547040936,7.701044134978416,7.593968197451063,7.86526663189272,7.538801806688984,6.77041690731352,6.812938900419895,6.851988042062373,6.7047277493103,6.632771429740545,6.611132533674254,7.581850368235777,7.537486568287035,7.646025137653486,7.094691,7.441772808466084,6.606928066347436
2023,12,2023_12_PIT_CIN,CIN,5.0,DST,7.099968667501328,7.621955,6.782620080195745,7.912238108319415,6.630772046191856,7.36405524294501,6.6671814623361705,6.821438806731162,6.7110111794923695,6.8513307379731625,8.236942499938149,8.186614646645438,7.654550454341176,7.804231741145029,7.173997080434928,7.293834995483852,6.94409822592646,7.408521432398963,7.635140295045434,7.550104382509605,7.192990672979192,7.65512209937006,7.195703385350216,7.308632039602267,7.6371048280441585,7.1664214867749845,7.232874306048642,7.231488705365548,6.576380977583233,6.767121963457374,6.865225616751064,6.651602194566168,7.195564957864999,8.14823464827977,7.153404,7.353151210405157,6.828057275343314
2023,12,2023_12_PIT_CIN,PIT,10.0,DST,7.979589345379035,8.467539,8.907286770532114,10.044009878809394,8.925370253535746,9.496658048032783,8.124216035151466,8.261093109526483,7.951076037949703,7.5392934075844416,7.385510852458634,7.065376270009836,7.683413173693905,7.216662733148994,7.469567777003488,7.635695974259318,7.725509439295594,7.656568697171517,7.630623468220154,7.444133132829831,7.7482764832809154,7.493372179210919,7.467849788431581,7.127952463920252,6.685385300890211,7.980585741831609,7.981582138284183,8.118244498074585,8.88571245539509,7.926741400610372,7.5968221593385605,7.207029649279224,7.5573249764109285,7.611479775341922,7.952873,7.686035630640894,7.7162905779310815
2023,12,2023_12_SF_SEA,SEA,8.0,DST,5.144662393849821,5.458315,5.662091481876749,6.649264714894413,5.646242687268015,6.782056317408976,5.449206789986196,6.214116158976164,5.411087322891087,5.8026489398926575,4.72695705396443,4.962582999563799,4.801139220962939,4.8152474122664914,4.957873970118892,5.153188556735583,5.179488820550199,5.043107460856643,5.105354439179601,4.996062369200205,5.325130659475373,5.0830261701460735,6.475881567896601,4.595057073186486,4.599701336770736,5.241038575786466,5.337414757723112,5.253613620095045,6.114900405683478,5.6216372815199005,5.510799466038599,5.025283232078837,5.106432918828299,4.800896984241437,5.4149466,5.232310943716424,5.605644763123788
2023,12,2023_12_SF_SEA,SF,14.0,DST,8.050455583739293,8.41786,7.522417767418338,8.168687614807904,7.540180756062066,7.951593046047504,7.80982427644018,7.865547726982734,7.862292600804084,7.959679573838006,8.926715677657075,8.57028517963934,8.785912428032503,8.617873158308377,8.552727651306197,8.273600098002156,8.82129658449135,8.665241169217172,8.574826085352939,8.679262073883322,8.67556714405589,8.110535363590465,9.137027972010374,9.14395710610022,8.538687694527036,8.014440497902296,7.9784254120653,8.181537294084277,7.120915722195023,7.572887664016441,7.722979976418695,8.047564895111398,7.973909362255,8.504487661031655,8.184726,7.998429634732816,7.624773190153977
2023,12,2023_12_TB_IND,IND,11.0,DST,6.707797059249576,7.2452455,7.0685350238727,7.6843491047377155,7.055653917000363,7.413219928090296,7.003947906007422,7.105252976031526,7.014926875821758,7.051405625923491,7.44641580589643,7.737830643551298,7.4929166382536385,7.753891836773423,7.514725275482566,7.483328373838284,7.373103176037141,7.838465399258463,7.338804326341627,7.460960211566037,6.5072017549500405,6.770533907604975,6.353602932530466,7.764970218697424,7.181413192600614,6.7267861486289835,6.745775238008392,6.828230556927532,6.987879942597759,7.09516957978969,7.11705500266933,7.380164145397754,7.121973426276956,7.384398824644014,6.328946,6.183263439636247,6.970506660257367
2023,12,2023_12_TB_IND,TB,4.0,DST,5.607609059915203,6.1882653,5.850381194546243,6.242533187888686,5.823707497476277,6.07201606681346,5.849030709950025,6.011980010024451,5.898487473823772,6.239682659721849,5.867914391583825,6.181969350206124,6.220428811124751,6.338815129465112,6.306738605431258,6.590764825391723,6.07821517371772,6.578340167920782,6.371004751207475,7.0047469470561525,5.815204983344984,6.226792804792026,5.914051261513814,7.058501690010191,6.282278552050481,5.645193240274452,5.682777420633701,5.72097459050974,6.243887299053175,5.90900990134461,5.997299106121978,6.685600364721318,6.562346031485104,6.1736711852780575,6.04517,6.062266443475171,5.654624181529697
2023,12,2023_12_WAS_DAL,DAL,16.0,DST,8.826767058843677,9.022241,9.88106622951818,9.712670474186467,9.666814176371572,9.761188531510708,9.265461326129213,9.437019410560996,9.19741194722484,9.17794742688528,8.688661513293862,9.183905000121095,8.741032437303925,9.07752203411002,8.700140930281142,8.824780103063592,8.659888615345563,9.339128359971385,8.365375164943169,9.052947047818815,8.602487130944287,10.00341344161255,8.520760831728936,8.816693989548163,8.604960215703892,8.724429198534143,8.62209133822461,8.959272861453144,9.464936453734747,9.385481789506745,9.268541132189531,8.89264870674683,8.842346863483892,8.53062195252278,9.575028,9.506166568029304,8.953010527482746
2023,12,2023_12_WAS_DAL,WAS,-4.0,DST,3.484213061024268,3.5259428,3.6931068541877705,4.479224198221067,3.913024000783592,4.591744454439998,4.0489079143665645,4.386041197805689,4.062513329173419,4.307484944831302,3.769483574366855,3.762261265544294,4.130757460292684,4.105071467175892,4.503477159513903,4.542253152547165,4.7093773795416345,4.758910696984534,4.444625242234721,4.302512232766775,4.59733998225941,4.566201343157903,4.267692576566038,4.843333062436237,4.75443049453287,3.532289877429752,3.580366693835236,3.5838227614374385,3.5587999557267582,3.7784877352340756,3.809544139031461,4.525650332059426,4.271008581768846,3.987383568386306,4.291873,4.737607657197816,3.5823468017029163
2023,13,2023_13_ARI_PIT,ARI,6.0,DST,5.694841965514499,6.0385976,6.81900328840376,6.070403696464379,6.369158475090353,5.782011853805346,6.0481022579111405,5.79000372231606,6.031126094758569,5.851902354075468,5.690202875753855,5.651824591332987,5.692455105331658,5.833473644265835,5.614356385463721,6.061968834752331,6.129841868541015,6.113953584374252,5.531261780059641,6.327279399024408,5.867798562968074,5.762149242414955,6.529973015963185,6.296430803294235,5.577464733893754,5.788071250104173,5.881300534693847,5.810613057240307,6.3472640014782264,6.1937296920294,6.1772585127683275,5.952277665502948,6.239728159618146,5.618713789338769,5.430463,5.931970316400746,6.277511440027462
2023,13,2023_13_ARI_PIT,PIT,2.0,DST,8.490609409076905,8.57535,8.940535199045751,9.64299147705026,9.003341496492277,9.4669401146075,9.099094855994622,9.106844070509451,9.096011521410269,9.00915051584604,8.506575723046234,8.16974211445432,8.562148279578231,8.421359446258775,8.512256246830962,8.557161053362247,8.638609077158273,8.22415435592163,8.69467381730397,8.690543088298531,8.77894066321836,8.270919009018753,8.882854564448754,7.613531724312148,8.37928630916577,8.461332379025139,8.432055348973373,8.62552604361221,9.065745624348427,8.989046858470394,8.97962692767458,8.239031381646903,8.537370066222197,8.644170832000135,8.511904,9.173754701467603,8.589078578701185
2023,13,2023_13_ATL_NYJ,ATL,14.0,DST,8.933795324659231,8.910203,9.306587941677348,8.69072388654442,8.969689677837794,8.840717315702191,8.599741299574216,8.894355911395518,8.580313104419087,8.860749441849311,7.970911004569913,8.357433505705144,8.533947601728157,8.498633462105953,8.144030362936203,8.9847261413433,9.080066221135027,8.621774860330046,8.281909723699243,8.276930396726021,7.582800932945836,8.841629055639057,7.369320578522974,6.91106310033311,7.702581838726428,8.886733713623638,8.839672102588047,9.081994695251064,8.92050057212618,8.745525871592461,8.717898920974523,8.918693471633901,9.018823790440777,8.580218696627535,9.441826,9.119068454887735,8.524319977068561
2023,13,2023_13_ATL_NYJ,NYJ,9.0,DST,7.57827137088003,8.064619,7.761712755229099,5.925985501504961,7.524228278056295,6.126557528829421,7.344427723973484,6.682086681009933,7.322218983277312,6.7890949484121,7.656708607740274,7.15960444195044,7.464490978754341,7.1842378738409085,7.577466875317704,7.305604496922656,7.243015022686082,6.889448656694615,6.935470812329377,7.087543172149173,8.308557177642918,7.895973661211316,6.577426061997195,7.372000521313303,7.20899767132708,7.628086425145028,7.677901479410026,7.712805071171451,7.377775239329752,7.236971736632733,7.2020082894373845,7.149219438845323,7.218676821931865,7.359242140511868,7.5348673,7.1836857106995735,7.627161093305462
2023,13,2023_13_CAR_TB,CAR,3.0,DST,6.091170471561192,7.051608,6.660167788423189,6.589320453377416,6.615777078313156,6.8495579909257,6.206541542186739,6.334011417916138,6.168711300881267,6.106494469665905,6.3695112185037255,6.389909587674024,6.495799774577891,6.448686465957274,5.981218295043696,6.221764357459415,5.916104207217534,6.150982945222364,5.928039708727419,6.3281904256162775,6.539664344438443,6.597801907569251,5.409352670057093,5.974806158224725,6.190007760108856,6.171689805559644,6.252209139558095,6.214605639369148,6.591461155770775,6.458578991002397,6.384612003587762,6.183699288830858,5.95912336280482,6.433440712939719,6.583374,6.764662721933075,6.526342435016815
2023,13,2023_13_CAR_TB,TB,6.0,DST,8.18763794671672,8.742777,8.014645912223678,7.955266200316855,7.868838104013603,7.609959115750545,7.971111734026533,7.805753297471368,8.013870104831527,8.00777388367981,7.894030715853197,7.708863873820388,8.327801032653836,8.269698676910556,8.42255371866106,8.333306252374838,8.790732163693345,8.26478348825562,8.883990793033378,8.542321179429951,7.273407615853503,7.604583866783592,6.898383469518935,7.817065166181347,7.534797746085683,8.29093415458218,8.39423036244764,8.329260000747798,8.187414469791506,7.975609965132351,8.031407634279093,7.871655081542246,8.26412902679193,8.151904863866037,7.5179563,7.36020998080011,8.086232264827334
2023,13,2023_13_CIN_JAX,CIN,3.0,DST,4.479556164898259,5.193013,4.187794772517119,4.663271671812787,4.290276089253494,4.757358106131336,4.8082900124165535,4.950650183832831,4.9121047990955145,5.115951617660362,4.59792146711999,4.654511684013318,4.836152881414945,4.641079356391492,4.715960063014922,4.859265611135626,4.599228144711201,4.0167543607674725,4.309985626166961,4.997140984035667,4.703128221035371,5.062396234448484,4.386397705302697,4.890818299238608,4.972582295519462,4.591368203084598,4.703180241270936,4.588427955756797,4.085196341133367,4.581141343764076,4.797173558222192,5.068501957978451,5.003276851006682,4.695665992059694,4.7650824,4.6185777037365074,4.907231034478249
2023,13,2023_13_CIN_JAX,JAX,3.0,DST,9.251656050266735,9.420935,9.530925063753838,11.711957041391573,9.309388172879684,10.899435909146332,8.78053163231587,9.65042875852779,8.670583095501291,8.972436015289174,8.331956559865878,8.546530757881317,8.37912238642088,8.343662976775978,8.256012774093367,8.365488433518825,8.398908372495844,9.026068266019063,8.440698074191884,8.642684686628826,9.128528353515357,9.363242113566915,10.319749206960015,9.129777828257724,8.564160902102453,9.22178246776781,9.191908885268884,9.397795891117424,9.063536226344457,8.624557647149148,8.435776233488719,8.37176013022569,8.634919003219377,8.43080622232705,9.435516,10.033449899764662,8.568226846765828
2023,13,2023_13_CLE_LA,CLE,-4.0,DST,6.364709959021496,6.7884197,6.113873617708979,4.79688535326169,6.456125748429457,5.885757101630331,6.76258126967523,7.031886208227478,6.760663565205073,7.1421116697551,6.48547354175063,6.712800301285261,6.622469121679976,6.532851842984551,7.014815702545207,7.366992131643138,6.956934977888178,7.410804263828126,6.90186484303228,7.33522449383568,6.763955113344821,7.1068124229203375,7.06481229646662,8.090709829844814,6.719865540562981,6.366416443951025,6.368122928880554,6.4843958377804825,6.169442167817135,6.717007044256543,6.776680790065335,6.665980259011961,6.7387004555323715,6.41128035784732,6.6573052,6.850786709053755,6.644171120642095
2023,13,2023_13_CLE_LA,LA,7.0,DST,7.641964581603526,8.268192,8.077492509306444,8.958892413959402,7.951787791608656,8.33459079021075,7.436639388092389,7.437472764556573,7.371694584610082,7.19424112979261,8.194051861437085,7.872775560451774,7.777030351500088,7.766926399750761,7.974183164236173,8.009726716337207,7.901219149465512,7.840763343863105,7.581896567534651,7.597296237855192,7.101821093401378,7.733264420458478,10.910235725127595,7.816843340142291,7.852468482549513,7.608680351611322,7.575396121619119,7.774903766964226,8.21404901185589,7.547382369687685,7.402319683002702,8.038793410541953,7.842997960578493,7.985584862885024,7.8247333,7.9035914557188525,6.99841214548468
2023,13,2023_13_DEN_HOU,DEN,5.0,DST,5.452611803616978,5.6079826,4.901630826814888,4.862106031473732,5.141407048937251,5.032725520581046,5.516844864267199,5.397365561853608,5.567227243578586,5.599689466201548,5.7766520120041935,5.648263551984416,5.639503429227812,5.724348945109664,5.129880345474128,5.221519235215031,5.4660067813626965,5.309415235719707,5.3120941352762445,5.191902931876986,5.026480547733198,4.989279877548306,2.834308814155884,5.0868729320595545,5.61116115278816,5.396684958879988,5.340758114142998,5.560777705556867,5.24707121708352,5.558851786514981,5.624712953726812,5.552572541545182,5.762899586002005,5.499713773757414,5.0293236,4.954489976830146,5.241241475044753
2023,13,2023_13_DEN_HOU,HOU,10.0,DST,6.673667143580252,7.087755,5.817782161645377,6.147974057483073,5.834105612872326,5.767147055473437,6.019243135731164,5.857583958650411,6.0619479605191255,6.12919125472765,7.179866227957003,7.167559043259901,7.236537083068027,7.228712968424766,7.453530915096056,7.368285223067458,7.203671906307327,7.397335020605472,6.777053429922201,6.900259754116538,6.6943572803072415,7.225776621088201,7.575528811608547,7.206907146002933,7.198870466165813,6.689488832261465,6.705310520942678,6.791632793414629,5.550695360840514,5.833205849691099,5.955121897148791,7.395753024367646,7.188573022163428,7.288295253704309,6.6603713,7.0544656764875615,5.899585477240252
2023,13,2023_13_DET_NO,DET,5.0,DST,6.116313224875938,7.1934533,7.088856670787867,6.316454909585071,6.776733508694056,6.088456435261368,6.203038493580108,5.900001159362085,6.14686562896101,5.951429032123517,6.378233230835282,6.525290747816146,6.668502886878641,6.566384358997461,6.747178384961211,7.080056642878329,6.568676093317276,6.699723115115265,6.707316597652073,6.103151748095424,5.990011710546463,6.905840919972286,7.400708279432893,6.3862831187651015,6.559466319105192,6.120585000592426,6.124856776308913,6.2333974848675435,6.56483256704936,6.149326747539714,6.051160921286372,6.821671156120528,6.906401868471993,6.545997911386861,5.941326,6.4763367983265026,5.927347823644
2023,13,2023_13_DET_NO,NO,0.0,DST,3.875394419648662,5.5022845,3.474053936398064,3.1784637443892767,3.699884287527713,3.393770968024707,4.149955026418331,4.279991531644948,4.247650195708379,4.666832469696648,5.17107429382934,5.332477927876011,5.07784489162507,5.3375410201265385,4.04615415565904,4.719425824915595,4.277477431535503,4.287599387380489,4.280554746460329,5.143403129702099,4.037641855247499,4.450369399179516,4.497670269152651,4.786175859131816,5.115710963200205,4.015664015420635,4.155933611192607,3.9818276018932672,3.4483834429416573,4.085571283169141,4.2995085264289035,4.368040820977048,4.689397607864122,5.218882372721497,4.593444,4.31540533925613,4.258219591660383
2023,13,2023_13_IND_TEN,IND,17.0,DST,7.882077961059917,7.4765134,7.610487159962029,7.112299425601164,7.802895178870599,7.592335313955173,8.074462196217358,8.154266543023052,8.124960374467477,8.360546890005642,8.28831994685175,8.534499146322984,8.372925198554835,8.39168958220522,8.207310168840348,8.034636224333052,8.223227688968965,8.38680225889551,8.392432883062893,8.295408186643424,8.09990050372104,8.414616998725059,7.58462202806317,8.59743775120275,7.7162635923820915,7.896751087684861,7.911424214309806,8.007444821721423,7.836997245552686,8.331731910043786,8.450564739886026,8.58210306968638,8.371610353415079,8.652771502369639,8.859335,8.29108592405103,8.32892196591884
2023,13,2023_13_IND_TEN,TEN,6.0,DST,6.064363015527867,6.842325,6.142568236223232,7.51701807660442,6.190038947707009,7.200930106131135,6.284836722528998,6.458573420822633,6.322422861649512,6.344877778989951,6.623446693081441,6.589165476984519,6.876631473557824,6.720550011913581,6.79405026802003,6.629983924863153,6.476245686831656,6.5934057189761335,6.63124391730228,6.544270895431947,6.051476620580599,6.023333056891584,6.43132677748758,6.127324972820029,6.584622704159482,6.11946401557334,6.174565015618812,6.182248700795706,6.427655559047327,6.351811407302572,6.410580545211627,7.008914289728517,6.950865339523583,6.8023929136080845,6.3034754,6.278977195361396,6.282635521267554
2023,13,2023_13_KC_GB,GB,6.0,DST,5.089100206846808,5.7754087,4.981939104239658,4.287990456809412,5.069726083743811,4.646720340185354,5.213561843734934,5.020916430434157,5.246912636218045,5.155731870552298,4.98853209421731,5.000310914712706,5.132852800535519,5.232463497325071,4.462812758795339,4.446833801445827,4.625627077673142,4.572489709393993,4.298311143578417,4.365799089836016,4.109218005421527,4.45819904221419,4.698037175769354,5.301692320921617,5.273917922582874,5.142681678417367,5.196263149987926,5.199914711100046,4.973598357609903,5.305390888469706,5.374650349065621,4.678699054757158,4.757335138437042,5.15571661637536,4.6309257,4.058971707777229,5.47407872566993
2023,13,2023_13_KC_GB,KC,2.0,DST,7.763986148420304,8.100765,8.402418398383201,8.220632197035775,8.496954282261687,8.249637629563974,8.13947051481088,8.228401917097308,8.04461995841474,7.978000812974365,7.507432665355547,7.64647105787984,7.381455166504881,7.64295869504747,7.369081000667023,7.482988867269773,7.220044762139413,7.485164977205448,7.618690528001149,7.622959759238426,7.399262819899073,6.5284411782118354,8.494611769801153,8.080807911109897,7.069003931966586,7.740882874957213,7.717779601494124,7.891657597341824,8.874176879692758,8.2887035675987,8.07160889215162,6.988290028424351,7.346113928341599,7.357469121668573,7.273049,6.661579715838694,8.164787254429548
2023,13,2023_13_LAC_NE,LAC,17.0,DST,8.189644674709202,8.627143,9.72368748828902,10.5027060874297,9.449648286925209,10.08727132519448,8.645022809423086,8.967075982145492,8.532261817162986,8.48023121287998,7.967364033012157,8.227192345344731,8.447665845787636,8.81145107801271,8.591846592091942,8.729260539625512,8.646600191196177,8.813215791998227,8.844062366244177,9.499700536404932,8.128348879405886,7.670503103447592,8.048443874447425,7.696915142674073,7.921060736424802,8.131514097944965,8.073383521180727,8.327369228528624,9.339113878270876,8.609062067227706,8.420808173811238,8.80278529706791,8.670352696462377,7.946603162677663,8.1494055,7.424505731633615,8.25641568403002
2023,13,2023_13_LAC_NE,NE,7.0,DST,5.999896382852387,6.724578,6.392621106282018,7.541869781572637,6.650628842051507,7.39792135820575,6.565497821675972,6.79144858070585,6.555458392145425,6.589222361360688,5.964563731558514,6.197371074123894,6.21181273011949,6.239839466966335,6.394636545347498,6.378916551459839,6.041340583048582,6.147965318679848,6.081218907152134,6.087583549877165,5.201460874965314,5.66746942886203,9.183488596346187,6.794873809714312,6.22883629138894,6.030504341130591,6.061112299408794,6.119125847536862,7.479408064995971,6.990604803721079,6.883626060495733,7.088366874153765,6.577701035084841,6.24257469369919,6.230303,6.244956804624984,6.513813360964239
2023,13,2023_13_MIA_WAS,MIA,12.0,DST,7.403529190096742,7.775849,7.981019948355078,7.740839422148054,7.868345268803829,7.96631038941705,8.070908595450215,8.30492264132229,8.115894873586637,8.373777860963585,8.293259433583438,8.354397523194399,8.376464858092435,8.506152622487136,7.956199796912308,8.107996495815405,7.934927523902951,7.897652760040227,8.122183803839766,7.681151338480133,7.799013628063171,8.5537351225971,9.037123162718196,8.284431513695147,7.7579318058969955,7.371334016910126,7.339138843723511,7.523335285312842,8.101029536065438,8.203145908246508,8.258909610419373,7.867667319310963,8.100651216625417,7.898972376886912,8.418596,8.486434240223605,8.03929511853163
2023,13,2023_13_MIA_WAS,WAS,-4.0,DST,3.7092826448069074,4.1821156,4.928170001168216,6.390220405399817,4.508816869625539,5.483401759219385,4.465464071006071,4.769384884267983,4.49848784120978,4.748862751431814,4.064396616143261,4.018421843708971,4.298704711687005,4.333308304208389,4.389037165140381,4.397264219234412,4.79171896111812,4.389629415053137,4.404951851552093,4.474625422912223,4.1919595805913055,4.844989502543796,4.596423582968498,4.70440873080242,4.672405110315592,3.7451641036049366,3.7810455624029657,3.810904603311753,4.191698277977711,4.2857043714328436,4.373343462475979,4.759611115999867,4.552552096078318,4.220434431460584,4.2976565,4.918353177931455,4.403066343039159
2023,13,2023_13_SEA_DAL,DAL,-1.0,DST,8.331911648788166,8.356132,7.215698878943256,7.13657851047296,7.278872720427282,7.234442635365152,7.928700816254095,7.967500821158755,8.053960170852523,8.445518322441723,9.015919518028973,8.71268594489719,8.968836757917407,9.11007900549698,8.660933402260802,8.809956448322234,8.731841813312174,9.45848138703083,8.715733901126827,8.43049810680106,7.93220078477871,9.126204100906431,6.728012683150699,8.645088542368969,8.862696461381258,8.27970897045617,8.227506292124172,8.459352876017162,6.6821892520914865,7.7588749984603105,8.068194162650704,8.346294165346437,8.356802316173354,9.089154395621533,8.728284,7.888826215170841,7.874839402039
2023,13,2023_13_SEA_DAL,SEA,0.0,DST,4.063227603865278,4.3396063,3.819403162983018,4.53412401797866,4.023209057077999,4.751353152985203,3.9593432852499264,4.403848748465951,3.919326727942817,4.090749232879096,3.368572400102915,3.146019256850582,3.5668565331528383,3.4013409851638063,4.121600432551855,4.278764157466688,4.383057515639811,3.981687303662659,4.488513969424729,3.607268831359802,4.195236148261721,3.8178931842734207,3.35762246276606,4.128188696014251,3.732643831284976,4.050953204854,4.038678805842721,4.165713178488175,3.977832498124317,3.9493442536414065,3.854876447202946,4.393200108176182,4.497628035926593,3.6280480805881727,3.7877471,3.945590632464613,3.572274525164844
2023,13,2023_13_SF_PHI,PHI,-2.0,DST,5.604359993416788,5.861235,6.272169076505701,4.096781868398442,6.373676548360826,3.879359426825611,6.376447149786839,4.618354173582652,6.360125434665206,5.217121748890241,6.433536126970915,5.935731483022078,6.289805829931038,5.71791478299962,5.864429001507499,5.568398546307217,5.782132131900571,5.983934043732873,6.334087392213055,5.851055560126396,5.766057047464528,6.136154418511165,3.776951875530187,5.7897054394059495,5.4066078107432185,5.604795846490271,5.6052316995637534,5.713589289526187,6.720438150781509,6.37591286830409,6.275108373548354,5.761155377757701,5.7198430563903635,6.1261032456537965,6.142672,5.842682302496317,6.4033652207027965
2023,13,2023_13_SF_PHI,SF,4.0,DST,7.480734266191869,7.129612,6.990718544200819,4.843676484609987,7.215244210641431,4.875223968870891,7.770496041453815,5.951873313670647,7.8360467837716445,6.836703392298168,7.380018520256581,6.956728370144127,7.748312909953595,7.55218251956278,8.63160035957536,8.044397064880359,7.979141146220765,8.043747131327356,8.104494972866872,6.836345951753238,8.170729243356853,7.335146673575698,7.882980797614669,7.080974136760454,6.884981770220876,7.386000589789234,7.291266913386599,7.598058330600702,6.661928792406362,7.350113700188686,7.5020827716476015,8.608552726016844,7.8334732141227414,7.4777782730808315,7.204503,7.276011781451725,7.6632949892269515
2023,14,2023_14_BUF_KC,BUF,6.0,DST,5.161290189195079,5.6299677,5.872750231759587,6.56908152877358,5.867373076089654,6.376473355466349,5.681425157082577,6.127860882816032,5.683625385287508,6.1209797886820025,5.822896356230302,5.855533498412466,5.869229817911124,5.947719101107951,5.08320874363506,5.434130823332994,5.127336322751009,5.216287675535038,5.368849983509681,5.588907481970988,4.466621115405298,5.505647754879152,5.772906450571947,5.459237774967392,6.007154727294047,5.239572266672364,5.317854344149649,5.268688512032163,5.603158886871271,5.809421614695044,5.859058664304557,4.969840067946132,4.8210777702920335,5.850975143263383,5.095604,4.745008021748659,5.926758954882902
2023,14,2023_14_BUF_KC,KC,6.0,DST,5.491480421843312,6.4755516,5.621469299308984,5.314697786332557,5.553972099223093,5.4224282112310025,5.606739862461355,5.718616653182254,5.63428359639296,5.826329102052934,6.512049412648561,6.687118209015231,6.26564615273675,6.595137966369333,5.965155060620925,6.254723540493797,6.472567199680281,6.388447098673042,6.039585334482737,6.507177055773838,6.309729323000195,6.466669751238061,6.503010860329242,6.061186303778903,5.998530697395492,5.58110510976036,5.670729797677407,5.60193525477366,5.88949620448968,5.903963057558266,5.908214207908591,6.339314413850888,6.323206554630821,6.21711658394781,6.251501,6.145567620977165,6.218697764320889
2023,14,2023_14_CAR_NO,CAR,2.0,DST,5.372460352079302,6.4394045,6.13848613540029,5.037049267177115,5.881562785513151,5.278489727395002,5.410339418338297,5.21174766569925,5.375243646774391,5.159848000326515,5.5019834252679525,5.561203797919267,5.5748770592183385,5.681537959990769,5.274881563503796,5.352256910614452,5.45203725945386,5.51402998763347,5.547264937452304,5.247865326704507,5.330839311013081,5.1060024340444965,5.103748890263841,4.45189061408742,5.431775629046288,5.403658650889948,5.4348569497005945,5.489379934272983,6.094752955088647,5.612200571467865,5.520915090595987,5.076519249501269,5.308418592225284,5.582919581435606,4.6354017,4.725239926370204,5.39004319410446
2023,14,2023_14_CAR_NO,NO,15.0,DST,8.125325028183738,8.764761,8.4391804113036,8.336219127219946,8.190120962126734,8.067342789906983,7.963245929407123,7.990840427094667,7.946100588312289,7.970517501684219,8.279678251573465,8.176308596764045,8.38957274124868,8.1905327085397,7.756448763422487,7.989915918645988,8.052088910692214,8.287784209820803,8.129401631617657,8.630132263579268,7.8503817636325,7.375532327041372,6.874526230623626,8.239955161917411,8.155098104959006,8.141757645961231,8.158190263738724,8.266447125781472,7.696302559919324,7.837021098253785,7.8490716840219035,7.717190818841953,8.249536622611101,8.500684635575965,7.8947053,8.274189024119254,7.615090953567784
2023,14,2023_14_DEN_LAC,DEN,14.0,DST,5.659824968536633,6.082567,5.635936212696157,5.90736704643187,5.827542432402121,5.807683363543246,6.051618391152454,5.705366517229775,6.082958612787912,5.822939629115536,5.78513784448009,5.697446643009196,6.142983866359758,6.090005878410218,6.050068133238371,6.337216630869697,5.895598993113129,5.728726989679609,5.821213707936733,6.363780074235752,5.664214232663477,5.637196263650559,6.475505811304428,6.09494251250875,6.528637127579493,5.6351342079359625,5.6104434473352915,5.772695283713643,5.892173845658702,6.175823713293744,6.21803673689768,6.034010124522434,6.450842020595779,6.097798914974218,5.953061,5.787608783601503,5.821820192433185
2023,14,2023_14_DEN_LAC,LAC,4.0,DST,7.22431821610152,7.3509436,7.318071488197448,8.331561482330725,7.304296805734836,8.15265983183642,7.48372773602954,8.027005937156808,7.531235676532029,7.950019599314912,8.021990647890906,8.103685551949658,8.212059223168449,8.222740226831576,8.412904095981778,8.147617446522753,7.908859042235974,8.736157950145403,7.919039758169752,8.495699107939583,6.114325484216155,7.25790454319091,8.486318459273207,6.804114160985483,7.865382574470182,7.177997381866589,7.131676547631658,7.345050840182,7.182561104264145,7.419031627096081,7.510200698640032,8.065047679556708,7.755974758621959,7.886850180570688,6.3427534,6.047034150749415,7.27976459691955
2023,14,2023_14_DET_CHI,CHI,14.0,DST,5.165127809350576,6.1563444,5.131056794239272,6.177255178218698,5.243851837239369,5.947278609059221,5.351933630316571,5.755319882316234,5.353356834163437,5.682198890595755,6.146221065745651,6.469175319258395,6.118478403511652,6.426116809011575,5.959223332078531,5.952077891609833,5.710952762993021,6.1435370823163815,5.456264103761641,5.4246191411438005,6.392221449386585,5.943531316272131,7.403357699612476,4.889312205467716,5.549199679512006,5.212499650226508,5.259871491102441,5.276333461116304,5.2573671608468535,5.315402973511128,5.318163621115596,6.196638224590835,5.700044887523949,6.1680860004945774,6.494832,5.980058786562965,5.33205180220831
2023,14,2023_14_DET_CHI,DET,4.0,DST,6.535517361401375,7.424721,6.361840507200502,7.568158495898114,6.132554419923162,6.907612635359176,6.185807332269853,6.465187550623054,6.23898489833303,6.53620705508581,6.963201126997596,7.15159474141893,7.049987769041461,7.180781695969763,7.179137646032465,7.272979593502482,7.033831814690592,6.996890695678203,6.9300260224325925,7.058441106580993,6.935326220170931,7.223836960101175,6.800458435710143,6.808514346840309,6.9342457382127245,6.5921941977356555,6.648871034069935,6.657079815685627,6.085095175566503,6.166146806271558,6.287888315123374,6.813874097839502,6.4790851023286,7.104088980643775,6.4183364,6.21144333019184,6.598163832940203
2023,14,2023_14_GB_NYG,GB,4.0,DST,10.426902178583845,9.091791,10.544916611469628,10.426901738477609,10.64365339109607,10.491297379901082,10.315890657599423,10.290194965543208,10.212371483177533,9.963032578690036,9.766032098758249,9.485304591568733,8.95049858267202,9.01376439810262,10.17522333465878,10.199884030538229,10.877296679445202,9.296200366432494,10.43959751978985,10.67439434359502,9.530257324947163,8.89791236582615,10.048079559623336,9.310617349853208,8.565519497582825,10.335505291404557,10.244108404225267,10.575549338850804,10.204040059840509,9.980957743192581,9.808277580242292,9.28235540176585,9.32484869730081,8.949410734982017,9.536241,9.588738030620458,10.0339843844066
2023,14,2023_14_GB_NYG,NYG,8.0,DST,5.6593851786624505,6.5550385,4.59759052131361,2.688271769883249,4.598417057727247,3.094599356865146,5.0361922866898015,3.8675810062382663,5.124476631588065,4.390545022159776,5.213806864534599,5.257239269836903,5.174209772884428,5.418718367780524,5.501675340547524,5.323563479707817,5.502810248542251,5.303001542191459,5.500428196164383,4.934012564212032,5.18082681631402,4.888808201763982,0.7419010002553739,3.953011826284351,4.710340879114848,5.7588534025360145,5.858321626409579,5.7777874937511875,4.863756214292518,5.11237067023745,5.268366905420141,5.724288125454057,5.571530387640265,5.393537486319178,5.060372,5.2157363899559765,5.370561326935495
2023,14,2023_14_HOU_NYJ,HOU,5.0,DST,9.890632075915663,9.15352,11.084792430912154,10.64854835288116,10.82610754222878,10.491693670316089,9.935186401061292,9.879207408709808,9.818384195599418,9.581202559637555,8.808338470847294,8.635182907254421,9.509080370970604,9.330422077278673,9.1797615458453,9.196753507861624,9.033904526214908,8.488731773053734,8.471997643145947,9.166313573009276,9.189356114123049,9.4994396054882,9.75983831541141,8.485658939843429,8.362767379426105,9.725779514985822,9.560926954055983,10.041334447567039,10.50942023103225,9.936646380485072,9.749655549732967,9.378921001853001,9.579570034086446,9.302402252369724,10.1199,9.573331115327257,9.281794716922303
2023,14,2023_14_HOU_NYJ,NYJ,11.0,DST,7.7575695079556946,7.6737475,7.513447926512441,6.503534987624357,7.65049713809057,6.908512711454406,7.770588586670929,7.192457176813298,7.737115073587985,7.096540845897487,7.750467584762438,7.527238064177153,7.318325959289802,6.999335895425118,7.0130704932481205,6.858927677888111,7.501792894619951,6.942778340437688,7.122681382544348,7.399385090088994,7.926344503897856,7.449917965821237,4.101436227495496,7.278410474731277,6.670447067506391,7.742159292505905,7.726749077056115,7.889283440514675,7.800428072596643,7.8222252366366725,7.710956279497313,7.356983448433669,7.336594997013702,7.501901597070169,8.149884,8.490780798168139,7.648162290545549
2023,14,2023_14_IND_CIN,CIN,11.0,DST,6.539162325922316,7.3509436,6.682604447686602,8.022680235492839,6.577032870714351,7.520520803637139,6.522503379738755,6.771072220230868,6.54197017363287,6.641378015089916,7.235333530763249,7.23492575077767,7.392079267249505,7.269976119078056,6.999296858065738,7.159344849052373,6.92468559342021,7.582664498498969,7.0581978739570586,7.313983430726431,6.095359093993826,6.417083748218616,8.34765314097734,6.823350784183177,7.333658952560671,6.59540419458143,6.651646063240545,6.659158996433412,6.547808797630447,6.479851507132714,6.502108697108103,7.298466765838803,7.497693583819652,7.401362271796299,6.3615456,6.19959035793449,6.425027074186844
2023,14,2023_14_IND_CIN,IND,7.0,DST,5.886795257614855,6.082567,5.6221312335123805,5.47301826456049,5.801290773400219,5.804595920713743,6.248192934515597,6.44116911582576,6.325334076431536,6.704751051527252,6.2001788605452965,6.251403407524259,6.2537366105755074,6.414360187591936,6.252808434883894,6.5222841537616505,6.514327942089619,7.385160975665941,6.345820499591287,6.893738494224132,6.518722064182111,6.726800661863072,5.501734891277708,6.275556261828449,6.351964176921943,5.981009516331938,6.075223775049022,5.999434473089651,5.658219929072197,6.210650530129692,6.368434336298633,6.4929404610313535,7.019638741985284,6.301621953358028,7.0372453,8.13549202996168,6.576667622542592
2023,14,2023_14_JAX_CLE,CLE,12.0,DST,7.443746580951137,8.351905,7.882537328102185,7.080664951034765,7.930382882495421,7.827731463776094,7.584023173959265,8.071194031782102,7.462754657947853,7.582626655017999,6.803838197047437,7.164712560099365,6.915847215957724,6.983518236669961,7.144626453038187,7.354537722021447,6.57901280518759,7.365669068003053,7.238456291443322,7.627410264084182,7.2421478143563585,8.386282285075975,7.678725310137417,6.26544966288499,6.562359665178394,7.505756773009357,7.567766965067577,7.576953868471676,7.425419299475401,7.459267939996461,7.266034253970786,7.3883483201337805,7.147149724572891,7.043964168790033,8.032148,7.467940288340659,7.641881878413193
2023,14,2023_14_JAX_CLE,JAX,6.0,DST,6.944061539527261,7.2949247,6.734046671194511,7.582614601513064,6.747124624370295,7.533705284468861,6.724391096334851,7.166984695283919,6.743961475899178,7.094619544851069,7.659223207601667,7.666793384680805,7.313006563272616,7.343800346612888,7.463242366629009,7.398185386598491,7.227991832256348,7.443876732573519,8.128881205642038,7.646189331882775,7.673882777873457,7.752207053060776,9.294443053584022,7.978737855148441,7.306450647406794,6.945000328688898,6.945939117850536,7.069533345704587,6.7658353325259055,6.878426793570779,6.910124333305469,7.495275290726215,7.526826964842359,7.429512126040624,7.9081616,8.407762896743261,6.809076047618057
2023,14,2023_14_LA_BAL,BAL,7.0,DST,8.029586872388599,8.74489,6.849942421899183,6.806595351940384,7.123635884922665,6.999058559922535,7.637908540915832,7.437203943363274,7.682167479863086,7.650483160088008,8.357735529253885,8.009532248180495,8.154472737993569,8.247429076461863,7.59585145758342,7.55760519399467,7.838675095349932,7.32235816265334,7.941353268412751,7.960016186321248,7.295083918286037,6.856868733122296,7.902521505102504,8.397447173045595,7.92369136695125,8.019474690503765,8.009362508618931,8.164259941207204,7.039450390810364,7.417360845129374,7.517217819700235,7.402500837899638,7.007757584337205,8.063804203853927,7.469117,7.386397612023442,7.414916009282081
2023,14,2023_14_LA_BAL,LA,2.0,DST,5.191992386114911,5.573949,6.013791685070116,7.744997094289151,5.807576301605375,6.888309261187062,5.557473197133813,6.094685865888382,5.544317873841678,5.92848199804971,5.363367232983316,5.35914747488152,5.502519316175761,5.381570468237634,5.251373796800721,5.217345516644006,5.540566476934837,5.5119164886721554,5.254716930216215,5.822847682420223,5.2718988285881085,5.793187771283963,8.84441829852138,5.374524118475589,5.134122010991132,5.248323067902173,5.304653749689434,5.301582485050395,6.167758429449151,5.591053628001008,5.516567722839144,5.577380884572331,5.319404763461806,5.578812754239382,5.4581723,5.4276421662855245,5.290484727009061
2023,14,2023_14_MIN_LV,LV,12.0,DST,5.254642553615841,6.746563,3.2478909291931486,2.8879060684824944,3.535656939117867,3.406979067887349,4.663981489696944,4.848290269815875,4.873496943775114,5.498867694237103,6.461997780571031,6.592150068328764,6.441090453790245,6.324449827195068,6.539753102294874,6.48594334346481,6.01365505458381,6.535820499478813,5.843784333218494,6.554458866530178,5.748413395275067,5.637318291654716,5.501004378030576,5.739228008616359,6.944278267906258,5.3091826219944345,5.363722690373029,5.371471022743167,3.87471113203444,4.840314690766951,5.181551616753786,6.119053738967466,5.9286625016414165,6.426511372230528,5.597057,5.250616363573428,5.2962189745245425
2023,14,2023_14_MIN_LV,MIN,20.0,DST,7.688979352489974,8.014939,9.334697832474143,10.234931600962646,9.042319663088485,9.47339798629988,8.349919283631074,8.549252066890517,8.217652599379848,8.083425634306158,7.766831366293799,7.515121892959709,7.597498679019779,7.723529155846819,7.890373862288187,7.873235628928829,8.008031694176468,7.885406477915388,8.41093274701484,8.488917644952156,8.348775995720327,8.419013409509388,8.679430263935995,8.221636925998006,7.540712231940478,7.511502213724283,7.334025074958592,7.8195638547168365,8.731792835545619,8.183063541001273,7.987898631986888,7.976752342343401,7.831607999246486,7.871108528966567,8.171452,8.433910317353465,7.464973572556484
2023,14,2023_14_NE_PIT,NE,5.0,DST,7.193136450200286,7.6616983,8.567974628044846,7.949073525117493,8.19878654057822,7.773313581587054,7.445381037995455,7.259178193146514,7.364773424795568,6.9944297026110505,6.8297603844136905,6.378638108739426,6.947235349274955,6.774125908101477,7.239059828157148,7.147231324626677,7.432241398444025,6.551752796705233,6.993808422372641,6.692774327417849,7.366594920560917,6.63729384831598,7.290957204514624,5.902661378813517,6.033120844284278,7.209956230033083,7.226776009865881,7.331076773271942,8.687486979380944,7.752938077512539,7.580958868324755,7.060739221640546,6.985430351451845,7.2161745587849,7.208643,7.823955454891954,7.150764871067277
2023,14,2023_14_NE_PIT,PIT,4.0,DST,10.42797402171161,10.198451,10.90538992098688,12.490234062397846,10.762563455710122,11.555053903156434,10.209140561103045,10.334064244135003,10.103474514212534,9.837490185411331,9.98660442524278,9.43179490532146,10.233828030834871,10.196365911582804,12.219528042116682,11.7009297901904,11.006542343077667,10.8365518202232,10.196309871670334,10.225946234915252,8.030930443603792,8.109791089673363,9.370722999346246,8.234317021846035,8.531446002796114,10.35689044511184,10.285806868512074,10.587296264768593,10.641493552570854,10.117000681236112,9.938671699293193,11.28026086621837,10.01206259578531,10.120222603177183,9.338854,8.496835175682955,9.70207852633131
2023,14,2023_14_PHI_DAL,DAL,11.0,DST,6.276067449642403,6.3499823,5.176390395198621,6.04663098917475,5.598523124296277,5.983319974251527,6.125363810453038,6.151533265064717,6.1754323580254775,6.35321252708665,5.927599372085309,6.157792022919453,5.926302538762168,6.368870833245827,6.583442723101803,6.86708231234169,6.145643372254444,7.378353537459982,6.033054948363155,6.719664554355486,6.171922215343359,7.376205309552742,7.494109683950068,5.977235979435942,6.0294237857201605,6.2668550887843875,6.257642727926372,6.386239017171061,5.4762116637388045,6.027030140598978,6.120597014593842,6.407057566539339,6.4413890584800635,6.128112050435729,6.2986255,6.330236997530017,5.986701198841077
2023,14,2023_14_PHI_DAL,PHI,4.0,DST,4.4253682919341975,4.8702097,5.108769797073272,6.376327409669791,5.176644739402313,5.58660670328673,4.599782700790453,4.482015016494083,4.482261694601609,4.078192312785433,4.444963714607275,4.353294181004388,4.403717019260241,4.452501779580941,3.6797834055671945,3.519488720021926,3.353542695588422,3.5511484515754383,4.2011446715104,3.5288133529742303,3.888509663657048,4.21133656042919,3.953447902609036,4.110479679787503,4.549911007319413,4.418300619195583,4.411232946456969,4.528114113888821,5.080568428517946,4.3641150976070575,4.114811311155498,3.809643302421574,4.282924180345212,4.348651858002416,4.32067,3.5829756579687015,4.037242083981403
2023,14,2023_14_SEA_SF,SEA,6.0,DST,3.5914570560215053,3.7252896,3.784764654433691,4.435913395583226,3.8680764971888943,4.633151738534665,3.950623732685685,4.466248798640532,3.9396672864511366,4.284693535055324,3.8465163242896714,3.8788748528632855,4.11013319407862,3.910244897352164,4.499078774491707,4.559311084279512,4.350867179329912,4.766626596141903,4.962529148455435,4.895456750841358,4.603930162498237,5.035140434912406,3.50917863582273,4.4578625362685385,4.083294756405328,3.737755029811899,3.8840530036022924,3.693208543788751,4.079882892562294,4.012350950469683,3.9692546778186735,4.428812635042316,3.885592654601799,3.8046343030911216,4.7320247,4.583940561451798,4.059612615067065
2023,14,2023_14_SEA_SF,SF,9.0,DST,9.302633880651486,9.855776,8.329284431930528,8.494910977264968,8.496871712897422,8.48448367383028,8.759894418995442,8.655449148103706,8.771489527321362,8.642556814286953,9.068394882626553,8.689555296713376,8.859415380080572,8.970826276125193,8.998569142911537,8.892272969387559,9.257344286317856,8.837076826613298,8.646377012439613,8.783389009011017,8.687197949874706,8.356690581402306,9.850722428292602,8.9569568806967,8.800102585779094,9.254505959787805,9.206378038924123,9.445898519452102,8.166830166814322,8.545240175700059,8.584834262392604,8.548018496651144,8.371266670484951,9.00170849083417,9.689961,8.25329018666897,8.64217602489309
2023,14,2023_14_TB_ATL,ATL,0.0,DST,7.0780789403902125,7.5502906,7.5646235781784,7.038543212573086,7.659382906701883,7.18149991972574,7.538287621083112,7.218159816739607,7.500721322105454,7.138329668964661,7.929064320522912,7.644949003347405,7.901623489095321,7.690772934229353,7.382923014891954,7.424811257758579,7.595480280128972,6.821125420839138,7.917064749395839,6.966875282731641,7.86405258008469,7.033521233784824,5.737700712336646,8.088641322712814,7.151595046119181,7.0628367365274904,7.047594532664768,7.203627034050433,7.409017658553486,7.475501864786128,7.423908002592432,7.301760812997964,7.177448881615249,7.573614267478161,7.543498,7.409916974527121,6.984595635131758
2023,14,2023_14_TB_ATL,TB,7.0,DST,6.716228522286821,6.9161024,7.452283062936047,7.323028142189799,7.24332531575533,7.045139271386806,6.769239955963197,6.820784385281478,6.72547524493078,6.765282027670168,6.992194955559471,7.267962111669298,7.0828609495549415,6.982386095449268,7.476035595716926,7.203430129076725,7.21701424423996,7.290881825754885,7.396119412510513,6.957672907423291,6.695707297654201,6.748557125191304,7.690294533621659,7.316594606023717,7.155677854910346,6.7124061524073095,6.708583782527798,6.837413917113266,7.571860514274508,6.797959103943607,6.710147122345315,7.306692964497082,7.0815172182046675,7.112787496359574,7.168707,6.995241457033609,6.510366400896298
2023,14,2023_14_TEN_MIA,MIA,12.0,DST,9.76846161081074,9.6763,9.918817318885717,9.51922329999987,9.764689540504628,9.885684838142408,9.568325771924364,9.986320419517396,9.531873914325152,9.785227259039898,8.924329870620651,9.029262210259066,8.87339516743463,8.967750713618772,8.651904787805185,8.761398902326219,8.678965528492842,8.538047309891443,9.052436363597792,8.36416533697754,9.004109246854123,8.867629602083458,10.199831423973656,8.948566690438776,8.811793406375378,9.761551263421604,9.754640916032466,9.91174143940238,9.901590684413723,9.957163951224162,9.883186286630307,8.657629385725564,9.048785058043922,8.94423152223717,9.832652,8.994228054321013,10.103447480361444
2023,14,2023_14_TEN_MIA,TEN,9.0,DST,3.486927001279935,3.7572103,4.432281401278388,4.179720604103428,4.275914352101838,4.108915456678693,4.345693609954079,4.145124353825402,4.3517592958926965,4.125455857542441,4.167739117498454,4.010897914380405,4.212518250623123,4.037564977978625,4.315205211943585,4.175163197661026,4.510447943795595,3.927432015972231,4.930024024984556,3.783099113396779,4.053751948060398,4.321075868947813,1.7775842470061898,3.898384318469122,4.468046807346171,3.5250272843494863,3.563127567419038,3.588585631548274,4.182859721713738,4.271871241094765,4.296875016127966,4.80100371855133,5.033364970220153,4.034188383527308,4.5666094,4.770808141129041,4.261462356505084
2023,15,2023_15_ATL_CAR,ATL,7.0,DST,8.739089289388064,9.269154,8.591559276444006,9.038012656788922,8.632762394041539,8.698141087578795,8.59785982012071,8.367276319687214,8.569729883832998,8.252331123933866,8.020911872367146,7.723992607394863,8.963470411896877,8.951447332072735,8.907968506315449,8.5694793970379,8.54816670306563,7.728664409314399,8.700544667482482,8.509962840664087,7.550690644489814,7.526053229181548,7.76494060878665,7.37978725021449,7.395635337139287,8.773984771349557,8.808880253311052,8.888351692746788,8.509051928800623,8.539785782652483,8.492185530284601,8.204020031308637,8.25573309424343,8.431657219967132,8.597254,8.179809336999488,8.375550142651512
2023,15,2023_15_ATL_CAR,CAR,8.0,DST,7.382503694864644,8.000777,8.412352986854449,8.324134130719836,7.992681311734491,8.221884632256408,7.106348118514608,7.530237021155191,6.990374528834868,7.083009256336598,7.19152320361747,7.107776204388529,7.152773405310227,6.932200137981677,6.572329126481422,6.619872109918459,6.380074228722884,7.135024511316589,6.897667470842083,6.955007238137441,7.076437032996245,6.644804326084289,9.29961251142613,6.497653095795002,7.1399790631470506,7.413262548359161,7.444021401853679,7.520100780514839,8.209948092573379,7.293334884524155,7.057798009842047,6.487540959914864,6.850640137287424,7.054064083476599,7.1320014,6.619374486339382,7.276951065448969
2023,15,2023_15_BAL_JAX,BAL,9.0,DST,7.5672752341415235,7.9312263,7.685766888810687,7.694412889343023,7.927114469668457,8.059723519638348,7.9239771555193474,8.164620813177423,7.887715091440117,7.972233433737097,7.643172311011132,8.13125510076088,7.766548319013093,8.164700679883202,7.776895340037163,7.783665839651967,7.561640133093028,7.70652914055862,7.608154319847818,8.193805395872618,6.804954282693083,7.8262837348227325,6.972027758378979,7.465687722979613,7.27581698214084,7.542285392097487,7.517295550053449,7.6934833130147195,7.537071346709377,7.652878442736091,7.589934312798219,8.401100122661585,8.036167392956926,7.92576668947432,8.39918,7.335120835397544,7.561015108759148
2023,15,2023_15_BAL_JAX,JAX,5.0,DST,5.751561361825841,6.2400575,6.9461447842239625,8.008930019598235,6.755051263902249,7.553407380981405,6.289460169435385,6.703610344294862,6.212331523219289,6.283305072667713,6.611433260457832,6.5021173909611365,6.379113175876222,6.479226761331066,6.114275145726795,6.243775277028301,6.217618396757781,6.292062890576561,6.199373759162719,6.889550879448354,5.8141972466222445,7.304908060372526,9.00229009867682,6.110944515008483,5.4451953111399165,5.793072802071157,5.834584242316472,5.864411036168116,7.258804796263711,6.515318127191324,6.286084605948946,6.532858762473027,6.390929018620844,6.365182999091554,6.477013,6.99071830758538,6.283892546966944
2023,15,2023_15_CHI_CLE,CHI,17.0,DST,7.005589032866453,7.1154494,7.8679555734638225,8.41836352195389,7.868951458910541,8.503683561765236,7.492875817755679,8.0456020699998,7.440227196583775,7.754343448070224,7.41666730429032,7.633029432193716,7.312057043606737,7.201489250415542,7.769535335997718,7.353892338717996,7.364780304192448,7.412922872091276,7.76052808659805,6.581023686204481,9.125126490628316,8.277002046498692,9.874578168018235,7.759784968382528,7.313202397594482,6.934051033660028,6.862513034453603,7.129920815868252,7.917870306396657,7.750269435596328,7.629456031610643,7.882760572870345,7.98885036885035,7.358943256202743,8.308725,9.222486060899028,7.284136611327883
2023,15,2023_15_CHI_CLE,CLE,13.0,DST,7.666673346378835,8.383826,6.8955461169901655,7.467887231194906,7.005824870207683,7.651441921171937,7.308642800235242,7.784302192361381,7.33787412121569,7.680262696768583,7.5935638903650196,7.495239454858092,7.561132023262652,7.6530180186934995,7.800750760479604,7.783781305109622,7.058619343776106,7.881708663652861,7.504760325303249,8.235552664103212,8.110376890035088,8.346979692778573,7.18326607366404,6.988974846146239,7.797221235345822,7.7255179542023065,7.784362562025777,7.801206274268748,6.805460821964542,7.209764548621299,7.2762512143065665,7.410806782708503,7.283962191777384,7.592570193547313,7.7627215,7.608094393598113,7.678337053844205
2023,15,2023_15_DAL_BUF,BUF,9.0,DST,5.747468569452455,6.4755516,5.752592849037291,6.814533450603987,5.886757928744201,6.788367450079241,5.726285268714806,6.4173810879114885,5.686521322454634,6.115764996053327,5.967022569650555,6.327880514217413,6.053757803915851,6.216922251270276,5.338938940814084,5.703408555881667,5.227761715770387,5.800624811609061,5.390937769456752,5.356596239597554,5.8044864554322135,6.0088057508234645,7.134539321270421,6.122114783587423,5.859863330216025,5.7530661262389335,5.758663683025412,5.857170053907961,5.837216542213923,5.657824560816538,5.567284782562318,5.63813156481697,5.832263319089668,6.088148969443524,5.8092613,5.753973096307652,5.504728251088837
2023,15,2023_15_DAL_BUF,DAL,0.0,DST,5.072433668059037,5.6299677,5.5880630012691865,7.623797030659297,5.566616180340847,6.990234933136831,5.627870294824439,6.211198852426319,5.659274521057792,6.183953712148598,6.253016205194292,6.340163635322794,5.936816073175906,6.141303697493896,5.470524606638863,5.822519542353356,5.6979942397897325,5.876742629984817,5.787810806390533,5.666223411433911,6.280778409122691,6.05969884790213,7.385092778146278,5.310364549065329,5.758855699906518,5.10346763852221,5.134501608985384,5.179318744906889,5.995033408490455,5.9565307750307666,5.983057176364023,5.376231190270539,5.457969945670289,6.255883029537293,6.12677,6.154797811327194,5.774410439990801
2023,15,2023_15_DEN_DET,DEN,-2.0,DST,4.439871500717799,4.9638586,4.493212417329425,4.216300463877907,4.611467553033512,4.252565187687502,5.180945120791415,4.820144896846247,5.285150586222564,5.208597770977738,4.682303387118522,4.637461098618354,4.864574090704738,4.887069296527115,4.993127825015113,5.031804075468395,5.472548812798241,4.5976704435071385,5.135630900490336,4.734743320739572,4.608471887167458,4.268013421280193,5.362677583004819,5.639613531217083,5.236766947252643,4.473589995821785,4.50730849092577,4.544491050188541,4.2032586993671055,4.896317826107683,5.126617078420026,4.9866853914623235,5.340309459432291,4.831975348271191,4.9257765,4.891971454060778,4.717487688620651
2023,15,2023_15_DEN_DET,DET,5.0,DST,6.886375070719956,7.2892156,7.48573562545167,6.738844908231701,7.339802496571267,7.052755393357254,7.115108185684575,7.316765606900205,7.093311273767453,7.214634534012069,7.63965722403103,7.756946100229948,7.693505967840013,7.5807641483302435,7.5359086062631055,7.860671009920777,7.546431359479275,7.786515891227291,7.620353711131466,7.474022667025573,7.19932749940315,7.504857692114657,8.277091027239669,7.9644485594948,7.64418785254592,6.83736634147897,6.788357612237984,7.004637021336425,7.210516703244028,7.16976879587297,7.126754987285951,7.309755587695832,7.379998418042282,7.573407176181111,6.8315334,6.636537959739238,6.915102241384506
2023,15,2023_15_HOU_TEN,HOU,13.0,DST,7.507009740290838,7.1154494,8.85002481564373,8.449779041291348,8.527383260592794,8.342656662929425,7.627587671038841,7.523681311660826,7.503186180956376,7.148005416866701,7.691464570555755,7.4664941714121715,7.492835042991105,7.311950308095312,7.724066335382167,7.351950364442121,7.615531625293597,7.376878271155934,7.570725331300689,7.122484721684141,8.96876287380387,8.836081891244424,8.616453504526165,7.936838868699377,7.227792170957421,7.465324041776269,7.423638343261701,7.632424268441546,8.607055547037497,7.8566862259580414,7.624389196562441,7.692616526844896,8.165251896285598,7.774471197783519,8.62853,8.725707934103458,7.346835194809501
2023,15,2023_15_HOU_TEN,TEN,13.0,DST,8.518492000662633,8.383826,7.696619539265444,7.160656098959293,8.067097566002385,7.475720006547652,8.466039922847576,8.152844512927574,8.46184096828248,8.094314147424058,8.110581062775575,8.160737456536825,8.294122638989252,8.074891698899446,8.044963593421727,7.830233368205663,7.755068635126869,7.472051094536404,8.370303555464801,7.4830221160555475,7.507372962090986,7.37950255542842,5.785538802800772,7.6320253931831745,7.464468574369381,8.461197880723796,8.40390376078496,8.654561042845685,7.963189060446137,8.215690218145435,8.186721730200063,7.772256474443139,7.9905499724651525,7.999694025067976,8.109856,8.05868462274818,7.866339326922363
2023,15,2023_15_KC_NE,KC,7.0,DST,9.755465665648831,9.642267,10.755771497881751,10.249461675991531,10.571817359177734,10.089031562919768,9.937765188031008,9.966954759429166,9.826802935987102,9.629287611609634,9.089282267934458,8.889350216204372,9.046006316774898,9.17337799983794,8.909251055619292,8.89871920781656,9.159745088119577,8.273949436665806,8.868718994973563,9.142676353018286,9.465116995941514,9.398297347147484,8.069222101573374,8.100311686703899,8.385859264207642,9.683983554787797,9.612501443926764,9.905800500578156,10.571374932613214,9.967851457617776,9.7620992198299,8.904512436778141,8.440218821130715,8.953394738792412,9.324617,8.368979658936508,9.736311135139104
2023,15,2023_15_KC_NE,NE,7.0,DST,4.438972668391846,5.4143453,4.789714638918859,5.660844622680909,4.698093373031958,4.964060403486707,4.778084181865919,4.610850374099332,4.848889956994989,4.756902782257418,4.98692241766475,4.959416450434918,4.846657138588034,4.783732079953848,4.352715087508518,4.730454145324448,4.426440385134993,4.307123258531687,4.39380724885182,4.912698430224881,3.87520295877934,4.47533004443046,4.701431709071372,4.493545827110276,4.913463344077571,4.567171096637529,4.695369524883213,4.5491285480636545,4.934347809018021,4.977249429220202,5.104445484179515,4.6115081757525616,4.759775165214431,4.879661052029983,4.672153,4.8217903664286945,5.05606399739634
2023,15,2023_15_LAC_LV,LAC,-3.0,DST,7.503565881997751,7.4105587,9.202623738976609,9.945800750952683,8.939785945844894,9.425715422999074,8.303380947090089,8.535337682684979,8.220143459625183,8.13083234166163,7.988928432300089,7.679629683627465,7.967642737651449,7.660833435162487,8.065186463449729,8.049969741856657,7.646785055169428,7.923305580048077,7.740386017746651,8.041650667825921,7.261176262387485,8.339985527861089,8.085478843154615,7.630023609356934,7.432141514932606,7.361754407798897,7.219942933600043,7.6332620516298295,8.628419917294313,8.282875247589503,8.189313132446117,8.198518852985664,7.956512727655532,7.614720628793551,8.475187,7.567815714926141,7.526799043851634
2023,15,2023_15_LAC_LV,LV,19.0,DST,7.51346704107455,8.678935,6.7636535967284885,5.958629970686751,6.890427333870616,6.529995621615945,7.022020629327484,6.910179763481086,7.055684703210196,6.891354728886497,7.627963102923318,7.423845776532984,8.072325548213158,8.36170437158885,7.533119054584696,7.191622448447241,7.635059774969194,7.101037521977437,7.645605070594424,7.051419334173663,6.483666216348771,6.476365570680217,7.633865380738719,7.5268759346687135,7.365327702902714,7.560599555531057,7.607732069987562,7.65347898144279,6.904180936942276,7.11430606355821,7.143219795658837,7.210113921274634,7.515894257952516,7.735760084308134,6.8974276,6.812056617575024,7.173059801788844
2023,15,2023_15_MIN_CIN,CIN,7.0,DST,7.191707546763094,7.867385,5.917682849361813,7.154717509151205,6.187422457778553,6.797232474797512,6.9908439785989005,7.148424100164129,7.11613706098783,7.420550786455479,7.9600971007203345,8.11175448377651,8.327918370596723,8.438294972754186,7.981224278486568,8.193085621977389,7.796547853383492,7.691126840997571,8.189689218634216,7.864553733036385,7.146134642408855,7.791626418327252,8.185470155660635,7.69490152529332,7.998448781285919,7.187759281378174,7.183811015993253,7.3185583980230655,6.579358079755885,7.110932348552802,7.294074419467134,7.342123805969199,7.4360749288296395,8.04012068754752,7.206792,7.0200434390784165,7.008421422040781
2023,15,2023_15_MIN_CIN,MIN,7.0,DST,6.025063668497976,6.5990086,6.929699408716807,7.509513139557024,7.005675626493212,7.283163696203065,6.973247219866533,7.154896328240564,6.928765563097165,6.995555846966611,6.769394845512806,6.750355497820506,7.226843385907787,7.128982404051008,7.574424375439648,7.360310026688826,7.72935190003384,6.874760551474257,7.684918532468012,6.639913957234529,7.400381061096409,6.874296967116218,7.49478574796573,7.117094394725285,6.580394906586434,6.06606403535485,6.107064402211723,6.14284502050962,7.313874994357096,6.937213768761186,6.834786987987145,7.961902340890807,8.004227434889488,7.074548802820062,7.4428225,8.17913926045015,6.820877459065832
2023,15,2023_15_NYG_NO,NO,14.0,DST,8.721815861139968,8.796682,7.744281565948006,7.352823880414492,8.037542137468684,7.67561997255272,8.101585380710237,8.117102487564853,8.0966491831321,8.193601687783005,8.6452010355597,8.956046040576386,8.51113740070248,8.776925891142811,8.355372499539474,8.39902971154702,8.179385695146586,8.795887218990963,8.234209381125154,9.19189708286083,8.76452594188704,9.37672848558906,7.428524834981163,7.293858680622865,8.029473047304402,8.732560656505884,8.7433054518718,8.864652540905242,7.7499673519552,7.905229574733879,7.918381614647473,7.965931216794455,8.503731718369938,8.548518084820294,7.8911386,8.95547462006522,7.862583715845618
2023,15,2023_15_NYG_NO,NYG,1.0,DST,5.340703241353465,6.259929,4.959106623328002,2.611957926420093,5.087629522331564,3.1765080197737423,5.409601465635934,4.098364241896759,5.481827447526856,4.691996236542503,5.490603756171413,5.782060181979624,5.616798689007226,5.5219457846717255,5.856084148929948,5.669351226363311,5.637474492277742,5.358525062802414,5.53346052331985,5.481937889600527,5.770564425216003,5.54911188008616,1.813003959530672,5.031157277558525,5.368745694802128,5.408945438908257,5.47718763646305,5.456482664427181,5.046975873538324,5.349737518717703,5.483318784338182,5.874282490242055,5.653996229560073,5.543722318436702,5.451965,5.67039420853821,5.234679301255598
2023,15,2023_15_NYJ_MIA,MIA,24.0,DST,9.853188825531202,9.630218,9.365675129032107,9.241054191139868,9.27983422280479,9.562512826719772,9.269286313651252,9.678256213774588,9.27644891135461,9.568408827804392,8.187911935659182,8.244580296671565,8.907533725763924,8.761716134840182,8.257044941394529,8.65710662661435,8.385265906864074,8.565096490614065,8.244836539739337,8.509778512401134,9.027691998176536,9.98351520126636,7.559064341487531,9.018013638639127,8.439109739600378,9.789629190518097,9.726069555504992,10.006270255692515,9.400183836704604,9.51057671930696,9.500777659896938,8.346203265718604,8.55362725715976,8.597047690420213,9.867329,9.958326260061678,9.615172705453887
2023,15,2023_15_NYJ_MIA,NYJ,2.0,DST,5.917056154311795,6.459276,6.592040305289837,5.640287872847586,6.599295104691565,6.15514921828726,6.5954151482586125,6.498511374424672,6.567876264797256,6.346350974443284,6.574092836358926,6.230470043266283,6.257999588013553,5.879165624928387,6.317909781959726,6.120564034185036,6.076167648840318,5.970629269048072,6.401667958900518,6.20049635720794,6.099349253770855,5.826980360930038,3.965044602581092,5.932347516771963,5.965795616990985,5.977677826625631,6.038299498939468,6.034235268762946,6.863485462591582,6.838965096909835,6.746410971844087,6.859175511515959,6.633597117438647,6.511560227687823,6.851818,6.741521190863588,6.75757440186277
2023,15,2023_15_PHI_SEA,PHI,3.0,DST,7.455665756130158,7.626181,8.923910661240594,10.007189212792657,8.522581752814064,9.365626116521025,7.756840505636439,8.048038936856523,7.645104199009874,7.528111908661076,7.94858893202096,7.993285479526654,7.803657258788109,7.958111666813474,7.756453183090208,7.813478212436066,7.991965279028698,7.849853548610966,7.738005959587878,7.985667546719887,8.25259725924349,9.072111730568531,8.27791181781205,7.696877808078501,7.682656074243261,7.404802307716459,7.353938859302759,7.577961506634784,8.680252454032003,7.77367497848538,7.519302114623424,7.756847632102678,7.496261702976826,7.792746398846457,8.543701,8.628138614417818,7.37012542140898
2023,15,2023_15_PHI_SEA,SEA,5.0,DST,5.255942245590309,5.5122204,2.6250078287104093,3.712281151478628,2.9654143760613088,3.793199023802023,4.104250543238718,4.274479724879432,4.290556303310469,4.774810452045818,4.632163206394124,5.252454978739307,4.986425637722024,5.3559290808588855,5.225534561845078,5.096630547143636,5.119497169371111,5.1788318058813445,4.738174212221457,4.902820165314233,5.535028391650216,5.608825121277987,4.626262162048285,4.8983990967873465,5.56194543265777,5.332658099317803,5.409373953045297,5.364432404197478,2.9212867124180013,3.898401038980896,4.268461856675858,4.958773711844133,4.942957131951102,4.904335329390023,4.8440504,5.194843248101827,4.389296243993334
2023,15,2023_15_PIT_IND,IND,14.0,DST,6.962376155691305,7.5502906,7.905080042711909,6.253359107627169,7.794286555403154,6.612025890989412,7.45603862380576,6.964415811925012,7.4118295184614045,7.02132128469178,8.290477964025033,8.22427879092234,8.234638542039516,7.878675078387618,7.720837343420715,7.524553313427285,7.416993504432552,7.234037146459752,7.630902857470287,7.832607293299245,7.304208446094304,7.482264432341767,6.041870373680441,7.464843203229613,7.624537474567875,6.988753700372637,7.0151312450539685,7.089696631277361,7.867270933654857,7.7073059162440405,7.605728176637201,7.67096455018973,7.807206498451576,8.256771512656945,7.1801505,7.946764838986689,7.424568807126145
2023,15,2023_15_PIT_IND,PIT,4.0,DST,6.481255910478,6.9161024,8.246473794770585,9.64712093166975,7.9026368592733345,8.55366441969519,7.036978410309527,7.397084182859697,6.938267271587828,7.066623309418817,6.942005211713149,7.127946311841494,6.880283979768663,6.999744788535369,7.00219563317628,7.280051800598003,7.080356982556221,7.559531859637762,6.790628299550396,7.440384949727519,6.700896430809497,6.659215497616256,8.00518273066902,6.624312140919066,7.253675906595502,6.477787375237203,6.474318839996407,6.600371231999029,7.856492243577117,7.11527467285247,6.94307574972026,7.28426175996463,7.555490096965736,7.000861678244866,6.9106693,7.030188422287004,6.603418957019851
2023,15,2023_15_SF_ARI,ARI,-4.0,DST,3.3380353163514216,3.6316407,3.2066929811115283,2.96007774967306,3.132899042371665,3.0676693556773533,3.6041320324800736,3.6230024894587145,3.669515154958984,3.750117157567496,3.354428528779217,3.800035115376096,3.649350253835204,3.6895228194119136,4.119117565335035,4.253213308900337,4.18485106049997,4.31229320782099,3.669991930114575,5.039620479427766,4.917595359337036,4.653380622450379,3.5358529605679605,3.673048105374958,3.722672688700369,3.475911543974598,3.613787771597774,3.4381899052966856,3.5234451161331584,3.8238847115619747,3.908950074268368,4.022235082185988,4.381111584957903,3.5323194591883036,4.223588,3.9946095820768757,4.049548791651592
2023,15,2023_15_SF_ARI,SF,12.0,DST,8.941354453671218,8.916542,9.118662103844551,8.385571617768644,9.068793535358775,8.487571018422857,9.234282224510242,8.702522816348127,9.233837246677618,8.779663806438233,8.949482850817665,8.758059474404327,9.12652792522099,9.031780419808424,9.099913974661913,8.562372881235481,9.56203221124454,8.681970696130687,9.3566583244695,8.224739184082233,9.020862225692696,8.353301972980384,9.171932298432887,8.814752483530953,8.534624662729339,8.866122302584344,8.790890151497472,9.074919229252728,9.087287100160731,9.071357507333207,9.075083099772494,8.734062001643215,8.330737128225074,9.35406066785658,8.876229,8.571173945824972,8.55635280420702
2023,15,2023_15_TB_GB,GB,6.0,DST,7.882761931397852,8.078781,9.323918897394886,9.42813009383032,9.318609696945872,9.29714752177154,8.453497950634642,8.509513873425416,8.27882265172984,7.896438808597081,7.764048881722365,7.686337140756282,7.857561705210238,7.910810163574981,7.553644989575065,7.474167176263674,7.473683117117732,7.631830966662189,7.6617499522624035,7.180127462867223,7.353481608217717,7.122339484133136,9.955301107221963,8.320382948198208,7.476369780737327,7.79885745882449,7.71495298625113,8.013823480037942,9.173990485855521,8.498849534673703,8.168993677365123,7.650185099961891,7.574246738572531,7.695620613185401,7.669675,7.173391877068519,7.93307432463982
2023,15,2023_15_TB_GB,TB,5.0,DST,5.464052923303671,6.3876123,5.446590796196304,5.182769193871758,5.494589390123071,5.120268739113284,5.526034746715626,5.433098878167032,5.532407318807474,5.602001648672847,6.357451381282546,5.916488001856278,6.2699992374516285,6.255991317431572,6.0217253838034726,6.3430904323384825,6.045609569144636,6.261577361241584,6.009014601356558,6.538385700264565,6.706938789692568,6.864145715491878,4.5014613383476005,5.185130341178665,5.810455811127568,5.5508272694418626,5.637601615580054,5.578770497563934,5.933920741897108,5.608641757304492,5.594750540363877,6.666330748916985,6.322355386358723,6.2300123584213205,6.3284154,7.180377685757565,5.657844339435836
2023,15,2023_15_WAS_LA,LA,6.0,DST,7.148419836137551,7.5743885,7.074929676577956,8.25417475374868,7.177644940580861,7.762170754839357,7.398962688325471,7.631191053860281,7.407680025749904,7.558656007060715,7.853543778485906,7.938045731623362,8.019839666759323,7.787758874789462,7.815469119450688,7.848201845877469,7.621931642452006,8.225889933403126,7.765026383427541,7.871979556223846,7.564902673196685,7.194694177917229,8.338398453827217,8.146206906614818,7.769891170295856,7.034693532713487,6.920967229289423,7.267895339798704,7.793960822005117,7.545664691662823,7.479688067099513,7.640857175767726,7.351990806078954,7.788884509878162,6.8406277,6.961910039052651,6.849468460684946
2023,15,2023_15_WAS_LA,WAS,6.0,DST,4.213228382283974,4.8262396,5.018361728723567,6.131003654611172,4.809240545714623,5.290909375867128,4.4100879568615765,4.406060587265754,4.3587716205322,4.3010606402435965,3.5177834393530807,3.846292058441028,3.7192646282478927,4.153132506050313,3.875602390516705,4.105537748320389,3.7665431811473833,4.387676872139064,4.865463850744854,4.087126951952987,3.220643932671836,4.007266940957399,6.653219992997601,4.33637028362136,4.435401387629856,4.279677309961567,4.34612623763916,4.3187656165500865,5.109818303519061,4.416574860721099,4.306604692451703,4.3064513419326715,3.8729773097520273,3.6644109215793925,3.6242368,3.7679370967510417,4.325917938286743
2023,16,2023_16_ARI_CHI,ARI,3.0,DST,5.667701821822832,6.208137,5.914845498626828,6.382459627362566,5.619599548037581,5.950400259250898,5.616353717205303,5.830193816243784,5.657126303616968,5.883111171058502,5.761254506902612,5.707875913883109,5.882729480239472,5.932259020027395,5.784546869191583,5.799733033569164,5.753746390862841,6.323646609934553,5.801269684261603,6.376939188443612,5.234435468265801,6.078353810162252,6.192836936282096,6.1051130302032295,6.03390720220352,5.714987865971375,5.762273910119919,5.783234220330052,5.676551685221551,5.557025337210049,5.627681512778207,5.758696980428956,5.3487186036749685,5.8656839540436705,5.0060444,4.958829602649951,5.7098188016869384
2023,16,2023_16_ARI_CHI,CHI,3.0,DST,7.633202592749719,8.110702,8.008821715162474,8.125547978531275,7.931838437895278,8.077365492957366,8.145045839746027,8.202214593570389,8.141856102181421,8.207283449693286,8.456245277412098,7.801298922533902,8.130576738271929,8.337492443530516,8.161129602704632,8.112444728130896,8.466336934199253,8.416425131292488,8.919532172446852,7.931772314430181,8.33137688523365,8.138992380337587,9.46759301354962,8.60171991800201,8.123605789218153,7.625969568366843,7.618736543983966,7.762481147469821,8.180989158771503,8.223126941273916,8.188250008510119,8.139836867083888,8.085756001197291,8.498684728561598,8.690523,8.94464928842439,7.791321294621692
2023,16,2023_16_BAL_SF,BAL,15.0,DST,4.727823875028761,4.9737945,5.01015413836867,5.379448274172805,5.140867458480948,5.455482518299098,5.441924448319879,5.552474840345224,5.436618036970327,5.4823975922141885,4.7701785908778565,4.470459297625416,4.774198993092464,4.686654094308747,4.46358238656067,4.365382497796808,4.749100897036342,4.332310923660333,5.489551372298378,4.57989457138188,5.146864148539044,4.5039453702347725,5.819351269983145,7.331373259924044,5.092876110021674,4.77596281280059,4.824101750572419,4.8324341337405725,5.444976218614417,5.469108951898722,5.423634618756266,3.9607965433380863,4.627707820141356,4.375006083008487,4.0830083,4.494302673891687,5.137542841012134
2023,16,2023_16_BAL_SF,SF,3.0,DST,7.536541005902563,7.7219434,8.194327770439955,7.77772920944187,8.013594981289407,7.337830938117419,7.881050098807708,7.3588364465727,7.867539777233884,7.444776587821596,7.441134403751892,7.057043869838277,7.529910294458518,7.277743312666367,7.746527866560605,7.857656796402927,8.005473797892279,7.615715955846263,7.568449576080939,7.608029149840404,8.857663010711002,8.251687343366726,7.880159810772786,8.22543011222493,6.910802719692836,7.497903139782665,7.459265273662768,7.655247815065273,8.290498112722112,7.908662814611764,7.8316672029210395,7.9729159134403975,8.285870010586597,7.631581193509044,8.585664,9.206749180307416,7.7627461193302265
2023,16,2023_16_BUF_LAC,BUF,5.0,DST,8.933741195286926,9.538681,9.452152418375276,9.139438553262282,9.7730428244526,9.829556808613658,9.214550599324,9.61341814402035,9.088848958623773,9.084860500937362,8.299259556878464,8.37171804573158,8.87578424357935,8.93905651347814,8.361686732122752,8.56549853862545,8.440217627279559,8.5444599738566,8.361453033476554,8.752632186640135,8.461003670206978,8.448224857346638,9.600948839581855,9.225980038406233,8.836588497129632,8.819959545639232,8.706177895991537,9.075722859863925,9.969232307645871,9.45084048150978,9.168682239270511,8.16976721368944,8.26071243232231,8.66022675206503,9.280446,8.853836099518672,8.910441481486048
2023,16,2023_16_BUF_LAC,LAC,7.0,DST,3.442631314263633,4.0423837,3.701082682302441,5.156020477079748,3.681924928688807,4.744377273502463,3.678729146223908,4.098612305992628,3.692810025341247,3.88653699913732,4.012324453158002,4.121465679495818,4.0421829387769606,4.084920689385288,4.3344981788612165,4.249428714889838,4.5503880124577325,4.702587096308257,4.866062811222886,4.555170925250894,5.576118831884229,4.435169247994947,5.871349176113817,3.876646814269435,4.233669211302676,3.5784183025467886,3.714205290829944,3.5451536049109778,4.381524259941493,3.9413451711828773,3.907920854041462,4.855147892235593,4.7078702697412576,4.212195807135611,4.9190345,5.071033543893216,4.093140875594299
2023,16,2023_16_CIN_PIT,CIN,0.0,DST,7.821582424092351,8.162494,8.242462874752464,8.231330857822742,8.035881007927165,8.00630245041025,7.88357636900222,7.939589936004355,7.892853263325831,7.926541006472757,7.8394312885225474,7.682697194522251,8.155385417515545,7.9933321553235555,7.606330110776795,7.517168793254006,7.800698706947933,7.48346574707591,8.336444177741813,7.73129156437448,7.213620993199215,7.562624597812114,7.222806921970045,7.5223759944533235,7.628760443143389,7.7437115423150304,7.665840660537711,7.956000872159756,8.153092865470203,8.052380221427313,8.051108744835114,7.725641229306284,8.217295152633113,8.380142307157277,7.6572127,7.67620738815812,7.703791057615728
2023,16,2023_16_CIN_PIT,PIT,13.0,DST,6.496631795755297,6.894118,8.518057539849456,9.709437357787866,8.413790719062863,8.847613419415016,7.655579619320322,7.760474187315144,7.477810886450259,7.075504413640115,7.060704389510274,7.1329221818650375,7.023431170852834,6.929955102095533,7.048900182359103,7.13674450770398,7.405692510936372,7.628732495359866,7.451469526987154,7.98328262713061,7.745527716216851,7.84333138517696,9.258337970796491,6.83662502662528,6.693555200391157,6.520768366459063,6.54490493716283,6.617621890556183,8.666749253837779,7.761957598354945,7.397267816982534,7.077432299118557,7.434986132983527,6.951865239615152,7.6008673,8.230821592177419,7.395008857938992
2023,16,2023_16_CLE_HOU,CLE,7.0,DST,8.29931217087988,8.0887165,8.328017109520005,8.80046478994852,8.648746661539557,9.348413964074698,8.735926373565395,9.40232454860255,8.666201183719709,8.863087414374665,8.741683451815653,8.677712205834766,8.584914680738025,8.450530181907949,8.000652003852222,8.235854619351915,8.212459781335589,8.400164997209533,8.04054533864905,8.354865575944121,8.11301247705149,9.365240036530132,8.117300810243508,8.398754898603787,8.461030565013292,8.179710961183762,8.060109751487643,8.431438196477197,8.585790504547461,8.707746107779487,8.551083373256114,8.132505867407165,8.086618995610058,8.601455635951277,8.372803,9.372423428630949,7.881453118419058
2023,16,2023_16_CLE_HOU,HOU,7.0,DST,7.279955093494854,6.82034,9.107580097730612,8.65007995513583,9.041391285164632,8.81303157626783,8.378351251642933,8.215712438636768,8.287061807911499,7.850950418516076,6.99369202497697,7.30256970067552,7.286372625826443,7.000850201561987,8.405530939296808,7.858600911755821,8.367155650784763,7.686930027085182,7.954685178512188,7.495398473263185,8.141811152032167,7.816474658564558,10.60361353657172,8.295285074482509,7.444063358546382,7.128257296302998,6.976559499111142,7.401268197252601,8.680075185967903,8.34855254804588,8.186939010881321,8.236779728543448,8.43693020147101,7.179999759087333,8.032447,8.467659315534583,7.5532888047799975
2023,16,2023_16_DAL_MIA,DAL,1.0,DST,5.412261530746357,5.88322,7.323941837360437,9.103484695496492,6.905313342529773,7.982066077718423,6.290543461166087,6.892833711940329,6.2122904661428295,6.507924373437707,6.361359378248928,6.5770320845292085,6.344918586719641,6.322900766523492,5.992857466354383,5.97851275065347,6.2425276970664765,6.063197204870371,5.92152760836929,5.708091186170984,6.754403089720149,6.635081466267973,5.756698948339417,5.586774613814283,5.619467258270601,5.43868308573484,5.465104640723323,5.520951399312261,6.677016706945766,6.3602841409591715,6.258534313749092,6.151370400881404,6.31564751448861,6.506596829184237,6.4178877,7.294449411781515,6.406400444677689
2023,16,2023_16_DAL_MIA,MIA,7.0,DST,5.95041718817115,6.5174084,4.959476642507048,5.400226640952031,5.381987036923327,5.854723167615494,6.285215174685782,6.58443774133645,6.42075274819462,6.850666689311948,7.337744796039756,6.650916517780085,7.32312971512645,7.06214317498198,7.8392479634253265,7.596223478613647,7.132123963856,7.392048372279845,7.537717970128785,6.9232123453631935,7.143873296582323,7.132033481025848,5.451094928167711,6.610884249114588,6.557532215753748,5.980366664042451,6.010316139913752,6.061279210741917,5.183428134228597,6.195747972576709,6.452194110085865,7.264737618958383,7.334264069705075,7.040527379931879,6.9556155,7.208039516680894,6.225781900204041
2023,16,2023_16_DET_MIN,DET,12.0,DST,6.335244095405901,6.876359,6.079654197852888,5.255864681017022,6.206421998691755,5.683137623699531,6.382150677834274,6.096094408189678,6.402312816839187,6.259379197913894,6.531975041024825,7.067710940690055,7.166778312078895,7.204650413113594,7.199764918298151,7.226429054091262,6.905297255094984,7.1083726750531895,6.701916819951856,6.92882495453953,6.426267887470547,6.423161506772405,6.699941480506249,7.042873425763561,6.841894103704897,6.283612135265455,6.231980175125008,6.45065947179065,6.795772580402278,6.732239476321247,6.716955610761771,7.540840763569033,7.082210024116593,7.0297499747932735,6.95686,6.276608667607632,6.3869767956244115
2023,16,2023_16_DET_MIN,MIN,4.0,DST,5.0818433832763175,5.819379,4.92139496945749,4.654384219740894,5.08801119494653,4.741453555753022,5.401245317136425,5.202429416427247,5.424686836910754,5.38300436310465,5.559699086474196,5.688137071681393,5.693727900975414,5.57591551925887,5.593181994239401,5.469955138177493,5.693437506941527,5.197229174432902,5.974419495781258,4.9712835373407245,5.713098603831256,5.62725644968595,4.804373478956643,5.798319304155188,5.858210385950442,5.163540307513707,5.245237231751098,5.1903244705423335,5.078324971464305,5.208070412017103,5.253225668973616,5.65679018031839,5.699470909302098,5.266636633150412,5.4912024,5.340615878896862,5.0455855664800175
2023,16,2023_16_GB_CAR,CAR,0.0,DST,5.308462176598749,6.7884197,4.94137894959621,4.233192972313502,4.903241573354362,4.544103870895833,5.113213620587958,5.095544206961897,5.15400177751778,5.299574109743281,5.667084506250347,5.592547154237924,6.181381335168931,6.2491912800417175,5.472593140266579,5.9986155167139374,5.606122825805268,5.526136571529269,4.852235430370783,5.794842778939311,5.774843587417707,6.364575803200893,4.376324565266259,5.139886622702806,5.641961276686975,5.420915812436199,5.533369448273648,5.426510469012408,5.1002535091868655,5.331026827740507,5.40431666489199,6.133249892668628,5.697303462720649,5.981674954166694,6.0675387,6.223689003832226,5.620380416453539
2023,16,2023_16_GB_CAR,GB,1.0,DST,8.383535347762425,8.268192,8.925830743833949,8.91954762619381,8.85870096966052,8.64949043002689,8.715285382670592,8.387869429389575,8.662006368407749,8.283063387060391,9.202100248997665,8.756562893364562,9.784395869360576,9.60005855947658,9.4199383499558,9.359711825622616,9.06002993122845,8.217832166905936,9.34007045061598,9.120120315592317,7.671537148621494,8.084366377767646,8.770736423174684,8.836949045281184,7.8355385060948,8.372697537959285,8.361859728156144,8.517812881081573,8.663597906975008,8.60389421840687,8.515953280501519,8.856949646688054,8.903136523042134,9.034084937583808,7.795988,7.955239607340342,8.41378304030543
2023,16,2023_16_IND_ATL,ATL,12.0,DST,6.28012218810595,7.4984984,6.48026423714022,6.402135525411124,6.40848799321528,6.140575138753092,6.28353026232731,6.043126090421706,6.287739167826916,6.139902894603569,7.1492141170534085,6.99152286727689,6.927606126975652,7.047968374547142,7.182685817394343,7.090986020156378,7.020919332229695,6.954596411569889,6.756933811653102,7.013561309458392,7.282149752543503,6.833272586296565,5.075425640988853,6.530564948314171,7.076830284214722,6.362329305683445,6.444536423260939,6.4010693306654565,6.312956740362128,6.159405355099426,6.185808460347378,7.055870966084234,6.908414124375183,6.837195918752039,7.007973,6.590115378202075,6.210150381865864
2023,16,2023_16_IND_ATL,IND,0.0,DST,6.479150924315039,6.2301216,7.898909802744922,6.913745589925358,7.588607963893859,7.027812110260436,7.446591802128836,7.490292102268381,7.449397334478148,7.61181705545453,6.240764186882792,6.406775697790531,6.650345687723601,6.514461153620607,7.321309365861318,7.20093542071112,7.249725072902642,6.933297355627689,7.098038445488809,7.275554104371068,7.163451909418625,7.03781396425936,8.895190581402884,7.315259610152829,6.885989158837309,6.424728287766316,6.370305651217591,6.595019051424674,7.049352059216512,7.2980683908125314,7.357944244978475,7.072246538611316,6.907453934434375,6.462662380947433,6.703405,7.024376984468862,7.034078541439946
2023,16,2023_16_JAX_TB,JAX,1.0,DST,7.3914429932957715,7.434657,9.015387295465418,9.62378875377383,8.952117770276049,9.323137295934004,8.057226916650151,8.129169974100627,7.872009012300626,7.433764099812269,7.319697175527932,7.684328560123899,7.366256425025463,7.477209032553942,7.573459263622148,7.828367898052893,7.873729760890736,8.366483953375282,7.935654772970226,8.330851729633638,7.577149629981082,9.174825469540147,8.485010626225664,8.309293346171646,6.478299216390281,7.375534818029394,7.359626642763016,7.515308055106173,8.92740424979662,8.164485528664613,7.803040700980246,7.8204826210868275,7.978228597777508,7.388289798018183,8.185912,8.133243039289562,7.66149408087719
2023,16,2023_16_JAX_TB,TB,16.0,DST,5.759867118048514,6.5890727,4.656552244822192,4.998464037226328,5.041105049015035,5.419770396393563,5.782409873031929,6.008562687357784,5.893654582795576,6.298674250561602,6.635719920120016,7.020143027536529,6.989422334672608,6.742388297001372,7.003497612719254,6.840803278543637,6.79035020686377,6.465146111227078,6.558883449264276,6.8333183264895005,6.941749845075926,6.195242305146688,5.172534318872334,5.682286531873596,6.5113505176992055,5.8595207046399,5.959174291231286,5.8750112651779585,5.142737758828094,5.756016336807072,5.938777801493648,7.265298307736558,6.8707008270866705,6.9613766806466595,6.688803,7.789169261037755,5.867707756625589
2023,16,2023_16_LV_KC,KC,3.0,DST,9.554077073667582,9.706108,12.294898680131311,12.919766503961036,11.631685932106096,12.175719800148226,10.138828990944662,10.90022879598193,9.877435685620512,9.900214365733977,8.344001629046485,8.687833624797829,8.59666472117945,8.534428052228272,8.689846025302959,8.652357118088458,8.637874171491466,8.657798013052656,8.940499791691682,8.719657958383657,8.97717990824918,10.137326254209848,11.286864056218636,8.88557672103385,8.710568645322722,9.433349559868681,9.312622046069782,9.702219351920155,11.54067343920936,10.30143920043204,9.80867320088711,8.678494818321994,8.931203813944203,8.397864011632002,10.01205,9.295564217043164,9.687678525366785
2023,16,2023_16_LV_KC,LV,15.0,DST,4.265509183175531,5.055394,2.9748634989875464,2.2217354731550127,3.114995046734548,2.5921829181808698,4.001874187513181,3.68236067230215,4.187460739068055,4.3851991156214565,4.925136622026551,4.864779618184187,4.905734363728972,4.906287862541899,4.353426979092628,4.589084779609838,4.088151678554535,4.192145781645007,4.473676065094045,4.735401294011568,4.171284244704779,5.085064535796709,1.698132629346648,5.048657288593356,5.210327022382317,4.422070276391224,4.578631369606917,4.3741078058059335,2.960467077051151,4.101923446265352,4.472990894260165,4.682875653564167,4.421532450472341,4.9678305482494265,4.640585,4.024182867756922,4.853779905544461
2023,16,2023_16_NE_DEN,DEN,4.0,DST,9.372330972394204,9.303187,8.705005106562005,8.596358420503142,8.837312424827845,8.779097619626409,8.891898361369488,8.805912420475131,8.874554486907089,8.68053065105391,9.0188467752829,8.926785247928514,8.829845738858966,8.763355786741966,8.535589939876456,8.139574923619866,8.488726711601421,8.003007569783,8.199678772516735,8.709771533417358,8.578488461510192,8.387384421167562,7.144328185129438,8.07391736632352,8.222985289151131,9.314894134655033,9.257457296915863,9.52177530200843,8.254992825933167,8.621200734939366,8.636954752837175,7.902800439498285,7.56239348795755,8.648019848912766,8.120412,7.325303276240162,8.680261984147258
2023,16,2023_16_NE_DEN,NE,9.0,DST,6.273650897756593,6.3436427,7.307333878682951,8.533395596342313,7.222298959845759,7.940301477967007,7.171623694079131,7.536595456980807,7.180951955443288,7.310284205813265,5.9978653636356425,5.973068457022539,6.107699019355454,5.7764020210303295,6.516104276771982,6.488480296342621,6.519085071410945,6.740953343058172,6.662157194016938,6.433711274692148,6.289806936252937,5.785974365150736,8.139859072358979,6.624549388127694,5.947406736260567,6.266857797618626,6.260064697480659,6.39254127583762,7.425965495939886,7.241138041889527,7.2450782187435685,6.574924061049271,6.460210555057546,5.909605647195542,6.261922,6.590579334970017,6.870630133521017
2023,16,2023_16_NO_LA,LA,4.0,DST,6.534491197754859,7.4885626,7.468961679452029,7.979522362423473,7.461934229102318,7.618936884064573,6.992045828799492,7.190872589833834,6.885912776716801,6.811132194711044,7.0523037187450015,7.007759891434176,7.103178350321411,7.06955255796209,6.925204120512799,6.951488209930212,6.674491472810681,7.044690596672779,6.658338734700639,7.048823970173498,6.894889895406509,7.21481618260004,8.923940650077142,6.533380440990962,6.85308916396651,6.500080981232498,6.465670764710136,6.655974091270763,7.662716625060854,6.95725136770015,6.736898813684795,6.9894678705260915,6.874409462491029,6.940515624277374,7.1515446,7.442791104064707,6.233342891162311
2023,16,2023_16_NO_LA,NO,0.0,DST,5.068943200051663,5.797394,4.955832399365837,4.180602655682328,5.143407352945653,4.722405312473674,5.4451991581869885,5.2379805330212434,5.503125284158667,5.552934849335802,5.797184386316299,6.058340989978947,6.037704945839947,6.1440275739698045,5.571543750388489,6.037069338239718,5.79971990666532,6.2522853490521015,5.824010598762649,6.153746197268251,6.4914911029927485,6.733287098092502,5.839604234585863,5.524247925941134,5.853741768013316,5.134595846824615,5.200248493597566,5.1789040928618215,5.108424225903067,5.403986820209753,5.523905365041261,6.2248580427004665,6.6351200351688595,5.999840269281599,6.3303404,6.558339442458358,5.246448194025218
2023,16,2023_16_NYG_PHI,NYG,10.0,DST,3.979912066306455,4.347429,2.224358487284105,2.3365440540581464,2.421900408396686,2.5046257935969107,3.3710711440660632,2.9925439130033005,3.571456601299249,3.6841161541198497,3.718685178039575,4.244874744994633,3.871028376827231,4.061268529263644,4.2811879231219,4.104792094234757,3.6935799489047016,3.922944130005941,3.4974050283696063,4.078685061521378,3.883653170264336,4.246407377443109,2.083123312914415,3.754257519434787,4.155569151966335,4.0760026877044835,4.172093309102511,4.085452760406212,2.145697442453452,3.236350288464825,3.6444866462996703,4.057307954545845,3.9082202968006516,3.841241162104432,3.7838838,3.6474424943507957,3.837930407622241
2023,16,2023_16_NYG_PHI,PHI,4.0,DST,10.424287056358638,10.266519,11.051419182593158,12.458681236560276,11.141655674381422,12.233434884720111,10.393462630766528,10.868895791855907,10.220348693078613,10.079438746008076,9.245971204921288,9.058977469677687,9.157017540466889,9.102676615110877,8.941643814615116,8.574083208600959,9.22102422133079,8.68536126067593,9.639829529135186,8.936112228685657,11.253746446334643,10.357465658962791,11.279247975064596,8.50657313347599,8.836751358525659,10.41095559623024,10.39762413610184,10.579016087235205,11.179066912742996,10.109827929721334,9.757430053428756,8.537641830402405,8.715674318232407,9.176754366894075,10.2665615,10.053700106729393,9.95546545073556
2023,16,2023_16_SEA_TEN,SEA,7.0,DST,8.366326480798103,7.7936077,8.937245170199235,8.786523294995302,8.716997107976002,8.860475862653898,8.27643614745231,8.57858290443654,8.192420049523898,8.216602524363347,8.39988083227641,8.165726186155272,8.175781089656107,7.898936014437293,7.778969391280025,7.400318903351251,7.916522817004474,7.510164936339653,7.938493359651634,7.5688890778186435,7.580110611229857,8.321327502624799,7.239398920313516,7.131926111354076,7.459011927116991,8.300860241279205,8.235394001760309,8.495675271880616,9.019898044484083,8.668113709110349,8.482665312332443,7.914335381024103,7.816796421517393,8.338143134251933,7.810704,7.740139468902154,8.285650577466283
2023,16,2023_16_SEA_TEN,TEN,4.0,DST,6.298475518670263,6.525231,5.146558980528804,3.8657044018613633,5.334565807547971,4.106861631917635,6.128746981774469,5.191907471537553,6.261769817385008,5.891549293090523,6.139785658771595,6.230366672811626,6.81092744507329,6.418738298769662,7.133545942277547,7.0356515268300335,7.131362571673801,6.749565000273922,7.070914803350444,6.115980688703503,6.278859476034049,6.324745042495005,3.289888265203614,6.32034928578052,6.242758586370063,6.337300974313083,6.376126429955901,6.414796279288814,5.0743020636482505,6.005766160155357,6.282862302810336,7.180908222954401,7.393836058566358,6.589837875733018,6.7926435,6.4504386227535795,6.246167451689107
2023,16,2023_16_WAS_NYJ,NYJ,8.0,DST,8.382484722779125,8.605158,8.283130761537327,7.190948067737687,8.563996060987638,7.665760514257354,8.771244421608653,8.241436189850702,8.746211857361939,8.198884564611847,7.811517127527486,7.739591275542028,8.177595030478102,7.706662763161644,7.982737656903239,7.7761841992581555,7.934514464497916,7.451073160607036,7.381812217777433,7.141214468300185,8.258104061600145,7.864631272003709,8.048126864284347,7.757006200465042,7.543684497715015,8.327269570748228,8.272054418717332,8.520823469829091,9.23661983572424,9.100968741129432,8.948633391663813,7.836890459389811,7.77971907329974,7.692166306420202,7.9960337,8.34913483354791,8.716665506219265
2023,16,2023_16_WAS_NYJ,WAS,3.0,DST,7.603803823394771,7.3367815,8.177860325466952,8.77783108895573,7.810502031890097,7.989635427904036,7.428002349187309,7.475020585739508,7.417356101706392,7.462311127308782,8.254335143612527,7.90778171733484,8.641656288279089,8.066855066557956,8.064614553492929,7.724436066018165,7.734536679294255,7.863577595268195,8.148166795432227,8.881382627472023,8.334316893785145,8.250955622146922,6.657235354662364,8.04647942349408,7.536010850349127,7.555154490697063,7.5065051579993565,7.73431358710953,8.16745663454013,7.634909628521647,7.581441905191848,8.370494667062331,8.601466154331579,8.23557834749329,9.122031,8.845384131365696,7.386622668456987
2023,17,2023_17_ARI_PHI,ARI,2.0,DST,3.221995386988839,3.7373388,1.8882487876008165,2.02192135298787,2.160208872084305,2.470269792640308,2.844080219240983,2.99648211049124,2.984872134511488,3.454287841287403,4.046718932126595,4.3771879746014,3.9404138860651,4.155952060923051,3.7766084312064674,3.957408408923244,3.3179473444081813,4.023569023771088,3.290579911498286,4.025602743841482,3.4649021612645776,3.996731572750948,3.868956093012109,4.398966075042575,4.175222080839876,3.322940561651274,3.4238857363137094,3.322979027934404,1.8696611488779258,2.697842437318928,3.0071931195712036,3.418946871250965,3.2468399011406905,3.9674736425528376,3.1259031,3.29089855309213,3.4890311791689506
2023,17,2023_17_ARI_PHI,PHI,5.0,DST,8.27163232656596,8.810844,10.665826623541966,13.10476803613453,10.251600995562448,12.163198249898173,9.272736753566324,10.088561857638222,9.096559992094916,9.147071799242765,8.739629711739815,8.864761370357705,8.50511351399984,8.67672788092209,8.190816007795398,7.992296493349606,8.095811749427558,8.616707543160462,8.84523388914883,8.03747170816214,8.829725258087485,9.006847801834002,12.213043801080577,9.265110490708674,9.040350719502406,8.24992059933877,8.228208872111582,8.403320976452722,10.829106116306482,9.320897259344594,8.923391730309662,8.244422554906231,7.973903380996944,8.583744824931031,9.0264015,8.375271071676057,8.533128187421324
2023,17,2023_17_ATL_CHI,ATL,-1.0,DST,6.7885805698690005,6.967895,6.184176316880269,7.108473971482801,6.135610383642304,6.7328261213633445,6.544616359630116,6.831130833203701,6.644883878644629,7.019389975871447,6.987578197469635,7.3059452799402305,7.481585264772026,7.2863958821891535,7.80361196298538,7.758113872328663,7.38360071394685,7.585485423705355,7.453915409246262,6.818272231338579,6.331764629895514,7.100896638627585,5.269877975690765,6.616415220854264,7.011641465445954,6.795185899600055,6.801791229331109,6.910403792156787,5.9289931953376955,6.3243085468007445,6.543244822145251,7.368980555107326,7.08447095991477,7.184801076956154,6.4764423,5.852437028266259,6.3657088328082665
2023,17,2023_17_ATL_CHI,CHI,11.0,DST,7.726549056664191,8.236271,8.338119154148425,9.2967940978964,8.203603843412557,9.164147784554745,7.8617318489108925,8.44291977006874,7.7846166414169,7.9661120718483005,7.77372973433477,7.964178862605907,7.766702761430241,7.793294772810615,7.512329021984874,7.43341186990788,7.626833591971786,7.758514286155987,7.481345623366165,7.6668769301918,7.500627072704436,7.521524084210063,11.516202413834836,8.3043619763056,7.816375547726093,7.676235504449974,7.625921952235757,7.861113605603288,8.161512441131133,7.928919671659794,7.7674984518017745,7.08500358307899,7.342884730339627,7.416240634464597,7.456262,7.1376894174790095,7.544879806538232
2023,17,2023_17_CAR_JAX,CAR,3.0,DST,5.699417438414209,7.0097513,4.810091180971675,4.75316358541351,5.071873285628887,5.464103404204892,5.500116517031138,5.77218884914338,5.560782502415802,5.866491542346243,6.183342307996084,6.2519952289915,6.596857785122789,6.406371130052312,5.697903813452783,6.296717950703898,5.428647769396664,6.319356203024268,5.996631552928464,6.037161251410218,6.902962682299578,7.151641026680362,4.950931148305241,5.535718267563933,6.495440522802465,5.788404184867002,5.877390931319793,5.819544770246891,4.841971921239456,5.571563225594092,5.69698087473292,5.990724554364441,5.714420664831804,6.34187950529938,6.4479976,5.8419704515882085,5.852956388557376
2023,17,2023_17_CAR_JAX,JAX,18.0,DST,8.116655587403526,8.489524,7.449425076966721,7.547302591665035,7.617781326063469,7.392116537564099,7.8089394066961795,7.536699463688217,7.804827822712292,7.540907987106867,7.654503386180436,7.6184319576493875,7.872588480544295,7.7135592771656,8.078093482897668,7.778850567866652,8.11762697516074,8.21174328414736,8.880114286200364,7.85503382575116,7.86088437164384,7.885524899741309,8.110560148714047,7.954805964932364,7.602022239467713,8.1616760870021,8.206696586600673,8.253480672748923,7.6422721873995,7.775315331633919,7.740166643060402,7.366629186851552,7.191836389596559,8.066181478886998,7.2374086,7.891948353020329,7.738485058858798
2023,17,2023_17_CIN_KC,CIN,4.0,DST,4.169461823697604,4.9837303,4.068203271605373,4.371022166621776,4.193522096072053,4.238251267404959,4.677474283120473,4.637410527919551,4.787124753975033,4.978644843069393,4.421040443188061,4.475150166071157,4.549642149405536,4.520306035513601,4.421299263421962,4.195151560192846,3.9482104035649663,4.175262525137431,4.324177012857816,4.455548253542853,4.0405277144216125,4.435296461791738,5.553454407307619,4.8874829415683525,5.035282073743171,4.269044550564595,4.368627277431585,4.275886303612199,4.349237260514543,4.83178330036718,5.017527354357948,4.583577167450022,4.62277897519571,4.596712757685079,4.5941133,4.149215698090161,5.21741395570118
2023,17,2023_17_CIN_KC,KC,7.0,DST,7.523992318657083,8.154672,9.53496467798572,9.427900433668796,9.188255353842496,9.03731311818617,8.649921834790351,8.795967583464545,8.559767435951587,8.458395104170899,8.286924821861465,8.001998268073258,7.98420070692196,7.888290340757131,7.959456544107513,8.084049688449822,7.861223051711677,8.405304503081384,8.315096255894172,8.96445203751578,7.953323853324467,7.784675687169876,9.45979964276212,7.974918360287371,7.804355270407315,7.512646229727977,7.501300140798872,7.6502751544465815,9.227570891788552,8.696794336554103,8.526943002105874,8.111010413671393,8.354327330715748,7.878486828642371,9.482729,9.110555895440298,8.743937235419788
2023,17,2023_17_DET_DAL,DAL,6.0,DST,5.471806141319901,6.698997,6.198992194211757,7.54770186410345,6.180380524435789,7.170991614939232,5.757011127566069,6.0471074806475285,5.671441936953092,5.611782078397195,5.628659476827679,5.858239538878821,5.745525241797823,5.732300283175869,5.620848876806272,6.0049570346969166,6.041303354790307,6.026812319662614,5.3775857821433135,5.670222610560724,5.377714153569174,5.1566592051808815,6.3816233679077,4.857811267482184,4.904349433980158,5.537843666898356,5.603881192476812,5.582513017335413,5.951159681493656,5.6866256547772185,5.559026458747722,6.109821169955517,6.064707543166842,5.54412899963513,5.470915,5.7132972895805665,5.434220442171234
2023,17,2023_17_DET_DAL,DET,6.0,DST,4.110669829931033,4.37364,3.096094080501318,2.586482016386748,3.382327339247133,3.2584900206511933,4.333981838264221,4.295626663638105,4.462082535557312,4.747557859776004,3.860149288766225,4.204355468527257,4.246402049361897,4.316576369558115,4.530674950913571,4.821159612752867,4.819486822910728,4.624185272157705,4.496612954673983,4.801889697498783,4.491662352861535,4.153222004667989,3.532138614286762,4.445797516970681,5.125476828631681,4.139708872163381,4.168747914395729,4.211995694678207,3.5106189906360656,4.2772242729420675,4.5060418903865935,4.46822792703861,4.577291960112989,4.399715702204617,4.6041346,4.6125438645847785,4.097262846696713
2023,17,2023_17_GB_MIN,GB,12.0,DST,7.000705990346352,6.8742456,6.971619419158174,7.8203216603918095,6.991016012693587,7.58073592339893,6.850756390955034,7.044207488335789,6.802225921552651,6.800268534042802,6.711358556646418,7.167516358906255,6.846152276157973,6.988958095426744,7.659357884328273,7.932482091604372,8.12466580729242,8.199830220796935,7.595201913980622,8.304372034974818,6.992571506705282,7.007289090938004,7.9682720064859485,7.446442378424066,6.993355059730666,6.822064773779382,6.643423557212412,7.11810801058686,7.234037134828943,7.059293074403759,6.944628381191281,7.390642018453069,7.113497938741968,7.088669332980913,7.158568,6.98957835703377,6.445565080103719
2023,17,2023_17_GB_MIN,MIN,1.0,DST,6.06765982075367,7.297038,4.946669743468969,4.197773285059851,5.037812525856881,4.4719099115991,5.281693272153918,5.114976730837445,5.315695108780075,5.318034783672312,5.671811699946994,5.711597525361165,6.031687049084426,5.921158184984901,6.288731623851563,6.475350026690557,6.126924750396327,5.919165315494933,5.765168945840305,5.791002490445699,5.743307836239996,5.797096331796573,4.573651906731043,5.748952328291411,5.560196825903745,6.150334025066335,6.233008229378998,6.187636758123938,5.25276280874283,5.261742517288072,5.309999710231939,6.663025946330043,6.100239258265259,5.918078706812857,6.5966587,5.512334137619396,5.385220511287726
2023,17,2023_17_LAC_DEN,DEN,9.0,DST,7.884758603861893,8.268192,7.341090752459661,7.236290754359284,7.574197702583883,7.394889422674968,7.6247559596079855,7.351426727327638,7.594502088974829,7.172865381533531,7.950848954200821,7.7457252940354255,8.092955386440146,7.735180070342999,7.638484980650044,7.604598072067867,7.200728319112142,7.357455558362128,7.906135874887178,6.856431296701448,7.3179826565691215,7.239484432520654,8.629965150235238,7.296694476064959,7.470259780072524,7.879590481672476,7.87442235948306,8.018359120273015,7.612824023134257,7.653409995782817,7.559436488067011,7.776940906212027,7.617979036403877,7.890603927245497,8.036759,7.598056071561941,7.7195281796402675
2023,17,2023_17_LAC_DEN,LAC,3.0,DST,6.9127356831302,6.7884197,8.202241758186371,9.478518243545595,8.038753115617515,9.124086040200416,7.476054514010508,8.267038299747366,7.36963178152153,7.627870885103936,7.101101823651394,7.34279854179089,7.163905016663745,6.894472122010705,7.0360575302209005,6.789196720171647,6.863470649116974,6.765479371167839,6.944410878495648,6.9613321323113695,6.7400771069062255,6.561001642079669,8.745440114227442,6.808649441215086,6.984904823235481,6.92859210439485,6.9444485256595,7.034135596162613,7.951075089896953,7.588461742079338,7.414107826183497,6.741362535287442,7.074292992721928,7.017253772746726,6.3947043,6.355344719350218,7.261684058849102
2023,17,2023_17_LA_NYG,LA,8.0,DST,8.102599512965734,8.206464,7.945161297671135,10.01997530768191,8.265979043492697,9.698016204868855,8.290378533944287,9.152870431268784,8.248631089801268,8.892082517831183,8.52073012982044,8.332930345597067,8.392176502550418,8.313081909259004,7.988499788999189,8.097155769120327,8.258971358402562,8.27619253405204,8.34863414795047,8.403264317446279,9.092458228522888,8.270655341446497,11.299034338220368,8.450119647997447,8.765548606007366,8.064512759888345,8.026426006810956,8.234233515943842,8.322254874792367,8.17520592433798,8.08657557138178,7.440038765136154,7.664575399295772,8.204337853211657,7.5628276,8.177411846150836,7.711262554391153
2023,17,2023_17_LA_NYG,NYG,16.0,DST,4.651750366125264,5.669711,4.144105420414295,2.700103475905303,4.244368658629023,2.996845318601978,4.553570545411006,3.489926932744825,4.621070883641907,3.9343321689193447,4.524210130997509,4.587006395677174,4.773035371813646,4.819947185984761,4.35013887973313,4.327550117331182,3.9886350505093087,4.135034583929616,3.9499516398141794,4.104517059085623,4.6263169770236425,4.597420907019194,2.531207831756139,3.485335666009219,4.452760030511694,4.792661302967938,4.933572239810611,4.7620963545585875,4.142649269851047,4.477265022819692,4.619672742938969,4.491872541651267,4.5853908634069445,4.660539694597284,3.957141,4.4681702913584145,4.8569291074217755
2023,17,2023_17_LV_IND,IND,3.0,DST,7.618052473366214,7.825528,8.686433956666859,8.538359529115201,8.37984231639538,8.382335869947617,7.890381029170183,8.097375868928427,7.7883264707216,7.8182680492117616,9.052231978152957,9.205359671325054,8.638549876361061,8.680272486784656,8.167550213851237,8.046133787541105,8.2561899396789,8.31282315021188,8.675393756803597,8.675608895323501,8.387804734896244,9.286927303824896,6.735442142558509,8.297222077497224,8.2645438161571,7.54594490324809,7.473837333129965,7.745879862743843,8.156015544789252,7.879896116523957,7.7218494118250565,8.229267517325777,8.01808061872029,8.80396722839038,8.801925,8.942337791572747,7.471712137255253
2023,17,2023_17_LV_IND,LV,1.0,DST,5.769842157701514,6.3457556,4.798574450430288,2.6867977542526678,4.966727333674979,3.427225322748518,5.6259396909670105,4.852275092790649,5.77215962137033,5.64133545862142,6.381597793135562,6.113151411313455,6.699073002642922,6.3612576285600655,6.9283318947252575,6.698432256820279,6.54257519094181,5.902317512326487,6.642637425241937,5.76976429595271,6.457648299328379,5.7786468431790405,3.360266740829005,6.472656402643278,6.5832319735589495,5.876027715510902,5.98221327332029,5.884282632294549,4.762363233811729,5.558494958750265,5.835232973093458,7.09387437991633,7.100657833067281,6.487166528368113,6.496565,6.252490881669051,5.941185027739758
2023,17,2023_17_MIA_BAL,BAL,10.0,DST,6.301364364703305,7.0558343,5.571454094564055,7.16981530879937,5.934933370712445,6.9539959863623295,6.552887870444732,7.0156112417596255,6.621804330512948,6.998010273998058,6.728071377382003,6.421293558915835,7.217672217839924,7.042110430613938,7.238392208508954,6.69102633182822,7.4414223073475165,6.253345250037169,6.812170650523677,7.161239384918424,6.7245006824615405,6.695583989869061,6.217799347254498,6.977305736279555,6.372546878328381,6.32381180550396,6.346259246304615,6.4168294416929275,5.604708692595781,6.309834534420049,6.468536404470041,7.151964002339436,6.672696143077207,7.169603104662499,6.468736,7.418897878761511,6.522255948719549
2023,17,2023_17_MIA_BAL,MIA,-1.0,DST,5.489278447943742,5.787458,5.600429994953546,6.574069569352979,5.398252232681521,6.335559575099845,5.650012324514512,6.09273496901661,5.748567312999386,6.270117104943334,6.19286332046334,6.599865086613248,6.514916228304688,6.288376024166851,5.726429703222241,6.011684152304199,5.679097135046097,6.12245865977427,6.099177686994806,6.1552553179175735,6.591235626868955,6.760597777371139,6.788011243853691,6.99480176116205,6.665038696179912,5.56404025143672,5.638802054929696,5.597948998868594,5.9781543217217825,5.845101648595451,5.963361364221498,5.827201892420028,6.275592956989758,6.478497434801829,6.793779,7.084834010788658,6.07561271411059
2023,17,2023_17_NE_BUF,BUF,17.0,DST,10.767022072256928,10.625469,11.507389740882957,11.61190757819829,11.350300891488418,11.558590542938774,10.585692872772997,11.04265247531788,10.42157770675658,10.41332302224034,9.278256836396103,9.553940159883089,8.958330161761598,9.170438135488828,10.659528343273788,10.247561446377604,10.189336475492786,9.71948776443711,9.841572930907976,9.293678888727436,9.052272829829654,9.248725494408347,10.112164906330452,9.274309464170964,9.130520685760397,10.66366217999902,10.560302287741111,10.926394859670395,11.121793487219259,10.496257796865478,10.204462413440037,9.044206318596927,8.635358912567778,8.85146174502581,8.979275,8.76885745346381,10.26896836468138
2023,17,2023_17_NE_BUF,NE,9.0,DST,4.513475294021244,4.2835875,5.328855913048866,6.148591275521735,5.026349244158739,5.498640172428934,4.84230926283265,5.001275254149533,4.858125965683158,4.903227867557798,4.240830465840565,4.5431863780387305,4.262856489452939,4.445044396469418,4.740217474195459,4.648333270514987,5.075095245017796,4.9582249001792125,4.924650307863125,5.145615322784396,4.205397744638921,4.375334498327386,5.585445340063943,5.173568583292501,4.729964940942118,4.54902916652174,4.584583039022236,4.619090962780278,5.456176769248404,5.016566595525445,5.016720238222517,5.223684269909671,5.233364473137035,4.18766571473218,4.7384124,4.506973433289848,4.773719224793526
2023,17,2023_17_NO_TB,NO,14.0,DST,6.012784353260589,6.557152,7.226982871765061,6.863336043795874,7.262073717788005,6.830147394729768,6.808646394322827,6.468124665366123,6.713514569894204,6.273347719080576,6.86803141429457,6.595932299890806,6.897448224820672,6.912560546935783,6.731423988066925,6.971315056739354,6.7861196121519685,7.0041309592025245,6.503472479923528,6.695882439549719,6.184090168319694,6.644632482695097,6.916861563513935,6.719945120314234,6.127073556124067,6.063042405108968,6.113300456957347,6.130050833373484,7.011342208791812,6.724229845740217,6.546829106563117,7.076742426704107,6.754936849662505,6.803346278341759,6.3847246,5.909354042570299,6.362278542392681
2023,17,2023_17_NO_TB,TB,1.0,DST,6.652025656824807,7.614132,7.055607818043079,6.981908970598433,6.964178751940183,6.597598905404137,7.08252241904639,6.885897272080112,7.081798856257527,6.98405375582785,7.64924847594374,7.38020804098302,7.309924857465668,7.417711974961236,7.321904975249716,7.190331192181976,7.17960432347394,7.118349109783687,7.420873441210631,7.54376122306857,7.50382027581656,7.443013067276755,7.21037686601366,6.8301006835733,7.003332998566213,6.718165333942954,6.784305011061102,6.7760517976901244,7.154001377430554,7.005674886996971,6.983629537444374,6.978062825598944,6.712281228178244,7.4444783307208,7.244841,7.11145894594278,6.663612267199209
2023,17,2023_17_NYJ_CLE,CLE,15.0,DST,9.704198079676637,9.787708,8.558662277766869,8.45087623624471,8.86774902213145,9.179927612676536,9.148390881955969,9.724327442766375,9.150671535010202,9.567613071766234,8.680800240581831,9.197677396810612,8.943814822735042,8.842889009073986,8.460815594852606,8.81054945330209,8.702668812568545,8.95752301662456,8.13853421313206,9.481154818979563,8.099962961433887,9.15852364878707,9.449277183408498,9.022862721868378,8.518993335100356,9.605821889909526,9.507445700142414,9.859084443657872,9.47784564724897,9.568779404200956,9.47699852334252,8.239827133599482,8.134781667448179,8.87752477354403,8.910007,7.984879193735089,9.066961184475097
2023,17,2023_17_NYJ_CLE,NYJ,11.0,DST,7.066814378029139,7.039559,8.471782445770417,8.596946520417028,8.507085384380797,8.636663057275895,8.1203846562317,8.115069597438215,8.00341330358925,7.598323976096477,6.509985049382414,6.30742324877127,6.520517174956015,6.276104812426016,6.465053930456576,6.579136450949624,6.532461380235955,6.836520356505295,6.294263921526122,6.446055971929553,8.490382892394468,7.812077739036567,8.153237780630686,6.480876272728686,6.093957643862667,6.9924506003786036,6.9180868227280685,7.194202007715087,8.314466300213464,8.254805256313515,8.030021691325965,7.000878927095332,6.840798917812442,6.636773157384557,7.6255884,8.143436360148472,7.918873789230259
2023,17,2023_17_PIT_SEA,PIT,3.0,DST,6.397812818524956,6.429469,6.280905426289556,7.327957074751144,6.452277227124959,6.777448072907346,6.635999127853849,6.67949873941456,6.646484191651016,6.718006927067945,6.068798283891575,6.088099105216783,6.369101579047517,6.2442997365369255,6.695242117974559,6.967941151671852,6.913208480538759,7.084417534846762,6.1866958317677,7.4669523718030035,6.229299190591132,6.8976565622818615,7.081788695273392,6.573300661495558,6.275878604348988,6.409852151593769,6.4218914846625825,6.514530851268111,6.672445076884095,6.779720522885524,6.779268116645087,7.0534026219455885,7.022714026364143,6.337519417880402,6.873008,6.7192463820138295,6.5218091023015115
2023,17,2023_17_PIT_SEA,SEA,0.0,DST,8.043049804910941,8.332033,9.416519824288963,9.554881910300164,9.26009874689324,9.33290495382568,8.532148891367987,8.494053185445916,8.396059862129954,7.963725802300082,8.596964518806047,8.305698820400426,8.34573246149258,8.217984131267269,7.777531960909171,7.755040420138903,8.047186151639941,7.804326419876324,8.208224950344787,7.879864226127645,8.055706142762414,7.990911781267777,8.53301688811391,7.763197858743823,7.757470056853987,7.984526236067465,7.926002667223988,8.177567920858198,9.736808040103885,8.929816930777466,8.622649475246348,7.786959217950213,7.817495509745087,8.522065997546616,8.27685,8.643685464320917,8.370248867752075
2023,17,2023_17_SF_WAS,SF,9.0,DST,9.057042712239074,9.086082,10.072597504118926,9.624998543768466,10.134561959113052,9.695032098159356,9.797327092795692,9.702438159202009,9.692046400265257,9.389900003755812,8.566528750018005,8.301783147837082,8.737500152416704,8.791819901419524,8.941101106089143,8.503247206873969,9.160524392349425,8.371285984483771,8.481947828202903,8.033209245752012,9.120423935197785,8.487122257728482,9.90593624662245,8.869124576309122,8.193581974730144,8.867576789016105,8.678110865793137,9.190392301553743,9.956822608147881,9.691496797680474,9.478464605937608,8.693604420131757,8.700549546467608,8.812583945661919,8.78406,8.871983285795087,9.020319754246328
2023,17,2023_17_SF_WAS,WAS,0.0,DST,2.895593490645909,3.166992,4.159548295320795,5.5514078414105,4.018366443167249,4.85736206262504,3.809957455393353,4.020015844252576,3.818211805630759,3.925782686513404,3.465632455303145,4.217796860327114,3.577549836305693,3.68983191045139,4.319924792009938,4.383837971187617,4.215877158683492,4.384627580724759,3.936943163537593,4.626836773965604,4.068567790644901,3.3152038350343505,5.32578511344359,3.3527624105094205,3.717831610599284,2.993679017355842,3.091764544065774,2.9924370878254205,4.220378728156807,3.8924444130644384,3.8924061973517814,4.376809970370488,4.423078699777447,3.419706834986348,4.055119,4.108474505785945,3.9244735235778823
2023,17,2023_17_TEN_HOU,HOU,15.0,DST,8.508539776909522,7.9212904,8.304797658637352,7.615404961056083,8.380075250875082,7.893864390258093,8.289704934940453,8.008696242815962,8.24649579039298,7.860982578783566,8.607236541308007,8.295467776157663,8.43978253012155,8.2048342602834,8.236697913749259,8.300347552477508,8.407162802706006,8.475732542347894,8.345841862876576,8.410520783313565,9.232864511631073,8.470687748370887,8.176779502816776,8.171619965030521,8.032299549886327,8.46613057962168,8.423721382333836,8.636360828906332,8.294929650418965,8.467400016856043,8.380260513858634,8.318557683305212,8.859879751020923,8.459899959327746,9.053193,8.909547399367346,8.259046895155175
2023,17,2023_17_TEN_HOU,TEN,1.0,DST,6.001389068328292,5.8073297,5.89485690932053,5.39598606975712,6.2563876802885,5.540457569496752,6.703581250000393,5.94718980328341,6.742903671296655,6.206236817156859,5.285522576620055,5.418804741419718,5.592247302541961,5.467383439524602,5.749108557222474,5.802762633220244,5.812859348290568,5.274674873167278,5.54813691084595,5.566422728430743,5.400764736634163,5.432173120981443,3.6591700618573872,5.887602997986534,5.709897240191042,5.941206375091959,5.881023681855625,6.113496472646019,6.1354230967216745,6.545666956362519,6.623220864065066,5.788000868069297,5.732533859379997,5.501357011022234,5.819692,5.19329067933087,6.022922231486664
2023,18,2023_18_ATL_NO,ATL,-1.0,DST,5.638668465360292,6.4933105,6.31990375240253,7.267418831120754,6.127844239957893,6.634865102525944,5.906792792160871,6.190614857927061,5.869027981871634,5.990434285789445,5.892217929677375,6.247621747919479,6.00178574291198,6.195505302974848,6.228468046347241,6.28084768172989,6.124270252598433,5.9266625409476665,5.772570639457971,6.038257133798667,5.531362356109963,5.884066181303956,7.072894806247907,6.264479365669377,5.998518870819352,5.690656863886353,5.742645262412415,5.756091400209786,5.662698796381624,5.679161208163009,5.658079467277898,6.005068213011946,5.954340377290888,5.808183477738474,5.5567307,5.400206939371483,5.45396961443307
2023,18,2023_18_ATL_NO,NO,8.0,DST,7.1505269093419255,7.9730825,7.607625183303183,7.382155612280145,7.584291024396321,7.513833323380544,7.587197901045555,7.519549405202315,7.581235654275453,7.498006991369447,7.710093361058548,7.562215642782355,7.602546634824868,7.571077018410699,7.682859899142281,7.614964872730236,8.116637346251705,7.604015127944156,7.876107911089869,7.286911523463186,7.573247171073099,7.62933378830782,8.086589699127195,8.583701855020475,7.606549154129609,7.078741415112035,7.006955920882145,7.279159678979216,7.462012496783714,7.653060325975412,7.631438101305379,7.461862658949089,7.444370689880633,7.657652923213691,7.473504,6.719270436132575,7.391997129033312
2023,18,2023_18_BUF_MIA,BUF,12.0,DST,6.615112457032897,6.876359,8.253917369503524,8.202675517792933,7.979292320800717,7.895273600136173,7.499445513083756,7.751573356057111,7.431287195485579,7.548902948289733,7.467418232332346,7.248310159285841,7.491448822717217,7.211238624952263,7.585328200995956,7.513787002777366,7.504538573065717,7.534019213910707,7.520030580810189,7.690714445603318,7.416792288138987,7.789235229288182,6.560234960203179,7.096378008947068,7.136312842688499,6.560185796184977,6.505259135337058,6.729121528118137,7.539164517005793,7.406747190523197,7.332239773802953,7.735006776035896,7.331546752432534,7.670673786546859,7.710151,7.968815187968105,7.342023650706711
2023,18,2023_18_BUF_MIA,MIA,9.0,DST,5.478247047001244,5.819379,5.665629997047706,6.2083971210542686,5.736063002679669,6.425125740124102,5.914059655370483,6.557351635906088,5.924148649621825,6.371877690276314,6.411671984332711,6.782821435247805,6.5436708660336445,6.46606778746955,6.123343081663489,6.272642587539348,5.817794387098747,6.073609165257074,5.941242872901048,5.691286498375075,6.0768408959930325,6.714020552758457,7.31132691843902,5.93701449116013,6.2371928241588686,5.497155050822501,5.516063054643759,5.587550910735393,5.993542710208356,6.158171088458902,6.154974043818242,6.001748789026664,6.156215516702489,6.555576437572503,6.262627,6.125983356768609,6.2234261454901025
2023,18,2023_18_CHI_GB,CHI,4.0,DST,5.513130183807196,6.114488,5.325386261704219,5.342120730509148,5.53655843504683,5.928523509905322,5.67407837851393,6.150224492330463,5.659689461007656,6.017797605565405,6.29394005090882,6.18866032989491,6.490108157845382,6.5749001888081935,5.616331255870946,5.848581217101209,5.8889166032516425,6.313216803280328,6.402371050336731,5.907460814568436,6.19129815644154,7.10935003451828,6.329056168771089,6.506154297354065,6.028437021678224,5.530026594650385,5.546923005493575,5.624184245500804,5.740699165694568,5.873376884389614,5.81940261558978,5.5921963338627085,5.857444020578187,6.382699807445946,6.3204384,6.402289318763908,5.59800717411736
2023,18,2023_18_CHI_GB,GB,9.0,DST,7.3360746234666685,7.1714683,7.585081051370922,8.607326101349843,7.394473219414285,8.18252878090407,7.182512914433151,7.470582168349391,7.162687373498082,7.287254812158703,7.716113165303431,8.03656333549275,7.8683745158059155,7.909333042510442,8.0312563730274,7.987128958771256,7.8454614345998435,7.461795325958253,7.3870630744611825,7.759086046145574,7.655189425988594,7.546939748925788,8.302976693815445,7.00539040604607,7.319560878824364,7.2941488940212205,7.252223164575772,7.455100931460322,7.1394174146259255,6.997542429519731,6.972092449406818,7.594654537604699,7.623000460910234,7.682974372805949,6.638151,6.63324481296567,6.986761037082562
2023,18,2023_18_CLE_CIN,CIN,8.0,DST,8.733850900830348,9.482663,10.621407623428988,11.211419423861049,10.12849785426196,10.527621148192416,8.887568789323138,8.975675576796853,8.651855736612397,8.00090764129373,7.959248008026178,8.35682132007344,7.945913076825382,7.960864025705227,7.763906965611032,7.573270100435175,7.741128110600136,7.483885949845204,7.582302860806298,7.687196958290296,7.892648813837824,7.423271992056732,10.053406876944951,7.311481223482393,7.627728367922154,8.638052229252871,8.542253557675394,8.880209159875536,9.79621925305832,8.746584762041527,8.305916904863407,7.562332806992284,7.434898297618618,7.837267330776138,8.788853,7.815370894143839,8.411809993516307
2023,18,2023_18_CLE_CIN,CLE,4.0,DST,6.088014188597132,6.311722,5.697618293905694,5.891776690014568,5.988663830007727,6.455927886363556,6.710249799130422,7.146316949979308,6.773777272802803,7.221105173807151,5.538877695691548,5.793023508631158,5.563165498384075,5.689973150291433,6.025887394251833,6.657400616978858,6.016775641068116,6.643540352274902,6.50240219181658,6.504530464977287,6.229620609437241,6.549545189558031,7.88571368345757,6.662903821314893,5.700204133271532,6.098594798292221,6.10917540798731,6.205623637745259,6.594390276000874,6.962499408867078,7.024689687965011,6.7523672276370155,6.98024059637047,5.830368077908353,6.984871,6.968343279212364,6.753104196107355
2023,18,2023_18_DAL_WAS,DAL,16.0,DST,8.597010999044342,9.096018,8.877557177574637,9.625414711759742,8.804500333306223,9.5546954986585,8.832221586656113,9.267104451162536,8.818116743136747,9.042537467533254,8.544719196035075,8.521723068704272,8.629498454398112,8.817265367936345,8.606783453146035,8.131749839475875,8.866718432141692,8.610292308376547,8.496552970998854,8.269072248616519,8.544201609668697,8.891855868678066,8.425057380137254,8.507953308105506,8.80543556882759,8.428176105677064,8.259341212309785,8.731373598624769,8.981517676730201,8.96310390721433,8.927654740416632,8.75042917861754,8.702604778570446,8.586470670593611,9.235058,9.107489808588252,8.554588401791268
2023,18,2023_18_DAL_WAS,WAS,0.0,DST,3.287835144016949,3.59972,3.073885217325961,5.455304746929814,3.1171784196318506,4.67870278099761,3.6184812789256857,4.17759390157445,3.731437905647167,4.191841410450872,4.260391840212078,4.107658457286605,3.870761283932491,4.005673510382966,4.18029746128547,4.035280726982592,3.856859794357767,4.375899981927237,4.2855343329251205,4.358032771471507,3.7235104467103,3.4185984601831825,4.75565766731452,3.650792594823311,4.048043189407562,3.352699888396808,3.4175646327766676,3.3880798268637267,3.2809008169665415,3.52582627199035,3.723007034139002,3.989686874638293,3.8614694773432237,4.060997931191671,3.7196805,3.754167452878922,3.71410658578142
2023,18,2023_18_DEN_LV,DEN,3.0,DST,6.747727461566393,7.083529,8.091199894457793,9.125947132655606,7.795631573987404,8.630531750392667,7.161306707377055,7.579500598130485,7.030033080683177,7.002629072679029,7.0460415583345855,6.833335104171502,6.921129459411016,6.926692206915139,6.662802587233768,7.002796719487635,6.45502116044846,6.703395509498336,6.504057420888669,6.588235653021831,7.069018679081035,7.015433597281225,7.348633932080818,6.8555121742116825,6.906264524670267,6.6862109299751245,6.6246943983838555,6.8728997680434105,7.835979754882918,7.234923183322529,6.998435505078986,7.262197160058037,6.82860901694414,7.044136164688592,7.299243,7.5003827089160175,6.629143469289863
2023,18,2023_18_DEN_LV,LV,8.0,DST,7.829543522313724,8.563301,6.283110679251713,4.581883640158291,6.574416207503843,5.601924111789582,7.1524363637299055,6.906432823050135,7.201544159918445,7.1339738123796925,7.778610387203022,7.553601319251088,7.875161678062721,7.756083489206774,7.62914713274293,7.442677935659443,7.854707699836743,7.149802144704734,7.691360674124448,6.896986103210871,7.449591993761039,6.750789872035651,5.443846962842908,7.041013189346849,7.599746799288152,7.903606258908658,7.977668995503593,7.968461819771905,6.4857581740063655,7.283521406908541,7.364533558062471,7.809138725732969,7.583021242648863,7.911742857622151,7.745648,7.667918375224588,7.597463471697186
2023,18,2023_18_HOU_IND,HOU,4.0,DST,6.83576351694529,6.664963,7.464204327877563,7.685428046964764,7.590705657310219,7.665481247202754,7.520005007121852,7.248128022242953,7.496274669707765,7.153406947390566,7.739785438309444,7.399167986646607,7.56183739529189,7.424902618492846,7.713549395381745,7.9729909991959,8.233521557113727,7.569800750960021,7.977092774693778,7.593013492775212,8.302619901651434,7.149835770238115,9.111682435532966,8.2450017086945,7.355535220392185,6.792216435656007,6.748669354366724,6.949762824095437,7.5667680151256835,7.400959978140838,7.349785949136615,8.008949272409625,8.355504658170782,7.690942246265563,7.9609303,8.393959546555127,6.943313683003189
2023,18,2023_18_HOU_IND,IND,4.0,DST,5.797674910317143,6.0307746,5.515931032664432,6.251320073512004,5.699363868356677,6.282147970596462,6.078523711884313,6.333921994191237,6.14075688091941,6.394619211144238,6.319393452161935,6.18247686239264,6.451871786031625,6.49770982951364,6.436269751632216,6.289040193252946,5.916595073957918,6.329937462977871,6.43725342872365,6.654706013927317,5.664920324200538,5.594815024507662,5.497572351826735,6.64299362912328,6.516950274410391,5.804098743173867,5.810522576030592,5.909242355306666,5.554044227014107,6.082564060769193,6.1999482804529835,6.512631949210723,6.6337517206132155,6.509628065638781,6.323451,6.117913097203002,5.912586290371085
2023,18,2023_18_JAX_TEN,JAX,3.0,DST,8.458921343370884,7.9730825,7.498808314394963,8.462574640460058,7.708028165103628,8.762811527653792,8.377353190221594,8.974230535433774,8.472186721341329,9.020160043324305,7.834079213609352,8.03855578944602,8.429963334867697,8.346758816603414,8.242437885666522,8.19490253694099,7.825118229795417,7.911956543761443,8.701640238636797,7.810719104812557,8.011749657501127,7.782515382759952,8.615595470912705,7.768161236137888,7.922275803633007,8.469433745513683,8.479946147656483,8.589921283501786,8.0294954381206,8.717195308505916,8.86666823843539,8.429127636000358,8.876588146605492,8.389835388007933,8.620567,7.964224318528277,8.77439116067427
2023,18,2023_18_JAX_TEN,TEN,5.0,DST,5.7471026224345305,6.4933105,4.832281049513985,4.485225124616539,5.267293534842855,4.995475542496843,5.84297593402802,5.280044050426497,5.9148493018430335,5.494874747494246,6.575802368899111,6.500278597342148,6.674098368731757,6.469113782082264,6.430683024067913,6.576985187793875,6.747693056731905,6.221443340579555,6.807727713700111,6.747115798002617,7.361536864006453,6.417553867510766,4.587996029318772,5.945337246071312,6.316888033729007,5.86127377639427,5.975444930354009,5.862325985398094,4.9085079096907105,5.59433391195863,5.751705824438564,6.298523367056963,6.296737964383574,6.646682897245223,6.2718673,7.117155481981175,6.124513959387208
2023,18,2023_18_KC_LAC,KC,9.0,DST,6.92355470141267,7.4524155,6.144558441804002,7.695407874073278,6.159424536113553,7.190698436604759,6.303879616208663,6.946478887156382,6.377476462152709,7.035907784898193,7.327074516550607,7.23766843547991,7.088651043555604,6.987928793449443,6.610163713327035,7.165410595048929,6.454487119721397,6.611325624070659,6.560046261229148,6.560118261647086,6.43494736501375,8.157006727691156,8.221064623775911,7.729903601471139,7.346571019276339,6.968229457285754,7.012904213158838,7.052693040934076,6.444860908840893,6.470619102460992,6.575437889802222,6.7438798750856845,6.843294052566029,7.0583829890174945,7.2452006,6.113247176073356,6.713500488006467
2023,18,2023_18_KC_LAC,LAC,7.0,DST,7.044926780726225,8.932188,7.747754385410939,8.893755330460262,7.717583587299226,8.431984753584004,6.978225950342426,7.098832118147545,6.816119405438534,6.259401206239431,6.453877233312984,6.733654713526237,6.687631326318292,6.615699025332099,6.223266458854755,6.1128218888214905,5.754399266630939,6.20842735425329,5.861320619966743,6.089488536139003,6.443074175997546,6.094069935636701,9.107564906518364,6.065657485491662,6.6466302199066165,7.159225872320898,7.273524963915572,7.185940570726698,7.737045443376856,6.9639662264269955,6.658727555797643,6.515820313321223,5.878982779640653,6.664656017612766,6.83947,6.343400744823576,6.948697884942435
2023,18,2023_18_LA_SF,LA,6.0,DST,5.516816939396631,6.29185,6.730857079581102,7.231992480608055,6.866426169147886,7.368030898424754,6.321824541634781,6.523891683598949,6.179610469434614,5.999567931707458,7.173037341978104,6.421191644215227,6.428396473321455,6.3411849715495725,6.297628899853556,6.143064879694856,7.084002243360283,6.311662593418668,6.334083723929718,6.374212136729712,6.782414660158416,7.1564824087833845,8.142655086897207,5.900545285481977,5.513868706773335,5.542982413978326,5.56914788856002,5.629511463457196,7.059511339760591,6.358018113092995,6.073497433147501,6.42820947924108,6.411448292752751,6.465034561661798,6.9461336,7.082970313272326,5.7253502165539345
2023,18,2023_18_LA_SF,SF,4.0,DST,7.974740883482022,8.617207,9.167087796389428,8.913895633575688,9.122313507414642,8.801749190642932,8.427154816863203,8.346446059450425,8.293336083809601,7.922548213108217,7.296735986773983,7.463953936947916,7.599758118586284,7.366888851180611,7.307190977975397,7.640492511603513,7.795375510814556,7.80470844022278,8.013150432120895,8.019727957561336,6.837430093491228,7.013659057871733,8.749314233687288,6.415796383601593,6.390076938899015,7.969482804778522,7.964224726075023,8.108638988208412,8.571307874864372,8.097285170946614,7.90765585281259,7.373530318190007,7.407945023997205,7.6792564362170275,7.6018677,7.182843217726892,8.002499716103681
2023,18,2023_18_MIN_DET,DET,9.0,DST,6.9845046764674805,7.087755,5.07437303968039,4.990988708798414,5.808269749194019,5.8734346275804175,6.980408266918453,7.021957561441047,7.109803811896265,7.411486032195075,7.296587141938276,7.582106780014169,7.585917451331764,7.48740683367488,7.664910629921513,7.907298559770506,7.765155722068584,7.829396250078729,7.809592408158695,7.807079037892777,6.985825388686643,7.145232526226139,7.232826152611848,6.996284881201009,7.291376156380056,6.870094438739556,6.75568420101163,7.100688366363892,6.392730312523296,7.288004422185292,7.4742752810918756,7.616747434544714,7.4397927212578026,7.509548697213934,6.7894955,6.688652466940056,6.878625974340669
2023,18,2023_18_MIN_DET,MIN,0.0,DST,4.483108675761717,5.6079826,4.468785872274234,4.583009370977672,4.5801894766180125,4.484474360620306,4.658771311027127,4.343450500688592,4.659746475417985,4.351333047924626,4.965405507719137,4.856743744694252,5.212122421765239,5.102674985533914,4.621497526580534,4.829219156221516,4.511500142028663,4.159860306619976,4.204769159140018,5.065541065196118,5.058969973259844,4.772455329089729,4.241435635654791,4.0528622286308185,4.6121313985701615,4.545080747282944,4.6070528188041715,4.5910585481698165,4.499248970657199,4.4829727573418054,4.509583616072096,4.5713641072250315,4.6955977837187595,5.088974978531232,4.5688,4.477348163790411,4.485034398244205
2023,18,2023_18_NYJ_NE,NE,4.0,DST,9.35999799709866,9.679897,8.825156665638069,9.245479100667076,8.532727018495006,8.625875812145704,8.321038086873559,8.47544329964077,8.32152894271789,8.374992522170404,8.446156531097095,7.740489552537602,8.698111488227463,8.073188742239928,8.22080150606605,8.063742358562775,7.840625430547816,7.786699371052108,7.863224042774142,8.106477770125887,8.29389008519723,8.176730773678118,8.6696748299106,7.580919998532883,7.902307323143018,9.317116668271732,9.274235339444806,9.516877947391015,8.670205857717878,8.472930980880697,8.441366761882707,7.681860636157998,7.664783628962686,8.062081707452519,8.360623,8.158931001757386,8.382817671573608
2023,18,2023_18_NYJ_NE,NYJ,18.0,DST,8.727806245083693,8.622916,8.477613426216585,8.043670780538465,8.5674302125734,8.404164987228771,8.623765278582539,8.58060080997662,8.571193084338175,8.406337555401576,8.662614525494567,8.500478930445043,8.094868995944553,8.036240675041066,7.958138632536158,8.02112740954416,7.9810176740948515,7.70514191770068,7.960499918530307,7.878923147637314,8.729472994750092,8.536891633654825,5.175738328894993,7.804564421369857,7.735706781051199,8.680623877023189,8.633441508962685,8.87685627179718,8.69256500029799,8.72199022665992,8.621466897865918,8.144002539592789,8.57107716741507,8.169954364787246,8.806804,8.497844602714446,8.730912770847961
2023,18,2023_18_PHI_NYG,NYG,17.0,DST,5.305931971971744,6.060582,3.325447132002658,1.872976984471813,3.575023678878169,2.519213372033403,4.27511780629026,3.4951358222864743,4.40409611187287,4.10566449926009,6.014642613531369,6.1474488339797855,5.828056024638118,6.239945191996752,5.300530383849216,5.0767850656912925,5.444578671302879,4.608560799909814,4.63067111183336,4.586465183225234,5.412263555272918,4.953673283038022,1.7550124233667803,4.396850658274045,5.121375297473972,5.379512226555029,5.453092481138314,5.418046542993299,3.1033017137384227,4.094087622249757,4.386072485305325,5.447834571318822,5.415453806786886,5.809883392149592,4.9556813,5.271025325069359,4.762147634895811
2023,18,2023_18_PHI_NYG,PHI,4.0,DST,7.986806165064043,7.963147,9.19584812748224,11.631362236460602,9.103287788310505,10.708974412391992,8.357419341096874,9.099455900292018,8.248099379903458,8.586974743500752,8.59030363315624,8.437799928963805,8.20862346773896,8.268488138493844,7.818106733450096,8.16257523658148,8.050620016939186,8.070636960716715,8.128331825790346,8.21908954599864,8.344034853353293,8.05122939600844,9.553704511556576,8.522760383284542,8.369747170445592,7.979832827222239,7.9728594893804345,8.11553424699302,8.833408327236928,8.084435682963418,7.893969042362808,7.412204436817446,7.489535874723312,8.193140162823186,7.9726024,8.378838001062636,8.05090578000934
2023,18,2023_18_PIT_BAL,BAL,8.0,DST,7.089629794442489,7.705668,6.648203413103111,8.797478630640793,6.709108006516411,7.991025310402234,7.253069455939802,7.60218081835087,7.3176618261020625,7.626442076931795,7.469758966608021,7.362610729477351,7.582130781502784,7.368437320002735,7.42744491763605,7.006319870371296,7.348029689480384,7.123693965209291,7.791341242397988,7.154208707850156,7.919733110280792,7.54035064082019,8.484962573905332,7.146154229197462,6.991492913163316,7.11797667397194,7.146323553501392,7.222404291874313,7.12531028567748,7.429818441720487,7.509524589624003,6.980637360806753,6.527242274621673,7.588503343567606,7.504145,7.095879136498985,7.36762723492453
2023,18,2023_18_PIT_BAL,PIT,12.0,DST,8.279119225648037,8.974045,9.974390672853234,11.754317824070704,9.385843999289056,10.5221587213857,7.766420553874015,8.07848425097384,7.4490480016205,6.818020469503013,6.618684406792244,6.718442401053928,6.881100170960216,6.628379792501223,8.193961213998405,7.790865757294445,7.909288509407707,8.330455141752314,7.9077089299886945,7.595586960172008,7.863642472825154,7.5506870586812,7.8589582408490175,7.8797886027559,5.775130424554021,8.273620911177606,8.268122596707174,8.421456779950303,9.799608252326905,7.730188265282234,7.0661790966044205,7.662367844661831,8.107234961190809,6.77931119250581,7.5707617,8.069534633720034,7.216501646209826
2023,18,2023_18_SEA_ARI,ARI,0.0,DST,4.641537355983167,5.745601,3.034997246844923,2.119008939092539,3.238039732435967,2.621073491946797,3.940518698614692,3.691876597548675,4.053579915206951,4.277126682252449,4.5985342470258255,5.190897813225405,5.022311134105146,5.463568310410988,4.490960653794395,4.607322385667106,4.170666936592138,4.590230527567718,3.53940424920696,4.46332004590771,4.294856711794554,4.410224513786153,3.780608438069433,4.505989550819709,4.904894250167316,4.748197349207719,4.854857342432272,4.7504105129549465,3.655892444681158,4.268793495782547,4.4544901602829015,4.728319104796222,4.389036734580225,4.867729361159698,4.77588,4.617036022214444,4.530444944251603
2023,18,2023_18_SEA_ARI,SEA,2.0,DST,5.960831617324111,6.802582,6.48083256742533,7.220961647366753,6.2732128117445045,6.822062292368991,6.161417885078036,6.135669982908503,6.139971593165214,6.026648784099012,6.301662374608012,6.242671709883698,6.648939796116651,6.782538495229264,7.298188431712345,7.074421531268455,7.293723624524405,7.340296716990998,7.068340355190637,7.0774199117536085,6.411767207394191,6.598225276260605,6.09165481914977,5.956485498714767,6.199982764987844,6.047822940691238,6.134814264058364,6.07525878104172,6.6315807781707745,6.276397975890989,6.212784088131745,6.941394578833783,7.037534237772997,6.666787688016425,6.221559,6.133457831926207,5.985035669105828
2023,18,2023_18_TB_CAR,CAR,7.0,DST,6.376938466804888,6.9139895,7.894412043842899,8.11707387459717,7.75897054967337,7.716256884726871,7.126843975085198,6.895291160785439,7.014216835225467,6.511568005722936,6.380858083049692,6.09244274265013,6.292755726609306,6.25844742022476,5.705507339413525,5.92096838088556,6.30458299087967,5.778592185416592,5.9631869326382585,5.95777993364195,6.2341024627067005,6.154167855643277,7.748569737478538,5.622838314051618,5.461342237768016,6.345175533449717,6.313412600094546,6.500875160083639,7.510524896758075,7.105541495340843,6.915159155082363,5.92778291417712,5.4266573354088194,6.253613151848383,6.745086,5.80756439208623,6.858381956329863
2023,18,2023_18_TB_CAR,TB,17.0,DST,8.70798602189531,9.02795,8.78822871832083,8.814339353999273,8.660022716502462,8.430263039088704,8.73364444192452,8.482517055312949,8.743202192408003,8.561957292846394,8.715229938692701,8.231316348021323,9.35387774345134,9.1920604614711,9.057629370306849,8.821513127605266,8.842780933110982,8.332059006518788,9.37707644939891,8.806176307063115,7.768864137764398,7.302720635056605,7.304354055905423,7.986178045099983,7.602083273944942,8.745664741489234,8.783343461083158,8.85256367469539,8.622825157834198,8.588037902717996,8.601313433081685,8.222884911240795,8.431784295278744,8.849935164784068,8.239756,7.944851204223084,8.549290108102355
