season,week,game_id,team,y,position,v42,market,ridge10_base,ridge10_extended,ridge100_base,ridge100_extended,ridge1000_base,ridge1000_extended,bayes_base,bayes_extended,extra16_base,extra16_extended,extra40_base,extra40_extended,cat2_base,cat2_extended,cat4_base,cat4_extended,cat6_base,cat6_extended,hist_base,hist_extended,ridge100_recent,cat4_recent,extra40_recent,rare_shrink0.5,rare_shrink1.0,rounded_pa,pbp_ridge100,pbp_ridge1000,pbp_bayes,pbp_cat2,pbp_cat4,pbp_extra,pbp_xgb,pbp_lgbm,pbp_poisson_events
2022,1,2022_01_BAL_NYJ,BAL,11.0,DST,7.619097750731901,8.412938,8.990462865149048,8.118745623335066,8.813753256151239,8.382707612749652,7.865104406243821,7.796659483888709,7.847301871233161,7.6420200860133,8.663331295339509,8.586172763747232,8.267143178672764,8.361366282608206,7.400735419494338,7.567066897169157,7.634573503764162,7.615109640693187,7.33255110826623,7.278750139823723,7.475566337521957,7.39711327941596,7.326930093523128,7.851681590683899,8.06399384877146,7.5507433925798315,7.482389034427762,7.750834369557941,8.467433322617715,7.747524288318225,7.634966746577767,7.2520702181117045,7.00395599120182,7.954921497980319,7.3891706,6.591810956508121,7.633488850848032
2022,1,2022_01_BAL_NYJ,NYJ,4.0,DST,4.5811771140355,5.5415993,4.1612516658087655,2.931527174912607,3.767400219554326,2.716538659107025,4.078406644304344,3.109468984187052,4.0996817372772165,3.583776422069787,3.863839502366116,3.858674939095213,4.1427862894615375,4.278948602850889,4.389763673889375,4.028263992023796,3.80952171335638,4.202962971224835,4.107829495192677,4.30839575057499,4.15369016248182,3.534241640419288,2.866830501199924,3.92409477111368,4.112547084989944,4.656283168587598,4.731389223139696,4.689169716397366,4.0923731043345555,4.189161463029642,4.30928077695975,4.283867221837842,3.67295958121535,4.142399172437575,3.9010372,3.5344722464222125,4.781924536507583
2022,1,2022_01_BUF_LA,BUF,17.0,DST,6.150546314767982,6.0088763,8.102368790670194,9.450299240836264,7.674272393382156,7.7938190182642595,7.217019019692291,6.892432105625565,7.208067145111666,6.923460471547506,5.420784956889736,6.183761665948138,5.702075061835839,5.854653797902656,4.832558862492596,5.605054746067688,5.685311835523224,6.401630726891025,5.420662079894651,6.412981750073353,6.066814049612255,6.831958146399008,8.630470087188511,6.860132050100158,6.121502118910938,6.031056677997969,5.911567041227956,6.258281708678256,8.442500968137415,7.495578419851008,7.411931272954209,5.548861002553036,5.893752016002276,5.97381013301954,6.2456164,6.3188327855824395,7.0424285617965925
2022,1,2022_01_BUF_LA,LA,9.0,DST,4.92481697144352,5.567132,5.060741968941215,5.076301129256377,5.17261306801794,5.068423547518995,5.259184828436684,5.173327822534213,5.262699020707831,5.208347298814566,4.626762838833567,4.574896532601238,4.851896725315021,4.9123804295495805,5.939170386537101,5.819727328063923,5.974477786142544,5.831156977339946,5.849701249959427,5.825936007334092,5.163786303926377,5.778019418292481,5.829572514314946,5.668619291321843,5.26229279198633,4.954141467382445,4.983465963321368,5.031285744311451,6.019090980415072,5.379371436258255,5.346258111065662,5.385076036223987,5.867377930799612,4.787533079042651,5.6438303,5.453006588952744,5.354677114271309
2022,1,2022_01_CLE_CAR,CAR,1.0,DST,7.140763372229872,7.767302,6.854796252249392,6.057460316541645,6.569534583251898,5.976006662606782,6.6489178343132975,6.340237395502398,6.648020433363727,6.358203579013842,7.76624011386429,7.34747601240548,7.647663358533232,7.415866624657368,7.728271255704147,7.618459307359397,7.885731226413249,7.445923815667695,7.620753857680645,7.336034356914122,7.518954477699091,7.336459105043599,5.66784946624372,7.108931467596453,7.379278172572408,7.177823764968091,7.214884157706311,7.26782690994917,6.526164391923187,6.572479401460763,6.542442871609002,7.176547776796485,7.432413400901364,7.49903414142448,7.522403,8.05830001295618,6.878683854929106
2022,1,2022_01_CLE_CAR,CLE,6.0,DST,6.005684465961263,6.662941,5.151131873820811,4.536015578762418,5.769149867291709,5.211622533686743,6.622523047775444,6.016146111963835,6.638985222252322,6.460381794253232,6.743633965877795,6.610979686737564,7.233421887229698,7.163899943212641,8.393669510121095,7.770053047037356,8.208776621742953,7.842035765175029,7.806854748021091,7.176947947280962,7.476517678650646,6.881940557641296,3.8576517222991984,7.492766733579098,6.702793745567956,6.011185532404878,6.0166865988484926,6.12161867191196,5.991915297858126,6.805210353403095,6.907342031297963,7.866085727572326,8.43070567361305,7.228681092074597,7.1689663,6.137772451651533,6.9163488694221655
2022,1,2022_01_DEN_SEA,DEN,5.0,DST,7.052925296350716,8.302502,3.429847069738805,2.5956277797793272,4.119404905153161,3.3565935577364407,5.140995874866094,4.602332680294437,5.153020701281042,4.87568715244887,6.788352847528426,6.747975706792291,6.817152457166005,6.83476403699783,7.011084349641526,6.950648590838541,6.630966726480539,6.689287253984199,6.552193069074421,6.6271938872602725,5.694547767142722,6.259338664468392,3.838959518280793,6.137524716369056,6.680777137350589,7.089008126529139,7.125090956707561,7.180182944621954,3.9780448141177773,5.1788184950785805,5.268382559133164,6.945725026690978,6.872501303450649,6.691769444166753,6.754741,5.675753875457804,5.66195393541152
2022,1,2022_01_DEN_SEA,SEA,7.0,DST,4.775465465937913,5.652035,0.7542331205356065,2.694709463798464,1.3775680200058629,2.440429395075583,3.383059234253216,3.454262213897412,3.432504897219243,4.188362132406461,4.035857547966254,4.2363508920378,4.509409161953244,4.505575669274448,4.495590189306656,4.163622751276096,4.119101654691695,3.9159365970262434,4.126260711872569,4.533665396694774,4.058998024092067,3.7159887588849,2.8452387719612378,4.362042721243052,4.4915515165353215,4.768656706961301,4.761847947984689,4.8848307704934575,1.4129090670883118,3.417545881733627,3.789195178765838,4.426686884599123,3.7988731027568696,4.334772301913192,4.0058527,3.179299037855428,4.167274980410966
2022,1,2022_01_GB_MIN,GB,1.0,DST,5.485426806905776,5.9493823,5.745130564485233,4.9398743455696446,5.52679278166546,5.274814835357844,5.634174881266223,5.786238369434736,5.634250151111972,5.887818374946594,5.571267904551209,5.569009261471458,5.633926678160087,5.65633722446922,5.446132772981126,5.868139293294518,5.569394756209716,5.656775565122558,5.797999928269952,5.816463240005669,5.645303732848412,5.733602777453988,5.915846081175611,5.472322002451704,5.525887067072122,5.417498870201916,5.349570933498056,5.595615116510357,5.43071719969346,5.460926531646148,5.4775556404737396,5.169559073937526,5.333136446503086,5.42608207040511,5.271077,5.294556224389173,5.223357173560941
2022,1,2022_01_GB_MIN,MIN,12.0,DST,5.3546373542141525,7.0537434,6.353975051031117,5.153082772607744,5.535200084224971,4.455164180300386,4.547392122813557,3.792237826173946,4.540195192073364,3.84109251422499,5.370129017069695,5.365077266944259,5.62668855617265,5.63252193951212,6.686977850264313,6.06068146411935,6.310627964851101,5.939510567841604,5.81068733375004,5.583584275443278,6.29072361763924,6.441000730583219,4.155165755802219,5.521194218271415,5.444721644931708,5.543888526348707,5.73313969848326,5.470183078474365,5.345227078420817,4.25862357763647,4.20497498097815,5.676467659306605,6.311138350382664,5.535838981922946,6.2501283,5.815829084981003,4.902640732720176
2022,1,2022_01_IND_HOU,HOU,7.0,DST,3.863273972553868,5.114026,1.679441958845425,0.0333929367967522,1.867366428906192,0.7477919822157242,3.0468890600716287,2.231603751011209,3.080874206996899,3.080413736579687,3.618793041293141,3.892006156937112,3.9519657490521567,3.900677158545817,3.856953772317645,3.9822641059153714,3.723793048443723,3.857765403347415,3.5976046640284824,3.0468592296626915,3.760253868660127,3.77126894260344,0.2729345225273372,3.759803270882705,3.700281472377789,3.936894972415318,4.010515972276768,3.9685718017733063,1.5746015713132397,2.9902807486037104,3.2808060576153713,3.6026787400837255,3.776809289767168,3.917106118545417,3.1112292,3.211220749198256,3.7918555862702443
2022,1,2022_01_IND_HOU,IND,6.0,DST,7.744470580719946,8.206237,8.368325966364344,7.955222362960225,8.206301990256048,7.710535912611085,7.663123515327956,7.511975122239579,7.650551837555467,7.381081253035997,8.490264839521146,8.452358258967301,8.28642988880866,8.249916370388698,7.6511637112133375,7.521920850758822,7.961528224004144,7.286819119695012,7.898873086044217,8.162130535682305,9.427970801111869,8.17028136048873,8.109871244279695,7.561588978765378,8.162262020726798,7.702229026152118,7.659987471584291,7.872931259808617,8.60568586658254,8.026224567105395,7.899746674179491,8.12726995187331,8.274013004158046,8.538504159413803,8.510355,10.113947113137364,7.524307150869377
2022,1,2022_01_JAX_WAS,JAX,6.0,DST,5.42665410042273,6.393936,4.136791631362142,5.228523050555206,4.841405293725709,5.530150831135424,5.3633891625974695,5.582925198112892,5.37445712993909,5.742226602652268,6.4404939316933545,6.027714868474828,6.43686503411162,6.407160806974368,6.690582001579571,6.959151243348713,6.458735570618448,7.116067752566819,6.195926176630826,6.082290724156652,5.919139413731034,5.934751434081821,5.900910522221151,6.5848439147919615,6.362334147772415,5.527483548158904,5.628312995895078,5.540177057005855,4.9126137637107465,5.327620954484274,5.415555299310444,6.5863010294247255,6.175012721447084,6.313696672595712,5.8453274,5.588324485298947,6.072265957864008
2022,1,2022_01_JAX_WAS,WAS,4.0,DST,6.578558660440935,7.7191696,8.00293476813995,6.016521373607194,7.452543058764744,6.411283342640692,7.102428013403775,6.611865829826503,7.103839327582059,6.752071281198316,7.378112825844371,6.877692198480596,7.626571293730176,7.142863383398355,7.9873209656926,7.469633722978088,7.818154744812183,7.308326313402507,8.095869523205204,7.285836453134489,8.74231349539051,8.800994895640608,7.037793879201345,7.47529689754423,7.536376421618336,6.555560276335887,6.532561892230841,6.70062947730538,7.4655869379272595,7.288629498370157,7.297955827365724,8.072031453011043,7.340006062303761,7.755530400301204,8.403246,8.306900709329435,7.252010263677507
2022,1,2022_01_KC_ARI,ARI,-2.0,DST,3.034552539640396,4.066349,2.758297240162689,4.115261226648072,3.0228834293999816,3.8788132304793743,3.299439957628113,3.8689930280866665,3.30597792915701,3.940959293902924,3.754080457526864,3.9615048752696023,4.065711812530997,4.13597082889276,4.325376181767438,3.455400961091269,4.010000635521148,3.273775492338993,4.106849162802289,3.2033305594454635,4.407391489841001,3.873680169775687,3.5219446373217465,3.896376793886746,4.3351604655431055,3.2018081114178965,3.3690636831953964,3.133872697141362,3.1875270261953594,3.4612559075768448,3.5033032401519106,4.171892160886632,3.986020328650675,3.872933504391501,4.572217,4.876511253707533,4.024104260279446
2022,1,2022_01_KC_ARI,KC,3.0,DST,4.935738921371332,6.7168155,3.758871778544984,3.7169521008976,4.333138232004647,4.3280970752894845,5.230523513184449,5.055286198076892,5.244315464672042,5.326800800321799,5.831745682201969,5.913481227612068,5.9722136299772615,6.183115774464477,5.550576560753047,5.960328715752257,5.150710655525641,5.563329648728649,5.4557924706416046,5.168772541934509,5.104059032996162,5.0106464312160295,3.927027149097036,5.251225554615969,5.908795640365734,5.043457314113998,5.151175706856663,5.04417388369595,4.495498126298459,4.964993267073717,5.046659651903629,5.747981813006097,5.094092055984855,5.701211763475388,5.297617,5.07486538673889,5.432017752218006
2022,1,2022_01_LV_LAC,LAC,13.0,DST,5.212656297119848,6.402488,5.401628098418327,6.209826058431906,5.392044645332002,6.157594655244778,5.420822158731461,5.9521269090220486,5.422944495670713,5.836625054156623,5.299712016117276,5.373469674481666,5.474007755599143,5.386408196085754,5.520534164126061,5.571099943113436,5.413254658503237,5.40455642479249,5.490976834024944,5.584465231898419,5.300938330594392,5.707560843971792,6.247384078241897,5.292651879544519,5.015036466439737,5.257304961539385,5.301953625958922,5.321602882304136,5.114877314201781,5.270971896623184,5.295680755239946,5.803160449594544,5.596476923379508,5.367253816967994,5.3386927,5.461157609011994,5.518070304288931
2022,1,2022_01_LV_LAC,LV,0.0,DST,3.727578057866542,4.8563824,4.927162850557248,5.262297875228251,4.970906183200974,5.200259985401704,4.524669639780124,4.641850529942276,4.513342244295689,4.449637573307324,4.662926179966821,5.052826020741744,4.595422438497843,4.749725954614082,3.9465356635770585,3.755816565295444,4.286700712305716,4.320201885109309,4.473171650661568,4.863816273391926,4.33622922072454,4.203297987295141,5.837903513309311,5.417141036077785,5.382568630139117,3.795647704658438,3.863717351450334,3.8299555860253442,5.65917629635638,4.8563432827898705,4.702891067532489,4.58539419759435,4.337126014893654,4.638135983890728,4.429965,4.8978855752315855,4.53246849316337
2022,1,2022_01_NE_MIA,MIA,12.0,DST,6.291947599704581,7.1641793,7.093833307189572,7.597223395168727,6.501941623776667,6.245608040515127,6.26694741423702,5.81808080904553,6.264282088826706,5.917242100787798,6.698739219421305,6.973074083595911,6.648561861288808,6.794797972256938,7.023845473638654,7.253562402151117,7.032750078875328,6.9783169083388925,6.658862143264698,6.523369140372197,6.832203703845474,6.346126296819908,6.193875495157302,6.852688379917394,7.04687596279101,6.314937710757695,6.337927821810808,6.407874468143993,5.649961456640861,6.013362968225705,6.0660961996569185,6.79624289124519,6.9073574100111435,6.742350271259742,6.534876,6.371770978527536,6.750444640706871
2022,1,2022_01_NE_MIA,NE,4.0,DST,5.562180734871046,5.8389463,5.501233493171763,3.5219945407794064,6.070464058662503,4.900419955320183,6.517220054140205,6.2954554751675,6.523922195339187,6.649764248226547,6.688282021675514,6.488015111324286,6.513667761183617,6.463584758877432,6.644256896918559,6.561512581236816,6.305904070725081,6.57741354959557,6.37602224285861,6.546876432233519,6.528668667897995,6.753469336626401,6.40532896067707,6.500084134352737,6.972114552532777,5.555327518722465,5.548474302573884,5.671967140385741,5.726236008491661,6.267049041335443,6.369556207645081,6.74637220955738,6.399412811538721,6.524215640036751,6.507666,6.160074887338561,6.23147754070118
2022,1,2022_01_NO_ATL,ATL,6.0,DST,4.767370799473666,5.73132,2.973434837638228,0.6869881427292297,3.959194869211833,2.61879713764195,4.919078134433502,4.175367025204916,4.935294463562583,4.594863738055329,4.432273123102021,4.541787071680024,4.607978159250681,4.664844764904772,5.186817658270035,4.499673748370265,4.858156834457153,4.623790263596903,4.87222817968085,4.472353543553128,5.147025986988214,5.007839536904934,2.804219931304536,4.43893434243392,4.462200761946486,4.817847026465382,4.868323253457099,4.8791482707053815,3.488750909009795,4.7082711075374934,4.862068877344412,5.425993402326841,4.970106329768885,4.572013908427753,5.274866,4.986107648097264,4.922939531183081
2022,1,2022_01_NO_ATL,NO,6.0,DST,7.579921235183448,8.381786,5.793960476080507,6.555928755399212,6.543558804749797,6.973944673432967,7.294730587149321,7.404805361617654,7.304557225020706,7.534139462133241,7.689833418199744,7.601658319467599,7.844376880866681,7.787815542666581,8.085054415296215,7.768470957313498,7.78234080151828,8.133295539097631,8.001052663892903,8.174765254653764,8.146497083063114,7.948027074126694,6.308288179977955,8.320733359422771,7.957120894437609,7.571295106736127,7.562668978288805,7.706366384619127,6.321303837292422,7.135885978718498,7.248058886001011,8.491037705058263,8.588966399193795,7.961373467651629,8.626196,8.490135059177243,7.441707355835569
2022,1,2022_01_NYG_TEN,NYG,4.0,DST,5.224426072509841,5.841756,5.511988169685625,4.360998845066748,5.252401074139026,4.027370781710641,5.12251289841116,4.265312002306969,5.122200591545415,4.453864277920369,6.303666117888287,5.751350818244323,5.882590328284368,5.789276243265999,5.501619510947489,4.888165401380148,5.355451520695375,5.584489278791596,5.249346547844895,5.044300730966899,5.467413782004613,4.764011775900719,4.305414808081142,4.98520040312338,5.541215772936058,5.374920908476537,5.525415744443234,5.337464930787518,5.077395148330865,4.9756964674505095,4.998969499271213,5.612758666496923,5.494873114613087,5.998341252032186,5.985927,5.8250258133396695,5.496966221301672
2022,1,2022_01_NYG_TEN,TEN,9.0,DST,7.932772983402623,8.27135,7.031008394687927,8.116973837542288,6.742760102334904,7.352250771243444,7.95654922356535,8.115517863049051,7.98834142376456,8.646586351910571,9.537765135512188,9.47213609921855,10.006222553099914,10.209953509087226,10.824910515599589,10.80803748986362,10.814407429201433,10.57290477525338,10.403855366578284,10.470759676884992,8.127022141583211,7.559240110129584,7.41282025852363,8.440965128161627,8.261754459845315,7.7791840364483065,7.62559508949399,8.061890451933717,7.865178243595272,8.364412287825182,8.532728075224634,9.783670544792255,10.287461885119374,9.88437793487594,8.840239,8.429965722029042,8.459321601350226
2022,1,2022_01_PHI_DET,DET,0.0,DST,3.774106005097446,4.8591924,2.0332404326698805,2.7938977768738376,2.305179109758906,2.616265152755001,3.0626707583077675,3.13786667734613,3.082189080218438,3.5285842347942054,4.194384767308832,4.094161427079792,3.996616354050505,4.168842580526326,3.659864197844146,3.7361136496575287,3.6758142044628817,3.488467589706967,3.958593214427952,4.271456645117169,3.6601167937372447,3.1114372707799425,2.7965576851139766,3.836316860515373,4.1945273044678455,3.914706253644747,4.055306502192048,3.879015414303373,2.6127753595170957,2.954090274129556,3.0844161296435098,3.3587702034751867,3.3340201686728386,4.092783950214263,3.0977852,3.6061885169571872,3.6716130661603286
2022,1,2022_01_PHI_DET,PHI,5.0,DST,6.0298592958779045,7.509659,5.917700267352268,6.464282989960032,5.945837828649777,6.3880003481503,5.800316883595646,6.141238523594659,5.793380947286283,5.974064287698731,6.33729785877391,6.427070105121469,6.264799064300093,6.432252115738644,6.500690999918021,6.889809220633551,6.383444398293765,6.442020286298787,6.272372226283651,6.374464001582261,6.432676632034653,6.317799569551392,5.481719267799824,6.680288262570721,6.079588223283745,6.055056123476762,6.080252951075618,6.147527387726519,5.862270165256509,5.965796018604621,5.928554298768582,6.254544585090989,6.129193572188581,6.0207012538617395,6.2146635,5.65290191591981,5.927901779520498
2022,1,2022_01_PIT_CIN,CIN,2.0,DST,7.091681964375078,8.554525,7.104815080614394,6.765830279730084,6.892533148146744,6.63706911817529,6.600221757138412,6.397743912390904,6.596570926654802,6.291272367617115,7.6720894140276705,7.366381290312023,7.980522530018155,7.483475899749949,7.074023173843218,6.73649815362094,7.125891611540837,6.652008234976778,7.248066582098948,6.304124706892762,6.863773024666579,6.4644938169617445,7.054318485823725,7.564072194969683,7.671141225673474,7.196077754857171,7.300473545339265,7.223478823256265,6.267774191575502,6.433199318125433,6.44191404252569,7.240194109112128,7.146206987434231,7.578943604182198,6.82855,6.698317576584804,6.835749889403678
2022,1,2022_01_PIT_CIN,PIT,26.0,DST,5.165825204394384,5.2414427,5.124781003936194,4.92549480052466,5.294669781137323,5.70079783718647,5.33945238346458,5.786034718281307,5.346427152629138,5.854900576238063,4.827731052664949,4.791895572919504,4.655568935932076,4.637515390907532,4.855183268071997,4.846866208320106,5.278069984718675,5.028795644153695,5.009370540993781,5.493719408795171,4.518623830620152,4.755058590391235,5.740277292135494,4.916157543412277,4.302746589447442,5.226249645197127,5.28667408599987,5.272632170093003,5.495224008114755,5.298718687238554,5.344933856862441,5.215655792265153,5.2663407847443215,4.891416294273017,5.375648,5.129081356934669,5.908107151219944
2022,1,2022_01_SF_CHI,CHI,10.0,DST,6.177785002385537,6.493011,7.903531824926436,8.158382199999062,7.662246926855397,7.4970973061241315,6.869602258519471,6.932166045243757,6.850592045517121,6.649491672567543,6.112572647777824,6.28512974097182,5.9759313102291705,5.90249307425419,6.803195401422508,6.224592921508699,6.698639572424633,6.736314013590994,6.503442222177135,7.376890711990083,7.12071866314508,6.786774192319425,6.836554216083127,6.018672159495972,5.675828352916803,6.175386924522109,6.172988846658682,6.294089089435957,7.243467412045053,6.6837258269667315,6.610771877442237,6.527522559999627,6.567090692884599,6.200380389718299,7.2198215,7.59185865073638,7.301175632172448
2022,1,2022_01_SF_CHI,SF,5.0,DST,8.410244531932337,9.364349,9.130605815668348,10.771791849514024,8.585546835735315,9.307383070771358,8.096574458265389,8.067380795122812,8.093835055953846,7.932132282561451,8.390670714956748,7.669404426164181,8.093913804491848,7.82087067817818,7.829415378853171,8.032965373900444,8.169401626752057,7.80560201488213,8.401168020436282,8.276560952070852,8.85682523718073,9.071389205326446,8.158164079386472,8.762919248522229,7.920473816381183,8.34520566900221,8.280166806072085,8.549006007088414,8.890473537794893,8.160885053471594,8.113455915306634,8.37031364088117,8.510074474327988,8.169409740235928,8.832783,8.373966422604036,8.696452016729694
2022,1,2022_01_TB_DAL,DAL,5.0,DST,4.903928793451993,5.552961,4.321836465457293,4.314724275463064,4.559106230310805,4.478299596373679,4.839171106844252,4.61824289511448,4.844728706387828,4.770277968341436,5.040645168038054,4.773080701457828,4.897037826198391,4.815663727380716,4.986000416664399,5.186554266027421,5.009086478635415,5.220709998727489,5.640856872111154,5.487898121248409,4.900784480166446,5.457053523657388,3.556960554857697,5.200905792968746,5.334100911327567,4.918931842148627,4.933934890845262,5.010336321560417,4.813534065154847,4.907199248208121,4.912317079762785,5.346355123739963,5.517173880646157,4.806397456480172,5.6965313,5.185660953565951,4.731415098236442
2022,1,2022_01_TB_DAL,TB,13.0,DST,6.016812639343232,6.657322,7.264395166870265,7.368317788883633,6.710172679490931,6.921237816998282,5.600663742086218,5.73648845994781,5.5808424774737295,5.40156782635705,5.285613659096025,5.445337585372624,5.6180618224794285,5.483754085343443,6.892995454959675,7.0453136387186825,6.8474044165325285,6.761140752379522,6.535840731164526,7.049646445988391,5.972634780212479,6.360811314218846,7.274728537636832,6.851783540026195,5.683917871414985,6.045369472653491,6.07392630596375,6.131179175832483,6.644960414528312,5.354058132963166,5.20059356925414,6.913029468030439,7.059671117999588,5.361437939133657,6.5172343,6.104034608895518,5.103629314111774
2022,2,2022_02_ARI_LV,ARI,3.0,DST,3.955004765324156,4.573207,2.007010601642849,2.037600294611382,2.551580406115513,2.86234886920296,3.817273802074278,4.126631558963166,3.8442305818562734,4.561320233787022,4.002793943179592,4.877844632801157,4.330131399380735,4.734843138944954,4.328997491888458,4.332009493548744,4.131721484906718,3.9869522747708337,4.215096673849184,3.990678687133625,3.613849970618335,4.535544290731405,1.9077101907837228,4.029513287256274,4.925079497258844,4.004390344803908,4.053775924283661,4.05704781130099,2.5008012194118816,3.8673393217893297,4.085847546435197,4.168691588698582,4.172695073556536,4.3411693115911305,3.9902675,3.990544490446356,4.455805473291869
2022,2,2022_02_ARI_LV,LV,2.0,DST,5.1481285265629415,7.002801,4.015350537923886,4.299637733446377,4.482293253163055,4.62756340602396,5.20351239501194,5.453038208818231,5.214468109460163,5.545001387120243,5.867057266205641,6.13488019230471,6.2019962621440925,6.298552270198614,6.773409822127165,6.385938551564926,6.469853047131858,6.733176553417376,6.093193573076643,6.828565644715767,5.520383616623786,6.083447730502002,5.131613903792007,6.655631014274973,6.061790322822661,5.280263491131116,5.4123984556992895,5.260483570731359,5.13260822494684,5.260635723969139,5.248597871851376,6.391486525611048,6.380458697415305,5.741189424619905,5.9247437,5.79391587293502,5.582928934641146
2022,2,2022_02_ATL_LA,ATL,16.0,DST,3.6603650798946674,4.261689,3.726360727512952,3.594079321714489,3.694290630112455,3.6542086268246514,3.9657567041973736,3.620179762156381,3.9748568011749454,3.8964521672411623,3.796014845561464,3.765042225561922,3.751673126131466,3.728270424862783,4.508235195032173,4.528121849555152,4.043456859585604,4.231133590507257,3.8525069691378606,4.548250491746504,4.151778023481136,4.5857816843022885,3.6904996487330632,4.846404881587927,3.644766870512207,3.657310085372813,3.6542550908509583,3.7631457489228053,4.065787674341887,4.186324372994066,4.24394829245737,4.523270056796502,4.228189546654322,3.9608206133488837,4.3380823,4.344699888422845,4.162854864029385
2022,2,2022_02_ATL_LA,LA,9.0,DST,7.829148685430507,8.900005,5.719416478034635,5.859311560489914,6.022477873468017,5.894866021660684,6.592330109709756,6.660599150149506,6.601420494142382,6.835525503974916,8.777588481487529,8.57976589143911,8.386308704057745,8.3787950372814,7.764033807390328,7.649074739303931,7.713812693504132,7.638242282253415,7.708695221310394,7.292682978324461,8.098121365370028,7.839539134361608,6.511384339707896,7.628434003408083,8.248965601031983,7.807467587678644,7.785786489926783,7.958158582173472,5.652708144979862,6.431676661979629,6.541612275324245,8.061408344958028,7.951964838966079,8.783478925356041,8.291024,8.306404630086215,6.883338057917494
2022,2,2022_02_CAR_NYG,CAR,4.0,DST,6.9678875971102325,7.1981406,7.1045372567051,7.480268921214813,6.965382756525016,6.855111061367677,7.438223003710372,7.248368240233499,7.446951915111227,7.407275398996268,7.975014796420941,7.462282130074473,8.19643991601876,7.996139660924254,8.511929513621974,8.181112254119821,7.999816544523377,8.145538420326217,9.198937955776229,8.141970300497825,7.040775851350149,7.127190097898026,7.173720310694484,8.001202807699695,7.236266531008913,6.93051242258824,6.893137248066247,7.089492872346886,7.210432739596501,7.571983012945567,7.600754229211122,8.587708190441251,8.794251429298157,8.165656699191851,7.817981,7.931941964848429,7.978036245224715
2022,2,2022_02_CAR_NYG,NYG,7.0,DST,6.156026272520834,6.7563963,4.72877727864171,2.70160538869448,5.141478170182542,3.745466946641814,6.236535397039242,5.203163701876196,6.256838383543864,5.747317782730553,6.908520026498839,6.301368428231453,6.781189820217531,6.426345695185006,7.78249664830244,7.125690034160635,7.96746555169551,7.09467023732458,7.180059747001969,6.904922892723382,7.359725874127256,6.673958867987288,3.789519675387534,7.067479738786396,6.675195224825474,6.179823942816427,6.203621613112021,6.272839336919945,5.428794060741453,6.234787677167997,6.35528220562336,7.443314395975066,7.295093259484338,6.791461016336203,6.8621936,6.074003815838339,6.6764170217894145
2022,2,2022_02_CHI_GB,CHI,5.0,DST,3.9652676160871234,4.975248,5.220989222768414,4.06096528026648,5.066981513195819,3.7174576522872433,4.891134564013493,4.540326010238257,4.894181323578692,4.850133494207083,5.150426638891265,5.041715041613486,4.973064856085506,4.911713035820595,5.107849865501545,4.709192460743086,5.381308663737887,5.476931230540766,5.313765934450365,4.97349003348754,4.943327663374397,5.5683565407224025,3.203143537129518,4.463858221981904,4.6760685047280495,4.179336383100571,4.3934051501140186,4.071465886949573,4.547159978062828,4.7569535853430605,4.82771583474265,4.850951701647853,4.794892044987298,4.974092325223648,5.0152164,4.634376299425004,5.912264075101656
2022,2,2022_02_CHI_GB,GB,9.0,DST,8.911520834635645,9.613564,8.875895765955352,8.781844917394679,8.610251843540903,8.648998250386146,8.351683646790846,8.28431778165702,8.343961030451446,8.05868445773984,9.761064341293476,8.941683143293885,9.204435664106768,8.814417537453545,8.481347546135485,8.21256845633501,8.26428032549048,7.958527822395981,8.234297373986891,7.898124027877819,10.19770078231929,9.556077831692113,7.146829006380235,8.608986818655438,8.8000258573515,8.777232234270679,8.642943633905713,9.054225067166902,9.094230900139616,8.391728212595341,8.297768808683799,8.687516693989762,8.674774076103805,9.113322379916074,10.110808,10.527622294618224,8.316906119347898
2022,2,2022_02_CIN_DAL,CIN,4.0,DST,7.53243067316748,8.950947,8.680504310233333,7.861087903987016,8.189696716438466,7.563169373767103,6.830170518219256,6.381422476930433,6.799934841541534,5.974029778437447,7.218846400313003,6.931157085149554,7.233465722261106,7.087178295520771,6.665690660097978,6.846140170573419,6.770536470115809,6.915702062106167,6.929402766950073,6.632247279743982,7.105051077402545,6.507061077143241,6.495346306380196,6.938741394940616,7.045828580236618,7.5565478482395525,7.580665023311625,7.669051583894244,8.147056049873354,6.7128130461726006,6.48532196241215,6.631109771015749,6.6806791878275975,6.9319517750884625,6.9495983,6.644850954032623,6.323565285349444
2022,2,2022_02_CIN_DAL,DAL,7.0,DST,5.384717621414035,5.637864,4.341757271556277,5.239592058009348,4.4540118137071385,5.066931462564483,5.088492360605132,5.142951185287487,5.110021607328504,5.537769519125384,4.833448125647374,4.846842644853783,4.863335855349458,4.712306615991366,5.358467654475758,5.239719123689545,5.406370833212325,5.576937143043473,5.076008895990205,5.919479361283452,5.425299585927792,5.790922553881245,5.196082500394988,5.876924284375642,4.687518419053459,5.459077130143056,5.533436638872076,5.4938535317928325,4.7289561166013705,5.0876960628201475,5.2171770657314385,5.33567721743936,5.236520403934004,4.9695486769667,5.7845864,5.587047659243565,5.371829825519722
2022,2,2022_02_HOU_DEN,DEN,7.0,DST,8.160721822883769,8.97929,6.360738989384704,6.9631292187498754,7.219145282241414,7.467672787787061,7.746873095362202,7.7185564862715585,7.746286846870138,7.685748471065462,8.624692894505655,8.781786453068978,8.909758377163264,8.723177403489407,8.277636253791481,8.315749729403949,7.979041951233086,7.803916823838808,8.313325461714685,8.130781477103234,7.681395693706666,7.38842179319326,7.30192546951454,7.828417676000111,8.605566237208706,8.140605783224705,8.12048974356564,8.296815108509511,7.226354479081338,7.794869570457335,7.792988483102537,8.434315283747576,8.155458252716333,8.736983075423671,8.484959,7.750862008332332,7.805981616613027
2022,2,2022_02_HOU_DEN,HOU,6.0,DST,3.498010235245637,4.3409734,0.5481310975221865,-0.3129700694573989,1.1420539339555704,0.453154359299309,2.860919747346601,2.4471413210518564,2.9036665746505723,3.2992109744690006,3.453404731989089,3.676008943852912,3.782261284560765,3.9232184280034654,3.768151749758555,3.5219467332342758,3.543857203643371,3.163763580879916,3.353289177716357,3.4404200096404747,3.5627183116265817,3.5706322677265017,1.350810914244143,3.388608552605208,3.668744536515464,3.5819775554264353,3.6659448756072335,3.600342802786125,0.7201596461941255,2.8456458695208062,3.1979651698899665,4.224423383878568,3.9395629964352903,3.632599006109843,3.104286,3.0578407422497222,3.638675001419872
2022,2,2022_02_IND_JAX,IND,0.0,DST,6.684560766979518,7.7191696,6.783059705510895,6.0860856266635865,6.870404514490201,6.626259586925799,6.926393211081742,7.003737951724722,6.927467783739496,7.037252660730748,7.226145506332921,7.174842398680162,7.385368413091672,7.331010261274735,7.348332310234747,6.937715471824108,7.328710381282358,6.787011090161381,7.502259095512224,7.037362724933154,6.763496276157178,6.956195995442054,7.396116216819537,6.032286584744681,7.1747556092422,6.673710569704234,6.662860372428948,6.806119741553398,7.2016223839791165,7.175595596537525,7.163520187361945,7.6978590715306225,7.4628971526341354,7.25545948189974,7.442278,7.245992536764353,7.055903559680889
2022,2,2022_02_IND_JAX,JAX,21.0,DST,4.773566434875926,6.393936,2.786375507881799,2.189572128355014,3.3239006231481687,2.9144694146483343,4.155558699424004,3.874847504457377,4.17375076816641,4.297659165596516,5.879495753618135,6.062679046404538,6.210470878422239,6.120582924687263,5.92760985243957,6.231138131269132,5.650344612900764,5.669396640507111,5.2601418121527725,5.012298077314849,4.793019358731701,4.659236671866791,2.4880865463366963,5.637027255411635,5.931182065968245,4.898327488251491,5.0230885416270565,4.885410448331717,3.3381043818488525,4.115274518711457,4.262274763981923,5.735454545116274,5.55972239261411,6.029146856920417,5.007919,4.693168966377384,5.167357256532719
2022,2,2022_02_LAC_KC,KC,10.0,DST,5.257665718925553,6.512924,5.817667758924047,6.363409391087998,5.98304788564146,6.331021437019488,5.993256130274704,5.887532907732958,5.986008807154892,5.731967000947739,5.375481466427564,5.587604083032487,5.624162353380497,5.734092174529164,5.492054285911899,5.872700666637559,5.368568361134625,5.362669886922256,5.776584373397455,5.558055354168066,6.121300464240734,5.5979304389498425,6.551799279155656,6.349843793234933,5.474624907961815,5.203206657505008,5.148747596084463,5.366972468398659,6.0307749512040285,5.87047058259034,5.805806935105537,5.6369311571069485,5.052224164880245,5.37843972690266,5.3581815,5.698209524528833,5.5762144657780555
2022,2,2022_02_LAC_KC,LAC,1.0,DST,3.666633111184325,4.745947,5.672594236778821,7.031614838249771,5.2341998876403535,6.046059294749168,4.115975543065845,4.674859968355356,4.09590366259166,4.287201590876532,5.342701150419439,5.552226562903469,5.135642202216094,5.067420940938145,3.724437183055529,3.4876420934041765,4.085776222666885,3.626415980826354,3.965293803543815,3.678523945126464,5.200604419743761,4.782215136294217,5.401323758495008,4.320952412476983,5.471297378636134,3.814768213592241,3.9629033160001574,3.7693014400897256,5.380026735295881,4.241857752637651,4.076674608465334,3.3258408599059184,3.823509101011351,4.883662217523022,4.25694,5.528024837897482,4.486382189811455
2022,2,2022_02_MIA_BAL,BAL,7.0,DST,6.420930356609597,7.639885,6.678937753677658,5.4098930665463945,6.763988718304317,5.850092589514946,6.501004724876475,6.305669615017665,6.499522763219954,6.396412332812721,7.053967064071953,7.049087205381475,7.130764689310886,7.1282612615127485,7.124784208936992,7.167808953014777,7.286486313151827,7.019627629478533,7.109127716067111,7.000512318583798,6.869098984357552,6.957632374675987,6.314451007178202,7.224020702165123,7.177155695769737,6.459687612463375,6.498444868317152,6.542787265530465,6.100762767123802,6.22308174029328,6.260540506941568,7.293867215440006,6.923804292488703,7.212268721365916,7.4738064,7.34908196749135,6.448194853074263
2022,2,2022_02_MIA_BAL,MIA,-4.0,DST,6.497481891994873,6.314652,6.948459083218637,7.604900402542161,6.883708554714675,7.162605333231809,7.140769098109692,7.017876007222284,7.149294892983967,7.169845014637788,7.317440988810483,7.307833615769422,7.514088237735864,7.1809816942757045,8.245840987104637,7.792534448097491,7.732377960154689,7.966002970822275,7.997066897608073,7.961362244656051,7.468751189313281,7.429833601649083,7.369001680426507,7.939770471059187,7.620807186298886,6.438860504368523,6.380239116742172,6.610365327736295,7.356999282440796,7.447431103487615,7.479089080132817,7.937951573062658,7.924762451954446,7.375605461955562,7.469769,7.044670205217972,7.664385314222448
2022,2,2022_02_MIN_PHI,MIN,7.0,DST,4.422647837119819,5.552961,4.261172579468962,3.526714802093667,4.207219019984299,3.997532712595534,4.434358613178485,4.239902412708241,4.4463746706953575,4.473782841583889,5.734762426575136,5.741755330631737,5.946410323161932,5.835508210483778,5.566087695564229,5.726929999780753,5.454863948810924,5.361604654632487,5.841679000132802,5.74962864174578,5.206124518467771,4.673286437020248,4.981979644990656,5.334667236342157,6.202080288299008,4.577082980402932,4.731518123686045,4.529102061068474,4.578796529311308,4.277926576230863,4.336039552689291,5.103275844706582,5.174587484542335,5.554283108544085,5.4607105,5.320853099797183,4.756838455224421
2022,2,2022_02_MIN_PHI,PHI,12.0,DST,5.75345735454418,6.657322,4.983501086203799,4.242528562524932,4.929123627655892,4.794732503429906,5.4386926046019175,5.5997866284364335,5.445070328425725,5.721211595772657,6.41832610027217,6.539239141759566,6.519250072968034,6.789121870628472,6.03705219637568,6.336297163123941,5.9453063425141925,5.904454092786255,5.578636227673011,5.539884397282654,5.192776392328302,5.408061091587254,5.275386238177248,5.6508115070367335,6.341033203060515,5.739189431075773,5.724921507607366,5.866579913901224,4.589221135959805,5.473320913978337,5.534016033785955,5.518548268868107,5.388688537184234,6.376275123428374,4.816777,5.016544747392684,5.667687805890661
2022,2,2022_02_NE_PIT,NE,8.0,DST,7.441155333993782,8.274159,7.505143877773071,6.040833497474749,7.591580063539886,6.746932562515665,7.323435612254715,7.0825542915456845,7.316404735771986,7.058142219915112,8.09454921788193,7.868220761434484,8.034343027663015,7.9519120191226,7.634018224256559,6.892302658009688,7.985531041290531,6.962365544473762,7.697837094071399,7.686216039710541,7.292518521584048,8.08843175860798,7.581993760242239,8.686530175097563,7.794218397574925,7.496345268471318,7.551535202948854,7.573699266405522,7.345100205700373,7.188127200584148,7.16892348449717,7.493235558413525,7.5563255808196725,8.028330657746967,7.07173,6.9472271540817125,7.338566170500437
2022,2,2022_02_NE_PIT,PIT,3.0,DST,6.113908617218994,6.9489264,5.556150775328627,4.311641035924748,5.279786698757227,4.890085613973129,5.630186317137475,5.600906102047565,5.64407137709122,5.8165449670662,6.996187548849054,6.91754021843812,7.1224576947914695,6.817209760274983,6.73752173468648,6.183396622884324,6.827619568515257,6.703100123141027,6.642035112259195,7.161938204339427,7.590732840297523,7.206407965116785,5.29427152320396,6.945848574283914,7.136498869796911,6.140455082856783,6.167001548494573,6.231446795106123,4.664647948543054,5.338316651055983,5.492301671321918,6.746987385715442,7.14863619648565,7.234402286873392,7.5187135,7.417596508098796,6.0563354397031235
2022,2,2022_02_NYJ_CLE,CLE,3.0,DST,8.891900501738473,9.285065,10.024710119532887,10.704336102056018,9.932647668118584,10.41164766672266,8.936744692988253,9.103104328733984,8.913496608642422,8.658808722936461,9.114366485185764,8.724245618686183,8.860848912968764,8.661384926134934,8.37456887401695,8.22612537859383,9.052907675079858,8.87790652442403,8.983934560155598,8.514441981232746,8.448102278566743,8.782435565565077,8.409982626374017,8.531997319036595,8.642675848816237,8.869571743250653,8.847242984762834,9.036296083186059,10.069233785645388,9.01377743388507,8.828064415389228,8.210439139758227,8.459815532123582,8.649681397366454,8.152932,8.156565614400941,8.90141635238605
2022,2,2022_02_NYJ_CLE,NYJ,2.0,DST,5.365852772130042,6.413727,4.813466959985332,4.034993564503395,4.873031498906185,4.325203839435993,4.982646879175991,4.352430721203678,4.989616807564078,4.519161478676807,5.51000194333315,5.32909723369815,5.352902457814033,5.451365822307908,5.909780182548198,5.617914112367401,5.521957234944264,5.910033482966501,5.379161862709236,5.32485942490367,5.488137620220159,5.186459670333152,3.9155851919148303,5.205856156471841,4.982467386435463,5.462242832756416,5.55863289338279,5.483329831314359,4.825730267029465,5.002663813258306,5.0454920015618505,5.647746875495032,5.592424538243446,5.526933054148053,5.4128876,5.048670712666445,5.364639045193264
2022,2,2022_02_SEA_SF,SEA,9.0,DST,4.793723654014598,5.7341294,2.569873527838726,4.41652063138609,2.7145114030552886,4.106078044679846,3.869705621753304,3.9800183956460473,3.899904480394704,4.28056348780024,5.256223631095507,4.7039187130340565,5.082441854337456,4.804577442736777,4.846406855584476,4.546557990897094,4.545575961885701,4.152494676029839,4.768489952006896,4.012015283581748,4.775760225620991,4.245485062431633,3.751599089280487,4.838622871976771,4.731586257895171,4.811354208356991,4.828984762699383,4.904177747990386,2.5564924568004486,3.6736598323205283,3.9320390373812457,4.947981176747078,4.482371009048189,5.151006401191906,4.789664,4.169523359017593,4.4268205702908565
2022,2,2022_02_SEA_SF,SF,12.0,DST,8.444855410910924,9.488956,6.870627131206387,7.394998126406604,6.967102418616358,6.875574398642985,7.155206886347718,7.190114307212608,7.155133257064424,7.178484462765475,8.61620408875368,7.796794535452836,7.878232121196239,7.71826199279392,7.478276114189303,7.623552191362775,7.776173881855246,7.870807362487932,8.041084489401161,7.609993686031236,8.361351356869301,8.182559579130542,7.146233423030915,8.167456431262796,8.004011246809418,8.433012941999767,8.42117047308861,8.585669224173959,7.24424510358896,7.5321720452929,7.502577027468136,7.910632425762415,8.013271429085442,8.169934467500031,8.998453,8.316790620210579,8.00437963382917
2022,2,2022_02_TB_NO,NO,4.0,DST,5.387315550121117,6.425088,3.909110133696175,3.7459106377570266,4.565181191938036,4.477423816690171,5.166634102338316,4.905339727186998,5.171142214426047,4.861314543882784,5.419454840862562,5.370881064518635,5.57548084356095,5.583060004874511,6.065721070822204,5.881231059481831,5.779760592563588,5.8761017880878255,5.699907104758648,5.934824665540868,5.017467854653549,5.4965934157022565,4.2704698643418215,5.324924778638801,5.422704987835624,5.4206984567266785,5.45408136333224,5.4990577704588555,4.857035470062453,4.9711177950565215,4.991257272617574,6.3357061273442286,6.107430460185414,5.537402287770417,5.789391,5.200132874811378,5.206449865717229
2022,2,2022_02_TB_NO,TB,26.0,DST,7.102210981210938,7.529449,6.003525372657446,5.769564481945345,6.653599942979191,7.05647049313583,7.237540420421072,7.698504093897744,7.245807620960273,7.726627699830486,8.544119139344682,8.419834697033131,8.667336490407196,8.669930027402687,8.82286113993959,9.106532555568178,9.321030966876243,8.170476278420928,8.009124569722298,9.064839761751864,8.50989253295608,8.662995020341521,7.69585396331372,7.978316057380969,8.617028886414142,7.101058643701399,7.099906306191861,7.224161048154089,6.544034391606075,6.950375852861203,7.016646663518245,9.24409587417708,8.956908554033493,8.611745794190568,8.036656,9.166052321211277,6.836013282402835
2022,2,2022_02_TEN_BUF,BUF,20.0,DST,8.381452779577158,8.6310005,7.158027787978462,6.671806039391211,7.250652081331705,6.497658321472303,7.649701024342684,7.347102556455245,7.656988512373345,7.600789574824768,8.289432421711382,7.6205214673269746,8.31652852600026,7.930247248971012,6.175732953646524,7.208174291391058,7.137282133738539,7.291112952471359,6.521540358151555,7.832399565988132,7.589774518966775,7.613042018889467,6.766884687292769,8.450433911351393,8.351886408912232,8.308628900186743,8.23580502079633,8.51115140996917,7.243246967795223,7.7942811541770824,7.858604337249108,7.153029443675091,6.939891733470307,8.072826415148077,8.141507,7.864819423575545,8.006863071803805
2022,2,2022_02_TEN_BUF,TEN,-3.0,DST,3.7298884731823416,4.2135563,4.16620618944293,5.443801305600472,4.044246642418887,4.8948704153061975,4.094807496038087,4.379593043293571,4.101278581716314,4.3923499243714135,4.300646322599784,4.347098933785654,4.180609783213411,4.375562151895979,3.845628234935453,3.494434168618564,3.5487723943821123,4.065018002845613,4.715999703093307,4.6976829911746965,4.226907183964369,3.7047938443127375,5.372044236686715,4.545298405891848,4.527310254447519,3.7930077770183708,3.8561270808543995,3.8319913561080865,4.5612963122746155,4.141176234272956,4.169398095179588,4.33997625523812,4.01287576699071,4.310870620257103,4.078526,4.251853917784923,4.455870913334435
2022,2,2022_02_WAS_DET,DET,9.0,DST,5.094462557596342,6.0428376,3.9112568147832265,5.571704613338205,4.130028390183525,5.1178481132490266,4.610080054569801,5.005588163133981,4.6244067198615,5.174644619271136,4.706139195629603,4.751575219135221,5.15269612486308,5.152603584635169,5.645262008891455,5.537906968601941,5.201646791259569,5.31842580830194,5.019621605527092,5.490034643298259,4.836830440776346,4.6599658420366366,5.4774597580583215,5.760706488275594,5.085347524243233,5.1542042805535235,5.2139460035107055,5.204681404277296,4.329772435550733,4.744324201797058,4.827924232937344,5.578556323626983,5.18209389359615,4.978914806957757,5.121875,4.805912197404496,5.163983680274163
2022,2,2022_02_WAS_DET,WAS,-1.0,DST,5.352877753360808,6.484582,6.035334370400168,4.531194011344847,5.790153201951554,4.790571082632924,5.497031360544689,4.933328696570716,5.494037330715641,5.067844879616256,6.167035492909529,6.050198973637775,6.035236746188261,6.090550626723553,6.196237916236408,6.394196372833114,6.548201479290409,6.2832875456140025,6.503802968233376,6.480917631639334,6.271835594886044,6.545919999899726,4.912120753536469,6.7887525748656286,6.172681282948445,5.374514808287456,5.396151863214105,5.464596230581093,5.552802044931867,5.538401779457184,5.534545954433649,6.5155921166269595,6.26500473349921,6.148430978947013,6.1491275,5.664557367194355,5.473571956152411
2022,3,2022_03_ATL_SEA,ATL,4.0,DST,5.66699124619752,6.914965,2.6005341802354747,1.6368346533430629,3.113876200594212,2.297976843865582,4.243283876805249,3.891212160004934,4.265079129982571,4.417512837531461,5.8949140941246245,6.2374275416419485,6.256808058783033,6.420183439726019,6.341940219536226,6.379425725544646,6.219450038640146,6.022496630577416,6.213913870805648,6.470940483540596,5.272100370280995,5.972135537661432,3.119918444496857,5.820988323198928,6.431341626469784,5.730370626213605,5.79375000622969,5.7835662486591675,2.938563573031699,4.556571759805891,4.731494924475092,6.444095030866385,6.517792968388609,6.193994479476231,6.023292,5.8506041142979495,5.162761649330783
2022,3,2022_03_ATL_SEA,SEA,7.0,DST,5.831973626023482,7.3567095,2.3610987651314987,2.857194902973385,2.9162099279058014,3.0501006735346645,4.425869296672813,3.939430573490668,4.459857550366196,4.543453870531238,6.169648290914878,5.725408894270933,6.559233991851721,6.325335639970368,6.53068833569375,6.104382320823398,5.880495162979338,5.575566283301314,5.551053798801284,5.89317693074082,5.016682675659514,4.375722749586889,2.793527649213836,6.199157318844782,6.157065890117438,5.846761478590183,5.861549331156885,5.949491319460154,2.689379637223765,4.269668121094281,4.546237515245597,6.674513656056705,6.416726717800682,6.543184629011294,5.3458114,4.607306424247051,5.102218678900264
2022,3,2022_03_BAL_NE,BAL,11.0,DST,5.804907054067109,7.2915964,5.48295979518974,5.232659543779263,5.187981090522259,4.843560253396539,5.105024219849755,4.851728190674854,5.106729288373604,4.931044836127826,5.918689474018612,5.782519627447501,6.015999687254058,6.282602544573892,6.4545036901594735,6.618318693311118,6.393535125115042,5.881497012469571,6.246302915312855,6.130859979498638,5.670332092345575,5.644589068177242,5.733879589756278,6.087982212962422,5.883461917416132,5.806349292253311,5.8077915304395145,5.922421831743983,4.669412989773647,5.033286232023414,5.089568917382374,6.704657954957956,6.097709798039833,5.960638116217297,6.136953,5.826698766349257,5.360399352947898
2022,3,2022_03_BAL_NE,NE,4.0,DST,6.256292351310557,6.1872354,6.383078938412334,6.200742052076925,6.484539874528696,6.37397196188563,6.381857057024684,6.25895314301391,6.380381034609551,6.336393017983647,6.774383503813685,6.805711046182137,6.565210891996403,6.768007108007772,6.561765742255326,6.805422173768955,7.103625550518126,7.018087399611234,6.816142458540237,6.692533483495181,7.370768135412179,7.549376636363797,7.532998524852464,6.721933399383195,6.91259606270522,6.177899453667918,6.09950655602528,6.366909739683859,6.816449840176063,6.559695609868967,6.544739612950931,6.50619439510677,6.3911760298547415,6.930475766938342,6.5240736,6.497156505442464,6.427985716882004
2022,3,2022_03_BUF_MIA,BUF,4.0,DST,6.383304518502606,6.275071,7.976767331463773,6.9070669824616,7.97642737522827,7.049369221188639,7.834545277494314,7.803519495437428,7.830648787385217,7.946867040225564,6.490898267761634,6.607042216086395,7.327194208059853,7.179312767215283,7.435896855916207,7.065953401851121,6.656666875503898,7.470859644952263,6.371639482229264,6.983948472243887,5.748565770660522,6.155486523129887,8.533222101800195,8.085730464987604,8.181792432313692,6.362265246560791,6.341225974618975,6.49253246386778,7.58585899151212,7.922173396981041,7.9413670545540045,7.950058809319655,7.022686786147933,7.124311897446205,7.0846806,7.056302091824816,8.018460136714104
2022,3,2022_03_BUF_MIA,MIA,9.0,DST,3.925742656012935,4.508094,3.367188738991101,3.9352637097281735,4.021443446077747,4.465703287333185,4.820116954792885,4.8646062398942576,4.82690598142405,4.89165200885785,5.187526386070578,5.377100615366148,5.0798416947291445,5.160480123886785,5.035230330283522,5.3945410835663,4.983831061566987,5.437946701630514,5.217613364888262,5.621722426640427,5.3986512247760094,5.070067230089142,4.7391995075310565,6.364494755956162,5.285010491938079,3.943208290849295,3.960673925685655,4.02673632401947,4.3183573890158105,4.8635476081237705,4.887702580617667,5.520888811182661,4.955369571978476,5.188286533201371,5.4460917,5.027904468169903,5.175485436023936
2022,3,2022_03_CIN_NYJ,CIN,16.0,DST,7.386452348297876,8.0958,8.638653871637041,8.16932484879892,8.688646396796607,8.779095729647464,7.792294323759192,8.02170892895985,7.768347824847034,7.5503407581347695,8.047319533401412,7.9291076989092,8.002365695928159,7.823776964480531,7.223119418946672,7.428525721596856,7.392741923347408,7.334520975954269,7.704890421916032,7.699845269472586,7.294878934089052,6.849703429606489,7.239447841632987,7.712263632260078,7.855370114226618,7.4050917309075786,7.423731113517281,7.514694940704443,8.53521331059582,7.906560978033651,7.727447712630613,7.153131258261225,6.895675812018182,7.758895397689191,7.1667395,6.839477537684419,7.66479659717258
2022,3,2022_03_CIN_NYJ,NYJ,4.0,DST,4.302366236694294,5.224462,3.40725268525668,3.4284415287119776,3.684260905268756,3.722608829593869,4.027456228635194,3.8497362046442,4.039971299672398,4.067436325276914,4.201294367492399,4.437558584876674,4.165968675814472,4.2454011722591405,3.9223959751166286,3.331330410795158,4.077817719625218,3.495104050714556,4.150829691454948,4.098676173968059,4.453169084127628,3.972263747710019,4.421307154149616,3.039345624311672,4.105809773302045,4.447809676481733,4.593253116269173,4.409536582333494,3.488740927915647,3.9249135261787265,4.02194155957106,3.7911502549209977,3.8197542811079566,4.268208576473086,3.9029503,4.2108230072652,4.646232189549493
2022,3,2022_03_DAL_NYG,DAL,10.0,DST,7.820281400869609,7.628524,6.914117562823211,7.906619670141611,7.133436690731179,7.50874411622066,7.996944172220676,7.925022168172228,8.015908615310671,8.295032789996801,8.456152511486337,8.699558514061701,8.317501669329435,8.333437593820404,9.231191544999309,8.507466615735453,8.86443794398839,8.426797531354172,8.942392503106051,8.708935551821835,8.165347793735583,8.738486577903933,9.09916260917682,7.943624833918045,8.14755709644601,7.755177519895463,7.690073638921318,7.947238189586979,8.136528687060473,8.359238178670447,8.424276364722813,9.17924670935023,9.197352087274638,8.464285706148738,8.328343,8.104919158449238,8.32872227631023
2022,3,2022_03_DAL_NYG,NYG,0.0,DST,6.866984257441217,8.070268,6.240587293616526,5.197698398212212,6.424753364165762,5.414564696693488,6.046546474032701,5.112609086948623,6.033310637081366,5.005114072370921,6.905675943237888,6.742604155331616,6.979897038017187,6.702396124468198,7.106254086106631,6.657192734696239,6.799959326512271,6.2118482893689055,6.937101203235323,6.408852826539637,6.5110506018837935,6.574042637133279,6.36452124463229,6.554583841673717,6.924392818698319,6.94038587528128,7.0137874931213435,6.997534134394009,6.834878346005615,5.839652192327664,5.729785935433546,7.026260116070262,6.449091837838009,6.693580963663848,7.394121,6.021475413827623,5.892123049507438
2022,3,2022_03_DET_MIN,DET,2.0,DST,3.7597830169099686,4.2730503,3.737571968367975,3.000226529283455,3.611130271467373,3.472544582422401,3.895766010093824,4.149575305029049,3.909933580567555,4.441228813883609,3.5500221305264867,3.2726185642781376,3.85619065112454,3.796711915644339,3.674370513568207,3.65333690962544,3.628001186310041,3.5350157939011355,3.296724974635144,3.5252403571835558,3.9846883339429486,3.014446602031072,4.508241789644353,4.263510831071519,3.997934754321984,3.811334865324563,3.8628867137391576,3.861815652633343,3.073467376139289,3.8554763849010527,3.9958388453839855,3.568116388557588,3.061918862058614,3.7607159797183916,2.8372297,2.9657886510522533,4.270589724218983
2022,3,2022_03_DET_MIN,MIN,2.0,DST,6.037312719070558,7.144389,6.277999838799893,6.213711929528418,6.4954770375968165,6.622148125712285,6.316506455703005,6.162086464260106,6.310966154220551,5.973655106412247,6.795281329079061,6.871410416960675,6.553148427046608,6.788118096720417,7.008023605485704,7.431465556394568,6.8364674714285565,7.144991423324942,7.288418572401204,7.534260329470092,7.056553588345667,7.20136415806802,6.515764304569019,6.751770463286093,6.621291912744925,6.033397091259626,6.029481463448695,6.150326206173207,6.5347412667597276,6.173172637312846,6.137576675362902,6.647842719033083,6.817786886805341,6.582026867039608,6.7966943,6.467223650079726,6.155819079149723
2022,3,2022_03_GB_TB,GB,11.0,DST,5.977980314500381,7.1528177,5.980153555890192,5.828164884341408,6.244088490157583,6.009873924229739,5.974318155634573,5.93121074299108,5.965682573775121,5.808326508384786,6.756522306802621,6.8593773837920935,6.846168790461509,6.752714407057086,6.198090294938163,6.257945526871264,6.517749278249235,6.347689541049021,6.866773442770918,6.615206060412577,5.849563290108589,5.871350751670795,5.5019976633261445,6.069468945120102,6.806074126248274,5.915188511210333,5.852396707920285,6.095751188995206,6.4765235539112025,5.867300167654618,5.809853510591343,6.474797171327616,6.30484445027612,6.716221461993487,5.9602075,5.898981992345347,5.992657229262289
2022,3,2022_03_GB_TB,TB,6.0,DST,6.190364404644822,7.5945625,5.096814677925116,5.602750626628092,5.016219847149192,5.464898198683801,5.5850460330467415,5.809510675296526,5.602890437599071,6.011509412245724,6.989981398698709,6.779330287709044,7.841843978062,7.411264953235244,8.263618071343519,8.071274285775429,7.877480188453109,7.468596655963311,7.5422470521050355,7.1675898289605335,8.119909525207477,7.678766270443858,5.974069542446748,8.224120549338563,8.13126140402158,6.357562854831329,6.524761305017837,6.310641356452958,5.049864704452007,5.4084418578948386,5.539778053619107,7.860081254059383,7.404081565098768,7.260379579286939,7.5730066,7.885904568737276,6.189180873085037
2022,3,2022_03_HOU_CHI,CHI,6.0,DST,7.893583546984529,8.274159,7.555398172319304,7.183126869322476,7.773020068678946,7.105006979286916,7.988672633938313,7.505846138813133,7.988617687604879,7.592073400852584,8.599666112451452,7.895450356496422,8.421251209741618,7.943771752158804,8.058367964395226,7.897322227857274,8.424794672188547,8.224778112504339,8.70509720629206,7.798801123718151,7.702061511974461,7.248708778286599,7.211488588772758,7.728228155375803,7.819560235238478,7.900084410649625,7.90658527431472,8.02599852103893,7.830353251810556,8.10367338867787,8.104471220607275,8.234668074756582,8.686344674415498,8.424021427258445,8.05695,7.642082042381153,8.474708001095738
2022,3,2022_03_HOU_CHI,HOU,9.0,DST,6.921458653017463,6.9489264,5.92865450708171,4.913813905582772,5.818771005467152,5.131068784957316,6.4795610589890815,5.795271233289807,6.500038053482037,6.226053506067789,6.75152441311974,6.684018913545495,7.002032311176955,6.803328331100757,7.404241184023093,6.938011944634988,7.018009301261527,6.884053091463755,7.107272983767396,7.076502936973712,6.62823205742798,6.984661460618463,3.595403029501917,6.981344286750905,6.679217721676069,6.81839150020137,6.715324347385279,7.0409720356698315,5.890812540699788,6.306818580211928,6.4488101104056,7.628668720522418,7.4768866638355584,6.979446234630132,6.7990255,6.516395019226888,6.523490846355386
2022,3,2022_03_JAX_LAC,JAX,9.0,DST,3.9865673318367993,5.224462,5.706955988465346,5.755029505532534,5.624448586315157,5.642061127805451,4.972389102721062,4.924356271447439,4.962727475593071,4.832557286702912,4.028434713368262,4.486436373210927,4.362764850928055,4.422189798138163,4.74977791435398,4.576643292587511,4.803605036082189,4.658722065394189,4.841959675204406,5.198400269288408,5.323435667405453,5.098954822340593,4.819538864326816,4.777428837056694,4.753478335796824,4.061551781377305,4.136536230917811,4.09269681674052,5.7185011591879435,4.8692310391995335,4.80579477929262,4.521972248329067,4.639756627301667,4.4606284952052935,4.9698095,5.155586412551054,4.905463120593911
2022,3,2022_03_JAX_LAC,LAC,-4.0,DST,7.065938471095487,8.0958,8.621544231973756,9.894027265648642,8.129657109019128,9.163826692307056,7.302720263549758,8.015671949331104,7.285176865444837,7.539554000720789,7.111034143796998,7.546767944223554,7.1522682667967565,7.38376373199145,6.865124918637294,7.022734620485103,7.188673769900458,7.432392335924241,6.907519894101213,7.125776176885379,6.664186724170446,7.6679638723840915,8.42614064139928,7.110951933190105,7.392456771028934,7.063170485440389,7.060402499785291,7.191745013179173,8.296923602430413,7.4370206078003775,7.301612928366642,6.590151546457232,6.875547654242986,7.1009060712520595,6.712643,6.849846573223716,7.204238163947063
2022,3,2022_03_KC_IND,IND,6.0,DST,3.714769554991486,4.8733635,6.002064425686451,6.097675061770094,5.426898355182098,5.693021891645282,4.392164142219464,4.720926445085409,4.377297115752022,4.352513050431401,3.502834045266396,3.4300958282999665,4.012199530049279,4.033597365169923,4.155090004870381,3.558244208800304,3.630607677570085,3.78416797753379,4.131540551009233,4.527602244086654,3.994220237287295,3.221017209320632,6.6494946459105,3.745953481071711,4.002436819338379,3.8317249684501276,3.948680381908769,3.817981834114866,5.8906604325999865,4.785830274070804,4.6380012942764415,4.5619763588924656,4.220801960086085,3.736159060255871,3.7020972,5.31458541642336,4.683559489681599
2022,3,2022_03_KC_IND,KC,8.0,DST,5.801962067036583,6.861213,4.376264218498756,3.2562657372022845,4.310750235347418,3.553204014357166,5.525444248801449,5.099712180420955,5.558178015208766,5.857047805821834,6.860763429490435,6.755081823050163,7.73710967752761,7.834432849436242,7.66289880475295,7.804401216867496,7.892222042204846,7.757953163673136,7.220318405618718,7.290600074781178,6.158427755913954,5.845036219433108,2.7346511836602043,6.70685179637798,7.204113616728647,5.773023426537995,5.744084786039409,5.912895649774268,4.000384437589412,5.495711807881314,5.760497751458624,7.174888194429424,7.507221143038341,7.2336369411928265,6.041808,6.265462298335984,6.079892170368568
2022,3,2022_03_LA_ARI,ARI,4.0,DST,4.727394930021124,5.4113727,3.915062994194391,1.941024470507287,4.140041880614163,2.9538485431897485,4.692478744624486,4.197512506841036,4.701273352373168,4.604302513811422,4.754641569857941,4.95714413278597,4.847315680444821,5.111650897337134,4.48836972947825,5.0061588854375865,4.571831689777721,4.727262523613868,4.880146799392966,5.247420729342142,4.894540474064103,5.516613102247297,1.9340679173106825,6.270608372760488,4.912673715201222,4.717277327221673,4.707159724422222,4.833949585473621,4.390075815843701,4.848611055185051,4.920103574870508,5.103342190560962,5.485501586653492,5.000198570705597,5.3337016,6.132509512370541,4.970420895126391
2022,3,2022_03_LA_ARI,LA,6.0,DST,5.456387979001689,6.957478,5.264470990329463,6.66404468779565,5.719425773711012,6.296203969962372,5.849384866498765,6.17423267620971,5.850327908675984,6.189037213548228,6.222319675798152,6.267178838345884,6.374421858817232,6.447648979691829,7.278417035330055,7.473739995760605,6.897809473686316,7.326720113153622,7.129474445857599,7.316920269660328,6.434104789071894,7.839608826033951,6.803182330207148,7.238168777296733,6.316406799987117,5.613350493726259,5.770313008450829,5.569333622340928,6.0003180164782695,5.657871896763067,5.638583322736258,7.050627658388248,6.784337656912039,6.020676193612026,6.943092,7.283413441379536,6.237845131489419
2022,3,2022_03_LV_TEN,LV,3.0,DST,6.3076953753928,7.070724,5.305092627102725,3.560305292786891,5.496442239507903,4.367589749810382,5.941159925623827,5.601527781283743,5.948286255062436,5.838567153508794,6.678787662458771,6.77859667061022,7.29429196435987,7.031998366554663,7.09362010336386,6.663320046701202,6.76150065051326,6.367062128812209,6.38783925641997,6.563862014487776,5.241838811628908,5.430489615339429,3.4500074742409583,6.15103024883803,6.733105690392069,6.255117857149551,6.202540338906301,6.427742440757261,5.585811349443847,6.082381380028849,6.112057825035276,7.249247010832937,6.594178073174168,6.873804949214896,6.2258716,5.385036662532114,6.14164070391996
2022,3,2022_03_LV_TEN,TEN,3.0,DST,5.516932877355522,6.4081073,4.819749642501561,5.963908604326911,4.911026965189603,5.548986355973247,5.276073142157885,5.495248362492693,5.289385929952871,5.635000008284698,6.393734546893,6.150479063032419,6.665187825631152,6.6825822165427065,7.098669328655772,7.225980213606413,6.59496563063331,6.692151868788541,6.673058242785908,6.456133230468514,6.175536349503404,6.364331471895401,6.670825415946957,6.671907839336084,6.430419046040314,5.5757529684534655,5.634573059551409,5.628335699530404,4.976632772221512,5.298646037637726,5.404421203079002,6.6834286633677324,6.434976371438554,6.863743262889778,6.1230135,5.845936145874415,5.789448881812645
2022,3,2022_03_NO_CAR,CAR,10.0,DST,6.430187387369319,7.01123,4.630618652464452,4.189970642907156,5.408053394923776,5.304819974192455,6.350601544753379,6.209359512360063,6.361820346368336,6.338917352384326,7.435465458726344,7.1193664035242845,7.257534136786826,6.966147295298991,7.330757150512859,7.222567213100205,7.427938583200374,7.4216567878675965,7.494583236590133,7.162148653115157,6.94121180812081,6.467355511512309,5.651294781566505,7.462261462660551,6.894267591333153,6.4686600599439785,6.507132732518637,6.550368678775362,4.676205034742553,5.984384395751968,6.090155580651081,7.551194161173443,7.659362992220706,7.28583220051101,6.941469,6.633354899730484,6.386473024217541
2022,3,2022_03_NO_CAR,NO,3.0,DST,7.525455956965873,7.894719,7.21523872619102,6.58081149767785,7.791666746706737,7.630710248516324,8.147865509561342,7.800396358490213,8.147840948528264,7.755534201128286,7.956843107431367,7.713594161530997,8.244963886293467,7.9203439004263325,8.535989266841307,8.04161185630871,8.860894737895078,8.172156542775866,8.831856700033864,8.070023419989326,8.707078001715608,8.675674100841404,7.00093073022885,8.165519858858794,7.821798585603921,7.502972258504373,7.480488560042873,7.652119432969008,7.901818365629634,8.041709353185844,8.028131490125471,7.958800754828205,8.248208314242438,8.05588488930337,8.141333,7.727691688873439,8.132430009110331
2022,3,2022_03_PHI_WAS,PHI,15.0,DST,6.776352273843447,7.826796,6.42482484006067,7.744410671899022,6.657220161571275,7.566011354242471,6.6945730618041,7.140559145650667,6.694072593747404,7.035375198658514,7.561025593507797,7.6150625702168355,7.474177717140151,7.690857199702796,7.247147116696657,7.419955458240852,7.318861083043172,6.9233675147728855,6.999452992098948,6.774719185377344,7.34559548448577,7.384576778748825,7.022121771186509,7.285422358846227,7.661101178109637,6.781799259169708,6.78724624449597,6.899181580581389,6.704943450524063,6.911801320839096,6.885715900542514,6.746801460836239,6.530944820744095,7.4754532418038995,7.23147,7.018951605181616,6.898890757075238
2022,3,2022_03_PHI_WAS,WAS,5.0,DST,4.248158611498227,5.1763296,4.046044253318776,2.772434268157125,3.6703576830883806,2.8962364953675195,4.070478940039951,3.574635849227753,4.084157849602185,3.9218357718927104,5.090469044300138,4.820364167830456,5.118958247269696,5.02079021452713,4.674046179362707,4.410897440321977,5.011952174569004,4.87725959641511,5.211207372202348,4.912362953588165,4.391385147680879,4.888789250785086,3.697145121332511,4.6065571905213,4.923534739086525,4.401424903890013,4.5546911962818,4.354764088156741,3.822307707945369,4.047167041852426,4.116173573624152,4.6943910619922296,4.981363242491229,4.956893863044329,4.332503,4.156882452046332,4.638539253516367
2022,3,2022_03_PIT_CLE,CLE,4.0,DST,8.006079999071758,8.9226055,7.479379963054916,6.71128662620055,7.632408928952255,7.287781672155548,7.375393618831309,7.302867483626591,7.365077337806583,7.101920161578979,8.103412994800653,7.617715043314946,8.087777031271397,7.752585274485718,7.609311815089316,7.383970662240347,8.237108776472706,7.819881062206213,7.913685286884483,7.8774619633788125,8.416258070038497,8.100395033974994,6.456624118030234,6.894630345369332,7.750285534689038,8.04762574031145,8.08917148155114,8.147728886886458,7.564933304569003,7.386196498532738,7.312715753090486,7.860574294365407,7.841199529018887,7.950929472771879,7.626067,7.711274937341453,7.511306047420425
2022,3,2022_03_PIT_CLE,PIT,1.0,DST,6.417705937411257,6.9347553,6.153256155214361,4.970022260308389,6.148894606482039,5.932260316845772,6.346006296091979,6.307775578703388,6.350965372826928,6.329329541758653,7.499898889399916,7.307609534560989,7.247204056355093,7.094368635533408,7.195273561579103,6.590125250030567,7.240820324965998,7.03812765294049,7.029302339624692,7.404527661421627,6.567488791045472,6.947011776781532,6.087725266301457,6.90031146645793,7.08470730267773,6.5007593557262355,6.583812774041215,6.539684192338031,6.427662748409754,6.332182598535001,6.343893514659813,6.903674819989778,6.913071501339809,7.039071937808215,6.667908,6.528933409029961,6.533138990756109
2022,3,2022_03_SF_DEN,DEN,16.0,DST,5.629474181677221,6.7563963,4.124541376042215,4.680123911767377,4.598447492060791,5.025447288747079,5.360187914843164,5.300279369668436,5.374650196819093,5.484409174601118,6.417554014286824,6.549419300433694,6.806499905667323,6.669525378386523,7.403831577158952,7.241429934393157,7.23399483961972,7.070930856270847,7.529408580499492,6.655564751992394,6.315016035311467,6.2270818483350014,4.414936457079325,6.63241104949742,6.44292829145196,5.6605165233965336,5.691558865115847,5.743528036450205,4.002632562232302,5.0603375194742695,5.232760349169951,7.491115653782583,7.276400163044196,6.509141433955646,6.8506346,6.606405412131955,5.545069526457668
2022,3,2022_03_SF_DEN,SF,8.0,DST,6.433301854002488,7.1981406,6.32578696205074,7.88688244759227,6.155850689212045,6.718051672431274,6.509244521148075,6.788570989564408,6.524987232323191,7.029341913318853,7.332101025398268,7.588122596059705,7.850766620158654,7.723461387091108,7.141643019746179,7.272526035649401,7.213004302536063,7.285962521662104,7.290818002833862,7.6845696108486,6.763015880764124,7.185542421564324,7.246999550965818,7.49140155667075,7.635420174477034,6.385867665336463,6.338433476670438,6.549363201660253,6.157116017144378,6.722072882098171,6.859664748150416,7.281505034597739,7.33347631149375,7.526313451372126,6.339178,6.153488665803218,7.171074776278825
2022,4,2022_04_ARI_CAR,ARI,12.0,DST,6.267151768715617,6.7563963,5.737486520661685,5.28896118596005,6.078162313751598,6.13998291830819,6.323099934605525,6.458871084494064,6.32538239272777,6.599980917334795,7.183303130768128,6.719331352468257,7.032172506195052,6.990611175777079,7.003827902895652,7.149560327190391,7.000286244597518,6.617901357300861,6.883130603356857,6.738195338253315,6.366962616852668,6.131317485827195,4.529014457186381,6.653476563461619,6.790573251576448,6.251476971029054,6.23580217334249,6.3833954831148745,6.583488230328098,6.508700187228477,6.505904105888575,6.764379026228735,6.725956792017654,6.9079374191007705,6.1285324,5.8772928919349585,6.709901549865901
2022,4,2022_04_ARI_CAR,CAR,9.0,DST,5.195728202191521,7.1981406,4.602165386257986,6.624576751607633,4.723180758982384,5.919167681757663,5.135614475305049,5.417344113796529,5.144468372257255,5.312619362110186,6.565901706944704,6.405771142836212,6.9996901592215774,6.649018776435764,7.315639309574671,6.699231907251582,7.074567951364241,6.974591235272025,7.234606532544751,7.1126035230524725,5.902262775652699,6.515214003518644,6.869710102879809,7.424918038681222,6.773250292688578,5.427416878460779,5.659105554730036,5.311648138343294,4.757153964847129,4.925377389086298,4.950813854503817,6.7674355489802425,7.069594967657171,6.941995266199051,5.6888833,5.9869094127347084,5.626571747512071
2022,4,2022_04_BUF_BAL,BAL,5.0,DST,3.8587991176007055,5.3632402,2.7759010513069464,2.603919487066693,3.0164842636320834,2.941644622417348,3.7340546265469823,3.469157053440534,3.7495540622305854,3.71108095157248,4.968045633449128,4.876718924344027,5.23763759368529,4.953193030565914,3.902237336430957,3.410223786190925,3.5412682186144533,3.898634745702995,4.261433684002861,3.623048719792108,4.124150667355184,4.436805123425784,2.145611308943808,5.159738477881622,4.837572848401152,3.973346364359513,4.087893611118321,3.9636201713870625,3.214920672586422,3.674721091657663,3.7560547117174905,4.2161878361681975,4.05278271038834,5.154810515493975,4.6093984,4.262291158755636,4.324213985221537
2022,4,2022_04_BUF_BAL,BUF,7.0,DST,7.001127957649851,6.6884737,7.133738271789094,7.211726729619505,7.033872683564283,6.860942447007061,7.104947659839723,7.080059200424173,7.104675934586112,7.242498152474519,7.52106185153637,7.246035215391355,7.351696920251423,6.937431718253949,7.770343870517778,7.775153262939906,7.692630332992969,8.593590943576146,8.144525224453291,9.172073565454628,6.820737908885077,7.118791964479236,8.480713091929578,7.91380249171543,7.454466699750115,6.903896211005154,6.806664464360456,7.113439403961158,7.593215709139622,7.624787268868499,7.5886179373663865,7.435626183089426,7.618131169384307,7.278926930353157,6.694576,6.782568883456306,7.621876335522018
2022,4,2022_04_CHI_NYG,CHI,6.0,DST,7.09298744346169,7.1074953,6.731871191301118,5.688496116839354,6.771529515623865,5.658570986435191,7.483468527149802,6.923972421983661,7.496401852522244,7.327161018027817,7.124516041292517,6.823440230621525,7.0406219869977305,6.939213145154833,8.04516483257992,7.52168270615806,7.94735999370633,7.3512522049809155,6.841561145056959,7.38798718484792,6.223182025128445,5.882174986007759,5.763804106409742,6.594617835924974,6.886746653721087,7.113227052857792,7.133466662253894,7.214428775987051,7.574364331461156,7.773341909403197,7.829067137248206,7.869218785509396,7.933159035156881,7.16103502055544,6.1028514,4.962438497964002,8.596665615627874
2022,4,2022_04_CHI_NYG,NYG,15.0,DST,8.35222894736027,8.432728,6.281979461606385,5.750349393391632,6.764380685935636,6.256648242057956,7.495245304359948,6.854829143837215,7.506886484431544,7.058702967867873,7.696823664643315,7.176905130147664,7.666495642272791,7.334614493420177,7.8854361323521,7.780812596218562,8.027463808771394,7.535340307813597,7.0702466386340586,7.931000199218449,7.846060979592483,7.877719738383109,5.27990680650952,6.993083909509046,7.105498310986971,8.222607962493422,8.092986977626573,8.483610326807813,7.189249164241169,7.299699169770388,7.356339629160258,8.099380806358397,8.095850303907266,7.928280851265616,8.124319,7.92704184505314,7.723776350767093
2022,4,2022_04_CLE_ATL,ATL,6.0,DST,5.195232677897433,6.122122,3.618103705917439,1.876987055724624,3.952756658139597,3.112924961421865,4.470093606172355,4.054839633256512,4.482339944626101,4.38671610772698,4.891355608638485,5.294805659568216,5.494390862699946,5.7795792779986,5.823910373898805,5.627317293329376,5.36205383605045,5.557696727731266,5.626715860740286,5.454354561851389,5.168902198003712,5.090642174812222,3.767507823439831,5.814901425864318,5.767033136335347,5.283320765321465,5.371408852745496,5.307397971408596,3.8542940359380378,4.485628480701141,4.578799718019268,5.633054708495817,5.590129635098688,5.345857706454982,5.507891,4.9976261343954675,4.820461236238314
2022,4,2022_04_CLE_ATL,CLE,3.0,DST,6.193820206118003,6.563866,4.978981089841833,5.420024875427929,5.422170888414372,5.314391018775423,5.8788067615209245,5.705617601223928,5.881568285098056,5.85018688674422,6.386960596990368,5.87309167490772,6.299650353922181,6.155359543034776,6.467977515035329,6.848205487212541,5.99529242775647,6.479450761639036,5.933539611502219,5.746474325062029,5.835442483749893,5.564511286290833,4.78148630783693,6.739926435625087,6.249272397341886,6.124861738856233,6.055903271594462,6.305041880833149,5.111283812467429,5.883844028524379,5.934258559805531,6.162858329699135,6.25931611839596,6.421094450910669,6.242512,5.377581023975329,5.9144901402954755
2022,4,2022_04_DEN_LV,DEN,1.0,DST,5.236977840187553,6.1872354,4.536098586178458,5.224621339116978,4.5788863120012815,4.681267354847305,5.142600318690695,5.020755301426954,5.160120168395299,5.340867597306188,6.169446938201198,5.871842322339225,6.5857877189399865,6.020357612854159,6.300957693787767,6.477790431633197,6.110790630276244,5.843766355122599,5.669917664264111,5.637300398197129,5.962115119168103,5.235355367773297,4.356596170139802,6.203693942106011,6.05888338126643,5.319386554480116,5.401795268772679,5.346652288047766,4.184430890600268,4.989349093687414,5.168314616287342,6.038455544375862,5.819906352706795,6.182635438188277,5.6148014,5.4347972806210585,5.5673107214918875
2022,4,2022_04_DEN_LV,LV,5.0,DST,6.115223748394775,7.2915964,4.913615958332126,5.561968837237395,4.898484134288048,5.312966988265775,5.57476239760549,5.835889827645028,5.591450548179954,6.061114013034283,6.465885889344689,6.763728614156091,7.139646112272371,6.850749381896817,6.670847908641351,6.202713980114786,6.851939135641016,6.079749917146298,6.359078336372988,6.649244026901084,5.657148715357343,4.9843055159731575,5.414654940393154,5.222407529242937,6.316123519016098,6.112004367453158,6.108784986511542,6.233896306861338,5.692114879994304,6.040196482610193,6.098374384722909,6.5155377600666,6.558720238286966,6.856735189544199,5.3405914,5.312631453027722,6.202593376520998
2022,4,2022_04_JAX_PHI,JAX,9.0,DST,4.815612431542579,5.5415993,5.585874276575068,5.9415570434137175,5.650131196250086,6.209739612738668,5.600658998332199,6.087856975275104,5.597521794570399,5.8840786264698695,5.766209656514592,5.318329972123739,5.676492013245271,5.598395090861318,5.01549892471941,5.141320975024848,5.349432477480983,5.329959211051671,5.497275496896416,5.25667518607285,5.000825596567528,4.787721047977,6.088112790593792,5.099115827262242,5.124553447536023,4.9037358741932735,4.991859316843967,4.924554904790353,5.887274942584287,5.54945598420905,5.507650586449332,4.69636393523973,5.094869836914886,5.433276641809985,4.9645343,5.689722373720041,5.746803549802334
2022,4,2022_04_JAX_PHI,PHI,14.0,DST,6.882113387330599,8.412938,6.25366456710746,5.841988176524499,6.358450628003826,6.465670008822294,6.387275649065571,6.602712014958619,6.389996201236049,6.573347482990562,6.962619765325856,6.8646298833648505,7.173246998826788,7.043092879888204,6.63953478261126,6.523259456621241,6.306168772032599,7.108627461343755,6.037858729900621,7.145225283293171,6.3185517905024255,6.945619108046504,6.746751567782203,6.794387592048497,7.200963283320951,6.912371760575328,6.9426301338200584,7.010569200485512,6.316956319972268,6.581160615135441,6.586447957939449,6.536925329645578,6.06185358864253,7.251462570654379,6.141101,6.292140169603447,6.68852549983269
2022,4,2022_04_KC_TB,KC,4.0,DST,5.4271311136485245,6.359975,4.700673350366008,4.912384757831344,4.8888653204657615,5.230017119298347,5.274931888931576,5.50006811276177,5.282185081058598,5.535274622092424,6.368985852181002,6.446498620013366,6.612472573950108,6.6360401030247225,5.814714655930713,5.525443898075088,6.335139078256519,5.94937216017355,6.276929376366256,5.944017350372418,5.3772906324792,6.036245691596658,5.224267725441849,5.605942797821674,6.852634940090164,5.403155731565355,5.379180349482184,5.538714228249984,4.823189689808624,5.194119025909771,5.243806736530054,6.36534125093893,5.670548187778079,6.421006655658061,5.7411785,6.029850822931676,5.431519385516186
2022,4,2022_04_KC_TB,TB,1.0,DST,5.665037323107343,6.801719,6.20409679602361,7.237763072780781,6.253571722439068,7.03074974532251,5.991706472620352,6.516794958113628,5.988591449979518,6.271263096060513,5.832789102431809,6.055375206414705,7.041438375745311,6.941108536309599,7.582741943041221,6.95493645973958,6.8008334246696975,6.696510142503293,6.73071271332265,6.628229156211177,5.948682707789273,5.1710474514390254,7.297934902838281,7.482292859916587,7.445897593539557,5.706036083303627,5.747034843499911,5.778158460673335,6.6161073942403705,6.114413505441153,6.0668336138945635,7.152969284776313,6.648200132677193,6.561860699749758,5.6164565,5.8040757962031115,6.072781217051495
2022,4,2022_04_LAC_HOU,HOU,2.0,DST,4.521254109189693,5.603903,5.4559812769524525,4.415969104484088,5.351906187049344,4.55993069572266,5.032711942034272,4.424917749673688,5.033162529578253,4.579572774822365,4.458858424262781,4.620156237447637,4.570096456641301,4.612179139206111,4.755471433436517,4.9564523489959695,4.903034022367126,4.125422086256762,5.010523495780116,5.017086897855888,4.868820907719499,4.48793771617493,4.351990784729464,5.066447399075686,4.688949319571669,4.547648403761369,4.574042698333044,4.628877154102955,4.745105058872847,4.59347830853253,4.650512642633133,4.896588752009946,4.64845363516602,4.544842527876396,4.845501,4.761633807238805,4.597660330921838
2022,4,2022_04_LAC_HOU,LAC,8.0,DST,7.241864398334365,8.033497,8.004436451848717,9.484311843997936,7.620987151359543,8.452425112695796,7.159690982680738,7.465437735693708,7.148067069024563,7.18769181833467,7.550804420647996,7.71564707835979,7.703814581741764,7.414271718445028,6.992744546564035,7.398267851305929,7.09666547076388,7.068601509487742,7.355143763507977,7.401556202078408,7.430890641794645,7.152421918245414,8.276827133114729,7.61632539539939,7.476379794110241,7.2079699990422155,7.174075599750066,7.368634766483106,7.656962968876886,7.131188832535602,7.0366125641638995,7.226334718062679,7.421158946824489,7.572323239112176,7.4176736,7.251239527992316,6.892996600672106
2022,4,2022_04_LA_SF,LA,1.0,DST,6.662828908397824,7.0735335,6.168714481835239,6.046959586493114,6.397487421559926,6.48865422521988,6.52265998514299,6.463854165648413,6.526170913250505,6.468613649427444,7.509778414897646,7.350662154949576,7.39341371556715,7.217962132077603,7.861129793354852,7.6647911583235215,7.856441084928036,7.390418851296942,7.785809114395683,6.980826326578027,6.911597448069271,6.370856313674243,7.027358570802928,7.255108473585226,7.275784626422791,6.578358367007749,6.493887825617674,6.781045694586277,6.251798504153958,6.243147551936118,6.311523169316484,7.807878066116285,7.997061433506145,7.4576411649110605,7.0124607,6.48387345965322,6.322387327130373
2022,4,2022_04_LA_SF,SF,21.0,DST,6.892544835333475,7.515278,6.493826896599202,5.8916850809868055,6.537516071968297,5.795682452795353,6.8210080105305,6.332259237770957,6.827974048096451,6.564995228114267,7.1327972245179945,7.275296307667291,6.989949787172139,6.953897115377413,7.535107797277725,7.681524453176502,7.685790049035563,7.634551085861759,7.759887866701862,7.782075416766978,8.463082596915035,8.962498679996076,5.741224617660682,7.545348083446179,7.184656720523512,6.791681350501276,6.690817865669077,7.0121989871774675,6.725130578363419,7.038713450237093,7.098862534327728,8.110461528912401,8.058936008990136,7.222411909468648,8.539203,8.469790174948763,6.982786304541586
2022,4,2022_04_MIA_CIN,CIN,8.0,DST,6.756213176630388,7.1471987,8.347609051754699,7.882432726974329,8.134272249855137,8.279756003830332,7.32533791031388,7.773025443486401,7.30310206769771,7.247400949493379,6.517412915510119,6.69846046664717,6.661875184268982,6.587138953094102,6.812285156599613,6.907477021534667,6.654661976983852,7.046186669424776,6.992573343641286,6.960090077595369,6.610973402549375,5.812655840583639,7.122742797559992,6.504735259832127,6.888936978458634,6.727454207719809,6.69869523880923,6.8754752609298455,7.314058950879777,7.000814203416949,6.898919084161795,7.36658098719158,7.0430501293091945,6.805563371263277,6.6284213,7.193408826113296,6.852162269735249
2022,4,2022_04_MIA_CIN,MIA,1.0,DST,5.095950969145231,5.380221,3.418012969444579,3.565379039948758,4.0633766025366045,4.258582697687959,5.163744133615405,5.062344912586923,5.183380612976846,5.328831112718711,5.591368157344054,5.427694309979432,5.5762598789817295,5.411435584607589,5.4383353399004974,5.512071048875324,5.721797662127862,5.49818198872471,5.99777289027033,5.394436056848077,5.779776900491672,5.479754296230792,6.296134767043148,5.953704504846732,5.773988700185151,5.179842270590655,5.263733572036079,5.202824868770953,4.351253464516345,5.181564545969254,5.298171635192388,5.3145017263563545,5.528354494324084,5.7173700969941175,5.3858294,5.846973401759681,5.647184535735162
2022,4,2022_04_MIN_NO,MIN,6.0,DST,7.918289025079197,8.177895,6.102744295816786,4.865620847541414,7.045588872358989,6.155302209232516,7.823881574942111,7.183426651808559,7.826784021738853,7.290183640845901,7.871434636986155,7.936099689020119,8.125696530334732,8.064508741236276,8.08387118784467,7.899720584546248,8.065054887811291,8.328799849293468,8.638720453393184,7.945873144234274,7.900175447755544,8.352033022529419,6.691835201372908,7.779710709243504,7.870083648075429,7.8032249249899595,7.688160824900722,8.046821369999522,6.911348713830761,7.661149120411645,7.673877765511304,7.798827937379198,8.220270021210657,8.277073771258152,8.621406,8.882104464520326,7.475290784883565
2022,4,2022_04_MIN_NO,NO,4.0,DST,5.773380636129915,6.410917,5.490112450437509,4.267928225445674,5.832668307411846,5.417828038418861,6.2651679867300345,6.055995272430661,6.268335700380466,6.11799890518482,6.846052355331381,6.707064774422961,6.700176146489923,6.483626368495835,6.380236631196754,6.688705624902144,6.812183549769071,6.734305009159757,6.549207711362386,7.33674384850969,6.996434152124913,6.020596304719405,6.590184910201625,6.036113794397963,6.474022107413742,5.829574940036413,5.885769243942911,5.888235659231617,5.568334341188716,6.167503625988996,6.2121640240377065,6.7965290865143855,7.008603792730286,6.687047182434227,6.494395,6.223159040913475,6.315727612603364
2022,4,2022_04_NE_GB,GB,7.0,DST,8.40819505451259,9.740981,7.908034213432624,7.227735303142875,7.68971091084116,7.112715013731599,7.367682700975499,7.053686120119084,7.359778937949482,6.982371640167558,7.78645413980641,7.137659310791923,7.59401535139579,7.159987996268117,7.843376531748291,7.700684722480505,7.950143738292015,7.312768032457965,7.973427132934938,7.283737854096957,8.680948851534705,8.509202935281213,7.144140421755719,8.092914059560728,7.238136945099543,8.325364957914122,8.242534861315653,8.547271705946468,7.246218067074545,7.183096528426435,7.172897667974426,7.998770869127721,7.444497348755754,7.616548434662841,9.2907505,8.496748083059812,7.529856436188909
2022,4,2022_04_NE_GB,NE,11.0,DST,4.56600158383062,5.323537,3.6480370804503712,3.1456166632858853,3.803726224798247,3.582855596615525,4.482590279671645,4.657284235403081,4.497723206588345,5.002195722446489,5.253763609131537,5.1028819481846615,4.875348463325705,5.095892577346103,4.698255171820721,4.774245415171098,4.81393459768216,5.148785442778058,4.586109525816592,5.01956914712578,4.8183033130087205,4.701994132355017,4.350580510841663,4.394315821315855,4.679101839940559,4.73344773959984,4.900893895369059,4.675848795493016,3.592494750801193,4.40699389502979,4.5573425582987195,4.401856570791551,4.637533248621418,5.035367189462543,4.447922,3.7810068428422294,5.211070368195154
2022,4,2022_04_NYJ_PIT,NYJ,12.0,DST,5.730230266813404,6.7903576,5.516680548116424,3.392832855851225,5.332952070189969,3.942764002737285,5.0424177224798425,4.573271167834335,5.041844209867109,4.729553849886676,5.996074127823151,5.930891382975415,6.292825451711068,6.011100386418757,6.076634567961688,5.850246799159162,5.905376027517832,5.486347516862301,5.133781956532632,5.427938353063261,5.773573881405218,5.21570778535266,4.370485667907961,5.094413668210354,5.913617610466409,5.842345310370755,5.9544603539281065,5.851167147617499,4.6434409996065975,4.876587537636027,4.913988274003002,6.277285453707922,6.044867024321929,5.959828188768882,5.771741,5.501025960009335,5.36120479691692
2022,4,2022_04_NYJ_PIT,PIT,5.0,DST,7.448543371877357,8.115591,6.310295035579675,7.176765452294097,6.739794533842296,7.654345229724386,7.14537483761615,7.266070139583073,7.153272171384108,7.232280871378728,7.75861554705322,7.965727896065118,8.021427991414724,7.95508967668186,8.026332684120455,7.758162857935693,8.002930328389263,7.984577052956051,7.976024670937181,7.658049789200122,7.725747165729162,8.360400985141835,7.611611786087983,8.144963556072986,8.069480690317718,7.46874902803438,7.488954684191403,7.576838629442302,6.892840379945316,7.1887584457838045,7.216197142555262,7.585285004716259,7.697888183164188,7.892790511276092,7.4477324,6.904469748390799,7.35277144555813
2022,4,2022_04_SEA_DET,DET,-2.0,DST,5.53630139846417,6.9263263,1.911982495174409,2.475246985710113,2.2728497130521195,2.5279580297594477,3.5933164961583923,3.892298487032525,3.624579654272868,4.433273211372661,5.26677324735453,5.32864534275976,5.707825314301779,5.673945964656943,6.066738338880985,6.2403954369538095,5.746588129009187,5.841319327166987,5.448255177003356,5.933461254372365,5.106426291929627,4.948571013405257,3.25927361775824,6.198891217825967,5.603913667740427,5.632351218249961,5.728401038035752,5.649569595630659,2.2153292380757232,3.9156054479080393,4.138791685057918,5.908040599374556,5.5723888173690925,5.396142827609468,4.863715,4.551019615003325,4.649787796035144
2022,4,2022_04_SEA_DET,SEA,7.0,DST,4.401539908807382,5.6010933,3.009707649071572,3.585186601414173,3.43391393760659,3.952482055043906,4.189832342916622,4.099862854681545,4.204084876328787,4.265589440767263,4.662537371647671,4.8793481989500425,4.841191298415345,4.929232199301068,4.68993478685654,5.05441648019644,4.68885244035608,4.662980598309669,4.391001534674355,4.3456053591297845,4.736691889443898,4.33159442344031,2.848642341130119,5.315348431978258,5.128247610685922,4.4500256066773325,4.498511304547283,4.508883700799813,3.579930781028048,4.0845742988608915,4.209093804875234,4.552914180967952,4.599293707253008,4.657755105155487,4.54469,4.144869961924676,4.416007995890072
2022,4,2022_04_TEN_IND,IND,3.0,DST,7.4513057036223715,8.129762,6.772752667121381,5.070788585361401,6.943980547332972,5.8031894365751295,6.967273613994278,6.471869275405551,6.9635890674991545,6.490746281693024,7.610973114141049,7.362062997547026,7.610718637953886,7.557281126818125,7.416546764502548,7.523262933766481,7.602355844164956,6.997211009408918,7.097611511849674,7.445648880841288,7.895637118076443,7.646558911532137,5.208431676978507,6.873577284290759,7.2708656339026065,7.388207013825849,7.325108324029327,7.580613173759773,6.645443657721239,7.016173160575987,7.0105085818556905,7.605668803653524,7.384257602651537,7.499315305413188,8.177555,8.352001517729663,6.856519827271339
2022,4,2022_04_TEN_IND,TEN,10.0,DST,5.088955875050607,6.1419125,2.927025652196399,2.1351190540233933,3.349067451914249,2.809353080451004,4.595213916170235,4.29086724795782,4.625363021193682,4.975530773899866,5.564219916261728,5.490085494361322,5.694996403148628,5.945977857184241,5.983794819387311,6.175039698104355,6.17424703683236,6.140849993820599,6.378314102696165,6.068160320720418,5.18112122431565,5.564402040006824,3.6359089094168415,5.815685038510762,5.6514625926968245,5.178254781868166,5.267553688685723,5.200222120457568,3.4353830048745384,4.510988627915122,4.739718942617159,6.205869629095442,6.086505911296282,5.539105117447609,5.184806,4.751610850482551,5.295113423937089
2022,4,2022_04_WAS_DAL,DAL,10.0,DST,7.880183766484318,8.194876,8.099392511831761,9.973696454349412,8.104218575068726,9.629719215143666,7.8913271997856995,8.29203959058819,7.890717403318007,8.066497364571214,8.345826748644534,8.912083462316305,8.26727003849636,8.569103169909152,8.18671087054286,7.93728136441952,7.93283749349963,8.332314853686302,8.766503994683974,8.646007768134279,7.85004785620067,8.764003503622602,10.25336651983604,7.861397252229966,8.32292262058687,7.908723116607043,7.937262466729768,8.01099548700396,8.617313223026066,8.188901025743908,8.120621013629858,7.989069402247559,8.318731665151695,8.143889080883008,7.671159,7.389273458865421,7.987161016707771
2022,4,2022_04_WAS_DAL,WAS,3.0,DST,5.759722912952745,6.8696423,6.112825788363641,3.708890190189235,5.80327398491329,3.9630307157415663,5.112009510132279,4.008100176935993,5.101283347130695,4.072826890231894,5.704570176191261,5.841711425282001,5.740764334063443,5.829910752130188,6.141917696623577,5.784046909373913,6.325030125409762,5.642094562593602,6.3687418625328,6.197418115368028,5.5750623920136775,5.670473463017125,4.404059831826103,6.133026622946724,5.700422644977526,5.834949035238751,5.910175157524758,5.878699056558045,5.913168880910351,4.980580989109857,4.890333545244431,6.257390625512021,6.403970351089595,5.453770353122409,5.82199,4.923130737313315,4.995466784513232
2022,5,2022_05_ATL_TB,ATL,0.0,DST,3.303318039335703,4.3409734,1.7871847010065975,1.5604373924743156,2.1438040912959693,2.5307108339672144,2.688863619673306,2.875845535987112,2.704912192968419,3.0852101914022585,3.43110070041666,3.222914734256861,3.614025246864748,3.536158005555683,3.149332608485707,3.0394552616484107,3.176417652769671,2.6303271649917,3.399612097376278,2.8704864415472944,2.967718819912862,3.1230590292660607,2.579783518164764,3.245646089966212,3.5759214289301373,3.3560052634656996,3.408692487595696,3.4064745224124064,2.0642852744968243,2.6777607234040524,2.8123569319836657,3.630701513620604,3.5571628080351605,3.616099189738919,2.7193737,3.646033230016157,3.285367381245503
2022,5,2022_05_ATL_TB,TB,6.0,DST,8.414332030570698,8.97929,6.873067944284388,8.340589709597827,7.447836339168955,8.268928438109779,7.877312397018853,8.118851639237775,7.877994614891096,7.96523120573401,7.828094060786193,8.05115076626028,8.011826777966775,7.937902579300153,7.948433667477877,7.896308635179716,7.434173694529905,7.733470256819714,7.36841393972533,7.642711067354045,7.119937214771075,7.609967824971863,8.772403259348314,8.403321272549302,8.248903797033831,8.219380364679736,8.024428698788773,8.54275482160047,7.578123057370865,7.811463104617479,7.81077856915045,8.20338912687269,7.928771160438179,8.050913114739384,8.040479,6.811828953201321,7.788534965721889
2022,5,2022_05_CHI_MIN,CHI,4.0,DST,4.269175670892564,4.7685466,5.854084753072705,2.493520484864913,5.937930312107,3.7256164744159777,5.490482358656239,4.923588468781245,5.480383276474196,5.0578351135458695,3.854802900519621,3.967069628700833,4.070034293695029,4.029367721627603,4.647898956710391,4.67353388160349,4.864570321508306,4.777043387853915,4.313531606618918,4.8236758328667495,5.008130079192294,4.612942234004955,3.585334521846874,4.672517148824648,3.93196292089529,4.384456437057416,4.499737203222269,4.374887831785816,5.262566983781538,5.354282496524395,5.348759661618023,4.762615075597079,5.15188038586233,4.253432823232743,4.9048047,4.931224695348369,5.636710263187943
2022,5,2022_05_CHI_MIN,MIN,4.0,DST,9.188162653304111,9.18599,7.933814981431582,8.797090952796504,8.493944762193992,9.010203244284382,8.569247566815783,8.436714852480302,8.569396399486672,8.325668591875026,9.131223317629937,8.951340636020877,8.800603144455305,8.859560706294126,8.12356361877711,8.264711506450372,8.088351431283415,8.44062274328638,8.361382654274404,8.249075270903202,8.615956833303219,7.657990601000693,7.584492870636685,7.546790310612813,8.452625332388074,9.022884257941671,8.85760586257923,9.321765830047452,9.188881365310692,8.604658965495274,8.551719438529666,8.198903121384804,8.548951259766282,9.111543229887697,8.22962,8.654384325933506,8.7854632180981
2022,5,2022_05_CIN_BAL,BAL,6.0,DST,6.059878809827538,7.084895,5.556679229107738,6.679951722337601,5.868627960512078,6.499749116409886,6.029181969460939,6.12759627024255,6.0286990803332055,5.99409010207443,6.160775485790692,6.103539955588035,6.536362535060373,6.269313737779692,6.298014251741078,6.502592124252874,6.036622139065972,6.1726456532410925,5.727339550037503,5.964305658712356,5.136640574905273,6.147071897192673,7.2798572860882,6.605865389103213,6.021057684144987,6.081546456774084,6.103214103720629,6.176361753499648,5.902352268672516,5.9084584567111715,5.89485691165237,5.936324865041145,5.137953406860723,5.979406024791054,5.188911,5.360088152597878,6.135686772360583
2022,5,2022_05_CIN_BAL,CIN,4.0,DST,5.236583089631534,5.7596617,5.013171612775267,5.936494718344328,4.860738782416376,5.508634011481158,5.168006855473886,5.237609224049784,5.181217025440365,5.432377566575628,6.201943135889896,6.407607139376209,6.7394776810491575,6.339100113814044,5.653365480863608,5.542077212363719,5.702667568273455,5.846933181852149,5.957823350336205,5.545912044491196,5.344760205528603,5.390585384733767,5.8302042641878185,5.667023611175865,6.457330429791953,5.231390583497423,5.226198077363312,5.344665010355741,5.070300607362381,5.2394259954344395,5.322430786541152,6.210202200768995,6.013310596885936,6.2957162568781575,5.709037,5.174195241286281,5.508866301616625
2022,5,2022_05_DAL_LA,DAL,17.0,DST,5.711383999743181,6.079609,5.441847376509074,5.761378558985779,5.586849952580802,5.864950048882006,5.769990503376155,5.620419370646779,5.780327515686552,5.8567639335085975,5.633693036653908,5.410453331365535,5.754942764407263,5.439746275884084,5.260531022346772,5.625719865149122,5.744773304896313,6.011181985991868,4.913134542783162,6.50136588816639,4.989784882460572,5.425780412063993,5.922708983017621,5.872715530295471,6.073865516521883,5.720720976521473,5.730057953299764,5.822078897783856,6.084876774019833,5.950523604577031,6.013598545091279,5.554387062982173,5.882619500015062,5.78211283428378,5.306339,4.8554970919510545,5.661383460237639
2022,5,2022_05_DAL_LA,LA,3.0,DST,7.350258712352582,8.509203,9.08361419638916,9.518745485201292,8.863319847781824,9.04571298087392,7.463090166571896,7.351236705775553,7.430112621989723,6.705201057549612,7.27466301069386,7.352794262221717,7.257250211987978,7.469057323146908,6.7881273375122015,7.017636499493762,6.943333521897591,6.7007234721193,7.066958649465799,7.2900207022365,6.885249920714057,7.121823453814033,8.729553333649704,6.660238385695324,7.370980919115647,7.329693560928882,7.309128409505182,7.481511605901272,9.171997534350933,7.231970642663839,6.98687554404413,7.052191743620563,7.009367534037564,7.325195998422464,6.946159,7.1216498801884285,6.821572830427816
2022,5,2022_05_DET_NE,DET,1.0,DST,4.924797645566097,5.9182305,3.361897293033356,3.5379523609555883,3.4827202848184102,3.9421178885291934,3.81185261878034,4.2841998530909216,3.8214452197570927,4.4254552264854485,5.136114600426057,4.817452656384624,5.435230011453518,5.1689978251920445,4.939473902118869,5.178417595447783,4.515001400205778,4.400362614280795,4.987150478643326,4.508437352831127,4.439124113376355,4.619051735763539,5.130515591982758,4.494890177519068,5.614159121546128,4.958830644303686,4.992863643041274,5.034546335585242,3.1614694111793553,3.7697522397124854,3.8663163626625052,5.396377713729182,4.836290831735937,5.465797944362343,5.075306,5.006948101085132,4.461836336024574
2022,5,2022_05_DET_NE,NE,16.0,DST,6.315684163641777,7.2434635,7.054314083675537,5.87300828286047,7.053297371571782,6.207722377019367,6.6611125312266175,6.378520322442935,6.643166268589817,6.19059616624116,6.209712723827111,6.468827270640139,6.2820986071857705,6.29036398947908,7.05359393633564,7.340192898003722,7.120824447157343,6.979391030431243,6.871324540740328,7.231074055576787,6.707234237765826,6.113006687643832,5.642140185923918,6.7897947406939885,6.467116858982043,6.323405812598889,6.331127461556001,6.4325250975575825,7.06584047023968,6.629657871095651,6.520077298806298,6.849911382370185,6.834813705243254,6.235428710281261,6.4489455,6.377638781273169,6.403006821759469
2022,5,2022_05_HOU_JAX,HOU,11.0,DST,4.675413466681788,5.4311633,5.858040451076822,5.065134551981143,5.848338418116419,5.671951760694331,5.506723873388747,5.546686341291531,5.50444554687105,5.460542032854356,4.622847351747682,4.475572269398834,4.904037684957455,4.826407664255883,4.761889632361616,4.776455275488894,4.838579311381762,5.058946713054954,4.520458045908519,4.72829718839364,4.875779778362192,4.61037596306308,5.510939448343471,4.512782391553857,4.610694799884201,4.702884913910649,4.730356361139509,4.78388442706041,5.156414766389018,5.263584752281004,5.2999614793880285,4.93409076158718,4.533428961181956,4.974453043071212,4.7559724,4.235327999042691,5.402125853661286
2022,5,2022_05_HOU_JAX,JAX,5.0,DST,7.497017593240337,8.523374,6.450185174583401,5.109689234207085,6.789036791233049,5.67291225815382,7.437862950095237,6.8955772740715,7.448793238014898,7.238092094968359,8.265142300565277,8.018206282532553,8.526015980401336,8.16660396849465,7.70073175539708,7.67053130290273,7.826689181064901,7.848741433901082,8.02626656547847,7.439525148181225,7.509331530033676,7.172984035172323,4.966070366703753,8.359988112899131,8.49118819437723,7.468666620118336,7.440315646996335,7.626862014838129,6.694173028587771,7.478062649083524,7.560177146338761,8.010727358997132,7.65273962977162,8.444833338433098,8.048774,7.473259421726653,7.7335866516547895
2022,5,2022_05_IND_DEN,DEN,14.0,DST,6.628852588516078,8.067458,4.541743328255455,3.6758530315112217,4.778970275836766,3.766969542346382,5.867772075605247,5.117329662119068,5.892047524271419,5.678975734438591,6.385852836699252,6.287029323312288,6.9096124094623335,6.737826372091777,7.599124605484573,7.452247749084542,6.966818604610799,7.249547289089689,7.071666315047643,6.975942901315012,5.889967437012936,6.4226953701238365,3.517093934385145,6.673751729083924,6.550565514286924,6.6988025657057095,6.768752542895341,6.753082152096626,4.350329314933203,5.5999660991122004,5.826038072546112,7.76281551301993,7.836157344357842,6.690494332838411,7.011985,5.607296976531214,6.47965220826249
2022,5,2022_05_IND_DEN,IND,14.0,DST,6.030037282831443,6.5213532,5.500224374784032,5.84510271452517,5.554896355275505,5.587946829307608,5.958193400250485,5.886993110627427,5.969180629786354,6.125768985153046,6.784898052942602,6.018831083582206,6.722482241891042,6.542971267199007,6.80280878648446,6.232153291486919,6.603627527949616,6.107249276580064,6.479600275266786,6.617351841498159,6.356691608467804,5.843022472717829,6.359827913191954,6.212647029454236,6.521865824055136,6.003367950108957,5.976698617386471,6.1453327325788125,5.923248176767895,6.252112155828604,6.305773990129681,7.005678838443449,7.012229489099611,6.394610044691816,6.012536,5.901143521797551,6.350646495583701
2022,5,2022_05_LAC_CLE,CLE,0.0,DST,5.177388241455312,6.2806907,6.888204153456732,7.078303835022903,6.413563797335995,6.386701403313381,5.946209874356088,5.843194790061069,5.933662856780914,5.645873569190087,6.3439913640824,6.240809796682343,6.373630912238238,6.227427644601061,6.12807646177775,6.431159157206049,5.9907619797816425,6.334366719416078,5.970304150376085,6.387212058413543,5.801303047546563,5.878121500158209,5.4372525139578105,6.30224308056869,6.339657834836724,5.1776291559170655,5.177870070378818,5.288204341059928,6.300286405186771,5.783698406210804,5.711766422331857,5.665156244513493,6.025402142223574,6.33722531337224,5.9167576,5.974685869846572,5.482122219676606
2022,5,2022_05_LAC_CLE,LAC,1.0,DST,5.750004880847572,6.722435,6.731063624265578,7.834755187966782,6.376983637746206,6.950746564375844,5.9897374100039285,6.19834161123781,5.982235582159068,6.068856083098771,6.528436489978444,6.456396092276159,6.783397378657585,6.557522860334213,7.089465608020852,7.19656544818119,6.937123595914991,6.20013334493622,6.83008755743654,6.429813084075568,6.3091764007394175,5.713868896782196,6.504265459646425,7.1912323761750425,6.539750930075502,5.844513413516845,5.939021946186118,5.865151124281191,6.400316834527643,5.9835956009610936,5.924392026314977,6.748413972664963,6.900947706670437,6.417380158525154,6.206524,6.034604647219724,6.14978216384279
2022,5,2022_05_LV_KC,KC,1.0,DST,6.205940024729573,7.4445453,5.3955962171178085,6.181150964362281,5.450618055441932,5.952738984947263,5.791519184724206,6.078786761453247,5.7990404327171055,6.09881892640467,6.168795639811257,6.1820634523336775,6.609760663192651,6.4815425539963645,6.633013939090518,6.891927655700403,6.23379519926278,6.18779102932238,6.2393335802105,5.939108087011187,5.801160413249797,5.800294121304669,6.218279165426675,6.262346168223956,6.472463265579872,6.2224389791914545,6.238937933653337,6.320403539797963,5.302351116330541,5.6984283478377735,5.756783148218415,6.716436183283835,6.061187255054545,6.375130762508973,5.694625,5.285714417070453,6.197756060885892
2022,5,2022_05_LV_KC,LV,2.0,DST,2.9489560898742773,4.1314626,4.647387221559256,6.241100905362054,4.397294783933529,5.554745978066799,3.8553914243748175,4.573170127926594,3.8458798280472206,4.311308822797234,4.230716006805068,4.0005675219269445,3.964361813001161,3.934741219503883,3.857331549236661,3.793650517565264,3.90748765768132,4.136015784292134,4.1673248869190775,4.250574445813987,3.6528477460989457,4.615696127407343,5.194603533250234,3.911285154170212,4.39340196631622,3.0782131104907715,3.207470131107266,3.050194102742302,5.034244790844191,4.212652771609508,4.083382961816468,3.865229440937672,4.039218881980166,3.8553185187305976,3.4523575,4.317020494074466,4.41326711479901
2022,5,2022_05_MIA_NYJ,MIA,-2.0,DST,6.852892297600195,7.322748,7.48533699585937,8.635492149641667,7.424979078196296,8.481324330904851,7.223492777890254,7.4844552713730526,7.21838981236102,7.197347863447404,7.544050758196877,7.46311735275997,7.743576620367341,7.344005323437305,7.981018249539779,8.145609552137909,8.067651331399237,7.448162321054825,8.441358445744012,8.11063110887557,7.767717128076224,7.434679530272236,8.941400823096851,7.965436339960914,7.500059004424075,6.839025770112441,6.825159242624688,6.97305877014435,7.678231031723088,7.370033228853378,7.3029331536198,7.7327010210842975,7.541781623472772,7.641006932683225,6.6845183,6.915739615537191,7.124569287138259
2022,5,2022_05_MIA_NYJ,NYJ,9.0,DST,5.474435710712837,5.9975147,6.804626113977139,6.383535507106306,6.457250402968087,6.24842254008037,5.7589358156077575,5.800050241432626,5.750342912907525,5.680188521496109,6.180360222598448,6.3769443906063366,5.974581351807935,6.248288331849637,5.404573350574791,5.389054759354797,5.3779621655741465,5.562295329440035,5.8092550856219205,5.024901699023255,5.690611251791193,5.534764127784561,5.604598099127076,5.416007260898929,6.048870094845893,5.455624271349121,5.436812831985406,5.5861605199498445,5.7361976136890025,5.544136343281309,5.553727323279437,5.7108131682385235,5.43914914461592,6.084593285410525,5.9067025,6.313543089688509,5.514979284146788
2022,5,2022_05_NYG_GB,GB,3.0,DST,9.005905053414928,9.17182,9.01787253502981,9.1414371275917,8.511963752143263,8.214560345698946,8.578805686332418,8.59853236527909,8.583439828359907,8.755976584786044,8.879918102079895,8.291493148656292,8.637333387738972,8.5875146074816,8.099537552251865,8.06342462746135,8.47174643523138,7.746321152049368,8.531497179575238,8.225990804737606,8.016382232504466,7.723108779277321,9.133547523645136,8.371113064430446,8.547786485654745,8.91814393979695,8.830382826178973,9.14332526289456,9.550172341365052,8.906853173267908,8.895309139870225,8.114838224784739,8.153421784530295,8.601984965155077,7.61902,6.439351961292191,9.430704685186356
2022,5,2022_05_NYG_GB,NYG,2.0,DST,4.296427569416613,5.416992,3.163753886169123,2.441935475199908,3.577367312988516,2.962368254951864,4.27245351879983,3.847271352772872,4.285478045799865,4.17193797801715,4.8850488228095,4.735065155057715,4.887618830157224,4.790303386978995,4.408434499859405,4.4969016323972735,4.402135609247302,4.48478937568218,4.38679991138968,4.759637294245355,3.894883946597622,4.092596820385628,4.465547656248798,4.60131716419072,4.766725352174909,4.480857798325436,4.66528802723426,4.405570394695337,3.1967501619550105,3.948261596830502,4.082103675024037,4.466073945570809,4.306937984866478,4.9658033043173635,4.110853,3.5004225884085587,4.860341304516262
2022,5,2022_05_PHI_ARI,ARI,3.0,DST,4.249472002464809,5.0489125,6.174491679860168,7.225532116282097,5.807292801943623,6.820559846235691,5.402334908511618,6.248189624342571,5.3953849495153,6.003713856753669,4.646004552992363,4.762564137979894,4.661886574257471,4.867594200145941,4.516859532425693,4.73106501129587,4.354824662792096,4.8443240258456255,4.847153642229482,5.517504649818741,4.748530420026219,5.199176518730805,6.710875166750009,4.826900228733199,4.646246445659634,4.364119757727465,4.478767512990122,4.355168054233995,6.46083300173855,5.593408130693106,5.500127802928931,4.444643639891385,4.6136847295323005,4.719164333618393,4.710026,5.5722002453892925,5.615231182780512
2022,5,2022_05_PHI_ARI,PHI,4.0,DST,5.506156496675365,7.478507,4.922192262544092,6.312706506732533,5.155631921025631,5.94698656328229,5.71160801694073,5.924099909378753,5.723988952768407,6.097329845602713,6.600634597715501,6.594185400144043,6.761414938016194,6.646694980235849,7.06577376505996,6.945922667644942,6.161161889552508,6.696679460427919,6.505701311171426,6.841408421450816,5.287327058691329,6.359676148886228,5.8473613571704615,6.531405338446624,6.573444831429138,5.658899859718935,5.8116432227625054,5.621941294871942,5.204088564097199,5.595839637470032,5.661001171211047,6.942390445446015,6.220195083906859,6.567912530069324,5.6328707,5.703461361687255,6.19865233956085
2022,5,2022_05_PIT_BUF,BUF,14.0,DST,10.041556841477083,10.069479,9.525952755952796,8.145851842305966,9.51618546087944,8.693982553162865,9.386161093726724,9.508265221962642,9.378040807603636,9.429052138401694,9.85621656096326,10.088117564252844,9.684795630054724,9.58208519532642,8.259826297011482,8.704683933089386,8.499387312202836,8.724052536059606,8.483248331301763,9.788634971883404,8.42009730355427,9.8892611498888,9.651322562405944,9.722119879847211,9.705351512304,9.904081134853492,9.766605428229898,10.18924946254833,9.176170651783876,9.516893686220223,9.476258978338167,8.503050423241403,8.773563681654196,9.513368821628372,9.561091,8.51405811924095,9.56066864226181
2022,5,2022_05_PIT_BUF,PIT,2.0,DST,3.0935901563788297,3.885058,3.459617982748704,4.05015267778179,3.674222488653213,4.508774132686377,3.824535437011132,3.972388442943614,3.831454715008238,3.9127907428262394,4.266987132584713,3.636963979509434,4.041212763161745,3.971426313607101,4.347299617656615,3.38682003233602,4.34261466073732,3.564451025224711,4.105148540782817,3.5836078080063234,4.400030770300502,3.4645310082287364,4.214863996619705,4.466555774193885,4.18506024309058,3.1900753912127073,3.286560626046585,3.194304371534787,4.505488697915885,3.9328491564779093,3.9168588257745807,4.382051230877144,4.069772820588687,4.060323623860618,4.342339,4.031928008777137,4.080880867788514
2022,5,2022_05_SEA_NO,NO,4.0,DST,6.725265206619803,7.9542127,4.217503052216225,3.1274820167612107,4.911792320934137,4.058917960826648,5.716552401711065,5.279538780439019,5.723168996658875,5.474468923493719,6.628920204008639,6.833033481338986,6.607371435057994,6.543860232261445,6.384732386628462,6.910423026225134,6.880415619024518,7.072339870785061,6.262025041219292,7.129212660146618,6.928592607978047,6.4714395100812565,5.069675111698209,6.869982952201965,6.7365313632692585,6.792766535943076,6.860267865266349,6.845437968935028,4.510162088723436,5.721156580637134,5.783766146256504,6.48895572406746,6.785535391669833,6.573908941139117,7.3295054,6.559561893725735,6.134250397694595
2022,5,2022_05_SEA_NO,SEA,1.0,DST,5.503450777523353,5.5246186,1.7838081413921971,1.1679047391637978,2.765276339633732,2.3564225533331946,4.50439831021708,4.017037534578121,4.533257866930901,4.650568090797787,4.555253904628694,4.520543327736187,4.592682401102668,4.808736624380021,4.382647418049306,4.453351552384827,4.506174554839824,4.28199128237302,4.173274178794973,3.958821010640853,3.669445473264088,4.0738234999300005,1.5373075680711636,4.82799008290333,4.814349013111381,5.453478365147996,5.4035059527726395,5.61349693014726,2.795309451384615,4.473534324495466,4.7036486831997415,4.661181731574429,4.519569586582302,4.523784746639248,4.1090517,3.8273467920628117,4.707859960343307
2022,5,2022_05_SF_CAR,CAR,5.0,DST,5.494093660262936,6.2863097,6.51505552950243,6.221584576738906,6.365874263289576,6.138162177085768,5.900323041703313,5.741384470236126,5.891989299754614,5.531536628958451,5.899014861291934,5.897758096913935,6.018540583736616,5.7927860088127625,5.994632141840961,5.825478893162705,6.296468874204102,6.106229145398479,6.250855595824304,6.046008383210321,6.506824308336153,5.94935230641075,6.444722824658389,5.640962277724472,5.448227395877702,5.50292847000235,5.511763279741763,5.608587363222125,5.940074040658421,5.795291370487894,5.772313684192193,5.970260361940766,6.321943745009526,6.034450068255937,5.8727264,6.56933037645569,5.78355831813713
2022,5,2022_05_SF_CAR,SF,15.0,DST,8.486729519910776,8.936776,9.110662129561376,8.202151498415535,8.810194715458849,8.194425535238942,8.73636750931238,8.474176997941218,8.742240334965707,8.657201995239284,9.527354640159,9.146975048373864,9.542604237150757,9.376498262537526,8.573771440421803,8.948138192450735,8.894558809154294,9.779234107637311,9.707996351614623,9.423849860311828,7.471649042971896,7.757297535090031,8.707301220944808,9.371409440577908,9.779683731642702,8.32895226225222,8.17117500459366,8.620041016798423,8.897952928900914,8.746127728329991,8.792420817160929,8.626689441491017,9.439989042595386,9.335953424099221,7.905911,8.448486816443346,8.550807560314343
2022,5,2022_05_TEN_WAS,TEN,6.0,DST,6.7424788096121535,7.3567095,7.253659232603755,7.677437264234309,7.252914647294716,7.416044722895047,7.223744903884278,7.028639946609999,7.222333380490319,7.011370285182509,7.295270629172718,7.265587642012827,7.815319437850703,7.545606525040726,7.978670997657961,7.765475750577633,8.394318096063452,7.538702872288353,8.349122577944438,7.555040255607039,6.940449291664626,7.044839234899923,8.411030565055666,7.708971540900626,6.984395199204991,6.804123120742982,6.8657674318738104,6.864851091717232,7.646962121908105,7.404690525087598,7.359358778180643,7.514124150690893,7.816999121138309,7.413612682607771,6.7700186,6.450059760616057,7.582217126876111
2022,5,2022_05_TEN_WAS,WAS,5.0,DST,6.379949569325484,6.914965,6.765049206582704,4.437270137908416,6.748725114196328,5.253323334822696,6.583952782618579,5.909126137325084,6.577553808379817,5.960451801303199,6.933919157604202,6.877753912541227,7.13647883621296,7.034913868514135,7.31113623105335,6.819477909488306,7.247974104697683,7.171465784155317,7.441808116577828,7.484017454843847,7.019492293950663,6.484131975288678,4.4907534718773565,7.04050861559516,7.085870618251071,6.404710866731622,6.429472164137761,6.501046642919635,6.261389989863096,6.319167895691209,6.304012530573091,7.737937719021317,7.584978331626271,6.945541886021065,6.969434,7.22701611583579,6.546261368455491
2022,6,2022_06_ARI_SEA,ARI,8.0,DST,5.6586237438951725,6.5780373,3.996114936720843,3.120367984691017,4.7084224487096416,4.412288068850429,5.26236846434689,5.602962116226221,5.26245973269452,5.671270301169643,6.213698633883866,6.573464384581215,6.150870847598668,6.27235016072561,5.860095133002801,6.412096325604574,5.944683517917486,6.230160746199608,6.0549504519865724,5.726812488936771,5.411586680232421,5.674982216849404,4.358022850461168,6.280622852423163,6.453815570805171,5.6892462809210285,5.719868817946884,5.768661880373302,4.860207802233129,5.712256079107099,5.693995128607186,6.3217594342372765,6.243407818728061,6.24432822111647,5.6516957,5.716981525100025,6.0157738802435485
2022,6,2022_06_ARI_SEA,SEA,14.0,DST,3.8185758622452255,5.4736767,2.176677474839521,2.8425137093825024,2.42062040030448,3.021553304066712,3.484986603889412,3.4533880070533574,3.5122098782125284,3.828208934892366,4.64296819102391,4.735017444937466,5.142847340002679,4.936298045757652,4.743078361626898,4.474060866605937,3.9995351597866304,3.568029999595044,4.446522967319131,3.960978326953152,4.001791320034901,4.186968039520356,2.56855623130522,4.462627372273067,5.232360133821514,3.9912254938460547,4.163875125446884,3.92498585144562,2.733830096099825,3.4523499092093677,3.6288978811817865,4.512696970501439,4.4812076781135595,4.942227455653974,4.10742,4.704829260718826,4.320784927680886
2022,6,2022_06_BAL_NYG,BAL,6.0,DST,7.04238953676377,7.8749285,7.040636159991946,8.027082231568082,7.207541614302609,7.791079861871596,7.2422524834129955,7.62209001503824,7.238874092706578,7.468623060363714,7.659558229436608,7.7009426975663455,7.441541632371929,7.596448464658532,7.076926146076174,7.597842132342542,6.594559843099669,7.187815459020689,6.543609154254004,6.989455916837364,7.183511699318406,7.801756801942336,8.768230577509987,7.713473487125649,7.512737460357839,7.0168277954461065,6.991266054128443,7.166307097893392,8.129704653735843,7.578365194835772,7.502018680177428,7.291218718989249,6.640283832050686,7.573351834185724,7.2308583,7.295680053018924,7.687238115067203
2022,6,2022_06_BAL_NYG,NYG,7.0,DST,4.792572827072713,5.4453344,1.874418717419648,2.8288554143049134,2.486377425407997,2.7431322578540978,3.889209530157084,3.4083900456328,3.9215609823730095,4.043719029184974,4.521435867982239,4.8173137753764586,4.822219165844512,5.049873753027668,4.573477080045381,4.754284113748488,4.540071851168785,4.187730833424965,4.38422583301338,4.383395010877182,5.113435703343037,4.439171371610716,4.419242549752639,5.190515889290156,4.883173478755444,4.826765600945199,4.860958374817686,4.8989285148730985,2.8089126512735256,3.914214094517264,4.144123330266986,5.01631380419295,4.943165695732025,4.846355701516173,5.2091756,5.299655903580493,4.683652864410428
2022,6,2022_06_BUF_KC,BUF,8.0,DST,5.042476242310556,5.943763,6.387402290110076,6.844438496197922,6.084350687064316,6.480301760935135,5.708097106470387,6.1689964043327725,5.705453218932024,6.0934723113359865,5.721737801824551,5.617780042308748,6.168112331180892,6.250134365083096,5.507378212860851,6.062732133488955,5.740617521168555,6.045456997170293,5.638767402797406,5.918074628768735,4.849425815653384,5.787112306659919,8.248078628751356,6.590446330125499,6.46972509957281,5.100089549157922,5.157702856005288,5.1493552505241755,5.933163454487683,5.802703698844636,5.790887706547247,5.2118280872405816,6.004739177491273,5.85468594195443,5.4810257,5.400777550122919,5.9125479061173785
2022,6,2022_06_BUF_KC,KC,3.0,DST,3.956884193277065,4.839402,3.3661591504235724,3.448779045021389,3.449501683746392,3.44405661343386,3.7678993284679736,3.623282241574568,3.7747257538995407,3.77330265617736,5.263936435826595,5.445683790650221,5.459402783166758,5.314534895678944,4.273674276042978,4.550950284008648,3.873865962491789,4.198700956441471,4.469551782176132,4.273724204579971,4.408336906434024,4.218694214678904,1.677458152942159,4.947087084899748,5.394269203815854,3.9597962323234674,3.96270827136987,4.058523816972682,4.002193140114578,3.9367596941619167,3.927582666947423,4.592982219868761,4.344416944448746,5.426617752805554,4.250101,3.9274927109854656,4.219187884495778
2022,6,2022_06_CAR_LA,CAR,9.0,DST,4.179186934918925,5.164968,4.067799155786981,3.1232345002819666,4.311813513910797,3.338051197962562,4.710446159945086,4.125946934928385,4.718630467132664,4.440358054343884,4.672473381603764,4.065970200455709,4.422679660939699,4.487672555075113,4.369256499489373,4.514076680696936,4.306031140702514,4.523154767097045,4.271642908021372,3.864236308413522,4.425734627346095,4.374931206551073,3.1277951025294635,4.524640681643804,3.9331178431895,4.26798728795943,4.3567876409999355,4.286243012746159,4.264492705904985,4.740381698505962,4.811302789644317,4.036125859070783,3.9333487777644867,4.569805240335877,4.085297,4.012872101187721,4.952553430101412
2022,6,2022_06_CAR_LA,LA,11.0,DST,8.878682433775062,9.582413,10.0338902675516,10.4486428059717,9.678372834637964,9.661743169516887,8.850721757092193,8.720964840634412,8.834469709140587,8.526895837617921,9.17621902318376,9.114524367440952,8.995922945600729,9.053274571114382,8.129296615737333,7.840340026519833,8.51125114711907,7.761009871138538,8.566781633988988,8.290180130932004,9.198655023015032,8.843461491747126,7.901983809137654,7.676951091956626,8.725727864545373,8.812275490768446,8.74586854776183,9.01840760729157,9.962010773196205,8.541752249008582,8.43661733122125,8.006322602293867,7.68534790979321,9.02785503432561,9.069692,8.416361613489704,8.492810935537678
2022,6,2022_06_CIN_NO,CIN,1.0,DST,7.200519779989951,7.877738,6.774082895804371,6.546000448819461,7.267595071220257,7.214831588979619,7.190240466749045,7.178178263650653,7.178710299350325,6.93748374015683,7.54399095103534,7.490178673653055,7.2947863888474,7.376651558771555,7.403903814345178,7.264742117307922,7.411008392142732,7.55504766466048,7.354851684444804,7.186238366830735,7.320456868122314,7.574727745558056,7.225184359109223,7.482584665930352,7.016618927058952,7.145736886832469,7.090953993674987,7.326604306973439,7.213452818091641,7.160281925519109,7.0856405893338055,7.673447243404937,7.8806007516584256,7.672405816076692,7.9458447,8.766274749712485,6.674366172325409
2022,6,2022_06_CIN_NO,NO,4.0,DST,6.080458423991276,6.552505,5.754785728235927,7.308855692320666,6.1510892120044645,7.03818322872823,6.380943125530481,6.402299169736803,6.378978174137533,6.259458757573788,6.012534745551289,6.212808867945276,6.166661359794101,6.159578348173239,7.237647119166402,7.269842708437971,7.4635938361294,7.731265944258896,7.058102748695674,7.426695270507276,6.368571359208169,6.683203649583628,7.95794306484575,7.560086133795558,6.020963587256903,6.139797792206481,6.199137160421685,6.195996303361095,6.067348464907196,6.087120109146639,6.0795300906867915,7.001266277505549,6.894609778895382,6.120963097476091,6.855604,6.56492635224651,6.366424935985519
2022,6,2022_06_DAL_PHI,DAL,4.0,DST,5.21204013578996,5.7794523,6.395151526162328,8.629274289002606,6.0356053174442845,7.57825690223788,5.998879889545735,6.412258225789913,6.003478861292173,6.236122409242521,6.424805498487519,6.098098554315996,6.362119577012318,5.941760026210373,5.41081023982075,4.999872824030848,5.6911487692639575,5.553321399638404,5.992704468059812,5.395646750445973,6.034775606779146,5.696788084722033,8.875522944466274,5.928247717714997,6.600720462865277,5.373097745727492,5.534155355665024,5.322476714317728,6.798218568829707,6.079962184603507,6.058577445674837,5.770299457026321,6.334158858799867,6.056287880835014,5.7015195,5.831786345957186,6.030689193193398
2022,6,2022_06_DAL_PHI,PHI,7.0,DST,7.544251963599639,8.650791,7.221129287096621,7.559121971186457,7.414105867325239,7.68327945742171,7.104243720426818,7.149209702874424,7.095487820463919,6.946598022412679,7.896124186652369,7.460354428599413,7.948321355342056,7.728340576370744,6.799126493317749,7.190919203205092,6.893972468819954,7.355754706814619,7.338197139425191,7.135352738363737,6.751136990332794,6.699606427446016,7.265258203835113,7.478100826952266,7.954843542362611,7.508613729521593,7.472975495443546,7.6760163132365395,7.648711390070726,7.157292712970768,7.082891915900816,6.65325814291774,6.369544288127339,8.067929393386702,6.66936,6.643577039389126,7.266853001822028
2022,6,2022_06_DEN_LAC,DEN,5.0,DST,4.560489236134449,5.966363,5.008962249977191,3.967470093479373,4.725021723722168,4.0137468917258445,4.567496893010892,4.138751242050398,4.57061025551025,4.315202250494794,5.0140434184959535,4.8930193837560845,5.186556383271044,5.12183931788059,4.896157954333896,5.258405058817106,5.340545134057381,4.813193241475539,5.241428220270344,4.930125931863055,4.908636646096048,5.874935858063254,3.228545000772518,5.229521708569715,5.531004766241378,4.685471362244698,4.810453488354947,4.669436337142473,3.9439149780609215,4.003338817956751,4.088924223080162,4.673149534200144,5.239833706311604,5.287412788206115,4.481819,4.811337895023089,4.409813017585386
2022,6,2022_06_DEN_LAC,LAC,7.0,DST,6.624452933165214,7.5124683,6.657301810346429,9.3193870184389,6.393711579960556,8.039013286653667,6.350386395761261,7.06480124396919,6.353843376091188,6.914400529692976,6.367022771673373,6.987371118430178,7.17551965513031,7.10721381239381,6.266478406774467,6.9225468045352825,6.678647978958829,6.390622071462017,6.50680062053174,7.04233053539699,5.457779459199839,5.864043507397091,7.771224036227961,5.853229578307928,6.509588762349435,6.575203419427918,6.525953905690623,6.743885954888449,6.266218205461542,6.2507661215153805,6.281707216174246,6.507869071471418,7.030966454437635,6.742835453597058,5.427075,5.411943300307997,6.33966276951082
2022,6,2022_06_JAX_IND,IND,6.0,DST,6.572900927421976,7.6738467,6.553868169667539,6.204154191162009,6.400122081411199,6.26447277105464,6.487262821350524,6.471427270146494,6.493752281576012,6.559057157593872,7.11478105253839,6.900915567479992,7.221072165028026,6.878591216809415,7.668738668568741,7.595584066331705,7.360022788053992,7.580019755324388,7.858932340228942,7.597971302668329,8.352510639936758,9.066471411834469,6.562286615407598,7.551784745561108,7.040418200648822,6.555300718937926,6.537700510453876,6.69494952879071,6.429374740406712,6.599923892935604,6.63560903522797,7.551774744748851,7.489396065537612,7.272649726634936,8.156057,7.9443372656030915,6.493201348463774
2022,6,2022_06_JAX_IND,JAX,-1.0,DST,6.04318736419418,7.2321024,5.443084773822859,4.439489102069396,5.668932965723669,5.143200294586141,6.1316662769344745,5.770658197022896,6.1445045968780345,6.07570598868523,6.542899903582133,6.3767157292479695,7.006512819131766,6.674904515550127,7.079439684432285,6.528966567849594,6.783267777996991,6.389247353925943,6.686253361367873,7.19500706160486,5.549949536187029,5.1866293318122025,4.800430391920191,5.625683650227842,7.134240866625642,6.097465298177703,6.151743232161225,6.1621070198120425,5.584072181152076,6.233127402565913,6.342987791750735,7.129604888702125,6.623595155731846,6.742186537698478,6.3181486,5.551340387662494,6.7083261551061515
2022,6,2022_06_MIN_MIA,MIA,3.0,DST,5.073443191934141,6.1560836,5.531107329693717,5.083034878669831,5.563434813509833,5.3696098280690014,5.5385065073170745,5.587091941980866,5.53122565088497,5.4577741105313295,6.818474878685536,6.663598783975076,6.620619553709998,6.7319669734441625,5.823621603204428,6.1691999947307705,6.606348172875381,6.082393762434879,6.331420105282904,6.508058866564425,6.197416178992612,5.982932333287138,7.173831614735127,6.100488348476174,6.699149301868626,5.217281758179353,5.361120324424564,5.185905835298326,5.766377652795249,5.696300974173809,5.627804049323712,6.2297441452806455,6.6713634373520065,6.740128691555404,6.002689,6.063214767583622,5.9541616837417
2022,6,2022_06_MIN_MIA,MIN,13.0,DST,6.568922505923063,7.4813166,7.42654629174886,8.838287523757007,7.591007573121375,8.48150160151029,7.104128100882984,7.324643938747902,7.0883752985600905,6.967301207927581,7.3177430520948334,7.674161865441741,7.178737354708193,7.606444662700858,7.192535384034731,7.617441562269193,7.349784002939088,7.7410825146297135,7.488077828672957,7.442957606598525,6.65932644103026,7.335910955295995,8.114970494128077,7.023981836536028,7.216787798073803,6.5618155147221255,6.554708523521188,6.689654724658453,7.91119839345972,7.216155410168197,7.098111210028724,7.394562932196392,7.396539667057958,7.364480957431865,7.168067,7.67331381564279,7.0062879551651305
2022,6,2022_06_NE_CLE,CLE,0.0,DST,6.533689099404156,7.688018,5.924487035510301,7.203865176323052,6.253505785231179,6.954946059730163,6.185098565674863,6.427954506542633,6.178170203721185,6.226230829085405,6.161714615495741,6.358137483584969,6.550370140845646,6.536298087950898,7.184823484726759,7.238786525273901,7.050433710090654,6.955533204522504,6.666812459712572,6.776427452014794,7.397241724616835,7.31134634550461,6.37249481810892,7.197499031547981,6.637710927938099,6.482905948771703,6.432122798139249,6.653597843563362,5.894625806373477,6.0739874733389625,6.053949700888168,7.299720794975366,7.093053991041499,6.567095648081209,7.8894367,7.523006228713899,6.32335495813825
2022,6,2022_06_NE_CLE,NE,12.0,DST,5.8258923035864845,6.583657,5.18989456464302,4.169899966318079,5.423153942850179,5.044976791033209,6.032030120795757,5.765049644165774,6.04105666575243,5.982616526886145,6.728922022252197,6.628130709654992,7.071066232189983,6.960972076917054,7.17172194062612,6.798593902342751,6.91862757933059,7.055413660487303,6.796986155425016,6.501724847402677,6.498401494163434,6.130889254053551,3.9523744287333575,6.765029240757375,7.149757408422085,5.897653042422803,5.969413781259122,5.941022107015665,5.3663874895110695,6.018152662040286,6.100513321844863,6.780732837322992,6.530272326041853,6.950440135514014,6.331253,5.960937846322715,6.157705239405109
2022,6,2022_06_NYJ_GB,GB,2.0,DST,8.038354096263195,8.554525,8.88706714500401,10.285587439906651,8.659674211225981,9.73422463564636,7.877974064699107,8.438989200553458,7.858503179870643,7.90889586795326,8.172041649394803,8.100815509783756,8.000207761134991,8.150986783824491,7.615225989865659,7.825371194247533,7.698502685118829,8.093400054129061,7.855625752515552,8.499320553373973,8.631245684195028,7.937123012640479,9.671108808982956,8.599319652000188,8.447311107178978,8.003095216243272,7.967836336223351,8.170884967598711,8.66895518680899,7.907801836264262,7.767499121735612,7.709002828710258,7.364113621387462,7.799857908091785,7.800572,7.826130684364671,8.031433770399715
2022,6,2022_06_NYJ_GB,NYJ,20.0,DST,3.949621709575336,5.2414427,2.4691661058332617,1.9156392998923275,2.750849719957764,2.4873915662707,3.4115171251113003,3.2656256025031745,3.432403853903629,3.6828898198343953,4.242345938937207,3.823743251093805,4.428056786462231,4.331752023704185,3.6766836269638543,3.5674603598755037,3.245719346843305,3.0587266255340197,3.227203833191021,3.2453749781475656,3.859451096921368,3.65758393861301,1.605891308812864,3.704583248497428,4.217734743948978,4.110645367904948,4.271669026234561,4.0571427247670835,2.3894413196075277,3.4675008541259,3.6491421551928442,3.4853301551803995,3.495748574851058,4.21878532429685,3.5030947,3.2627668628230757,4.2398141434861385
2022,6,2022_06_SF_ATL,ATL,7.0,DST,4.925603441098993,5.887079,4.010298623473704,1.3347905953807837,4.212147991950585,2.745762913948819,4.199726868029057,3.5165009297377563,4.204213433087173,3.729365179040447,5.572169769690424,5.711461167715085,5.4232550972194336,5.649489704320455,5.130906445708558,5.05820991697183,4.914984016394286,5.05041142790938,5.745030311115663,4.973918720853767,4.992046848571248,4.855710163946562,2.701319523621293,4.838178943439173,5.730241317797768,4.913814610767251,4.902025780435509,5.035140440319699,4.069641095026004,4.202761274280681,4.2650787349125405,5.457991477608553,4.857222733874721,5.405834954869505,5.1595144,5.354624571368007,4.343795488396385
2022,6,2022_06_SF_ATL,SF,1.0,DST,7.563171393335086,7.433184,7.299545208135767,6.745556284661185,6.982596231886795,6.305565313413294,7.330020830458696,6.879273348874476,7.341019433173985,7.231782251739675,7.177093225520518,7.552082540201873,7.440162027860516,7.776383267718617,6.6645382425576605,7.16608696018327,6.977640604139861,7.332020650310757,6.365305531587313,7.746973723529192,5.80710537267289,6.3598594616762165,8.402836237209776,7.61614944554284,8.391733080303705,7.4250998920744,7.287028390813714,7.681505010014023,6.882677602833374,7.353350942903465,7.447504774239221,7.315867685833592,6.915465781695255,7.404859864404368,6.4016232,6.074716119410752,7.434796822378471
2022,6,2022_06_TB_PIT,PIT,3.0,DST,3.472015296649127,4.292841,3.4585155327677817,4.223142185507761,3.834089652751696,4.835297728529003,4.28083781818078,4.651794751413021,4.284744876804111,4.487325465757667,3.282360675845624,3.42184131412872,3.7566428698688994,3.708535701061385,3.6283801009444088,3.5341427327590105,3.52425644309986,3.3004583576387967,3.426144934286963,3.17068195697209,3.011735738157437,3.3216914165161078,5.060593696185518,3.4941721216296675,3.851440701320316,3.5517225921538707,3.6314298876586144,3.574861359139298,4.322993134213533,4.277674361406907,4.268741093133027,3.40386647985255,3.474630249819464,3.6368595091070697,2.9809077,3.5006768875365237,4.504349465224897
2022,6,2022_06_TB_PIT,TB,3.0,DST,8.293401797460715,8.710285,7.59209379738468,6.475259247116339,7.764411570146843,6.830195666855993,8.120346303365245,7.884417760564747,8.124082391053962,8.077442382006842,8.803310821411985,9.046324921065724,9.071189707221729,9.165443354122797,7.882308141670123,8.189979856168689,7.7821418801098226,7.521655369940131,7.829257415356592,8.27845402479904,7.283868344792917,7.612831386027454,7.905997396135651,7.995543305884013,9.0148811190988,8.226696384925201,8.159990972389688,8.425221644122196,7.685904240683833,8.08929297091776,8.12224023467826,8.543860456913102,8.278030846503128,8.752031250320064,7.9771233,7.875031771564485,8.194099102430553
2022,6,2022_06_WAS_CHI,CHI,7.0,DST,7.178686361430409,7.628524,8.278521258566867,7.619254668759896,7.983687879549342,7.485613260490989,7.598302497237301,7.349923818397587,7.591735531480269,7.220066471522893,8.137599608957801,7.592146604203952,7.847497349355615,7.49077977427679,7.945631557856649,7.511748472037201,7.502622185637659,7.391078172376762,7.640557814442637,7.644840241169729,8.220891466870665,8.43576225378225,7.534851953617915,7.198804889932109,7.140686929494077,7.209583335757402,7.240480310084394,7.3060194996698025,7.6845633762875325,7.764948238836267,7.7278772302390095,7.268403195816016,7.696166556973677,7.74791078037792,7.909403,7.700884639180353,8.118274407968798
2022,6,2022_06_WAS_CHI,WAS,13.0,DST,8.089267550598482,8.070268,7.57736133382345,6.283473856721139,7.352146260829967,6.303117230192296,7.285933523000578,6.401526100594402,7.290847908423645,6.6476468092408885,7.74735062387374,6.778181166003109,7.71237238806549,7.17995672981692,7.638653099807981,6.939246384511847,7.6983010130977085,6.89463810670966,7.100458465930344,7.375587685868983,6.705316024805786,6.437653108299768,5.747685582019015,6.257336492958387,7.167453407099736,8.000579452989124,7.911891355379764,8.217969102873152,7.879795390780627,7.179190967765388,7.1806640127032475,8.022404094833954,7.368245862823736,7.649640487239182,7.882834,6.565987400851411,7.419884940599908
2022,7,2022_07_ATL_CIN,ATL,-1.0,DST,3.853046140713048,4.986609,2.1404111062018014,2.5910897957596197,2.709791389293428,2.667040487870295,3.477081463841058,2.975283652466508,3.4959696533598126,3.369660552972024,3.817892399281343,4.181655190901127,3.8711083518979534,3.962167736628804,3.955925083526253,3.939667144210053,3.9187914669277424,4.106068348098689,4.027573706935856,3.988722475702686,3.5766033491130207,3.7786600559553594,3.2545761751900204,4.3152704834713855,4.13731878411382,3.9755823896077973,4.098118638502547,3.9583948435472704,2.6960948656811676,3.4232856658655884,3.5682812881879364,4.346508134800327,4.0230485341564055,4.022610701460385,4.2670383,4.080602323653875,3.9860966772799573
2022,7,2022_07_ATL_CIN,CIN,4.0,DST,7.255839010213023,7.857948,7.008310537237109,7.4220522549865136,7.372251881866919,7.619328130183845,7.199833034165112,7.272862509484496,7.188812451413812,7.027596330473821,6.911235408050031,6.882476848404596,7.18130305177045,7.178294462595502,7.36567263287963,7.162193352126349,7.3358889521025,7.178687718750499,6.7638928588128495,6.908197896778759,7.867103610740924,7.9788879853030545,8.826942032531793,8.275557197946174,7.074609371910754,7.188103311907402,7.120367613601781,7.378672955560669,7.017351446146105,7.063063528590425,7.016338425874168,7.722710598377782,7.491158179456645,7.099934323253208,7.9331517,8.72418661468316,6.885885705038424
2022,7,2022_07_CHI_NE,CHI,10.0,DST,4.853641451581562,5.513257,5.444879240802938,3.560360036872011,5.551705924993873,4.215654743921744,5.160417210179,4.792444669829164,5.15316953200999,4.886785139196237,4.528020254994686,4.455678442457728,4.591053618578906,4.70484829970042,4.8141771890015965,5.034522077150868,4.902638769167415,5.041812298822267,4.942726916839115,4.682821811342817,5.196764314300977,5.387848724017398,4.538337799255601,4.861408032224958,4.464158954253227,4.941703338996783,5.029765226412003,4.963685662584521,4.779599248811491,4.983723780975448,4.990768305844769,5.08989883167353,5.257187103392267,4.944229537370692,5.3822303,5.399867766866096,5.467658400765508
2022,7,2022_07_CHI_NE,NE,5.0,DST,9.721235025042551,9.709829,7.9168518764954845,7.4867550565879,8.631605269386107,8.436208214083797,9.167911328009325,8.91400831161462,9.17500027174904,8.951687268619251,9.427214583027354,9.014922963138746,9.217840653815932,9.14341467486561,8.56480490734344,8.362342275893827,8.821591382064835,8.641579258860709,8.687297855340995,8.43927806469302,8.598182151108233,8.80540603182268,7.7907240008338015,8.789704912122897,8.848669149401243,9.581619316570112,9.442003608097675,9.861988090729577,8.721895562506301,9.064065498383625,9.10263564386691,8.279218323322409,8.616089247146359,9.205127262098895,8.589211,7.941258215497187,9.293726892172277
2022,7,2022_07_CLE_BAL,BAL,12.0,DST,6.659696970961273,8.0958,5.05253368841457,5.184846381134473,5.561705445867223,5.428626624748713,6.06603094863921,5.741879175133741,6.074970534658869,5.992535452491508,7.10690835053014,7.007796285134069,6.939497128840228,6.887371388804457,7.021645149267052,7.373198246575815,6.83854474861552,6.805167801549803,7.168486340830161,6.862903896020824,7.103962165184656,7.005535022134589,5.615708031201542,6.911114562714443,6.974868365656744,6.641773976176161,6.623850981391048,6.782878081201725,5.776466116312994,6.108898892893202,6.1582133092091,6.664213744730243,6.425505752962659,7.22038729534703,6.949467,6.5727850836345185,6.296027953713967
2022,7,2022_07_CLE_BAL,CLE,5.0,DST,4.585400892491006,5.224462,4.116560975680041,5.935287174930678,4.299554310323741,4.987996131696224,4.556622001228652,4.651031347353523,4.563965235547824,4.796180722194219,5.006234868755985,5.385176664270338,5.009454001573027,5.028281077943823,4.467088769680384,4.693887464415287,4.197554003705465,4.706373501949193,4.383761648206776,5.00736345714601,4.596226405703447,4.602565220162601,4.79128307655414,4.606532161467829,5.239168778343746,4.618315125528292,4.651229358565577,4.690934692478359,4.418634084900809,4.672648648279685,4.72866137731337,4.704120335074272,4.723697453077184,5.052609699836602,5.0433855,4.70455704102871,5.172270976977142
2022,7,2022_07_DET_DAL,DAL,22.0,DST,6.400838502927489,7.6512465,6.722974473341271,8.417050318678978,7.050527227007964,7.978207313276742,7.326097736767598,7.558818369075197,7.3272156925447165,7.421008781835756,7.174299518140289,6.713685494910709,7.00656596559519,7.066985064487055,7.343772281323548,7.498766451853664,7.7241045659492595,7.328536527059535,7.456461835070265,7.3494409469239,6.487102298567769,6.655236075781515,9.306948492047493,7.626829753201472,7.267823628462564,6.39891720888048,6.396995914833472,6.516218908874571,7.144302977980676,7.128554402042909,7.129984684968368,7.668622701812307,7.448901032408094,6.721615687175315,6.8839293,5.684513457189749,6.7715390217348235
2022,7,2022_07_DET_DAL,DET,4.0,DST,3.693040883658861,4.559036,4.043124471649137,3.635937488252514,3.926625163111699,3.730866759368839,3.664269425485496,3.624070894182219,3.6661974361798273,3.756010699424718,3.313377829177766,3.484492520366063,3.551671440170015,3.704441392596296,3.3960625025077538,3.4595984157732187,3.235599482192574,3.4781864683784365,3.420270094788726,3.4809555728825448,3.356468300345558,4.3116479093218,5.033776903485661,4.710015218536697,3.9462990316855735,3.738224651616014,3.783408419573167,3.797145778093306,4.175785177641467,3.767705094862891,3.7893462029398104,3.679213197906931,3.267909657155001,3.582725745981729,3.0798311,3.2688959941165674,4.079585532307439
2022,7,2022_07_GB_WAS,GB,9.0,DST,7.908328203649793,8.257179,9.827713715980464,11.09939538981768,9.349351774603036,10.323343804243594,8.417804816282148,8.89154251383831,8.397734415963525,8.37588920215072,7.866001509268529,8.028810717171087,8.13133690612212,8.251137994513137,7.8977226360049695,8.00054824159734,7.765528787652708,7.969795165004908,7.855930472038672,8.104394997468221,8.179513019054207,7.523708351497121,10.30502446329029,8.288812617790356,7.755541558796517,7.94149721836753,7.974666233085268,8.040728538757751,9.02046206893628,8.443873375609448,8.322917709941663,7.890730803442798,7.735539952484936,7.856515735220814,7.8640914,7.326526044856522,8.88732807909598
2022,7,2022_07_GB_WAS,WAS,3.0,DST,4.970618373602045,6.4902015,2.6799745798297843,1.0393476482835249,3.310953606685689,1.9710397420015504,4.615768618414377,3.722568818483698,4.646041096556321,4.412433209228968,5.9775602438629845,5.721089303387419,6.327905215956995,6.249293889885298,6.04232928700877,5.598338089728314,5.181598824996334,5.377058730540225,5.17021052246115,5.43440067309151,5.336800446038268,4.848876486300366,2.0917458825269337,5.657936669156576,6.309613695349054,5.146376963828684,5.322135554055321,5.084942208645359,3.3623802171056747,4.542427560536199,4.7533189971707905,6.0831800612077505,5.376987165800309,6.298209446475469,5.4349933,4.624190878296772,5.360828343316811
2022,7,2022_07_HOU_LV,HOU,0.0,DST,4.05095941491949,5.114026,3.6938421624325457,4.159776712140154,3.9177224985280894,4.291497290261742,4.437061473796666,4.244286498199973,4.450805743544232,4.3479614434044525,4.118743085960669,4.531347746945066,4.436783708047788,4.553874910037484,4.120087773424933,4.263643467886668,3.8759322824652345,3.585696785063211,3.973914206546032,4.051161443266233,4.0928261863036415,4.2314369825179785,4.912023146951713,3.941430596965986,4.327719903522302,4.146711779384671,4.242464143849854,4.15552892568859,3.8760613535054187,4.272448164682749,4.393420117445844,4.5799311692930855,4.5525293167366865,4.586043621832236,4.25834,4.081916585564823,4.642534456473097
2022,7,2022_07_HOU_LV,LV,10.0,DST,7.062404978572941,8.206237,6.33881319538454,7.127062440979748,6.36060075205389,6.9014334326644535,6.821553626501663,7.118201309427183,6.8281365427673055,7.167589955840541,7.335460124959163,7.289708662293638,7.673977635758755,7.467679408517027,7.169909447867262,7.356718693035662,7.350330877046569,7.323614462096148,7.284473449755699,7.331650302484959,7.465840097752991,6.718680572959322,6.994613857883683,7.775143578185453,7.5253295505828195,7.050591014906351,7.038777051239761,7.189844909993022,7.130648373137642,7.218583984508517,7.211369762635472,7.517431719266918,7.374845086579793,7.275876515549149,7.539357,7.228736062066744,7.098396723696583
2022,7,2022_07_IND_TEN,IND,8.0,DST,6.773422735374866,6.583657,6.933356130975749,5.464211810145244,7.223352940646808,6.445571247008198,7.21577182828698,7.02795147160532,7.208240968004032,7.001575004030692,7.150902008377096,6.856143686272444,7.057510741628781,7.03390405614564,7.040841067904786,7.263668082343443,7.069605766639265,7.318195173483111,7.023442727111389,7.2667980131695,6.4730303456979135,7.145170782408996,5.8284836962382,6.931678813096291,7.07146719796481,6.7875314847869,6.801640234198934,6.893115659729305,6.811671820023048,7.186348717247285,7.1627612554062345,7.27160599348044,7.12183570280805,6.8544635037682005,7.2252164,7.303010627621927,7.237688487930785
2022,7,2022_07_IND_TEN,TEN,19.0,DST,6.500227960211313,7.688018,5.62519595414782,5.091654057086946,5.868214698964561,5.369127719376476,6.122141354193389,5.652644770669849,6.125264872491895,5.74015605729159,7.228834654525902,6.582430211135859,7.139230918670766,6.706054037462812,7.2671351879831505,7.136485414885396,7.251030756028348,6.811585033192597,6.909457725868971,5.7641064601668015,6.903182669515159,6.708005425879387,5.429201076155638,6.5873031958356565,6.698665670027549,6.610945855123655,6.7216637500359955,6.622735529488705,6.1271332689662295,6.0682676540206515,6.082518447227164,7.440084104804437,7.505079457127989,7.08417334918284,7.343734,7.340260603056254,6.654046940451567
2022,7,2022_07_KC_SF,KC,13.0,DST,5.600616472863723,6.4052978,5.975977477504365,5.383999519336777,6.032922154895553,5.838485248800468,5.65818508283212,5.729028345766775,5.65210302829434,5.627502141154622,6.210045550314346,6.09069840434427,6.4282270962493815,6.340293637076287,5.573965390747151,5.961605195377922,6.070120035901217,5.571009333877748,5.518782304074652,6.052190393395746,5.437876670917512,5.011303467380774,5.331737252342083,6.738740486821393,6.36423210628304,5.508268080168907,5.4159196874740925,5.711090140170127,5.908593740534083,5.730273677713322,5.708588194084375,5.734538694500551,5.261438110483931,5.908765918125654,5.1529284,5.05289894891847,5.543453870148678
2022,7,2022_07_KC_SF,SF,1.0,DST,5.045220788848627,5.9635534,5.921279345779054,6.889220842250835,5.934839386404719,6.19573102540307,5.698796683167295,5.660753991418504,5.696028496293773,5.607935055413715,5.894852148230981,6.08008893769117,6.181170912600047,6.266650907916487,5.523009010934112,5.220333214777291,5.351933888788601,5.194836716739598,5.440938323234115,5.421042403029759,5.658893259072445,5.539400720213025,7.467033478973542,5.229596806486883,6.09776637525171,5.096643872305953,5.148066955763279,5.1536627849594145,6.151460938947422,5.904784787356775,5.863301201749759,5.192449820763752,5.184955101246047,6.201000668948566,5.316825,5.891695186546615,6.105000457984959
2022,7,2022_07_NO_ARI,ARI,17.0,DST,6.842222382480809,7.529449,6.395439389942017,4.982918449357996,6.830913788816718,6.390580274778873,6.9495856436209325,6.938638991166384,6.942730920607053,6.866827881936284,7.314035802345458,6.994278346869462,7.129732087732311,7.079462415024891,7.28674885164663,7.474769442559788,7.691751860977048,7.271222772200905,7.311996979426151,6.738028571195285,7.367305596606258,7.273012670700996,6.649681178199912,7.0605540371037225,6.969379208579594,6.844513030783899,6.846803679086989,6.963632494742831,7.078419678397213,7.199978143113948,7.140705148478087,7.513066267201134,7.464303964887594,7.240213028044521,7.8778176,7.839034416656467,7.1302217571677025
2022,7,2022_07_NO_ARI,NO,1.0,DST,5.173426165460203,6.425088,4.4948359283960535,6.890178651410189,4.830299972007889,6.359513543793761,5.732232303134239,6.094061990035167,5.745212545243967,6.148137267155653,6.630523649079644,6.800063594360216,6.837231607501448,6.692691905888726,7.4198038237533535,7.754397761458653,7.173770175637086,7.426086627803135,7.492695635512937,7.769694463865995,5.5836633814546826,6.577560759401832,6.428026280755325,7.320104000182644,6.85656014501055,5.332432714510823,5.4914392635614435,5.2857975010976865,4.980990643741759,5.489116998549935,5.559259416676547,7.128760394922632,6.984513734246087,6.75223122632354,6.5826826,5.9922452215566056,6.133168776879156
2022,7,2022_07_NYG_JAX,JAX,1.0,DST,6.798283527224439,7.639885,7.038500129839511,5.3948338428696445,7.108526376173318,6.044470010380763,7.140871956516065,6.777518600040569,7.137797868108078,6.817518427465404,7.485368806799408,6.988384399170595,7.26873105978115,6.974703520666219,7.159048153175255,7.345514633871699,6.870136171163058,7.162569355238404,6.986612027477203,6.763956032635404,6.78627985313702,7.125744220354205,6.060572312324018,7.258879913616997,7.104664362309783,6.813519234727943,6.828754942231448,6.923063490410336,7.687756875525109,7.4275104416137685,7.36565118243616,7.439494161437251,7.002007865179482,7.486447100784073,7.3381333,7.74365210983868,7.523259403862273
2022,7,2022_07_NYG_JAX,NYG,5.0,DST,5.321600622381698,6.314652,4.762647562363293,5.11979327772768,4.994557255576701,4.848544963022656,5.496327215211576,5.289857741869543,5.504680683415898,5.47536898221618,6.808048611852467,6.35558891906299,6.6243317630095815,6.338803406266773,6.7311405012864975,7.03471729526044,6.466725250258037,6.605341513305533,6.518381830317655,6.63517368873836,5.625723113002175,5.700014124066406,5.801568740147518,6.584456308433289,6.445517134896792,5.415555713016262,5.5095108036508265,5.434135881449676,4.743013231442912,5.275107878949839,5.367139489616296,6.539213822393542,6.424286936093265,6.357943003793975,6.1512094,5.109001303122358,5.826796371962619
2022,7,2022_07_NYJ_DEN,DEN,4.0,DST,7.184946192410835,7.6455045,5.828775026942707,6.932831891332248,5.936899051161656,6.632976772572334,6.197698770780161,6.167746820409568,6.2062722731729725,6.195396552006532,8.037945677297996,7.999877482670734,7.900066653812332,7.592559102073515,7.451883660037142,7.243141098450426,6.99144065720635,6.977880328443836,8.051814539321049,7.958780930716216,8.241044863440676,7.479879999495012,5.718124596630172,7.7578060736008,7.533410958751997,7.209410930112288,7.233875667813741,7.313375650407989,5.643898886474549,5.811648646984168,5.888526841355776,7.349011041876059,7.5363644182485725,7.970410253232382,8.041275,7.464252772512407,6.330142048936782
2022,7,2022_07_NYJ_DEN,NYJ,7.0,DST,7.706478829757033,8.528994,6.697933026736077,7.58132993989232,6.695470148739715,7.431091521430198,6.96396226139667,6.888603974503022,6.974779679187014,6.874464085886219,7.916951806632619,8.184005044987144,8.369438804104078,7.997209067190961,6.790866465902969,6.282188572112596,6.834019466908985,6.197483471807373,7.155950577754254,6.196380381424346,7.351860208083222,6.390700342403418,6.968705590233666,5.562621190994473,7.63436315354708,7.661568376131178,7.616657922505323,7.840622963613057,6.197270371573373,6.883760956675083,6.9806139999243,7.178377958304324,7.011036582199974,8.366755401790403,6.4303036,6.405663518493435,7.214428815875409
2022,7,2022_07_PIT_MIA,MIA,12.0,DST,8.047889007885225,8.554525,8.85394296660157,7.6355551035212175,8.880014133710652,7.9066841344623295,8.465398751221926,8.104677444324205,8.445401116472151,7.832849696904041,8.102454743161418,8.111506301835634,8.074926917783493,7.921162982734383,7.912801251399078,7.754300930580323,8.092043265650192,8.081362975076287,8.327708622162813,7.781618555995615,9.351848957031514,8.122508432728292,9.516005125684671,7.432498317922143,8.135973611937997,8.032862114673472,8.017835221461718,8.182451441801796,8.532678467917137,8.3258962176154,8.195591552243215,8.16815544231913,8.286505654377239,7.679975751862512,8.079991,8.80012733636867,8.371640970052004
2022,7,2022_07_PIT_MIA,PIT,1.0,DST,4.804973787444549,5.2414427,6.09722666939919,6.757414389477449,6.02433036358964,6.562344995953341,5.988522160891367,6.055579135215077,5.988490432234235,5.981833208316759,4.613381999078112,4.582210329852787,4.783898301268777,4.907175410149232,4.675644911027222,4.984993493283984,4.770288070604916,5.1189155120400525,4.895856866244972,4.706419557529841,4.703951648024408,4.745533688969373,6.214803449431419,4.66194640828335,4.585962518943289,4.84378982136387,4.882605855283191,4.912531302611228,6.362092977888812,5.909217396928679,5.913112409808356,5.069026181199382,5.080038558499905,4.839496739608779,5.127343,5.146324313908327,5.862448912935187
2022,7,2022_07_SEA_LAC,LAC,4.0,DST,6.078484278345888,7.002801,5.212109225549458,6.835597904936606,5.43909271087364,6.71387773214419,5.654103054677899,6.634478285688791,5.654265058191268,6.45340352191069,6.052854127767136,6.597193201156409,6.2756460673691405,6.535623590658893,6.300943227449231,6.80221112857905,6.6280861707837,6.600827598116322,5.878467271650314,6.751700799623546,6.056493560641022,6.54560334106161,6.399556199173855,6.903084902883804,6.312717621392518,6.122677253230555,6.166870228115221,6.190160160243686,5.5794527745532,5.8062143745267605,5.785157113006187,6.378220259189232,6.885920022922595,6.081787724938917,5.993994,5.8616822874324095,6.085779774325664
2022,7,2022_07_SEA_LAC,SEA,7.0,DST,3.13024501849759,4.573207,2.535286913885397,1.2283576552109308,2.733283718718201,1.9990527958444977,3.453171626386633,2.841970288909563,3.472525920100456,3.3069208227837903,3.481529777117296,4.019137858228413,3.9708378053138,4.0353282130549895,3.830660840904364,3.613552860386547,3.539670762700008,2.882466022707108,3.373367157400252,3.476110218663856,3.3783575426058534,3.1817831478416685,0.7623506501786235,3.727186879630604,4.566930052081685,3.276208279038978,3.4221715395803662,3.2319667583538982,2.5113108278277663,3.153565408287289,3.3111042122558336,3.538879785531706,3.28597608449069,3.857889030810449,3.598153,3.734029656661887,3.6318525323293396
2022,7,2022_07_TB_CAR,CAR,8.0,DST,3.622690347605253,4.8194885,3.4158735729197987,3.8907353911289513,3.4314688224249803,3.7588609551040095,3.672413723830009,3.621133975277207,3.679156823431327,3.6229503767769375,4.226064297621519,3.985189435011342,4.059023184098885,4.256984392828792,3.655391632393061,3.1747018757933176,3.373666703224779,2.952198383399138,3.9791492492450784,3.5229390877785383,3.3639316513998923,3.4273330371159982,4.506430553128622,2.46328280002984,3.9717044522975486,3.789707331045772,3.956724314486291,3.7296460070508064,3.6293671963180953,3.7590513949760593,3.78626918650552,3.4835425390639436,3.444798941617163,4.1880675902370115,2.871588,3.5592082375364553,4.351014587102936
2022,7,2022_07_TB_CAR,TB,1.0,DST,10.132153504877078,10.562166,11.939932244349333,12.678901486005664,11.385783279352758,12.178605191870693,10.33416715063004,10.984563327259924,10.311786666425306,10.455796833169972,9.932065092866308,10.040171121136169,9.85209673050793,9.684178836406169,8.82926199406042,8.63506317840762,9.504209082927218,8.372685372922556,9.468596624794127,9.530587691361184,9.229683441580844,9.296330720333428,11.469990690611404,9.61800585383152,9.588045245801366,9.981307424505921,9.830461344134763,10.283581228930485,11.735788832340265,10.317606915075041,10.137743849005584,8.435212537530816,8.47999476627572,9.887628462755304,9.818972,9.047520129515119,9.88824121528903
2022,8,2022_08_ARI_MIN,ARI,6.0,DST,4.779475929481307,5.380221,6.3752552967674205,3.690727324404105,6.194613321038213,4.528782688306112,5.89754653788152,5.554069480758526,5.887494461814091,5.659018309012406,4.696224422246514,5.247666627344961,4.968381570209402,5.050996682232152,4.8786619987399344,5.202209945500633,4.942004895127707,5.1477969353229245,4.84918883127595,5.146008851712045,5.572851540373288,5.5555293128299335,5.293653153695535,5.313785799445986,5.102798238829862,4.8645052600552,4.949534590629092,4.88817623994135,6.11149163214278,5.859885859318801,5.800149414616125,5.300192587878426,5.464690386962287,5.03688715807199,5.5778236,6.122610650683482,5.915494210146734
2022,8,2022_08_ARI_MIN,MIN,10.0,DST,5.831747485093499,7.1471987,5.746298574541438,7.093999130010939,5.722275552697482,6.533749342327081,5.778462731289405,6.013723366055013,5.781862562687042,5.960488577454132,6.664265932754883,6.354374049930886,6.608980408880917,6.669099319000356,7.172844845966851,6.968373317192677,6.764708684427151,7.043367355610316,7.103427230317594,7.530197083459764,6.702635207233717,6.563631732853046,6.655866316591366,6.606601287575405,6.374369873781778,5.968388505709648,6.105029526325798,5.9456601264007105,6.296928547855437,5.818358891159675,5.782571760950099,6.820749176245768,6.65296206854969,6.530167201932907,6.4623113,6.952891782110089,6.096911214207532
2022,8,2022_08_BAL_TB,BAL,5.0,DST,5.123337754251389,6.218387,5.558789115280122,6.048894472635317,5.532537928375515,5.552819117976816,5.484109454590465,5.293795293253137,5.482808770537881,5.347245354317368,5.994576697074848,5.983411257284789,6.588829374609054,6.571139459272209,5.1196536929110135,5.276076296435326,4.913378578990229,4.928986899796409,4.902222244398357,5.434729202977997,4.306492764303042,4.57967881312623,6.377996035452034,4.30211285684282,6.507704220163805,5.170533368436674,5.217728982621958,5.234705571551024,6.073758587793303,5.651100355780775,5.607399099647848,4.732648022210514,4.809477961792753,6.217792417048894,4.2067385,4.8576804641698015,5.83269430901956
2022,8,2022_08_BAL_TB,TB,5.0,DST,6.420090487947133,7.101876,5.764625064784732,6.9976774142554,5.936457918874462,6.819766301365826,6.304921431552408,6.590416740952241,6.314269144424969,6.61853361408136,7.00784113892035,7.136925023395869,7.007593523926894,7.013563817306251,7.551750325600105,7.354609265483994,7.2917582163495345,7.165458154026462,7.436220919883127,7.672632274093472,7.243739942644889,7.834835105363901,7.541620893314594,8.883668054431057,7.102561306176866,6.430373218623754,6.440655949300376,6.534472675504963,6.667519095364289,6.669553576477289,6.688715159362388,7.805793636399916,7.698119815730146,7.221743373138308,7.397175,8.210578885537974,7.030630211446223
2022,8,2022_08_CAR_ATL,ATL,8.0,DST,7.6054006627261295,8.446899,7.78614188932947,6.924947462817696,7.4992215115363186,6.995354087153565,7.05689043374829,6.704298786648957,7.049530660452215,6.6001873065841465,7.845907991910338,8.182035108159115,7.828112892655461,7.85649571566617,7.267019076097175,7.304505059984376,6.833714461954731,7.586304029052368,6.359766685293415,6.5385530300943,7.63145140313387,7.840989899886829,5.581837137021244,7.014750374672336,7.085116700047062,7.521964369301971,7.438528075877811,7.739463792122487,7.87578226531658,7.048506550245435,6.987904889463184,7.230848122426345,6.980332172329155,8.102943972257092,7.5146694,7.098366885088565,6.7277929116294395
2022,8,2022_08_CAR_ATL,CAR,5.0,DST,6.425658252503992,6.4590497,7.6033999816114175,8.26623189335734,7.562891278477325,7.917913326324742,6.875417600385548,6.876210316141341,6.858383322134402,6.499120687114735,5.884155694333323,5.977707931154646,6.160613852383672,6.0948180477839,6.572090787944876,6.0465308595022655,6.489022716683529,6.778805164027728,5.7986902094766615,6.384469314875418,5.927540258887172,5.740558096309732,8.773350363594055,6.3746895699255095,5.992284856959377,6.4515610777091945,6.477463902914396,6.54437272962117,7.108754880690847,6.801500435727486,6.715645792574451,6.432595665338829,6.492325305430108,6.098385278607191,5.9003057,5.714515295832609,6.714486616820839
2022,8,2022_08_CHI_DAL,CHI,-1.0,DST,4.741561432304936,4.816679,6.75677984820289,4.867465694668781,6.550143455107601,5.160264208553189,5.941053050158268,5.64518760319993,5.931543606938499,5.704221236968447,4.142671975523044,4.029621919993921,4.124155737076718,4.27978562237353,4.630031696208587,4.361607959671954,4.738499255573394,4.666565160010867,4.879887369547072,4.78745706859922,4.593232118171115,4.68040455437131,5.307531671939406,4.85221664355307,4.112584266269102,4.75559850531062,4.769635578316303,4.848572343274943,6.362943033712195,6.138232000556836,6.104438344371692,4.977288742077079,4.84831695956227,4.552699378627653,4.8142414,4.831249075067073,5.976561170385412
2022,8,2022_08_CHI_DAL,DAL,5.0,DST,10.00252282577708,9.454995,8.785280591600612,9.113604224771244,9.034307208483504,9.226616471716309,9.415603962973028,8.991553556001731,9.419227511800928,8.981615786172632,9.365176862730436,9.163664638254074,8.966933167778786,9.001757334089719,8.637718517184112,8.776904196705479,8.906199894159723,9.07334733843827,8.455095723898431,9.275918757233022,8.625854015016984,8.486330833269074,8.945679255722672,8.688605553850637,9.30218497010226,9.885800323754573,9.769077821732067,10.138149900499853,9.56327112156373,9.26578317373482,9.258431365557122,9.134935440374004,9.54401773767643,8.99859975437508,8.656894,8.317186242636863,9.987283757417076
2022,8,2022_08_CIN_CLE,CIN,7.0,DST,6.44699989807014,7.4813166,4.955037665592863,4.884113183671801,5.400442280732786,4.884507535202511,6.09035041748021,5.433149679179681,6.10531763375386,5.880159029206141,6.533618413212871,6.471527838274335,6.881515963858818,6.624969262258198,6.994382825249383,7.05981048786921,7.279347510487201,7.0489828086043484,7.224172328240833,6.8605717291070585,6.762961553453265,6.162949549323573,4.66158111209609,6.419289444862304,6.536165089647104,6.4573073752347545,6.467614852399368,6.565492442514881,5.503144156573629,6.090045905873747,6.206283148159222,6.754429713945347,7.017199595179795,6.933144316211701,6.1205273,5.555084235157699,6.264109293619806
2022,8,2022_08_CIN_CLE,CLE,13.0,DST,5.587189014431726,6.1560836,7.087571212891512,9.243926568349805,6.915280099115468,7.91037707588884,6.21722542963883,6.482557197922859,6.199597546505212,6.07196737250525,6.42329365634484,6.71950306099371,6.395593040377996,6.271531903228206,6.476253198022615,6.424708507186237,6.482172669065744,6.77847244003321,5.752139656071202,6.04768182952129,6.596046698419189,6.558778297191946,7.173219068621384,6.362141525815703,6.34585308700902,5.6966718153398945,5.806154616248062,5.698668814150716,6.941124576639873,6.150742277133551,6.020301513010157,6.15738701421283,6.346925911763186,6.491318823111836,7.1378536,6.70640636873709,6.394558625103468
2022,8,2022_08_DEN_JAX,DEN,7.0,DST,6.09921102433482,7.2321024,6.10197196561592,6.530910266045282,6.357275575324925,6.310070091534012,6.39250415956007,6.177137612312605,6.393062608698507,6.194000758856214,7.012498316234452,6.720279301671411,7.046700126235528,6.987953085116916,7.441392141703334,7.091587438120908,7.155049268292354,7.252588440912677,7.6980516214571955,7.658913065422656,7.151543484357784,6.471211994529668,6.471251224992417,7.4266982234487715,7.131134314560335,6.166384597355188,6.233558170375557,6.217772446984093,5.734434812954645,5.9823235282208085,6.030882523904587,7.108890205555648,7.289552611290872,7.111743697609129,6.5660696,6.076075980028226,6.278273195836704
2022,8,2022_08_DEN_JAX,JAX,5.0,DST,6.5723446417682485,7.6738467,6.0585553970581625,5.282001072004264,6.08513705184548,5.334982460264969,6.326875858886142,5.768282460216769,6.336838693366016,6.044589106015778,7.35274635337204,6.950054269331239,7.811359570525695,7.262908686442392,6.828465714809743,6.682095439623672,6.714367690325238,6.1772449068757975,6.81557052379934,6.620844578113522,6.471008878016482,6.598980711800225,6.048264872955684,5.677297857933974,6.951883731551641,6.558873224336276,6.5454018069043025,6.6971829073437785,5.9951289121671945,6.340113257452141,6.416746090000681,7.257448700482426,7.044292714335459,7.539253623780604,6.665735,6.059620434531458,6.484348813161903
2022,8,2022_08_GB_BUF,BUF,5.0,DST,7.474369273118652,8.820721,4.8095541175925565,2.750150330154414,5.442282401453918,4.36737148818128,6.613841523369345,6.602173516417788,6.634837282731873,7.093465468507351,8.690564088195128,9.041930595994714,8.699613522318172,8.454832362889983,8.05013666117884,8.224320663260757,7.708867362570308,7.790503459458625,8.142346585042212,7.320876906942233,7.552939367799293,8.387388272554793,4.939217405924403,8.795212566744944,9.196361392488868,7.4968761719292125,7.519383070739773,7.604713781377724,4.970374226647731,6.573073719164358,6.753822021387305,7.4783338386745095,7.075656110221657,8.676988708624476,7.943211,7.741140816033105,7.042230839871835
2022,8,2022_08_GB_BUF,GB,6.0,DST,3.3065304904725865,4.1824045,4.516697911354811,4.475066501522587,4.477481194859738,4.077973169865987,3.9939305520178,3.795280094000212,3.98687555249746,3.7351874734094577,4.539405791469565,4.269061692398873,4.114207077146537,4.210522391495061,4.031471878579128,3.382305476736447,4.552003182294168,4.009004157508498,4.467434581454064,4.41595108383353,4.303007423480384,3.93647946556956,3.7941531975418896,4.932151851910474,4.446779518745107,3.405010404756285,3.503490319039983,3.4073634708595053,4.481048607747976,3.9609911151929422,3.9137891239681615,4.510000473278026,4.822920010629794,4.2074954694432884,4.424517,4.347382931093405,4.319463434542432
2022,8,2022_08_LV_NO,LV,0.0,DST,5.410738240547183,6.484582,4.416515104955586,4.473070918067451,5.053612851140472,5.047212690944546,5.588902098011615,5.533961760444141,5.589730232066002,5.543022249366743,6.000664777082225,5.922137216694453,5.8516879759991465,6.011236455597583,5.734005795915669,5.981677268547811,6.098213271672858,6.148281424865505,6.273317780788979,5.723620380995992,5.121520986331144,4.989239214192357,5.136917297863856,6.162150113453111,5.819284372068945,5.379547968819414,5.348357697091645,5.522064373819902,5.398993799467242,5.950622638062318,5.91969973663295,6.452742224153996,6.040651278822997,5.831590022096898,5.6313577,5.679927324494531,5.7613008931604925
2022,8,2022_08_LV_NO,NO,16.0,DST,5.2299242839824425,6.0428376,5.313615568009866,6.983956180394381,5.311244663168048,6.590956412551781,5.177488184637058,5.866353773034822,5.170309457894427,5.5724419506869385,5.121118288490018,5.146778952527522,5.061943215125351,5.10344144943734,5.613536848452443,5.742506879834223,5.151982665655428,5.71651892513925,5.504161463237546,5.599135223874998,5.655597311457904,5.9173888300442,6.903196156274658,5.841022806171208,5.291656532676881,5.295663907350687,5.361403530718932,5.3381808805909,5.2375562614407,5.003977550294118,4.970830249403411,5.180064761692172,5.227949810437597,5.170758990866406,5.512332,5.329764866373357,5.34339543774075
2022,8,2022_08_MIA_DET,DET,3.0,DST,4.351757271480736,4.935667,4.783453267764727,4.759174595019805,4.547612026756115,4.386752373689193,4.47557840119973,4.340553037986224,4.4820254495209095,4.551318947870541,3.167805582211317,3.554947984011024,3.917021091998547,4.187800594872795,4.242260060726787,4.5194155951718775,3.964315333231682,4.122990402194144,3.971019411326152,4.064586826869306,4.004987361321202,4.056315544779411,5.032468299817904,4.600299498842668,4.207281618823176,4.354611354458557,4.357465437436377,4.456032698215653,4.659052912875512,4.474387224127392,4.546614365566553,4.505667058902435,4.222717937381741,3.769118333656969,4.1004925,4.348559432835213,4.525656613613564
2022,8,2022_08_MIA_DET,MIA,1.0,DST,5.5805052737231815,6.4817724,6.108355525887872,7.490620458633543,5.953742957182694,6.690358848954707,6.446700599020726,6.618902067154102,6.457841105751996,6.7322583175585535,6.208637026928797,6.156677641990443,6.381635098993631,6.381791467353491,6.864725651880575,7.07257376291075,6.909610321231494,7.13688048377859,6.906739291720456,6.9202721488867525,7.731610903595803,7.566295952412908,7.603473366911261,7.487948421437546,6.324049653867328,5.547494484724506,5.51448369572583,5.688453323063968,5.367702395769817,6.204614335178555,6.32434810886234,6.824944905142721,7.163803779518634,6.260675843317818,6.6686444,7.196804343540352,6.172620302281915
2022,8,2022_08_NE_NYJ,NE,9.0,DST,8.272457718839252,8.274159,8.478382168174107,10.05381744679826,8.567017227003252,9.643237238843987,8.032020061019477,8.302308807265636,8.017672885381616,7.897347335792107,9.08522639427476,9.121827742407849,8.57920967642202,8.658405644976726,7.772984553165468,8.080757689160032,8.21536996687851,7.838347350140619,8.558052404557056,8.025555482462993,7.925738074449657,8.400368217870014,8.92021763285829,7.975044436831691,8.108716545825905,8.255774257570534,8.239090796301815,8.405837824109717,8.01091029651963,7.690728937304092,7.623158376077667,8.056873335829739,8.122274240758166,8.931977120491764,8.279402,8.233537678868057,7.810712717339289
2022,8,2022_08_NE_NYJ,NYJ,8.0,DST,5.824788373170016,6.9489264,4.473150196859362,4.822198733661594,4.716965222681843,5.247199564877247,5.316910487709226,5.465839822509532,5.333946399428752,5.540132238052287,6.77728943953774,6.644926745465948,6.765625568221988,6.448867353026492,7.228687041452398,6.920558708985556,7.155449512282543,6.562538117027105,6.687662459780038,6.558353627701641,6.707583794181676,6.484625367028516,6.164098936143424,6.44769702710474,6.907577272146426,5.786562935185815,5.748337497201614,5.9428389858265165,4.566858900436662,5.3408227965135,5.4641960462308425,7.826636281897179,7.309877785378164,6.7461069452901965,6.83979,7.175024054703552,5.311169611613392
2022,8,2022_08_NYG_SEA,NYG,5.0,DST,5.073309910445303,6.235368,1.2282104572976067,1.4529120345520754,2.2116101259912817,2.372364706987386,3.886960612152708,3.872493183103079,3.91278970186078,4.280975061545288,5.724539355166797,6.011342476982724,5.907644002237762,5.885222274047139,5.305074835102457,5.9901750895582655,5.642941756642113,5.39568822316039,5.139214135880492,5.6456436506297205,4.86093555874305,5.229042602065816,2.699609879386744,5.63701181600071,6.313354499501263,5.17185696572614,5.270404021006976,5.183174455614549,2.1889789238893336,3.810237124427304,3.9923946561774684,5.807858508468248,5.315033881137353,5.716899760190757,5.0815506,4.798357098818047,4.676975887850416
2022,8,2022_08_NYG_SEA,SEA,13.0,DST,6.717757409086103,7.5606008,5.246897627970874,4.730516741856368,5.630052911313845,5.52422625608184,6.277332285985748,6.250631049840912,6.287350471737026,6.366232632717876,6.938236152656947,6.831782474712698,6.700466057187349,6.890777702844704,7.142090321421887,6.7547582140140285,6.7230015253580016,6.258499572636617,6.443937741294157,6.117869741792416,6.58167047900626,6.927166398921552,4.634454710079057,6.530205927503047,6.575081794856164,6.7670423157301824,6.816327222374261,6.839899212682415,6.245651352030715,6.534987865999539,6.567547173965695,7.271650968741616,6.675745199575456,7.037723028059801,6.7189384,6.460996981278974,6.8543838247756295
2022,8,2022_08_PIT_PHI,PHI,14.0,DST,8.623071503285916,9.565432,7.312561480560666,5.877749159954641,7.666892631323328,6.48114093257153,8.100691487851872,7.780931780902355,8.103093444331932,7.9562666333848675,9.08948577112663,9.280910501126357,9.347869275040985,9.09924033673712,7.922036301172249,7.803720325581081,7.6008521525235615,7.262984200530768,7.662673133810889,7.59688776139683,7.784053605336103,7.298836683690017,6.981719204994757,7.731022072793918,9.041916675216338,8.582825147940085,8.542578792594254,8.766730734478571,7.818128218007365,8.187751212838585,8.208512004252324,7.85538020735508,7.860212033446549,9.212351263495272,8.654523,7.7878282091071265,8.33119025877048
2022,8,2022_08_PIT_PHI,PIT,-1.0,DST,3.917244235238654,4.706243,6.160610510892434,7.800323329840012,6.02328313102234,7.085516317923971,5.604331411756217,5.725613356114836,5.591743599726767,5.352708674612519,5.025966176769055,4.629363333690604,4.662893153539985,4.521965397252251,4.5538242316214586,4.466218548385466,4.519456972814549,5.282805974404062,4.609105312965228,4.813887516919669,4.27805914103529,4.604102434802868,7.923174447010817,4.804098641562963,4.41142862161229,4.11152854760087,4.305812859963087,4.024062568004633,6.303137170131352,5.393195860425468,5.271512258871125,3.9447684997567856,4.220867154317738,4.59160749372243,4.1687613,4.660917640199597,5.4515110644735145
2022,8,2022_08_SF_LA,LA,2.0,DST,6.336622032042796,7.0735335,7.450903608048796,7.587406658206927,7.553625866964243,7.378347369474363,6.68005862961838,6.641260457567284,6.665932895684881,6.49431383400409,6.6172405840084165,6.488393018524678,6.465175083046706,6.345823918952259,7.486315727864487,7.428975724677194,7.529425927465658,7.509366589722581,7.594881204981303,7.403737072415712,7.437711291430856,7.913055910080098,6.261360029002697,7.218675713874719,6.411360449230555,6.29879339263477,6.260964753226744,6.452470994320042,7.367122229621877,6.449726297468698,6.411342079234375,7.159616668883676,7.288240845135709,6.6278283374647335,7.393338,7.571148405084541,6.514060003706783
2022,8,2022_08_SF_LA,SF,3.0,DST,6.7815036799546,7.515278,7.638842803778727,5.384851817768785,7.782975831329199,6.177225691643744,7.341229860312612,6.65762986614498,7.323541333587045,6.602239022741117,7.999878599572686,7.761807644125799,7.25619360341196,7.294992734510606,7.585069077902143,7.807224956131116,7.584539834304847,7.7061588570267645,7.976311299651507,7.463388515033836,8.456122377456083,8.271566437469904,6.206134994800317,7.814838278380385,7.112963144559805,6.747773504782666,6.714043329610732,6.90412049041561,7.704903102128503,7.487615778852106,7.367620467374218,7.394990069613954,7.4655034286723385,7.481507224523507,8.319091,8.749024707356071,7.430781845483374
2022,8,2022_08_TEN_HOU,HOU,8.0,DST,6.863161057889086,7.5492396,5.655084076507984,6.14987806175006,5.762552451463062,6.337260680616144,5.87040132264538,6.0626322543418345,5.873053864063637,5.956401300920522,7.284998261185671,6.815109777617134,7.010430421173216,6.708524883992693,6.930631028717491,7.081930506527069,6.799698973411589,7.060206328145425,6.650096096288204,7.092620376159317,6.703490186547379,7.494409184383416,5.46195670676139,6.713591430506877,6.597270922864333,6.883938325082491,6.904715592275896,6.990134645221692,5.689731813467037,5.862678087910935,5.919022264243829,7.178865400740974,7.035249022661308,6.962624758590419,7.6014724,6.943198343976916,6.060915774175138
2022,8,2022_08_TEN_HOU,TEN,9.0,DST,6.762041979388584,7.990984,5.9246067610064514,5.656784130356979,5.873064133751612,5.743777547525228,6.206457002826482,6.0295499563206585,6.218809225275866,6.2678650408664485,7.355325126974717,7.630076978765416,7.624312058239575,7.549702822874046,7.618249156896557,7.455307149065653,7.679034595362975,7.109470398888414,7.5846157743003,7.5638741783949905,7.432285522266742,7.034230865250165,5.352347017402249,7.392936336153192,7.312048428123035,6.816552518753823,6.871063058119062,6.8889587810572035,6.3115359776982665,6.408836219401351,6.49465262306188,7.755806349042885,7.817273695610645,7.952803366727155,8.137773,7.646612261469262,6.473477872658977
2022,8,2022_08_WAS_IND,IND,5.0,DST,7.586570488844559,8.194876,7.293304567337206,7.03261528619387,7.205820575588625,7.154298438267982,7.289643751172242,7.132244868319718,7.291682007070368,7.191988616862422,8.189790740663486,8.07000910384397,8.083231733588379,7.906996713365151,7.657583807078707,7.877633167435309,8.037644825284575,8.129427022080495,8.25575412416306,7.684845133085218,8.222020261334306,7.662003747366572,6.68144052516204,7.829129793139673,7.523252889547664,7.610552768703303,7.634535048562047,7.717537844724434,7.491023610333573,7.535938301920253,7.530109003161064,7.5741379513451434,7.639618161345333,8.058322398350127,7.754026,6.9282099884370165,7.801726032019193
2022,8,2022_08_WAS_IND,WAS,7.0,DST,5.600845092020768,6.8696423,4.934590813861655,5.479222218739798,5.1941626754797,5.315873299941134,5.596876051327513,5.416374575643912,5.606693520460215,5.564952857121078,6.018264062921335,6.040881330687607,6.197997898856544,5.977347413031254,7.003621102314346,6.401220889371385,6.06095298642586,6.226434904391136,6.198586044952602,6.175033602621421,6.072466325894094,6.809208995131146,5.961915346044952,6.449268997890729,6.058634593290639,5.741082511146129,5.881319930271491,5.718631856694543,5.532532570282646,5.682716367159607,5.741346402141875,7.319238374353434,7.026994710401058,6.240489358771669,6.618356,5.796582397624577,6.0593649520008
2022,9,2022_09_BAL_NO,BAL,10.0,DST,5.699994910291351,6.8810034,5.377985523286126,6.07548274654887,5.782807117193899,6.220355417482376,5.934365051101927,5.954268763573454,5.928787109361293,5.791481566440638,5.859320203055469,5.869772671977771,5.746310999450515,5.802867764378166,6.405710838554048,6.505324714559711,5.979654602858656,6.347851971906785,5.995484606518526,5.881104197539006,5.573177931794934,5.202841773181847,5.754404683206571,6.245313507728571,5.768082814856041,5.710545198383745,5.7210954864761385,5.814516664047275,5.975607349268477,6.086796224234697,6.032404015444905,6.735369267558033,6.122588604923779,5.712656816671524,6.0641255,5.578545706665394,6.165861904233757
2022,9,2022_09_BAL_NO,NO,3.0,DST,5.880563177200408,6.439259,4.611388424856665,5.312275847655833,5.029510961028191,5.5176436827884086,5.610520728765881,5.827795562808716,5.623558215398377,6.054613464614662,6.066991003742697,6.106764635724711,6.195101916218155,6.114070859453986,7.427769846153072,7.534590550634005,7.0150752079350776,7.534143168503643,6.939022588750783,7.338137332561997,7.166567384309747,6.669832613880756,6.223681190516819,7.765143131608158,6.110671363168914,5.944702625853844,6.00884207450728,5.9916775170820635,4.98769422244847,5.547907324134672,5.65318525859533,7.646605237465259,7.533437846319784,6.37126397949052,7.3454823,6.937778817934341,6.088596509969479
2022,9,2022_09_BUF_NYJ,BUF,5.0,DST,9.05104122374145,9.0897255,10.079114002526774,10.92772163168979,9.75116826108411,10.54298464964018,9.397991894324772,9.82253330737884,9.388845525958605,9.52114038917794,9.0520498091832,9.11910333890132,9.262460751964728,9.117362843950207,8.871345692157911,9.058726499716007,8.853601158077286,9.565963237131893,8.796954827016387,10.25076221960896,8.57668154469636,9.671672993704682,11.137302220692655,9.110224666975489,9.261086771402423,8.89379711467208,8.73655300560271,9.185613569685186,9.512951109099296,9.302636086871535,9.25651440189783,9.028483675960697,8.95450405278367,9.118557548009443,9.511402,8.875934070053349,9.26763685381273
2022,9,2022_09_BUF_NYJ,NYJ,10.0,DST,3.7111060041607855,4.2305374,2.8260592342894024,3.0834437461093724,3.1807729783067176,3.607548230748487,4.054182790580327,3.861680358047327,4.07682519866542,4.079420124929162,4.033936381037372,3.7367521742744554,3.8536679348700815,4.073922413575513,3.9747260538559126,3.2713447724668727,4.201368178100639,3.174482741252822,5.022337209253292,3.040159225920005,3.3945161263507333,2.743556142491846,3.525551175124588,4.285289085335814,4.138684982204918,3.6778848877447112,3.644663771328637,3.811915034461158,3.4120859357444915,4.0376066388438705,4.154274677080705,3.649594421991556,3.7810713011718393,3.8945244754069943,4.1048937,2.963807923922059,4.16998807274029
2022,9,2022_09_CAR_CIN,CAR,-2.0,DST,4.7941766059077,5.5897317,3.9538173931010423,4.226918440247508,4.460591620852194,4.656750031028969,5.052526619432608,5.05662137014612,5.065024463143387,5.196454997653092,4.7719147337839765,4.682812957863178,4.4623518638371085,4.593390694794135,5.051697774786497,5.1892129387403205,5.472438041207472,5.389775595868176,5.407797491232664,5.259820510310977,5.731220780764139,5.697656741395186,4.574480529172222,4.497478693501266,4.330728743566376,4.908651198431534,5.023125790955368,4.903038698327069,3.74088148527883,4.794146506182662,4.9254467250522085,4.8145903778081705,4.925114121567339,4.563654279291074,5.1418285,5.0556412338537005,5.1417809455377075
2022,9,2022_09_CAR_CIN,CIN,6.0,DST,8.368755825802682,8.681943,9.40906984919554,9.738158489926718,9.029305110689466,9.207135969651468,8.37928659650313,8.322277534388377,8.366110025351682,8.087144547250496,8.50119304954996,8.56997229780524,8.38500444552703,8.333186512534922,8.192863756871557,8.178968673936163,8.838395145421808,8.338117340266836,8.76083265781147,8.459382025536797,10.056272340253392,8.275931970227719,8.595417922230585,8.450784349754624,8.20259289830775,8.24351825129264,8.118280676782598,8.501997163717359,9.002226573486237,8.365591216698238,8.285871279250207,8.688782314845646,8.868131950625557,8.403205409816291,9.234668,9.363345039096655,7.927614156575139
2022,9,2022_09_GB_DET,DET,11.0,DST,3.677768570539152,5.2216525,1.180875823515895,0.1862014868415906,1.5118404399059877,1.002183286406674,2.766842401454418,2.53188240494616,2.796633724291649,3.212847232077766,3.355604806226657,3.5504169087542103,3.911556199816375,4.071271848949043,3.7283477706083694,3.854595978143815,3.359856599758652,3.2988902302506755,3.1822743119936536,3.5526748914036776,3.777836778689589,3.61949197722464,1.611706696189937,4.169490455105441,4.125926876628387,3.8181916416517567,3.958614712764362,3.783495412265578,1.3261995644173608,2.815348784105945,3.037341182263359,3.6364542042509864,3.377034098986929,3.731530258539939,3.484657,3.7779397102222867,3.7376542568952207
2022,9,2022_09_GB_DET,GB,3.0,DST,5.792271950778788,6.98863,5.994191295769721,6.567980134470623,5.973696628818724,5.986059346180576,6.204712846741289,6.120535171678841,6.205290395373239,6.186161523264351,6.354938568650376,6.135984696800958,6.464140831892784,6.440912688088083,7.183680627905318,7.526145172228817,7.191661487186028,7.348919634673638,7.467279430961303,7.1270106235425175,7.1934782800421,6.87244003424396,6.127313236162975,7.348800367338399,6.17332346394062,5.807472814136487,5.822673677494186,5.903868952875291,4.979784659544787,5.747082870421376,5.842195094665818,7.292597748270566,6.941686902765072,6.16528659056379,6.7546635,6.4745268440567925,6.051660752579021
2022,9,2022_09_IND_NE,IND,7.0,DST,5.928561943290122,6.507182,6.028975069139507,6.8857013134562,5.935980433706837,6.382169753104188,6.064748734010458,6.069470389364867,6.071290343531818,6.154042055287284,6.061834602611836,6.008425226279823,5.856608915745108,6.080748363429873,6.722643632103283,6.651753608915578,6.654218425560954,6.583676701369392,6.783975995189487,7.021898955661968,6.544937576692405,5.890419476348345,6.700234340213647,6.345482536618849,5.916371777489606,5.9649246734779275,6.001287403665734,6.043808778869056,5.74031235128877,5.953780170979652,6.027533410889095,7.1027957826563135,6.667661814146349,6.185899310669847,7.130058,6.921806223451131,6.275222734472441
2022,9,2022_09_IND_NE,NE,26.0,DST,7.992851143540496,8.715904,7.144193537675283,7.708566182272397,7.695928595469756,8.092495416072223,8.102862913082873,8.354185556636455,8.102467461184563,8.195839172562048,7.689355637119468,7.854095866469319,7.806249624034284,7.933048789293055,8.07353225782296,7.889617075022974,7.9311534925819345,8.09573835731913,7.599894545749037,7.312767128878447,7.825477092342607,7.162459449377137,7.176841313656719,7.262775930442438,7.894263268835416,8.035403386025369,8.077955628510242,8.125862237155728,7.441279572385943,7.861992867785016,7.889047601332183,8.22173985135765,8.073536338327013,7.8003175972418015,8.097333,7.653599508694177,8.018835407961241
2022,9,2022_09_LAC_ATL,ATL,5.0,DST,3.770828760008833,5.552961,3.756684996875564,2.816202853144317,3.759071809028363,2.95509512093878,4.132379402563425,3.420601583403948,4.141009405633527,3.662694940242015,4.222342240687541,4.542190670022309,5.0387375915583785,5.002476263679078,4.631830720164797,5.178268617951745,4.525805260503247,4.609971495949776,4.637607025637665,4.885597561584937,4.379250206512808,4.471632973122193,2.837026481928006,5.296661109796057,5.106945127519383,3.880887274539533,3.9909457890702322,3.877115344460031,3.894258623382656,3.91109009446232,3.952995115572255,4.7439480042584865,4.405880282380006,4.676627385560205,4.5087075,4.7559100745203535,4.14933213600674
2022,9,2022_09_LAC_ATL,LAC,7.0,DST,6.828290677345607,6.657322,8.427210780536903,9.13954071645284,8.604235425260129,9.01685860887726,7.562782066937949,8.128543682908601,7.531614837475335,7.597451581031439,7.095030631095723,7.180505332887898,6.8580186325258605,7.097931543361845,7.140881951556613,7.337317619310903,7.329632538491142,7.392011743967318,6.690067161517124,7.097900420684513,6.366373769038642,5.943864254167754,9.71684701153912,7.80972624382333,6.916713958919402,6.7618481256348195,6.695405573924031,6.943115216710057,8.179392146764034,7.465731256992352,7.274265270046342,7.011952056227608,7.105496020259699,6.82507267784697,7.153096,6.559450049367277,7.495100271292761
2022,9,2022_09_LA_TB,LA,4.0,DST,5.764795157315674,6.473221,7.8368106461107745,8.316139508534382,7.7266369383306275,7.414589063447733,6.892171097094495,6.589858868762782,6.870065423046547,6.336651359538838,6.319972203354348,6.263638295984072,6.539111735243036,6.54958048016018,5.908054172424597,5.5821176232538186,5.865912506628308,6.066054803431934,6.696477803501037,6.606155043283839,5.780379974290908,5.648431097066378,7.49648478834541,4.988516052596475,6.631079553256344,5.826645456748457,5.88849575618124,5.879164961698275,8.021623335375839,6.794327474004234,6.642047570364376,5.5039029348430475,5.383531204267822,6.390207942278761,4.725881,5.741135223719703,6.79175936835662
2022,9,2022_09_LA_TB,TB,8.0,DST,7.144904997180393,7.798454,8.863633374991629,8.138689809092456,8.609094326265279,8.191744938134235,8.12268204602397,8.176823135628037,8.10661101214228,7.88299366197499,7.988178075544101,7.593562914351087,7.563035038588849,7.590607963010962,8.014265247177669,7.844941670584718,7.863641040747521,8.077659883717471,8.59419755018883,7.974802860106288,8.600884974326185,7.973734075894024,8.161337047247079,8.242374258268086,7.81174745434449,7.143011707071129,7.141118416961866,7.270311801361632,9.10465009371353,8.430430273678114,8.285517842515004,7.824055398159685,7.265996601462605,7.576944475148782,7.6517553,7.793381025841136,7.970568405079627
2022,9,2022_09_LV_JAX,JAX,5.0,DST,4.9385932069134135,5.870098,5.821873446649937,4.646804122615739,5.610699290829705,4.724327254907165,5.721021259381661,5.4933203826696655,5.730951239551215,5.761249542441199,6.581557038290341,6.4416885449078585,6.439133913794627,6.528592022821763,5.956843368880679,5.99910635506157,6.367671879465681,6.545953579769722,6.715527928700072,6.842253521984691,7.042539778938759,7.019292550883795,5.564779237794558,6.369126870602631,6.275150318258866,4.95214010294602,4.965686998978627,5.046307310567041,5.2518118340406925,5.716432587419455,5.819780011278413,6.250476201180404,5.84513604006775,6.426390607069506,6.0885315,6.431030006270967,5.8086981120658265
2022,9,2022_09_LV_JAX,LV,2.0,DST,5.817637487854386,6.9744587,7.518026446504744,8.867908232671809,7.304295734240409,7.672995035136036,6.89996565590383,6.942530997553865,6.891383207470483,6.757227830860348,6.4327780604782845,6.498607548413789,6.610527227310209,6.961407852731807,7.304774935676177,7.272241576611607,7.098848671231587,6.896899708448071,7.485205652106913,7.343078420064093,6.88088847438322,6.587937324032102,8.374928437103012,7.320504578788565,6.823632564926372,5.823608424016346,5.829579360178305,5.932238628856103,7.562289028430582,7.058142777259057,6.962684695731053,7.241940368919298,7.140092562816664,6.600978130137767,6.546782,6.0801387162605085,7.04633471269954
2022,9,2022_09_MIA_CHI,CHI,-4.0,DST,5.578160055621583,5.776643,8.109275502680553,6.12345199522015,7.744364810176264,6.087794080766627,6.936036065176813,6.453009540529163,6.917402647646552,6.3834693282058295,6.790908259608901,7.068473896966548,6.384872985043725,6.549907624874515,6.195376089677891,6.035932957651069,6.270574474731111,6.374623371769017,6.1955832162617455,6.526239778138905,8.138726275205093,7.626198044402583,5.299260753507244,5.7569510934809225,6.224917474283094,5.578511945000161,5.578863834378738,5.687650338426841,6.840829721146543,6.82001365918414,6.770619773242449,6.504358100420962,6.938584051286255,6.561829357676817,7.24004,8.360878062969425,6.973423719471109
2022,9,2022_09_MIA_CHI,MIA,9.0,DST,7.60693157101273,7.54362,7.449263076623384,8.087884601520816,7.6800243683971745,7.772790510269565,7.904349202865418,7.627970017841458,7.903999701226934,7.645572042509165,7.263277051346275,7.143362662948587,7.136271904077936,7.350487431187871,7.809913912399075,8.146040083330934,8.328734213899978,8.202961850441582,7.821507268929797,8.894228459213267,7.554831254990244,7.484854071644433,8.310798798420286,7.568148178857043,7.349580269537578,7.564200508935471,7.521469446858213,7.726541805145068,7.969477566311193,7.879411580486493,7.830839923598784,7.731672645645391,8.131561260760765,7.187773702948013,7.0450344,7.116069542423334,8.30339746014426
2022,9,2022_09_MIN_WAS,MIN,6.0,DST,7.579663127224102,7.7191696,9.229562439067646,10.042344314317267,8.966027656730555,9.546689598108284,8.365990822381518,8.535472780791498,8.352086479812746,8.182097962135893,8.425103503651112,8.577856340690092,8.221965124154421,8.378471697723173,8.020525013750754,8.164932982556861,8.493544110395195,8.326860916475084,8.935590374782414,8.053551015360801,8.71326416918551,8.448854051790962,9.730901679588891,8.117763519722095,8.10384946027225,7.5658654570129,7.552067786801697,7.705036256136768,9.727896543650544,8.793663584429426,8.628734575267917,7.811401692570023,8.20862872497288,8.295591031853755,7.996641,8.439626653364115,8.72124227757014
2022,9,2022_09_MIN_WAS,WAS,5.0,DST,5.606825221210739,6.393936,5.568692296790131,5.650774593256832,5.85045916686915,5.789264204394645,6.389536822258615,6.229935101794208,6.391997495326485,6.231692793565324,6.704087147131432,6.792784156410005,6.864602200143022,6.927312926122666,6.848263124390873,6.759953893199417,6.391128356914078,6.213833901970316,6.094615436297306,6.471298154789976,6.27195649412836,6.247869998273803,6.56551706757927,6.779260042151943,6.8936701903945385,5.729213227286859,5.851601233362979,5.72280976027095,5.92108205272152,6.329915798113674,6.331635121596745,6.57648487668291,6.696972304197478,6.759687130138235,6.828,6.606972612567057,6.671390329230617
2022,9,2022_09_PHI_HOU,HOU,5.0,DST,3.765785438107743,3.6472049,4.4830629803900965,5.249302590232972,4.247042889871414,4.412534095263485,4.014740506433686,3.904890231458712,4.016747101627336,3.9694184117931743,4.244037775001716,4.101104978341096,3.9565376782198585,4.126305389359048,4.390612216062931,3.9934992708048247,4.1544982606403735,4.210595735309655,3.752890945959888,4.219838955557149,4.277678552782772,3.909559059090435,4.206461005571381,4.140896601395308,3.651686224661032,3.941340235563672,4.116895033019601,3.868229190967577,4.229630334473471,3.8565261362721075,3.8985604411763446,4.0622850214153186,3.8556454101729867,4.173542113342822,3.7810316,3.857814026807903,4.360152928835578
2022,9,2022_09_PHI_HOU,PHI,8.0,DST,8.888571955211479,9.831627,7.778639652351194,6.657188769846037,7.871890843911512,7.1824635405988415,8.255790062480866,7.996100093759743,8.261586494746282,8.157530085527602,9.274042304818185,8.859861963849626,9.69418070642436,9.168505150147473,8.037431641290775,7.698663215340957,8.431946256445942,7.635221265534666,7.665607723392792,8.08711751424387,8.255057672194049,8.331359148083154,7.123229934291751,7.780300134233713,9.211136799281048,8.775670202234062,8.662768449256644,9.030537927518257,8.006386797005629,8.374423177265296,8.42355311318995,7.994841330840343,8.00643025599606,9.795137181227574,9.147874,7.707729134346983,8.171841253440988
2022,9,2022_09_SEA_ARI,ARI,9.0,DST,5.630173633720396,6.4364495,3.2413843907387,2.258993682283881,3.892910072594061,3.4367448291333083,4.922347446117937,4.988649133200134,4.938513242556251,5.302538861477967,6.35060626984549,6.7445553700809855,6.333203466924788,6.561027473678052,5.884718476949876,6.353259330738556,5.928253573564502,6.165805920359492,5.991430242772215,6.314169898732961,5.67062409201208,6.278868114953563,3.835894017420376,5.701926038572678,6.685967086792287,5.691584452003141,5.752995270285887,5.740987505876245,4.15269470372114,5.186846835520784,5.269116207375999,6.06179654503149,6.10179180369554,6.302629784852914,5.599642,5.649964123558715,5.754411745754328
2022,9,2022_09_SEA_ARI,SEA,7.0,DST,4.827154940617292,5.773833,3.075748700815645,3.0865647876917053,3.728089830770952,3.982410783359819,4.874408550475351,4.878397756009445,4.896775726538126,5.211347051513215,5.957564467934803,5.737580512332204,6.315327723424365,6.218002852865753,5.847611845189771,5.293678393196334,5.448973172060098,5.614412900764325,5.540416014269527,5.318508315509673,5.262802936534864,5.0516431175281,3.050135456478664,5.43354179406721,6.323773775203493,4.9519720024401686,5.076789064263045,4.933965375469044,4.228192004352197,4.828437517479247,4.947494701767347,5.768316955975683,5.289296344219758,5.972111842094248,5.154189,5.429814837872768,5.422523000984233
2022,9,2022_09_TEN_KC,KC,4.0,DST,9.453565938145596,9.910911,6.751346622609492,8.072904817414239,7.182422964445538,8.266883615807341,7.879288537718052,8.268722626262129,7.892095767786585,8.254623721977197,8.780173028382277,9.114504981771974,8.791129657205925,8.85642318781489,7.737994419160823,7.965455366913796,7.924164919154736,7.79882123753478,7.525515884224427,8.014926474793361,8.499101442173018,8.411518770194116,6.493446627569141,8.122885981670871,8.759777381527169,9.330053793710938,9.206541649276279,9.596083781641687,6.859509556047234,7.702485452559696,7.804552016522282,8.073683878222223,7.848294215629646,8.95903569084816,9.437123,8.191540702056912,8.333279618139658
2022,9,2022_09_TEN_KC,TEN,7.0,DST,3.3322498483323857,3.7264893,5.427813333434527,7.08842807721973,5.0276845347293975,6.233583119238758,4.227317150933162,4.762757136822247,4.219916407424346,4.475225944176401,4.27598316325594,4.024577353345909,4.240840195254983,4.3379819083345685,5.265177159775091,4.42531248375054,6.180544431611273,5.015646333615057,5.616279452142872,5.210948963935529,6.18835889535865,5.437398956371576,5.847930675148888,4.759522573506184,4.775189215835384,3.4576693299131107,3.5830888114938357,3.432900367380621,5.530220052598615,4.417672952549385,4.345356645452612,5.403603967659695,5.48277364038274,4.385006427721648,5.2290406,5.719568815096791,4.49972304946311
2022,10,2022_10_ARI_LA,ARI,8.0,DST,6.733290477072854,7.1556277,7.497587710644611,4.0217268438032345,7.405101644933576,5.139001653590235,6.815524494529055,5.977316505457267,6.802266188167754,6.124276821384654,7.3983109949705295,6.875903745393113,6.7517792054277495,6.577633547023858,7.153393210538086,6.8923708014791725,7.565983382719165,6.578021858856861,7.435842093351956,6.987819202791788,9.246762633890356,8.884057856503444,3.841395760323881,7.088578687528641,6.2327540546835145,6.721946635548912,6.71060279402497,6.8589807518870165,7.499865230308333,7.120677073424521,7.019529339388298,7.628919766554452,7.981956615093602,7.024096765177364,8.804853,10.562921664500534,7.0017719478296385
2022,10,2022_10_ARI_LA,LA,2.0,DST,7.285313737448012,8.701733,8.12416317282568,8.878571790267456,7.949724386165638,8.469983830285882,7.27060048274742,7.683263173084315,7.255027692144693,7.249979090342625,8.020429524549325,7.650580367450416,7.789279298751585,7.644226228798627,7.915234357336996,7.604834209383512,7.864152693393123,8.080656003378715,7.777718989320245,8.32112370864689,7.72293044780081,8.293726394760869,7.335979451421232,7.52004386721913,7.53514392945278,7.4373373169792725,7.5893608965105335,7.419434706847355,8.393243650482706,6.933687365791135,6.794842170747854,7.469008223245561,7.201514316058689,7.4917076687264235,7.842298,7.693963047770563,7.330010286805416
2022,10,2022_10_ATL_CAR,ATL,1.0,DST,7.288659070697522,7.925871,8.371387011201163,8.436457064802855,8.221931870206209,8.22775921519781,7.657672789039335,7.415881713753552,7.641405509570562,7.122919302117834,7.891344621576073,8.023790744262904,7.819567345662668,7.925779229603108,7.706231753773047,7.315521496115156,7.666328162669751,7.188396427456997,6.950555023125947,6.973787938398608,8.495279956557026,7.462308153205594,7.269498908412494,6.695023471150559,7.338797855843942,7.161003103248209,7.033347135798896,7.417832879111108,8.505248091779361,7.677554599616054,7.546265515912689,8.008506222397822,7.587296893753283,8.007331607389366,8.202238,8.137815298421655,7.1102087754857575
2022,10,2022_10_ATL_CAR,CAR,10.0,DST,6.929537448547416,6.82151,7.241813167716687,7.760597096130683,7.432859052463626,7.613279224497961,6.958429245426457,7.169349233095012,6.944085218021156,6.861889875631982,6.608396388529987,6.718029180398594,6.864960812833196,6.914038077590152,6.817964867387374,6.643803865638493,6.902607223603522,7.199480500432246,6.546227809426325,6.698567944689827,6.970561699162608,6.022019015964298,8.656820814169041,6.42891326445531,6.623548441397441,6.895384604796659,6.861231761045902,7.049847085401998,6.617857110526487,6.862925795200271,6.816071388166959,6.615560558344146,6.78882162414953,6.802888337253008,6.3953733,6.833247168816245,6.975310232691464
2022,10,2022_10_CLE_MIA,CLE,-3.0,DST,5.184006447287295,5.521809,6.764872405722436,7.9983130942444065,6.612327183885864,6.463545271263591,6.279844294022429,5.911908808663148,6.267787868117039,5.884344181391237,6.993397944147031,7.006620192414342,6.350432313782019,6.616617431113289,5.56786073243603,5.717395388459008,5.426768967957122,5.838909063263396,5.731177720775381,5.77312946276872,5.911093054661649,6.02354705752121,5.770286652243387,5.68572092815673,6.576986938974942,5.1809717885406075,5.177937129793919,5.290667970234032,6.390649280000663,6.151824947906379,6.104065631995037,5.614343259910418,5.441070362689491,6.548286243611452,5.985793,5.56195559287238,6.028059878137892
2022,10,2022_10_CLE_MIA,MIA,6.0,DST,6.123964706829187,6.847042,5.403939775822445,5.339503869926618,5.950587953498807,5.808505548630884,6.541923783248202,6.366277661571053,6.546648370847847,6.435528913791277,6.235330238750747,6.306117366833295,6.316728351281941,6.515890488953339,6.844789973736987,7.249352556632432,6.900499289632351,6.67497881801463,6.842604741954035,6.559677921860789,6.301445580507781,6.474692919657597,6.072893007472855,6.734623297111745,6.573051511495194,6.14919585405029,6.174427001271392,6.2370531330671195,6.092377707013465,6.625633483841412,6.635951606286698,7.059306882635146,7.216212029764454,6.145727156167515,6.825075,6.5929186946615745,6.574291225129012
2022,10,2022_10_DAL_GB,DAL,5.0,DST,6.638408079573845,7.6710367,4.516162997524916,4.093683371431146,5.426811103376236,5.298530619385104,6.757793792397703,6.40155293310006,6.781746173873754,6.862712014531191,7.3666763066636785,7.177887414874345,7.483679769878458,7.586803542734504,7.701780006863079,7.472901421575929,7.445064415303844,7.055074462354733,7.833086588968306,7.367644050008729,6.276863437072628,7.113436909561201,5.586150007533668,7.159619976512477,7.635392821737358,6.678841584319119,6.719275089064391,6.757339780843947,5.208998380634974,6.616248624048664,6.803222063191909,7.502321552844684,7.69992899037754,7.503178412930909,7.2659097,6.802021202054066,7.1359865733599674
2022,10,2022_10_DAL_GB,GB,5.0,DST,5.707312426960553,6.124932,8.312393664866757,7.710063826607262,7.579781167647258,6.915608009759284,6.323392572266611,6.382200083748876,6.299044950358443,6.099424575441743,7.02557527513214,6.929735051420445,6.699559458016723,6.788294520606704,5.954912826118406,6.097291663711854,6.522667554058653,6.31875497313735,6.463705672213544,6.314592688680489,7.3510847727961,6.794407119849258,7.107990962468399,5.857762818013313,6.446180508697554,5.753301171521354,5.799289916082154,5.820376684030243,7.362445844423021,6.444820279680043,6.30461003406448,6.356332097485404,6.389631599533279,6.599532699356352,6.866366,7.704735687466584,6.405649364114856
2022,10,2022_10_DEN_TEN,DEN,4.0,DST,7.818538456220388,7.0593624,7.079237875554474,7.0233285904928096,7.365433184065075,7.181103114631613,7.746309040222451,7.451023746116076,7.754799132127863,7.604303418154471,7.656237572320949,8.067166940502684,7.67562633365306,7.636982860112821,7.700367683237942,7.803282550093696,7.397475127248429,7.317411376898743,8.17353082400756,7.772772806815833,7.414055770419899,6.977770542486705,5.454703854785796,6.74688827091875,7.4235998636134655,7.757629156618598,7.696719857016808,7.94257684358593,6.521698664189059,7.236409481644357,7.377021422014281,7.344432030838538,7.375671874281889,7.441541387495391,7.406576,7.372644507288012,7.795215770002807
2022,10,2022_10_DEN_TEN,TEN,12.0,DST,8.016249718624964,8.163723,8.67181660406873,8.642146732214005,8.515866211531453,8.307348892647587,8.257441309042871,7.884233797807823,8.256540095469921,7.7586796805926515,8.101472990640554,7.826999798579072,8.597771085727599,8.283192436732328,8.18036790280748,7.788268209422284,8.047566860866151,7.738306459979357,8.584007675671117,7.621611366939941,7.789579539842366,7.772435856790917,8.910917524527978,7.528873150159843,8.084547546152335,7.980799888574621,7.945350058524279,8.147073674272228,8.626895365809977,8.275324445167346,8.251344906577941,7.901268525776265,8.011802013702379,8.304812138860145,7.7991953,8.006451999151114,8.020906222809483
2022,10,2022_10_DET_CHI,CHI,2.0,DST,5.827541046345429,6.9263263,8.100383390600184,8.330022959479225,7.807989398179338,7.682146432485425,7.29807123062716,7.461696384762439,7.282150100484165,7.188807787650525,6.895691885069796,6.783947505698652,6.713085965036703,6.9683362377342215,7.511294211459776,7.48052356093654,7.460415712219763,7.222010923557934,7.69766754119541,7.760533468106284,6.885451545782614,6.7569580653925545,8.386051253756568,7.202235411855135,6.9819698502375545,5.801965451053306,5.776389855761183,5.940773437903144,7.364665531086165,7.242057732714014,7.163277566069144,7.361577902647298,7.528300638695881,6.829243792431831,6.8139124,6.3515051029824665,7.171563990152756
2022,10,2022_10_DET_CHI,DET,10.0,DST,5.284545128616782,5.6010933,3.91098979074323,3.707289941278995,4.533193301881662,4.184896593702548,5.352891002782641,5.0486242213523,5.368999883821988,5.457971940723575,5.325253793648846,5.567783849233042,5.796461176581822,5.951647238675042,5.3645311296973945,5.794199275283503,5.096015949155159,4.901716786221286,5.4636370317431,4.766756595230757,4.747853939958191,4.192114405428017,5.066937976443728,5.436475319230367,6.077664885429112,5.345559663994433,5.406574199372085,5.392014210655039,4.212857197197245,5.148656756242266,5.265361185572946,5.3685763111617995,5.259429074689468,5.359659729168943,5.2156944,4.753912427409806,5.607809674348362
2022,10,2022_10_HOU_NYG,HOU,3.0,DST,6.24969780641035,6.158893,7.570417437105133,7.377895494072852,7.359877087854624,7.138565892022508,6.947203995677,6.916815913129862,6.940947460526653,6.845296032522919,5.385371493199711,5.452703631396351,5.335667756705312,5.462707894244755,6.588924977405384,6.581200247609928,6.580022964083861,6.464564656932107,6.682524038568445,5.902708869249798,5.672865561745911,5.902804246274381,7.0306333870769215,6.006758079655368,5.690932594457378,6.306210602796688,6.362723399183027,6.365043359599141,7.888203996634717,7.163236764666647,7.113859083318997,6.780102449977717,7.045281777998128,5.526702982663388,6.127446,6.111091359276359,7.330159080691579
2022,10,2022_10_HOU_NYG,NYG,9.0,DST,8.069427073855051,8.588488,7.029123852440251,6.596070994457604,7.249823593066542,6.966447643222825,7.696926251186556,7.6648826275565,7.704434384539743,7.791058595388657,8.035752254467623,7.574174440516064,7.923666642224751,7.891956238412784,8.018796546500889,7.769840120777236,7.947463908216164,7.809071739732854,7.701426783638654,8.04975742129949,7.561922005424986,7.136959428191032,7.257423559824198,7.59637096624671,7.816082802488864,8.006025161472927,7.942623249090804,8.203005727683246,6.876408261968545,7.473427348837226,7.563992646666213,8.448232352408569,7.70850980210379,8.004776314697844,8.187973,7.52696967628789,7.763050489176505
2022,10,2022_10_IND_LV,IND,3.0,DST,5.772825565624621,6.4590497,6.991237843517071,6.66974183376051,6.582803941613646,6.1785102692416976,6.018775019722377,5.879905129084142,6.014278407820163,5.882319876361634,6.012469396144153,6.09702465795066,6.296093205269255,6.115357061792531,6.60115147753792,6.452212049836923,6.473685408082185,6.148360630480836,6.069078526738409,6.857805846053837,6.212960264014158,5.765681861046447,6.164567409390969,7.071312376976056,5.843697226501515,5.821645943158293,5.870466320691966,5.88629735278531,6.200419123961335,6.127266090169461,6.126525642530111,6.629913355916542,6.154688381696376,6.3783144449625535,6.085362,5.610811567825652,6.216003329281165
2022,10,2022_10_IND_LV,LV,3.0,DST,6.889064718669626,8.446899,5.037345857184405,5.129113188754519,5.274929442067394,5.020143311046837,6.137238695202048,5.798569729125696,6.155216988499312,6.150720689269206,7.031534296803358,7.221905710129043,7.974006010490851,7.575081350220969,6.954700999859734,6.943704380264108,7.325415999294963,6.940601266544198,6.5823419588996295,6.043779089453027,6.581103572391026,6.58589243250202,4.730073265631131,5.503190979447483,6.9120034757289055,6.948903843416632,7.008742968163637,7.020582295914415,5.835134722542174,6.353197442393325,6.433630351645789,7.204481218217178,7.115011524229401,7.492465839268616,6.6576786,6.801710145994097,7.054036130725725
2022,10,2022_10_JAX_KC,JAX,6.0,DST,2.718122189582032,3.5792818,4.404401690546877,6.065387235154317,4.0509580064484165,4.831535918521227,3.4812175966251933,3.7573736944464433,3.479472767994427,3.725770287067317,4.347176636997814,4.4693924345538525,3.9770101664680815,4.204264814423587,3.304784919081367,3.535358148110374,3.581381289040009,4.039395813773007,4.275582263260324,4.078668251636941,3.771981209446992,3.914737867987056,5.284863347150954,3.800468259430419,4.5698142260309496,2.8852699294246564,3.0524176692672804,2.816151972479419,4.510723613332219,3.7319300154013075,3.6914730531703004,3.692933143767387,3.9234697927752706,4.172091244950562,4.1172285,4.6417336197095,4.107240817090665
2022,10,2022_10_JAX_KC,KC,6.0,DST,6.873965795489738,7.996726,7.506997529584646,9.143331710750273,7.571613398951899,8.573828487847912,7.35015424808754,7.887449507593748,7.345809451870174,7.685795560455157,7.070684527192028,7.034160622636224,7.145076404290108,7.388976918494448,7.27488536331087,7.614143674989849,7.552464684853673,7.324259158319496,7.282258763603198,7.793082815796467,8.642505113770664,7.880278649766424,9.308254668837334,7.244705655259927,7.455685032709206,6.832746070526677,6.791526345563617,6.992856800791065,7.531358480725191,7.337783153724413,7.303417395612501,7.304430422544345,6.9330150103298465,6.876300534745481,7.4376335,7.7377231106094015,7.122182905908905
2022,10,2022_10_LAC_SF,LAC,3.0,DST,4.732189663719002,4.862002,5.98821155667638,7.56218477417733,5.9667609634330265,6.924396068585207,5.316089205401101,5.959262135138638,5.303000058559764,5.701116186174145,5.241222156721797,4.966097706704054,4.625276276837238,4.757183373508345,4.475742339120128,4.607061125879035,4.805237817266822,4.845490921311868,4.6834123802170895,4.9745600005976085,4.930126294647934,4.6550433660749535,6.530812068394275,5.63750790718384,4.714833792997584,4.7401086205237535,4.7480275773285054,4.837199023055637,5.717370164224514,5.197342495632218,5.150560872261292,4.602650348002172,4.8830692898136565,4.785323319017737,5.3419414,5.005387178665579,5.1158811173045455
2022,10,2022_10_LAC_SF,SF,6.0,DST,7.050784528768014,8.616829,8.226497085394499,7.545699352062843,8.132312614147848,7.570619116815163,7.672589444448121,7.478656906811639,7.657714871292888,7.260518017112355,7.310380787175433,7.245072884454831,7.655902778496631,7.274822137743992,7.410697161237638,7.583601818991352,6.993609326171891,7.439101106731768,7.381829330289788,7.3542225329322655,8.633001525812778,8.053995649840855,7.652810560682085,7.480274891265513,7.4968408577218,7.045534697211222,7.04028486565443,7.17941816676478,8.109252709342329,7.657903833378737,7.525766432858466,7.245041714288081,6.741476471200443,7.253597344098528,8.16863,7.866898237342361,7.5169230000455585
2022,10,2022_10_MIN_BUF,BUF,7.0,DST,7.36973426173966,7.937232,7.148342844695832,6.936458545378493,7.387120026492777,7.349623250251412,7.635391925685208,7.925321337775164,7.633506695099986,7.858853340430249,8.112362461923697,8.297862688659283,7.787215448229223,7.861085111950262,7.938335499483579,8.438575597453427,8.237476282890263,8.399799502946202,8.20110691460689,8.419493108320617,8.231292372658048,8.706932619988677,8.585401435122241,8.234325509232043,8.182534883122441,7.386442565944929,7.403150870150197,7.495406815862714,7.362013480850113,7.670468374156936,7.662496698672864,7.80133556853022,8.215868668832643,7.935547426632008,8.114651,8.909404293632365,7.769357843428543
2022,10,2022_10_MIN_BUF,MIN,9.0,DST,4.733331403613112,5.0658937,5.696137419770087,6.667875038167156,5.5944262547414585,6.075676852018317,5.301916435001187,5.223610550499032,5.302149995735997,5.174440806553296,4.768923274451239,4.886057139667506,4.693471780466475,4.716300128209452,4.903022301713234,3.970233895578283,4.735471267173005,3.781625820537904,5.30584385720096,4.034564805282772,5.735416559665614,4.962433255471471,5.9670539055504825,5.193187825588444,5.2106120539301966,4.713256369642641,4.69318133567217,4.837101952809567,6.437296923748819,5.6646369782687485,5.594378758867065,4.56851766593498,4.994768071539831,4.803973777525684,5.494981,5.577326989130197,5.625621618393347
2022,10,2022_10_NO_PIT,NO,7.0,DST,7.008828997154478,7.469955,6.896514897242101,7.849590299022817,7.330650125513607,7.996158151613582,7.672840366404911,8.138713494607046,7.675207826905493,8.1006844530325,7.542487447772453,7.553803895098049,7.949926231778106,7.825762986007881,8.11195081573008,8.174027643885056,8.296415688562012,8.046112492851979,7.928626984423074,7.98288530387529,8.072518265180976,8.064568432112479,9.631651050089886,7.471162605603112,7.606434568168757,7.093721964840925,7.178614932527372,7.134789066033162,7.3240866772586,7.692313436839933,7.722033061480624,8.54332465251322,8.616141025022282,7.551491008643693,9.285436,8.438215143424708,8.014944895453029
2022,10,2022_10_NO_PIT,PIT,10.0,DST,7.110854833121961,7.9116993,8.057415865742817,9.554761045343083,8.257305487076463,9.3079481619404,7.864087913381194,7.984614809475841,7.843970285975869,7.409976884112323,7.302054288642842,7.380972632699192,7.742049328221501,7.467833600124955,7.715385153099854,7.577459756711038,8.09825255295969,7.663345361571689,7.804132561878129,8.081275676982974,8.447541040157162,8.22524759442316,8.562038706004012,7.782712647593414,7.377612441342505,7.08634669492677,7.061838556731578,7.23772843657758,8.485477744660077,8.005970498588216,7.836404314799305,8.069504204907759,8.224951371175228,7.4855843482623,8.757386,9.314195617745101,7.872806674610812
2022,10,2022_10_SEA_TB,SEA,4.0,DST,5.071289003250211,6.2665195,4.085892113390603,3.507745293874044,4.885511112479309,4.473375735065483,5.535832860224904,5.051900894198474,5.5425087725553634,5.196877412227162,6.058575459207029,5.87710302267416,6.519298558337397,6.372151082127648,5.413095758394748,4.8698100671081095,5.50221984038285,4.807404834511138,5.650002177383094,5.468417166059859,4.868736058601714,4.861926150155383,4.2788286232053405,4.400465517746852,6.61587061254697,5.137612482484508,5.203935961718806,5.183413091046689,5.567114756222949,5.766350977663949,5.753006829000601,5.375541113401583,4.885209125653616,6.226369296596104,4.45509,5.469834377257656,5.905755904996994
2022,10,2022_10_SEA_TB,TB,6.0,DST,6.264511090727346,7.3708806,5.772014586166039,7.86983724385009,6.016512946082815,7.747292301859701,6.341132609872501,7.432830320173918,6.3422614321880735,7.076480210358833,6.987526246217899,6.908659548568209,6.730806990127127,7.183147516293843,7.410562236871305,7.562921158985469,7.567705224354436,7.455999852544647,7.308320226414564,7.748823566108236,6.538048148069724,7.595055293319773,8.816775305658464,8.36255226264193,7.32163652317801,6.384004930766813,6.503498770806281,6.382528298320838,6.553748129002716,6.620510585340471,6.580169333349556,7.5668011986113335,7.342581466519758,6.69291608693769,7.1776657,7.592267600252077,6.895091108996554
2022,10,2022_10_WAS_PHI,PHI,6.0,DST,9.17183935222704,9.565432,8.770200993959076,7.866146458611286,8.805958715701571,8.374760438681236,8.868225570827235,8.651399897522964,8.867773865775124,8.644726041118219,9.132437126546725,8.730790911608276,9.381723678747148,9.041684378709116,8.314168633073297,7.976140696693989,8.426569324604458,7.513396550936443,8.351175285558748,8.190098386995157,9.02747988062602,8.503578080668332,7.998385686279404,7.869268040429741,9.13414294198268,9.073600732911423,8.975362113595803,9.314580778607876,9.272084251347371,9.153146910231328,9.131241093319664,8.234009612901374,7.81720364330342,9.626359639004157,8.914314,9.107719945429258,9.261355000316993
2022,10,2022_10_WAS_PHI,WAS,9.0,DST,4.556455660147576,4.706243,5.232581292340949,6.806742413930489,4.813313490422419,5.415515663285403,4.92560460631073,4.740172579792255,4.929408012148303,4.743665449914431,5.269549201880364,4.56854678702119,4.626161182354457,4.657374837617787,4.540987416889327,3.841150173826989,4.674099454671467,4.523664535337211,5.169279852686237,4.050549416123696,4.925211863961511,4.277584594413882,5.811552404446209,4.442046928999563,4.419086703537542,4.7376887895947775,4.918921919041978,4.663510813277048,5.237448993396281,4.872619999150358,4.867418774604104,4.663754023992576,4.622616764732197,4.763725298387512,4.5431457,5.2306262640378645,5.218935718712321
2022,11,2022_11_CAR_BAL,BAL,17.0,DST,9.456827182929915,10.165745,9.84180966965222,11.135991554799029,9.77443472141012,10.711391171342886,9.12071735023423,9.61422124963303,9.102027411706135,9.14140611620319,8.78581835823275,9.065559346594952,8.844388106376494,8.882229882882283,7.674867475914133,8.141231465466111,7.8613045649250015,8.212855105366803,7.662261936251312,8.533125089073968,9.058146663081368,9.461227295475869,10.04419830180263,8.644630025510597,8.90424981398833,9.328492037011483,9.20015689109305,9.60482940699086,10.034526815150748,9.08726307070741,8.947811698913515,8.224209970186509,7.605275457697069,8.705542898887956,9.906403,9.17672139657654,9.012140082685233
2022,11,2022_11_CAR_BAL,CAR,9.0,DST,4.425357719272847,4.423067,3.998603629082053,4.321283252038276,3.943206682317896,4.190326326096636,4.145201774960658,4.257004693355064,4.159908639035763,4.489820912724237,4.768719615534616,4.649579511154119,4.595997144877458,4.673547079597614,4.573260977045477,4.338332543591241,4.210768435152062,4.966305433327056,4.510771426686068,4.360675238818879,4.194117600645604,3.705213089096944,4.653687191640639,4.106911166155847,4.412148764099264,4.549943772541605,4.674529825810362,4.530420545735807,3.4678200829851615,4.039776995549779,4.189604974050791,4.714655037929769,4.497096627367389,4.621224037822437,4.566761,4.204125660681006,4.664618180536058
2022,11,2022_11_CHI_ATL,ATL,12.0,DST,5.895937854493601,6.9263263,4.092672786494278,4.02726588015134,4.985694298950083,4.332297820955172,5.679400340229922,4.689327309123443,5.688920101509223,4.942278806635548,5.574049333818627,5.7249659231689805,5.996295558368985,5.963136896135683,6.976684723547003,6.90865981231611,6.808476375997927,6.402126898467547,6.136114981804886,5.932260403664769,5.883328888544921,5.612726393312126,3.5010091120293843,5.982157794202297,5.642786818990925,5.910422071851242,5.9249062892088835,6.00895302066491,4.812820869435258,5.579135437659274,5.630970551414038,7.102648011065941,6.163653379431495,5.996085031138856,6.2929754,6.149603192304897,6.041468164295537
2022,11,2022_11_CHI_ATL,CHI,4.0,DST,5.982205679432753,5.6010933,7.954460083181695,6.462022684336341,7.880461681480268,6.553502009771759,6.933927883124284,6.693532463491977,6.909264781058113,6.5371580310097,5.27764369730646,5.117298621672696,5.421345269640029,5.392618349230728,5.536184530895212,5.715508063541387,5.637990783577929,5.933629325351551,6.132344422190248,5.8158175531148615,5.684402409272527,6.108205726196924,6.8686364783005205,5.530842113823176,5.347176049807799,5.950515687921954,5.918825696411156,6.092023340641871,7.284911349310162,7.103278288324954,6.97123273030119,5.840713058840543,6.084791213171922,5.471506857072029,6.0410438,6.399956187840895,7.097304111015965
2022,11,2022_11_CIN_PIT,CIN,1.0,DST,7.685139475687672,8.543164,5.886027772490923,6.265609249569997,6.36858689315042,6.200990086462982,7.146034817008131,6.795520851724345,7.156750224844911,7.022498643979137,7.52044254387863,7.864773836951172,7.950571234920488,7.876535553620745,7.425517181844973,7.638231812045531,8.538923798862404,7.398947626146033,8.867441868585567,7.78163037594109,7.667437326477617,7.107577069519048,6.347306554176931,6.636403489145732,7.487524895522271,7.754411514620815,7.823683553553957,7.820528106740332,6.420810853686047,7.217022279947939,7.29282929768855,7.930389839910125,7.964147633239202,7.673533716610688,7.3039136,8.097428677121174,7.9161881283466045
2022,11,2022_11_CIN_PIT,PIT,2.0,DST,6.043316822886057,6.997059,6.857134246001388,8.09460995430717,6.794562476058756,7.884355845156708,6.3696520561702,6.992624947456408,6.35742426093555,6.635870749944821,6.584592869688083,6.66839652931937,6.720015329981837,6.613368457066748,6.560623280813632,6.560593772625072,6.691540346388222,6.673868784296934,6.928629765461514,6.28680305153844,6.175100160935377,6.746180838070947,7.236610231798088,6.16486014384053,6.301036388110045,6.186361011102804,6.329405199319551,6.163044905639497,6.789678198872009,6.395837691798443,6.292253498180683,6.808155438694249,6.63248301005822,6.582674575780182,7.303368,7.978517397923645,6.486652715720187
2022,11,2022_11_CLE_BUF,BUF,5.0,DST,6.467615453488548,7.603114,3.0973658997054554,2.164100020408973,4.062328554994311,3.431588640328318,5.781719600455969,5.556299690240774,5.812526181380131,6.16532248918702,6.718655655754504,6.640057539865247,6.776742650121587,7.020669595200355,6.871265361991047,7.646033453204728,6.536801436451817,7.280251357265198,6.746206191859798,7.8038452523661395,6.058184710604651,6.430810602196216,3.532690725329344,7.366357464568212,6.777919576662301,6.490702794736503,6.5137901359844586,6.583187940233945,4.119706318948057,5.814681543934413,6.033546215576509,7.301177774829014,7.068967823317876,6.786973919994728,6.671908,6.309614864551856,6.176744493589819
2022,11,2022_11_CLE_BUF,CLE,1.0,DST,3.7076006906927432,4.2900314,3.7283134419474018,4.663803793193138,3.804840761817706,3.815556331157136,3.907288519797633,3.678333422846255,3.910438511110969,3.8240183660538,4.397899783664646,4.423372113375925,4.169408115902884,4.344048613051905,4.172272753113955,4.2839092297708605,3.898393077014049,4.399426912380537,4.3300969757550565,4.486063796070278,4.839562859828555,4.50472412822819,2.769736216119665,4.794682767347847,4.669400373983848,3.717056741328015,3.7265127919632866,3.807286276588715,4.057047202963739,3.9298362720954003,3.9307800237730963,3.8556542413028487,4.076460973686229,4.322000929705876,4.411372,3.94694876458184,4.253072054888422
2022,11,2022_11_DAL_MIN,DAL,16.0,DST,6.417627102092638,6.595018,6.9112192643226935,7.571606972301117,7.209032461976951,7.26440239745014,7.206414588804715,6.960978763380796,7.193396796812003,6.811832216238702,6.454766236230355,6.816287147783977,6.657583817705032,6.806599086655531,7.288410570942032,7.631833965300916,7.147016090742124,7.656555072274052,7.128140167171473,7.40144349191089,6.973401464905609,6.947570480237625,7.267245085508742,7.060313607855632,6.745957431910166,6.484066686871225,6.550506271649813,6.531305915124854,7.322985391321124,7.186035522386268,7.087174381084525,7.179256486462629,7.025998452199927,6.535265952501023,6.676643,6.897117349497298,7.2061900450047425
2022,11,2022_11_DAL_MIN,MIN,-4.0,DST,5.189193959091445,5.9324017,6.707521842254944,6.988655613922847,6.282925015511328,6.547318748556229,5.590937672583636,5.810427307511898,5.579277531057138,5.591480515159738,5.059280107760801,4.982084721921167,5.162914898892447,5.107462556376706,5.791381498734823,5.962642602230863,5.735011467384811,5.697547214792247,6.022154044835795,6.078957976493538,5.9569291887192,6.011500210068961,7.0367662648084695,6.676813883770778,5.395116857493585,5.266110504260691,5.343027049429939,5.299333411678394,6.588906271232146,5.782720053742712,5.6674270490343535,5.321887640788901,5.45748939043329,4.941790357661332,6.0747004,6.143125996186284,5.608197832134758
2022,11,2022_11_DET_NYG,DET,11.0,DST,6.39375027294479,6.314652,8.480488336745008,7.687350903120575,8.182963497996518,7.490630628040188,7.338882848662249,7.147957211989658,7.320925996634369,7.007961898622906,6.018727712991383,6.4425012599418325,6.281071280084015,6.200417318124468,7.326180533035508,7.44152961694095,7.087769828929062,7.357294275758289,7.0085178417740925,6.312409642211121,7.078228252371869,7.355557269219313,7.950399370995234,6.933395090631968,6.627649351873097,6.42466845108898,6.45558662923317,6.509723029406103,8.678806189585925,7.516045380742135,7.366548287047859,7.373960150403399,7.505717140773885,6.304662084419184,7.078103,8.071531368744019,7.301154609095775
2022,11,2022_11_DET_NYG,NYG,-1.0,DST,6.607823171923113,7.639885,7.075093061814157,6.687447481665286,6.686076651275194,6.277197064495874,6.686718257481073,6.477179435958471,6.686641035950748,6.530712264590542,6.842166254284086,6.74885480464651,6.749524770572156,6.872904349345377,7.548451265492807,7.497542424280967,7.467794999510677,7.449367539904425,7.344829601568183,8.191687561709982,7.837440799627671,7.379213930126687,7.215672394655197,6.750146391735317,6.524073628784317,6.60297102127653,6.598118870629947,6.727675688640276,5.7776289726560055,6.183814156266824,6.254499820173033,7.612469466075138,6.870300664357776,6.725777388010536,7.756865,6.988848054942155,6.433422214073425
2022,11,2022_11_KC_LAC,KC,9.0,DST,5.683372535211539,6.8442326,6.06347655688053,6.3055946531497264,5.998662063032347,5.9913484413121605,6.054547121175153,6.052100207681811,6.056303035962914,6.195948166377282,6.526443648945667,6.665412795353733,6.800978121907468,6.74879259279214,6.863173979203623,7.665089441853775,6.875309930973845,7.004586496742966,6.881089938220213,7.366324519477154,6.114067080019507,5.931780014203997,6.288170539967996,6.525431018577854,6.812721990017185,5.676303974620367,5.669235414029195,5.795213415293098,6.047880823188043,5.970981682192637,5.950670440789199,6.6299802016559966,6.391227730182423,6.367664146066741,6.2737613,5.447778626864788,5.705064298846775
2022,11,2022_11_KC_LAC,LAC,2.0,DST,3.213526407556647,4.4146385,5.415656167852335,7.354651591135426,5.074188601176047,6.114522860117866,4.110610944448298,4.717643788632742,4.094841722900442,4.330576056832266,4.608559701846452,4.663438076874126,4.145724692483719,4.476846073443798,3.737780988360244,3.912064898310666,4.092069540433225,4.332359544809515,4.709215376288578,4.182350595141398,4.620741237437247,4.917265475171167,6.677323314459953,5.310968442490563,4.546535746134565,3.3503523204942756,3.4871782334319037,3.3144830627760764,5.528000265754423,4.254415855498433,4.118110456386395,4.03850210975831,4.466997649824165,4.500962999860942,4.2774763,5.2443908595341675,4.2208532185619045
2022,11,2022_11_LA_NO,LA,4.0,DST,6.790839955320424,7.138647,7.734460573626411,7.665964578095612,8.043299698179954,7.690608606072174,7.615617978653265,7.241608579593104,7.59927814333883,6.949790051499852,7.332121767604758,6.981394106136937,6.8325152081816976,6.709278879489245,7.48387998986816,7.242028996057106,7.847530504725429,7.14236805249394,7.620578513862286,7.461124434225105,7.835565579404593,6.748792600623252,6.203455209587565,7.371138045988498,6.72314955252875,6.696143027677491,6.601446100034558,6.911746118537881,7.544511522114247,7.353981764729241,7.284424126884904,7.748988709247594,7.795902775585475,7.018926297357726,7.3811517,7.789712244571958,6.963448429410644
2022,11,2022_11_LA_NO,NO,5.0,DST,7.914253860485165,8.243008,8.82852037270904,8.074068829041476,8.830175251099451,8.515448582876616,8.267899937818306,8.199257128924868,8.249108763541345,7.881056157562464,8.356740245228384,8.114875313599473,8.231443669995507,7.914464667700623,8.082951397507204,8.143493762094007,8.282404384836255,8.386863852521008,8.251722748489367,7.858109834613908,7.445991840981503,7.611712809512626,8.577495622023179,7.982852127571286,7.756370574542458,7.914019004161733,7.9137841478382995,8.047891965607649,9.135270355440436,8.475404354277435,8.319197653300863,8.449481016227535,8.219285902168789,8.237400667282563,8.487661,8.457628602346485,8.230842604808753
2022,11,2022_11_LV_DEN,DEN,1.0,DST,7.188793485683738,7.925871,8.151058653083789,7.3414074963456,8.129543981610535,7.274905609906713,7.754651474483828,7.460697155633206,7.7447071559271485,7.366111835585053,7.7384533969300495,7.370778917131515,7.673758050616267,7.31486382386609,7.629051913617406,7.523249730958958,7.278055888826231,6.819952698676345,7.690576612536061,7.923420284659029,6.619132767778775,5.702500768520164,7.099292551738884,7.534896713530051,7.323811684073906,7.181927716893094,7.17506194810245,7.313536012050734,7.297721475724722,7.444008171453695,7.429215829537449,7.341264870217128,7.157311658389713,7.486018914490994,7.5373936,6.462018149664168,7.452900543994565
2022,11,2022_11_LV_DEN,LV,6.0,DST,6.444935353713097,6.82151,8.560855209484911,9.149094140431886,8.248826797015246,8.28883042254408,7.496195388939655,7.390054864039496,7.480370961592584,7.152520063586827,6.51514449848356,6.714211614508168,6.9452316277349135,6.921210432737325,7.026324979181132,6.935956627085586,7.272144544553061,7.20653113028513,7.811798789838666,6.4534398986405,6.7770229560543855,5.85970878474171,8.702036693026535,6.600122443430469,6.862222016851343,6.448262892317821,6.451590430922545,6.565526936986184,8.680078151011838,7.856838878489843,7.700191760711633,7.031191187670005,7.343029852733996,6.631863477885256,6.60204,6.555884936951305,7.640361080969942
2022,11,2022_11_NYJ_NE,NE,17.0,DST,8.799153014369448,8.622449,9.464049835430409,10.967691386275238,9.123656612922511,10.258232500664828,8.68684208004161,9.16870668041717,8.679797055330408,8.831431763910786,8.770670620110415,9.017183560191166,8.865578735032045,8.871685441844784,8.396424947767803,8.546166215307485,8.483752658218464,8.368550550495765,8.891478117136666,8.594306251281495,8.488986427266513,8.332568933270668,10.523026811027265,8.026902202679787,9.00725349447888,8.790507619815804,8.78186222526216,8.9341316019612,8.545471024352073,8.311715101987572,8.308743689429967,8.10234813293812,8.359115248338762,8.739528713318517,8.392796,8.473001655474146,8.323617031918687
2022,11,2022_11_NYJ_NE,NYJ,10.0,DST,6.3687023421177065,7.0763435,4.059861195804631,4.095544873259303,4.549590995501889,4.7549965334990745,5.4591205515546,5.266759221332812,5.480771103220978,5.563452551091093,6.568408070864445,6.844489249661648,6.53865189435937,6.671445105271937,6.852624765134249,6.661427740215171,6.856379490334925,6.584370867653123,6.556064578786117,6.033783431431428,5.713987770114366,5.651236710597695,5.318824155523891,6.154338586207459,6.6308533785746,6.39200033066847,6.415298319219234,6.489298065171722,4.41782688726535,5.285503021507254,5.447189683704666,7.087127278333548,6.931806110043694,6.672254636606823,6.29596,5.77580093047767,5.590971777763842
2022,11,2022_11_PHI_IND,IND,8.0,DST,5.100928496966179,5.303746,4.788996935035766,5.29228822029467,4.860190139633273,4.778668662574368,4.936921337628196,4.752030270260656,4.937985904962804,4.79121981257437,4.916670325846985,4.715869555783261,4.695534623709187,4.726932597572058,4.967369072294224,4.7514887689990655,5.1815793618285255,5.115327778381985,5.614200821463363,5.298156852505835,5.762797119029776,5.321340335416478,5.599041955678756,4.482200756859531,4.521262772971752,5.2282964478475495,5.35566439872892,5.209810034349948,4.611571493720438,4.841548893444451,4.85847203086049,4.482788170701712,5.327167571275115,4.668185883161721,5.4831796,6.136151229947234,5.01832022652366
2022,11,2022_11_PHI_IND,PHI,7.0,DST,7.208993483443806,8.175085,5.090131832862093,2.7505400659312937,5.760311272813641,4.410535067658131,6.6284531330724565,5.840630852955443,6.642867925707637,6.24466395275718,7.663090378397356,7.266843118163241,8.037433696573451,7.784571219215817,7.165738644741889,6.456107214114859,7.254672911805441,6.203925913436501,6.8730793283800224,6.5395315528579285,6.689917314617898,6.6711738333789645,3.276962958931627,5.4631264688037,7.255730540965093,7.217099902261987,7.225206321080167,7.334273818832982,5.722772853024236,6.568296531684573,6.690008688740421,7.364209416703266,7.103130217783927,8.041382541613231,6.9086213,6.356784394371503,7.038436569379553
2022,11,2022_11_SF_ARI,ARI,-4.0,DST,4.385487657325983,4.847831,3.551234356710801,2.6378991783820327,3.538956457227446,3.027069907957042,3.8588939602808368,3.6893249733857374,3.874556646403799,4.098082605099478,4.228896099004558,4.15157025056093,4.331256648011597,4.392662878071628,4.346490355613453,4.316260139857709,4.644022168040669,4.172178791828863,3.705651142455069,4.052843217095749,3.913235292998844,4.190288294763499,2.07325794256083,4.245606853177642,4.262416967182942,4.437233312839588,4.488978968353192,4.4910245640231805,2.9685814422697843,3.8590535331587468,4.024864196660644,4.087951366044894,4.488612047606805,4.45819373642899,4.4713945,4.146276424215419,4.4508124093348505
2022,11,2022_11_SF_ARI,SF,11.0,DST,7.949737277544262,9.265275,8.246296116215925,9.143379299846677,8.438844922783044,9.293553479158671,8.141365705067788,8.651348348234706,8.124683704819772,8.144017624892445,8.905460318371132,8.6086915322696,8.691488053729437,8.554197184189638,8.158618831328543,7.852648141983758,8.324253507914678,7.9495140763301695,8.762468915450604,8.228390469407277,8.977560013987132,8.830070309709109,8.638796361925188,7.866495413901665,8.546129965204537,8.008529880210196,8.067322482876127,8.08705019591018,9.012989753413894,8.215110517232505,8.035003657931664,8.025605268314983,7.9081439189831135,8.378718189736148,8.435892,9.084531861579778,8.402911543230784
2022,11,2022_11_TEN_GB,GB,5.0,DST,8.540365327776533,8.194876,9.342458812093817,10.111448955746743,9.28955379226572,9.831079790869737,8.667590777654834,9.139758567600978,8.653103627083288,8.680098551167728,9.607231616838552,9.613424327265989,8.821118151303924,8.658591751657978,7.837287478526466,8.154479813229164,8.363131146307033,7.91492269955272,8.271433706861202,8.079300735163223,8.933616498310448,8.463721018835935,9.027380062718729,7.613716504556754,8.22969668870915,8.433880505738623,8.327395683700713,8.675071861910551,8.677985025353658,8.527157165882993,8.484783769076273,8.015134395469886,8.357267026102054,8.931140564556104,8.5163765,8.705942140390519,8.55090959942059
2022,11,2022_11_TEN_GB,TEN,4.0,DST,5.732523323433532,6.8696423,3.4329628023433387,2.422797275190965,3.819342539887472,3.5292520251391,5.062369253367899,4.76304649757593,5.094875843271888,5.244311248925698,7.102054030247284,6.846077182670451,7.46626226063184,7.288525734046404,7.532828846221628,7.364992644426172,7.470649749460703,5.966339626125564,7.344413832472908,6.515731352101529,6.582150142918623,6.703826998099035,3.793055508991373,6.785007624193655,7.608991861078495,5.836055008863696,5.939586694293861,5.848926565969132,3.5916558338435287,5.116340905374416,5.350078302524681,7.479316476023657,7.628766796784377,7.085931926416888,6.591777,7.351852197021819,5.767611808131624
2022,11,2022_11_WAS_HOU,HOU,1.0,DST,6.535804838857601,6.7903576,6.729706771112934,6.957897686349755,6.549240784602143,6.747318647758855,6.393627321997972,6.240330111367502,6.392057682483304,6.186374477393271,6.174942058918205,6.118917439374077,6.103048816378834,5.844841833448447,7.0607611414315805,7.02676291232531,7.110195869450636,7.394252686505526,7.108859653755595,6.658489630344207,6.679622990228399,6.234248092508212,6.831934976573764,6.721295365988337,5.909478905782162,6.583323822869373,6.6308428068811445,6.655515680471877,7.045636726819316,6.77820743975977,6.752979869472249,6.932011422206553,6.865306027309335,6.208330634543789,6.3985376,5.805101994199088,7.013517772716326
2022,11,2022_11_WAS_HOU,WAS,19.0,DST,7.707458409111673,8.115591,7.051760723865176,7.882562902741959,7.38782805356604,7.855791531323491,7.633984085899945,7.715335427785543,7.631535763634719,7.592367179788789,7.57925393042614,7.775782064048126,7.8474860938992785,7.612229800152513,7.645993721888692,7.519990304391663,7.666122308407251,7.432135964307348,7.700747854541733,7.462234340336021,6.962968239402192,7.398270813011289,7.75358059958742,7.540137965849374,7.3800969849935,7.642482728702565,7.577507048293456,7.836008843375724,7.455270898697784,7.692450688646156,7.694951034548098,7.781687282268614,7.686212877349598,7.762610198602548,7.733704,7.142568373052764,7.750189797240836
2022,12,2022_12_ATL_WAS,ATL,3.0,DST,5.984734835118086,6.759206,7.375915113296118,8.51301423297803,7.22256494727063,7.844533017845281,6.655519467037418,6.629204440759575,6.643803500622922,6.314067123734098,6.750962371610663,6.731334010072051,6.619394752159986,6.839608599945711,6.901825395151967,6.8077998219466425,7.417033364607658,6.888855308729605,7.337015497872827,6.893267535229301,7.035943737256472,6.64300225727732,8.634972783698549,6.780446242741704,6.561133293254947,6.03445731910019,6.084179803082292,6.103902135668108,7.545451826081102,6.871445716313513,6.782875061166857,6.653505123504681,7.088568428696849,6.650468269925318,6.695917,6.510741834033659,6.641361886139548
2022,12,2022_12_ATL_WAS,WAS,7.0,DST,7.953030049477589,8.305311,8.064659693819458,8.467348273186285,8.013898409764627,8.022085184248958,7.9736952519222415,7.850557974398333,7.968875455711618,7.856203581434119,7.994147771313181,8.03849619218805,7.986728280600932,7.86689244813236,7.66634002238226,8.021057008791823,7.76179406005852,8.055709251534124,7.911354084744174,8.021243574734571,7.89829220475337,6.882180377619059,9.672020540152737,8.105814545889073,8.30562414519695,7.899872595144322,7.846715140811055,8.083523200033058,8.026543875609171,8.12401285380916,8.110463544565421,7.96751992161955,7.835252247651769,8.033537190180912,8.062324,7.650867228429193,7.992468131955513
2022,12,2022_12_BAL_JAX,BAL,5.0,DST,7.180713171615653,7.90889,9.083645120075456,9.613224393223158,8.869806367742147,8.99717416215233,8.235772767456043,8.317502757333585,8.222239052320301,8.152821974422487,7.409475850298363,7.819294898633975,7.843495969254318,7.884482124767521,7.79640614925524,7.889138023769287,7.439117701981731,7.879101637266475,8.276035129478615,7.345136074232405,7.762227664527685,7.912241126458586,7.978245634215214,7.444941909404273,8.050180179447716,7.187005830186586,7.193298488757518,7.305043533884274,8.662664124280528,8.01552275760889,7.948283866540611,7.171664718720869,7.3866929775189085,7.795847725746864,7.630016,7.559613977277587,8.054924424939106
2022,12,2022_12_BAL_JAX,JAX,5.0,DST,5.667740422017237,6.3627844,5.887278907294923,5.954277119087896,5.533896122213818,4.9850978388317895,5.690124062349144,5.146988403318471,5.700692724844872,5.4766747717275335,6.13199830748384,6.469026258595696,6.51186585203655,6.3782327827342105,6.710325656774988,6.684901784842785,6.456987318336448,6.361881772044389,6.53456758747164,6.602667399049207,6.246891199054659,6.280737290411586,4.414292978057108,6.62700343401024,6.3582460757517465,5.727854647504209,5.787968872991181,5.78141286890999,4.98634350140152,5.430829037435957,5.552623808201826,7.186566167040991,6.876451404687856,6.672511014257743,6.450864,7.008840961175509,6.077908042001852
2022,12,2022_12_BUF_DET,BUF,8.0,DST,6.4998643898674,7.6003046,7.842751306393924,9.510759715567854,7.774132144665012,8.973989297181253,7.348067695035587,8.11884021282387,7.331612907907717,7.6163490108558545,6.997358438564887,6.987470329087951,6.872411057632873,7.113656327604508,6.983122262222289,7.318098200684557,6.917063336306565,7.032200826862772,6.495923720600908,7.128946189238224,5.817790421081276,6.0956411362618805,10.16118332911048,6.698687954238146,6.941416034808839,6.445547407672674,6.391230425477948,6.615364820395086,7.677364967045474,7.196003616229916,7.092554101886445,7.380558735573284,6.969487445238985,6.667179064387651,6.6902547,6.075849004361964,6.568312038828456
2022,12,2022_12_BUF_DET,DET,4.0,DST,2.924188954166592,3.1828604,0.3535559664806165,-0.6558170296632015,0.8872769207287865,-0.2012144307799994,2.074925952770048,1.3365599554719694,2.10841911949513,2.194090674802366,3.8268745446940073,3.839952965843224,3.726767265839415,3.8496292955482856,3.56203315207037,2.767634684450237,2.878394242141669,2.375576011703669,3.62246770900812,1.9903278329071168,3.789793914070968,2.845081070984558,-0.3846476647555805,3.566270632007704,3.9663561398373774,2.9358779452788966,2.947566936391201,3.0164808814100152,1.1423396492977282,2.0805969519842415,2.313547164027116,3.1717296313706576,3.224424812666305,3.987631313831671,3.1285872,2.9048057724235083,2.4636198458880743
2022,12,2022_12_CHI_NYJ,CHI,0.0,DST,6.497831776628142,6.2891197,9.770204332248849,10.280367841309811,8.805586232669949,9.210624270540626,7.472092095860296,7.689364896371066,7.448271029930768,7.285735175691394,5.069855415142099,5.1402301746172965,5.101566112165548,5.076692444097705,6.069587240760031,8.986391755051077,6.139581949079832,7.799970271798995,5.860597433681338,7.388382721947161,6.63265446315683,6.497021076075152,8.717117551094326,6.713803987936051,4.683630340637651,6.477334980593636,6.45683818455913,6.619342844729141,8.843385689779144,7.569800442327634,7.41348167771449,6.192236760699416,5.9487573390214195,5.218265827426141,6.130477,6.466388527454915,7.281934792218191
2022,12,2022_12_CHI_NYJ,NYJ,8.0,DST,9.676318704250338,10.043947,9.24731472303827,9.79201593596176,9.006841020517786,9.278657912860282,8.771535101475447,8.473876298930083,8.766555472995506,8.256515869242847,8.33180259633979,7.8653413302903665,8.147203175920575,7.732258972344423,8.062402947734677,7.733506545282145,7.938309239869972,8.355024085648926,7.598287820347531,7.643335350775079,8.289988420887463,8.51967271799663,9.542718591140297,7.454755817259771,7.998568903613209,9.666577630201353,9.656836556152369,9.82239895966231,9.271916985143076,8.697011889518798,8.607276512083887,8.385880756165012,8.300271940223293,8.066648293108193,10.079112,10.220524266463606,8.926973891431023
2022,12,2022_12_CIN_TEN,CIN,2.0,DST,7.671551555784017,7.3567095,10.784616072553831,11.748267563031185,10.412537080885386,11.178740435024991,9.099143729891212,9.29909780174299,9.064928438473396,8.515520514086017,7.998260631774115,8.25448579176271,7.7967968072849905,7.95013779718012,7.8248975611483775,7.421084427535366,8.080593420029045,7.113202006546105,7.436433677241045,7.317223107699021,7.875014878220456,7.002344953967749,11.256704402375362,7.319202166058473,7.234394096496542,7.551920539890687,7.4322895239973565,7.796965219105107,9.841600472488693,8.92911283435818,8.726958844604988,7.632831172284504,7.578338520193054,7.906457685612254,7.8188896,8.457236446255676,8.294997289500504
2022,12,2022_12_CIN_TEN,TEN,2.0,DST,6.1411041141099645,6.914965,4.872409601689212,4.887067547561227,5.080073627209406,5.022867695015672,5.56368201157771,5.193063691981961,5.57681317191561,5.381981140187277,7.109600404128555,6.456253510328575,7.176048708063945,6.713275727952565,7.572362314474969,7.1297790454083385,6.752847137817782,6.242891333918576,7.509746657233003,6.507203749256743,7.236840500830435,6.952603285636761,4.639767108589394,6.2676366256167215,6.743426095857586,6.2194706642327,6.297837214355436,6.2571969020527085,5.2643592915792645,5.542251451306237,5.611835758875135,7.461538964417938,7.453070228169934,6.919865399509033,7.760137,7.94018957053968,5.676785879795913
2022,12,2022_12_DEN_CAR,CAR,11.0,DST,7.727256784158593,7.945661,8.159001838043688,8.59222395891021,8.17321659590224,8.602789203450909,7.929193052696383,8.018644242782402,7.925430772142595,7.794707190725939,8.07964592444362,7.456253046672555,8.126102671844295,7.600609473329361,7.854019356938428,7.439388842695587,8.424392856378475,7.99858554550431,8.279065983202983,7.395418224469024,8.482563080639167,7.683089746833817,8.842295816173692,7.528718507772295,7.632017248573316,7.764269563455118,7.801282342751644,7.859038838086538,8.348325048799245,8.03685626572443,8.001590994906495,7.422831658005597,8.311412041260919,8.023779914218633,7.737416,7.563131213706745,7.944383833296198
2022,12,2022_12_DEN_CAR,DEN,2.0,DST,7.973661739346595,8.387405,8.88737808971994,9.933336788364254,8.769346149789637,9.645510819623595,8.5739888017509,8.64332848634921,8.56719774024521,8.381411853742412,7.601004835771158,7.989340578280192,8.041294066170225,8.02040537573696,8.38178802417071,8.1492360862162,8.161819162894929,7.362645857822994,8.251355387094511,8.445262493718586,8.189394939914239,7.333610729159298,7.306376465892008,8.045885593242431,7.700295519894175,7.905668437433812,7.837675135521029,8.109182772223868,8.269465286525696,8.189273246642124,8.199244047143615,8.375726315044604,8.41171884420954,7.9861319393560235,9.153615,8.334187500265683,7.874019128789456
2022,12,2022_12_GB_PHI,GB,0.0,DST,4.881175524756841,5.224462,5.041247366601603,3.637912104889818,5.15057934300684,3.6438227606533338,5.425115374057906,4.860683007736608,5.431639349721211,5.280876714743516,5.502136579519868,5.180549265722038,5.122443733543287,5.032513705455869,5.271460944788937,4.67335060744321,5.036768430254009,5.149688293405633,4.785947623868486,5.225922419150886,5.057803017287081,5.482728731112764,4.141060952977899,5.311818430815272,4.627990199022885,5.005396404501981,5.1296172842471215,4.989127879613725,4.429236209872419,5.123166748024051,5.214759128196849,4.752222723884648,4.877510550589369,5.047481086377874,4.9414597,4.838925854534597,5.52729394733563
2022,12,2022_12_GB_PHI,PHI,6.0,DST,6.83124303091495,8.0958,6.071616505941151,3.140906104818957,6.469993934606409,4.763831382934143,7.098609592621578,6.0401998953717255,7.106605365770133,6.420684422321168,8.335544133395494,7.650580471364123,7.660901869039074,7.325184863421394,7.425388144417227,7.1613243481898845,7.391355469901263,6.71384742112076,6.960358751803447,6.518928788502564,7.701374298278562,6.955205326149292,3.608105290906468,6.714373710523034,7.356023991538973,6.841287397805857,6.851331764696765,6.954608093091119,6.1772479050779,7.126725506544632,7.19657532460827,6.942207371164778,7.104481305430371,7.961341647534373,7.81526,7.41464017197029,7.398636628813497
2022,12,2022_12_HOU_MIA,HOU,6.0,DST,3.177002304843205,3.409352,4.854983990192694,5.7207977945511415,4.544464170151084,4.776884196893716,4.088120843822704,3.957970837226669,4.084688815692282,3.9046881174753794,4.029480489584577,3.4097385363665524,3.9026987922776737,3.9121178294936914,4.18887999332071,3.656846341002402,4.3344239087767935,3.68229742675563,4.3288522963332365,3.846794914847969,4.488849184313263,3.966391134467926,4.360466766734738,4.08277904434299,3.902779401398389,3.2771402767950457,3.377278248746887,3.2758625995903428,4.077448376734572,3.9309900843089145,3.9731210359630795,4.652635154630702,4.356511274110376,4.045439711787929,4.7375336,4.357755392923435,3.968639695232858
2022,12,2022_12_HOU_MIA,MIA,12.0,DST,9.58918175009224,9.593774,9.541942882808774,10.85214235282682,9.868848357866344,10.847613735276056,9.883208806380148,10.314780922639226,9.876320310817224,9.98340420235038,8.57348043926472,9.07961389328096,8.795235130821958,8.954688319301749,9.30874877973776,9.449401030406388,9.447161468337343,9.416214580611962,9.25285326159064,10.03552214594648,10.043035279506617,9.570329835283722,10.805055339796729,8.841244881231315,9.22472636995987,9.390042772653858,9.190903795215478,9.728774674381459,9.65963266544648,9.930333679240256,9.88659471117897,9.045569724952578,8.87350758097337,8.74452566410504,9.962651,9.507551479935763,9.569997979753046
2022,12,2022_12_LAC_ARI,ARI,4.0,DST,4.636717387862798,5.7115293,5.10402393583333,4.239466832192528,5.046876075835822,4.777038746440736,4.961639674502237,4.997093227571621,4.9630759027819416,5.101037233012183,5.347696676183643,5.275774273358265,5.479118043502095,5.684336778266056,4.913220814849536,5.403551242590222,4.877512429850821,5.821418825047937,4.967470681777639,5.497365492683056,4.994690445350949,5.775927486178116,3.1556740324773247,5.405415227973843,5.300383979000398,4.735527457612021,4.834337527361244,4.744975979069282,5.461181379309011,5.212880474708289,5.183709090497814,5.128643986750624,4.847445806012148,5.352245323151513,5.1549063,5.369480803919698,5.407115777308941
2022,12,2022_12_LAC_ARI,LAC,5.0,DST,5.314656159726211,6.8158903,5.9586911277444,7.603973452653777,5.98151096515818,7.342454348596006,6.053773551949458,6.801034261312672,6.051075081648425,6.536316848219914,6.061744699733352,6.366632517258052,6.365939379858588,6.588583166163826,6.601529331091865,6.597180071831763,6.228305144342257,6.170925802191007,6.267017685183362,6.656784805043542,5.575892575717928,5.324329946712556,6.49346804954953,6.4714350452564045,6.289636024296475,5.453062938948393,5.591469718170575,5.428496330334612,6.459870717085848,6.0273381001491595,5.9771740069896415,6.114989286775216,6.278669972860796,5.945311421696458,5.3957562,5.2366156181229675,6.098387281771567
2022,12,2022_12_LA_KC,KC,11.0,DST,10.988342701508117,10.938797,11.595369542419892,11.095580800158816,11.126911785658413,11.157718380479103,10.015941358132055,10.16835382398061,9.986420273800732,9.615070958166154,8.961326797449386,8.983184156478162,8.890072210177166,9.09810474358823,8.08969535978256,8.57404947751908,8.445773194976839,8.806629938985099,8.459690472580156,8.829462004656126,10.881796908410946,9.714994839297676,10.848184342521307,9.237874665163714,9.281570079314523,10.845593209178984,10.702843716849852,11.145357667311321,11.5571828794914,10.322459304287252,10.067084615242004,9.050147158406716,9.059484637552604,8.913520439701506,11.085832,12.238218357041605,9.938173823928674
2022,12,2022_12_LA_KC,LA,4.0,DST,3.061754802649661,3.6500146,4.7193033044448205,6.532180192184289,4.385273799374471,5.321107502115954,3.4418989271101874,3.8957329282446738,3.4340082139052988,3.682924013118172,4.288058386396622,4.194284396265684,4.211914158045576,4.174372633881867,3.848468855892323,3.775525555601215,4.297025733828397,4.549314636276843,4.043300994690307,4.186076416714534,4.866994728775489,3.989975028312711,5.263659319011039,4.235353631138937,4.376764094703456,3.20284326995439,3.3439317372591186,3.1622751766066024,4.955462686297105,3.4996236499473095,3.436568402336408,3.655923288349575,4.127298964964339,4.288365362802559,4.076385,4.1658351020144675,3.7986441733633076
2022,12,2022_12_LV_SEA,LV,6.0,DST,4.699583550791895,5.5387897,4.614468008726512,4.943882311886009,4.572544680432994,4.768539321399768,4.617518080965826,4.842405395729261,4.622643468120819,4.929517210617346,5.396004232647782,5.864379923280016,5.288503704003942,5.573953529946908,4.661007824876106,4.672064437385586,4.586911983307476,4.459008723172456,5.04568310711854,4.693517351056805,5.4040874624639486,5.040102652880466,4.999892727933911,5.170596378285857,5.469034781147753,4.820145961518062,4.940708372244228,4.807425457822119,4.825408017750995,4.867318878634075,4.879873279365079,4.377689993774371,4.349670149841215,5.218876323352144,4.658474,4.881264895941857,4.992872158372404
2022,12,2022_12_LV_SEA,SEA,1.0,DST,6.551182654456074,7.305767,5.885942630749027,6.019060877449692,5.910121934374576,5.8838397694195725,6.292493548005877,6.11715471954387,6.302308065326308,6.236244586649603,6.7533789423983865,6.464875736504499,6.660225821262441,6.742404092478112,6.711053381898548,6.441838975838659,6.556940384734892,6.216366624208881,6.744969435101236,6.014409971043577,6.171378379407826,5.888311775671873,5.518142820839054,5.753158723715063,6.71916759736389,6.495540355468915,6.439898056481756,6.667175974041074,6.172778636759265,6.585857929825198,6.635010909830073,6.323388883217552,5.851323248458889,6.706303324926983,5.806789,6.049837647295211,6.6235735089465875
2022,12,2022_12_NE_MIN,MIN,9.0,DST,6.941551783933644,7.767302,7.273112664583254,7.515671485924821,7.035636833938551,7.115852572650954,6.5589730702026925,6.188630944280437,6.551846290677884,6.018017819353786,7.985392185667599,8.232347526822537,7.933921087716914,7.7787154095952,7.269245014328235,7.450506337747488,7.632497510307833,7.309849767601219,7.64423082484854,7.229852492308287,7.798378385055556,7.439476073823941,5.303121161389347,7.298085930467747,7.339791802784237,7.020942437313922,7.100333090694199,7.0660552991049315,7.064266181817727,6.413530768744522,6.354592184244908,7.525515059261879,7.561203389290883,8.007678667909051,7.7842236,8.224266582169745,6.772589452101604
2022,12,2022_12_NE_MIN,NE,2.0,DST,6.860333085996793,6.662941,8.113622660284268,7.8197234696499,8.079034806229124,8.0198408378157,7.9674309875666385,7.970265205377686,7.965144396826836,7.9739087413743,7.522695365443472,7.219125484129322,7.775990611257165,7.919170717887306,9.778844771147757,8.7427723970303,9.499064575115572,8.584523185234422,8.784823865492298,8.032196171140114,6.870270351216251,7.300882261589725,8.089231563807923,9.070339118739364,8.602576367755805,6.939479316232231,7.0186255464676695,6.976974134836917,7.994455620293218,7.894247150637706,7.899616222321207,8.810911084854908,8.874254446108758,7.501983718246628,6.664941,7.25607312974198,7.601986230749829
2022,12,2022_12_NO_SF,NO,5.0,DST,4.745011879910879,4.8789825,6.589392238709123,7.773995228330061,6.296593198043647,7.116867798311798,5.455510303445082,5.672695606598382,5.439921793921521,5.339558337561721,4.326333305969888,4.101676475925619,4.335397805598773,4.406894915721251,4.965546736802768,4.762539825121669,4.871842007385765,4.915805594787033,4.922962750352644,4.600701392983229,4.810220647189827,4.683928054029871,6.837343075862651,4.742470367451952,4.394019057560312,4.79593830632825,4.846864732745621,4.851234991382186,6.250138761713742,5.4846655035778396,5.397979429737083,4.7099693866344445,4.479538186752627,4.524230601853973,4.6481156,4.2566230663240905,5.239321977651823
2022,12,2022_12_NO_SF,SF,15.0,DST,9.035313157729467,9.075555,10.210089858291912,10.113699678865638,10.347555423598063,10.275757654543767,9.739488058336764,9.569547814169455,9.716159519657518,9.08417539280013,8.7798583761539,8.541021987086749,8.65674678543608,8.231000808362152,8.275537230726792,8.230811430647808,9.320288571356452,8.563545719650813,8.943053092893361,8.903174742636885,9.458846565332696,9.685131123781616,8.89198895603818,8.094072709841672,8.522059492020665,8.844084041704548,8.652854925679629,9.170846898047433,10.261232996513556,9.905863090465838,9.742085897786266,8.647998798650653,8.757028087653742,8.587545770387283,9.942613,9.399408987211899,9.365657651099522
2022,12,2022_12_NYG_DAL,DAL,4.0,DST,9.220666013229314,9.058574,11.178815297958405,12.65429761298732,10.712645941680016,11.683662460516867,9.723391936694512,10.278303924545224,9.700409800741756,9.714594702676605,8.897210798369771,8.882130361209486,8.532556686323254,8.620821080473997,8.438107545498848,8.273030443738122,8.45255366086392,8.811125002814023,8.052190715781204,7.982351115013665,9.09864812560484,9.717077650526756,11.69644919274489,8.9451179783179,9.12720496218509,9.180738292174139,9.140810571118962,9.355392215004946,11.763656840885574,10.032591477252392,9.823524276249872,8.084682514018835,8.21400777441922,8.448002454846481,8.267672,8.968951835328888,9.55986613358307
2022,12,2022_12_NYG_DAL,NYG,3.0,DST,3.442623651580767,4.4202576,4.079615754177775,3.6868534080881337,3.545819527286678,3.3340380771630103,3.2164223377836194,3.150464618851413,3.2157358593894085,3.21205311667766,3.5718121970631653,3.5865614409550632,3.4790792199227325,3.763653768391097,3.343326497813396,3.55742247295008,3.3566103839068835,3.619378548086568,3.6170081610528406,3.871688334299892,3.444620305176331,3.88920230115638,3.651734118038772,4.660572702519421,3.700554173487545,3.616814303792409,3.7910049560040515,3.54710285080169,2.9709035475828647,2.9967668313164153,3.0433473375878832,3.607413467494314,3.457584118786677,3.689331924286984,2.8033056,3.070179464491994,3.5536682334593688
2022,12,2022_12_PIT_IND,IND,3.0,DST,7.239983150486557,8.163723,5.307802046966213,4.956455230897702,5.838595786134681,5.238085221118864,6.578400889624352,6.091653590861684,6.588395354260253,6.338141558793084,7.880111607936918,7.086181150555338,7.712081157620543,7.123742484211339,7.358740641551368,7.441065103527952,7.856530632736022,6.871421662792211,7.5717385414948035,7.329903951689144,7.378927427104898,6.834928345575792,5.110024187178146,7.053238569474607,7.276109817348049,7.381985603262409,7.523988056038261,7.370638306075122,6.203041719128295,6.774371859309546,6.814720061412643,7.912232588881949,7.477708528925441,7.415259584939042,7.849369,7.635924527443985,7.102887411671795
2022,12,2022_12_PIT_IND,PIT,10.0,DST,5.956330704513882,7.0593624,5.5043510983600585,6.4950586677756,5.7245737085837725,6.450996399744354,5.89070587768943,6.20897880283391,5.894158732841498,6.223338393110487,6.554920821842139,6.66347804818798,6.508584123936836,6.5764928670705896,6.739215164759665,6.852655462307579,6.7370716524977805,6.775187697073166,7.061229881428291,7.540029944211566,6.194060106874493,6.3588796273009445,5.011476238067786,5.458162130763228,6.516886880515033,6.07985629422142,6.203381883928959,6.076548617977532,5.765945166339056,5.89778690543651,5.92665008182874,7.067056744835612,7.074648578982781,6.493545273147559,6.1196256,5.703277965719877,6.135817691436212
2022,12,2022_12_TB_CLE,CLE,4.0,DST,5.589077589982281,6.631789,7.068777505687603,7.248618009543689,7.0011825717151535,6.716810326345615,6.413468610748775,6.245498874378705,6.396282216445655,6.004612034327572,6.284539878559946,6.332495894611898,6.265513904975413,6.564929637006041,6.368605130697597,6.2299512167657705,6.141371185356549,6.974153384831194,6.451271260521247,6.899161908496088,6.117200284925466,6.176624897535037,7.321471843622858,6.886483219314807,6.570273770824055,5.624029822895479,5.658982055808677,5.706043799374727,7.749930934281551,6.585394069828432,6.402082375421609,6.415088937519117,7.2694950971536185,6.252109729154329,6.2850475,6.495610530315318,6.368718289391258
2022,12,2022_12_TB_CLE,TB,6.0,DST,7.036979806645304,7.9570227,5.89707987885914,6.851858923227383,6.09167202762099,6.51751761436077,6.7057017411254325,6.865581796346223,6.714084920043989,7.00744049184082,6.971831435185196,6.666553779053876,7.095568218354281,7.01584013230103,8.198840418890459,8.185358641803019,8.562740967523833,8.25414681342154,8.19118288672082,8.384713937253093,8.68117228725419,7.985771178876123,7.047735646363789,8.472573438254638,7.214023949700135,7.073676150482951,7.110372494320599,7.1607265414346974,6.281393434008361,6.757559098433462,6.80972891355352,8.489374813987139,8.220482399200328,6.906984647114841,7.926137,7.599850885412746,6.84074228389039
2022,13,2022_13_BUF_NE,BUF,5.0,DST,7.271848518692261,7.8296056,5.796166366746693,5.244113995563259,5.889152072906861,5.315139924704358,6.260668408008177,5.976554011231334,6.271711252473572,6.313011154910112,7.969597655381752,8.394375082604128,7.902605155087531,7.998060521776114,7.489932842053318,7.720405318472784,7.330849903788001,7.70529532104346,7.701041644945685,7.329844938238617,7.695132021801385,8.269036947979517,4.676465449628983,8.028127295362001,8.001751843757562,7.297292602892066,7.32273668709187,7.394077042787604,5.074830941510169,5.888548630404495,6.028033556691658,7.78141428161447,7.554100267406102,8.077834408126877,7.3882623,7.954150814847107,6.404079946925236
2022,13,2022_13_BUF_NE,NE,4.0,DST,5.953993658709011,6.2835,6.144670159970198,7.263723802573629,6.223084094677724,6.883618010838189,6.09822977585668,6.275764695213947,6.098443526131616,6.156669452498102,6.953496390273804,6.8004076970756815,6.439564242391566,6.610283393560721,6.927303147726264,6.671725733249904,6.265689009706216,7.027686497850628,6.37094569134869,6.8381797799930535,6.837861215373339,6.854191753006584,6.877546157320821,6.190050235615884,6.88768660358904,5.964679418790419,5.975365178871825,6.063800714382498,6.5884272197090255,6.0033208417612425,5.989445918620592,6.526456604458994,6.482377203808819,6.584820184281206,6.7089305,6.977648504412586,5.778976247804841
2022,13,2022_13_CLE_HOU,CLE,21.0,DST,8.029867083354487,8.158104,9.0681121795016,8.621461012028,9.090979983716055,8.735300848735921,8.660325160357898,8.572379159077855,8.646174178984028,8.41386513163814,8.00675643858873,8.14110303493007,8.359606120224537,8.208817519862855,8.631627563863471,8.547123000883026,8.500482432010891,8.318535422345521,8.702606567504088,7.81088391126365,8.584640471048761,7.488582428918334,8.275548451469602,7.60035823509229,8.130730284407859,7.9351225277623865,7.840377972170285,8.157607701280202,9.052762743641718,8.751273550230263,8.649729749282418,7.967031193226863,8.017182422145227,8.228235499302393,8.303442,7.534582570847494,8.390728554397809
2022,13,2022_13_CLE_HOU,HOU,7.0,DST,4.40118655970799,4.8450212,2.661988838934357,1.6234429734767837,2.981271275278261,1.6943584768071895,4.014634196870151,3.1039796088574843,4.039144178335009,3.706461250760271,3.79118641863685,4.161083198656072,4.027373159991772,4.25292805459292,4.756654034541878,4.498008663875631,4.954690825788608,4.6360074977860375,4.6562979592746965,4.545172721337843,4.106870345390728,4.149789176352801,2.192120505687009,4.820041749474974,4.125083384434071,4.5098352181700365,4.618483876632082,4.506205159573851,3.041474365090542,4.127576927586901,4.307222306494078,5.097730540772599,4.213013966870419,4.117358129129639,4.320643,3.847983125205036,4.51133673154107
2022,13,2022_13_DEN_BAL,BAL,6.0,DST,9.34581175503155,9.630545,9.576339598183464,9.22847032565733,9.409757160844247,9.117691407703791,9.181807321340266,9.210154938116842,9.175063762046928,9.154635434073652,8.397051140086386,8.74563993405396,8.481053883917705,8.891469971856171,7.709982790713191,7.508252580046454,8.904662625371166,8.300572196738432,7.977655988436699,7.95881567661358,9.401751101636808,9.30426768458884,8.59044276296221,7.806586195258034,8.770092598765817,9.305841485929859,9.265871216828167,9.491555485539662,9.800399633869114,9.289358567142907,9.227455763287137,8.19192206860475,8.010270003117038,8.672647658673556,9.04278,9.424353092710376,9.458020394321029
2022,13,2022_13_DEN_BAL,DEN,12.0,DST,4.853522399310587,5.433973,5.5471233794875,5.8660434521016445,5.318108593840972,5.131922400510626,5.189607876772837,4.7911446506607085,5.194121639094001,4.897500040821551,4.911410398739713,4.894144480135543,4.850465566879143,4.841669616408859,5.009018134321932,4.887302315517529,4.735159091745795,4.83883055886868,5.16048590666419,5.168737245676658,4.671305898941916,4.626273942865431,4.145774850855426,4.867495213073632,4.546322011028655,4.965570071103178,5.077617742895769,4.9623798291955765,4.644611463100111,4.776717135620572,4.878825001348939,5.215339626814299,5.093311249343212,4.929958539840948,5.3321686,5.761237600371334,5.2165650294889
2022,13,2022_13_GB_CHI,CHI,-1.0,DST,5.029218238752277,5.935211,6.31441474031029,6.281254871900409,5.965216204382343,6.190366020023249,5.423961729704044,5.519081744094232,5.412513883278914,5.344350683155595,5.953089139739973,6.215328223657188,6.271133434861252,6.0163116259830565,5.380483113693946,5.516896082657094,5.126153132996426,5.802026235427057,5.298379413124192,5.316831430490251,6.251684025282653,6.075592943285586,4.728663400060873,5.326249671229901,5.753603720929097,5.094515745763156,5.159813252774034,5.139854261798206,5.8508669894152465,5.576666551234117,5.502845162771147,5.354796455846587,5.741723006777153,6.024839489135333,5.8982368,5.622708075030827,6.015374423975173
2022,13,2022_13_GB_CHI,GB,9.0,DST,7.48067638239035,7.7021885,8.11051020295361,7.387297918483292,7.950697695125402,7.426000226672582,7.689605514167006,7.5944041466013825,7.684965469202649,7.556367571170345,7.823047720945635,7.329882961250178,7.584589298027089,7.536272072594762,7.885809422381402,8.094473192470652,7.958716104801613,7.473016738178024,7.8796822506243664,7.36628116589542,8.339351764339261,7.121062453072495,7.051284940521219,7.806217735746062,7.363059458927126,7.442897075223954,7.405117768057557,7.601875173785909,7.458754430644233,7.471028591666142,7.457893759477917,7.558127116450582,7.381448286977125,7.607275452275421,8.036392,8.14230278880681,7.588439751464403
2022,13,2022_13_IND_DAL,DAL,14.0,DST,8.620131539690615,9.327579,6.843072408569953,7.311335822512693,7.065408249362356,7.432780700228244,7.704517585214347,7.818904615683559,7.716239201643707,7.964940692505277,8.206248526320731,8.631400454073676,8.354644661207008,8.5335497928573,7.792866034435594,7.929140675633811,7.7635338110440415,8.100587865680199,7.615193028829115,8.088154483428342,7.384668054770095,7.723659155663013,7.134976099667218,7.860146602888496,8.693094237302141,8.652309507778202,8.684487475865788,8.755580970366685,7.51295956839049,7.656955090626556,7.739434650447819,8.24114259726319,8.181774211119974,8.33301118077009,8.162385,7.025163281800666,8.061956582808774
2022,13,2022_13_IND_DAL,IND,1.0,DST,3.74597261920516,4.4683905,4.302494111562574,4.455224586927503,4.392639914290027,4.646565926816587,4.350920818920571,4.513979594730609,4.347334985044673,4.390167497579531,4.025665087838748,3.836065478142765,3.977630560438722,3.923328286075237,3.918741128131858,4.207221627281944,3.84431417636629,3.9835427036898223,4.351244033563455,4.162175356154723,4.012405196975728,4.443892570774715,5.05963531769333,4.751611576472795,3.999006710373624,3.8710421324337987,3.9961116456624377,3.8504726385304573,4.3709306647946535,4.545222780225925,4.527910655810153,4.469016731532784,4.633993596734061,4.200465608290179,3.9162998,3.3037856310546165,4.4220323835802
2022,13,2022_13_JAX_DET,DET,5.0,DST,5.174956091110655,6.0088763,4.547329075539384,3.413969818364274,4.640709043803378,3.571059510080824,4.802814425272942,4.492452090281319,4.811954639667873,4.893331914420827,5.257571672683369,4.999988944496597,5.33670533996057,5.20565769643184,5.132540966944114,5.122712995227868,5.143568417123834,5.214581849031137,4.852533900150032,4.657537427259337,4.827999915056436,4.889972252496473,3.690686807148547,5.395911079987964,5.070168252965761,5.208138783119523,5.24132147512839,5.283670573957043,4.4461379618393035,4.715312078959881,4.798955856584719,4.910462651558057,4.889952925944996,5.230605280690348,4.5310855,4.683276254034322,4.683324443957298
2022,13,2022_13_JAX_DET,JAX,-2.0,DST,4.227637366899716,5.567132,4.905293853046572,6.423045655320013,4.753691792492072,5.344492373658052,4.70942584141252,4.678910821612112,4.707789092032636,4.641289995175768,4.557872083607188,4.7561163727737785,4.840379365041914,4.8558218891473,4.892390458568041,4.693073095041911,4.5282739316639145,4.549015008638449,4.827034743670682,4.3028813400624,3.731975714557169,3.941570969420584,5.321710483836122,5.127736067486107,5.15681238614155,4.296846903144682,4.366056439389649,4.3343002187627215,4.939705130735108,4.705222684488064,4.7058148047341,5.454674080407068,5.058337178959838,4.918569916010008,4.7222013,4.579296438243696,4.447885164065371
2022,13,2022_13_KC_CIN,CIN,4.0,DST,3.827228896169756,4.9979706,5.489135883204442,6.89904428964682,5.122119325859024,5.554562876059816,4.328189925681956,4.210240318523125,4.320767226481642,4.094102844609948,5.092789196086464,5.192007824010047,5.111716760309624,5.203803599026228,3.892127318896828,3.219099639818912,3.91976059524968,3.836905081957035,4.331139462295455,4.084728611851013,4.679304758682062,4.490036058619748,5.877091848969529,4.6116997168242,5.355894512576627,3.884204279127169,3.9411796620845814,3.929336629566053,5.690234339748442,4.533848151523085,4.447664813237505,3.786395837420092,3.7110867626431117,5.240783968704718,4.9728127,5.779290928263121,4.230008350125401
2022,13,2022_13_KC_CIN,KC,1.0,DST,5.832078389716429,6.1023316,4.986792777942662,5.1387497187398425,5.154379581144873,5.261159401037913,5.527965502795739,5.714141951104978,5.538967007149793,6.047747934421182,5.915981308875812,6.204410537471614,5.930101546331241,6.087436314063255,5.92781928339797,6.441209396474869,6.055407123669614,6.6604776822257366,5.880819049544857,6.4344868065635366,5.748159324214829,6.246471601662142,5.963601244887447,6.808669339206964,6.345527213676196,5.8389005215337315,5.845722653351033,5.939984181236791,5.047512280214697,5.534375058470408,5.621625904520627,6.384476688691474,6.058602140245257,5.7859866715689385,6.2117934,6.223764534328964,5.542302430670219
2022,13,2022_13_LAC_LV,LAC,12.0,DST,4.716802166161489,5.632245,5.8994224781271125,7.1025787333049495,5.711476367399428,6.397690012553345,5.326267600531113,5.578241208405444,5.315861920157914,5.355266569132038,5.143767729686263,5.444456832521519,5.3723131548889365,5.3790152230138775,4.510082717720756,4.994089652667416,4.647689220555801,4.783797360880106,4.7961937537729575,4.859137949324575,4.315669514420628,4.626036288738787,6.397277441584329,5.285804712624673,5.331609968670375,4.709460117051382,4.7021180679412735,4.823372172315679,5.8660868375463515,5.618122000055953,5.525383735114787,4.40610946686717,4.642041638153252,5.117472054968099,4.50314,4.416700417515975,5.402158972837112
2022,13,2022_13_LAC_LV,LV,8.0,DST,5.485057250094971,6.736606,6.180581119594323,6.066987707461104,5.944454622834423,5.845369315509688,5.532969177339568,5.582080324949372,5.526096056284326,5.535882396742294,6.100873628455994,5.78115247062068,6.213565097647603,6.222664486287695,6.430659060165179,6.750413696291598,6.06235616287647,6.540833429734994,6.103561637746679,6.282688155051438,5.306093608133102,5.200056329584914,4.575173288985136,6.31129164695928,5.96616301445178,5.593011734073016,5.700966218051063,5.599096616179723,6.077978625398012,5.619091210306738,5.531420373881984,6.204997505223856,6.041559332116219,5.97683576520935,5.7510033,5.562247772008612,5.7419828236687716
2022,13,2022_13_MIA_SF,MIA,5.0,DST,5.307171460758307,5.6662064,6.406655283336137,7.536676136981502,6.182078076429552,6.761737793527168,5.690861589398054,5.835965091546743,5.685413578293814,5.783237948688409,5.979313928483106,5.782080276300253,5.88208531874548,5.972797620439418,5.291889571858738,5.167766512404964,5.2119135990919245,5.337415568632595,5.311370331978235,5.273091331649766,4.89005863766883,4.963055496616565,6.662188369269043,5.467311028189712,5.92645325222865,5.311068418393296,5.314965376028284,5.415802707247845,6.222557211353743,5.906719344339163,5.876793246900447,5.306815782669051,5.392241377660044,5.930776518898775,4.956173,4.648637161878637,5.500258717307407
2022,13,2022_13_MIA_SF,SF,12.0,DST,6.944881599609493,7.654056,7.839514348950501,9.53967824441579,7.513233802384862,8.204997780936495,7.179956823142458,7.25849562057907,7.172363533990647,7.034642999244772,6.609628484335847,6.678675964586904,7.546409745761489,7.28855961981399,7.279275880665059,7.800391202894562,6.53787419744808,7.109901945155058,6.599308056719273,6.632959218260858,7.776000039677707,7.257140800422184,7.842119314207379,6.974684137954658,7.314604072719667,6.892031851889609,6.8391821041697245,7.063616904038567,7.232607393302256,7.02730566137826,6.998215876448174,8.191633366284588,7.193831862001933,7.279922522786486,7.444826,8.51510277926503,6.79483231236638
2022,13,2022_13_NO_TB,NO,6.0,DST,5.917175822309559,6.6799216,6.961284131382776,7.004637408398377,7.205856360204216,7.187818515747526,7.004576534067159,6.866191085459915,6.994143687487026,6.596954595221328,6.422333724789641,6.708802496319393,6.6759040472964,6.621513166143616,6.185338088049537,6.117545375022482,6.429160236911313,6.632012717179905,6.235376667925187,6.424263431903591,5.340780234353292,6.472595036062593,7.903169316246569,6.506698627705493,6.645522455294961,5.972290701563404,6.027405580817248,6.035107896410078,7.592197121258955,7.083659961518756,6.973987194050144,6.580375438257212,6.304955692063804,6.636462182244132,6.1813145,6.432482068695515,6.684969021235947
2022,13,2022_13_NO_TB,TB,3.0,DST,8.068894612986718,8.226027,7.987433771069697,8.35688275207927,7.94349277651452,8.236895811850747,8.176920958261007,8.267302625102769,8.178429914759578,8.228845388974333,8.001022744486432,8.213046495313057,8.19214780803433,8.198126442026718,8.353726873580877,8.285284887938563,8.336560593390383,8.62772972154974,8.645079371129267,8.459544408764803,8.024909859527472,8.070505021609367,7.856268124930197,9.875914908396949,8.438676093987576,7.966796458178084,7.864698303369451,8.198540019384831,8.120017978740515,8.357712528745067,8.374930750354798,8.793500763925413,8.87802222554711,8.253039094152168,8.551977,8.312692585071494,7.693288013305132
2022,13,2022_13_NYJ_MIN,MIN,5.0,DST,7.097623749079763,7.639885,9.26926119858916,10.45852231347929,8.683973302098602,9.874811259289563,7.643989147636353,7.920359417322267,7.619707524056169,7.249665866911517,8.259032950587866,8.564654468772652,7.8810064714313395,8.196797420845815,7.250019658251835,7.613235851260503,7.587650263672164,7.587693304173042,7.365409705178546,7.167051289170714,7.889774524637298,7.780932308623891,8.986521394992433,7.265315769681334,7.455864379436278,7.120489096487193,7.143354443894624,7.222941115639611,9.058830902840413,7.638912111949512,7.431771262803575,7.430024469101931,7.365446752462212,7.943750440273226,8.047503,9.065182174200562,7.464354143796647
2022,13,2022_13_NYJ_MIN,NYJ,2.0,DST,5.6363779100205145,6.314652,5.469186213570648,5.488503875908052,5.75116756475696,5.500467638418453,6.051003589128748,5.481749873596012,6.054237613899498,5.654377460713436,6.145305872652646,5.645762996149662,6.407439485393054,6.160939715000756,7.657940338971041,7.453576424270619,7.269877970811081,7.161892404389598,7.076843700326456,6.875739594975341,5.8005983627257365,6.423552608307796,6.493647565973595,6.724333746861927,6.749741136628556,5.729476608920499,5.822575307820484,5.750393922909004,5.851805351910895,6.17973069173963,6.197180687959144,7.27597589344637,7.13220987632808,6.190473138504792,6.3755455,6.314755018366745,6.021436551945718
2022,13,2022_13_PIT_ATL,ATL,1.0,DST,5.622910933963526,6.914965,3.9289090118815935,4.378927374763256,4.429200290616976,4.350706940864095,4.971832636345654,4.61569137373464,4.983695783261322,4.829463800964936,5.840107989650616,5.996131422082098,5.976149874149465,6.375585803551301,6.665490271492386,6.367711281171997,6.710723768441006,6.49138346834766,5.996531517679048,6.589620121123653,5.419770170016692,5.553156568904804,4.977159810982368,6.036443274649408,6.101139466156283,5.78422089274418,5.945530851524834,5.741761725520737,4.457951689588395,4.975283103243608,5.0655042419051295,6.729289645513622,7.215962497777651,6.0732364263858285,5.9675503,5.759853204146933,5.496846674371988
2022,13,2022_13_PIT_ATL,PIT,4.0,DST,6.769639250915664,7.3567095,7.687581649358075,8.616889955341092,7.575539474268337,7.83371033986125,6.915197384788188,6.92569317713578,6.901380848877742,6.784298491645032,7.594429424873322,7.288171177706802,7.506195730024422,7.511909243748883,7.390903909261665,7.637709081002194,7.754144650940877,7.81896205222064,7.292497208305964,7.091886152070594,6.07031913510936,5.97497612283859,8.005572221816404,7.340290073027004,7.003810561307807,6.740446996208025,6.711254741500386,6.890081031270305,7.541193939203187,7.0708976911461825,6.988696996516922,7.497730637036603,7.508977330707822,7.6590529443448805,7.151945,6.734020818504181,6.573211593856237
2022,13,2022_13_SEA_LA,LA,8.0,DST,5.122258633282777,5.906869,3.249774302263178,3.596689517207952,3.6104827273084297,3.603637310204429,4.205326061487165,4.175622242565503,4.21685588225748,4.3759713162075,4.636035024306192,4.5574217158341295,4.711232749837819,4.746101332767271,5.039401604699976,5.081711669952719,5.124590729140902,5.146215708016444,4.589599041410816,4.755032182987583,4.195030526209982,4.607609252994783,3.03561435835099,4.758491654554381,4.331114956007915,5.249746017886774,5.377233402490772,5.234549140884563,3.8169904844453484,4.0234975594149205,4.106223400847109,5.224362698961952,4.796304257087682,4.670636992145927,4.77342,4.222504434954848,4.714259025385465
2022,13,2022_13_SEA_LA,SEA,8.0,DST,8.496835670655367,8.99908,9.103767861087784,7.705933588782114,9.083162974739675,8.158160526964974,8.397321795222675,7.777948022912184,8.376021818748361,7.491639514267914,8.71455126096389,8.528650324348344,8.308040434738203,8.175727572036969,7.798784679295485,7.415945378350134,7.5969538463355075,7.448836906013687,8.164662850064621,7.129571662668377,8.63103955923429,8.657213745369493,5.60414833012538,7.734371342185036,7.874151526582812,8.391837522835054,8.286839375014742,8.63726561781114,9.69758464441716,8.691602705360841,8.50627343772922,7.491007118276168,7.412398067898059,8.690267634305558,7.687623,9.119977652089457,8.183092559249953
2022,13,2022_13_TEN_PHI,PHI,10.0,DST,8.128746041151517,8.002345,9.863919576217867,8.843447553172167,9.525532084983144,8.980856470691586,8.682674395692285,8.342038812222977,8.662638391433322,8.058736630064988,8.08248591559226,7.765060916776026,7.907686786589706,7.89849138167467,7.547744039810778,7.394206446622684,7.968801874669964,7.400059016970519,7.553521523856738,7.576392393101678,8.1382570480714,7.3756746342246915,6.96497877911956,7.31509383180207,7.280223265531663,8.020871924683169,7.9129978082148185,8.25642128058937,8.860455825747145,8.496288509960452,8.420366671150179,7.345469092152519,7.3521968007455065,8.224750141745742,7.922091,8.254808744945962,8.415366066330286
2022,13,2022_13_TEN_PHI,TEN,-2.0,DST,4.82396116685138,5.7936234,3.5845587719281564,4.648751037889443,3.804265965180834,4.208419380921477,4.597137640829708,4.244808505931899,4.616564068208246,4.507132135736635,6.045849589122077,5.776868821392113,6.0147667333534205,5.753524415019196,5.567924882824851,4.65652327905315,5.748394646158627,4.719034065736444,5.519337062801225,4.719441755457332,5.356242085852464,4.899255169818327,4.726059344867496,4.955704373984966,5.389567952956392,4.996696263891065,5.169431360930748,4.933592218558625,3.6747731234269607,4.316426589397128,4.45297211180837,4.97412080549465,5.079725724287831,5.651865863142861,4.86106,4.619284951305233,4.659489762256074
2022,13,2022_13_WAS_NYG,NYG,8.0,DST,6.21126890663231,7.0593624,6.104919310777014,6.042950238406792,5.646951938699145,5.399334746126214,5.700439377457661,5.439759716047408,5.7079530631689295,5.624432644264669,6.559265586831923,6.757111402354875,6.5471945953087225,6.51804234540725,6.43618153423056,6.482718426280519,6.789279770101183,6.482083773230495,6.535112696720595,5.974909959614063,6.639652558723997,6.354755049458928,5.391610346868921,6.697408122746791,6.68676339485268,6.246388548748878,6.281508190865447,6.333176277235315,5.381428702794805,5.666339282652511,5.76355704007997,6.2995618258468085,6.362211122037751,6.654033176986307,5.8873343,5.348750513842195,5.81982003678194
2022,13,2022_13_WAS_NYG,WAS,7.0,DST,7.626774872617853,8.163723,8.801778320443725,10.642230844210816,8.803784403400316,10.346805281392362,8.457996114758014,9.177172155230291,8.443919238609766,8.680377110832644,7.821151971253222,7.873487405819052,8.03431635020891,7.665138382125176,7.916006581560826,8.173324635326422,7.995868585706596,8.327435263989917,8.246345934073247,7.8501307345283315,7.584862282597906,8.078930042226183,10.473539959736597,8.584938295411805,8.149792561842872,7.653467901076369,7.680160929534885,7.757612647614557,9.468950059400399,8.768477945442845,8.641300741523569,7.883099053876725,7.643128510259508,7.783228329959529,7.9082212,7.280145948112428,8.381098058029771
2022,14,2022_14_BAL_PIT,BAL,11.0,DST,6.671298913312515,7.7559404,6.745158107437817,7.71644290456712,6.902423991971288,7.459917960237092,6.97353131471974,7.268202873306019,6.972694579760959,7.174282124822078,7.537048773427968,7.266821219201722,7.311781922082182,7.219563204747174,7.301120327402058,6.838026917108165,7.00664176625154,6.348765546943518,6.903857227689501,6.715588668833949,7.42502032079468,6.461373411481185,7.63824648312229,6.150570247479637,7.219346041851206,6.798613946672575,6.9259289800326345,6.7987260284498,7.30013721198163,6.931078523366577,6.921244250225523,7.264438742384073,6.770834900278798,7.205564933974347,7.98983,7.303060631115922,7.367651091126607
2022,14,2022_14_BAL_PIT,PIT,3.0,DST,7.636778102775121,8.418557,8.820544483530956,9.710634654963464,8.56072787905688,9.158262780460175,7.724355973623752,8.003982373867197,7.711490907779749,7.68424842810388,8.317357199758321,7.771010775470706,7.942442853303614,7.684296716769339,8.083640630760849,7.90505881000094,8.659865882606523,8.171971282542065,8.414940677987536,8.402067360229909,8.904039915242542,8.699261340237456,8.671728538589763,8.143254990899537,7.688019319598457,7.645382232579584,7.653986362384047,7.7689284084388435,8.490618031500174,7.731181398787319,7.636209745728648,7.813107452768568,8.018927393594133,8.118885378170809,8.159575,7.868520472370113,7.475067012020558
2022,14,2022_14_CAR_SEA,CAR,7.0,DST,5.650964366362135,6.124932,3.702946053957462,4.8320998974063,4.1533500888615045,4.904029478850394,4.906990662412357,5.123138928326762,4.923019119821533,5.263995001355013,6.187231506052105,6.026514558309589,6.039131412911366,6.18107065232172,5.815101825981861,6.089391695584747,6.233890969925418,5.836938786358744,6.395333019586775,6.073687073805631,6.864486027127661,6.06989395513364,5.232774404492878,5.851244590162258,6.151839279329678,5.743587606730036,5.836210847097937,5.761745276164676,4.226483598237034,4.99944559178369,5.10927899736012,6.437084410171778,6.623874033632021,6.142854788389844,6.5599856,6.547896073718657,5.3133489223468535
2022,14,2022_14_CAR_SEA,SEA,1.0,DST,7.452139211602726,7.6710367,7.496656002124421,7.196616341193971,7.612806687369106,7.729821763123769,7.592286350076693,7.6424223885536575,7.591107085874434,7.560558920955166,8.015277067252715,8.246223634894353,7.808577593070163,7.909274071440413,7.016004100383581,6.9576750523480975,6.958227980040421,6.491876352166583,7.119177239050861,6.6286146339613525,7.610936775066785,7.298033044015123,6.095996046598718,6.901499332386913,7.378507405030458,7.329565938461617,7.2069926653205085,7.576616013485334,7.743117472460604,7.646021261731342,7.655044487563931,7.307764111412213,6.566487088423623,8.080678602929627,7.1532106,7.411264982907399,7.117509973410041
2022,14,2022_14_CLE_CIN,CIN,8.0,DST,6.65815671834431,7.4954877,6.167877173983877,7.157720062446242,6.019087270773632,5.907656016298458,6.198439133903234,5.937307000473768,6.205304097290086,6.24632946071025,6.732632785926773,7.101230104247516,6.85169654770599,7.058077595910093,7.236588450413344,7.27136175346433,6.811007110598062,7.053075487735293,6.930691176173461,7.041480993669328,7.009651820344991,6.592663797889407,6.365620968290807,6.397262595874217,6.802767348891215,6.595195202901879,6.532233687459447,6.7759163187961375,5.986391470413984,6.212541926730673,6.273581318139702,7.516659496117809,7.269742477763845,7.002963299623299,6.523306,7.030048464966416,6.0211300636046134
2022,14,2022_14_CLE_CIN,CLE,4.0,DST,4.697685564299183,5.507638,5.449802576267265,5.479339482490059,5.437126297524855,5.4133239633902335,5.443350437269838,5.384162557686242,5.439907567904127,5.388421069739007,5.184902553719572,5.465819629741514,5.368081862853953,5.351778788077858,4.930584405929054,5.0248552244175,5.029283994507328,5.196287454958738,5.160335017287421,5.392579404436974,5.635561529785376,5.427358993854665,5.700787421155226,5.677417621782627,5.378815091105206,4.813927619665339,4.930169675031495,4.8046186945176865,5.243262738925029,5.234874082996658,5.225886671771624,5.349054139876479,5.169851979730613,5.252455144172849,5.45908,6.161214071732525,5.342042989193121
2022,14,2022_14_HOU_DAL,DAL,4.0,DST,10.966919267396364,10.652811,10.502195117552551,10.948063023049096,10.818182886209057,11.49993113370272,10.67230362059799,11.233262164560072,10.661137459781312,10.894395961677564,9.38495573567064,9.88353272892676,9.295486531389722,9.492579646372032,9.41706232207372,9.098070022346825,9.6942848792517,9.514114131098228,9.8097015156805,9.339886081099849,8.562009790920278,9.78808232859965,10.814072647737088,9.218555381935271,9.7373384673906,10.737778943197913,10.508638618999464,11.119054288565623,10.931668276814307,10.684334425357907,10.619784247993195,9.255363923578603,9.86546462725132,9.383876386302244,10.647899,9.664388669509174,10.253895971266207
2022,14,2022_14_HOU_DAL,HOU,7.0,DST,2.8990286201678743,3.1431568,3.111349971347728,3.4413577717909125,3.118938621915693,3.01662019664689,3.118572937743178,3.1338504145841166,3.118097173985,3.127880846871554,3.7405819969879257,3.707298759319944,3.699156256413573,3.7912999505853184,4.237800446094199,4.146391380667312,4.487142051153093,3.791653052946982,4.124454009281587,4.343659801446664,4.497667698195154,4.092389253407855,3.502561901206089,3.693193558731586,3.722338873288503,3.0395738892964403,3.180119158425007,2.9996003862278178,2.7030137287943603,2.990151674302165,3.0325661085718805,4.284358151563865,4.521665252707287,3.9270732042894907,4.133112,3.935117174898293,3.291426679384405
2022,14,2022_14_JAX_TEN,JAX,12.0,DST,6.341414212768458,6.631789,8.033123762963784,8.253976630145063,7.56110114209228,7.315549012730532,6.888148779936792,6.608768795588552,6.877719191085126,6.493330347427082,6.078335305463233,6.080795644225782,6.321130051007576,6.224853332052708,6.195809954938939,6.451902667397557,5.896415033547542,6.077886850237508,5.913576415134738,6.219307809190714,6.179763401055869,4.9187236785538095,6.643385958465344,5.728148209455785,6.264837108892386,6.36055788757653,6.3797015623846,6.460842410391667,6.680477694975738,6.621883180212125,6.609913893609773,6.289382455209662,6.642226146754347,6.260290215224838,5.947938,6.11019099400456,6.741169429735213
2022,14,2022_14_JAX_TEN,TEN,-4.0,DST,6.813111518354361,7.9570227,6.847413905129187,7.582403764542612,6.792125326513441,7.051666114334465,6.6974541337825455,6.5189937662481166,6.69733660785406,6.431311617344318,7.101580955641103,6.58686656358886,7.138394313662023,6.917712237128385,7.291430221728177,7.12578434332817,7.534665177607062,6.984641526527678,7.497551847310074,7.541489223239387,7.476167561440193,6.904011631086538,5.924989915498774,6.796602367176512,7.026000670479596,6.8668820453689925,6.920652572383623,6.938349522194556,7.139917730100724,6.668853549532988,6.647411553333519,6.924655870502415,6.82053806793953,7.201569405094556,7.2099085,6.470275309207815,6.416003025223705
2022,14,2022_14_KC_DEN,DEN,7.0,DST,3.659226654982183,5.0205708,4.074582333250472,4.964262862822887,4.017925608520871,4.079533820660009,3.904854722857359,3.457923415289729,3.910597609658723,3.5866021344400365,3.86500335459759,3.822377898090549,4.121421241213183,4.017704117912147,3.068539427952629,2.663329947873857,3.0969668698764545,2.3759445572131623,3.0378871116176254,2.730936473320839,3.479263979531867,3.233610281535238,2.877660862341946,3.5231769052182624,3.9472333419182335,3.822031001659915,3.984835348337647,3.7637681108248864,4.223060719535075,3.855052109477375,3.910881327308635,2.8432628350267386,3.332181464132001,4.052554778255563,3.3752317,3.902350962277495,4.154379376059254
2022,14,2022_14_KC_DEN,KC,15.0,DST,8.748606509967349,8.775398,8.713125407307848,9.357053340550149,8.697346901970825,9.259881569575615,8.639628649971137,8.998960288905302,8.636131106420223,8.894844650689278,8.484919255888004,8.731568109509784,8.664239746707132,9.063732779601615,8.014812780348327,7.815248120743394,7.728206799952094,8.089395525085468,8.190789948339116,8.580662988190742,8.38721195007668,8.404280899572866,10.157663716939656,6.841547276340428,8.522663770672432,8.653369440085585,8.55813237020382,8.883679280690739,8.960492276183569,8.81776906268841,8.78588935360577,8.44892848245041,8.11519248533694,8.723248813407233,7.7606707,7.835055550049085,8.480732892573553
2022,14,2022_14_LV_LA,LA,5.0,DST,4.942980012319088,5.7794523,4.229053822475793,5.091217372973062,4.363339667903602,5.1313480186876905,4.510600622493291,4.877906216046062,4.517106274784595,4.832420109770925,4.993930701521108,5.033350710882387,4.798587845155212,4.935830093500995,4.611531007999124,4.63395329374176,4.787299325488272,4.849855019438095,4.615912983756855,5.421730702168089,4.727476481742159,5.039959493749803,4.9039946293749495,4.980138889525193,4.756585017859727,4.941546970017177,4.940113927715265,5.0522812029722886,4.664764682839614,4.626833616667906,4.660484049789822,4.978805876290747,4.788162232957684,4.69248237052116,4.724598,4.831217438892362,4.9133406457471
2022,14,2022_14_LV_LA,LV,7.0,DST,7.997028954379924,8.650791,7.789337019611742,7.572318823224798,7.691970819623125,7.4991890838090045,7.282664376277258,7.068069632547544,7.274424208079121,6.999909075870699,8.361967845022685,7.9996635922616495,8.037984705025103,8.038851861178774,6.968206877012023,7.625140734034314,7.065398915549446,7.686753894686054,7.24666274118344,7.1603121292086325,6.581760718800162,6.585252712113345,6.579770552231883,7.517472200718538,7.778109240005207,7.91169282223153,7.826356690083137,8.13095434132123,7.8854142865799215,7.396256582935854,7.309245920415574,7.385851899538041,6.875237741033289,7.992130300223959,7.2129354,5.783126345153746,7.222392684790846
2022,14,2022_14_MIA_LAC,LAC,3.0,DST,4.378600737637983,4.6496816,4.5874295143322215,4.308791930271688,4.870864412340632,4.439009169412373,5.138797393991892,4.86673040365802,5.139805403887824,4.986104940595196,4.239791554584289,4.668465162615157,4.328753348504181,4.596945446877814,4.764649301944982,4.540668991364485,4.4469044082749685,4.3400650598867045,4.780772745727719,4.593654062909237,4.714852207070548,3.879844875293931,3.379534916879908,4.752793171227348,4.865498956963873,4.303980495277784,4.229360252917586,4.480029958441662,4.05469731056192,4.934627725528633,4.999643002305474,4.960775651364632,4.901503176243579,4.390924672645308,5.2486434,4.609263800305022,4.768953127169346
2022,14,2022_14_MIA_LAC,MIA,4.0,DST,5.418770927448838,5.9749146,6.801630834675478,6.725537088878382,6.755896133651804,6.620902386488771,6.26485313267663,6.261628250016583,6.256278134860811,6.181472291925825,5.60521241638873,5.526632134974418,6.026723415291187,5.889888517107387,6.013650815295828,6.504725472672411,5.774217843794792,6.261992281714449,6.034164018406702,6.076482772757427,5.743105808644388,6.024183603533821,5.88736875429355,5.853136836974042,5.753245928498757,5.510448215881463,5.602125504314088,5.525883817147527,6.946439264249587,6.411818349993909,6.309646806478055,5.838596551075499,5.359006075624846,5.8689234512713275,5.084209,5.435312174882051,6.132130679942643
2022,14,2022_14_MIN_DET,DET,8.0,DST,5.608481645727335,6.3401847,5.365194184642683,4.926680338214404,5.576681634329515,4.888264560765184,5.689951324124166,5.153784450530518,5.687523314682374,5.367357113239144,5.861261404598862,5.845097483595876,5.909728509421378,6.071835412155299,5.618457836030589,5.722326385481697,5.552442262584499,5.557296910381889,5.635563362937858,5.990530175851632,5.0582982657208975,5.375919183471844,5.521293840551111,5.504168880332825,5.656863635781419,5.662834579493579,5.717187513259822,5.7207938329396475,6.013681069547412,5.932515032112411,5.885511346635921,5.954960836638972,6.066417693573088,5.88635082160607,5.5824695,5.492683654969548,5.590358069794831
2022,14,2022_14_MIN_DET,MIN,-1.0,DST,4.038044834305044,5.2358236,5.90833367762751,8.856304897601577,5.989321725326472,8.012946722890488,5.28839544523577,5.745802121345926,5.269173975185465,5.110612299478317,5.021530221080759,4.71216234148674,4.8889116529049055,4.808614549579281,4.147400713530579,4.485962804983881,4.086462911571688,4.169915190554555,3.7330165754972224,4.647839738884445,3.723887615121124,4.017504188146205,6.806755400538249,4.804978031867886,5.283816655948683,4.160039417825038,4.282034001345033,4.14303934173165,6.331508236247162,5.170991635363819,5.007743705593268,4.006678104657097,3.8425685293310314,4.944062088996827,4.716017,4.3697394139134165,4.789367158612661
2022,14,2022_14_NE_ARI,ARI,3.0,DST,5.766205091210104,6.5355244,4.114488497565606,2.478740738030707,4.375781776053796,3.5514143653143795,4.879014111179287,4.692936524127247,4.895338809170724,5.14078279280241,6.262822525874854,6.272042246790183,6.551537485664476,6.5102460986802,6.456839731955427,6.735245420279885,6.374535481968593,6.761003274842853,6.948274732443332,6.964382448279589,6.388672944704907,6.524956232844287,2.7102797589395995,6.538992602289869,6.366763746980141,5.831568004096694,5.896930916983286,5.8808455078849775,3.7645730839629468,4.8415862176084365,4.999870121568684,6.908103636925602,6.803660576878866,6.821040389729534,6.5073886,7.316910104235417,5.452237064666772
2022,14,2022_14_NE_ARI,NE,14.0,DST,6.523573242634469,7.419013,7.059764278098111,9.045315314636476,7.353838059362577,8.868366838057076,7.330130171980375,7.877728137309791,7.324823935560436,7.455336598786159,8.052156632754592,7.553286271356042,7.656486246822673,7.749544284199251,8.000194851401439,7.5140456219214835,8.457749156526276,7.886767202808888,7.704149414688366,7.999600862379523,7.111662254514945,8.08235565201453,8.369245893472549,7.411115691971591,7.6374063611919984,6.5986057874613655,6.673638332288262,6.643113667661962,7.828295293324393,7.322853165980887,7.256769813623144,8.016172658546802,8.045550703893015,7.771011913827624,7.4257164,7.6660292450012815,6.947632281586547
2022,14,2022_14_NYJ_BUF,BUF,12.0,DST,8.355209517774178,9.265275,9.140972302819687,10.734630568731625,8.957404232759174,9.97030862180865,8.478945206422164,8.87903652959422,8.46773405028516,8.500207166975411,8.43275348269541,8.676834518890661,8.430944846771103,8.42502707917409,8.127624116280575,8.66270491138522,8.551841559208073,8.837671154488277,9.084134543494129,8.772757237391556,9.047574642611258,9.9985586558822,10.640800519899816,8.613844253836058,8.782822340427579,8.333021182208546,8.310832846642914,8.491447226193083,8.954439705524742,8.430211746723572,8.349594108658756,8.162914680059327,8.089388999929769,8.332978061569879,8.817287,9.458419403405983,8.311596962976088
2022,14,2022_14_NYJ_BUF,NYJ,8.0,DST,4.268119550754473,4.847831,4.552004579218643,5.073092956196506,4.577228143314848,5.300596170829956,4.6237476838761005,5.065417303861382,4.629004501822942,4.979789901802285,4.281719807319752,3.964754934907463,4.010685308046145,4.2308225074347146,4.330089580366735,4.289933522776346,3.738268233133853,4.3437617450784405,4.445316436016424,4.792321662003589,4.496968095562288,4.545730467608905,6.422587897793081,4.434136132856365,4.342381060097359,4.339399964204938,4.410680377655403,4.373142274456928,5.0933249563583125,4.801012066261973,4.803241499602636,4.405732958518247,4.036240104482895,4.271852875931516,5.049093,4.217996982308845,4.6190426074989555
2022,14,2022_14_PHI_NYG,NYG,2.0,DST,4.561306693627143,5.2414427,2.2663524240520028,1.1831788980936435,2.376947845059866,1.4257283005929713,3.3026612909151774,2.6115042315937043,3.327574118778886,3.194170262336338,3.6438565154668408,3.535929437305166,3.728816989032153,3.8749005777266574,4.077747375355869,3.929331117002113,3.8674149480213775,3.3873335201900794,3.6747905612310583,3.151069186023828,3.4453892706586298,3.213273938652719,1.257056420144779,3.755491056479733,3.631282741381237,4.748621593984842,4.93593649434254,4.66934592263131,1.5669726793809344,2.8238527919009218,3.046026808395673,3.528583795973606,3.2904137941463873,3.7199128455363453,3.3407593,2.8186420144337045,3.605357627055676
2022,14,2022_14_PHI_NYG,PHI,9.0,DST,8.378593846474901,8.554525,9.409428171744905,10.049258584783257,9.15611375331082,10.025183611329462,8.554053705068924,9.034396062168948,8.54046699746047,8.627125464268902,8.382968744878076,8.05100533292963,8.248732659813157,8.260611438932386,7.764555565314689,7.530888991509862,7.907482454097993,7.383455968241068,8.207925089626805,8.340225211144412,8.297928726234302,8.455970060045892,9.648280878575708,7.346269447523888,8.132960597429303,8.367319010666847,8.356044174858793,8.510362623541397,9.288099017323603,8.588386895079491,8.49391577026115,7.534818295241676,7.482973592741913,8.209193141177446,7.6308985,8.057624231971058,8.388054176305964
2022,14,2022_14_TB_SF,SF,10.0,DST,7.695052858211828,8.701733,8.329366235136277,9.394158978525793,8.571312389407174,9.050083810547456,8.309899892657207,8.525882862344588,8.296494216328389,8.202416605966082,7.706600792481655,7.821345732063087,7.989565648026572,8.048541215399087,6.94361127454633,6.835489533763105,7.208283681350803,7.035759237020897,6.535313884956558,7.237129085945923,7.909814116708793,7.204633543000916,8.846835714883754,7.362716488739068,8.528321771224523,7.683684304028595,7.672315749845361,7.833043056225086,9.1724153390061,8.574008889350551,8.446576557897298,6.944964510047982,6.959344942569487,7.785255311140959,7.553905,8.483536566530397,8.19582461834687
2022,14,2022_14_TB_SF,TB,-2.0,DST,6.277663544481226,7.1556277,7.986431244488208,9.328654657461456,7.739576957474631,8.636225219460387,6.777439137398074,7.141164734395842,6.756765549189573,6.701806354486279,7.157539099157499,7.110797250495292,7.149241210407669,7.197373902165177,7.184377944588331,7.236586063336078,7.711668751127573,7.117738969047784,7.753947869511585,7.245827577214659,8.805072146059688,8.923252521890145,8.021091270285936,7.529642354215561,6.935625356327626,6.335153162938789,6.392642781396352,6.398584877456416,8.060553158809055,6.903087741398454,6.745711374589788,6.632717788978724,7.018245617397182,7.0305343901790005,8.196846,8.399982035878331,6.615706457114607
2022,15,2022_15_ARI_DEN,ARI,11.0,DST,7.312902207273551,7.6766562,8.053615432378377,8.25804463462964,7.87865616563692,8.61614578543147,7.320268806927146,7.843425182582464,7.310388671810658,7.568543994165748,7.820094687031386,7.781896912689159,7.80339997428674,7.574744334851689,7.086048623048487,7.36465046245956,7.597026695633263,7.546333875198135,7.970940790838353,6.891804038310734,8.558080342015527,8.546725972258105,8.398721709879645,6.8115692349330335,7.036948395069861,7.356303268041746,7.39970432880994,7.444586724190439,8.072905166869225,7.643230163420852,7.55968552181263,7.546761940798062,7.592025365875429,7.7315583421296274,8.527899,9.029585041842644,7.603741934947873
2022,15,2022_15_ARI_DEN,DEN,10.0,DST,6.724543969812843,8.3392725,4.72563655201569,5.987799036760983,5.075607520790658,5.819522045916975,6.157859682542718,6.035738762364859,6.180241112012921,6.267789154192254,7.189456866019074,7.0959094595519625,7.260111319061825,7.35111279017635,7.525878890111321,7.142294463232252,7.316675831430674,7.2398314371174735,7.441842913069828,7.393766951950628,6.27898972906936,7.468475787572346,3.674698664933902,6.688501589731006,6.986604279070636,6.8655200289981675,7.006496088183493,6.854462478817514,5.545920089207791,5.988738672730961,6.130279363887313,7.643066838339438,7.78432017820638,7.378932965664335,7.406251,7.488355481345989,6.497695384469258
2022,15,2022_15_ATL_NO,ATL,4.0,DST,5.4162079620531385,5.952192,4.920210969324036,5.331416749412348,5.109101447171775,5.366977484224647,5.454215624035275,5.2013771149872685,5.460529886456188,5.283823063435284,5.187070166498164,5.163775205941519,5.153096006662443,5.240615424054421,5.189281806131788,4.871624280605402,5.491399730966624,5.413236152270319,5.359614048496219,4.791417942402282,5.6028012877283615,5.171161557087043,5.258498473203997,5.616744243483259,5.1218361703823465,5.363133153391843,5.310058344730547,5.528671398112781,4.992965962884194,5.613797472037271,5.683454496609673,5.516016367264341,5.641400435481021,5.031870130455879,5.470332,5.916423408278119,5.174603989226525
2022,15,2022_15_ATL_NO,NO,7.0,DST,7.478598249039566,8.160913,6.332792608765328,7.152075914110419,6.455977191597771,6.61504801209166,6.76386967687916,6.501492512032669,6.770816035865899,6.6115073073459705,7.404813801897204,7.14296773502343,7.30854478926321,7.279840998231739,7.6687448448943165,7.804110244086612,7.513662004120196,7.828820835900167,7.987455483027942,7.774713723047772,7.026145541622299,6.273359841455362,7.629507044243919,7.679870859617756,7.438227143902093,7.420692012403499,7.362785775767433,7.603484951147576,6.121101261735482,6.744483391311832,6.83930214142954,7.95019812061242,7.429408661774144,7.278118047456922,7.5537286,6.367134873081006,6.6520857308612165
2022,15,2022_15_BAL_CLE,BAL,7.0,DST,6.345434958650793,7.138647,5.861947745806674,6.437346353655739,5.8179791110451,5.965474550186542,6.367103814641054,6.501671127891572,6.383913810701366,6.88072835188315,6.8755405694036105,6.970089841164733,7.043375602874704,7.186712741245723,7.636473368484391,7.499005451769036,7.552793232680258,7.469707968684334,7.293095827528163,6.948398543487767,7.775923800670736,7.124542499722788,5.481259953668881,7.480588093753828,7.3374983870581,6.3611479930785615,6.37686102750633,6.464507374194398,5.6888347112319,6.316096131652707,6.471551979944975,7.32963250021194,6.98808429212447,7.256166053237548,7.0938053,6.956444152806948,6.558934273446134
2022,15,2022_15_BAL_CLE,CLE,16.0,DST,7.346685297022799,8.243008,8.150591236474927,7.8873673321365745,7.918687737978518,7.449260489764636,7.551271842368764,7.179656759131723,7.546343119240686,7.1456261191406645,7.774714221160536,7.191793816712132,7.536181321851998,7.553171604306535,7.959191565850904,7.940143336012285,8.215863094589267,7.635832255829002,7.887002176325003,8.008204354427766,8.8140349309326,7.505552432566274,7.537883577237397,7.583114676437592,7.485521302848364,7.400751789485916,7.454818281949034,7.474969052221148,7.8159977174342545,7.46190880212817,7.432037027339109,7.423821689435924,7.725863324879327,7.603564132268254,7.894873,7.331114168230247,7.786906752709679
2022,15,2022_15_CIN_TB,CIN,9.0,DST,5.897655285511489,7.2746153,6.142804714187406,5.911567616624325,6.573951627872276,6.162530998245062,6.784638135227904,6.525624827745669,6.783554575951542,6.563071340324452,6.671458036507305,6.9086279924842025,7.862041315408788,7.868649945810777,6.567501522631519,6.859376743118592,6.553590922747276,6.7594050429809815,6.759164488577855,6.586681118635648,5.1674729922962,5.6075423179071695,7.371276959044308,6.529392118692796,7.254286774346887,5.910973892727028,5.924292499942566,6.01660153518007,6.867879725194172,6.967735459054381,6.933737455391717,6.338704237394664,6.249832390689572,7.196329665116,5.304394,4.97156414730704,6.510660621821148
2022,15,2022_15_CIN_TB,TB,3.0,DST,5.0641874638778726,5.72851,5.738238801136609,6.966687084888862,5.789731642059316,6.770095533080705,5.8115622594681895,6.3867515826363,5.808947912921353,6.20074282371202,6.679404624479188,6.720141321896538,6.412118320636234,6.528961437712895,5.3826235652179975,5.724981691005015,5.535981839803251,5.937596280634553,5.993370902416651,5.869915846600517,5.996049605169295,5.989577691813416,6.536284977038624,6.71084664914012,6.115463227088167,5.142398062562828,5.220608661247782,5.172538881699061,5.796693477430726,5.705499537291047,5.6880838608788595,5.812279613477735,5.666063602812923,6.407235044983523,5.7850385,6.370187050137553,5.743504180677107
2022,15,2022_15_DAL_JAX,DAL,6.0,DST,6.6781326518151385,7.1471987,8.214550095876973,10.13968924475801,8.106069108079286,9.295649722331344,7.627001630961732,8.335526959972556,7.61374151727972,7.994273199672877,6.795702975257501,6.68082226743645,6.738983931091015,6.633764283887991,7.045541005499313,7.296439200972866,7.034061158520493,6.86015010955222,6.762425912553744,7.4561923941312624,6.659144596165173,6.954659095508293,8.24960644394189,7.058093039217208,6.980057529321258,6.66894530477378,6.659757957732423,6.793623660555631,8.309152283164195,7.519026375174649,7.426970708896596,7.070039242943704,6.482954588253262,6.978317500271681,5.886976,6.268222724247693,7.1884209345719885
2022,15,2022_15_DAL_JAX,JAX,12.0,DST,4.182307349554493,5.380221,3.2681038725327864,3.2631275600263474,3.2975713216578795,2.926887139462591,3.760620594335244,3.611472176550858,3.7727929536404656,3.937500555793123,5.122107689914331,5.315805984655064,5.394021295643491,5.360363177546161,4.1739482920662425,4.470785731837745,4.164807442647607,4.341210739652331,4.43567683819602,4.420439647927575,4.604884716886518,4.834709413442274,3.307770483480849,4.376956304499068,5.209312716041599,4.243957851707124,4.305608353859755,4.288959779768449,2.9696594614340626,3.615026200930487,3.728000471343451,4.283027383927393,4.294658882914851,5.1585559291211185,4.2867565,4.714351245249445,3.9712330674007768
2022,15,2022_15_DET_NYJ,DET,13.0,DST,6.095844709962364,6.5355244,6.221642935059473,7.359984624817692,6.263795658474833,7.0515459084299605,6.337512835359535,6.560161017710051,6.341200896759975,6.569044507169381,6.185097515825279,6.741685994618935,6.629538923815266,6.698822778202956,7.2256035946073744,7.214416093836691,7.316620496295037,7.356094310583304,7.50529459335547,7.291225298117695,7.399372577876682,6.7392710694171925,7.646717485264082,7.278778219958048,7.031009615051997,6.118264774605653,6.140684839248943,6.210569653804159,6.527920019860678,6.535770502775218,6.54042110757829,7.012068354690028,7.011961459521491,6.547490988760833,6.4562817,6.935870812037191,6.281311121229485
2022,15,2022_15_DET_NYJ,NYJ,1.0,DST,5.904561092811307,7.419013,6.806869201174377,8.99219070189292,7.082667018803323,8.756865596178605,6.682368262502247,7.32039470275446,6.665683466525334,6.68107359671824,6.34518143971993,6.550403403490001,6.523537004862332,6.351799747500819,5.743230844249821,5.278327724470544,5.472307983565056,4.856186121341387,5.714350558402837,4.874440312505338,5.450651820052372,5.397255058748814,9.602016617602146,6.691549856096772,6.701136881322559,5.982679971925483,6.06079885103966,6.023734965271983,7.155178846498822,6.746100185224982,6.609940025472078,5.651911788531911,4.952282677424861,6.546293430479754,6.3894963,5.47707057252527,6.404669678789122
2022,15,2022_15_IND_MIN,IND,23.0,DST,5.452444201233911,5.8077946,5.442214359952386,4.87307608611884,5.6758676992769255,5.083280118960447,5.725886996524687,5.449404640458648,5.715269433402875,5.4244098051700425,5.82351380578994,5.810366986199134,5.586260409661382,5.665646098128503,5.273344007486161,5.463863002354892,5.443430025535113,5.506147890610897,5.639297829213946,5.712261800036868,6.281323239528695,6.076733379637256,5.237520144996251,5.893036586084422,5.533277050363602,5.5565362320115605,5.660628262789209,5.563522466998657,5.434101017266415,5.755718209433309,5.69108691197766,5.701145044869193,5.2548380154234415,5.615293678694095,6.1198506,6.465528041407748,5.886642184757066
2022,15,2022_15_IND_MIN,MIN,4.0,DST,5.921000063522654,7.3539,5.16809934890559,5.507857967940359,5.680822153377271,5.768076853264342,6.0789686061425465,5.70910519871801,6.084979149685327,5.774875963275456,6.431065313320932,6.743675106143682,6.774093964517223,7.028313080039309,6.966418149522928,6.8998430703824605,6.593590635979064,6.428619543037652,6.468914579995109,6.256688720348823,5.556088739026391,5.841405415441963,5.537713853665976,5.648042307320687,6.638960694201215,5.984387427489441,6.047774791456229,6.039148850294595,6.131643727805524,6.005625190647592,6.012965979515007,6.815482414461806,7.109199699197989,6.804096095891117,5.860535,5.769414119533929,6.042050036184043
2022,15,2022_15_KC_HOU,HOU,5.0,DST,2.3984344159931013,3.061063,2.231092257974293,2.204568709081732,2.409581669626164,2.119349499550069,2.5471691882057126,2.4256687174048928,2.5589408338556945,2.642064941316721,3.6781937937953457,3.383284250226587,3.728012552332288,3.705440499836136,2.7650310126996187,2.6269504805620603,2.689287950670032,2.2170294306296654,2.7421274659229757,2.634634319943425,2.8768383251987277,2.7186823722482787,2.0825950604919514,3.514251463546364,3.439358571466519,2.5254780959814997,2.6525217759698982,2.4937692891588084,2.6200680331282173,2.6960738257554895,2.7915263340491725,2.7375286969980848,3.043987055520778,3.797450928377557,3.0771937,3.1192481222126642,3.119939962446299
2022,15,2022_15_KC_HOU,KC,3.0,DST,9.11375314851875,9.466356,8.282267791059516,8.598571665570335,8.692001531157526,9.537570251461394,8.95170626790898,9.685318127276254,8.947066725331126,9.464581520948668,8.943222605707843,8.747672586506829,8.85259241227465,8.963053941905699,8.040947395727823,8.536801652970421,8.51866673805833,8.884449145629999,8.688359400462632,8.838752160282787,8.400176205971746,9.07084896536936,10.831527361986456,7.985268494318051,8.9852798520324,8.891794984643532,8.669836820768314,9.25154321666194,8.63919733904391,9.092199128897304,9.056144571591705,8.686152362957763,8.393018420227685,9.038501247288147,9.182965,8.743817298243272,8.475213702152054
2022,15,2022_15_LA_GB,GB,11.0,DST,9.007938314268577,9.457805,8.428573163122898,8.479025189517696,8.608732314645858,8.826657745551076,8.369526843333531,8.548366153217945,8.357078376032216,8.226120831578509,8.668289281018348,8.272909841478079,8.344664271609023,8.356274057927576,7.646555034412521,8.040642110923544,7.582665877774311,7.84707502895489,8.23263673428649,7.682594515668871,8.855440730434417,9.082508588615012,7.084902395945239,8.45225834457448,8.217756749070519,8.917336865939912,8.82673541761125,9.152024141514403,8.698351194224104,8.422395279878398,8.351177413591564,7.992785360392841,8.009277810838034,8.483685341380168,9.0297365,8.19239176517289,8.123176318801923
2022,15,2022_15_LA_GB,LA,7.0,DST,4.933311684024952,5.9238496,4.452480475841627,3.706582830313378,4.4703252318298,4.129454758287439,4.720830922199442,4.649666885908784,4.728420905094223,4.874644756888193,4.834752388546213,4.859095624202881,5.077207110666574,4.967300357047665,4.709382462017505,5.057066005009371,5.061104897384047,5.349693479202534,4.976936070769819,5.363589577191817,4.672421466053255,4.610693586866948,3.1083709808772366,4.664569472601489,4.637795340637288,5.023309515738789,5.113307347452626,5.04549039277649,3.8489666866982097,4.3599534557643,4.472653346299756,4.819702452568441,4.6321520135956264,4.885583983672819,4.209462,4.092929884554598,4.973140822954043
2022,15,2022_15_MIA_BUF,BUF,1.0,DST,8.405563012761021,8.523374,9.866435781067452,10.346455074875388,9.401836687330896,9.596068190222947,8.283282950756172,8.462090734621167,8.263450560988145,8.04444813234428,8.037132585520158,8.174943545340295,8.07101853698127,7.958155311178736,7.756246215850178,7.850103073914543,7.653996273891909,8.037090928250063,8.474984596724047,8.315652627910787,7.748505660099518,7.599578351404588,9.220898401282218,8.054893618561586,8.226184954602166,8.26390784934813,8.122252685935237,8.534112217630812,8.854430826201515,8.139486731966533,8.03978242639603,8.226321309001534,8.130671019957429,7.856163888996793,8.488727,8.830807398180262,7.7205628399408806
2022,15,2022_15_MIA_BUF,MIA,3.0,DST,5.27726347190344,5.4311633,6.230204917770333,7.389875758905319,5.992047092540577,6.7056333922782505,5.570232678119294,5.768835592824656,5.565237630427422,5.544094762859589,4.3030422170901454,4.468831418562388,4.332884214535525,4.526967999320006,4.93156847114289,5.207635141024001,5.223342660496225,5.444086224938659,5.5151975547926,5.621323849018269,5.093328353240164,5.611378212326377,7.328588072993437,4.883167112332643,4.480271955365424,5.302531142709664,5.327798813515887,5.38560528351583,6.503121896473438,5.583229435966782,5.500574301258942,5.385307140169809,5.574257935259246,4.5024572083509495,5.1223307,5.127727997046555,5.254787280933666
2022,15,2022_15_NE_LV,LV,5.0,DST,6.036627588269363,7.0395722,5.805609355131813,5.307272750340342,5.9453138704298505,6.010349913491095,5.90346441147048,6.158959551104865,5.905438229560414,6.177343914418336,6.453855566822576,6.776502092035918,6.943006843674907,7.267157851582425,6.976887397083593,7.238157803492649,6.809021488768376,7.146545221423541,6.66806936632603,7.249977065045485,5.6208444640007365,5.795796061313993,6.34601023568499,6.668268734743227,6.583605256139512,6.0796608947287245,6.122694201188087,6.153650229127539,5.374726793983632,5.810147254032418,5.841569298335898,7.1048737894299805,6.972471209351069,6.988881760492242,6.213384,6.0998420510139795,6.0112165484802915
2022,15,2022_15_NE_LV,NE,10.0,DST,6.12513566701175,6.597828,6.541352097718508,8.646646461620652,6.839721787889138,8.317030480765514,6.84557461526661,7.273156710571691,6.844302424510934,6.973611334371451,6.994576294943384,6.799137966087107,7.159025829040302,6.97651498553417,7.477750304116737,7.000330383556185,7.017873080823573,6.888674896357459,7.559860804065165,7.210158786201728,6.492915132140853,5.820581309969963,9.38398439296284,7.103010772685097,7.480959342232536,5.997672117992571,5.870208568973391,6.237076732947991,6.954743889362542,7.023909259177763,7.001960560082988,7.44933478706184,7.502365905962389,7.247755473545322,6.4365983,5.502313666520584,6.480551345161837
2022,15,2022_15_NYG_WAS,NYG,11.0,DST,5.924459501303779,6.538334,6.359962145526533,5.431727702645464,6.140524109770194,5.541805869192835,5.952084391534938,5.536274537292604,5.9495530444398765,5.537017054387404,6.098119725720626,6.143377965451426,6.133383494645203,6.181854529581213,6.349306003700506,5.897587720420404,7.189655676840606,6.300600697398623,6.555275206997852,6.299095784161679,6.560518065896697,6.264972413190741,5.657607271606285,6.393967319150944,6.151242072500522,6.0303885200611225,6.136317538818466,6.04282330504555,5.952266263259984,5.953930037796925,5.959392882541697,6.412261093777898,6.39646285848875,5.957105038219035,5.9401965,5.505435966427067,6.2383335927743655
2022,15,2022_15_NYG_WAS,WAS,1.0,DST,8.157109433061617,8.526184,8.375680818995697,9.836149814557643,8.334172845532066,9.759428553663094,8.38926631431213,9.142560229822804,8.385707915327412,8.806319044643233,8.417929124239409,8.097418538074441,8.19359994233857,8.165202452638242,7.826302281704495,8.170455308594802,7.775468718506965,8.182946703277167,8.046724506477336,8.08657565380037,7.403761678109021,7.569994974249938,9.8182828272394,8.43439241195685,8.548490989424144,8.234837611522806,8.312565789983996,8.292016922712738,9.104131906007758,8.678959182056262,8.607096926637357,7.764821019260226,7.601780130135206,8.140626578527618,7.683444,7.211096764919135,8.87651321701208
2022,15,2022_15_PHI_CHI,CHI,7.0,DST,3.522563005496103,4.4655805,3.7368958151253087,5.804793484532159,3.816608033832356,5.3269450699552365,3.7328146862090255,4.361377982552284,3.731231488145393,4.094270288124696,3.1061508548918075,3.3385080608003417,3.290174931580009,3.5897456713315736,4.4322251607664125,4.498245760229104,4.370834900360368,4.5717792842807885,3.499155348597741,4.319340485570742,3.679909390858383,3.8359156251326114,5.017694003557249,3.5825066134164008,3.445573405974357,3.7299785190416954,3.9373940325872883,3.626268878556874,3.868546215194831,3.7679916369889486,3.7374906528197367,3.7952172335332763,3.7062450410983394,3.2577872724057073,3.6590612,3.011941906096727,4.502791116420896
2022,15,2022_15_PHI_CHI,PHI,9.0,DST,7.920881210678979,8.2204075,7.427509944900244,6.087283136664932,7.31568644566501,6.604983781523641,7.844286361336532,7.666566290513827,7.858600965691755,8.010886887966475,8.031894510148069,7.184017830445516,7.756395609639238,7.119135168974729,5.986119874256598,6.514302267061964,7.1307360232741965,6.456096102183743,6.551530463234674,6.712972092165554,8.369497558372109,6.857846908914508,6.736994579753118,6.8064551310652925,7.09703717710197,7.768501394616882,7.616121578554785,8.041090139040104,6.762104355030311,7.541740307740589,7.679011115946378,6.183646524948096,5.951835172884101,7.7937823086032605,7.3447046,7.004541175685019,7.789099671533841
2022,15,2022_15_PIT_CAR,CAR,1.0,DST,7.931571787963117,8.718714,7.377327801913786,7.280965282497145,7.98600222563711,7.9345719352011,8.004917107416144,8.057790601854876,7.995393658948503,7.786969185748029,7.205668964095116,7.169358588593929,7.413001282964827,7.313473992423535,7.5997185339225615,7.529104089061529,7.620749447718543,7.733795128652074,7.637661689475741,7.356920983051237,7.521363401545384,7.029077047418967,8.348915011156594,7.056295885997098,7.380113611926442,7.936873422968321,7.942175057973525,8.0691081213626,7.899662251078943,7.901161891067719,7.838107434971161,7.635436451451044,8.27382823563179,7.496997997212904,7.7916074,7.248010779735762,7.877368734552182
2022,15,2022_15_PIT_CAR,PIT,5.0,DST,7.080854771975016,7.6143527,8.78143716698022,11.660252835884082,8.498763970446316,10.477726781648473,7.722124775348015,8.365958722234932,7.703634068590791,7.846077929845766,7.958605713883515,8.120215306960427,7.791439068088049,7.706213733632619,7.550683788815645,7.749002531474684,7.559319138040768,8.033277290456388,8.130450617038523,8.20660515293284,8.014362740456436,8.407025772049813,9.930645002351888,7.763145398669884,7.6049680949439695,7.0927316443091435,7.104608516643271,7.210195715969518,8.882913955219683,7.8745115388777,7.735970785418051,7.627429146988202,7.748860113418881,7.940268035563332,9.003246,8.638523267061212,7.2527508959409195
2022,15,2022_15_SF_SEA,SEA,1.0,DST,5.15615720324252,6.473221,4.623596049453209,5.472382243334057,4.724851092755092,5.30756442569443,4.519903076816917,4.600471776924719,4.518111016535412,4.459546165777184,5.772906537764427,5.78251479565819,5.987868029910166,5.91253206265145,6.2857028483117015,6.070588513622603,5.882773193949834,5.656143410030348,6.025540502054335,5.669027957992824,5.825822846400591,6.234955938320251,3.6364065551738114,6.170750567239917,5.999820939198338,5.210424743527533,5.264692283812545,5.270459297577879,5.32175337541657,4.711738804243847,4.675651229797922,5.893873421100102,5.4365135782316925,6.012301917683388,5.3822036,5.175363399047396,4.831493263590763
2022,15,2022_15_SF_SEA,SF,9.0,DST,7.102076304685987,7.798454,4.989215148613817,6.433063684929341,5.495571196291574,5.870507574932232,6.39634371341745,6.376216306326478,6.408682516585558,6.578391923000044,7.414925546473674,7.420344647066387,7.71835508137514,7.673639821050063,8.241417157636366,7.6901936494855345,7.866255614542412,7.682303997863095,7.524572593655428,6.979049208103199,8.818504111181975,7.952281004247839,5.261348793657302,7.804690612955274,7.94206102522104,7.046497259445696,6.990918214205403,7.225022413806695,5.699042354765166,6.481022855365373,6.5608172990097815,8.202910410344307,8.534868526972533,7.544073867732909,8.17868,8.867991270534386,6.462033100551024
2022,15,2022_15_TEN_LAC,LAC,7.0,DST,6.867058596137635,7.2434635,7.67898458114017,7.127655540494065,7.874386695314281,7.426139521009606,7.521949547334185,7.426412082546499,7.509113896656604,7.310860496058933,6.482335784375359,6.66697165223777,7.021443374924817,6.9918653276091165,6.978863802140629,6.920557334307591,6.7869601975899245,6.759979967997847,6.5368815638523765,7.075100805305858,6.197957245773257,5.5551601501701535,6.446030695517108,6.5193945667835,6.551353302350063,6.844400445348248,6.821742294558862,6.9866488453931295,7.18836300085407,7.514941849220706,7.4711188376672935,6.378713057103779,6.379108334559531,6.72824126044403,5.8312173,5.980108715347112,7.21173676060718
2022,15,2022_15_TEN_LAC,TEN,8.0,DST,4.489192646784828,5.9182305,5.524393164121656,5.359450165793914,5.522155149116504,5.414743204627232,5.183853818334311,4.930505774950795,5.174780649605035,4.719366833740041,5.851823329403999,5.468964342469166,5.707688083976197,5.605107654199797,5.241945027436997,5.108571824348591,5.591835035656055,5.364579383282138,5.733623359754635,5.645116974606566,5.441634927211433,5.246490211723804,3.618902968336639,5.565082318394594,5.654921733448144,4.6863019635154,4.883411280245972,4.598593207846276,6.220876302999488,5.312593629599434,5.177283195852638,5.117692581977246,5.13072636261739,5.533576310183896,5.431419,5.41775640381709,5.2924420481454675
2022,16,2022_16_ATL_BAL,ATL,3.0,DST,5.596277177896854,6.9687166,4.432507563158804,4.969899894069523,4.3203785964331765,4.4071135945493936,4.818815619295647,4.38363136746218,4.843317888518245,4.812208266433417,5.9310423115246005,5.898231288249796,6.483163171522236,6.403151602982979,6.354745738590188,5.790263389667789,6.34240736663718,5.523980962436103,5.37566936362131,5.874553099158844,6.875165451919831,6.483702387697171,4.759215606821979,4.395592354080077,5.367650275294166,5.688726458071245,5.781175738245635,5.715834048455857,4.111801440668199,4.787079077478559,4.994594766639251,6.35751213048069,6.5521257904344115,5.998480201982359,7.3729897,7.285173710176963,5.373670128612201
2022,16,2022_16_ATL_BAL,BAL,8.0,DST,9.202700095669396,9.840055,8.487947686524292,10.626787020152806,8.302585748901635,9.501489258142731,7.991654450637368,8.634758133593262,7.987957738292223,8.437802544440206,8.060890811644594,7.953278001371949,8.016607348147332,8.197371065794606,7.270741032704828,7.540997257401185,7.823349638106747,7.905243427472184,7.615530541385137,8.02118083124522,7.509574738071851,7.9611008757907165,10.537426619906933,8.49257021902468,8.326598814431847,9.147744109051155,9.092788122432912,9.350495256937576,7.923307907331358,7.911267887802726,7.934278770803863,7.653805965933429,7.40837365221177,7.903752139113575,8.27617,7.895661701368746,8.159614271667706
2022,16,2022_16_BUF_CHI,BUF,10.0,DST,9.071960916219314,9.378521,8.67197101177414,8.964738288122408,8.724283518673934,8.891161294588441,8.675053629255057,8.942166615180355,8.670706528307795,8.80388648224346,8.053909908858998,8.206803273895463,8.212540687380141,8.01063604157831,8.108121764379929,8.388688675997496,8.74346429971601,8.49919612573253,8.308426704775085,8.343047709752435,8.383132356733046,8.303544634131601,8.61915446536657,8.177163084628498,7.856229529431424,8.993573846840173,8.915186777461031,9.210266221614518,8.094842550585144,8.276812627583235,8.27421235093284,8.22587335004251,7.502456521113496,7.940377407522019,8.0153265,7.605906126688065,8.51992709852864
2022,16,2022_16_BUF_CHI,CHI,3.0,DST,5.237470290470301,5.8445654,7.5820514353379584,8.241345744476726,7.324608655254242,7.830677933906964,6.201626326918206,6.587962327890955,6.173958827536728,5.937479454531898,4.7185655039752055,4.770663869874206,4.881255234726691,4.930780672061954,5.249712010664691,5.998775408860934,5.528633356474414,5.897686619815636,5.588930561291578,5.576185385022654,5.401571302948096,5.819211664172972,7.639378170672927,4.48922207545818,4.536291442847565,5.276498752097167,5.3155272137240335,5.350009820135049,7.936803703513948,6.439492715167894,6.194374408615411,5.642773113060028,5.759119501193252,5.035845459918571,5.5717206,5.899480084455653,5.965785687999314
2022,16,2022_16_CIN_NE,CIN,10.0,DST,6.932060053555869,7.9570227,6.587711954615108,6.532789926199226,6.427860932239204,6.25494133947455,6.192918181936825,6.292528190633705,6.193617276132682,6.343881521657349,7.642460488895381,8.111222431046498,7.780972999547295,7.865142959862287,6.983824682401696,7.212611756316887,6.928948388837469,7.1636175246978,7.45306808717481,7.101345294493582,6.722313883745232,7.200735910356795,7.097079891543091,6.516975548818635,7.5271706998304895,6.907172760395193,6.882285467234517,7.05724732281608,6.06650029158785,6.113211798220552,6.152410646130599,7.391729184852931,7.166728773435585,7.993310299008338,7.4508996,7.609458872984956,6.050829435604385
2022,16,2022_16_CIN_NE,NE,14.0,DST,6.21394588337976,6.631789,5.060692577558704,7.370408524974697,5.689617422500983,7.314867579944041,6.169056712041518,6.759202994860731,6.172902764504922,6.567515064558967,6.677714584769014,6.624733539654474,6.616184723628619,6.864466497434667,7.374819975078012,7.325963798335871,7.298630714963533,7.353762472622805,7.299299278609787,7.277998613114825,7.186970386850535,7.568465799889084,8.038750672945078,7.041579737791274,6.920925985512861,6.268165647132381,6.322385410885002,6.330073190251097,5.64499525309067,6.074487896888292,6.095236312962415,7.50069635839247,7.532246150255803,6.7982624927425315,7.8323627,7.844233242229623,5.935099760868629
2022,16,2022_16_DEN_LA,DEN,-4.0,DST,8.533505505576473,8.829149,8.028526390480181,7.515654527734017,8.329133005087602,7.869356473424441,8.247825820973706,7.557134779294658,8.23957241993608,7.501962401035692,7.821061989427961,7.920969240747284,8.073957668401803,7.770168377045509,8.055117015699887,7.987186860907529,8.339737015789012,7.710767894668531,8.223331499482908,8.167876638742682,7.220311253391603,7.474052960109588,4.567263516375858,7.4378764680172065,7.533115929335528,8.463093017347603,8.392680529118735,8.673909928376553,8.701209035205096,8.276819329850646,8.22469637321274,8.407947873842403,8.394705431494401,8.281900310571007,8.310077,7.893036848666725,7.896883190672126
2022,16,2022_16_DEN_LA,LA,21.0,DST,7.315296075062401,7.5039167,6.55050251791785,6.188954419185311,6.565051614425661,6.420029263345313,6.688122470512671,6.359784120066533,6.692881239515701,6.430546191960414,7.532343159693749,7.404643768985747,7.264116796960637,7.077935940514717,7.090764691367327,6.827851383917202,7.118241279205094,7.088101240182019,7.334638604233048,6.581342340451354,7.467778250615273,7.455328981089747,5.442801322141902,6.878358339705598,6.737103710919689,7.422753581099504,7.530211087136606,7.445002097140277,6.248467173219597,6.475315855425186,6.5414561873729795,7.2209716050603046,7.479804401649012,7.5991425012101095,7.6119957,6.952224267236352,7.109877545926286
2022,16,2022_16_DET_CAR,CAR,4.0,DST,5.145459234811902,6.5043726,6.918801575289059,10.023333980801493,6.830000460321096,9.138057973048776,6.193463196457229,7.045326584993517,6.177726681238935,6.327893196384607,6.61258313106337,6.50346012751386,6.95068692889161,6.971155108239658,6.859413040083274,6.755123458677175,6.812687083284648,6.6498500591238665,6.920388555757339,6.525539599469353,6.86629887372106,6.8795207657119,9.39921635961424,6.57211539946436,6.767122106303402,5.230823244506631,5.316187254201361,5.258914460184465,7.190472030927041,6.46914391148491,6.338789919100712,7.033165241040931,6.8650529881161955,6.92487967765683,6.692162,7.372161093804815,6.104423558864756
2022,16,2022_16_DET_CAR,DET,-4.0,DST,7.423616830661798,7.608733,7.913561769109212,9.451007357900828,7.809301240338093,9.256337740363238,7.674893361162372,8.355988155161336,7.668495058962283,8.004977412021365,8.05836763674205,8.662508225778351,7.619710810765243,8.086086074516025,7.584195756043909,8.101187909038758,8.134232006480618,8.521772693323854,7.868345745407124,8.342669160209251,8.257426184724963,7.9814626953741294,8.88466758041836,7.855376665437101,7.687322418648842,7.384349917370741,7.345083004079685,7.547919634963672,7.71338027347632,7.638805533295934,7.614572495257589,7.947102966146703,8.011967470947104,8.072746877266592,8.111463,8.955987149558016,7.394705093570707
2022,16,2022_16_GB_MIA,GB,11.0,DST,5.727706588264745,5.4113727,7.540661079971713,7.710789283508487,7.450178266946432,7.469807649683428,6.650053041084068,6.807465449319565,6.636695640960467,6.655481057331906,6.292200010329196,6.326869477949507,6.040161111046372,6.070394346934597,5.348111335301345,5.782667828238644,5.969735408417956,6.173647609310717,5.775624987248002,5.99062873062776,6.004362392431265,6.472941179425354,6.564991070467964,6.111120978728014,6.099086378659994,5.644408361409034,5.561110134553323,5.834211920828298,6.558009951537478,6.527383448240992,6.505945948756058,5.972887053965574,6.068817226010518,6.171177899808265,6.2110806,6.709678494539896,6.413004689666435
2022,16,2022_16_GB_MIA,MIA,4.0,DST,5.893062385250126,6.957478,5.8328784359317165,5.950335749275228,5.887458888221976,5.950475970464247,6.175833375318844,5.963062378392238,6.179396259777247,5.94508103733564,6.495218085521006,6.36242080573866,6.178579918255297,6.449737030298801,7.5194565513453,7.134792935937037,7.614191173148723,7.223463363812991,7.239319467755115,7.336964454081864,8.348128987305776,7.124412173580086,5.933540639000459,6.248263533952109,6.194857720417911,5.954608967966515,6.016155550682905,6.006518117920846,5.738525864141215,6.063841225376835,6.077198595119562,7.642458547455435,7.702672575334276,6.162730712714323,7.0139394,7.943279115810553,6.321506625350054
2022,16,2022_16_HOU_TEN,HOU,11.0,DST,7.998951318436337,7.900338,8.900147291161364,8.757567991079622,8.561207683847663,8.524102524409216,7.815826537385909,7.848937336437228,7.8021395299110035,7.512403764660221,7.861974244603386,7.830972997055326,7.337798627278422,7.163054518838107,7.490519256963742,7.324006786330276,7.53007027247593,7.57280183850249,7.974698708454566,7.189414211237651,8.201501207100875,7.606406555890467,8.135038540578702,7.365330431638746,6.979567061591153,8.020242504284868,8.041533690133399,8.1339253896351,7.598573415294473,7.5611577114919415,7.528294536891262,7.523820041371084,7.314658953568241,7.4940840492920175,8.13787,8.013985687948853,7.907654870351482
2022,16,2022_16_HOU_TEN,TEN,4.0,DST,8.780996230156404,9.225571,7.198699403781117,8.261311857922733,7.706868163711952,8.606013271349664,8.098260992528445,8.358848422803948,8.096651670175936,8.04873855353638,7.943367716487819,7.68019837252881,8.111820181404015,7.840658775286931,8.241131099528033,7.781462190385897,8.464732587678023,8.474476958806523,8.539856607370734,7.79724386750061,9.971821843189328,9.056043138688246,8.853382879320872,7.784681222506212,7.634272587898947,8.648629245575057,8.516262260993708,8.928840969374304,8.40465080543203,8.290377242139927,8.233445746397727,8.818947456111,8.982864527006026,8.192568467408082,9.309419,10.1180668320436,7.747178344541476
2022,16,2022_16_JAX_NYJ,JAX,14.0,DST,7.244683452863543,7.6143527,7.0910176588085925,6.117851365944237,7.035031571153168,6.25167192380961,6.891204448555021,6.498292354939841,6.888875471379536,6.597567112821265,7.196092381319921,7.501953837164248,6.982874466874834,7.0333347612378425,6.977962651770096,7.03303906157569,7.14641595243962,7.299007244495666,7.880670386488935,7.064021131290291,7.608229597340611,7.536942361515512,5.880956947549771,7.428535630949224,7.191577136397384,7.197682369536656,7.150681286209768,7.373247516961653,7.042904196868984,7.011273114997202,6.9878957454924295,6.8214625494219145,7.076576051221626,7.444387160630169,7.7502894,8.033560827033186,6.971044845149119
2022,16,2022_16_JAX_NYJ,NYJ,4.0,DST,7.204311186784516,8.718714,6.859804834238444,8.53550487743204,6.79750230877268,8.03885057105422,6.453114035428877,7.010244474818423,6.445930049422465,6.656291549147116,6.796156570366465,6.86225294231976,6.742663463094698,6.630106155688436,6.578134677223583,6.710882304556168,6.392789967628872,6.257058888845871,6.194277048190326,6.497647921065068,6.925237228140829,6.221601721500527,8.432076399009299,6.632216217454856,6.999853445993325,7.205928669138815,7.207546151493113,7.338543856869557,7.131269187879584,6.473238806007872,6.395578122643389,6.459901846399772,5.931139752991073,6.557278558518899,6.7036405,5.715337073403472,6.3985427989416905
2022,16,2022_16_LAC_IND,IND,9.0,DST,5.289815538342101,6.124932,5.269197742744693,4.100486930532545,5.4387933113026286,5.354801157039294,5.619874929993649,5.996682576133956,5.621152405647536,5.922979563060653,5.627636884464256,5.503463716296783,5.810817353743539,5.719286683175512,5.672674824709402,6.063113659069469,6.294925193932123,6.197357616117154,6.232421396640463,6.850429776548498,6.328731062338927,6.3324225237367004,3.883328955927817,6.136110649149195,5.798200673306169,5.453302731443993,5.616789924545886,5.401832564231198,5.035087496992995,5.5246532923265494,5.526459323877236,6.058799358349809,5.546878258273553,5.456739261555118,6.3761325,6.563297182809609,5.768858386247932
2022,16,2022_16_LAC_IND,LAC,20.0,DST,6.562065733390397,7.6710367,6.355961693031287,5.61141006475755,6.900329557109506,6.311570249651487,6.830524518883013,6.6428299200670775,6.822313094277641,6.642310429942398,7.033108143110556,7.31741798416472,7.174674173874834,7.15136897375649,6.626898443514231,7.270596970255524,6.674712619563245,6.7816937748546815,6.658624346492372,6.773897457993772,5.741527543428354,6.158865928952616,6.5666402785796185,8.164719559697797,6.908642796580318,6.5990630119100375,6.636060290429679,6.6831357104645015,6.939865934821582,6.930253048910298,6.883105280425035,6.839218204049297,7.353351446009288,7.097260419339747,6.6745095,5.653141033032432,6.70697737005278
2022,16,2022_16_LV_PIT,LV,6.0,DST,6.118000054023836,7.2972155,6.352008085085194,7.382782376755315,6.454973941033381,7.272234665381468,6.534116363126686,7.0488849585916125,6.532360547479579,6.798758780825056,7.033235197417401,7.0171331771167935,6.984571429927655,7.031965125035681,6.743053246352965,7.0322030580303325,7.014195416114973,7.21271783485955,7.376423012690733,7.156380234556375,6.94364961876745,6.769982801124243,8.897771176618933,7.248200005053285,6.97576340515495,6.215307308679828,6.312614563335819,6.2423363830324785,6.425519491357733,6.584293920040294,6.568284890902025,7.0267793910892165,7.221029733225163,6.863420486758655,7.9045296,7.160986731154598,6.768749395663919
2022,16,2022_16_LV_PIT,PIT,13.0,DST,8.020172203306531,8.401577,9.541630032838883,12.604488311685216,9.220274355144758,11.27462285751612,8.211554319270062,9.123568173924038,8.18928152077717,8.504933982104252,8.128341349308986,8.228948407460123,8.18032727853026,7.86318271351827,7.63956750957348,7.995726547134177,8.130112187287914,8.265672674024463,8.053793803332875,8.05404002303635,7.908375169240891,8.226243049609378,11.43214451702767,8.468065409674978,7.795983384823974,7.838479360435978,7.656786517565425,8.151176727705757,9.826691107275588,8.56872838703024,8.362470455846807,8.031807397381694,7.85080864682134,7.995031694108056,8.421726,8.014571729887628,7.941122926052104
2022,16,2022_16_NO_CLE,CLE,3.0,DST,9.449406001027032,9.542708,10.107871489681289,9.58071756239644,10.2645445641184,9.982763763907474,9.710077927400498,9.647222671071145,9.685676289065206,9.20869099624609,8.690698056941534,8.978048728269453,8.535159974998821,8.599533619727953,8.323268116497928,8.40367840173434,8.907083687718721,8.740868163507608,8.832198816015202,7.915600296682112,9.22152409000338,8.871391290110868,8.897708782303186,9.258066790706511,8.661842992301512,9.343664955405874,9.237923909784715,9.599664337033525,9.788417686152952,9.643277840851978,9.490992183286917,7.97807046537365,8.100882285925895,8.330876917128784,9.233052,8.051540892957167,9.388753849002624
2022,16,2022_16_NO_CLE,NO,8.0,DST,7.363046340500425,8.217475,6.3716009736215415,5.752736894830727,6.369847562822066,5.675115010298122,6.801608287779959,6.160585663858073,6.813542228716345,6.50221253621462,7.550262058329672,6.908521565892979,7.481168509385665,7.107062420904913,7.903280305217844,7.4333347048986145,7.875210652562981,7.600517073531987,8.280821631074705,7.306532027939741,8.74861816406098,7.546183120456782,5.725875688780114,6.986341627632803,7.288893676856624,7.428915993896679,7.494785647292933,7.496989169535789,6.416847157331628,6.742086647243263,6.834024335317939,7.662854200525878,7.61947666835597,7.416170444346133,7.9883966,7.242836214680548,7.192568912591892
2022,16,2022_16_NYG_MIN,MIN,9.0,DST,6.437566967426457,7.336919,8.19041315085003,10.37493339501488,7.942043861922108,9.439811848375664,7.041851206138551,7.593337402830995,7.023154420455049,6.985224755055007,6.8564165373040895,7.670510641995363,6.9840363373087815,7.036738703919552,7.367407946616878,7.405419814863575,6.987513680147901,7.499925603089525,6.942338490383155,7.222575928076396,6.667284923427022,7.000273924571597,9.9074078382136,7.184081358189578,7.335100399255883,6.541619528035028,6.645672088643599,6.557402402318629,8.63894921548621,7.0665520064134135,6.887134793117682,7.0092952927509575,6.492578227362195,7.076931728696906,6.074148,6.19999076338753,6.564875340355271
2022,16,2022_16_NYG_MIN,NYG,4.0,DST,5.10806230632766,5.349069,3.862401995103544,3.453474294144286,4.420167295441026,4.017156617859266,4.932005533298811,4.340456771272041,4.935727339397334,4.539554209971057,5.110258880210368,4.895619178779917,4.827203529156666,4.74639031989628,4.270006701038394,4.346260740747203,4.92107671466035,4.489476366330404,4.617625238619324,4.745385112292706,4.851622702702901,4.899398006247762,3.7595042389495146,4.82022339725063,4.797389257623052,5.1791964602801475,5.250330614232635,5.2153535967038716,4.281579647049471,4.752482313650484,4.783037947248932,4.770729431083295,4.812086131425136,4.748291153941034,5.0027456,5.322204061701762,4.886368806643905
2022,16,2022_16_PHI_DAL,DAL,7.0,DST,6.126410852504175,7.226483,5.475355976267542,6.625153407070032,5.678720639317108,6.259192159313718,5.842375097090243,5.978672544684429,5.840360992621923,5.790298475585305,5.556942149256889,5.366831666785124,5.930135453684834,5.674246665142898,7.037641514361467,6.748904242824611,6.506014147696092,6.186887414630519,6.506102703484218,6.039456196405564,5.085435325054229,6.085528758786378,4.6168973248571294,6.548271973724637,5.402875159134678,6.211316437789605,6.2962220230750345,6.24109346926175,5.4699876178017774,5.520501165104175,5.507399868736957,6.842072395840642,6.476055344303355,5.7577503075320635,5.9005284,5.728037719248714,5.655911074395235
2022,16,2022_16_PHI_DAL,PHI,10.0,DST,4.9436446752369205,5.459505,4.384219265109556,5.071750508860564,4.702538514333343,4.929304753935569,4.963261496991768,5.137104427257981,4.966478887997324,5.286500502898485,5.114064599122982,5.190898146407402,5.079752794105318,5.203797251133851,4.320852293471056,4.342008328239414,4.70899021470996,4.617718872643134,5.14522870156838,5.41576285252124,4.896962899445452,4.951655052409775,4.927307580003065,5.33483217630557,5.498698876305977,4.960873677259916,4.978102679282912,5.050866443143679,4.4306020612539765,4.872275495909696,4.9207780744550815,4.406142604271764,4.962059284853951,5.076781737093891,5.9701757,5.132428217806905,4.9187578037784006
2022,16,2022_16_SEA_KC,KC,8.0,DST,7.764100708228229,8.265731,6.349997275443751,7.1149543733630205,6.518003318711262,7.247630216421304,6.963897009340012,7.581985370123989,6.970969176696633,7.578583417996006,8.062149755385205,8.15967800424319,7.861706715399818,7.811296606937003,7.582272692271575,8.382011637055662,7.424244533816035,7.73155973551102,7.942937154469181,8.49039145466062,8.773869482320574,8.891053571256318,8.031018221610772,8.04284819375578,8.265248539371411,7.725671715226916,7.687242722225603,7.888505756329865,6.711459825914391,7.179939115050936,7.206936778579275,8.009535230363458,7.906518981178138,7.760313051378466,8.877971,9.12350765103384,7.20586826371058
2022,16,2022_16_SEA_KC,SEA,1.0,DST,2.833368315142897,3.6274145,3.623828985663042,5.099988146538525,3.468419889541545,4.493742555066136,3.1725873947291263,3.709414340925603,3.1782411538372317,3.632818803478354,4.154371008158115,3.7900626268925968,4.148957161183096,3.997342742439845,3.640126147986997,3.257743941663686,3.5672638045602363,3.7627361492876377,3.841021190625396,3.616251769675132,5.29725796748907,3.999449383752907,3.368427381930506,3.4981550580121485,4.126052033520041,2.9803318360492708,3.127295356955644,2.9311474667202546,4.016497335096284,3.5081564915421137,3.5234617541268167,3.666629533007168,3.9240955554944366,4.253220029163316,4.135093,5.9941629376024315,4.001630650308663
2022,16,2022_16_TB_ARI,ARI,5.0,DST,4.3936434450384585,5.717149,2.21873291827948,1.2669418172077629,3.367844381737581,3.11387100459582,4.495354746563152,4.632354739375277,4.513661531539298,4.9496632190815735,4.920396389628393,4.8813256996360765,5.281696014174715,5.140549801355867,4.317931481120764,4.567709772943376,3.7919186878604014,4.79360126300899,4.343001330619551,5.155771614774542,3.7822480603682886,4.795737205627607,3.922074690263003,4.532807101674279,4.692259005932569,4.492249531184307,4.590855617330155,4.504443112306285,4.20225006265039,4.920535884826513,4.993498648657843,4.459430952799501,4.102651371137787,4.946713470936689,4.572154,4.84910500211753,5.284322313197743
2022,16,2022_16_TB_ARI,TB,8.0,DST,7.653597473423747,9.030231,7.1289583390064655,7.7270669481330945,7.358928091675848,7.9303190444768035,7.436311210937519,7.67020840186415,7.432666243390298,7.509669064308377,8.36822465381835,8.007534730561282,8.223114714888803,8.078311860717966,7.663461470363655,8.237436430303148,7.859032116873093,7.909134498940935,8.208114088435332,7.402669686734223,7.505917357696407,7.632906018523997,7.112398904819694,8.445762091120812,8.246431212861392,7.6779481217122685,7.70229877000079,7.789254487124162,7.633242392086886,7.287442014731963,7.236067884224853,7.806388306605175,7.475747201200414,7.930565911520292,7.6646023,7.304984990437483,7.417278365855471
2022,16,2022_16_WAS_SF,SF,7.0,DST,8.529280342690608,9.443634,7.468267029775892,9.291161769759734,7.701198340115527,8.789616182919243,8.057129455415598,8.5232830146191,8.063726522367295,8.3981105778781,8.629208711074094,8.375972965337057,8.842383284351499,8.740178456658494,8.49062302891932,8.173416710166027,9.198390604256764,8.728212752653068,8.862240975681155,8.832429852205317,8.916739581658819,9.21617624609652,8.602988941158738,8.891382442722781,9.164695196697004,8.533410434712073,8.537540526733535,8.670759935772601,7.8790993092499875,8.178135523238195,8.236858615474674,8.330810784301606,8.345894032671966,8.783514956416324,8.253151,9.041791493755806,8.319021620295883
2022,16,2022_16_WAS_SF,WAS,1.0,DST,5.426551691438886,6.572295,7.323252745905314,7.4489057216201875,6.994683458989502,7.48489644554629,6.118591483019553,6.5517711621300805,6.100039242843198,6.119398402789417,5.270797991721889,5.632626219911461,5.64130503403564,5.574215972946176,5.5741469423674666,5.448118188881892,5.086749167984112,5.985830878871553,5.487131575170469,5.13406717522537,5.186375340392562,6.095772565041899,6.514913898338948,5.5034617522467935,5.220126238133429,5.487400778543614,5.548249865648341,5.5448459299658674,7.6355071942996435,6.457834748712949,6.307331670799797,5.299220441366327,4.864355999286124,5.649053283071415,4.9206457,4.989477953940638,6.124523083328714
2022,17,2022_17_ARI_ATL,ARI,4.0,DST,5.421602811893543,5.906869,5.232999187050663,4.640810171480268,5.092675436565767,4.816266558849264,5.328456601686679,5.341831315971398,5.337439686806215,5.622881964606284,5.568286166867893,5.322417158216992,5.325253234264557,5.14874210331481,5.578965032302309,5.561238826106696,5.6542512501183175,5.733433943710349,5.941315164675503,6.336236386944815,5.957301445311671,5.969814856234702,6.2780082537672754,4.8856762906326,4.827209057965431,5.493454007154703,5.565305202415864,5.534168956253526,4.810522139167315,5.380164562556929,5.479160129493473,5.785239714288766,5.767772256763752,5.177156247704508,5.804764,6.460671719945319,5.582902408308782
2022,17,2022_17_ARI_ATL,ATL,5.0,DST,7.088642896853949,8.99908,5.915741930915575,7.093970541755662,6.035447772506275,6.707068098535309,6.316182644516648,6.117540765401129,6.320936475561644,6.090713765877037,7.461125851628105,7.33033693960285,7.806821600684472,7.371212392479586,7.100765884778904,6.803891876904283,6.57992287361111,6.684225690203696,6.526050449077778,6.484697325006822,7.208791185995417,6.457752323589178,7.227013920327447,6.251186156522527,7.581306609483578,7.125906890496497,7.163170884139044,7.22359450405073,6.632041972481014,6.4454381645918275,6.443537912237385,7.191034496993674,7.33423693320031,7.491924784412328,7.249853,6.812007277392219,6.362637914255247
2022,17,2022_17_CAR_TB,CAR,6.0,DST,5.296596720491944,6.759206,4.66325419778514,5.361290917376722,5.278287894843974,5.891553288469209,5.8894584350644354,6.0268173593585,5.89443960406892,5.975314291700379,6.248158254209138,5.977652642483899,6.54806590820963,6.503758534311908,5.521290637890179,6.141035079830791,5.387845495401353,5.997438968130169,5.393604910668704,5.48054373170799,5.36674613429795,5.746634434091956,6.383456574964547,6.075791461292568,6.277477991088976,5.320418977533438,5.344241234574933,5.413546242964912,6.345674754978538,6.257467331209985,6.219949967799215,5.9205384765551905,5.454825690262442,6.396679959540506,5.212355,5.444486946087238,5.928754333305432
2022,17,2022_17_CAR_TB,TB,8.0,DST,7.686991361281478,8.305311,9.093040710066132,10.1723660924519,8.887641659148851,9.849125614842428,8.18945853115687,8.748884232489546,8.164159838387343,8.130584758773171,7.243613624423928,7.438986293850142,7.523952472348683,7.50829390936485,7.59491051863453,7.86879920158781,7.764170754538149,7.665859062653181,8.110502405528097,7.852405322720831,8.282202315522843,8.96510192143066,8.645443542600622,7.161868518510119,7.629283509132789,7.676508929267847,7.666026497254214,7.817956537462463,8.57076658213412,7.932247306841922,7.783001033005778,7.879582613396379,7.835968484523303,7.430245583851285,8.486597,7.9855271768503435,7.637075942006392
2022,17,2022_17_CHI_DET,CHI,-2.0,DST,3.646201159658013,4.6355104,8.052771222487037,8.01735796499227,7.470896503228477,6.785029058213043,5.848039933984178,5.403381984853537,5.810325940293826,4.910238364413218,4.127328487664689,3.9346981041843248,4.170374060944573,4.252449983242902,4.195973610912736,4.468136191072347,4.143842913950064,3.9921071645842057,3.889772573980864,4.519142773745864,3.6672408147776494,3.2740181470605245,6.098668622391704,3.7875550191605463,4.524601004262891,3.7241216893557127,3.802042219053412,3.748813906511301,7.206735826484861,5.848149950653347,5.606213904656605,4.074515496674767,3.765483634437243,4.214602168927899,4.0658875,3.973633865344941,5.159609858516829
2022,17,2022_17_CHI_DET,DET,15.0,DST,5.913646551424666,6.62336,4.0892288108731,3.1232279503224114,4.795658734044029,4.050307298156254,6.112827159071672,5.837266098340045,6.136113124418453,6.368439755541286,6.091492655216309,6.003652298342919,6.133649703897462,6.4148916428321785,6.047693078643895,6.496107653914823,6.348466662117723,6.610419322824847,5.569442594846531,6.203832637327938,5.514879857713919,5.402004127169836,4.968225332136088,6.4215923914880815,6.28540653949506,5.856811981425301,5.799977411425936,6.023800913106907,4.426271418784151,5.841484426431485,6.020744451824683,5.925708771707413,5.660642400338433,6.103801745254355,5.4442677,4.80652663858558,5.922366873385423
2022,17,2022_17_CLE_WAS,CLE,13.0,DST,6.521896704461336,7.1528177,8.23164549601638,8.493437019710075,8.62148113861266,8.490974412041098,8.22719305332318,8.22516704187317,8.209346377291823,7.912217802817391,7.40240759773869,7.049316768394345,7.49341984645727,7.4317549479448815,8.111127000966498,7.761218668750902,7.72920810295414,8.261025303705882,7.772349539620948,7.799004934603014,7.597329353351965,7.214940260495672,9.085188565371851,7.9345776266489105,7.532603084642442,6.578213158894035,6.634529613326733,6.642752911830143,8.387158289083581,8.31033629512715,8.208003651399597,7.873972964060257,7.689845823900177,7.335769070731913,7.367864,6.722090170923387,8.101803674011858
2022,17,2022_17_CLE_WAS,WAS,5.0,DST,6.712161780638934,7.5945625,6.4285143513626535,4.230614314061001,6.756613821593327,5.196482732966052,7.221107393113632,6.592778495000339,7.22536768021561,6.944379912295946,7.876174499316446,7.759086442667441,7.942870044343191,7.915094873288681,7.82333655243754,7.744899870028815,8.110797180293913,7.980862760673327,7.900849251631108,7.539281510175516,8.068408611022889,7.389657607551573,4.1300261672230665,7.177987937735086,7.223405269397294,6.7359320234673445,6.759702266295755,6.835891710863238,6.504872852925914,7.120846641222185,7.17446033232886,7.606314109430501,7.516952044484596,7.811746081701308,8.516049,7.315721580203887,7.400020093755318
2022,17,2022_17_DAL_TEN,DAL,10.0,DST,10.786436814863013,10.545185,12.31023839855856,13.37076100012245,12.20052835640382,12.874691515670504,11.051957790636909,11.458919465619989,11.017840329701116,10.654118948345404,9.50866205573283,9.9240754661548,9.30279545679642,9.77864263613159,8.725509762230207,8.495374215967084,8.664733053953059,8.958719209363158,9.2048963602396,8.991144703293518,10.395341171808845,9.710857443927198,10.746133667492678,9.180515450385188,9.311605722744156,10.66439812492036,10.542359434977708,10.939849576061267,11.854874048600168,10.843378837669743,10.620061417467902,8.647877302551944,8.866069930828292,9.500522365686377,10.281979,9.919444352532746,10.79104455433762
2022,17,2022_17_DAL_TEN,TEN,7.0,DST,3.751110235843091,4.3607635,2.7344064688926437,3.9494935051651385,2.99565109643667,3.311601594202391,3.7197961327368336,3.4848154541775336,3.734728605048185,3.718052328011495,3.2580814329113927,4.043868786558566,3.7818784110820025,4.10136371232988,4.002085094846516,3.774583982771013,4.29859080937816,3.860231861870015,4.678964788700307,4.372327380582354,4.554757193037584,3.7948200613262255,2.0365073578886257,4.474012416479311,3.839060904249892,3.8747699670158404,3.9984296981885903,3.8560054500051453,3.4934061647533774,3.79139313819613,3.8632675438931443,3.9954707890548193,4.1883506301155755,3.8098706571766554,4.24342,4.034553323492392,4.025557288978666
2022,17,2022_17_DEN_KC,DEN,6.0,DST,2.9345686551992274,3.6783566,4.425752135839352,4.818594778042886,4.204735870278677,4.244561354253293,3.611750864427744,3.619009533731494,3.607670558318604,3.5736850584295765,3.716676556217928,3.502027887066193,3.625654182486857,3.744701590336437,4.117073507702446,4.054889977844486,3.844417501048573,4.01582967263358,3.3565893445021078,4.132613360003138,3.004051059497422,3.317840416428658,2.6857975289136338,4.003765953494733,3.4601021397749228,3.0570273617271466,3.1794860682550663,3.035360668038934,4.0713834180470965,3.4853261742251553,3.4843598506356486,4.248262473558246,4.434432990071075,3.724436944369068,3.4592388,2.931104422930747,3.72452824835858
2022,17,2022_17_DEN_KC,KC,8.0,DST,9.441432297753288,9.641906,8.802813312042858,9.294227026185863,8.718499751154626,9.23902232724864,8.94798358980983,9.14129573054514,8.954375990859608,9.141850220280771,8.539400678643284,8.501180006860663,8.792463037259006,8.774204927310413,8.224694485851316,7.996072041498878,8.535979799886789,7.884238666494946,8.5334021264432,8.501085823905255,7.213062020860855,7.904624148669058,9.819290221705636,8.134061483579051,9.045762716995606,9.366805792635244,9.2921792875172,9.580631768943485,9.113551982385848,9.136638458051596,9.14515966268889,8.57627430471963,8.397980692222548,8.754978377192872,8.945518,7.821124140466656,9.03112342175462
2022,17,2022_17_IND_NYG,IND,1.0,DST,6.230540448378422,6.6345987,6.892155033810845,8.45997833037197,6.858233416105153,8.61470734662655,6.628750759575158,7.480029166438232,6.623898331876304,7.054107672847294,5.608654749950657,6.218449176664937,5.688322488946535,5.74425183285619,6.711075064917803,6.343517875244388,6.438364814291663,6.121101187959986,6.492360547806754,6.735833677555728,6.141110334373353,6.356066953254373,8.765297383453532,5.816768028639469,5.7704568919668535,6.389059516657548,6.547578584936676,6.349423683450462,7.2963474707093265,6.78375476755718,6.723081196273369,6.520654843968349,6.142400795999417,5.792809290790854,6.0978336,5.558163383477529,6.798643375547243
2022,17,2022_17_IND_NYG,NYG,14.0,DST,8.238486071968836,9.064194,5.30528631643181,4.26643707266807,5.968717241475203,5.491077383707819,6.978400172468897,6.496555104787309,7.000913393248634,6.89920403760862,7.754098069013175,8.135384281118712,7.994566439617196,7.809574479051458,7.407727996418864,7.317872088576531,7.17301318079719,7.030673470236729,7.491477984818164,6.344784616820392,6.343864375344459,6.52544543660302,4.79110547475763,6.491173510921973,7.630770851674527,8.21622292444733,8.193959776925821,8.375227638484406,5.291559338641438,6.591941172060667,6.798940854702165,7.974519513857279,7.42464354681004,7.987811463769916,7.2178483,6.496512250219434,7.148645623206216
2022,17,2022_17_JAX_HOU,HOU,5.0,DST,5.15931921120002,6.3627844,4.603211523105677,4.388256680315523,4.666788487879337,4.480358947632375,4.704699395007736,4.805327372878696,4.709353921917359,4.883573993295826,5.843428196536528,5.828071936780059,5.906234674310762,5.717308319833534,6.002750221952988,5.816173992517221,5.62980690437046,5.475017827074647,5.620709189865761,5.289990811902842,5.761880908374934,6.075947936578131,3.979456307419602,5.499202878038599,5.755293698629401,5.259210290915237,5.359101370630453,5.271146616030296,4.757462175205116,4.760188790876883,4.813477580115539,5.613794306789572,5.577792354685261,5.885037101262921,5.360945,5.191734654636502,5.053864701560316
2022,17,2022_17_JAX_HOU,JAX,11.0,DST,7.324304488979713,7.90889,5.8175526584081325,6.508409834457677,6.346964598984525,6.888858333029998,7.0595541674735465,7.452072912876119,7.067391751906774,7.559738773337663,8.232825217984708,8.116133189608885,8.03747547525913,7.906811289549464,7.998316689897914,7.504851875260861,7.830212378847976,8.384971832969661,7.415849967604109,8.568057095443862,7.722957467162003,8.511365352472843,7.043049354703317,7.812983322702933,7.579416289758384,7.198831980834359,7.073359472689004,7.451774066186597,6.4670722780791,7.147618921764477,7.21042054753136,8.063714985959479,7.885559226344915,8.276564722630338,7.962779,7.502322653840695,6.659915967893092
2022,17,2022_17_LA_LAC,LA,-1.0,DST,5.215643265641615,5.9380207,3.861120850415616,3.164812888390016,4.3911888038537805,4.238425240444492,5.218057269140411,5.088737424532207,5.235736913251529,5.392103904342013,4.892247012679302,4.930206465466698,5.262324710914256,5.04458237679922,5.538417309370097,6.004224180534298,5.801537652178114,6.2201018507909245,5.866103150818793,6.40715645050116,5.337390823038476,5.886625635673909,2.317998962891677,6.0358905889350005,5.15818483660206,5.344537191233175,5.4734311168247345,5.327345165024891,4.018733133570002,4.993017240195603,5.137627598303825,5.384263031236046,5.329255028741847,4.951976040788535,5.580505,5.377566561214396,5.390582994246206
2022,17,2022_17_LA_LAC,LAC,9.0,DST,8.181441612808602,8.80936,8.729942620230275,7.757251897079339,8.840880082151838,8.477635564216152,8.142865734346477,8.08302994539656,8.119268052565216,7.765389523423427,7.971192564008518,8.258835557304737,7.716305106594964,7.846776859061902,7.467494560714729,7.38048468177627,7.772313605667303,8.073372317987022,7.141089421556129,7.890896185684283,7.499946041609653,8.071111932077873,7.967820894506605,8.295564540970004,7.994037280674854,8.159803937575983,8.138166262343365,8.316598961221727,9.395338902720002,8.326261386680734,8.15532534402168,7.551567200227587,7.864534438568173,8.077069930156094,8.481435,8.541557910315726,7.769900748072906
2022,17,2022_17_MIA_NE,MIA,4.0,DST,6.491299484584817,6.7110734,7.383950910145148,7.234226626016142,7.3361395489460435,7.215135345553877,6.8430173580321,6.92751794170348,6.833294047343251,6.7484810550291074,6.524329130723708,7.114700442996494,6.612497267236901,6.833348851886416,7.4685487868312626,7.207878937819434,7.289002719308375,7.567695217684173,7.462440439226448,7.372357195093264,6.893000385401595,7.3944822212295955,8.037638062153453,7.061553927126113,6.897549485382653,6.461437642579967,6.431575800575117,6.6087104902460725,7.537163902312803,6.873175143425691,6.7875450452288355,7.728033509381859,8.181314346845676,6.626064666627049,7.2503858,7.4187319716991045,6.313611782180805
2022,17,2022_17_MIA_NE,NE,12.0,DST,7.909645061903112,8.036306,7.58161801269373,7.440431635145573,7.603922827690258,7.003545430940293,7.628039649315281,6.853561825822914,7.626120498662008,6.921553093082228,7.459082659155318,7.873514787503669,7.615073118212945,7.688706006424371,8.443383193548797,7.925769496378024,8.768567913120256,8.697946478663807,8.873163794160936,8.488767242033818,6.993910906873098,7.111944323231231,6.376777482364876,7.556994303819472,7.667819056653995,7.7605672546377855,7.611489447372459,8.032839815982891,6.9827993204621945,7.394896073698496,7.419242261914009,8.560425634456877,8.69577249597087,7.53149344799186,8.194209,7.203628114744588,7.189683857747821
2022,17,2022_17_MIN_GB,GB,23.0,DST,6.907506856176549,7.084895,7.734049390363246,8.794810870952315,7.766873721503067,8.265137210877757,7.329737804531145,7.684869908091388,7.31525753853635,7.445533775407478,6.9754975462154,7.458149320122033,6.973690544233252,7.170867182849338,7.028104297535713,7.784387325333224,7.11182015866949,7.3012691127290115,7.323565448886619,7.386296961506326,7.304152267637216,7.717188567055976,7.282991000911139,7.394969645075189,7.151703384673058,6.960383112056258,7.013259367935967,7.024819877230449,7.538059061610742,7.38405327692678,7.304433300588248,7.754178181112729,7.247196858455149,7.02949619410833,7.9018393,8.206116024959462,7.394819002739403
2022,17,2022_17_MIN_GB,MIN,-1.0,DST,4.568720165310115,5.7596617,4.12110792781065,4.254653654542389,4.449476664249918,4.382677526911689,4.862314037240068,4.552771838854651,4.870520622019236,4.73134869178283,6.294377619776903,6.047700637271878,6.299002128717379,6.142119857204664,4.270306115081231,4.036143594127386,3.9701001839270815,3.980600988823077,4.479785318176689,3.958377755178954,4.950415496279781,4.444531094260613,2.81836641460812,5.200655476585524,5.952252309108917,4.669265904324887,4.76981164333966,4.676303456692075,4.217885247697698,4.648312412431359,4.703256006001342,4.548727038334768,4.3869045076417255,6.158031469190511,4.9593587,5.308657429295468,4.957588419483986
2022,17,2022_17_NO_PHI,NO,18.0,DST,5.048311107426609,6.158893,4.683987443606456,4.988988561589372,4.977839581773141,4.91443755709593,5.391695600502486,5.025096261347834,5.397857993811896,5.0578781390508345,6.900280718478001,6.431171451174932,6.577222934415762,6.083485241602273,5.469320585062831,5.022851659427573,5.451878658928431,5.5860572542741975,5.402633885104816,6.34080508137745,4.743733959727464,4.831895818357316,5.317586459651883,6.228985784930377,6.031537267706983,5.135258753608482,5.2222063997903545,5.158565710693018,5.068427971759121,5.276622020084738,5.30132964718851,5.5066930707634345,5.798941133746496,6.464586487468114,5.630818,4.912952589614076,5.24637061265743
2022,17,2022_17_NO_PHI,PHI,10.0,DST,8.926729862031504,8.588488,9.079613770720323,8.550527127368863,9.245651458919896,8.950568327378507,9.083652269314523,9.138009001348257,9.070189512913986,8.935716839277841,8.458216807144963,8.633548889142734,8.335040012002413,8.52420692650967,7.117808532594467,7.091640673121617,7.848848106077822,7.362104937522407,7.636210372438187,8.423192030433892,8.82491899519527,9.74209076330847,8.976872588338068,8.083728538225511,8.195932302441145,8.72913995332234,8.531550044613176,9.063511732343821,8.596619568148412,8.95868542679924,8.895277206905938,7.174731389341689,7.3955407783285505,8.46274933631406,8.745488,9.421466076107057,8.686641402693954
2022,17,2022_17_NYJ_SEA,NYJ,3.0,DST,6.034541306839017,7.3567095,3.968408329359417,3.92637357117633,4.286659087821551,4.0401885255719066,5.3865130291447,5.045904201005997,5.4106168783979705,5.491650320819004,7.120969725841689,7.19682568589484,7.268051205451306,7.189005553593289,7.013921491747798,6.5555459522959,6.6999590824080295,6.387177614672544,6.481198187698845,6.049292570445321,5.421943665374207,5.611609255806451,4.999697845350592,6.643507443753865,7.284260450472677,6.158616676838671,6.282692046838324,6.154762946601684,4.005730538473764,5.26821599613121,5.458159166867059,6.658627485438078,6.641983610306683,6.8211490080788675,5.440982,5.10633857773085,5.674248408688619
2022,17,2022_17_NYJ_SEA,SEA,17.0,DST,6.625054893300447,6.914965,6.909266085662759,7.087777729006558,6.8381614183163535,6.728560484541747,7.066025569501298,6.856873759149029,7.072371085505376,6.995434403901837,6.5045819110024805,6.843885595419176,7.637723626652611,7.523441213133995,7.755572963804274,7.03252282711441,7.52722406202234,6.704328805256863,7.182216936390937,7.3703312664374625,6.167087751939841,6.503527003313722,5.867336974318597,6.170903490791131,6.758880342765991,6.595685538770889,6.56631618424133,6.743879838275722,7.817829359991109,7.579085332704119,7.5599788067112925,7.062365293398681,7.103900602551686,6.840305046243266,5.9327245,5.434633763457548,7.0940024172099605
2022,17,2022_17_PIT_BAL,BAL,3.0,DST,6.994846845479989,8.545974,5.906333265534523,6.527728026744315,6.399594386924263,6.3719209441022615,6.855363454347578,6.749864826741371,6.861737059790218,6.848627564962804,7.302326199652992,7.221164853108985,7.647845114308161,7.662221642251097,7.655700602775222,7.703267684539671,8.129226584848226,7.8786299670595055,8.059231708711108,7.131139797844623,7.321913437742336,7.009825881868978,7.175131968200043,7.36606625683951,8.014098181994939,7.087348469430105,7.17985009338022,7.130579880333018,6.132630591679083,6.587470215231811,6.680721474271971,7.925444094062692,8.201689081327249,7.534959500430109,7.6685324,7.6722212127747715,6.785006148950266
2022,17,2022_17_PIT_BAL,PIT,7.0,DST,7.355809287046368,8.10423,7.545800605796318,7.886391040613661,7.442820448620383,7.133710864385442,7.33381742302813,6.961632060485842,7.336184995181957,7.209998049759593,7.966360334080925,7.667542466104475,8.025823393253322,7.629747060921862,7.995725299188393,7.715524640504799,8.24772428971983,8.075235092832642,8.574793322433353,8.311906707004777,8.075061212974887,8.036899026128372,7.486288358543966,6.505029736081244,7.708611983681168,7.339724489976803,7.3236396929072365,7.483394261373733,7.961554439481711,7.602786235402909,7.599196512331166,8.314489964639348,8.129056013277927,7.957145319264273,9.494905,8.927093000748737,7.334508570427446
2022,17,2022_17_SF_LV,LV,-2.0,DST,4.048286576095205,5.164968,3.824742130001309,5.9290755917056055,3.965165711530612,5.418355830516116,4.120376625607685,4.7019547686807,4.125416993986663,4.558725841128103,3.294755860995314,3.3737946966713634,3.949857499165449,4.050052877214433,4.103580780259378,4.333844826607321,4.374359154353098,4.349119910866014,4.402891491993605,4.413283137578569,4.394811904541332,4.503916727015937,4.133206118550884,4.12817090719134,3.547556008886116,4.1230508675352615,4.1978151589753185,4.156123630895116,4.279146955724603,4.241576026696747,4.242147457047835,3.766004320352154,3.789697292613132,3.6217141574287477,4.187725,4.3090689159830164,4.509736330669823
2022,17,2022_17_SF_LV,SF,3.0,DST,9.127092240864693,9.582413,10.74597903281304,11.633682755599317,10.186864276531647,10.778795617135856,9.083743823199963,9.505028305315957,9.061493718981836,8.943435479897826,8.924455573200557,8.665522084168702,8.893287780136236,8.720313784546882,8.06444201882652,7.869408666992618,8.29077408016992,8.322721986565917,9.004756086089397,8.218981680420097,9.176758783221256,9.208141196879732,10.083228649340814,9.395562822616965,9.08962010244859,8.86208233445022,8.597072428035746,9.267290059564324,10.350390367664932,9.215480155960927,9.057888994770117,8.525091878108585,8.887968386463534,8.822242969201858,9.879742,9.315045601327093,8.406405312787234
2022,18,2022_18_ARI_SF,ARI,0.0,DST,3.826883406336494,4.519332,4.194091423153592,5.472744972546418,4.411685018215778,5.813241790285445,4.130580162856061,4.91140047166395,4.125356952251932,4.652017020350439,3.3158294462391487,2.9785003723258114,3.7358658298917566,3.8367535068041354,4.0558764110913215,4.302648416554375,4.285382861645534,4.316107908171233,3.968434639369863,4.395115189795555,3.570284529601522,3.889874458026386,4.0713347682721945,3.769380713652573,3.851385439929673,3.907029632098848,3.987175857861202,3.932357206885738,4.448101860404055,4.0575712191151325,4.025768065764268,3.7804999801329173,3.7761126884712755,3.573013682710931,3.9200299,3.2651535441858157,4.402527423409568
2022,18,2022_18_ARI_SF,SF,15.0,DST,9.112542655431204,10.703754,7.258642757392775,9.035017703003328,7.567465862472801,8.98830676361204,8.0801891515793,8.606833400670984,8.085967471793252,8.359983979625966,8.882763421078446,8.849915420388289,9.004439623694706,8.741854031397734,8.096602129632826,8.002481901370743,7.9186952642854,7.657115373026241,7.7810454185590014,7.247155570466971,8.86070550911007,9.001021309386843,7.670207672336505,6.623711492312143,8.711677699581287,9.076163010332692,9.039783365234182,9.263380580056992,8.316690812144289,8.265018034581697,8.261439437778069,7.97798344036998,8.066397285585929,8.980747289058348,9.399298,8.1924729306691,8.193603575521964
2022,18,2022_18_BAL_CIN,BAL,4.0,DST,4.243052539890304,5.3405175,2.8995230486959493,4.98944765335337,3.235722489354988,4.645378885994084,4.026768844381192,4.690648850970484,4.048649531014688,4.910433237970447,4.29430964745737,4.264276082658542,4.34080330457375,4.789194630674399,5.065430641756415,5.313093670869465,5.123155147087452,6.076485042997192,5.225596090985983,5.031417969631005,5.468642695694508,5.377999761372014,4.559742034814294,5.815310082923647,4.82451555880731,4.3803673586218945,4.517682177353485,4.352345554656377,2.786161418435616,3.7009018191424707,3.9004557697932656,5.250397167157737,5.070704034409375,4.572430474764745,5.5532036,5.77624079872153,4.410044199460913
2022,18,2022_18_BAL_CIN,CIN,13.0,DST,8.93753282500101,10.199706,8.285111780544408,8.011507039286823,8.225957181543322,7.589409604096073,8.189799642977215,7.730659823581445,8.18837945618837,7.793559145943962,8.798586347720635,8.174744370938425,8.486223674428311,8.334293800835475,7.86721241894725,7.538910700156985,7.546758914017215,7.664255588165172,7.654830412747868,7.535512657073577,8.548487723489991,7.986203888159148,8.191063277770587,7.21715327638107,8.1043739447922,8.839916134912702,8.742299444824395,9.082615248271672,8.290047885389837,8.221847918342133,8.213082982497333,8.045120856556366,8.132704738055192,8.396547541378279,9.628257,9.142145368974392,7.934348705997616
2022,18,2022_18_CAR_NO,CAR,9.0,DST,6.807704928540694,6.6006374,7.124993207951198,7.069393668290126,7.020561100266858,7.335988498757469,7.146630211182925,7.218460973981286,7.141486106842637,6.977881426224838,6.38597383461771,6.455565425687356,6.499265343127947,6.449996230942083,7.627434944955615,7.489032831582037,7.313142735909632,7.379786968610903,7.472774236359843,6.966094640977516,7.431606011472991,7.759735597139634,7.233083121676781,7.191095080349773,6.276886038147203,6.726776896923646,6.645848865306596,6.927080397708872,6.8524989618782906,7.212015549220611,7.171823859081313,7.560425430582426,7.725544689786763,6.4097042724815285,7.634228,7.067955105313034,6.945057839861588
2022,18,2022_18_CAR_NO,NO,10.0,DST,7.8380536008418975,8.146743,7.443942431795675,6.583418461581369,7.857847695450236,7.31425912960231,8.002227687609782,7.610923387036219,7.993966243065385,7.440978583470528,7.857533976453781,7.585066590135494,7.72211558793285,7.657767801516034,8.057224309005102,8.072323241480838,8.138150665079749,7.51923458988402,7.705755060780036,8.155842616332992,8.248202985616018,7.843763008018878,6.577851568630854,7.462573246210191,8.102645468542882,7.7990617840273915,7.7600699672128854,7.965778454486055,7.779503154354774,7.991282374187676,7.94864756607633,8.335065658796342,7.723211326320653,7.500246268552743,7.9796295,7.072780943103533,7.492155974745513
2022,18,2022_18_CLE_PIT,CLE,2.0,DST,5.946495342636269,7.0593624,5.630631184670883,3.940703753650741,6.12956283197971,4.651924792356134,6.628354018947414,5.826786353469903,6.634764860257253,6.150528519738158,6.790944773328474,6.512011215353863,7.344661391695504,7.037947262805638,6.940754868839186,7.02429946111223,6.966778549805455,7.022207217360232,6.587585508664186,6.27905311268122,6.876257643067581,6.547785351112417,4.78435123887397,6.455028417470908,7.442573378393584,6.059715243995791,6.172935145355313,6.066135923286789,5.901015546858401,6.690764087126032,6.7854987157450495,6.942695794573161,7.708656300546282,7.031727088320763,6.6071916,7.119541103050223,6.7720464221956425
2022,18,2022_18_CLE_PIT,PIT,12.0,DST,7.981803799793367,8.163723,8.55079090676749,9.75514241476395,8.241194405647974,8.769310120220087,8.178791563209979,8.37494655043215,8.177270218197297,8.373840374050443,8.478818834689243,8.241059854686961,8.4862188401751,8.212008092167093,8.361202088311309,8.314933002528432,8.701562978793497,8.50404502102659,9.220222503583663,8.633740262738975,8.81449019277284,9.03063215973211,8.08375771146852,7.929198190784847,8.189799605007337,7.957994618946591,7.934185438099816,8.111471213901286,8.524402449106898,8.363798596666417,8.337894865772316,8.168766775270045,8.055325753277122,8.430794502152672,8.45066,8.776605596960048,8.21677635718679
2022,18,2022_18_DAL_WAS,DAL,6.0,DST,8.66425325743549,9.188801,9.680113078849834,12.18986358915989,9.844422005227443,11.27682814310756,9.445391857217192,9.953106357765918,9.42808209499344,9.362684191617795,8.891875248340172,9.114847835753704,8.517202610651163,8.52625095945925,8.2432816576602,8.07411710064116,8.126168601610908,8.105569121416796,8.692164449134637,8.207240727751559,9.30511949961862,9.09528210998118,10.394988705023248,8.972458878023112,8.747036348273836,8.593375522661043,8.522497787886595,8.803042865075815,9.9899434384059,9.470762973623616,9.359285036045184,7.988362891315992,7.927700552844207,8.379015135156997,8.04197,8.966977667415794,9.067894251796957
2022,18,2022_18_DAL_WAS,WAS,18.0,DST,5.118320080321661,5.875717,5.674923807379129,6.040585078622875,5.825726933088995,5.950116819196648,5.669791123471436,5.885327726776299,5.659561952759142,5.773773220578089,5.207069561932605,5.269844443965504,5.244394252896132,5.606158129132835,4.770790767846572,5.308967669089606,5.302539301889015,5.815314625582063,4.959945486017678,6.100755368908227,5.679535192595158,5.898487448300826,5.41665347015492,5.334546205615975,5.011053435198301,5.212177341162381,5.306034602003101,5.2303697164499505,6.212597676230131,5.704905341437076,5.6201623730208015,4.9191142056896275,5.10093362727995,5.277375401951297,5.756866,5.108028121853465,5.960807241848247
2022,18,2022_18_DET_GB,DET,7.0,DST,4.1515512193674935,4.9696283,3.560133106323648,3.84540823537311,3.917325390079256,3.9888430928946255,4.427215666761489,4.5031977173152296,4.439225646773192,4.839528572549077,4.5783164129546,4.379738058842312,4.71237482176411,4.627248818853934,3.533015121909135,3.354957920745914,3.768727441988691,3.899840343137443,3.653570057610506,3.7626780385849927,3.7117610442246978,3.378078148127426,4.972323842504232,4.516699465101345,5.164941286610293,4.236771080474472,4.32199094158145,4.255367913364684,3.744398714691061,4.338870967957368,4.4483612022327526,3.741022624495221,4.118950770501691,4.641411304174841,4.023371,4.124843647826433,4.722168544090893
2022,18,2022_18_DET_GB,GB,2.0,DST,6.467812675711532,7.3992224,8.373793641523271,8.745769228600855,7.991112511207175,8.094537334535028,7.145860802988589,7.381987547816514,7.127538113332528,7.045370807464604,6.652258553147578,6.740940440436631,6.570137131935207,6.605480457379777,6.994702259417862,6.668029929873148,6.095226061462908,6.651814729270195,5.765022918797582,6.808783299164406,5.9597527678266,5.401171944540603,6.186542422131697,6.217527632722617,6.673982868713815,6.488105699705729,6.508398723699926,6.58373988835798,7.169080724572722,6.948442789493803,6.882883250789597,6.059605101216852,5.988085734705585,6.767662324356185,5.891974,5.413190846187838,6.904904920856133
2022,18,2022_18_HOU_IND,HOU,14.0,DST,6.591825219110319,7.2660637,5.599121299674154,2.1683816391452915,6.148975924142859,4.135296011016937,6.784054973353401,6.175183948276025,6.794315937641447,6.602536542947347,6.68868708309444,6.762063667648184,6.988841402682431,6.784892899581488,7.048006293594441,6.842233005175839,6.95640263375611,6.027141691833656,6.73918702012358,6.66864656427128,7.138820215412636,7.090881162583817,4.209693687642904,5.927237614604616,6.347912695081811,6.621179823232806,6.650534427355292,6.713930364008364,5.541372180612444,6.636415764985996,6.77375090975009,6.869246714894407,6.881335568776612,6.862179777570811,7.0315,6.1256603663994,7.011917860582685
2022,18,2022_18_HOU_IND,IND,13.0,DST,7.684268198696122,8.591297,5.751704915409637,7.316165692149512,6.4585569410194354,7.806436094205465,7.323215803195974,7.846517820791783,7.328826151575688,7.686407166272367,8.05113320057889,7.929438442482421,7.923121926609486,7.9661301722673885,7.585964933218334,7.0288186175033305,7.594759508087764,7.462943274515712,7.916317489287763,6.767641635338727,7.590634126645888,7.148684124395039,8.200284802376814,6.891053369441158,7.413156939911981,7.658584933572467,7.632901668448812,7.82154643931321,6.949231800031416,7.682559977681864,7.693515969797721,8.115093737451847,7.727471834350757,8.076722360970493,7.801845,8.546672643782344,7.384660321181027
2022,18,2022_18_KC_LV,KC,14.0,DST,7.366618323808256,7.7758536,8.026936941345612,8.46365485161043,8.151796107139013,8.622334684700789,7.767063894319246,8.04415799086251,7.753021125852552,7.694808995357921,7.792894216672798,7.428042481047422,7.562462283299707,7.591179674765931,7.5451650497772835,7.577764834041098,7.763476107886978,7.335183534934527,8.128001094837057,7.982926560456472,7.43510753534914,7.131003032996965,10.073676922546356,7.763427142823286,7.479627999997126,7.117976194113463,6.869334064418671,7.48378702739593,8.70862753753665,8.180100622529398,8.038665582900919,8.062037714702887,7.97047493452903,7.645907434291886,7.737026,8.371467589762835,7.403164796024408
2022,18,2022_18_KC_LV,LV,1.0,DST,2.797089949758071,3.8001542,2.858389910040921,3.962468284083388,2.788143843488819,3.0524100395094846,2.912889763030855,3.0938189942635934,2.9230350633157527,3.306233216926711,3.360170994305413,3.2596557805814057,3.4015204238766006,3.4345618391201524,3.5720623798623348,3.70894766470396,3.5632580602908623,3.461816222084673,2.9253349881154014,3.3138849367507355,3.2925517175627808,3.311445182192005,3.557591611735624,3.74816893212901,3.3333249728767886,2.8557804511811447,2.9144709526042183,2.896893663265748,2.8953030646542484,2.8972111631648727,2.955216661256522,3.9158931528172247,3.692148880518146,3.3904008990947223,3.094582,3.823823044216905,3.159565857182882
2022,18,2022_18_LAC_DEN,DEN,4.0,DST,7.563787417251551,9.174629,8.570238581532507,9.72555418366325,8.096022426335058,8.663260427140594,7.262603705798172,7.31109579699508,7.238878729191807,6.696487486515441,7.419580054930722,7.037178543088474,7.627453543841601,7.38880493503391,7.177886480923693,7.288743904214116,7.353845055359282,7.344585189106955,7.513952221378428,7.274900831489055,7.6979930600963185,8.260926689881307,6.025631994781998,7.17287775152759,7.362226871435472,7.6960804031251016,7.828373388998651,7.705182517122359,8.084853217736025,7.153771597125103,6.965758104162795,6.849413907608424,7.372807773414596,7.261499941518717,7.3650503,7.983764412362495,7.146536974864874
2022,18,2022_18_LAC_DEN,LAC,5.0,DST,6.634272495763842,6.524163,5.775979401836187,6.264132066251347,6.130792876278912,6.534181414921662,6.992569096322516,7.29936392133067,7.012609021049827,7.746516298814722,5.746778400711779,5.859113775601939,6.218816754299698,6.246960904847035,6.587314899666074,6.568319427051345,6.300254686832963,6.660910075262708,6.170328390008857,6.632494951645744,5.681706659428264,6.053635147184369,7.406841706948389,6.76027711717617,6.25558196353483,6.674014010549999,6.713755525336155,6.752013405751742,6.674056135398851,7.13290313774541,7.2779869499787795,6.713066215187,7.740967251729234,5.944366193409092,6.2608814,5.483214010016248,7.038935162026355
2022,18,2022_18_LA_SEA,LA,8.0,DST,5.396510671929757,6.158893,2.754749567359132,2.1781065487108062,3.3927679740543963,2.969859727578841,4.780729180152225,4.392614590218757,4.808921740390067,4.946188387945316,5.254194409017013,5.456634098665498,5.648108772851634,5.324170091280215,6.019278324358677,6.342487831959282,6.012839597848881,6.429797406736666,6.330352344282719,6.115336648471595,5.224232404691459,5.721375996833602,2.927423608267377,5.889376068734075,5.189788426068669,5.535858509957938,5.675206347986119,5.509887010271348,3.332339034389274,4.674243348514489,4.890569072871153,5.514396652155937,5.951833784989539,5.527147504433414,5.214897,5.711721645722028,5.415333930684398
2022,18,2022_18_LA_SEA,SEA,8.0,DST,7.989403090465754,8.588488,6.930192027833296,6.485539468657793,7.037669242736375,7.023111622252937,7.233623253973471,7.266708196816664,7.234908869387154,7.209763751050263,7.905757485572892,7.872093714189148,7.760716955174264,7.9325971972809475,7.190934422575786,7.208706319820019,7.504535148893667,7.527185183761045,7.550559687487325,7.82548448315498,7.131152601763999,7.1771582234845255,5.51310000630432,7.404066384477447,7.701253205677184,7.997715016062741,8.006026941659728,8.122767693869536,7.538066367741109,7.445761698667939,7.440253494731789,7.657206575560172,7.460336497576397,7.83881137066086,7.783332,8.329819667880136,7.477906943178976
2022,18,2022_18_MIN_CHI,CHI,3.0,DST,4.780412671099399,5.7794523,6.587616266980936,7.2882420135940285,6.237803553061125,6.418455447752584,5.660006279279671,5.649184415415447,5.647053416156623,5.399242701002557,4.853226936353515,5.345564432646266,4.949095217930503,5.0814742384389895,4.335510009614779,4.842519995413825,4.44739600159785,5.400242014118228,4.398808069173285,4.84763181818819,4.680055724824852,4.82032655031638,5.369156580293149,4.6613440611186885,4.718973221642487,4.896076668584529,5.011740666069659,4.891123121460133,6.761077857122538,5.840817713625917,5.711349816441823,4.557802612374728,4.700056166370871,5.1838354484653015,4.553154,4.451732004888096,5.827269634632429
2022,18,2022_18_MIN_CHI,MIN,9.0,DST,8.28933796079403,8.650791,7.841506564044049,9.430178980023063,8.300433545741319,9.120790113711127,8.258273666024175,8.422078170200697,8.256839219465599,8.286343012658625,8.67790053154795,9.03530257350816,8.543006059695129,8.699464826443977,8.011134668328083,8.306205504901776,7.983289884110015,8.522925462632355,8.135014286836448,8.479981691602395,8.639238636409267,8.145508985522774,7.969945357364224,7.5798250507373055,8.143856847945344,8.203111600275458,8.116885239756884,8.420152921652745,7.700340730505572,7.822315532980436,7.823780100079684,7.669960869199447,7.4401365142910185,8.541582305671398,8.141167,8.851966814313265,7.9192259199638215
2022,18,2022_18_NE_BUF,BUF,19.0,DST,8.488542131121182,8.7442465,9.278119887185127,7.717525772116799,9.33476758570529,8.421811401415592,8.647585410673779,8.812974991233512,8.6301008678345,8.580045782474096,8.478221518198906,8.691177356897533,8.5304356209735,8.301047227977405,8.255901606860121,8.349080648242655,8.353812655807845,9.077354407649596,8.692669137094072,8.926118945650012,8.49486289660227,8.345144401293467,9.00760244859929,9.09827706403567,8.727198696889754,8.405796504694715,8.323050878268248,8.621127150030864,8.772925546989017,8.354322793447768,8.270693226699162,8.393365551331453,8.262746100301477,8.397604662066414,8.508343,8.563155388789792,7.760639195235371
2022,18,2022_18_NE_BUF,NE,4.0,DST,5.343818847967649,5.210291,4.818765487600569,4.6239158002301535,5.15870794961503,4.574627730850288,5.493945572393278,5.109784296900092,5.498647982921623,5.288622098748561,4.043041633204176,3.694432080597117,4.347110863335244,4.492022680668049,4.941426352976237,4.694040526779536,4.690539591196444,4.476281015335632,5.117048059061803,4.885268019867844,4.998409432404522,5.284468619896192,4.775399941180825,3.963176089114116,4.36111811741723,5.351812191487014,5.3598055350063785,5.451431213847517,5.485524375207231,5.634198796544497,5.6307212362967896,5.099623020529618,5.026155340742379,4.241284484673909,4.866676,4.134040595165457,5.231045512246239
2022,18,2022_18_NYG_PHI,NYG,5.0,DST,3.587823212572242,3.5707302,1.201360026031911,1.1797428873125249,1.9777852222233747,2.0047241835254352,3.4028166654679874,3.2630739384293586,3.4395825910041826,3.927111499049465,4.465960668057004,4.742993634058805,4.647280794294542,4.63986557756058,4.601567719619656,4.4450990085845135,4.831306183179664,5.0288574177046215,4.513556826606751,4.555820496574615,4.709156538413897,3.9205232399482153,1.6491854211664796,4.577310894719629,4.195202483708703,3.6341751838779435,3.6805271551836447,3.6879436510699057,1.6598208439890652,3.10827258828575,3.4035019556985557,4.751705975911855,4.487668949865392,4.410292303017173,4.5171375,3.957670171797758,3.6026859997741574
2022,18,2022_18_NYG_PHI,PHI,3.0,DST,9.786096907650563,10.859512,10.06351749383449,10.892010667073151,9.677581894621175,10.646956970227585,8.892008017696064,9.586573133193482,8.871766892678156,8.966285378667468,8.258727976076878,7.990392985499946,8.007468869583557,7.887539527358682,6.981088580825919,6.7742812409545845,7.337896492201638,7.182830295308795,6.441526583370466,7.300578905184,9.51030773719794,8.95504322135129,11.29144513991083,8.019926194146619,8.172552664141135,9.840221482191874,9.894346056733184,9.93744366325579,10.03345435200223,8.887680349345862,8.724418825905019,6.793857380747672,6.44988001227382,7.7805056476902985,8.885925,8.829757177438784,9.137037148045883
2022,18,2022_18_NYJ_MIA,MIA,9.0,DST,8.423960294904482,8.781017,8.882240441637984,10.735986952611876,8.920228681337036,9.934549588136436,8.940396872310638,8.943631629267465,8.93524533646284,8.667750220806068,8.495282744004388,8.446707297608157,9.435412665189125,9.298643104448926,9.327133871710377,8.878202766238548,9.116920170186374,8.998623800110218,9.208716441877694,8.835697841895769,9.185952473252204,8.402645792308052,10.00940562413096,7.613556766945337,7.803032812013871,8.344851770207278,8.265743245510073,8.560660591585778,9.950677470925076,9.281290497101804,9.152445234213431,8.710021768279164,8.73186410523662,8.741545829217872,7.783031,7.727412559753047,8.6766325833744
2022,18,2022_18_NYJ_MIA,NYJ,5.0,DST,6.4698988235428905,7.234912,7.306632989371646,6.87806442581589,7.100145753562282,6.813134467201079,6.653724521204769,6.193725031861088,6.64625879212156,6.0937190300623225,7.277204095745365,7.123604747686103,7.306897438666746,7.081907471652019,6.606466164284496,6.58291567517166,6.90978401570007,6.040003712676175,6.4522944622005065,6.369466687535587,7.348414396906457,7.131531432429058,6.225869123208142,6.61286245558623,6.735354547758795,6.391515465443868,6.313132107344845,6.590690704165064,6.442521437588531,6.401171118281152,6.392949968248041,6.95963399822841,6.900367378201685,7.215361397909316,8.086897,7.062470442482198,6.222802000745577
2022,18,2022_18_TB_ATL,ATL,3.0,DST,6.8542116818219885,8.857492,6.147305084875517,6.771214899932197,6.346512177739602,6.399604438498399,6.144392094825991,5.952600846119587,6.130343260809882,5.652648788702423,6.3103547717245005,6.517716706462887,7.011627229091146,6.774624131280226,6.037570819667544,6.453085519962749,6.075445954200895,6.84857577649181,6.511922146158093,6.619233961956604,6.096889969009409,6.005293810896007,7.456870529467752,6.386808688215537,6.788782355024311,6.903470063491407,6.952728445160826,6.989794970005414,6.936833688362513,6.320462678195071,6.170503953776499,6.09909825709674,5.611597549261947,6.399617162734834,6.3629723,6.413598839396117,6.113929452329486
2022,18,2022_18_TB_ATL,TB,2.0,DST,5.508384447799356,6.2070255,4.4105052197017,4.115368976312152,4.544716511714762,4.241670178528263,5.37574417020622,5.381387019930008,5.390822998891824,5.781289373588782,5.804571945074319,5.67711594133171,5.607039091803987,5.594754252906458,6.174657988594828,6.563608598066361,5.8890590830926834,6.779257538970197,6.516609085141513,6.833719108638004,5.651093201612032,5.995023197614037,4.740021462209448,5.80072892399918,5.656667447038202,5.556842895217257,5.6053013426351574,5.622703747373503,4.283934575182049,5.3833086929361595,5.528798306720069,5.69318275458872,5.6656660073647735,5.794991897213201,5.2413692,4.763979636432903,5.529676103245723
2022,18,2022_18_TEN_JAX,JAX,9.0,DST,8.731221876552526,9.016061,7.840345013896702,8.29688258970019,7.921492787105082,8.249643176641847,8.194961947909423,8.219793420950838,8.204384465747475,8.343240944502746,8.861589935421037,9.239120019810494,9.041603943083215,9.190462362455117,9.151887610779932,8.775231908336977,8.826745410334734,9.783015299884037,9.774801899123515,9.925759293809476,8.574821879008923,8.63881424242746,7.674256355979254,9.428953372888156,9.451576137403787,8.667374214602816,8.603526552653104,8.870242613381793,7.494701177443408,8.141993972468056,8.237314272480214,8.858289642395713,9.548639990744256,9.000094138865212,8.190442,8.594911640939351,7.96342284982491
2022,18,2022_18_TEN_JAX,TEN,4.0,DST,5.207436333997013,6.3655944,6.045305724870194,7.886598262515419,5.765092869018309,6.731910197914084,5.412202224425766,5.5497809674127,5.410725201401473,5.308693631674721,5.863101337603348,5.787309313912587,5.837102521334977,5.8433122383761935,5.714971503447114,5.524063172427063,5.362627997453774,5.919842731326045,5.796394773373343,6.18115756319522,5.698847523914589,5.874693103996975,5.964174690105947,5.609233887143394,5.497724049705151,5.260590888097183,5.313745442197353,5.32147235596123,6.603454898280232,5.564497635652478,5.506935849952483,5.49444126728387,5.480064232696421,5.872446653537204,5.6338573,5.240737501381262,5.326951718664304
