season,week,game_id,team,y,position,v42,market,ridge10_base,ridge10_extended,ridge100_base,ridge100_extended,ridge1000_base,ridge1000_extended,bayes_base,bayes_extended,extra16_base,extra16_extended,extra40_base,extra40_extended,cat2_base,cat2_extended,cat4_base,cat4_extended,cat6_base,cat6_extended,hist_base,hist_extended,ridge100_recent,cat4_recent,extra40_recent,rare_shrink0.5,rare_shrink1.0,rounded_pa,pbp_ridge100,pbp_ridge1000,pbp_bayes,pbp_cat2,pbp_cat4,pbp_extra,pbp_xgb,pbp_lgbm,pbp_poisson_events
2021,1,2021_01_ARI_TEN,ARI,16.0,DST,4.581853884468154,4.8353386,6.272240729077744,4.917991788835669,6.190522161453083,4.90487288974259,5.90642464242717,5.370671645830853,5.932932741156145,5.378356130937696,6.320169687812277,5.920387109603281,5.712668221451502,5.605742311271923,4.2915767812647445,4.456808236712604,5.355258022384363,4.776626646643809,5.463569917438353,5.209810796702744,5.415292095944876,4.870636179054803,4.90487288974259,4.776626646643809,5.605742311271922,4.585613037809329,4.589372191150504,4.683898929324105,5.588423304800418,5.623462899399797,5.604851099183719,4.454072024640638,4.613232048896862,5.776872624454841,5.0974092,5.138571504670082,5.616055969808982
2021,1,2021_01_ARI_TEN,TEN,0.0,DST,4.431639460314487,5.9509516,4.852987288039679,7.129125675118492,4.327949475608243,5.993115205008516,5.065672991577435,5.476262230821733,5.036438677526136,5.4725858251758535,5.69647383051611,5.714401706534506,5.850849187884474,5.88874178866879,5.763084085749442,5.597604046263263,5.470237914285219,5.351123810509455,5.047630285128346,5.206071817324791,5.116136247048416,4.865869535538286,5.993115205008516,5.351123810509455,5.88874178866879,4.4728937159376025,4.5141479715607185,4.53715229423855,4.436688203232727,4.731796657259634,4.777040295103437,5.684606956958212,5.386904165469083,5.588272430589186,5.108788,5.207757727984315,4.7723178931623895
2021,1,2021_01_BAL_LV,BAL,4.0,DST,5.801687211258774,6.675295,8.104397751343456,6.002343838877841,6.710347266757328,5.877092899346559,5.993800885977798,6.057345620700001,5.99859592472049,6.1376433618308806,6.640325246844655,6.249389500320589,6.670348865801821,6.711863089936082,6.88402930589997,7.637598770614555,6.733554848521493,6.920906425161331,6.915827714579841,7.301535285367643,5.624075611162594,6.607440386796618,5.877092899346559,6.920906425161331,6.711863089936081,5.786284944323926,5.770882677389077,5.910424064876952,6.308396428219928,6.119016192748409,6.1183273171516515,7.094467680431116,7.895723535980076,6.7087251129453955,5.9222145,6.029608654906892,6.303310426503033
2021,1,2021_01_BAL_LV,LV,7.0,DST,4.484277482950988,5.3365593,4.24788943069881,2.395332203626704,3.2961441666358966,2.103982804868326,3.219860691860944,2.641529797629315,3.20042312030249,2.916148457275341,3.455088713796854,3.649541362664434,4.103180798308336,4.382985381080484,3.0876064466018924,4.087500319243914,3.461969321829316,4.090376701199388,3.4886889622605044,3.5889414699840265,4.08684540254817,4.124178645847447,2.103982804868326,4.090376701199388,4.382985381080484,4.483847413148615,4.483417343346241,4.5902683205145465,3.1964534466375074,3.0410922852313687,3.0745398794561485,3.233433291906319,3.938063612080067,3.842884262284684,4.4155707,3.682649421960617,3.4825591820925004
2021,1,2021_01_CHI_LA,CHI,0.0,DST,3.5859696021722067,4.6741247,2.9795924743144675,6.557930494718931,3.517684810666682,5.3240920758926,4.224095130253805,5.101037464492924,4.186813928195294,5.188142762880615,4.132838664068312,4.190161884816958,4.4130741013574735,4.467402812994278,4.299207088381653,4.790736423381789,3.8856998606832978,4.2472777410663625,4.108470782990887,4.842101934203392,3.1579648617555844,3.653174016923333,5.3240920758926,4.2472777410663625,4.467402812994278,3.6863495917695026,3.786729581366798,3.6883930433696124,4.731333156149372,4.72801272051025,4.761286885934658,4.333282381101748,3.9707954103341367,4.271081213757771,3.5055475,2.6991783435100705,4.860909690182995
2021,1,2021_01_CHI_LA,LA,8.0,DST,7.395955756446339,8.913453,9.173271131179913,8.278187014078558,8.356184324018699,7.874156713848759,7.590919467930458,7.686450282230165,7.624004029432475,7.489280078867024,7.326021907597124,7.086741262389845,7.723798328007186,7.502812100562527,5.9184354250927935,6.177532175875978,6.412260213012217,6.872283327485393,6.546915793391344,7.102546713925302,6.932781078254546,7.351684311507971,7.874156713848759,6.872283327485393,7.502812100562527,7.387020795422207,7.378085834398075,7.522136370286217,8.707609300901128,7.661026605066926,7.591848636179292,6.2046429893882875,6.085293970211092,7.421567780097035,7.838086,7.7286483511927715,7.704427142615324
2021,1,2021_01_CLE_KC,CLE,1.0,DST,3.174035309135266,4.078431,5.411713421597847,5.441021330152212,4.433862532732075,4.179971800007279,4.125742781582188,4.101597417799691,4.119560641059481,4.198474223139,4.433241669375689,4.015480537097165,4.174633903330246,4.320381494192916,3.902811949920892,3.691708632320352,3.5975511411316954,3.3618552610974004,4.15791649452899,3.677524467781465,4.503175141692162,4.204707432755301,4.179971800007279,3.3618552610974004,4.320381494192916,3.3415946102674368,3.5091539113996073,3.2737973175089037,5.00421543627463,4.427829688667721,4.421200014727855,4.163113447069022,3.3469683403836528,4.150609227256791,3.7192094,4.368807552572576,4.516271115276272
2021,1,2021_01_CLE_KC,KC,5.0,DST,5.352557179715857,6.532779,4.892351733126664,3.6498555622851527,5.384882997712611,4.518736769798136,5.848741369149405,5.484451687337105,5.847972838573293,5.598161599450576,5.890896950606897,5.942146900428711,6.067657166051141,5.997381034590092,5.754191294303051,5.463578076194602,5.978622695505566,5.58808837245003,4.999683432938515,5.809681687294996,5.1215997567756055,5.756636037533463,4.518736769798136,5.58808837245003,5.997381034590092,5.3594535883182415,5.366349996920625,5.459703130580944,5.098051827364859,5.81419550710023,5.815285430652781,5.187577318650455,5.246624625583752,5.86821908561862,5.1538863,5.257316970780439,5.827576727906796
2021,1,2021_01_DAL_TB,DAL,7.0,DST,3.381956434826984,3.4245405,5.085450292678768,4.857311320928492,5.343440849401056,5.6313086805516255,4.482837545525505,4.985426996454471,4.5333626661948765,4.645055600774484,3.8473659142605783,4.227514402769354,3.941104915661161,4.0046799842279714,3.209265452517964,3.3136638304258814,4.083069830243173,3.688041953228113,3.519738058935347,3.657304526445591,3.3514317834706366,4.62561245239913,5.6313086805516255,3.688041953228113,4.0046799842279714,3.3755376319684336,3.3691188291098837,3.479386385593726,4.579361589057857,4.307900409397779,4.248744615239559,3.377470151942132,3.2900058762481463,3.974049056698011,4.115243,4.0822075385034395,4.3718232860618915
2021,1,2021_01_DAL_TB,TB,2.0,DST,7.065991229946878,7.8869915,7.294872048032677,8.651167561664838,7.504176867367098,8.429140877889669,7.413006445773826,7.957597051301479,7.422572306732976,7.746646799695821,7.45302694899099,7.326792437358048,7.266135413782775,7.292414217914879,7.634968998769431,7.732934807785906,7.906440513072417,7.544755064251376,7.927792167315584,8.094359302551563,7.0245475619640825,7.454777670511454,8.429140877889669,7.544755064251376,7.292414217914879,7.029542251419182,6.993093272891485,7.180386008143425,7.7117147318231565,7.32785047260534,7.30107828927726,7.573020655890669,7.872902734342968,7.445767831152957,7.5664396,7.210226991221488,7.449246691504423
2021,1,2021_01_DEN_NYG,DEN,8.0,DST,7.959580350069281,8.251019,9.012550210290964,9.400068562999312,8.8076814611309,8.870032606018864,7.9730934741022175,8.002907480432036,8.020846396073665,7.724337291969959,7.919101439138995,8.167837524481286,7.809613501706888,8.113957393757412,7.700878606070781,7.969165787562195,7.769427478968492,8.674992643700643,7.816745174573359,8.390666286222702,7.890980222007556,9.929633429685236,8.870032606018864,8.674992643700643,8.113957393757412,7.9943236108119935,8.029066871554706,8.08845964741868,7.912394301371196,7.577967895610441,7.53265662445417,7.5136575672223875,7.853975004605443,7.847914086401612,7.3896184,7.65452866476977,8.20842144219262
2021,1,2021_01_DEN_NYG,NYG,4.0,DST,6.557914197216578,6.9122834,8.745477370187212,8.172514014831254,8.224808901455646,7.514341646882882,7.449261824261798,6.598215459825756,7.478626111433085,6.5308789576582535,6.921278325078136,6.72485602250682,6.699718379614117,6.535319542587783,6.957573436810697,6.666330885578515,6.8484443108239885,5.957717818811172,6.6701943677143225,6.309962573586695,6.824296366130816,6.250122365120649,7.514341646882882,5.957717818811172,6.535319542587783,6.448197175552451,6.338480153888325,6.674033340856834,8.333371786460363,7.391518397443828,7.341676719594113,6.972285696786503,6.997032645390897,6.791813740689503,6.83323,6.996729211258653,6.82473744894812
2021,1,2021_01_GB_NO,GB,-4.0,DST,6.342533219434731,7.161038,8.066874525473533,8.638616997246242,7.949478840000143,8.53567486023254,6.80032241123018,7.059004304643141,6.862398053745469,6.614283506289004,7.3063758131606305,6.548982520886616,7.0354201418173306,6.824476683211278,6.828983973208255,7.123289613046618,7.006064338651011,5.647503890498583,6.966359209439133,6.235346570205734,7.123590610137268,5.911652805043015,8.53567486023254,5.647503890498583,6.824476683211278,6.431988143372607,6.521443067310482,6.459282014898233,8.240605172254261,6.778131760883569,6.670619585286428,6.930907332956934,6.782387259803493,6.993136213322066,6.1669536,6.3002882119345145,6.691775495190011
2021,1,2021_01_GB_NO,NO,15.0,DST,4.341947538411801,5.3760576,4.550732318511876,4.936057482472847,5.105561645411648,5.793104829839427,5.07038712005224,5.322463924634675,5.089617012828668,5.13360478387579,4.66452137473162,4.633088797253996,5.047646129138746,4.749917130230524,3.931417636195218,4.508558182884556,4.61106301734478,4.28231967279584,4.918841537067702,4.847927109136268,5.209356337351498,5.119520240815525,5.793104829839427,4.28231967279584,4.749917130230524,4.406489766625774,4.471031994839747,4.448023731495417,4.537404171533064,4.894659792665694,4.884381874009749,3.8482723792284137,4.3578530123128445,4.568726623406003,4.6280265,5.3343258486875405,4.9916866563012565
2021,1,2021_01_JAX_HOU,HOU,7.0,DST,5.447886681437519,6.1004004,2.485708562970478,3.258557865255388,2.885222287843512,3.4811503768313594,3.993844261757377,4.235868406785472,3.927177722689721,4.608009772330007,4.829084214567026,4.769594216571015,5.3480217839034605,5.070002512518631,5.033773689907365,5.257756202440766,6.229735092070615,5.479546435529625,5.800183258326818,5.419171432081351,3.6748930028005935,3.256003691581706,3.4811503768313594,5.479546435529625,5.070002512518631,5.434935168997251,5.421983656556982,5.558640683900677,3.711916194484729,4.456845039480237,4.539840931275246,5.484275068852293,6.309318191215723,5.230891096221171,4.790749,4.195461454026296,4.937910050414174
2021,1,2021_01_JAX_HOU,JAX,-3.0,DST,6.295411901895008,7.662258,5.468884730327449,2.573256830415056,5.873404507527765,4.1402485235653295,4.972782360341596,4.2652023432139945,5.018541974220439,4.1516944816931804,5.86231748104271,6.026055472324543,6.068083299651124,6.164297223400489,6.646142078631469,6.148205212450307,6.70347131375585,7.057058460168241,6.580116432106589,6.689624452121181,6.203823880818215,7.003575726075094,4.1402485235653295,7.057058460168241,6.164297223400488,6.433506475779425,6.571601049663841,6.414184210055599,5.581509254545912,5.104571627283313,5.021254228527879,6.234222183711934,7.091079597572284,5.868326844110408,5.5869007,5.613984482266673,5.665129832293078
2021,1,2021_01_LAC_WAS,LAC,4.0,DST,5.410329367171743,6.323523,5.282876404316489,5.75441525071914,4.659757367420948,5.4329189176883546,5.125342982541458,5.565452225608105,5.074324381550095,5.835034501661473,5.718398419388881,6.131856738832186,5.794131101465138,6.234386561573584,5.540192376430654,5.661549198030967,4.9648398998817,5.669978007771795,5.584970057751311,5.633458822004881,3.5451805226785864,5.222654555832578,5.4329189176883546,5.669978007771795,6.234386561573584,5.507066423445881,5.6038034797200185,5.522777366968481,4.803645488185686,5.1916917451145945,5.280024947567094,5.986316161778566,5.3777058221360035,5.942314531447406,4.9648304,4.311198641947217,5.487048362282097
2021,1,2021_01_LAC_WAS,WAS,5.0,DST,6.232967181649368,7.4391356,7.359207451429445,6.887850521455612,7.731836220592262,7.477401505448461,7.286567150896329,7.228991620821709,7.31890455166268,7.03848657320152,7.4903684001908974,6.884683353178061,7.314172827405115,7.047551168670807,8.075750948209231,7.277578281844864,8.10707044929218,7.572116175202487,8.155809816869098,7.57471927119287,8.106422208620309,7.714062151341728,7.477401505448461,7.572116175202487,7.047551168670807,6.274975942314042,6.316984702978716,6.348294537566319,7.784723041047729,7.390440930176088,7.33010295053301,7.787985177791816,8.240386939528285,7.166803892025773,7.372784,8.334844689922427,7.282291358258064
2021,1,2021_01_MIA_NE,MIA,5.0,DST,6.216368291990746,6.4505615,7.799967476765136,10.210035657857418,7.392346207360056,8.785355973582604,7.1440603317675055,7.582634329883655,7.159245689725318,7.400730863712861,6.916081847964004,7.09887735452267,6.559835167635761,6.927723843791758,7.125526435551643,7.725677868787525,7.636510736954383,7.281736492377223,7.425989088635845,7.479675720695509,7.716424463061927,8.573182022503108,8.785355973582604,7.281736492377223,6.927723843791758,6.243005541907976,6.2696427918252065,6.329380331551158,6.978245447645993,6.883669546031294,6.881128169141576,6.933676211584504,7.092417086195171,6.676959966290055,6.9837074,7.245995462797247,6.621650587431354
2021,1,2021_01_MIA_NE,NE,5.0,DST,6.381500280696601,8.01242,6.701715210669953,5.844695624647089,6.342206096767628,5.633525432842746,5.895154476390503,5.531415750567472,5.901652178229816,5.589577951124756,6.601319155997957,6.928857494320776,7.078522917717411,6.906346453730345,6.707524825343985,6.901809129683377,6.648034779369488,6.598848439918625,6.917596669651173,6.886802307694945,6.165285179118173,5.896937312161096,5.633525432842746,6.598848439918625,6.906346453730345,6.49872687909108,6.61595347748556,6.506068726476701,5.861411701232728,5.946719539098373,5.948390951238757,7.37478698796177,7.522858252825414,6.889635211597973,7.1427717,6.643512139702076,6.2695813103488
2021,1,2021_01_MIN_CIN,CIN,5.0,DST,4.463159866443821,5.949341,3.1279854362400705,5.147150478869474,4.3058941318460375,5.187246594340673,4.493798672089987,4.632215519824382,4.511416718777662,4.471261661788564,5.456757485313181,5.836448909040903,5.209932757517632,5.495929217090976,5.0631483383497,5.169940854907205,6.037411646730471,5.847524396180789,5.702701219452574,4.854767277485793,5.905979876592629,6.176623126062864,5.187246594340673,5.847524396180789,5.495929217090976,4.675165906455313,4.887171946466807,4.571337943893109,4.376697954783371,4.5007572773043165,4.478227500253388,4.762921323818197,4.774998337593057,5.1995303613963095,6.5275326,6.894174309741546,4.619457248108348
2021,1,2021_01_MIN_CIN,MIN,5.0,DST,6.445151243233607,7.2880764,6.481250535630817,6.413164792503956,6.352186276211208,6.524122502003969,6.435404152779304,6.637264603931381,6.439029904581419,6.667257460205835,6.9776065830405605,7.205025225776914,7.3236826030844036,7.569228234928564,7.371388072116948,7.140931171455522,6.710294413350681,6.983847937798053,7.376535248627055,7.611147083863738,5.798740806090383,5.537437609656006,6.524122502003969,6.983847937798053,7.569228234928564,6.389376219217387,6.333601195201168,6.5623030404228375,5.881807561939858,6.2499966968479415,6.270052614541052,6.96125978818272,7.389606101236635,7.325812716025922,6.129369,5.462421147139042,6.41833035721159
2021,1,2021_01_NYJ_CAR,CAR,9.0,DST,7.916463157331898,7.837339,7.166919367597856,7.390868583269176,7.273406500563727,7.509067934076273,7.357149993121231,7.59757517293487,7.359458818334481,7.529058161005084,7.261614738777545,7.399868664500087,7.266309174384579,7.738314033823631,7.291464601467332,7.333011110886352,7.4038575014364705,7.061210415628472,6.800887309621562,7.459674988268883,7.403866794112548,7.257534791426995,7.509067934076273,7.061210415628472,7.738314033823631,7.776112193143326,7.635761228954753,8.041188138537587,7.5404138447742985,7.653906878540955,7.640764028432488,7.619029206549777,7.284190571252707,7.386470429398651,7.5543904,8.160832719439748,7.724515183993827
2021,1,2021_01_NYJ_CAR,NYJ,4.0,DST,5.763497030224933,6.2754807,5.831113270235184,6.454763932000394,5.297454034392186,5.994261551473611,5.734301742194222,6.006828151259403,5.706663796888533,6.051998498236014,6.006939053251236,5.98960977959755,6.014222892602904,5.838955427110983,5.235499491266544,4.668665786451215,4.740822007262458,5.752359168461712,5.384936860779135,5.206350760466512,5.062376816669506,5.316481485198665,5.994261551473611,5.752359168461712,5.838955427110983,5.658922338890849,5.554347647556765,5.874012469258493,5.481319801881137,5.85988989927344,5.892209332325568,5.365655573639179,5.325171918019112,6.06390543632502,5.432931,5.3910452447901696,5.966677649782536
2021,1,2021_01_PHI_ATL,ATL,0.0,DST,6.383945434983299,7.0494766,5.198691025813806,6.78621488472065,4.985558295083438,5.842716803026035,5.958506296049588,5.944001677759769,5.913917222076626,6.1649588027237705,6.728085260974929,6.7226433854737575,7.049446640102504,7.203483518635,7.032482407977994,7.086747234792581,7.124573160972094,7.125393648488076,6.783173788257115,6.709722734956898,6.275107736578563,6.789238880782399,5.842716803026035,7.125393648488076,7.203483518635,6.3199950974377,6.256044759892101,6.496962278464373,5.236809538470215,5.713749145165746,5.769179504003903,7.027300840712096,7.171429669290483,6.940053181333466,6.194978,6.592039207295676,5.991207485608797
2021,1,2021_01_PHI_ATL,PHI,10.0,DST,4.858643038915208,5.4876184,4.93039785389905,3.755423525489831,5.327687207715957,4.84509665299977,5.366018845059627,5.131043356108716,5.370182588999047,5.123850933779558,5.784697801248939,5.264733381591009,5.488703899903405,5.46527590197046,4.965494012423912,4.681704213014547,5.1827296185806375,4.53310209250964,5.0022136726147455,4.841005880241175,4.744842655116583,4.780769310663125,4.84509665299977,4.53310209250964,5.46527590197046,4.904611437846614,4.9505798367780205,4.964290389485121,5.711277116431868,5.7235176754768,5.696165790544671,5.337459474865357,5.410613713026068,5.5560106221110335,5.31205,5.158286280346298,6.073661707795331
2021,1,2021_01_PIT_BUF,BUF,2.0,DST,7.348869435832057,7.8939247,9.931213623293086,10.11237512004758,8.919522275176234,8.932842012879465,8.08213208766222,8.169766445164427,8.12673455857794,7.905203451163085,7.557455019419104,7.941397190666441,7.827317819068685,7.688764369600602,7.616824113037341,7.76999261427804,7.480845774694114,7.863962980723075,7.415095404729698,7.679564080295034,8.840709743189068,8.885832485623805,8.932842012879465,7.863962980723075,7.688764369600602,7.1897229793037285,7.0305765227754,7.472143885869348,9.394578841636449,8.494685905869302,8.391162446125374,7.490844346145192,7.348491822328781,7.775690258638067,8.165123,9.777670199345298,8.081933021823838
2021,1,2021_01_PIT_BUF,PIT,14.0,DST,4.720721620389199,4.9933314,7.799182316762965,7.476181926435318,7.122457820003899,7.859881379140273,5.971383288346871,6.562731007752305,6.0338697055989545,6.07839228970057,4.435619309659185,4.105252843396034,4.4614330716144055,4.428990518896996,3.873207090066329,4.474242435342486,4.546160957414607,5.324520224564669,5.01223152703059,5.351928972880272,4.674248714676268,5.135562004331655,7.859881379140273,5.324520224564669,4.428990518896996,4.665874511441952,4.611027402494706,4.823495942971728,7.267448066244255,6.052551656877553,5.940338582720216,4.191755566498937,4.60841527424077,4.535050378577316,5.528637,5.7242520076663785,5.867956821118071
2021,1,2021_01_SEA_IND,IND,4.0,DST,5.037300487378388,5.59918,4.036965362616785,3.6153486973950737,3.7883557851206944,3.616242973142188,4.421551028479307,4.422338489772811,4.376595181137082,4.731819683841854,4.786346011496167,4.601717796922785,5.068558315326649,5.096187209300382,4.362281698421148,5.657326925986049,5.157047237372633,4.6638448834265365,4.8650608380061,4.5740873003248375,5.453896952108329,5.3636883717094666,3.616242973142188,4.6638448834265365,5.096187209300382,5.034004438361161,5.030708389343933,5.1444092314920855,4.23748471533586,4.626973195708251,4.688986664562072,4.921827972375917,5.216634529108878,5.070817363992116,5.9416537,5.646750793973127,4.678045575583653
2021,1,2021_01_SEA_IND,SEA,6.0,DST,5.739923791386948,6.9379153,7.3899387669792995,9.125098488871174,6.755779630452608,7.8556722162537085,5.968271604864946,6.286315508132665,5.997120691519054,5.950099332080054,6.853222555459857,6.514198904999184,6.651801633813019,6.547135094220564,6.614744786720144,6.428945907631509,6.829021512628996,6.189069521642279,6.886006238171885,6.4504304263608745,7.00730713035201,6.799579300395246,7.8556722162537085,6.189069521642279,6.547135094220564,5.73742667452583,5.734929557664713,5.852193061225877,7.053450753073963,5.882821338435458,5.815837457615366,6.6092940828685895,6.4977377804328995,6.923593429679877,5.951742,7.20224935829058,5.803538140108424
2021,1,2021_01_SF_DET,DET,1.0,DST,3.7492790226182464,4.6741247,3.973329667299833,4.936263827109122,3.555520627572395,4.350446546542176,3.3485531440259995,3.737905015213623,3.3396187280267524,3.749882958264529,3.1534676040578717,3.3400633723149253,3.557096207116736,3.85811926733294,3.8266259003996135,4.2185725856863225,3.5703669515591145,3.5438001152013,4.725110526707724,3.6535163109268822,3.5895583890534177,3.26699369369784,4.350446546542176,3.5438001152013,3.85811926733294,3.9246809514129537,4.100082880207661,3.8542662519894777,3.5291919744694944,3.343388381639094,3.367641864625703,3.776158105895922,4.456337738819329,3.6529948538032433,3.9148762,3.639232194408321,3.6544163469353044
2021,1,2021_01_SF_DET,SF,10.0,DST,8.103022119219544,8.913453,9.565538899620137,9.648420297311873,8.361566535069489,8.308138344269166,7.233822578213214,6.949218306411481,7.2855773316728785,6.659819497664941,7.897853089896339,7.588942044898969,7.708164572836166,7.609255906122024,7.660668660544016,7.1531863873759685,7.470288599475674,7.969295190854762,7.314271593589931,7.61742296998344,8.070525283012005,7.652820178643538,8.308138344269166,7.969295190854762,7.609255906122024,7.944412313127414,7.785802507035284,8.232812327940936,8.02336183595918,7.168065915908147,7.092069495807527,7.49604970013147,7.202406145096546,7.247803942412699,7.855615,7.591839174436034,6.594382916597377
2021,2,2021_02_ATL_TB,ATL,1.0,DST,2.576500290448748,2.7311516,4.72178787261353,5.246315765188506,4.263984532471575,4.916214081693642,3.516236023717018,4.138171805097309,3.5505082258813347,3.888233517817816,3.5306910318433338,3.957680093795069,3.7017234766111233,3.835618809950002,2.9449994989331576,3.3811895323836887,3.805096250138909,3.849766065996348,4.419279378478622,3.648075336539565,3.79725902671643,5.323205496837457,4.916214081693642,3.849766065996348,3.835618809950002,2.566258144856017,2.556015999263286,2.669150246430965,3.6831240019483333,3.3219815199161986,3.2779642265366227,3.604709882759914,3.6534066795743647,3.7051658198266644,5.114156,5.678511758465812,3.3739052810123185
2021,2,2021_02_ATL_TB,TB,19.0,DST,7.655044391104437,8.755461,5.858312861939872,5.520462447299776,6.470908995335297,6.451411692375908,7.284213195574194,7.306230087265843,7.265179090891392,7.333276713451409,8.20633575161137,8.427464129120871,7.993010795942864,7.94210161914111,7.764215854103366,7.699903246818802,7.915014574438745,8.020386281330449,8.132029391351567,8.28558778554636,8.440321862370737,7.435983431232002,6.451411692375908,8.020386281330449,7.94210161914111,7.556838086562532,7.458631782020628,7.777174609523993,6.415796355197658,7.115937954477422,7.1445922410185645,7.537914707564983,7.691631267008665,7.861718694471446,8.153191,8.03256616874729,7.333143485147192
2021,2,2021_02_BUF_MIA,BUF,22.0,DST,6.739595180809856,7.224557,10.170757889048758,10.589795707030166,8.838636279681305,8.721940428648043,7.436611777539082,7.652171525030291,7.4868631075096275,7.443211335666924,7.075697710012944,7.648343971412914,7.25036797492569,7.450406506986363,6.843803276394722,7.499210078801965,7.031361901452902,7.6653250844412435,7.140109555731836,7.367011856957658,6.758716087720466,6.682921951945294,8.721940428648043,7.6653250844412435,7.450406506986363,6.714986512613155,6.690377844416453,6.855675243847583,8.845809145797878,7.5043437813855505,7.4151348277270035,7.0979226136832905,7.169767310692167,7.366187583206312,6.7984166,6.884091288478625,7.3328575728690755
2021,2,2021_02_BUF_MIA,MIA,1.0,DST,4.561833617664687,5.662699,4.286990313463255,4.787894144565117,4.737394523690677,5.302159813425203,4.892228358282222,5.050661493274712,4.902805088047494,4.918801298166949,5.827094280555744,5.540322101009681,5.236637127798964,5.28658751280886,3.9303066810805936,4.329742164643236,4.6087459878681,4.212402413226773,3.95605462890881,4.271841484831324,6.013855184841674,5.053993526472045,5.302159813425203,4.212402413226773,5.28658751280886,4.626787555488197,4.6917414933117065,4.666751768205187,4.488381983764844,4.666002503132275,4.655823962531889,4.046226273856659,4.368323928914698,5.464511439324719,5.295109,6.205272079514919,4.909882324175793
2021,2,2021_02_CIN_CHI,CHI,20.0,DST,7.154271983270361,7.502655,8.068576619140634,9.443617795876408,7.688786029318519,8.858906164825967,7.204444201039435,8.12939130903892,7.229497243318445,7.8887131408510145,7.122821125044193,7.119977918184851,7.483059306997686,7.626206721602017,7.171485284333475,7.506410960173334,6.793375014598815,7.204385650481652,7.123889738264773,7.354780004658949,5.360638934282822,6.260289627820336,8.858906164825967,7.204385650481652,7.626206721602017,7.164139082925933,7.174006182581506,7.274640250562216,7.9484856959658226,7.43576686827843,7.391011684027873,7.2965296321851,7.088299681111323,7.414373657015957,6.483254,5.672593002417387,7.7882317498759575
2021,2,2021_02_CIN_CHI,CIN,6.0,DST,4.8589362212192375,6.6101646,3.1173612864800835,3.492273291223445,4.124601212702583,4.315431354897782,4.734998019069901,4.540292402224792,4.729530747140174,4.48784275774487,6.099976959651496,5.802815983850111,6.238367546259995,6.187620724678552,4.78595816942113,4.654237610804209,6.148260956113713,5.246053140703597,6.088556449706582,5.4688394223472825,5.8006675638078375,5.594856493832357,4.315431354897782,5.246053140703597,6.187620724678552,5.017198019567224,5.17545981791521,4.97035647241395,4.178961247194963,4.7648135774393365,4.776953613184611,5.441078807927281,6.2431742324177,6.170454815797182,6.146078,6.54755233632881,5.088976552347228
2021,2,2021_02_DAL_LAC,DAL,7.0,DST,3.5420859928999184,4.5486975,3.544739641154523,3.5874277912708368,4.039235025932879,4.107931446380362,4.323378899890324,4.482646028789676,4.317651134236732,4.537389976445013,4.5625854623841535,4.618868504355088,4.223404547172221,4.4145174236541385,4.5836028618728175,4.617997930515643,4.551619911350659,5.261780495929767,4.449690899023912,4.868727376217178,5.402459407488048,4.651916849662611,4.107931446380362,5.261780495929767,4.4145174236541385,3.6613912179461017,3.780696442992285,3.642006686828866,3.471537170382412,4.176740029724183,4.202641673283965,4.8491332034783845,4.764094815906949,4.378361199814667,5.4021397,5.456215472633398,4.512962107326275
2021,2,2021_02_DAL_LAC,LAC,5.0,DST,4.874835271977293,5.8874326,4.952522043104228,5.87734045107547,4.773577088433678,4.916099171304544,4.6620349243613095,4.821538220224136,4.64755329030957,5.004913354331546,4.5491135047457325,5.159571347628178,5.0186502138793285,5.103644356745097,4.885784789455796,4.9083256820792,4.700801664908262,5.287639243202343,4.599437526794112,5.386915607715766,4.896177369493714,5.241808675966518,4.916099171304544,5.287639243202343,5.103644356745097,4.9808069893447895,5.086778706712286,4.980303134513664,5.0884146046777525,4.810887572134483,4.8213150856728255,5.61972408900397,5.011757153591151,5.116339819904358,5.227646,5.681852783703462,5.201815481288406
2021,2,2021_02_DEN_JAX,DEN,9.0,DST,7.85089891729645,8.307605,9.017124360414638,9.158939625479968,8.824588812059726,9.051340356378862,8.244656329408752,8.500070037273314,8.286538162157195,8.246229561594106,8.021765845441413,7.739366140561574,8.20450544071141,7.941709256756056,7.954632867053216,8.187097187828726,7.6885935808755,8.207302320740888,8.024978347571427,7.337617922256216,7.560177897947578,8.068333009902839,9.051340356378862,8.207302320740888,7.941709256756056,7.80600337555891,7.761107833821368,7.979390957594154,9.130426203602308,8.443932795809252,8.360737066023976,8.240415261517455,8.134267542699952,8.513741232951055,8.417522,8.425285469682578,8.313557593962951
2021,2,2021_02_DEN_JAX,JAX,9.0,DST,5.252525195973757,5.630134,7.084225810376153,6.140399348920033,7.156199352290384,6.284915116923151,6.000445200692392,5.553554304871701,6.0542363514471385,5.326007927545456,4.339677464093746,4.524970973555261,4.641323860394032,4.758624595008842,4.71465565094174,4.545264545848486,4.753651892394951,4.804978637150573,4.591768212719895,4.766877336719013,4.853853870688272,4.514896237585371,6.284915116923151,4.804978637150573,4.758624595008842,5.2109562883824685,5.16938738079118,5.361514175286147,6.790572796126085,5.941051477679481,5.859757905872975,4.608604063439234,4.792347580220093,4.73211170285113,4.8976583,4.922066419746356,5.562301868589298
2021,2,2021_02_DET_GB,DET,-1.0,DST,2.436562928519572,3.615098,3.67091546090093,4.802868725912028,2.8241997891502466,3.1785126715090986,2.765171374266307,2.72340370514372,2.7576309388398923,2.8425150323523445,3.821231465546804,3.5270335006421387,3.876117405644105,3.923292357559538,3.215156419522016,3.704714399771139,4.01546756091126,4.848622583936666,4.0080722876773205,4.119504492200754,3.013332340033898,3.088957022679714,3.1785126715090986,4.848622583936666,3.923292357559538,2.610087565240604,2.7836122019616365,2.5362726257808554,2.819795875771952,2.955763358673163,2.973325242704001,3.1668756354828314,3.297427879228928,3.8410029350701156,2.9577894,3.0748730902799375,3.454723463460711
2021,2,2021_02_DET_GB,GB,5.0,DST,7.506446791458796,8.746917,7.861237430578258,7.523818806845476,7.769422982478543,7.878722673341027,7.36246008547686,7.687914772238293,7.394712522721582,7.428123337299265,7.750572350647816,7.164285164236376,7.5189331659752145,7.267416185547551,7.756306388963945,7.7233235365355775,7.733445849330798,7.579093932920161,7.188389769945023,7.076634026490822,9.072974217827582,8.791242089102969,7.878722673341027,7.579093932920161,7.267416185547551,7.482253239760457,7.458059688062119,7.630840361258261,8.152011489408384,7.56839656221134,7.499312415748497,7.437522965937305,7.415893398587563,7.435104915726864,7.987336,8.277094948777476,7.391613058880626
2021,2,2021_02_HOU_CLE,CLE,7.0,DST,8.038433076221384,9.368242,9.953372232897706,9.331546144631115,9.074700270757702,8.739319132370301,7.564979750549959,7.624407409664335,7.6380177934601505,7.149230038947504,7.615199748640621,7.1978663669164025,7.238949022833215,6.927702122650464,7.434734038629927,6.754938364799616,7.2297195334169215,6.674533992276343,7.349465735131087,6.953142966533184,9.371253593692186,7.341076272617776,8.739319132370301,6.674533992276343,6.927702122650464,8.086791739945841,8.135150403670298,8.169975623967991,9.133813029178624,7.630058818463933,7.493446500499998,6.913139277907637,6.838538221499624,7.159131976040752,8.771611,8.016545005712493,7.880859575916326
2021,2,2021_02_HOU_CLE,HOU,5.0,DST,3.002174817254872,3.3439333,2.034103664571869,3.606827172851688,2.5849778374403662,3.727147516364764,3.256590334230925,3.704805316624804,3.226413275385896,3.742367096670387,4.198399951524952,3.950601986847848,3.9632299812142295,3.930844173659984,4.422361137794809,3.874572572151756,4.839086819048813,4.305552925079889,4.057630589043327,4.055141604230566,4.295131747564317,3.5741430867358943,3.727147516364764,4.305552925079889,3.930844173659984,3.101373515526598,3.200572213798324,3.1003666677090465,3.0028095746618413,3.5126614897361255,3.5499255646146315,4.261822304884884,3.8789487120415576,3.9929312040943024,4.7838297,4.239204980173144,3.799883583192166
2021,2,2021_02_KC_BAL,BAL,3.0,DST,4.042774334381318,4.6997566,5.335055205794248,5.961778986379754,4.616504213115017,5.351999971812409,4.718990718171655,5.1342472552911005,4.701242089308756,5.119173742039951,4.762628095583386,4.449229161490283,4.641144193708007,4.367315281652233,4.6600048338759645,4.557659129688087,4.80922609316753,4.690662100518729,4.848207996975501,4.369156995545311,5.708095214382182,5.060708768991536,5.351999971812409,4.690662100518729,4.367315281652233,4.069274545778133,4.095774757174947,4.144206029753167,4.573772824533469,4.910225100659728,4.933229004367074,4.749985850286958,4.934301688112705,4.636829453334596,4.414599,5.249349212139453,4.935773133639141
2021,2,2021_02_KC_BAL,KC,7.0,DST,5.433619608860619,6.2616143,4.743432339130584,4.273698006073968,4.950078797540552,4.393849592428561,5.17017832277069,4.811208001944284,5.166970171839475,4.940078032295403,5.608120793681758,5.835047650190608,6.033526911981117,6.112865339113637,5.465943534815241,5.182983385910105,5.889350012780838,5.398582304333971,5.538011491274296,5.426963749944306,5.171151742171047,5.340577381367477,4.393849592428561,5.398582304333971,6.112865339113637,5.368819139722307,5.304018670583995,5.540153761489372,5.3008743142976895,5.265317492332965,5.2602690776742556,5.257861983560042,4.730258288515024,5.96991787530873,5.12301,4.400524699840602,5.304491362543046
2021,2,2021_02_LA_IND,IND,5.0,DST,4.503972115812132,5.551138,5.360651987266005,6.6972071717939325,5.033429113742283,5.391263069864709,4.902611515057313,5.093550193782509,4.892540438990542,5.159475100502126,4.598606429182378,4.795985334199791,4.641694472811208,4.876559144288452,4.168382121849105,4.785159966886463,4.758834823713874,4.751079138322706,4.775910645136143,4.3025375620321205,4.741313681291492,4.79458024320212,5.391263069864709,4.751079138322706,4.876559144288452,4.541153052579669,4.578333989347206,4.609859018702036,6.27902365302521,5.500991136628258,5.490763013123347,4.464285622756647,4.930320534725276,4.8165462319003485,4.469418,4.550932201124938,5.51839312746092
2021,2,2021_02_LA_IND,LA,7.0,DST,6.040462069518376,7.3361187,8.092770558610207,9.260185033446264,7.373592291161797,8.20491386978743,6.718540738084346,7.29964782836335,6.745910772234073,7.037866185832389,6.937076071930258,6.743542207087568,7.034230717605189,7.174024967769415,7.051793279414864,6.899911425108133,7.408356542186932,7.195281513606064,6.784810101591093,7.251205806474524,6.053634014224176,6.917245603831,8.20491386978743,7.195281513606064,7.174024967769415,6.056741274515553,6.0730204795127305,6.154732364063458,7.768950560671244,6.928261434759487,6.865830751720662,6.976306213461259,6.892662117985625,6.88876672616252,6.4307895,6.192000729307236,6.9250506206929945
2021,2,2021_02_LV_PIT,LV,5.0,DST,4.813934925706384,5.479075,5.193655977946969,6.57408249097316,4.795108187001604,5.387654578297517,4.798119604355767,4.804908735162819,4.794426141546998,4.857973748589027,4.493512794686759,4.360532196087673,4.682406727044075,4.6147022113057,4.884138768629317,4.741750419723128,4.546437056192444,5.183709356071004,4.431489692290814,5.282098851696189,5.410143871965517,5.305394257646297,5.387654578297517,5.183709356071004,4.6147022113057,4.780253841550905,4.746572757395424,4.922600584688003,5.129880586919879,4.968534884112774,4.962340727582292,4.631264264321066,4.446813953124037,4.548882462028014,4.898005,5.4806216821679525,5.010569164190687
2021,2,2021_02_LV_PIT,PIT,2.0,DST,7.22630765719712,7.933423,7.663516003991493,6.282628244012851,7.187484934097701,6.934112092619171,7.241899381487314,7.329019779647181,7.2449361505486465,7.259259497058694,7.919768442495771,8.023891361180658,7.568940966715251,7.638399725042606,7.166506340923017,7.624037474238714,7.596205266963978,8.071096145603473,7.683539701093776,8.236704099664216,7.389261798604161,7.935986095994898,6.934112092619171,8.071096145603473,7.638399725042606,7.180546537216824,7.134785417236527,7.344283200763521,7.221920919283236,7.172784941345669,7.156069008626278,7.305390905552884,7.52377586389722,7.615493593966006,7.0546656,7.372941280759822,7.3710458073074925
2021,2,2021_02_MIN_ARI,ARI,1.0,DST,6.24561475512135,6.810877,6.341826051536829,4.413264931936518,6.196558133524143,4.683219981472804,6.208847005522751,5.744615063568679,6.206662415275123,5.934104614107827,6.478747219332947,6.440173830565376,6.640667040410677,6.6452787978271175,6.482531736927046,6.612766704655556,6.975626048916276,6.102204475947902,6.882049590826962,6.284393232681255,5.795867416511392,6.149477062810768,4.683219981472804,6.102204475947902,6.6452787978271175,6.332748164085385,6.41988157304942,6.356796987990516,6.44375719204446,6.181534333448876,6.172971841969984,6.413462100013106,6.570994319463322,6.570404710294447,6.867047,6.4347847228909085,6.354050438847728
2021,2,2021_02_MIN_ARI,MIN,12.0,DST,3.777330473703601,5.0258965,5.124609537565931,5.473172182758034,4.31598396992232,4.85894679625267,4.221662992009255,4.404185501113759,4.215952655288035,4.442577072027101,4.0002155843963045,3.7178057879783455,4.167513508140042,4.150211170695368,4.404849668444289,4.402991143771946,3.753373148749637,3.953089698523554,4.425493199457247,4.289998663582736,4.201170560562699,3.955838079607504,4.85894679625267,3.953089698523554,4.150211170695369,3.845723634642171,3.9141167955807408,3.8812964138170747,4.248522439771135,4.014101813367666,4.029982217912872,4.788307922277637,4.775937562975993,4.112271211666418,4.18573,4.739930935385068,4.04117495948322
2021,2,2021_02_NE_NYJ,NE,19.0,DST,8.116629690021144,8.546205,8.303207738445554,9.238318869095396,8.407537669768953,9.385502356504714,8.225529370696359,8.851523874351253,8.242775728725263,8.613822799434768,8.031308167913842,7.922839556294773,8.063405304197715,8.23132527510266,7.610589330361902,7.902161285279027,7.906052973516966,7.800746259584454,8.045133507065888,7.935632986542378,7.615122129393712,7.829671635931128,9.385502356504714,7.800746259584454,8.23132527510266,7.980418851186619,7.844208012352094,8.248756074952325,8.153701381958252,8.561135973896208,8.541301088883877,8.259719037177858,8.394118601664282,8.129182101240525,8.466354,8.639657978008334,8.106298817062473
2021,2,2021_02_NE_NYJ,NYJ,3.0,DST,5.606846838092999,6.0918565,5.363286924329414,4.789941303753714,4.825044496019729,4.02569009677959,5.236589362198111,4.564328132254519,5.196017618198567,4.898137234406589,5.095971598572368,5.216232043181925,5.440347603304061,5.392789903921846,5.319531630152972,4.4911103015679545,5.11731658881129,4.211389192144932,5.541290175659466,4.490441052978557,4.67752885423204,3.839759367356798,4.02569009677959,4.211389192144932,5.392789903921846,5.701324962169542,5.795803086246084,5.719671182010403,5.049361265890168,5.268342582791825,5.333650037044182,5.120010405606237,5.531257550037791,5.175720149752865,5.1773834,4.511509881904261,5.374185958202302
2021,2,2021_02_NO_CAR,CAR,12.0,DST,5.4792720181498815,6.299502,6.061590441542686,7.415502429834758,5.60501073579947,6.432901863557016,5.084496699752157,5.256096395269813,5.110614019142453,5.029823807618564,5.890980710688513,5.606669917964219,5.797697062548284,5.91480140015743,4.643238898528686,5.102300745888246,5.2269956725043,5.620004293055617,4.901585745150298,5.733453365349929,4.647088368117152,5.2414464577070055,6.432901863557016,5.620004293055617,5.91480140015743,5.584296174267082,5.689320330384283,5.592369598681927,6.398265533479067,5.362548429926159,5.296263351719303,4.761988526146727,4.761389617199231,5.832932439207837,5.667165,4.925201936690589,5.470293238639441
2021,2,2021_02_NO_CAR,NO,6.0,DST,7.237816841023725,7.6382375,6.747384780362679,7.980595755289906,7.350602196794255,8.820789997295392,8.056419647528598,8.744506785452838,8.044675939477077,8.570553109141482,8.559887745765362,8.51111894873213,8.817769653580799,8.935937742946775,8.94286354251799,8.30667869839232,9.096163351451796,8.316424612434869,9.377022720943502,8.530574004492337,7.34469056106762,7.333755121459383,8.820789997295392,8.316424612434869,8.935937742946775,7.027525978471615,6.817235115919504,7.356037765371663,6.9210798692533135,7.864910120854249,7.899333618674087,8.784274855766627,9.074981330013875,8.554278269137887,7.4906273,6.7068090518622485,7.714488601545934
2021,2,2021_02_NYG_WAS,NYG,2.0,DST,5.72376621272932,6.6016207,4.4932835834337705,3.871149411898958,4.269176060826645,3.93621461719561,5.253955100912524,4.713326412626211,5.188563934919089,5.136125851927189,6.212937058424185,6.069270324373687,6.524301340856115,6.290089048890367,6.177474158272802,5.91925200933172,6.253574252163632,5.8104002518188045,6.285784138751948,6.149660898133792,4.795360937143951,5.743947097381945,3.93621461719561,5.8104002518188045,6.290089048890367,5.806913924717096,5.890061636704873,5.837483006439645,4.393656741319784,5.07239742729106,5.189286125165225,6.53779738080063,6.247314930379294,6.297461595823437,5.6726084,4.807705483252115,5.518254260205608
2021,2,2021_02_NYG_WAS,WAS,3.0,DST,7.687681432286973,8.386601,7.612320184949274,8.32730614172119,7.602856489220279,8.2718440108981,7.695165959415654,8.088513257649698,7.687579073941015,7.985785352531658,8.405111837694507,8.572518786101707,8.25716086158209,8.320226949481173,8.30563746737209,7.757883223388912,8.345542235419767,7.939183832015427,8.352986750205663,8.05154910491109,9.07563654506979,8.605261891465748,8.2718440108981,7.939183832015427,8.320226949481173,7.737406090911221,7.78713074953547,7.816150342880273,6.936740005107132,7.444441206821562,7.477072418141565,8.305253133740589,8.39267519490349,8.35635034623555,8.280991,8.997535707558194,7.772706769657213
2021,2,2021_02_SF_PHI,PHI,1.0,DST,5.35099095097092,5.59918,7.516233890279335,5.959030361050695,7.239591549240848,6.807858893571754,6.463788920653728,6.452911492860106,6.485764698612404,6.334876011935234,6.662463493271691,6.821958321775616,6.450321734286808,6.348247708504135,5.296592988807037,5.980749987125094,5.944745230410408,6.502493506465758,6.205572130506483,6.258075237058256,7.602344294442498,7.154716516255462,6.807858893571754,6.502493506465758,6.348247708504135,5.374165294441771,5.397339637912623,5.457488245802065,7.0534978110983,6.412778296030195,6.3871826260274185,5.9486629229771655,6.517000501086935,6.641628991568138,6.6516414,7.9755765922221755,6.408797758012487
2021,2,2021_02_SF_PHI,SF,8.0,DST,6.324805145891258,6.9379153,6.59680336581073,7.795310321314957,6.0862002481420685,6.742760003679082,6.521992713660462,6.353220534850127,6.497283913146649,6.431089008355996,7.075045650290725,7.462394273667531,7.253612134154048,7.130460696077504,7.603526108549168,7.604850648732407,7.597299957101777,7.59173274087033,7.256030191488551,7.260924407399218,7.819281754681534,7.895856196166703,6.742760003679082,7.59173274087033,7.130460696077506,6.30489725743169,6.284989368972121,6.438336043501698,6.39285126955269,6.5192749968968515,6.538226189599615,7.785726769419853,7.6169675921699795,7.011501002666066,7.2766995,7.425373812944733,6.379652478901384
2021,2,2021_02_TEN_SEA,SEA,4.0,DST,5.61749187589866,6.930982,5.415756828707605,6.393992601162915,5.571456251104463,5.686015456468265,6.199682943456231,5.741553061934571,6.176064397561111,5.862498154533148,7.270385993834625,6.596236739441084,7.118984989620108,6.902794915485456,7.016959793009803,6.899191255154319,7.354968733120849,6.253735179700712,7.113932961306126,6.382050042333219,7.392819954380109,6.33671933056518,5.686015456468265,6.253735179700712,6.902794915485456,5.5882678946604605,5.5590439134222605,5.725927988494003,5.245748267566673,5.859272317638063,5.902522285973722,6.965413835582485,7.028965544531326,6.824372834219557,6.6848645,7.424956886516802,5.698746282596137
2021,2,2021_02_TEN_SEA,TEN,2.0,DST,3.647612357464991,4.030389,4.821588050819679,5.66536245779238,4.556143995684861,5.399872299250481,4.397919642013399,4.774816449241689,4.409948652846634,4.606331816211467,3.7278405473540617,3.393303417178764,3.848367953478981,3.758295538934597,3.8265127417223264,3.91767594537648,3.5191495947184723,3.844077287777269,4.06622645992798,3.222371490421755,3.1251223449159498,3.2294965258170047,5.399872299250481,3.844077287777269,3.758295538934597,3.695449490279385,3.743286623093779,3.7480958545022665,4.714444343849284,4.446850329553245,4.417475487922443,4.01713146631478,4.168357380633566,3.626671789757541,4.327856,3.55680644652777,4.329574537754367
2021,3,2021_03_ARI_JAX,ARI,17.0,DST,7.720086083477672,7.615827,6.877227118779759,5.44292450640239,7.23119130571119,6.153394435865154,7.906634802302436,7.493253710192117,7.882546119101742,7.774750764661901,7.802772555450858,7.718741348330359,8.07728569208861,7.991784693062478,7.698501963863041,7.456842497597497,8.223377516107234,7.305521688312112,8.095225571302052,7.6256286935592446,6.64189646293803,5.864600589058377,6.153394435865154,7.305521688312112,7.991784693062478,7.524972079952742,7.329858076427812,7.836097911609977,7.906074439161191,8.271151559109702,8.283580286760031,8.084529223437364,8.261627945827772,8.105948795186633,8.044911,7.881403706670377,8.162060027609481
2021,3,2021_03_ARI_JAX,JAX,8.0,DST,3.676317373210544,4.045866,5.185929951379266,4.096165504415625,4.27712036925535,3.811245232798448,4.1885563382167845,3.959067811241402,4.171355142917238,4.079073260295878,3.161312660948526,3.759286652729485,3.4800986502484155,3.5448322408693214,4.66992898687009,4.516177879323606,4.650158499497383,4.460506463140423,4.929197556508076,4.550242770650289,4.5420973192089775,4.392685523560704,3.811245232798448,4.460506463140423,3.5448322408693222,3.7393198990138545,3.802322424817165,3.7771660934942224,3.631322996081012,3.849535727216197,3.8866320752039,4.411046323374631,3.792240768344539,3.603128245193247,4.5901194,4.139899988351523,4.093202347716243
2021,3,2021_03_ATL_NYG,ATL,5.0,DST,5.154374236321683,5.7742605,5.213015737509465,6.926484221836979,5.475872304589972,6.505557850574994,5.714288064834289,6.236629258902714,5.706761940788982,6.175085274440504,5.55965028101248,5.846078843769644,5.41516148334268,5.8101488614466135,4.742468938847674,5.251648637700291,4.6902471151087335,5.69794409304894,5.142901875933357,5.3327482813590255,4.459658425582465,5.235425767901236,6.505557850574994,5.69794409304894,5.8101488614466135,5.265602845317577,5.376831454313472,5.261574119606688,4.816204038837142,5.415151018051395,5.4407303159195815,4.590365854939961,4.80744073187612,5.258378245789665,5.138382,4.609106540501387,5.992710515986691
2021,3,2021_03_ATL_NYG,NYG,6.0,DST,5.862751119996375,7.112996,5.398040839102147,6.300336794521913,5.236624764120201,6.186398648641118,6.005522187787158,5.95774366297813,5.972078848176911,5.992249637525142,6.399239418674479,6.275775941364143,6.48707020733769,6.544077557788071,7.27338686091518,6.9496986015262525,7.10464091178162,7.087648023222532,6.457472482257807,6.958192189570632,5.298186598136765,5.49037336930579,6.186398648641118,7.087648023222532,6.544077557788071,5.8670904203763135,5.871429720756251,5.975136074736914,5.133514199632683,6.034110401934678,6.085559282459879,6.972585345951746,6.813388988605287,6.57780520667837,5.89416,5.4875645445979355,6.152608675675127
2021,3,2021_03_BAL_DET,BAL,3.0,DST,6.404183463831129,7.591806,4.93761825182109,5.95105979670814,5.013676203235743,5.929730043808219,5.922035937484802,6.258342059550199,5.898079602700808,6.292332807842798,6.558812093539739,6.392075693596767,6.562774896238157,6.546857892227587,6.925767223410942,6.951515385015063,6.718947024456541,6.309486440569149,6.855596886065378,6.610124975684985,5.620611401346648,5.4116459026077095,5.929730043808219,6.309486440569149,6.546857892227587,6.285599260770248,6.167015057709368,6.517121362521556,4.444973771910945,5.766519845965844,5.822212460300753,6.522556432016574,6.682996262926572,6.614976915285,6.3326626,6.1332333721715795,5.543317428594416
2021,3,2021_03_BAL_DET,DET,7.0,DST,3.532989699805622,4.2449675,2.3359912975423187,2.2852797256180297,2.027202777865286,1.835234778747286,2.264023998509497,2.1371483818172115,2.231865000246282,2.4064919119984065,3.024528137037745,2.958440035994179,3.480451583940352,3.3625046721828755,4.474239827882234,3.984863082822739,5.014399606504424,4.623140330183027,5.3180376217618806,4.121556683882951,3.3426967596267154,3.110622612906702,1.835234778747286,4.623140330183027,3.3625046721828755,3.6023458497580276,3.6717019997104337,3.6344856814484974,2.648028232635954,2.5470852575280833,2.5771293167187084,4.036182955436473,4.65573539865181,3.366460276205562,3.394955,3.108025663399848,2.9995876235622654
2021,3,2021_03_CAR_HOU,CAR,8.0,DST,8.425567318522305,9.104012,9.08775112789647,8.586774109179492,8.536516595371793,7.997645421842309,7.23032442147659,7.163518879679664,7.280624338287501,6.937025841992212,8.003675994234598,7.59558270186571,7.814209283760074,7.604806801941468,7.27222041446304,6.939110508905952,7.330851589296113,7.001339997575438,7.52937933889329,7.2759268178604515,7.78574200281927,7.382547947127051,7.997645421842309,7.001339997575438,7.604806801941468,8.391832071246037,8.358096823969769,8.560348585690583,9.310250058584357,7.785186018008316,7.662349001671776,7.256268495246853,8.171318627589013,7.400308460126851,8.168742,7.791613276425279,7.722803141363517
2021,3,2021_03_CAR_HOU,HOU,3.0,DST,5.114826917051734,5.53405,3.996311068357692,7.513312154074256,3.8323484905812686,6.252309426936147,4.083654192230499,5.054448365164326,4.059630074969848,4.923744260467986,3.781212676915008,3.779122271952693,4.323584186105975,4.047668967056603,3.8123188540690087,4.171217199429496,3.56711108412526,4.18558911220368,3.614640993534025,4.098071895365175,4.197995926469765,4.758880592959697,6.252309426936147,4.18558911220368,4.047668967056603,5.049830726442543,4.984834535833352,5.223225607938952,4.152812082288905,4.319618814711426,4.356139367875443,3.818436422392671,3.700549412293232,4.31134953322711,3.8465056,4.252328954948595,4.665634172560701
2021,3,2021_03_CHI_CLE,CHI,5.0,DST,4.465863836294232,5.29545,5.847525935943937,4.1653971586223015,5.764883007625453,4.4624548539473325,5.4393913910464216,5.150295741764145,5.462758369292068,5.248263862194557,5.036683362101216,5.161260849620063,5.047232042801813,4.877051809791411,5.496798648553008,5.349953321978933,6.086554802418581,5.67878750500775,6.063482492029011,5.906978268398516,6.138205510444794,5.10848821793284,4.4624548539473325,5.67878750500775,4.877051809791411,4.600220240837666,4.7345766453811,4.571993883078416,5.97076974917755,5.723394194105248,5.675797512346126,5.393602716143727,6.035288321014811,5.148782951161614,6.21055,5.712328870609567,5.909615731894876
2021,3,2021_03_CHI_CLE,CLE,16.0,DST,6.748819977601797,8.642289,7.574482143569114,6.277964593499874,7.524690420033623,6.558193096420343,7.390846015249925,7.150664590118545,7.408570487094137,7.109245607929349,6.96465642037913,6.590841243442619,7.050909390432694,6.7563197854693335,7.998213643051361,7.346682484606815,7.606214455693342,7.238477024264851,7.779407697185293,7.390491103192673,8.341750153824082,7.105217137565922,6.558193096420343,7.238477024264851,6.7563197854693335,6.774344623878903,6.79986927015601,6.873154611020484,7.927877437800643,7.4983492871157065,7.451340405852895,7.895119489103157,7.514726122161199,6.763116886646951,8.300874,8.253126113305258,7.325360648519948
2021,3,2021_03_CIN_PIT,CIN,12.0,DST,6.246985852634833,6.8487644,5.941704775312027,6.911674160013582,6.643634508422271,7.082001411213803,6.418457801458743,6.246306783370445,6.44866427338595,5.994024892063056,6.73629666539023,6.521700759183825,6.4191461065891975,6.586278115731233,7.118335296042061,6.698194161880889,7.582147119227478,6.495365250400288,6.7112518447096745,6.358348457024423,6.978257059178566,5.977821039355781,7.082001411213803,6.495365250400288,6.586278115731233,6.21057946920508,6.174173085775327,6.3657112865238465,6.968216118682036,6.73135870676762,6.67365111025423,7.049397108647909,6.866968782092774,6.481984706894227,7.007437,7.488450312078199,6.473818414568732
2021,3,2021_03_CIN_PIT,PIT,2.0,DST,8.216542619570955,7.9643774,8.133892731746306,9.046441927258268,7.741640645772358,9.267527123856809,8.471426476002973,9.054375142806272,8.443554199894102,8.925849396677952,8.330393631258845,8.313864910585508,8.419352200728012,8.499836267901298,8.248506250438565,8.531050138910087,8.619325692830357,8.90795808431928,8.358197855518613,8.94843681935172,8.276473880201614,8.420558929341057,9.267527123856809,8.90795808431928,8.499836267901298,8.053812336787326,7.891082054003697,8.33965879972646,7.265468039344016,8.168712557588655,8.231567656685513,8.542986974929281,8.400957465863375,8.258938425186626,7.8342595,8.134706613537466,8.24288796124982
2021,3,2021_03_GB_SF,GB,7.0,DST,4.275570008679224,5.224998,6.107384743517191,5.300382949862348,6.007605404859918,5.936558249866294,5.6011530780381005,5.93902647091077,5.616457696738832,5.817882834210356,4.909259772316734,4.414008840493533,5.1089120535410935,4.684498508552672,4.740378803372216,4.965173010284003,4.465588797655355,4.545989190643764,4.802551710080366,4.891392810523223,5.036726626512284,4.449332933314611,5.936558249866294,4.545989190643764,4.684498508552672,4.420126601567445,4.564683194455668,4.381150162227733,6.581485793566335,5.957673288528315,5.9228896567888265,4.761553825806754,5.021845335340976,5.1480852262819825,5.110324,5.256840702761635,5.8201076703551715
2021,3,2021_03_GB_SF,SF,0.0,DST,5.443053105347079,6.7868557,7.443240512309407,7.688361826730794,6.956248859673594,7.0370933516931,6.441323098551228,6.400228601157435,6.478225316269537,6.174771958674436,6.467456849838873,6.348901559457185,6.339619708142083,6.315822521741327,6.567045461881453,6.601116738007801,6.430868257241298,6.998569337629777,6.71273405390658,6.712928300721176,7.048404904765411,7.209231421266484,7.0370933516931,6.998569337629777,6.315822521741327,5.459763947159859,5.476474788972637,5.554338338585355,6.659378310696229,6.518426465435338,6.456414334964895,6.328202746154157,6.711662292125593,6.163843491184596,6.5391145,6.77500826596587,6.143623973553874
2021,3,2021_03_IND_TEN,IND,7.0,DST,4.352279015019297,5.6146574,5.655409171791149,6.60494969611468,5.557051158410475,5.674356530246248,5.081347739749544,5.044474975820499,5.0998439731793255,5.004536227887737,5.548396059797994,5.647598764804718,5.460483408885137,5.537022346175296,3.676981284692338,4.35124081120569,4.432024185285771,4.02447163275447,4.581202575756117,4.651385919896931,5.322905204783453,4.993585420235198,5.674356530246248,4.02447163275447,5.537022346175296,4.4608580324380185,4.56943704985674,4.458158466090069,5.613055602097281,5.185111590178133,5.166230930507606,3.8628442254488893,4.718503536145214,5.48340076240729,4.42855,5.028295720276523,5.193600081388325
2021,3,2021_03_IND_TEN,TEN,3.0,DST,5.585076047779976,7.6227603,7.85886896794807,11.636067872934824,6.939394276341141,9.295315119050697,5.701273087941488,6.592264589855774,5.755242697673521,6.049624670582334,5.937997723055553,5.956909555091039,6.20631874218407,6.187486384569279,6.778911330714503,5.968809731858055,6.4635142965066805,5.585794743500797,6.252954371344705,6.066704243229825,5.1640562307946665,5.516889583921795,9.295315119050697,5.585794743500797,6.187486384569279,5.641507502278404,5.697938956776832,5.700945001598759,7.280715384500516,5.7124178342971,5.61698469281895,5.987781731911994,6.279689370114525,6.128121498969483,5.6346574,4.638811956508601,5.807409547364512
2021,3,2021_03_LAC_KC,KC,0.0,DST,5.037466079220965,6.6683617,3.3679163271492114,2.756515658558566,4.0830876163825405,3.615347546273254,5.376735966902043,5.094941671805539,5.331990422542649,5.445505169819127,5.948013153634922,5.557810484236397,6.018657204240995,6.188686086451495,3.95813617223248,3.9334151404205056,4.10117667447818,4.402142304723393,4.078518622903106,5.204971359186338,4.644549198428796,5.486611953709046,3.615347546273254,4.402142304723393,6.188686086451494,5.035057269746798,5.032648460272631,5.143460433703261,3.844350455653121,5.499047946056371,5.578721899607084,4.189793607933222,4.521597681588316,6.269945163280255,6.041298,5.120551863257812,5.725761185094204
2021,3,2021_03_LAC_KC,LAC,10.0,DST,3.425650264175144,3.7677681,4.502829395054846,2.777302891585001,4.206079298153288,3.136878339048496,3.824491920815958,3.674679705258229,3.831640441197858,3.858274839243254,3.3893491316686437,3.3323662525568927,3.563801353270922,3.6298270344536863,4.044368704211507,3.861753681982187,4.282984387805948,4.126620084080591,4.371253679097039,4.588305804222941,4.49950404469283,4.594133646467052,3.136878339048496,4.126620084080591,3.6298270344536863,3.4885860802118773,3.5515218962486106,3.523964254892889,4.526708037480715,4.255103406893337,4.237882919913511,4.351077612746263,4.0691081920243874,3.5047545291221742,4.5991583,4.389435560510572,4.455360768396168
2021,3,2021_03_MIA_LV,LV,4.0,DST,6.62117834179069,7.86136,5.518065759625038,6.214595337000903,4.9882637307836175,5.613465910675323,5.369509181748018,5.715867144126732,5.334426989562423,5.888702948674947,6.702115790394066,7.477657397354735,7.099773638713514,7.384716462456702,7.5660874002272385,7.73284532909133,7.406838765545967,8.128073424904523,6.944792031503199,7.95585693996772,7.181880137199256,7.773827995053101,5.613465910675323,8.128073424904523,7.384716462456702,6.638651898574998,6.656125455359304,6.744855791728981,5.073833900661925,5.4711453440022435,5.515771616025832,7.429745730913149,7.1818068775206285,6.930474650638216,6.7898126,6.251486867280669,5.717907274898854
2021,3,2021_03_MIA_LV,MIA,10.0,DST,5.077147303951549,6.0763793,5.4010895021127325,5.706898197204828,5.492346595123943,5.612091770518655,5.11068027470602,5.301347842494206,5.131574970247348,5.158958300951642,6.613659025219014,6.219837912180877,5.856152743962824,5.921506440403122,4.898002504082214,4.799422759817789,4.886947829134155,4.954011121880627,4.979257018686276,5.806185541350409,4.95923810211192,5.278590062418193,5.612091770518655,4.954011121880627,5.921506440403122,5.198477070252191,5.319806836552834,5.185394398513348,5.483788144927039,5.075961099883257,5.041415048516378,5.203492508184793,5.1476211202850255,6.015638548372431,4.9890437,5.64456166931694,5.410169816379402
2021,3,2021_03_NO_NE,NE,3.0,DST,6.562683833616068,7.813318,6.031003593149696,7.121182362158946,5.850311433145957,6.249266710384358,6.291943618304639,6.140034600604998,6.267429855429017,6.272007923018312,7.90889562534549,8.012535385774735,8.03627024846774,8.27847178796306,6.999752096799646,7.513958655803242,7.444300200510458,7.717897526452445,7.623884624537713,7.396154809997483,7.205269920610309,7.696654505280128,6.249266710384358,7.717897526452445,8.27847178796306,6.5537741089560875,6.544864384296107,6.686920636626474,5.825771008745665,6.199384477669798,6.2478816629339375,7.002700800105442,7.162386445263126,7.872392809471712,7.613887,7.0594375506343106,6.189014438405101
2021,3,2021_03_NO_NE,NO,20.0,DST,5.93246934521074,6.474582,6.101537712561656,6.801904257421195,6.123164841781878,6.658260640640127,6.565303136101156,6.5954977496745695,6.5369958506864725,6.694627740488853,6.887338530990484,6.825244337514169,6.959905377850215,6.965678457557542,7.2119371230292835,7.331321163800418,7.39540835118432,7.129509800866511,7.952480878820978,6.96378313953726,6.946537415265408,7.883286534763203,6.658260640640127,7.129509800866511,6.965678457557542,5.963217733043178,5.993966120875617,6.04500504333435,5.646704573573929,6.2805336468569735,6.350076154604424,7.355769380754034,7.218539014319189,7.059083913621838,6.706258,7.786837288687084,6.130090677681338
2021,3,2021_03_NYJ_DEN,DEN,19.0,DST,9.597974592934603,9.836898,9.428341864648468,11.621370563793835,9.542584501825925,10.596540372774918,9.506481495786996,9.738149013866602,9.527901509405906,9.51521666245517,9.31556356148604,8.693242235359596,8.95911275707386,8.884357777385427,9.002990720594479,8.85455252502272,8.87645200908739,8.665053388481883,8.331598491184826,8.131077091191845,9.968504580179292,9.92997400330445,10.596540372774918,8.665053388481883,8.884357777385429,9.39884538785737,9.199716182780138,9.740599390264547,9.245127135831755,9.411675242656631,9.383202489496954,8.895127209599286,8.762238558273348,8.859635547409884,9.833837,9.586426168153418,9.243140746869866
2021,3,2021_03_NYJ_DEN,NYJ,4.0,DST,5.0789744813915885,5.1513243,7.665756684517213,7.546560780151244,7.218951777266571,6.71448969107041,6.240511018147634,5.914920923566023,6.281501991555762,5.714074139619574,5.426601044881967,5.149542727648028,5.021773878536065,4.891801042820391,4.477066116253853,4.489900015388405,4.621986198033512,4.225962603681785,4.631771229597825,4.058944327903131,4.766323577669258,3.8697196915439056,6.71448969107041,4.225962603681785,4.891801042820391,5.043949940922475,5.00892540045336,5.186174319969841,7.69788720191673,6.370343151270603,6.292519576290059,4.615011903227595,4.772860498948941,5.400701978486537,4.7898498,5.281085414750686,5.960103915284344
2021,3,2021_03_PHI_DAL,DAL,12.0,DST,6.283394940697982,6.6117754,4.519258201563941,4.66655739032344,4.954596821449662,4.993446370535981,5.972190570292454,5.552471454392817,5.929048984492783,5.857566953604008,6.014098835494786,6.1877006094495615,6.519128450057549,6.739361619984115,5.954799618899966,5.738851112080448,5.808733956407013,6.292274293447583,6.501863692906114,6.040560692869976,4.8574006202914335,5.677479043974294,4.993446370535981,6.292274293447583,6.739361619984115,6.237620481202319,6.191846021706656,6.394590866803332,4.888653167455756,5.6679277245215784,5.735643865077027,6.206968305761582,5.582156886709442,6.154054215698965,5.3401494,4.732778488195726,6.044437583258241
2021,3,2021_03_PHI_DAL,PHI,2.0,DST,4.279949635949907,5.0499177,4.403200238019215,4.421149161146077,4.680001949057296,4.582833453159221,5.1233960404680055,5.003320671747215,5.095406516177385,5.140365060265659,5.648735120683426,5.290849483207818,5.395762541895147,5.383916205839493,5.402095359114491,4.541283935390654,5.329562649327238,4.558089468214888,5.24940554839496,4.9273544264870495,5.947702308626001,5.792929234941303,4.582833453159221,4.558089468214888,5.383916205839493,4.4137135107237535,4.547477385497601,4.382426996194834,5.0357103863872865,5.357434756330372,5.381853108582922,5.578721670546457,5.630596354728082,5.506003583838045,5.6284966,6.739081804959645,5.80635824876968
2021,3,2021_03_SEA_MIN,MIN,3.0,DST,4.759511186146716,5.0344405,4.928204987728071,3.6432763797746026,4.90114792523886,4.580867624935898,4.839622835566159,4.826545323182821,4.853711024903348,4.80832750342108,3.690028049689788,4.019835021039451,4.181553390307395,4.465744691851769,4.247429230550278,4.874537340552366,3.616994936284274,3.65933922788632,4.1463738149684986,3.7230345849176234,3.769587434058327,3.3821550006836425,4.580867624935898,3.65933922788632,4.465744691851769,4.736865015324425,4.714218844502135,4.864296919054535,4.503150019676813,4.922538840050959,4.909332460398632,4.571401967917993,4.8125113068257805,4.100390876326889,4.597429,4.271218923730202,4.915170172056738
2021,3,2021_03_SEA_MIN,SEA,0.0,DST,4.898669740385832,5.9269304,4.940769420777157,4.770604903699323,4.927216249201415,4.687570944075896,4.921327276080026,4.571985012298386,4.915198232309923,4.6117683162343255,5.493299391971609,5.070274596647357,5.796212820353625,5.617859782792793,5.469659582428517,5.516428483852803,5.571375191126164,5.306516155977656,5.942715079861554,5.218835108653698,4.891742402662927,4.579026053033483,4.687570944075896,5.306516155977656,5.617859782792793,4.994049246030692,5.089428751675554,5.004382472115387,5.176078629707235,4.622970650626511,4.62369932961049,5.01970025085233,5.1697401144978095,5.549195769415138,4.8179708,4.76204500364224,4.639267954926474
2021,3,2021_03_TB_LA,LA,3.0,DST,4.471445797508848,4.994942,3.9533492510312422,2.602214028562286,4.439946924619731,4.135819497222126,4.806663130657224,5.381031968807986,4.797235686577498,5.43454132009879,4.986504160621304,4.919680918735019,4.831906305822585,5.183874969858941,4.4066062358747935,4.738759532045902,5.387301119028471,4.97558028262922,6.074450850083321,5.745318144488543,4.642174433417577,4.929369838171176,4.135819497222126,4.97558028262922,5.183874969858941,4.36284802344336,4.254250249377872,4.572389356273344,4.44242018126355,4.868749788084995,4.871423021632349,5.022425554911607,5.175928602797047,5.147617688642196,5.825351,5.9734058083114405,4.874324454152612
2021,3,2021_03_TB_LA,TB,0.0,DST,4.865154272452655,5.4411874,6.674195713360906,6.790674346448486,6.43943676568409,5.825362373528081,6.003839765152367,5.720802202979944,6.02367689817155,5.666667999721608,4.511643664642519,4.981404935925909,5.045648627785146,5.281406413655834,6.014340772601525,5.755110172941793,5.969280958043598,6.038448849311344,6.214413269842477,5.760068239770263,5.981323088867778,5.950398001417071,5.825362373528081,6.038448849311344,5.2814064136558345,4.728629964138885,4.592105655825114,4.9681645154151735,6.645979781772743,5.91324399892124,5.875925407438004,5.669622145362537,5.696173641563546,4.964453328633544,4.9949903,6.1580200936773295,5.691751770517388
2021,3,2021_03_WAS_BUF,BUF,7.0,DST,7.836121701222445,8.554749,8.607410818584404,6.361217143216293,8.021452500850064,6.610196600186231,7.881019984804858,7.433740334266353,7.868508504920682,7.678061743674508,7.947229374185393,8.393896956516828,8.261924119957634,8.652978388825879,8.693783936896862,9.238263550128536,8.466192507708067,8.587459220228533,8.69556854061606,8.774761601085329,7.908962151222854,8.264901401632377,6.610196600186231,8.587459220228533,8.652978388825877,7.83766233473861,7.839202968254775,7.9635861496915465,7.792525261125941,7.690094270686329,7.7157821567879346,8.24462212950566,7.896121893360875,8.520674338015075,7.80123,7.385335909270931,7.978291150942766
2021,3,2021_03_WAS_BUF,WAS,-4.0,DST,4.125515462049324,5.20791,5.251984403926508,6.076104664041429,5.328101047971043,6.349609849291899,5.224474297823908,5.504453001555452,5.2422269563804536,5.2725511529522056,4.534243992332025,4.392400177165798,4.714064256123825,4.553160530752312,4.549905342684108,4.890937499521876,4.813436059243502,5.100345925042764,4.810213669690672,5.189796786776244,3.672922308840248,5.537774991442351,6.349609849291899,5.100345925042764,4.553160530752312,4.230380532795892,4.335245603542461,4.230978198693834,5.384412003650517,5.024912175090073,4.986461044873333,4.457600489525328,4.154368300308928,4.277263351503949,4.464417,5.133361949658494,5.14358513601295
2021,4,2021_04_ARI_LA,ARI,5.0,DST,4.688023065947418,4.6997566,5.350272408273671,3.809384204153074,5.69200247263784,4.219509164959239,5.583070446267939,5.017079712744346,5.597251981094391,5.104684416548664,4.86468708005209,4.802694973181905,4.703555739118128,4.842860763112975,4.593210118729459,4.224060384921743,5.011944847190926,5.09382044980263,5.098534901165172,4.799300733451384,5.272606419180204,4.53724625470899,4.219509164959239,5.09382044980263,4.842860763112975,4.639745137253195,4.591467208558972,4.789148904714755,5.931088388926762,5.683750202438578,5.658663196348089,5.048429435169174,5.589585710713877,4.75252495424571,5.139577,5.9848876094097,5.7372970300452915
2021,4,2021_04_ARI_LA,LA,-1.0,DST,5.63099035266751,6.2616143,5.2377284498219865,4.6423522541992615,5.20013387510621,5.373259174797566,5.759872037441379,6.416462748593479,5.735688371972022,6.481388586207268,5.602539550017831,6.2199477450640215,5.981999182222393,6.335474331897912,5.680154262567528,5.569563247493736,6.281508398805349,5.420126202375669,5.891619993047396,5.607125309454479,5.241364525762167,4.906982886664688,5.373259174797566,5.420126202375669,6.335474331897912,5.582675150452208,5.534359948236906,5.737793271898787,5.509065471827171,5.759761187527183,5.780575790480921,5.608519756736324,5.652376675560451,5.832122519880782,5.3546085,4.8023367461891775,5.618853512103648
2021,4,2021_04_BAL_DEN,BAL,11.0,DST,6.7545792862294665,6.9208274,8.536892792968905,9.978142731288392,8.069659557495697,8.929101406838537,7.392793929376088,7.672154002581221,7.428490055499959,7.323121387023055,6.843084067208206,6.717512102160217,7.0021796355872405,6.74322599834472,7.393858053807702,6.955135721398826,6.316470392976067,6.563607905232128,6.700222118602548,6.84357804030163,5.7966271304801005,7.010515323173008,8.929101406838537,6.563607905232128,6.74322599834472,6.516196994947091,6.277814703664716,6.867521630044495,7.664461767949652,7.415969317097719,7.368489884047856,7.3449790289281065,7.099257609086196,6.603716057724176,6.5805473,6.653535374902053,6.781292960967573
2021,4,2021_04_BAL_DEN,DEN,3.0,DST,7.210965493149692,7.3670726,7.362664931662719,8.593158160902812,7.148461730103595,7.595156804416769,6.981923238772886,6.998368391629943,6.987304245808466,6.912643931985484,7.798732724243664,7.684997892447466,7.913396168414618,7.5807821538304765,9.347650681572512,8.696976080740207,8.829699282071058,8.530201231720014,9.214863198189953,9.28289086750538,8.00809409811591,8.198291211948977,7.595156804416769,8.530201231720014,7.5807821538304765,7.059228830870652,6.907492168591612,7.327497906055795,7.308212404889612,6.867571093196213,6.852748853802532,8.39081212657831,9.24671305007587,7.907075247396789,7.634638,7.347603531462965,6.569655884770846
2021,4,2021_04_CAR_DAL,CAR,-4.0,DST,4.51258405802712,4.8267946,4.8090935421403485,3.987911640554922,4.733472232828847,4.346461922822061,4.978112870504059,5.238086235043218,4.947509480672067,5.47423670135445,5.154806868217719,5.274868600780572,4.84259122855882,5.096266197468341,4.553249821396072,4.601865397112019,4.938682662244986,4.923160162574534,5.185848148923904,5.382763322544228,4.512635083388126,4.760625351163197,4.346461922822061,4.923160162574534,5.096266197468341,4.62808486324051,4.7435856684539,4.614569585044686,5.663183043397789,5.664721132863899,5.674633180656848,5.348379632515308,5.985549075859476,5.167879673188372,5.0306087,4.704893939972995,5.805685615789029
2021,4,2021_04_CAR_DAL,DAL,8.0,DST,6.0852489227353646,6.834898,7.902596462993936,7.7849252892681875,7.329941592159747,7.39363415154369,6.713955168318911,6.709851443877251,6.748282411576954,6.461906044841999,5.563408434584312,6.048872306331678,5.880393372314007,6.103067208295634,6.767120765627912,6.884907596325612,6.5545023695418925,7.160400436668597,6.465217690637476,6.651543196805788,6.432717542459177,7.558859463131826,7.39363415154369,7.160400436668597,6.103067208295634,6.047669929386696,6.010090936038026,6.196440139677074,6.771029025001255,6.623473270583113,6.574419826817113,6.8153205714670815,6.949948528809912,5.843501375152867,6.4291925,5.94971691906104,6.617218516784955
2021,4,2021_04_CLE_MIN,CLE,8.0,DST,4.952797918314768,5.9664288,8.252464097858121,8.066844613726026,7.226896709866107,6.6491583203005655,5.699839105344957,5.567391300172028,5.746317339361396,5.447081512031051,5.370864269232181,5.657015161941226,5.655836690131855,5.63659682472097,5.523049036623522,6.010231855092464,5.775638279867765,6.28166683006636,5.865769445514776,5.852877886188189,5.636219357486927,6.079336538962178,6.6491583203005655,6.28166683006636,5.63659682472097,5.093733735609143,5.234669552903518,5.060008106946348,7.758851149513847,5.87423001958678,5.787214405894684,5.589613420081193,5.745357634966102,5.669845605578257,6.2303367,5.8256457652043565,5.6340450409996405
2021,4,2021_04_CLE_MIN,MIN,4.0,DST,3.840733227608689,5.5201836,3.27696861690312,3.270899130059936,3.353005791537245,3.8094093935428814,3.8247523121351503,3.815890957327429,3.801594772239933,3.90797064344621,4.371791244219455,4.733002193911447,4.740152385543051,4.956665980992215,3.866861590249863,4.55425853330196,4.002505896189884,4.668250495895693,4.393814430198249,4.531903743365659,4.595202181383619,4.011800078458196,3.8094093935428814,4.668250495895693,4.956665980992215,3.9870362744165346,4.13333932122438,3.9448689720503793,3.1713742763797734,3.893062757894557,3.9297097978221953,4.114500549496698,5.044126477599676,4.774953930422136,4.8266563,4.012873668510824,4.2340383468159715
2021,4,2021_04_DET_CHI,CHI,9.0,DST,6.966504945173023,8.163479,6.774899589524509,7.03980758449147,6.5632315945053605,6.873567761813908,6.569303717387232,6.553075607586057,6.5754357169459965,6.469077419655888,7.696369236107474,7.890826660138376,7.607795016398406,7.718333050123567,7.854573931445415,7.4575874828303395,7.631331217762622,7.288904137402069,7.157669008975476,7.256139382598561,8.12514913939259,8.593881587834925,6.873567761813908,7.288904137402069,7.718333050123565,7.055328362098527,7.144151779024031,7.092680028767652,6.8972820405685695,6.694949764583858,6.674538778680372,7.601901609608444,7.4873565043784245,7.651576303597681,7.7830577,7.045084060736715,6.893882216682485
2021,4,2021_04_DET_CHI,DET,3.0,DST,5.809520296672881,6.8247433,6.721632879226899,7.647283403092178,6.326942853048242,6.997837753886361,6.238662745135325,6.214902190304667,6.23393658213986,6.22251361293755,6.104972476839468,6.328576089440556,6.204804732328007,6.418164729017718,6.810982160242723,7.212917425265186,7.121853622296696,6.540826811499901,6.808845306348105,6.699292434207661,5.480815171857754,5.977687922878589,6.997837753886361,6.540826811499901,6.418164729017718,5.911939844972564,6.014359393272248,5.925731156586962,7.08571311792772,6.485273002328768,6.465589575208564,6.641462963592237,6.184884713427344,5.993426777399415,5.992974,5.551665609399078,6.58715457003289
2021,4,2021_04_HOU_BUF,BUF,22.0,DST,10.019347566039054,10.770497,11.72920178847607,12.258141503930556,11.167567324386402,11.734367073895475,9.91031267273673,10.506783834091737,9.984941099464152,9.920317898779125,8.564798447270006,8.39136086657326,8.222585889343376,7.910823499337612,11.108237902176985,10.525452540055266,9.835382094203322,10.090097523245744,9.834065267676351,8.981207315889325,13.271099065528285,12.626738495668048,11.734367073895475,10.090097523245744,7.91082349933761,9.89398028350769,9.768613000976325,10.16606006230682,11.149873790465367,9.94751607399294,9.816009789693103,11.27848534370333,10.371544608944038,8.155203981000318,12.361167,13.708318530967647,9.844702071374885
2021,4,2021_04_HOU_BUF,HOU,-1.0,DST,2.1823502316994827,2.2918396,1.1441634847277395,2.965972553308415,1.3643446201560678,2.872537518715527,1.7422148087453104,2.630391084593491,1.716989020064915,2.6133458478382003,3.7133617428461,3.714268930923872,3.868771763475485,3.6572214165226895,3.2767630133871943,2.926092830807054,3.2544302460130687,3.335472822911703,3.0088653389466224,3.121062415898655,3.2051393898566096,3.2072064989195703,2.872537518715527,3.335472822911703,3.6572214165226895,2.3585330941545775,2.5347159566096726,2.276026264996817,2.158964588917776,1.9967456985425116,2.0144106269663826,3.165527277424321,2.9821134358725265,3.925362200499097,3.905907,4.274884366555187,2.731464726665195
2021,4,2021_04_IND_MIA,IND,8.0,DST,5.773129750142728,7.0238447,6.44930203340427,7.065955717127174,6.556668318693026,7.230372747841578,6.355950659438785,6.971060145189063,6.360112551566195,6.897369814404562,6.568161120691169,7.066259349485505,6.661132292989837,6.892683270901178,6.820487746303754,7.346148458782624,6.927762216759118,7.101133207265414,6.656641488745791,6.849764275751504,6.594102216235658,7.1264405940304565,7.230372747841578,7.101133207265414,6.892683270901178,5.900738719423972,6.028347688705216,5.89067306398286,7.108634859068479,6.644809013370552,6.623851643652938,7.289890574067412,7.503706268133371,6.641342537843087,7.2787695,7.67145375869598,6.716586294716144
2021,4,2021_04_IND_MIA,MIA,4.0,DST,6.481742513217995,8.139458,7.030693653580396,8.142937711211545,6.804192894862454,7.118561489447751,6.623580929101097,6.695723081749211,6.640035742644852,6.543860789792265,7.224457150650889,6.965280678082474,7.387066867539709,6.991158688995623,7.283696183391037,6.864947481767488,7.36678271730776,6.742317900554261,6.967273930992091,6.879377620788265,6.581397783651762,7.792240230860292,7.118561489447751,6.742317900554261,6.9911586889956245,6.555505407254869,6.629268301291742,6.60435175136795,6.206077296597494,6.262274158685934,6.254835916028346,7.050150729068577,7.113911043498989,7.383645107715035,6.9500637,7.644776191373629,6.645091418987532
2021,4,2021_04_JAX_CIN,CIN,1.0,DST,8.012875811434936,8.467208,7.126549609264985,7.1813512350106405,7.080332824816167,7.331064975958421,7.2845459383444675,7.09138284177328,7.271386014405865,7.137358002254175,8.209191153729826,8.017452725445555,8.085777889572512,8.155554661655177,7.9896066296586365,7.454557106929392,7.625326579719123,7.008134091756299,6.952870575481952,7.244554330422519,7.112306823801098,6.890907754599696,7.331064975958421,7.008134091756299,8.155554661655177,7.895575727787455,7.778275644139974,8.141104676663684,7.683402153226369,7.657820802494238,7.6539026665347984,7.8045594777665,7.571825101474297,8.073223714463964,7.0490327,6.449371359291569,7.3718695303397705
2021,4,2021_04_JAX_CIN,JAX,1.0,DST,5.4291177630500185,5.12037,6.866956398301133,5.683751190849632,5.941067952725804,5.1105016305025925,5.605035821229519,5.202611992804334,5.5989844399576665,5.348726483316561,4.196336862301901,4.398006514988652,4.6460807081958455,4.497723874913669,4.828570788726906,4.918583401096587,4.765245317472056,5.174137282274346,4.68678742252302,4.430918305707208,4.304287458633884,4.612432453538179,5.1105016305025925,5.174137282274346,4.497723874913669,5.361376584738037,5.293635406426055,5.537250728786787,5.128133748520797,5.4094703280075365,5.443993090430001,4.787522178313802,4.479519647615108,4.330072115843949,4.030451,4.229448463385405,5.5137623858497875
2021,4,2021_04_KC_PHI,KC,2.0,DST,6.9619092284339725,7.1541047,7.430391884683412,6.681439594709458,7.161335576654483,6.988062063173348,7.218034666303881,7.222226159103563,7.215419295825979,7.301632490063685,7.384352890586769,7.393647311881849,7.345847967837253,7.52269795719985,7.018721181048755,6.956440588540638,6.912399778618712,6.887860975207719,6.638689092503516,6.826455096273172,7.331747181106798,6.492678298954584,6.988062063173348,6.887860975207719,7.52269795719985,6.781282637389175,6.600656046344378,7.074044705021558,7.3612899648622,7.332046578949449,7.323718772960037,7.286069769035672,6.74538914032682,7.495530885736517,7.171039,7.030297441791278,7.076145696418928
2021,4,2021_04_KC_PHI,PHI,-1.0,DST,3.3325931032641813,3.8072662,3.9652371714100543,3.6896220970417946,3.8642298667298505,3.5036270784313004,3.9664951794451286,3.812191074177758,3.9476931355763263,3.935869173535531,4.384084667134524,3.918947460574621,4.007086633291521,3.818039181074228,4.570678546201773,4.319288150250323,5.349504320090276,4.260754789565159,4.774683087775547,4.444445073459342,4.792621692463116,3.960659500517087,3.5036270784313004,4.260754789565159,3.818039181074228,3.3874388275473146,3.442284551830448,3.430086452302289,4.545209408175316,4.511997696473248,4.516027814074235,4.785834731164381,5.2761087395687865,4.205620683455774,4.9796085,4.59454453800179,4.7389161638463735
2021,4,2021_04_LV_LAC,LAC,7.0,DST,5.38813836166925,6.412674,4.818431410006288,3.517679642171153,4.304846483308861,3.6343663222598304,4.4048652213609385,4.2398349726577855,4.382137400965293,4.499563326212436,5.163892119128263,5.376352195706779,5.371708896678784,5.536452000311874,5.000484234006958,4.971878258135465,5.208130641502164,5.504119716570489,5.208375070733965,5.516538964180316,4.8243551393431625,5.633544513403225,3.6343663222598304,5.504119716570489,5.536452000311874,5.460125795237434,5.532113228805618,5.496166262283451,4.579204149209503,4.605411071745991,4.628391806386045,5.205860366855409,5.483684993982578,5.2803185253916745,4.9067497,4.63996100193812,5.071042614414276
2021,4,2021_04_LV_LAC,LV,1.0,DST,3.85950961708466,5.0739384,2.6397564869461,3.4679615530863197,2.743434952339039,3.5185903647564896,3.555541345349646,3.857965954615126,3.5087012309266763,4.081543846041384,4.549710060812021,4.530971355980608,4.338182444149297,4.4120712782197335,4.363571150793453,4.02036779721893,3.9551503199235296,3.995882481428173,4.444337451672332,4.427345071075125,3.669492081996213,4.116524334831552,3.5185903647564896,3.995882481428173,4.4120712782197335,3.9057604393010363,3.9520112615174128,3.9623742570366693,2.9934064541127965,3.7794796664449875,3.838474920363965,4.3581510992265,4.572345748368651,4.488540905898512,4.3297424,4.490467799912348,3.8248769967005067
2021,4,2021_04_NYG_NO,NO,2.0,DST,7.840787457610595,8.99245,7.742628990941357,7.538584512094672,7.716933865964362,8.023058016714652,7.717928492986633,7.798521727974847,7.709148088792061,7.709429572791569,7.881560867136319,7.98287844296463,8.304024987129946,8.485169876062667,7.839076449220824,7.340523092452419,7.978864799635477,7.70261473813024,8.085781041961225,7.167402090041386,7.721684572551789,6.611474657417635,8.023058016714652,7.70261473813024,8.485169876062667,7.8601021237240865,7.8794167898375775,7.972017470107269,7.264904180514252,7.478719840128291,7.507594402856533,7.882326815265736,7.8295456167218145,8.158722913786852,7.7511353,7.790269172451906,7.690627580532878
2021,4,2021_04_NYG_NO,NYG,2.0,DST,5.083709405730412,5.6456113,6.695631264476055,8.47271166027742,6.004617643771772,7.387090035266019,5.472762469616384,5.599866639328761,5.49613275843353,5.32655336217033,5.496665538346804,5.153307722170539,5.244085949841653,5.14726549364505,4.606661655836215,4.79882012547135,5.425151814546897,5.185636660984128,5.158686511671899,5.360394536797049,4.918575293573821,5.193380479888258,7.387090035266019,5.185636660984128,5.14726549364505,5.142834700005955,5.2019599942814985,5.194465106428055,6.180892615870979,5.326842469698376,5.2818883852822,4.488236591065704,4.544329401476016,5.1802980293869325,4.906978,4.817153076765053,5.2418179646952225
2021,4,2021_04_PIT_GB,GB,7.0,DST,7.19565048427095,8.419167,7.660043062670953,7.545027212571686,7.370056881685121,7.601627463312951,7.149651396773584,7.267854112794943,7.164187751092084,7.100878334850868,7.849317771657823,7.849305626585381,7.948782065368528,7.839500086093044,7.193454783487638,7.1882342509075166,7.199832785690232,7.21747565720901,7.517670441226937,6.980152132979455,7.836375740871434,6.008222099289679,7.601627463312951,7.21747565720901,7.839500086093044,7.171981586995522,7.148312689720094,7.324626176111969,8.166632732912067,7.841034935695876,7.7826854048596275,7.245684785334713,7.0606649368645,7.761032002850137,7.486222,8.396100431899635,7.732326443587928
2021,4,2021_04_PIT_GB,PIT,5.0,DST,4.74682084266387,5.518573,6.55392023599164,6.794231473825687,6.6737244806563725,7.579403561777386,6.26260348196313,6.884816176778048,6.310366102478385,6.419256192651901,5.3724786254312376,4.775257714728297,5.128466147292831,4.910324008319644,4.234714313258344,4.97496059564194,4.485694969299422,4.704067577731487,4.530010361034553,5.198556902752094,5.94966340706492,5.854267538859834,7.579403561777386,4.704067577731487,4.910324008319644,4.71294270120279,4.679064559741711,4.853171029758468,5.897962831078468,6.0718443879824315,6.0154491657630516,4.639144978316595,4.551929897998927,5.071822263785564,5.643322,6.652484860435591,5.871042301285265
2021,4,2021_04_SEA_SF,SEA,6.0,DST,4.289641392881322,5.1854997,4.320395827114856,3.31492193895626,4.651557395674294,4.0646008886358,4.993345394241695,4.453162638311344,4.975150005771232,4.610774712565028,5.351352063702009,4.704218078170752,5.279296911355689,5.157850881018788,5.00534552629586,4.790519715243798,4.634881140198107,4.439697802879481,5.226569728858767,4.7208849132431165,4.242820507834038,3.7803572202490394,4.0646008886358,4.439697802879481,5.157850881018788,4.408530326704058,4.527419260526796,4.393663931805528,4.702302887572037,4.754209028429513,4.791103883937163,4.8904430513684805,4.847294886566116,5.263125346681221,4.769142,4.980829240690851,4.853464743296648
2021,4,2021_04_SEA_SF,SF,2.0,DST,5.78377479900862,6.3011127,5.708956519142456,4.941880234485742,5.788508697862629,5.224164363677097,6.092111305229524,5.807758075608346,6.096633178243221,5.833263724289836,5.883776552105754,5.6482993839486815,6.080128841937836,6.006247193033428,5.572002406018973,5.788898399371008,5.25296993138247,5.243199447376111,5.2436438853997664,5.610901303408981,5.112168099560362,5.555036693358296,5.224164363677097,5.243199447376111,6.0062471930334285,5.758956530868015,5.7341382627274085,5.892885430010286,5.517438605313859,6.098328902737919,6.089206073545056,5.328194698872096,5.087276109096715,5.805192493074016,5.4810305,5.253263961656401,5.872573294371922
2021,4,2021_04_TB_NE,NE,2.0,DST,3.664758344790087,4.842272,3.588129974912628,3.45288828170019,3.616876752540488,3.4667191257438468,3.724545303566311,4.041639510588817,3.7022489895327664,4.227531482386707,3.674892498832017,3.57034962151236,3.708934743551312,3.826716182340594,3.6660860197549527,3.696962460173696,3.8073081449407216,3.886606440228281,3.988474398650224,4.543735037747439,3.787705821094705,4.348539714001214,3.4667191257438468,3.886606440228281,3.826716182340594,3.695213480536886,3.7256686162836856,3.767659504416249,3.617596486253703,3.935336737238176,3.9703081195772008,3.7924335090728682,3.487333535917308,4.0489743570797225,5.1290727,5.308645587055673,4.180841690522894
2021,4,2021_04_TB_NE,TB,9.0,DST,7.046673549828973,7.519743,7.31094669782601,6.203221705428269,6.9514157843314495,5.833036857766874,6.918726656183988,6.3259197036170045,6.9161053514377056,6.509909354234366,7.481588146430254,7.77807427277016,7.509903389870264,7.665189298113046,7.063300342786212,7.332109498949272,7.510342725299053,7.727588447688494,7.372679438208092,8.048361770120607,7.053124125312437,6.616643727956647,5.833036857766874,7.727588447688494,7.665189298113046,6.91086720650595,6.775060863182927,7.162491957622578,6.64556059963442,6.666757364114757,6.678611171607793,6.80555784767641,7.131851341029554,7.558301762619103,6.1131196,6.397804631977897,6.424244651867353
2021,4,2021_04_TEN_NYJ,NYJ,7.0,DST,4.315995150145305,5.8292356,5.56125763191411,6.556043436451081,5.110375933517188,4.933676539100334,4.8392199666255,4.138157534571663,4.848526756166596,4.115902521615028,5.139709003121364,4.897242222582284,5.102477001415838,5.108261614673702,2.8512443191031034,2.4458263244837424,3.4067599120770837,2.824526767081103,3.975558771748706,3.6748425610928974,4.530460491316217,4.452075000059597,4.933676539100334,2.824526767081103,5.108261614673702,4.408954325924297,4.50191350170329,4.423393152277503,5.069596686406578,4.691367359153323,4.68116191872287,3.093892643568901,3.7556714450775726,5.138497103393206,4.829603,4.882833349140019,4.766225820812379
2021,4,2021_04_TEN_NYJ,TEN,3.0,DST,8.029030973077962,8.283584,7.410198226155042,9.039396824498777,7.578413752760215,8.925724560162122,7.979780825527031,8.491360760133858,7.968159501867962,8.439358284702784,9.429129350715474,9.491300028371224,10.095100704749225,10.368077348693568,10.40013158557466,11.113540204198586,10.533277441596562,11.730157196932364,9.24123568689636,10.021655760965194,7.654705132867111,7.987066183601667,8.925724560162122,11.730157196932364,10.368077348693568,7.884876083942848,7.740721194807733,8.155365128091615,7.4078316084271805,7.99854108920195,8.022535452155118,10.211971655257322,10.882340667933898,9.860117656749523,8.254751,8.07618249677424,7.6142328229992255
2021,4,2021_04_WAS_ATL,ATL,0.0,DST,5.67864501795221,6.308046,4.49755193025096,3.613595753188008,4.5773933947863785,4.102280562530857,5.089012737929828,5.050180870238093,5.054721831117867,5.32122723942662,5.7012399899692765,5.969190493606626,6.008650919076105,6.137318030543938,5.322406972235108,5.504791012634307,4.891641676796465,5.394476689366883,5.611940742568768,5.329183154799238,4.931976490823875,5.423898773182312,4.102280562530857,5.394476689366883,6.137318030543938,5.669256466427549,5.659867914902888,5.790099100785715,4.531619518378883,4.911755041384537,4.972366002292994,5.09046786786997,5.334361257115258,5.699394983896543,4.66134,4.636743660625418,5.2386711694322
2021,4,2021_04_WAS_ATL,WAS,6.0,DST,5.39059737548223,6.754291,4.335879231028388,6.12436135282566,4.933462487943019,6.216341357951048,5.844065085815034,6.233421596098214,5.819683824121876,6.159953405797226,7.2789954778381025,7.690305515349163,7.430298163907014,7.770407443811079,7.685674348019391,7.683792362378199,8.128456463003882,8.125932478247657,8.28118597113162,8.3044455449293,7.1622783858548935,7.852263054700148,6.216341357951048,8.125932478247657,7.770407443811077,5.461695954702365,5.532794533922501,5.502214153133045,4.5408170625746545,5.574962650435196,5.619986733337701,7.456446540124335,7.365347829826656,7.303883002465292,6.608156,7.2639514520140285,5.693395849024285
2021,5,2021_05_BUF_KC,BUF,17.0,DST,4.037041018348074,4.3100977,6.384518323696939,5.754117742278125,6.351095842632024,5.9348203566974815,5.581129086169751,5.879065137202833,5.611904910360983,5.818625087817659,5.582383419140502,5.03985178364445,5.824088248859898,5.6556565798049485,4.018589883702994,3.9285493913132754,3.352368540558247,4.185304503012656,3.828110903247204,4.116538087324916,3.7637633327686713,3.834249817095041,5.9348203566974815,4.185304503012656,5.6556565798049485,4.079857678726294,4.122674339104514,4.135513424747714,6.607976780016184,6.003045750727711,5.9563261738795426,4.710236854285886,4.638881472234546,5.875147000308275,4.9018764,4.255696346985085,5.948685031758044
2021,5,2021_05_BUF_KC,KC,-1.0,DST,4.182063329035555,5.42571,4.153539232011746,2.8623020113276736,4.191136924203971,3.5416811921953366,4.025685757078191,4.003792411103982,4.039949797731684,4.027636168245666,4.848646752145512,4.708271577365539,4.922482967016609,5.1262281738575375,2.3851748199873786,2.280775373901561,2.890890664893717,3.054828695918916,2.8232122421063925,4.386807148189684,3.1832849312012,3.334765788510168,3.5416811921953366,3.054828695918916,5.1262281738575375,4.199462539066775,4.216861749097996,4.284341303518443,4.376550798991216,4.020984922366733,3.983612158416878,2.530724404073591,3.155665059877455,4.793778144517968,3.7987447,3.4834155414756744,4.346267184043778
2021,5,2021_05_CHI_LV,CHI,9.0,DST,4.71498496192128,5.566615,4.718610372314451,4.57920443979819,4.64586137611848,5.0945483743706585,5.148166973101112,5.148579257072463,5.1217805970433865,5.235165186585842,5.0343033002905,5.052150400420655,5.205569206860518,5.3162382423719645,4.865034139002645,5.104537382342395,4.700902632792023,4.947670980541093,4.266609703785981,5.592774658127441,4.781979059225676,4.829233618380118,5.0945483743706585,4.947670980541093,5.316238242371964,4.829613427593767,4.944241893266254,4.822128027051152,5.3128013242964105,5.313854050823102,5.332319803144001,5.155076870787093,5.224847083518988,5.24696343264008,5.023833,4.854786880499447,5.642360773098428
2021,5,2021_05_CHI_LV,LV,3.0,DST,7.386622783927796,8.020964,6.598452424696075,6.888888400245892,6.064421772926746,6.497454010038389,6.354485111838304,6.609941292213914,6.327153298036611,6.648373454855002,7.498189590710414,7.78543385295784,7.43750511898624,7.424251887766975,7.7193385129228975,7.780104425763474,8.095113359115771,8.151735909600697,8.190609248063552,7.8231335178241235,7.793767545434312,7.498586236295671,6.497454010038389,8.151735909600697,7.424251887766975,7.230946061007616,7.075269338087437,7.508371463462297,6.5406171709008385,6.55625534291443,6.5719774693306166,7.74456788073576,7.509677284823981,7.3173112905379565,7.7671084,8.165217353282365,6.301659145479653
2021,5,2021_05_CLE_LAC,CLE,0.0,DST,4.776382572860124,6.1484423,6.256847741563926,6.731552438711735,6.002676337234846,6.090849352650631,5.700558035997645,5.827451239537951,5.699737689441307,5.839266141671382,5.693571620042214,6.372437506654913,6.164019460814171,6.363206973961675,5.544306782584581,5.666571389756063,5.520231707529769,6.117054543963831,5.111469484634601,6.1122191291783565,4.938846854543226,5.805039731323229,6.090849352650631,6.117054543963831,6.363206973961675,4.87025313751391,4.964123702167697,4.885183074517346,6.296108945590201,5.991747519681405,5.975125659018835,6.0444620683334485,6.095251989845577,6.098020217199796,6.030188,6.1005095403826095,5.7986157623203205
2021,5,2021_05_CLE_LAC,LAC,-3.0,DST,6.033453750509612,7.2640553,6.762859564538927,6.027966929855319,6.092518147515821,5.718557710830349,5.649822676448228,5.353554460144572,5.652660472573486,5.399172354600603,5.8161866555925466,6.321906698212389,6.058951580843431,6.356339620079524,6.927870263383661,6.976516964832157,6.865896182184109,6.683773962178869,6.733925752962164,6.8430406956743735,5.875625336415927,6.666889601848449,5.718557710830349,6.683773962178869,6.356339620079524,6.087865969574644,6.1422781886396765,6.147868264411118,6.354534133543175,5.8405918717242775,5.817180643245549,6.737508381090904,6.63190147299059,5.907133942730167,6.2468514,6.287165410001127,5.8177855293824985
2021,5,2021_05_DEN_PIT,DEN,3.0,DST,7.034382230961704,8.290517,8.517927991840704,9.46076548054073,8.525112436533869,9.181729409141209,8.017600556432145,8.128263035898433,8.054019760270695,7.807767387936967,8.033772649927943,7.917309625101597,8.148002243559178,8.245442460049498,7.994501854913344,8.000459533429963,8.317030927563755,8.127765376343316,8.120079121215316,8.01468167721949,8.195256384285184,7.832540442883737,9.181729409141209,8.127765376343316,8.245442460049498,7.0375607603588,7.040739289755896,7.163947746341874,8.45882929874326,8.134494617945705,8.074494992200249,7.738024211427648,7.750542309047444,8.07877672035194,7.942882,7.659030223164445,7.788813422183236
2021,5,2021_05_DEN_PIT,PIT,5.0,DST,7.740924473636541,7.398027,10.877171335267157,10.25561514501096,10.301964957401548,10.302641865838588,9.021476478268555,9.162751837314632,9.088904996434904,8.643684762234171,8.03807016164936,8.031828626258596,7.539357642309369,7.597042422492261,7.420324301597705,8.08070860270198,7.572567842274018,7.743247839858988,7.693001571391712,7.648180524231514,8.281309148904267,7.846279678325287,10.302641865838588,7.743247839858988,7.597042422492261,7.528147302042477,7.315370130448412,7.862145902126436,10.057333005803544,8.92835660636048,8.821313750371264,7.959075476633936,7.859262672403477,7.955075439677074,7.744342,8.714596308987877,8.28305676849335
2021,5,2021_05_DET_MIN,DET,7.0,DST,2.989419781607773,3.949782,4.167861968500766,4.418198327258578,3.594212560364148,3.537355658022862,3.3098956312791232,3.199276940547828,3.3027112417425983,3.340668331624589,4.059841607678112,4.155614005130174,4.101646831164612,4.290644429683588,3.506568946332328,3.6876273523695735,3.272095030447018,3.2959895802124834,3.7798099254928896,3.211912999363418,3.4213974120477078,3.400681220778621,3.537355658022862,3.2959895802124834,4.290644429683588,3.166878635127998,3.3443374886482227,3.090981166984792,4.602948066147191,3.7435457476268055,3.7327997467752394,3.2258736008860565,3.7314286392340774,4.169588903912172,3.811846,4.436830875424281,3.620774659268092
2021,5,2021_05_DET_MIN,MIN,9.0,DST,6.606059369672368,8.412233,7.235110870658175,7.5887282901700255,6.54433402158672,7.1126025596543245,6.343163890390531,6.379043196633616,6.351822144100561,6.265652203501671,6.844875564802616,6.863651641806569,6.951233300779065,6.708807925428002,7.122382575684013,6.928138704549803,6.891141271857467,6.928849548745894,6.716722152552866,6.651126347311303,6.750881120868077,6.2095571024256655,7.1126025596543245,6.928849548745894,6.708807925428002,6.62312867958975,6.640197989507131,6.728872868077593,6.249294693874415,6.374206226330718,6.367324154850162,6.8466300294649205,7.0128726626458295,6.798871568725164,7.0252376,6.143626358082681,6.112701506530822
2021,5,2021_05_GB_CIN,CIN,4.0,DST,4.381813511493695,5.647222,4.392057293182559,7.832223402586093,4.637345727249322,7.077752062012851,4.892970136584999,5.584354353183171,4.897975743521562,5.25757032629901,5.223108978673548,5.159780459275243,5.054965423726405,5.177790602823001,4.229137476586669,4.4601220057264985,4.432564003670558,5.058496938706865,4.681256533663085,4.6654043704183055,4.749036078613334,4.528003599602512,7.077752062012851,5.058496938706865,5.177790602823001,4.450900573464733,4.519987635435772,4.4876069998405494,4.763151198767073,5.079999780809571,5.0647035670197935,4.165678513205432,4.62101933229454,5.120671354764022,4.77902,4.329617428354644,4.9719028737273865
2021,5,2021_05_GB_CIN,GB,7.0,DST,6.565060772155452,6.5397124,8.39112597751046,9.61696309033846,7.731592496854637,8.70412008261237,7.124146056507988,7.579115521496088,7.143583653223393,7.354557729712679,7.013407960366116,6.650521850839723,6.830429813827609,6.764696268714674,6.867561670650835,6.677254575903871,6.431553674753621,6.838640938505144,6.668461847356933,6.281140527453657,6.448345124400699,5.475725309565228,8.70412008261237,6.838640938505144,6.764696268714674,6.496493635157639,6.427926498159825,6.6776231180275065,8.074176629158078,7.629221641357708,7.584807687402873,7.16095739301477,7.080180039705516,6.930849697281166,6.2916203,6.7584687227013704,7.439006983521351
2021,5,2021_05_IND_BAL,BAL,6.0,DST,7.164147045976208,8.379668,7.803714116128498,9.558149954746913,7.104810563599331,8.380362410562949,6.968560997303996,7.681886439121847,6.969308538090973,7.49403736840773,7.511973224820164,6.667071532905903,7.531206525299904,6.951519818569239,7.493592999312203,6.935938041910682,6.9751144039377,6.86733292589858,7.221346798878612,6.774082794747222,7.148686827126944,6.990654716526226,8.380362410562949,6.86733292589858,6.951519818569239,7.048404833573756,6.932662621171304,7.286229619377924,6.753552920451968,7.077093148053327,7.0836259723526185,7.000654868010704,6.770978470603318,7.402500465999488,7.512905,7.378687635798162,7.0232258673172305
2021,5,2021_05_IND_BAL,IND,3.0,DST,5.201039128615292,5.0328298,7.198887203175618,8.413934745033927,6.391047252506911,7.24216780280029,5.668111912969928,5.98730169805193,5.683147179239205,5.824135633539966,5.304076601807373,5.190204463331382,4.996538978799372,5.120453320427861,4.8426296400937945,5.09628804590737,5.051255548661004,4.815055017138846,4.794594313276517,4.74170235446249,5.04534871642439,4.193986767669779,7.24216780280029,4.815055017138846,5.12045332042786,5.128971736904044,5.0569043451927955,5.306420213290425,6.940891467051685,5.950728116893604,5.918698887094559,4.689548523335596,5.222242814954957,5.134467168857262,5.2565956,4.739703045299553,5.7687284129957135
2021,5,2021_05_LA_SEA,LA,7.0,DST,6.026518828003323,6.038492,6.4502024508470965,6.431720160891709,6.469542050768521,6.885483904830144,6.697153897312711,7.165460496259092,6.703392681349539,7.070890243600986,5.670828139589372,5.8994969827062445,5.969587787637082,6.251796764479773,5.301143862571438,5.702201364665736,5.773337464877452,5.526123154780665,5.681585840402009,6.425654461249735,4.774978686797851,5.236717466868142,6.885483904830144,5.526123154780665,6.251796764479773,5.988515231853197,5.950511635703069,6.134168732864304,6.747700795045714,6.788157475057691,6.760763507784434,5.00857497144144,5.287575343060984,5.713497946016952,5.059277,5.0205261046417835,6.5199540550503485
2021,5,2021_05_LA_SEA,SEA,3.0,DST,3.988803690250647,4.922879,4.083329130162696,5.322093933822827,4.108256261054948,4.225846395411861,4.656912869147147,4.006369878203193,4.622121133402933,4.175761812232162,4.24695885851415,4.451949299297988,4.704326636169722,4.634744666223886,4.276110264082666,4.051666091450304,4.299897557250921,4.112558106940567,4.398991546753977,3.792164414742512,3.999209229600515,3.198216868115473,4.225846395411861,4.112558106940567,4.634744666223886,3.97951119678177,3.9702187033128933,4.08991655942533,4.586125486286768,4.674752173535785,4.719505321934683,4.427079967289805,4.287328326313885,4.756669160281818,3.6041098,4.038526806540885,4.806938329043666
2021,5,2021_05_MIA_TB,MIA,-2.0,DST,3.437843064671024,3.98928,4.675933157057182,5.51354712604819,4.354070884535852,5.005910470430873,4.202899041160833,4.663241740562404,4.206818462673933,4.52977268291262,4.347147318248531,4.200218890609293,4.087626547688728,4.112178028709497,3.639754455162976,3.4995429809057703,3.360093626644113,3.5914503526109143,3.6381216715948113,3.481348913415403,3.724884021381153,3.339121268966682,5.005910470430873,3.5914503526109143,4.112178028709497,3.4925302325401395,3.5472174004092545,3.5383389434759076,4.258799001894033,4.084944307580748,4.07661963184494,3.6006688267441698,3.374591758231293,4.407532341559359,3.966902,3.776034025536116,4.218299199903478
2021,5,2021_05_MIA_TB,TB,8.0,DST,8.119923032191451,8.897976,7.691074908710091,7.886200921644889,7.874525984642565,8.32558872857441,7.894231734883375,8.464623257467512,7.905522093730731,8.285953404075297,8.682375382390955,9.01228684570839,8.511703478885055,8.977012458800942,7.952846739697117,8.355504917579989,8.146221113757242,8.665505655681772,8.398978627049356,8.693443626319583,8.23777235660249,8.57774858177736,8.32558872857441,8.665505655681772,8.977012458800942,7.995118354909689,7.8703136776279266,8.248419645496599,7.733397844473252,7.661830411458511,7.635957601951896,8.14000138228828,8.095818396553405,8.275636685664436,8.663882,8.313296012116577,7.654970807121267
2021,5,2021_05_NE_HOU,HOU,5.0,DST,5.829269341013234,6.146832,4.8620791605777125,4.914270892397293,4.497076427037326,4.347400628933967,4.295164344739668,4.143883081304644,4.274088944620659,4.306107519957595,4.379645165999113,4.781717351063448,4.7895911086461,4.9119049267805215,4.450767616674488,4.830364790087722,4.531982566774433,4.38783653265061,4.155554890850004,4.383191895387,4.337589525147201,4.724807019374161,4.347400628933967,4.38783653265061,4.9119049267805215,5.882841914506517,5.936414487999799,5.943618119216678,4.648635501753348,4.388908498411112,4.42922621660479,5.12835339306499,5.252225740256526,4.618884613131082,4.5424542,4.794828282220275,4.881537098562862
2021,5,2021_05_NE_HOU,NE,5.0,DST,8.398489517153367,9.716793,7.685008170252532,6.699363344972691,7.396415560336829,6.697482592933028,7.66739973331019,7.107183830433225,7.643667606109629,7.306358475258102,8.738512952253222,8.211847992375718,8.762045739777607,8.579966924979646,7.619730985083234,7.800072384051878,8.278789972965761,7.778278771330876,7.747655688246102,6.814434517999229,7.91273039819114,6.882316171242898,6.697482592933028,7.778278771330876,8.579966924979646,8.259921278248846,8.121353039344324,8.540071705970577,7.012021245673813,7.48944903753789,7.537097379316005,8.107194289516867,8.401152247405477,8.536356805636274,8.553235,8.91801328339602,7.11685367053525
2021,5,2021_05_NO_WAS,NO,6.0,DST,6.924206810401985,7.7892966,7.830789542345379,7.4097963016153425,7.828736755209916,7.662262150230405,7.4233508023839345,7.14658483521491,7.446047173664678,7.008420491853109,7.740276203318801,8.261197140077691,7.764831019745199,7.864110712378999,7.746326894908422,7.740483189156373,7.836531050040556,8.254826426120276,7.866264544083002,7.793999816173466,8.550498157676522,8.03118633427677,7.662262150230405,8.254826426120276,7.864110712378999,6.889326889820262,6.8544469692385395,7.045112591233057,7.916484540567577,7.284817366648941,7.253520950380642,7.428249751037551,7.64798492100545,7.94353290028645,7.614089,8.379123135328383,6.903223085287267
2021,5,2021_05_NO_WAS,WAS,5.0,DST,5.627961902091096,6.673684,6.450917817826454,7.340665613630207,6.304784124238642,6.840681559038027,6.21090036476629,6.244206677904519,6.225356565575109,6.068836478020215,7.291856832250292,7.285524620227366,6.8304480542631545,7.004555006238931,6.486139560850867,7.05866010564074,7.197069542077392,6.79292565783528,6.691586766570861,6.6848309494438025,7.332795783872397,6.932872502169566,6.840681559038027,6.79292565783528,7.004555006238929,5.659917171334427,5.691872440577757,5.7434953280459675,6.120409409769974,5.817480870717203,5.800634898532266,6.480904703049368,5.9363364542845085,6.711578621928406,5.955988,6.332373145409888,5.64152829612517
2021,5,2021_05_NYG_DAL,DAL,11.0,DST,6.556919999740886,7.241645,8.126425831725518,7.017147079382831,7.348572418377334,6.605193994393653,6.466204191078549,6.331342635571041,6.487863050640098,6.329591131189864,6.516341691765117,6.796602238729383,6.513387095266802,6.549184162176952,6.790479501196458,6.842296854373618,6.94570652791391,6.910060621477624,6.655781218958229,6.664505657725311,6.626614225156796,6.256029177343678,6.605193994393653,6.910060621477624,6.549184162176952,6.595208862746301,6.633497725751714,6.670576265122838,7.172067868519216,6.552578447101101,6.518439562823283,6.533685167351089,6.785659644313309,6.765858803107168,6.6329103,6.096212595321773,6.960129711580599
2021,5,2021_05_NYG_DAL,NYG,2.0,DST,3.274968616157288,3.8948066,4.834960253083636,6.14078174486869,4.488718105027349,5.235420890255542,4.191198805170293,4.429552616842809,4.19580729226422,4.317400298780601,3.447481992609462,3.556934940824227,3.683098562596716,3.799282265295128,4.60081539888405,4.387002894884335,4.182706952042025,4.087337101461058,3.827166453496624,4.701226724608314,3.8072031100011503,4.221422725280054,5.235420890255542,4.087337101461058,3.799282265295128,3.3886048387107786,3.5022410612642694,3.373624635318531,4.821723245771322,4.37545019539243,4.350343922700237,4.489354786137456,4.289554535442121,3.781523731385248,4.1117625,4.14668136785774,4.510901741266924
2021,5,2021_05_NYJ_ATL,ATL,5.0,DST,7.5839007180916065,7.5506973,7.372381239466999,8.182380235619346,7.434740601762772,8.313826381456023,7.710121012549985,8.185732898602502,7.707709353884618,8.090064269879901,7.052707619936436,7.215076311035688,7.575164364963081,7.825314865500239,7.330249777899752,7.499164856320764,7.460329580864897,7.647308868832363,6.874842996011901,7.151189291953201,6.314282040603155,7.802519282043238,8.313826381456023,7.647308868832363,7.825314865500237,7.389032090445636,7.194163462799667,7.704065231816225,6.8501263616158194,7.593360125352665,7.613557098120477,7.536089493828578,8.119129642885943,7.152703557535587,6.8021517,6.664368355749499,7.385148566051734
2021,5,2021_05_NYJ_ATL,NYJ,4.0,DST,5.419845312558349,6.2119617,5.619324275483422,4.602825017646768,5.540294482126768,4.784624883943827,5.659381970464523,5.109379231219752,5.65120720804971,5.186028102992172,6.084640541085085,6.208469470580075,6.22366641405065,6.1200809564734895,6.593502332390902,5.408246315176935,6.755302625865665,6.694842306380793,6.955630828524841,6.25362917055184,6.219840083483082,6.060318643270768,4.784624883943827,6.694842306380793,6.1200809564734895,5.466064250569936,5.512283188581523,5.530763980033511,5.587683372552927,5.733690159001519,5.738695812785886,6.434945960860421,6.573387660177399,6.0612117452782135,6.3622093,6.639191675010697,5.727238950053132
2021,5,2021_05_PHI_CAR,CAR,8.0,DST,6.838566521405863,7.3515954,6.88903055795571,6.788702054438937,6.530262869961929,6.707858276205393,6.680458928078,6.700580065218379,6.660490703501083,6.817429573182801,7.346809544421449,7.2819961416825665,7.136815151841845,7.079922208880327,8.018751714130378,7.482104114745584,8.254289023101279,7.1886856207024685,7.855159571262462,7.205929441358446,8.81591815384312,6.958013553633434,6.707858276205393,7.1886856207024685,7.079922208880327,6.832266558289942,6.8259665951740205,6.954371087809774,7.570490190036735,7.2254428461996545,7.216161833438113,7.765473559465606,7.901040517115894,7.209713864899844,7.478528,8.261275816386354,7.318677035547564
2021,5,2021_05_PHI_CAR,PHI,12.0,DST,5.86495693173697,6.235983,6.986617324982568,7.576832611346051,6.820433415559928,7.655054454875267,6.4684335693640485,6.707586373385315,6.493290841811944,6.392518192081955,6.79686562651972,6.965227934003797,6.591885752448122,6.486368469341799,6.174376064520806,5.437357866494391,6.1235304271696815,5.836202701379204,6.239392737620509,5.780807436891226,6.929985307769452,6.585310110790451,7.655054454875267,5.836202701379204,6.4863684693418,5.825064004097831,5.785171076458692,5.974598141934201,6.898049628272797,6.720850998037024,6.670985910455009,6.240047122512604,6.594996103931098,6.671862288654846,6.8617587,7.913379075971858,6.717739098085878
2021,5,2021_05_SF_ARI,ARI,8.0,DST,7.005087311998546,7.6948233,8.37124459238747,6.245930298981266,8.134656583835882,6.888197539226553,7.058126977150963,6.706533141904445,7.10205216607392,6.561411513615795,6.867693606505871,7.073304854865564,6.9329987022942365,6.765984869859256,6.927942523369599,6.881061341321295,7.007368070194881,6.734949142124703,6.938649856924348,6.946507373122674,7.204225256438352,6.432632086705081,6.888197539226553,6.734949142124703,6.765984869859256,7.035197345789004,7.065307379579462,7.123743115354263,7.88845100022469,6.9233337855130745,6.864765540970469,7.231966053974646,7.0655479458867445,7.125329690221329,7.070567,7.977070550662119,6.963555745833147
2021,5,2021_05_SF_ARI,SF,5.0,DST,4.239141490421606,5.0173526,5.513234087226325,6.650335376654206,5.410703041256558,6.153295486994125,4.872287437149794,5.492703933559926,4.900110377536512,5.2771268161052864,4.61079854318359,4.65234082272599,4.540045725060212,4.757969284546212,4.15905198898894,4.333263130289208,3.9244423607616232,4.2256175186526885,4.288439581795556,4.164772933961901,4.278135929072995,4.2284801027874375,6.153295486994125,4.2256175186526885,4.757969284546212,4.342854346528081,4.446567202634556,4.343941868894423,5.547772799154423,4.888678596648716,4.832973309981556,4.203042221235614,4.2092163367454365,4.733651647481368,4.0928526,4.315434043660447,4.678726113014359
2021,5,2021_05_TEN_JAX,JAX,-1.0,DST,3.888155522527224,5.3760576,5.457971212952452,4.807658479203464,5.003426058437505,4.055131076654306,4.642740362555903,3.679626841325387,4.651480209009783,3.7728901706067575,4.581828279944658,4.638337430321091,4.645270856790631,4.8746925896962585,3.877260223140401,3.4410412792714355,4.085098812831868,3.6150625308134128,4.061644012827015,3.954756241535931,4.801196550012929,3.854067147756244,4.055131076654306,3.6150625308134128,4.8746925896962585,4.035729181663067,4.183302840798909,3.993051623689556,4.281791353631638,4.357858784747052,4.3629643582951685,3.7176589364063535,3.7600619618910303,4.661601415818245,4.5203333,4.910524781592495,4.531691429667905
2021,5,2021_05_TEN_JAX,TEN,7.0,DST,6.661888739507522,7.161038,8.097847459379388,8.143841355736559,7.796048435488289,8.364953711962631,7.066511170148146,7.522240512617263,7.107678058023666,7.253941245771855,7.247866911515159,6.97644789692369,6.981660254191782,7.180447664105484,8.052782725136073,7.344620521746474,7.820403890771366,7.432893028376073,7.031587618084761,6.850226600371605,7.434522904278875,6.509068017029799,8.364953711962631,7.432893028376073,7.180447664105484,6.6159133844783256,6.569938029449128,6.778879207677231,8.156339671365256,7.307292257178033,7.228479290595019,7.781996912683423,7.978264818159418,7.121897809122697,7.2485886,8.114259152081473,6.896420787808596
2021,6,2021_06_ARI_CLE,ARI,12.0,DST,5.180169652945212,5.7742605,6.595937861446646,4.116371275839622,6.339583220581922,4.495889424529696,6.319020341203851,5.421113648690789,6.3225201133760445,5.618705514700352,6.375367538078786,6.09004359039558,6.062941019225149,5.954568160630791,5.417738018693079,5.280305085570809,5.685523652635977,5.4362831134611245,5.860728658594795,5.509907658874168,6.061640535415183,5.553200740078306,4.495889424529696,5.4362831134611245,5.954568160630791,5.254718036221843,5.329266419498474,5.286538958592111,5.879039297764096,6.076944129700971,6.076827052640047,5.125049609536685,5.657760608255646,6.076209618180103,5.6652126,6.120414025467039,6.276841133621353
2021,6,2021_06_ARI_CLE,CLE,-2.0,DST,6.173226131052691,7.112996,6.616006453179012,5.972127587864083,6.266602623213852,5.387582957202396,6.391782807090804,6.21767237048221,6.390421852407387,6.329934915436055,6.834931719239698,7.060281640030204,6.746908511969792,6.877100064457815,7.305573846716481,7.145923634812279,7.107981768498119,7.46412223069402,6.892084802397717,7.413595263037017,6.487802716995683,7.61681283699009,5.387582957202396,7.46412223069402,6.877100064457815,6.203994064198983,6.234761997345275,6.28765338315431,6.490013748546213,6.535630194215587,6.522636693389655,7.623487363632558,7.379632334442429,6.8468229572920976,7.0533586,6.957225265935956,6.357312980069231
2021,6,2021_06_BUF_TEN,BUF,1.0,DST,6.24057499173117,6.819421,7.863049816157599,6.709829024520619,7.774418205599197,6.774756166267667,7.232640306757077,6.937334467657425,7.256732549170155,6.958826969923974,6.7698442169322215,6.864659153533816,7.501830192829037,7.320394965663056,6.651193552225837,7.510640381200699,6.807004144109013,6.783177540040669,6.832317229300668,8.08589283683205,6.033677887359767,6.340137148272947,6.774756166267667,6.783177540040669,7.320394965663056,6.224533075687098,6.2084911596430254,6.34850369313915,7.168003092345681,6.979279325173903,6.963932172776202,7.2593518197405205,7.313238339407934,6.902244446269942,6.9453144,6.892338296060154,6.778932228862869
2021,6,2021_06_BUF_TEN,TEN,4.0,DST,3.288717091818152,4.14195,3.99309016631188,4.195983751405846,3.947782291728842,4.528689489477932,3.725058674261629,4.41508114421978,3.741102334653349,4.261849481818511,2.8379745811061645,2.5314683760219325,3.0748606432636763,3.2869264285813973,3.3455980685644158,3.285860542333232,3.22783234311514,3.8889571843360375,3.048778809441184,3.243813134728828,3.645523247120841,4.001664747890792,4.528689489477932,3.8889571843360375,3.2869264285813973,3.360366159952725,3.4320152280872978,3.388539680864874,4.3660128505783025,3.7489198645326196,3.7047029381953673,2.9940977487183646,3.686544971083505,3.0164462946878814,4.064936,4.200148209294158,3.9460959150425783
2021,6,2021_06_CIN_DET,CIN,7.0,DST,5.890122495169171,7.487178,5.089419936040915,6.083305784750447,5.142704654579915,5.885598916244,5.65881329988684,5.563600534706659,5.644798831273988,5.568990938192848,6.205363440036874,6.242186911238392,6.4376989560201325,6.398055676197815,7.514703956666892,7.025136363351348,7.438473090482216,6.986300282868402,7.264219456187079,6.725079438555888,5.976953955123366,5.400297011362582,5.885598916244,6.986300282868402,6.398055676197815,5.956739346400291,6.023356197631411,6.005775830957577,4.944101366121182,5.480705744711253,5.511937327910498,7.3546837871107895,7.744062860774917,6.339336185160779,6.3420887,6.515533899124796,5.374821429207744
2021,6,2021_06_CIN_DET,DET,3.0,DST,5.728951867386227,5.9253197,6.867246834617585,6.765058516316941,6.156769206719583,5.544392353217148,5.510678541699875,4.949560257915012,5.522202127150142,5.064995164460978,4.952621217337244,5.516753083146102,5.200510819846879,5.510355170567072,4.957406247394561,4.869393882213631,4.760847723413789,5.0449405794280215,4.955538609044862,4.825080589489208,5.198285631665696,4.407987064375168,5.544392353217148,5.0449405794280215,5.510355170567071,5.759419838337107,5.789887809287986,5.841021087582439,6.5473363982075075,5.8821779062625295,5.858762936805856,5.096103814353999,5.306122216478421,5.259659708723536,5.0146785,5.45750370958986,5.944659694124965
2021,6,2021_06_DAL_NE,DAL,13.0,DST,6.256903470538977,6.7868557,6.468489050617442,4.331988311434904,6.232227133894383,4.55967498906919,6.323131098282848,5.659884293573033,6.30838352027828,5.991431025722187,6.555124584577451,6.834972314112356,6.980905084763911,7.040593965194406,7.050361186577223,7.005887826889683,7.181967662305372,7.5740385810114095,7.053809511601874,7.364501975857255,6.09750735398474,6.025662939969785,4.55967498906919,7.5740385810114095,7.040593965194406,6.195265730605654,6.133627990672331,6.367764853264065,5.911618594748801,6.301602746528377,6.3344336691304814,7.21998465961797,7.658889033180026,6.741576030549548,6.5518947,6.522884980755334,6.1447996439293675
2021,6,2021_06_DAL_NE,NE,3.0,DST,3.739642623594059,5.224998,5.055999107230782,6.3745217789667095,4.631179270381619,5.382590709645646,4.609017115483303,4.974063230716867,4.591538424763918,4.995755810679411,5.388356074515546,5.331852901458793,5.178385846249354,5.420735453550358,4.878244160818001,5.071424635489292,4.871456741496442,5.057409908399284,5.352722851043584,5.612520036058092,4.68802815127209,4.611921042306238,5.382590709645646,5.057409908399284,5.420735453550357,3.8802298655876255,4.020817107581191,3.8430469717664977,5.001835585993225,4.760261794752067,4.778783155244048,5.383587070566618,5.086136165786096,5.267360586486908,5.226673,5.387729802835042,4.966350291259025
2021,6,2021_06_GB_CHI,CHI,3.0,DST,4.750635968816537,5.916776,4.898899314633732,6.40969738964407,5.044139415644299,6.140944283393227,5.304382129009431,5.5415304207486455,5.302027155125965,5.403350263571889,5.256100141204851,4.9507351387586604,5.412257318324539,5.448687147080976,4.5571340812966135,4.662663947513179,4.622988964596409,4.84589102656818,4.354398420482099,4.825562023636647,5.217136021319837,5.506793515568708,6.140944283393227,4.84589102656818,5.448687147080976,4.856390781338049,4.96214559385956,4.859461544680895,5.082774023129454,5.2935173211825575,5.288950833003073,4.263884153461195,4.960464541365395,5.245401573254538,5.8136992,6.171454168691372,5.676912318778349
2021,6,2021_06_GB_CHI,GB,7.0,DST,7.902227716879635,8.371124,8.717479897426653,9.669989038867342,8.298281485780034,9.22884258080238,7.88715397447629,8.360662079288673,7.903572301431612,8.108650784649896,8.39626221570412,8.569933295264104,8.30309269274468,8.282548352888302,8.0218132310168,8.253426595942802,7.967828837299552,8.192188872936095,8.837058732009817,7.943733084953225,8.730088038898485,8.2724719468286,9.22884258080238,8.192188872936095,8.282548352888302,7.756648864380273,7.611070011880912,8.02879439612809,9.18786071177399,8.40110489105346,8.344217881465623,7.897789855438452,7.79157215981635,8.218004438770079,7.9173822,8.617712598328774,7.810365097526352
2021,6,2021_06_HOU_IND,HOU,1.0,DST,4.021316473140334,4.8887033,3.868421828976484,5.208403050641903,3.64767002800504,4.393473190713301,3.3830016383074533,3.748547448721044,3.384044894169401,3.6372293973004814,4.165197855708055,3.902886594126451,4.172116622461858,4.09142583712188,3.4450096245238133,2.6812449793390094,3.1109074201323907,2.606272051678676,2.868922500299792,2.78053568834867,2.558772785035949,2.784005835265753,4.393473190713301,2.606272051678676,4.09142583712188,4.184494961851366,4.347673450562397,4.127161670736567,4.149361764395977,3.531821254049998,3.5213748709098316,2.862433200767872,3.0548875958542325,4.087491099061956,2.8353906,2.506181739602349,4.4239664709671125
2021,6,2021_06_HOU_IND,IND,15.0,DST,8.79230743284327,9.574277,7.5263464385628,6.340166324275978,7.381597743360269,6.995538836242869,7.642004760318154,7.617919419365649,7.637579276327247,7.678953568939458,8.738833057645053,8.390267669715929,8.632091717724744,8.267442878972084,7.417639761366047,7.569510092695846,7.897384932700749,7.535512596543325,7.834988570923656,7.05021808523813,9.683602220403955,8.368099619748483,6.995538836242869,7.535512596543325,8.267442878972085,8.637604207544873,8.482900982246477,8.93226788280756,7.134440637733869,7.724342100725213,7.739658136715617,7.645585964475041,8.144125960808266,8.625112543021084,9.184215,9.149992354539547,7.764343461125883
2021,6,2021_06_KC_WAS,KC,8.0,DST,5.793083296983487,6.7318807,7.680598928001043,7.345672361205272,7.049316999835022,6.985009156756124,6.300158060582059,6.520249196727962,6.326916483109428,6.414738760314881,6.168806291293592,6.478653819146656,6.300799180585728,6.496588685138754,5.952279917915803,5.789758284817016,5.7613927293443705,6.370385858297456,5.466378178345325,6.187595736382744,5.899310977138792,5.826264864158095,6.985009156756124,6.370385858297456,6.496588685138754,5.77309006796861,5.7530968389537325,5.902492709664075,7.085574293759769,6.34251499241763,6.297507882413829,5.850785243315417,5.77554047652752,6.235500391415718,6.2852316,5.881771238487674,6.26928750031193
2021,6,2021_06_KC_WAS,WAS,8.0,DST,2.557362466323658,4.05441,1.9034605112215173,2.394156486925061,2.244567482105479,2.4451119789032463,3.21914209945439,3.2435800030245905,3.1720101104016005,3.498971367339772,3.719215278976047,3.5773828356966964,3.6077407167974425,3.9346842044091592,2.7004775500349387,2.4900070946324027,2.9385228250715008,2.853493708235541,3.384107318248483,2.9132228603308974,4.383244413336803,4.553096564778575,2.4451119789032463,2.853493708235541,3.9346842044091592,2.743477922216381,2.929593378109104,2.6547347883189376,2.663018977450668,3.445694574158855,3.508519084117633,3.0719771279455244,3.3190642011829907,3.7672823774907345,4.4952807,3.777545280606518,3.8969045284323256
2021,6,2021_06_LAC_BAL,BAL,11.0,DST,5.621269992667475,6.675295,5.464872866706269,6.307180909941337,5.602196926662845,5.79802546998263,5.957705651450197,5.920784918065122,5.953786719060092,5.934763777438891,6.532822202453294,6.353293808373835,6.482498425145263,6.350320514619651,6.214077786066972,6.538336100819404,6.356933418075325,6.563622521152565,6.4000831109643785,6.331705915537701,5.822306457892294,6.826388880732321,5.79802546998263,6.563622521152565,6.350320514619651,5.5774217649094435,5.533573537151413,5.730792724156167,5.176864035636009,6.015022253396271,6.025818518622553,6.508695193487569,6.531053841688834,6.4234964823290825,6.6364136,7.154458786015695,6.013871937680817
2021,6,2021_06_LAC_BAL,LAC,6.0,DST,5.4916041932395805,5.3365593,7.623047485988259,6.01434209925094,6.749438888363302,5.867548589156921,5.71047110152373,5.534666713428674,5.74957246182182,5.445091454695502,5.830674591448529,5.320894189840912,5.324466460936582,5.321121461723073,5.738292396909654,5.615792666529613,5.602543314877165,5.516938912561804,5.783737300351541,5.900127358459606,6.556107463850973,5.885552356291343,5.867548589156921,5.516938912561804,5.321121461723073,5.3949756511077185,5.298347108975856,5.596829159172148,7.17789310494385,5.867874665794826,5.78807656803283,5.774846732258302,5.551426986444318,5.235550776612176,5.9182334,6.267412967732967,5.484297627069671
2021,6,2021_06_LA_NYG,LA,16.0,DST,6.858574742041306,7.8544264,8.13713237102039,8.92114509464196,7.714466000362677,8.382179712778049,7.407084493998464,7.886795822471756,7.415138401739288,7.767369838435118,6.877888267714505,6.949426304045449,7.095967971951247,7.37913609767279,7.049622790704915,7.472669871693048,7.213336687780229,7.504716629492505,6.987238134398366,7.490490010310367,6.279149683237455,7.124974768488317,8.382179712778049,7.504716629492505,7.37913609767279,6.822529352507438,6.786483962973571,6.974659603628493,7.898443280529127,7.442894472339492,7.428164882909511,6.993505229950762,7.226021385285712,7.038745735888691,6.729865,6.450497155018377,7.462333876546446
2021,6,2021_06_LA_NYG,NYG,2.0,DST,4.188752432216259,4.5075884,6.366518907041938,8.192368579040693,5.843696840360144,6.262297546121744,5.174031103962891,4.8740039667550406,5.195239395619458,4.742629198599275,3.090205533868078,3.7468337742071225,3.3966896980681502,3.64050448992342,3.870516851948073,3.783156034091091,3.622009652953613,3.971522658384672,4.014523751820631,4.141181964347189,3.416948101690868,3.6384617985764662,6.262297546121744,3.971522658384672,3.64050448992342,4.127155164762976,4.065557897309693,4.290680442072352,6.085785916354558,5.296577182767612,5.254374246434551,4.066056672583038,4.148509883724314,3.3488007048730033,3.7097373,3.1364680794613786,5.087554835013224
2021,6,2021_06_LV_DEN,DEN,1.0,DST,6.811509965908122,7.996942,7.177190130498653,8.392595321953808,7.184325676567108,8.104013242039324,7.526112372049286,7.589334980281455,7.524514220185511,7.4514302955418845,7.960059558496596,7.679602960379268,7.868456270743064,7.634249057868449,7.965967890141959,7.950423443119359,7.960925719399155,8.551749332532037,7.645542867669845,8.422305465163404,7.416394354861698,9.463168714118408,8.104013242039324,8.551749332532037,7.634249057868449,6.84080059879082,6.870091231673519,6.93193514765941,7.77236005922607,7.719413798757381,7.697319765986549,7.555393424822126,7.686851139768257,7.589426045438222,7.4952273,6.982938421054553,7.609735540479258
2021,6,2021_06_LV_DEN,LV,13.0,DST,5.963066093501608,5.7657166,8.699541827537201,9.110515801629298,7.900832566725066,7.662653081287306,6.710368538205881,6.687174712484182,6.745487333968437,6.510304534835378,5.824662436393486,5.696559942312597,5.679833842323612,5.864327685351672,5.301277688530064,5.266209314807557,5.507371849163644,5.501820990105316,5.446496445833291,5.466015146460227,4.766231402853134,4.457555787505326,7.662653081287306,5.501820990105316,5.864327685351673,5.834104502882679,5.705142912263749,6.0728194637931,8.285005612627863,7.066570718643914,6.98903524704468,5.373404499427573,5.586289961757667,6.055775183074116,5.063087,4.792658477408028,6.406611130093019
2021,6,2021_06_MIA_JAX,JAX,3.0,DST,5.109778951457925,5.973362,4.734645455648013,3.5954130751744646,4.7029880235820825,4.087180953050586,5.0478812988138255,4.931506004184324,5.020782885642343,5.17136115283081,5.7806698145340585,5.949042602644915,5.573618830286637,5.910398613619396,5.608672241642626,5.67934975489905,5.796576081909315,5.473402318395386,5.504457817251543,5.831796287838408,5.303478207417198,5.328388713875758,4.087180953050586,5.473402318395386,5.910398613619397,5.175262930199338,5.240746908940751,5.219707507153851,4.174164748026476,5.02723174596699,5.078989200109811,5.98352231355543,6.029250552107349,5.648164796870835,6.0180144,6.073913094479328,5.3805855871619475
2021,6,2021_06_MIA_JAX,MIA,4.0,DST,6.2436098199593,7.088975,5.793755195101872,6.462334202008224,5.893825897646175,6.4779109288614665,6.461343927705194,6.527877801608536,6.446294991911787,6.50272521429992,7.126984880723803,7.473088750269042,7.2915970893664594,7.521057692841634,7.700193189158225,7.360565206795356,7.494299590692406,7.472255911628143,7.845417704315398,7.658894697234767,7.547703075512966,6.900851653938846,6.4779109288614665,7.472255911628143,7.521057692841634,6.191958769122449,6.140307718285598,6.358629418374147,5.429514786011302,6.310069471284982,6.344354419088393,7.679657957718636,7.643737312992306,7.276135045450354,6.8549848,7.109176682327295,6.391923526514648
2021,6,2021_06_MIN_CAR,CAR,9.0,DST,5.403281180338817,6.323523,5.601080817366183,5.0033151563663525,5.41341846709267,5.202983638935386,5.719175883360943,5.76192804633169,5.699276537848832,5.879797166386066,6.273907823818715,6.586742539026889,6.432354354710621,6.440166672258459,5.502998617337542,5.359048118705854,5.515642955140172,6.043937242185163,5.929306793365559,5.980087736158703,5.6194604473161816,5.439054140631462,5.202983638935386,6.043937242185163,6.440166672258459,5.442450329717004,5.48161947909519,5.513134147991486,6.034933054879787,6.105999942896018,6.118423406533835,5.730305649307791,5.517739911210459,6.666891205988375,6.0444345,5.820497118636227,6.029435937209509
2021,6,2021_06_MIN_CAR,MIN,9.0,DST,6.5176728060212215,7.4391356,7.573583248300323,8.260327642800956,7.184795834385993,7.858719963962828,6.843787201066244,6.797902171278357,6.853781725071448,6.674305622557312,6.586842776184158,6.799253346887142,6.912078555360767,6.995521147160464,7.670439576136151,7.38088062619442,7.391769914176712,7.435321702940679,7.019536473308001,7.225230682088574,5.673094161346724,6.572747802767513,7.858719963962828,7.435321702940679,6.995521147160464,6.4525925584062716,6.387512310791322,6.635049802457958,7.320830245743419,7.115334182079292,7.089141646863007,7.340037138418098,7.722148178529313,6.961859100879202,6.6676116,6.253916927505374,6.819859301607605
2021,6,2021_06_SEA_PIT,PIT,8.0,DST,8.47528078140252,8.546205,9.725335417546434,9.630544715083618,9.030522068518868,9.563351656200446,8.355923650081143,8.666964753103386,8.405482436855198,8.243811058905417,8.268311565485396,8.54647716448904,7.904500720311669,8.08830299958718,7.601724959461349,7.992482289569034,7.413045939104598,8.192725008843544,7.572711055567248,7.789758745960593,8.045993274003111,8.217935149079516,9.563351656200446,8.192725008843544,8.08830299958718,8.265043319133927,8.054805856865332,8.605792023709583,8.904678015701933,8.242868941826785,8.157854796407115,7.263975626579568,7.500671891333363,7.817678157096119,8.179814,8.311383329455728,7.656595921341907
2021,6,2021_06_SEA_PIT,SEA,2.0,DST,4.743135617796478,6.0918565,4.218303162026079,4.4020013791909545,4.521517644516086,4.822795066080651,5.348116553666289,5.05235501741138,5.317808261174913,5.126049786022724,5.686955498007316,4.993289940315269,5.676684316133806,5.309898697572546,4.81003611966339,4.464510018707026,4.642845565031607,4.42224520048494,4.980804831239724,5.088035822730349,4.521898026332516,4.417136814743649,4.822795066080651,4.42224520048494,5.309898697572546,4.774324648723302,4.805513679650126,4.853474745067098,4.7691828763046775,5.38505587740546,5.427100860787733,4.686548176821016,4.670422856150141,5.3122958345637485,4.7788243,4.963652555111087,5.416615823710526
2021,6,2021_06_TB_PHI,PHI,1.0,DST,3.923036642354071,4.0063677,5.157190777911805,5.191939043370997,4.971094238199751,5.4748004856357735,4.46261740681336,4.9092709522943245,4.485071971314301,4.65065990960766,4.174111125152599,3.868982809655317,3.7749116356786714,3.70287629278318,3.7259498804580256,4.1178561748699725,4.135355473942115,4.704582485296552,4.579853928723871,4.68459787178376,4.431575385319056,4.916658159002167,5.4748004856357735,4.704582485296552,3.70287629278318,3.9212863791332953,3.91953611591252,4.0220692538334735,5.372675737499046,4.767341746770417,4.706330637180598,3.7372818575568445,3.789963879961216,4.04188260865728,4.89582,5.374050721500594,4.943739952396845
2021,6,2021_06_TB_PHI,TB,4.0,DST,6.876913337716912,7.1300836,6.895880728457164,8.676454649215747,6.901772144105297,8.309565232145847,7.249062347809658,7.56970830924211,7.236166143933263,7.532516216379221,7.783935660629143,8.187780447984817,7.553117969990937,7.942216834237314,7.514890097002278,8.217220780412562,7.847901079567967,8.025347578310301,7.936875602790597,7.919892738791034,8.459179873351188,8.966966070543121,8.309565232145847,8.025347578310301,7.942216834237314,6.726800846301032,6.576688354885151,6.988146381662055,7.392383908994423,7.140115297498615,7.140403469589746,7.405498411683638,7.109537029536878,7.698621366946773,7.433137,7.85148657633257,7.149566326837955
2021,7,2021_07_ATL_MIA,ATL,6.0,DST,5.967159583533609,6.6907716,6.615987999051463,6.815161202173848,6.486637252222352,7.0748784222306105,6.154249591290948,6.869658858443529,6.172516962749095,6.718997569832775,6.6496721973759385,6.807087449774393,6.701302626854279,6.869233181689233,6.307719341529724,6.816242325548931,6.266960792483153,6.503196054327884,6.0273205803886,6.615174467420369,4.947666756785034,6.511329634211368,7.0748784222306105,6.503196054327884,6.869233181689233,5.999089929935255,6.0310202763369,6.080049113440596,6.216784696934231,6.1299403101219205,6.101737230614742,6.469109464918935,6.468237655909193,6.477515477651752,5.8267903,5.42918995159455,6.176639624929661
2021,7,2021_07_ATL_MIA,MIA,4.0,DST,4.997357436764765,6.0214043,5.283480032985368,6.124002431965362,5.259539762962884,5.849593562396925,5.437748128781021,5.33676048202504,5.434797345504233,5.253552629724,5.895850479916125,5.941981864066057,5.734123424562784,5.965606289506142,5.01491755837824,5.119936303955118,5.166733666884795,5.220657936721111,5.278277036381457,5.267855037356194,5.280554203545936,5.182786843236304,5.849593562396925,5.220657936721111,5.965606289506142,5.016338263725541,5.0353190906863174,5.10600273799685,4.960140791970952,5.2887600823122,5.30539048381299,5.004298430047458,4.59861840505107,5.707184806374701,4.923921,5.535391499197335,5.279875532421816
2021,7,2021_07_CAR_NYG,CAR,2.0,DST,6.99200735928738,8.075938,8.358789718808183,6.057673540871696,7.522843928515322,6.136669075202075,6.889958589379376,6.342052265890851,6.905955240035658,6.416931457916856,6.672532220138765,6.424321016204914,7.182520091953024,6.895779799792456,7.113391267394925,6.768035900892803,6.968467803177416,6.46453440459093,6.485576684532033,6.773424825782647,7.381134644861611,6.3237787268950765,6.136669075202075,6.46453440459093,6.895779799792456,7.026760235088608,7.061513110889835,7.114264174639808,7.487226567158127,7.054890465878484,7.026885650336541,7.1020491963351935,6.5816945675331775,7.094279768678371,7.0624986,6.903799042814041,7.12159737175425
2021,7,2021_07_CAR_NYG,NYG,17.0,DST,6.133804038978089,6.737203,6.42045155554793,6.394593617264891,6.401982704431196,5.647791003831158,6.188251727707112,5.568841658181334,6.197226129256213,5.65598027065272,6.33848801677743,6.256354251779007,6.417190308698849,6.472154615100373,6.748507400317661,6.869977656212494,6.088368382162841,6.69894905014462,5.9823078907763,6.658269763388041,5.934474033128946,5.731005554851932,5.647791003831158,6.69894905014462,6.472154615100373,6.076786193995722,6.019768349013355,6.247647460446794,6.372917639488761,6.187561393130727,6.1660775086746105,6.91871901263223,6.640163625354914,6.371733401945341,6.5522895,6.341447373885587,6.117381910890896
2021,7,2021_07_CHI_TB,CHI,-2.0,DST,3.0957066453888853,3.8296766,4.164083940193795,4.030478523286304,4.293217017576792,4.614362067094033,4.232561607912695,4.5362750027432295,4.247588429179667,4.381154719083204,4.565050601888989,4.621121655553112,4.3948956705418345,4.19401613986618,3.890137287291639,3.986010253001263,4.566439143571513,4.469354317592719,4.771860980372249,4.361003481825191,4.569217253212235,4.934446374506401,4.614362067094033,4.469354317592719,4.19401613986618,3.211832415720102,3.327958186051319,3.1961953331165205,5.007824167873691,4.60925898640702,4.554514130922348,4.055350346579587,4.086246504490333,4.522127135827317,4.7431107,4.946015608413134,4.64478236060807
2021,7,2021_07_CHI_TB,TB,21.0,DST,9.256161195795892,9.407741,10.44212168910077,11.413905627609465,10.16509757985824,10.793060514885996,9.370827416819928,9.77619601245383,9.421784169390484,9.378818120034758,9.272534441254624,9.519914601852271,8.776016674765248,8.686706723272067,8.42370616396844,8.66385257169791,8.908383979940922,8.897504071630335,8.816900205950292,8.881389310945941,10.14137547812665,10.122743108937804,10.793060514885996,8.897504071630335,8.686706723272067,9.011350971896302,8.76654074799671,9.389508619296578,10.22144014970312,9.291744762136169,9.20487622944669,8.405759331289792,8.816524483345848,8.871526202938911,9.190881,10.579601767415125,8.863519155601146
2021,7,2021_07_CIN_BAL,BAL,-1.0,DST,7.894538799699826,8.331626,8.598405597945774,8.29203446503882,8.316948165672567,7.829536837457777,8.153209357001739,7.905452280703209,8.16753330050359,7.888341716356527,7.596257219724263,7.635390758001199,7.816502085985491,7.702996616965667,7.561383091080787,7.307057990562797,6.738741441312452,7.370891644210477,7.741553081070612,6.939957693358263,6.996076107182429,7.154489730693675,7.829536837457777,7.370891644210477,7.702996616965667,7.741047665711111,7.587556531722396,8.020196332230942,7.851457831833261,8.227094815320353,8.216132227627728,7.491851500300206,7.389978223934324,7.79572968796707,7.469037,7.149786258242595,8.075341878819398
2021,7,2021_07_CIN_BAL,CIN,6.0,DST,5.139067164119825,5.4310327,5.225704105799793,6.078350359491319,5.32301049063436,5.936962959578452,5.152674356735359,5.13763359486901,5.162163489056662,4.986067071110647,5.368845804452847,5.239385251167595,5.3064851061908405,5.154871457463274,5.428865545279921,5.029186604241909,5.879591798637856,5.464400334811029,5.884425286043101,5.027788400492694,5.866189628318649,5.625590911398424,5.936962959578452,5.464400334811029,5.154871457463274,5.122636521029532,5.1062058779392405,5.245560643730207,5.860717682254105,5.288643301406486,5.256158580617746,5.360027112967648,5.560434257494763,5.4712390393534225,5.4742904,5.716414227129173,4.974402220805189
2021,7,2021_07_DEN_CLE,CLE,5.0,DST,8.084425786830186,8.202977,11.361948000675552,8.063269788528237,10.501942130201014,7.770616863517136,8.82005825173476,7.653113576934774,8.896118391402064,7.549129073798181,7.501039081544018,7.937038353070568,7.68001702312387,7.729924958983837,8.274722698963448,7.96664938336622,8.133487383642045,7.433622937679407,8.022835138565181,7.670338857858043,8.349788051096862,7.839257604792471,7.770616863517136,7.433622937679407,7.729924958983837,7.9330570199725985,7.78168825311501,8.21315940083517,10.57186478133677,8.958605137109258,8.821832089092386,8.13254927131349,7.921514562027577,7.5993418316560515,8.216109,8.353886702952032,8.371604788473565
2021,7,2021_07_DEN_CLE,DEN,4.0,DST,5.7059551273715385,7.310487,7.736512482078753,6.762603286791965,7.69862810821947,6.477855572254052,7.2678623806909295,6.31006549765151,7.312080224562146,6.225961804438931,7.004891864430463,7.149030196140143,7.039980822708985,7.100890025357705,7.26794695964962,7.337721650279056,7.282795707147945,7.717827370457599,7.004448170375482,7.731145854251184,7.804809084173862,7.806078255225128,6.477855572254052,7.717827370457599,7.100890025357706,5.804336390068583,5.902717652765626,5.82289811465139,7.611851163337648,7.263211495193558,7.181188725748814,7.05760023965623,7.044893373283365,6.920779706574366,6.8103433,7.72599360419872,7.112633885925245
2021,7,2021_07_DET_LA,DET,0.0,DST,2.36553957294934,2.1253033,5.36662683772016,6.809232171254436,4.502119139611713,4.645404618077878,3.3299819432118114,3.2218660419408947,3.357829755575388,3.145722323833547,4.531414673463234,4.662680702370207,4.20215382066898,4.14692205341944,4.557785311303313,4.406139582943016,5.231069904693859,4.881725048794975,4.849554460969234,4.798183563246477,4.9004567540691015,4.6204650184364295,4.645404618077878,4.881725048794975,4.14692205341944,2.4517495426781686,2.5379595124069967,2.4579339426694653,5.392061313105769,3.754348762681416,3.6866076883481984,4.4373279109179915,4.755435216076599,4.518020320324232,5.2172914,5.026462074017709,3.608589570799265
2021,7,2021_07_DET_LA,LA,7.0,DST,8.333815456977348,9.71147,7.625991851759854,7.384264817154171,7.634319315817641,7.832351632873683,8.139162430441683,8.358619632829257,8.129711738830544,8.347512556062304,8.50201338589891,8.448344332179694,8.380080147706998,8.4106700996321,10.386036036724867,10.416461855679168,10.114234384440854,9.487067189188387,10.139610087595608,8.5958685382065,11.074797971647934,10.128784201284004,7.832351632873683,9.487067189188387,8.4106700996321,8.247600579433634,8.161385701889918,8.464351622757485,7.329062115978873,7.91838875078862,7.9412311555469,10.679402242952394,10.15426247585468,7.9525284686096835,10.054092,12.002797681715078,7.661828266790286
2021,7,2021_07_HOU_ARI,ARI,11.0,DST,10.549061650183928,11.192721,9.7888855890639,8.670888252905094,9.581151701037308,9.22381393040896,9.612623502243489,9.619737008688508,9.622013147139585,9.533638984692091,9.365773393777166,9.19548863851143,9.057615301547806,8.903232934020837,11.411396977715324,10.79294518184836,10.58515630218606,9.658731455047272,10.384406083407626,9.857419463977132,13.870914541266274,12.019423958897375,9.22381393040896,9.658731455047272,8.903232934020837,10.35265150822472,10.156241366265514,10.698300792643094,9.352993601245156,9.54023882534835,9.529665324269494,11.109574017622602,10.727398417981835,9.0074745488005,12.088308,12.915310428496326,9.658478610456209
2021,7,2021_07_HOU_ARI,HOU,7.0,DST,2.128392256647609,2.0446963,1.6013109003505042,3.1484502369362053,1.3389910074630285,2.854724672067835,1.8677918905787416,2.8846155407211485,1.826779700240748,2.920934649719324,4.426735472184761,4.4848383722600005,4.159501774537943,4.245391056074939,3.8465338520721,3.4629734092605235,3.399904125700764,3.9369706157201447,3.575424204422976,3.8306698619169297,3.333505447440161,3.938337474115168,2.854724672067835,3.9369706157201447,4.245391056074939,2.3111972492869786,2.494002241926348,2.222308287415691,1.6363376060168635,1.9163588091204966,1.97903699671361,3.766581638248892,3.8892860832444285,4.1259972878257125,3.656336,3.9699352457962624,2.6279640003653664
2021,7,2021_07_IND_SF,IND,11.0,DST,5.705099518833566,6.800722,8.370905263509629,8.934436946613125,7.622752476234204,8.120634655928153,6.689977653806109,6.808115139103183,6.707337915566313,6.6917274378538885,6.767811776523248,6.842131857687843,6.603828397903466,6.609659352782385,6.877684398196473,6.599910205333605,6.5165250507619605,6.451671854918523,6.902570868354621,6.749681407230997,7.407483749648951,7.310619315710947,8.120634655928153,6.451671854918523,6.609659352782385,5.773391883584239,5.8416842483349125,5.820874164913536,7.669060154465577,6.720821730206355,6.708925431822066,6.604129618802641,6.62768508716989,6.659349918626119,6.901413,7.2434928558025,6.424682346681226
2021,7,2021_07_IND_SF,SF,4.0,DST,7.507521358234694,8.36258,9.248192941618424,10.947756314387394,8.914963381700513,9.562871304662748,7.51285213967186,7.894751324829516,7.595994049174386,7.3113840249221695,7.329866907444687,7.440667744142285,7.198928333826802,7.078195089146623,7.499692280859242,6.982672591132928,7.264669411252092,6.970763946417962,8.008569255939582,7.186156649984973,7.839501265927327,7.3492483732325,9.562871304662748,6.970763946417962,7.078195089146623,7.499009447078125,7.4904975359215555,7.63720869805882,9.456707156590536,7.762921153203138,7.607644245700282,6.9948614950738754,6.8338865894172365,6.956329832341448,7.399183,7.502787259664524,7.867081816517929
2021,7,2021_07_KC_TEN,KC,3.0,DST,4.624836129159959,5.672854,6.775383271766604,6.125507891383064,6.458560848432816,5.816652357508119,5.677773462493173,5.383801752198282,5.720243907100883,5.270847789124851,5.137344062883706,4.784468524491321,5.421497926889414,5.427854564309776,4.861234401547881,4.715391395357772,4.425990909891591,4.859391780233254,4.575313998495043,4.7069247075934495,5.052397319360082,4.894907800479391,5.816652357508119,4.859391780233254,5.427854564309776,4.630250055623451,4.6356639820869425,4.7285577077774,5.791567777176175,5.341122504852418,5.298967977485892,4.968508403873416,4.7028149746594,5.209909076948275,4.7677836,4.713708043294862,5.183134475937088
2021,7,2021_07_KC_TEN,TEN,17.0,DST,2.450033228619491,3.8878734,2.4974812300191864,3.0775876245481597,2.594880065551048,3.35737019701664,3.168506129371897,3.544837010318166,3.133083349598678,3.675696859699116,4.349698255884028,4.033913838117324,4.140553553372237,4.214965783481167,2.8294510428076967,1.768057099319548,3.193838853519625,2.506676669864887,3.4909675233086577,2.890810713296733,4.006410759953283,3.4499076299924245,3.35737019701664,2.506676669864887,4.214965783481167,2.63953734395845,2.8290414592974087,2.545705887289025,2.8438251505054684,3.2537409277399,3.3024574140464504,2.9498430693161377,3.9025350502755876,4.34594364259109,4.8036723,4.584222490639497,3.6031226881488343
2021,7,2021_07_NO_SEA,NO,9.0,DST,8.243327605992166,8.832847,8.302056227964307,7.359021215450914,8.28422797529641,8.195084404457535,8.05002707866549,8.004740937197628,8.078133690492777,7.787051621268826,8.70031117450953,8.725220869327549,8.395208003056144,8.191609544795414,7.993478138741661,7.933275074880068,8.477935940792133,8.289526802210384,9.02905325520286,7.810798267444445,9.64513072248611,8.380586884667125,8.195084404457535,8.289526802210384,8.191609544795414,8.174720314717927,8.106113023443688,8.377905027707214,7.749146950829273,7.628621748027852,7.596371952000849,7.877097761795929,8.197580289281772,8.434244192294239,9.1111355,10.232013334564288,7.151179736457638
2021,7,2021_07_NO_SEA,SEA,8.0,DST,5.465156102815492,6.1553755,7.077567689470222,7.867544773580509,6.712977384523586,7.227015592966747,6.190374733236489,5.896764271176942,6.218951494664839,5.621616490857798,4.95348213485381,4.660859002039931,5.180039818303226,5.182688496655315,4.893327664718997,5.068642705511103,4.827443566179981,5.15049115647064,5.3933743282137945,4.444670803277308,5.059521050425278,4.735509677372485,7.227015592966747,5.15049115647064,5.182688496655315,5.4323859749092,5.399615847002908,5.578786521835179,7.1363146687470955,6.150986759763165,6.0903138403270525,4.967511952666073,4.551548887987757,5.10443814629969,4.938889,4.761140221570071,5.692952551654367
2021,7,2021_07_NYJ_NE,NE,12.0,DST,8.278460224239675,8.880888,5.884765148939487,5.78965804535143,6.616886514291238,6.457328656917679,7.61753450617706,7.373839834894744,7.58508131492382,7.564916633857067,8.023932073654718,8.248698915512659,8.169753024579562,8.188504936978259,7.735375114978067,7.620806528927537,7.577798609482234,7.887237310539978,7.8547768850629085,8.074533914603956,7.195468941118249,8.510138293739086,6.457328656917679,7.887237310539978,8.188504936978259,8.056310813751521,7.834161403263369,8.410681865313157,6.415730894398109,7.585886228992261,7.647381514399532,8.080938284042691,7.959690244327776,8.315669440669668,8.154882,8.231222375093216,7.191226974514941
2021,7,2021_07_NYJ_NE,NYJ,-3.0,DST,5.443164222068708,5.7571726,2.7965252298874024,0.8411654297175444,3.253269181399599,1.6669906294117736,4.4319141183379935,3.5802400096969045,4.372182605082999,4.091238709647616,4.789347406123736,5.01364272866007,4.964381857565836,5.199104124909211,5.028418805207248,4.771652380844264,5.643232864150237,5.262743681817959,5.9682784578250665,5.1063486734548365,3.8218347952582254,3.683869976787203,1.6669906294117736,5.262743681817959,5.199104124909211,5.402758968134868,5.362353714201028,5.552429323927923,3.0233193775698988,4.221418106317906,4.323554095218921,5.265312530979008,5.577003755526503,4.947399514433573,4.388701,4.03207987232712,4.42467573736908
2021,7,2021_07_PHI_LV,LV,6.0,DST,6.469551655589398,6.666751,2.971055565289133,4.813359542254428,3.0443546186026373,4.121272209300521,4.435290526006589,4.473656438455353,4.346847751628434,4.91210181503692,6.609822912123879,6.959289364660255,6.833248103363109,6.916990266674048,7.371474863671491,7.586606655270956,7.587764098751257,7.343117730691429,7.414558113178705,7.2249235358937565,7.116215340739915,7.532241244793591,4.121272209300521,7.343117730691429,6.916990266674048,6.3501611587744655,6.230770661959533,6.582582797163035,4.033201781881276,4.778850290886918,4.876325581781315,7.595695886494802,7.410005458008743,6.783843560603443,6.6311197,7.291816985263001,4.911102385471214
2021,7,2021_07_PHI_LV,PHI,1.0,DST,5.777603770095889,6.2205057,5.8180887886556985,6.53689064457393,5.962993116322089,7.137982278243819,6.073186890896012,6.372423533949614,6.081027755477073,6.085428812129274,6.413909558109589,6.416780542315933,6.399166744463503,6.211653762769196,5.75806503617344,5.748592407938449,5.620387693167018,6.16070873427954,5.6951825155959375,6.151578720934952,5.513867506691901,6.475021201028922,7.137982278243819,6.16070873427954,6.211653762769196,5.749904040607366,5.722204311118842,5.887295836555799,6.457521322589822,6.267461786744475,6.227882236343659,5.740729018771921,5.706504870829597,6.344680867406228,5.3698688,6.000817544348796,6.374267412917025
2021,7,2021_07_WAS_GB,GB,14.0,DST,6.884329028197591,8.34017,6.017353593239784,7.200709990666859,5.912032984207296,7.086887768270918,6.466515272395867,7.012852022623678,6.425473896126701,7.102282456274379,7.44041641065032,7.506825167638975,7.531435825397455,7.3762668420622335,7.079565943968653,7.349179718059678,6.879330733836062,6.765127328078236,7.11490441195852,7.337057352474918,6.794576213974941,6.8759089989579545,7.086887768270918,6.765127328078236,7.3762668420622335,6.844519245482047,6.804709462766503,7.006139241501201,7.192485659587427,7.314632977095129,7.33686761535853,6.859178096059522,7.127833054117884,7.617555554130692,6.8312864,6.414784454281336,7.1807494669999885
2021,7,2021_07_WAS_GB,WAS,7.0,DST,3.746156244768363,4.5470862,2.6175923338370275,5.143473575665393,3.165777168296576,4.689862256023619,4.227169932943436,4.650155881400358,4.199444000882016,4.590349944193987,4.990398240464609,4.3242809985957456,4.526749811144192,4.258578199662944,3.744010962508939,3.725554084837542,3.945203497229721,3.896323017757349,4.05768096607626,4.456548318735848,3.842348136336119,3.9178824836411934,4.689862256023619,3.896323017757349,4.258578199662944,3.8664337962230917,3.9867113476778204,3.848734309270734,2.3728391114845016,3.756880881635157,3.8190292471056027,3.5371610368186923,3.384024297857635,4.4017831719681055,4.1423955,4.193692713738923,4.261377406647723
2021,8,2021_08_CAR_ATL,ATL,3.0,DST,6.4894272698749225,7.176515,5.979132224613196,6.5279529548812105,6.07676090278507,6.416470996457708,6.335901674609019,6.466251004815853,6.322023455460808,6.559487627282588,7.144263921975621,6.630631368006774,7.227405938066784,7.46429054077065,7.364341326431607,7.565849352500382,7.62635492833324,7.041790234087853,6.7477442793309415,6.953667992053437,5.498725027529251,6.347552215036089,6.416470996457708,7.041790234087853,7.46429054077065,6.446184150474833,6.402941031074745,6.604930931206365,5.710761371577798,6.1743732038313315,6.204140369681483,7.004471626126698,7.05034619853029,6.841762439575158,6.0062337,5.297739893836933,6.14727874194407
2021,8,2021_08_CAR_ATL,CAR,11.0,DST,5.0447909799927,6.060902,6.115997412586851,3.630860423204977,5.822114938060007,4.164021957357284,5.309761796071523,4.582822694764611,5.330966622620058,4.607129892807496,5.775413793381356,5.836549830707586,5.699070644430786,5.903928672134205,5.300705860651146,4.608113621794651,5.334106762317311,4.685863934473026,4.982875051860859,5.260743959477853,5.26081130981956,3.938147120992425,4.164021957357284,4.685863934473026,5.903928672134205,5.058054147992473,5.071317315992245,5.153459837026775,6.042577544059647,5.621634947312094,5.570280809171017,5.299093514095292,4.817346458413392,5.853771746047065,4.9613905,5.145352312644268,5.640186379652748
2021,8,2021_08_CIN_NYJ,CIN,7.0,DST,9.217629612943789,9.7973995,8.100648173244231,10.094457295131392,8.383147653823286,10.054387738462507,8.598838900812863,9.197899049360547,8.605615440644254,8.923248339636856,9.244965678951422,8.97852931129497,8.851088355187859,8.56967346982374,9.202318717729828,8.454655173607886,9.159879441249704,9.228234444560556,8.784742683490403,8.653019440368727,10.015221750370925,9.825274830566732,10.054387738462507,9.228234444560556,8.56967346982374,8.964575217308214,8.711520821672641,9.358145735271588,8.108830534823829,8.738996052448668,8.7340304204786,8.700820827195624,8.960992072828109,8.427784528371758,10.595022,9.187468886010176,7.869865084527576
2021,8,2021_08_CIN_NYJ,NYJ,4.0,DST,4.49920847012307,4.6655807,4.772827290578565,6.361995865783667,4.59601884767577,5.532444502879613,4.534311765953708,4.492469642890309,4.534656707554857,4.342606663091367,2.987083011184376,3.1438648414470456,3.372763193607766,3.580884081392203,4.984436686378673,3.942562657106217,5.662537672969525,5.061229654693568,5.438384512648905,4.539455390573696,2.869534362935008,3.4505060258307134,5.532444502879613,5.061229654693568,3.580884081392203,4.543031727839686,4.586854985556304,4.6056781399873055,4.812322238917282,4.68844761735152,4.672873124920124,5.068125951127252,5.1159241276248215,3.4115739951383386,3.9250393,3.5055959818143783,5.043639117138964
2021,8,2021_08_DAL_MIN,DAL,2.0,DST,4.10946650615243,5.1769557,4.349414686595958,3.723187929208047,4.21462294529708,3.533798482422702,4.35020413489402,4.160899810199192,4.337945228395068,4.442826208950512,3.934305210213682,4.399528636138806,4.232145061951248,4.414658486741074,3.539297982680948,3.673214495162167,3.5289532247289226,3.937856744142194,3.646420277953593,4.446480065489544,3.834637182681552,4.131878171510761,3.533798482422702,3.937856744142194,4.414658486741074,4.200184359886199,4.290902213619968,4.214024917469527,4.263728268479738,4.353059056115587,4.368447764592093,3.447782640580701,4.343169330830544,4.17055851544736,3.258974,3.9179656498490174,4.501701190703322
2021,8,2021_08_DAL_MIN,MIN,8.0,DST,5.461053565680436,7.185059,6.948903269436817,8.25304313307667,6.1191795662028445,6.892228930877254,5.051793480563459,5.512320540659324,5.084616159812949,5.250547345932212,5.59135892439885,5.445007888237618,5.7804796185458125,5.852325204865116,4.9753558673707,4.811219890755843,5.23633515753916,4.540781002987157,4.979280157078612,4.982188166273788,5.320968200145053,5.380330692149598,6.892228930877254,4.540781002987157,5.852325204865116,5.5360014739455075,5.610949382210579,5.573226283580829,6.283743634575055,5.153179520207033,5.08693713753439,5.30317754437201,5.529951273327569,5.902723773847692,5.777451,5.312095579431628,5.205239966454282
2021,8,2021_08_GB_ARI,ARI,1.0,DST,6.553629623582562,7.3686833,6.598412948564632,7.645974366093633,6.950646644379422,7.467262318405606,7.065415721573607,7.0725180025129415,7.088443169309168,6.8339008622422455,6.850668427421057,6.89111009054727,7.3819778618021745,7.155753153616815,7.318665141244489,7.150569602809115,7.072832159126758,7.036884418007699,6.978442564234029,7.24020282229,7.381930014726665,6.299400944111564,7.467262318405606,7.036884418007699,7.155753153616815,6.5412777359173315,6.528925848252101,6.6655171017980726,6.567806948086894,6.864840765026833,6.832767104705338,7.226323750039659,7.335941320292365,6.829211821560836,7.0171285,7.98439531399153,7.307688686705138
2021,8,2021_08_GB_ARI,GB,8.0,DST,4.165110198824952,4.46809,3.0258171619730425,2.4163099545323368,3.537332857892063,3.8057145988998,4.70673529039934,5.100310260074128,4.6650409492528135,5.23898024573271,5.343084260883342,4.846684464505496,4.672600444970388,4.763730947685985,4.7413510833660135,4.70559996701948,5.272307400081942,4.108502196176674,5.247114596551736,4.752495078379016,4.934324972666126,4.274719321777764,3.8057145988998,4.108502196176674,4.763730947685985,4.2127136054381795,4.260317012051406,4.266550020582001,4.340321033117818,5.098635631804454,5.1346495379855845,4.739835963641671,4.6791288699074585,4.945125519097247,4.7227087,4.312500854168605,4.931136497589936
2021,8,2021_08_JAX_SEA,JAX,2.0,DST,6.078874980874862,6.25146,5.533325972585523,4.0499694274361655,5.338460279139316,4.661610934132671,5.6257680774905126,5.212535055273367,5.615146201293088,5.375104887547025,5.303300246612826,5.6030501897867895,5.45150430454173,5.549540069919214,4.618434374925361,4.815284278012918,4.24401255332668,5.19855547812374,4.911103191229836,5.476015114478198,4.075464058113729,5.617730137255036,4.661610934132671,5.19855547812374,5.549540069919214,6.098457435137026,6.118039889399189,6.1942421270310986,4.880483410036082,5.432244063799385,5.4626453485113755,4.917968582757622,4.992910067409042,5.274237782348651,4.88127,4.513623515567944,5.444516120246428
2021,8,2021_08_JAX_SEA,SEA,13.0,DST,6.974539296120639,8.03644,6.842325177620055,6.981742814730219,6.69284452118656,6.893621006911948,6.951170032882271,6.501632599439505,6.940075151757561,6.449619572943458,6.86488928269857,6.897635867072857,7.355375536112088,7.16840900216643,7.74903812084087,7.1804744933750415,7.26030392201965,6.703085932798009,7.277921393416574,6.585728715868463,7.145700563168486,6.334757638662693,6.893621006911948,6.703085932798009,7.16840900216643,6.928407404567696,6.882275513014753,7.097520670178097,7.091131062990845,7.097849255842421,7.095946120705902,7.452076291138149,6.8154850630736235,6.788685000630608,7.2119427,6.857772894547882,6.845752150882285
2021,8,2021_08_LA_HOU,HOU,-3.0,DST,2.8530605174290846,2.8256252,3.865430132560352,4.9949782817698285,3.2424513506202026,3.7861022591883664,2.737591092165152,2.89234813848756,2.7321154757835258,2.89819374078779,3.55412688193516,3.783115239688757,3.6048380580247943,3.6345943993127183,4.4658377400362745,4.303855296506766,5.065535328713974,4.98812230182859,4.853875781167511,4.578201100627759,5.00426064615745,4.824956622548574,3.7861022591883664,4.98812230182859,3.6345943993127183,2.92245275886454,2.9918450002999957,2.9498569933876513,3.9725537089625442,3.088105634165541,3.0813460244054878,4.456329537313918,4.644049389074786,3.7270484839912283,4.953394,5.53052766719137,3.4067770170681295
2021,8,2021_08_LA_HOU,LA,7.0,DST,9.42716113251829,10.411793,9.249545327838096,9.307131384356769,9.156308374325306,9.511302789144844,9.303776871382764,9.510608922998207,9.307119970272865,9.426305249935034,9.884733959006455,9.446459292419611,9.741067273463887,9.564294926629088,9.622732509492778,9.257990576980678,9.870521347431715,9.721528123205132,10.104679531110008,9.383534508351516,10.749111469455086,9.850373529653035,9.511302789144844,9.721528123205132,9.564294926629088,9.267794756548223,9.10842838057816,9.569628599968455,8.858799418565464,9.080847407311175,9.087265406806925,9.065709743508343,10.173678053510491,9.805603236773864,10.3573885,9.708159199990988,8.833196853699516
2021,8,2021_08_MIA_BUF,BUF,12.0,DST,8.585239007206273,9.702927,9.528800953579662,8.717947276763283,9.319043229172522,9.684831704862033,8.542880531855456,9.47918653569864,8.589157054508266,9.083503768842018,7.8573240305009024,8.148139938349187,7.925735817670787,7.901486557745447,7.308705235816166,7.313661089046705,7.171284240836867,7.559407946017603,7.030628058395074,7.257109231460085,8.701029904975861,8.571990385369123,9.684831704862033,7.559407946017603,7.901486557745447,8.480278915447311,8.375318823688348,8.72005283813052,8.919026844903243,8.545895584962564,8.47273367780504,7.568671886237467,7.432471421889645,7.861775385945525,9.065429,8.64943158728875,8.431837408451981
2021,8,2021_08_MIA_BUF,MIA,0.0,DST,2.425552296522093,3.0092497,3.4075260459033703,5.196388133990824,3.4130453222118096,4.690038965590958,3.403855283505358,3.973156648879322,3.40961568758381,3.801805468475136,3.614557298157675,3.4827798412737403,3.686538172199593,3.691258412444539,3.276089217969343,3.41396888681403,3.6429900334517273,3.689400283243131,4.220683939279477,3.8548170298513216,3.489947294060956,3.550237366955303,4.690038965590958,3.689400283243131,3.691258412444539,2.540474945948264,2.6553975953744344,2.521746603936674,3.299793617494616,3.1379591059958094,3.1271726214891538,3.3913339511924954,3.553745375973397,3.7001836209354217,4.412589,4.656456525795743,3.465547720844099
2021,8,2021_08_NE_LAC,LAC,3.0,DST,6.273454532160204,6.7868557,4.785833324277869,1.771392545154427,4.6002351517963,2.6362938659228563,4.558854666666209,4.09280836000544,4.552136509958768,4.399931700658938,5.82716941806635,6.1989195160848425,5.948341082012443,5.985862740314227,6.431346241523378,6.660509376350363,6.635007415347665,6.506516328291143,6.806881059501714,5.953265940321297,6.349794630404076,6.327961584391092,2.6362938659228563,6.506516328291143,5.985862740314228,6.204383437918364,6.135312343676524,6.385069746575358,4.200320644101268,4.4182824860412975,4.441847056195009,6.824302053951009,6.451180813118478,6.129584134661146,6.013393,6.641636602962372,4.6023933703991835
2021,8,2021_08_NE_LAC,NE,13.0,DST,3.4979007465154943,5.224998,2.003798515009323,2.7618128953041894,2.8196184930274373,2.810488488334511,4.095915721849995,3.75575396125946,4.038157868235871,4.160898225725889,3.780833941327603,3.78226168541384,4.136748719351456,4.162646194267453,4.310572287342991,4.388299718673699,4.101239746288437,4.156332162355984,3.868495745562307,3.881210014813479,3.644934480305527,3.589744096972433,2.810488488334511,4.156332162355984,4.162646194267453,3.52247753392967,3.5470543213438464,3.6013621816936534,3.1634532320157813,4.239769066448579,4.32224048849846,4.46331789509681,4.140003211817332,4.032054527243465,4.274562,3.5506454575191992,4.074810793849035
2021,8,2021_08_NYG_KC,KC,6.0,DST,6.656857653629695,7.9110126,7.5177982585567875,7.264278486073593,7.1085648558631,7.156002636868115,6.775039324282346,6.847191475187394,6.778645969471235,6.827628172566757,7.047577335988252,7.377618669468155,6.9716458615136725,6.983839813917293,7.08869285833312,7.010706784187641,7.069082066256593,7.434863718301468,6.907460992625638,7.147548777343982,6.631936315096296,6.771386064231102,7.156002636868115,7.434863718301468,6.983839813917292,6.645874306468093,6.6348909593064915,6.772380287923432,6.819749735501738,6.650451138114335,6.660334427547448,6.872498284552808,7.316348886284311,6.860957503821338,6.9794397,6.258060643805286,6.768444148624464
2021,8,2021_08_NYG_KC,NYG,7.0,DST,2.09766718380349,3.225439,2.324597926747252,2.6954355113772523,2.508566003210965,2.701233324379774,3.487755043877924,3.4525333633125013,3.4200691726085037,3.857926913505626,4.21659162798888,4.672018318972388,4.392131855915298,4.578308455240096,2.8489516815446576,2.66594016858676,3.698574162547083,2.917909793560267,4.047334050102633,3.364265211956583,4.1795352525026015,4.018258339210574,2.701233324379774,2.917909793560267,4.578308455240096,2.3110472593355396,2.5244273348675885,2.1903172285766277,2.4430523852465402,3.6139713332836405,3.7193339821297364,3.169715640305589,3.4895169474998275,4.637150523930537,3.895022,4.27392496329245,4.1064884402216535
2021,8,2021_08_PHI_DET,DET,-4.0,DST,5.0548498314227865,5.6867204,5.012994853178766,6.56318553549776,4.573116423065578,5.191036856087419,4.68188789708825,4.610316075947696,4.663608212457882,4.753773372996454,4.730219193825112,5.392336360336688,4.807809679937808,5.197025750637634,5.0710157308167165,5.348964399160935,5.098108109190011,5.134258810220193,4.931261078004519,5.261606638514991,5.711197488754976,5.911831192318737,5.191036856087419,5.134258810220193,5.197025750637634,5.075253096341948,5.095656361261108,5.163297030470492,6.100900687359392,5.234103811649145,5.208801420755709,5.230266720629899,5.187218424223264,5.000636951113349,5.638708,5.275764445729443,5.060892066978027
2021,8,2021_08_PHI_DET,PHI,15.0,DST,5.657456183595496,7.0254555,5.557685891318193,5.008360315887373,5.255745991691156,5.28011137140897,5.679069941029537,5.361146090856371,5.659590804475667,5.4578066907102345,6.024868538585928,5.926064149037173,6.479554668559778,6.364376258548248,6.641861220476991,6.812656375469036,6.733519728875638,6.538380844030875,6.485685744622174,6.078209792356543,5.432008620954725,5.035328563027629,5.28011137140897,6.538380844030875,6.364376258548248,5.687766334395921,5.718076485196345,5.769886921813336,5.003043267725725,5.62926631990721,5.665550279375346,6.5075600966897,6.031931040606168,6.1667756902461965,5.352907,5.4678425793193535,5.803106099205913
2021,8,2021_08_PIT_CLE,CLE,3.0,DST,7.139773086430263,8.546205,9.163537269167,9.13443817493122,8.92634027091259,9.011332811557658,7.837107052131349,8.007147220561631,7.899843627018363,7.5719977465972,7.498056694514232,7.415287341587343,7.492684700536776,7.457383936977223,7.246800411884919,7.397650851793136,7.1268511322400325,7.216824351462618,7.194229117250082,7.651205934560672,7.148899385756243,6.806386827275571,9.011332811557658,7.216824351462618,7.457383936977223,7.158883679180463,7.177994271930663,7.270255062559931,9.0344773679743,8.13446937785182,8.019108661257839,7.425527840140194,7.466472295228231,7.270343043865202,7.9545555,8.185858785759317,7.8350240005511065
2021,8,2021_08_PIT_CLE,PIT,10.0,DST,5.367025169480783,6.0918565,5.774864943307197,6.950935122979077,5.963817478329376,7.086800712122973,6.444072786516313,6.734016856834012,6.436894211295032,6.5686625922723465,6.556744471655716,6.0702220844590125,6.149737820406667,5.998011180063551,5.928022559352414,5.864910358585733,5.830452655781385,6.39692077835735,5.913924520690308,6.423672200829165,5.940803065250352,6.429918921831941,7.086800712122973,6.39692077835735,5.99801118006355,5.419057191278581,5.471089213076379,5.476336516358319,5.751286594650452,6.3743660011877745,6.384817665102059,5.228038267373314,6.122482936865786,5.901920193587838,5.5247927,5.394788381644553,6.399595024911321
2021,8,2021_08_SF_CHI,CHI,-1.0,DST,5.820354336029469,6.8402205,5.764274987753533,4.685073878790059,5.756569388420616,5.089196681671463,5.937223880458062,5.697436980703683,5.918172804384158,5.8929317684140665,6.272851055721996,6.70356371740006,6.4244174361506206,6.331027553830836,6.281589262841725,6.404673612391289,6.369126788435813,6.662501414452622,6.58857865339488,6.705681617311515,6.427141142235718,6.122352037748088,5.089196681671463,6.662501414452622,6.331027553830836,5.868364124974932,5.916373913920396,5.936737544052844,6.223426206502933,6.096646976010358,6.116432383781937,6.747981837237631,6.44221586850681,6.3463543993476135,6.465065,7.3727904030515194,6.131978649943159
2021,8,2021_08_SF_CHI,SF,6.0,DST,8.351140756540197,8.848324,8.99610058909878,10.368420936210832,8.925288476060409,9.373198808744268,8.572880404101474,8.660065615249897,8.599350520143267,8.457372298499344,7.541048919593965,7.508116938891853,8.056102312698302,8.14933051054653,8.468180745944693,8.244010436696826,9.0696253309922,8.864403162144107,8.691903934486714,8.599510988527527,7.7901446543447905,6.963014485723139,9.373198808744268,8.864403162144107,8.14933051054653,8.236635954500542,8.122131152460888,8.48350757277681,8.948195533327809,8.684797335873904,8.636270195553877,8.855300416749353,8.996496936652493,7.461636105439148,8.124352,8.133655966175098,8.13285042089906
2021,8,2021_08_TB_NO,NO,15.0,DST,4.116548379637782,5.463598,4.718467898493147,5.242675312676328,4.983524883016813,5.479592023350471,4.750054358387466,4.916055172141402,4.767901011745589,4.716921929887663,4.198842398425072,3.904123601376632,4.550181487235366,4.4559643339301305,3.900294656935337,4.19176089806766,3.792754313673413,4.16185424159803,4.70379573296178,3.9349638661796833,4.343414365825473,4.328195727352224,5.479592023350471,4.16185424159803,4.4559643339301305,4.128561530840781,4.140574682043778,4.221591577986735,5.430981834092574,4.700079397476798,4.651309068891741,4.568999328143311,3.882549029915262,4.515171570279067,4.7879624,4.346816127499912,4.5170892670964715
2021,8,2021_08_TB_NO,TB,0.0,DST,6.963427037910792,7.248578,8.359567872389936,7.489819866758032,8.44785976166435,7.884337161255486,7.561841106021586,7.446551635664615,7.614890124202565,7.266741124966982,7.493485283806625,7.316464401608318,6.982523669199136,7.23419816474433,6.909854686061438,7.78748001365398,7.360637420372317,7.312538517715777,7.614594657997612,7.912379898793552,7.439087961159307,7.961999586413986,7.884337161255486,7.312538517715777,7.23419816474433,6.838165052208976,6.7129030665071605,7.079724653037597,8.2448478580223,7.4272412353371955,7.351780425505762,7.249678496200978,7.122683813458455,7.145151733924398,6.8240657,7.080815169264165,7.008325699470175
2021,8,2021_08_TEN_IND,IND,6.0,DST,5.334576117400524,6.5877542,5.447606756644877,5.821329985954601,5.481820728864204,5.605589014842928,5.493399484576751,5.371952328166483,5.499354021905532,5.332771078546414,5.666193661927097,6.034936726659017,6.005123144434156,5.994180154706166,5.574267295155681,5.293077963963894,5.2382706817062,5.351621280940291,5.319833886226576,4.7904938537266935,5.401210392341676,5.128257653362756,5.605589014842928,5.351621280940291,5.994180154706166,5.340633014310248,5.346689911219971,5.443240868469847,4.991708012910255,5.348364967353998,5.3648724026155765,5.8027222274036605,5.811357098298935,5.877218085335729,5.9410167,5.987798010183302,5.415582910248991
2021,8,2021_08_TEN_IND,TEN,12.0,DST,4.474684355792704,5.2490187,2.876822367275136,3.4547463465229,3.633520507506341,4.0597337697656,4.473170847624547,4.830455978495076,4.451085190000386,4.938716113006383,4.346236813996778,4.121245535654819,4.585707202852139,4.511347345670514,4.777801574574418,4.119583062026708,3.787141789364709,4.1756542710387,4.0748304494072345,3.9318184425969176,3.361120617032473,3.806551203466432,4.0597337697656,4.1756542710387,4.511347345670514,4.4771473243384206,4.479610292884137,4.580089902998567,3.6496813988910537,4.237871723211384,4.274794820103198,3.9851929573764293,4.3553675795543825,4.320609306511469,3.4540296,2.9312206404932253,4.495743884326088
2021,8,2021_08_WAS_DEN,DEN,17.0,DST,5.996609588473606,7.86136,5.610518786913168,7.347495165077169,5.7066022341032765,6.584021269568513,6.251753777973403,6.41463373806142,6.221088759044399,6.486132802176993,6.24348612186819,6.176115022198217,6.90106892540561,6.707140537049758,7.254039357100864,7.373141735300105,7.008278749928158,6.725680523324074,6.706028337412387,7.107570524164045,6.516117982997401,7.043129345741509,6.584021269568513,6.725680523324074,6.707140537049758,6.08679004518272,6.1769705018918355,6.114871923921449,6.043822038307443,6.510388771105829,6.5488521014505245,6.876379059135677,6.692304797872176,6.434354873336857,6.196279,6.164219356982276,6.805094582645551
2021,8,2021_08_WAS_DEN,WAS,7.0,DST,6.212924866636416,6.0763793,6.770047280434156,5.868774838958407,6.943951210723338,6.354227015619394,6.819978357737647,6.673687763727772,6.836035244851227,6.637215214624439,6.054971624528991,6.204061437847948,6.219064342037243,6.162334149923062,5.58006966530834,5.736485035931734,5.344617745494781,5.587135379894981,5.607607173673152,5.4123292637791565,5.123552253739327,5.869748415201254,6.354227015619394,5.587135379894981,6.162334149923062,6.099028376040576,5.985131885444737,6.324298954504736,6.445138682964568,6.603034891972415,6.595725720258799,5.357282348549485,5.003634645683297,5.836025701934087,5.25598,5.484965996972331,6.108084579109259
2021,9,2021_09_ARI_SF,ARI,12.0,DST,5.33492960955763,5.8292356,5.795637160541286,6.092370135302392,5.886490754474056,5.8818421640755965,5.88996497746834,5.836418190767498,5.877211462750272,5.975843677546883,6.331438479264698,5.898348694742758,5.928558574534349,5.756065615876071,4.839484685710895,3.956630846907401,5.06077078403219,3.955831094788621,5.3304199756253645,4.314898930020734,4.483985880769097,3.942899900174516,5.8818421640755965,3.955831094788621,5.75606561587607,5.341752254201511,5.348574898845392,5.442492840099905,6.247829678230511,5.884615565619923,5.904282936141499,5.008372989419204,5.340045682491658,5.995981118143917,5.1642156,4.136202040173625,5.9805352770174505
2021,9,2021_09_ARI_SF,SF,1.0,DST,7.491126038032413,8.283584,8.14897474985417,10.289347635639285,8.174459831483942,9.259110155909829,7.428375613977193,7.844779274779242,7.484002147854797,7.336297029392495,6.688421781990709,6.836781565984631,6.804462174858802,6.909946219684168,7.47583659058301,7.607332263353933,6.928393495163588,7.3005517638011534,6.960583796484347,7.582703984256918,8.271834259030975,9.185802099026418,9.259110155909829,7.3005517638011534,6.909946219684168,7.4099539261121,7.328781814191787,7.615447448434642,7.975019833168026,7.283071314693063,7.19748588640875,7.339272324038617,6.796510933200287,6.551122760388752,7.907352,7.818241470682954,6.662664527508558
2021,9,2021_09_ATL_NO,ATL,3.0,DST,4.4283791384019136,5.7571726,6.487042579065332,7.226363120754781,6.036820746821261,6.853863478079146,4.855579061902229,5.23674042708986,4.902360248481228,4.912368479690386,4.370839328092222,4.818031965422147,4.82491670689599,4.846006671467088,3.854229491933088,4.412921094389082,4.459058787198928,4.394811160651024,4.090148998119615,3.987928335996635,4.200088927498425,4.639196760921867,6.853863478079146,4.394811160651024,4.846006671467088,4.567355119118404,4.7063310998348955,4.539097776531128,6.257662313324715,4.861117742749579,4.7820617235282095,3.6875718239441153,3.6549939795861137,4.617921504050043,4.270952,3.836759860260045,4.795569690987689
2021,9,2021_09_ATL_NO,NO,2.0,DST,7.615654975460905,8.880888,8.117331038524718,7.801633051209645,8.21023849163138,8.208686744265785,7.724150740804157,7.605831166987847,7.754594403600894,7.393433992691365,8.03522013264694,7.860984616701527,7.864467237684687,7.906099914399078,7.769996125444555,7.602570664379049,7.698397218232723,7.544175606470972,7.995374811918066,7.910913033080531,8.01155971313329,7.352091295980763,8.208686744265785,7.544175606470972,7.906099914399078,7.479718236033605,7.343781496606306,7.744311303098786,8.296454031901837,7.593842880908046,7.543945091401054,7.985541057998637,7.18252860315606,8.07518912124067,7.9147387,8.431230146200615,7.188585921214249
2021,9,2021_09_BUF_JAX,BUF,8.0,DST,8.37803732052465,9.6789055,10.25924370010654,9.56463995621722,10.089702890233294,10.135420495331765,9.485329575009136,9.76354824821913,9.527899857709722,9.43633158422966,8.711315177434669,8.837569750633897,8.691304664149019,8.505325011290196,7.876355608438125,8.15834897164498,8.020818061331706,9.0362234659082,7.710922665671333,8.054828405696544,8.800724244990455,9.728730683173858,10.135420495331765,9.0362234659082,8.505325011290196,8.290611965870614,8.203186611216578,8.512119690849833,9.66603069438781,9.517512914146074,9.455133943470459,8.531454196960178,7.797071696128857,8.22528592683309,9.184675,9.001391720738605,9.247415594169734
2021,9,2021_09_BUF_JAX,JAX,17.0,DST,2.212948439581268,3.2083511,3.301188376726243,3.444393364651521,3.2243117638540184,3.472869772977833,3.0797592044995143,3.4532204206730843,3.0783407464773456,3.441640954195497,2.885171196943861,3.0801935305329344,3.3520780003284982,3.2978082621662264,3.3083064931761554,3.4743930025166523,3.1268270316243303,4.078755425569039,3.400389442944776,3.6701629643165408,3.294399657281446,4.1722319633065785,3.472869772977833,4.078755425569039,3.2978082621662264,2.3853555391443817,2.557762638707495,2.3109399068055145,3.7562456477526,3.3274776045183554,3.307435819787252,3.2756413668887476,3.254706344061773,3.1427705444349057,3.6677525,3.8519154658621493,3.6822306088206105
2021,9,2021_09_CHI_PIT,CHI,5.0,DST,4.912089582530542,6.282414,6.265337381621347,4.849284220313871,6.239418994194482,5.871084139765684,5.902472115262708,5.764611660529702,5.93735665718525,5.553473696394022,5.483310528714141,5.461090957675044,5.434327715291239,5.337884166773606,5.459923149718953,5.897840960382111,5.4728047749049775,5.439000767187958,5.612153318264086,6.02226847561628,5.141090131641385,5.8662889473773365,5.871084139765684,5.439000767187958,5.337884166773606,5.056907545049089,5.2017255075676365,5.026914547382198,6.250275264057735,5.99595757949698,5.934799145875027,5.465872677599829,5.289381396184167,5.536834144914073,5.525803,5.315832739220605,6.105499726636765
2021,9,2021_09_CHI_PIT,PIT,7.0,DST,9.296127648970174,9.40613,9.203609873225409,8.689770463006887,9.318270690066193,8.721705923264889,9.44125495682026,9.141905215365766,9.454782027370138,9.09734299158705,8.166352068663025,7.420583697290387,8.105647201483919,7.971580211217843,7.797054839047853,7.93049093424747,8.1294404754266,7.608279441343496,7.973926260515489,8.475589926153301,8.026338519024709,7.948619142177582,8.721705923264889,7.608279441343496,7.971580211217843,9.08170276090285,8.867277872835526,9.432666589789486,9.426244927189213,9.454622855437016,9.419288447195175,7.5121628742816,7.6369649892122,7.9366846023354976,7.546968,7.913973825189319,9.134606940924563
2021,9,2021_09_CLE_CIN,CIN,-2.0,DST,5.648869075699976,7.088975,3.9149575743528784,4.85360505076124,4.113326078047281,4.328888526191039,5.11212373496583,4.7155059282906215,5.06536876711623,4.92611295939572,5.627197128478439,5.824877670829086,6.316146740846884,6.11619081180794,7.1578025425018925,6.231927202665607,6.81465648507462,6.133837357019278,6.435130553219727,5.745463656887313,5.43565372071579,4.751277201982171,4.328888526191039,6.133837357019278,6.11619081180794,5.698978070640773,5.749087065581569,5.761214048185769,4.016989973148856,5.152178783995076,5.224930705183477,6.640784128604748,6.411281456989518,5.94648432891584,6.1181335,5.717106618429695,5.160000033732295
2021,9,2021_09_CLE_CIN,CLE,18.0,DST,5.559210624575868,5.973362,7.057277040846471,6.596627274097858,6.960464577528837,6.2589979359260735,6.421905885959259,6.068980168484468,6.451704855198788,6.027382254136617,6.141229447123025,6.403864072070099,6.038174205317962,6.306673753385502,5.998266606307069,5.849130863538337,6.341142789875178,5.7903841801495535,5.946368409974532,6.0100719497663215,5.93624955396851,5.698793269626836,6.2589979359260735,5.7903841801495535,6.306673753385502,5.553236348551017,5.547262072526166,5.668913360112458,7.28582885483828,6.773026884381594,6.705719497808,6.375410128783186,6.4835384740040025,6.542792064141506,6.1687794,6.735023710632388,6.642090619601211
2021,9,2021_09_DEN_DAL,DAL,3.0,DST,8.206782816814442,8.4362545,10.29012737009708,9.046444307781236,9.74733688742969,9.001334735998691,8.388717543786456,8.12572223386164,8.455007519682807,7.820577773006857,7.293511946624935,7.861801688675685,7.72928478254037,7.568792566850634,7.355127110096885,7.577994386768477,7.241925548507605,7.975848042335381,7.569704891903214,7.0648496661124245,8.558344194532468,8.951963381878889,9.001334735998691,7.975848042335381,7.568792566850634,8.020106960167707,7.833431103520973,8.331159541959032,9.532289644602603,8.457282763168543,8.351796741398495,7.439697166577492,7.4920294519851405,7.464737382772784,7.9655385,7.651065469842824,7.824170605499106
2021,9,2021_09_DEN_DAL,DEN,7.0,DST,3.061113869697239,3.7506804,4.238497823569993,5.243332299637052,3.907175732735979,4.222536271484189,4.039428501048001,4.185132615877324,4.016557640207681,4.292138969733112,4.820175559672358,4.890914367026879,4.4862078439453095,4.574283057002346,4.546045128698445,4.51327225137398,5.000447919559586,4.121663429117268,5.402354462771511,4.362102533538895,4.639235060033602,4.475430230069482,4.222536271484189,4.121663429117268,4.574283057002346,3.216481363843268,3.3718488579892965,3.1592652570894604,4.179079558952567,4.162229799893883,4.187725230451374,4.667987526400443,4.503300899862747,4.538743919494296,4.206303,4.630824566828939,4.400428111106429
2021,9,2021_09_GB_KC,GB,5.0,DST,3.270555510870033,4.88177,2.5098605999611063,2.5166930478336127,2.8748732422210352,3.2680583622048616,3.981843477794365,4.252956681629067,3.918106138273446,4.591084315903537,4.3558954794976925,4.501978184300886,4.38264696434482,4.532864394200691,4.337490236193323,2.9308716929483998,4.200545925528381,3.048699547925666,4.942124785052224,3.336945563523938,4.596468287259971,3.8842303968619696,3.2680583622048616,3.048699547925666,4.532864394200691,3.5101303111793345,3.749705111488636,3.372505986956397,3.8181319240612783,4.718607665408346,4.789908104978247,4.552726124780391,4.507723081187697,4.5662199583523275,4.4111643,3.9631273216192913,5.096667784057449
2021,9,2021_09_GB_KC,KC,11.0,DST,6.198708617749159,8.0054865,7.883485217722906,9.123402738844485,7.68230776893009,8.363507383841572,6.709198675898768,6.943462255440104,6.771982323265505,6.527767931627729,6.113134665289303,6.090834078212716,6.476432699918469,6.452703191817991,6.72446320065603,6.450259514750414,6.004023396946618,6.227537014694537,6.076746742028123,6.558413040928672,7.194198557690107,6.722997281971598,8.363507383841572,6.227537014694537,6.452703191817991,6.284126671368124,6.369544724987089,6.318420948347463,7.032299044453292,6.480405904561099,6.396304726705626,6.744038183374282,6.244344387431835,6.212894226872269,7.5103908,7.42479257709721,6.6074244912691915
2021,9,2021_09_HOU_MIA,HOU,15.0,DST,5.253523398180199,6.0763793,5.486319188287785,3.9025039799615375,5.472126437930664,5.219856880541431,5.451380299951898,5.583922817735418,5.452200206343351,5.5618538154439685,5.4995503312902265,5.794091794825835,5.727839989540695,6.028991790766331,5.099589204979689,5.09721350453221,5.163359276142308,5.319112846683858,4.960342141738179,5.580379245277795,4.715069749589294,4.671328944920909,5.219856880541431,5.319112846683858,6.028991790766331,5.341642079631602,5.429760761083005,5.364968172385416,5.974155522251854,5.819126275344814,5.794696824579298,5.458626568017736,5.9571389984325,5.571454771452569,5.8148856,5.400181525087694,6.052158154910501
2021,9,2021_09_HOU_MIA,MIA,17.0,DST,7.255029676563017,7.86136,5.986459481467693,5.567675421312204,6.673414629847154,6.355973991399636,7.586388599028404,7.162041250355746,7.565135926620412,7.354844814361999,8.243436358551065,8.013724786110629,8.132679140868097,7.893126940081252,8.106447904310828,7.7788310239227805,8.347079436422877,7.931085031553987,8.332341192302646,8.589044354932437,8.978844067607236,7.897650772755703,6.355973991399636,7.931085031553987,7.893126940081252,7.240690624505879,7.22635157244874,7.379073519476749,5.665639237132471,7.209354885698173,7.273017214353249,7.936253691019581,8.350111438703957,8.416661822843382,7.4099455,8.273032489838004,7.343885098666692
2021,9,2021_09_LAC_PHI,LAC,1.0,DST,5.882591679142459,6.40413,5.4975000928266,4.953082815994763,5.140217962330206,4.769605553109878,5.100610516332438,4.854459845850329,5.089438055306172,4.999926778710948,5.902373266776778,6.037626732077761,6.097417867051259,6.256256474676429,6.06009007870535,5.147759724145086,5.266164822199223,5.673771631134073,5.409184949427751,5.05502398800074,5.262133642596312,4.858115219817901,4.769605553109878,5.673771631134073,6.256256474676429,5.8301424892581535,5.777693299373849,5.992501431444321,5.589562838452536,5.061085376591755,5.058507611088066,5.523507203022096,5.48232205479165,5.875521330676837,5.20421,4.506483531886455,5.176985744068052
2021,9,2021_09_LAC_PHI,PHI,0.0,DST,5.464791023748296,5.957885,5.687813593696219,6.455426137055011,5.868272298914571,6.811233253053573,6.148366090158769,6.50926908992838,6.133505870194148,6.473862599308932,6.019417582503291,6.097329373617959,6.36439023775635,6.069383371266411,5.4618929534052025,6.025186809135593,5.818249452900319,6.045924249068531,6.301702872891853,6.123571762273585,7.087444493601558,6.580654155787065,6.811233253053573,6.045924249068531,6.069383371266411,5.42989162803484,5.394992232321384,5.572057071523253,6.3321108945880695,6.495740248178172,6.491398654588208,5.945942208856247,5.981555660833087,6.227985802412197,6.333381,6.869670912562596,6.405675153935837
2021,9,2021_09_LV_NYG,LV,6.0,DST,6.361134286463955,7.2880764,3.775858157734612,6.259018815171055,4.285286847735374,5.849226245545267,5.564496906997773,5.892272753032833,5.501155605029183,6.08050825198436,7.034842842193602,7.5608391090408755,7.359003935882431,7.669967225585209,7.705255941174661,7.714572818438809,7.246217946943249,7.881010984157506,7.71052189099051,7.348171640916361,7.152478682363326,8.0781067831229,5.849226245545267,7.881010984157506,7.669967225585209,6.379777897380856,6.398421508297757,6.476548884185774,4.759999171271594,5.861381676988228,5.944383498592471,7.95238998619439,7.727547020522996,7.345149753858097,7.42365,7.662795303656057,5.93605458626656
2021,9,2021_09_LV_NYG,NYG,14.0,DST,5.1306170157651865,5.949341,4.9125004846517175,5.1761854392463125,5.254591678729767,5.944785047132951,5.773694075243614,6.006856233900412,5.763886891517123,5.922360549432867,5.61881233083495,5.741796865293086,5.543296993263945,6.028340198622391,5.195874135317512,4.97217238081157,4.949995816368158,4.890011338671716,5.05760026933728,5.4164441440410425,5.123765015243459,4.723967947506845,5.944785047132951,4.890011338671716,6.028340198622391,5.183397854647281,5.236178693529376,5.23883857070702,5.303168472278011,5.66447291936643,5.668600986429109,5.037049706943819,4.96101037653138,5.451473252347017,5.363515,5.383457128601007,5.816832964359518
2021,9,2021_09_MIN_BAL,BAL,-1.0,DST,6.241319030638006,7.591806,5.502835392881074,4.949841678448762,5.645337690969249,5.084680991438354,6.4824574802630925,6.228072424612158,6.458169823208423,6.42000405916588,6.781652628809847,6.904368012317145,7.136810125315354,6.745567884176204,6.452235968942802,6.740855542344774,6.582155293218279,6.30841941928416,6.707680666898171,6.873143422220392,5.709378361970908,6.01554299605083,5.084680991438354,6.30841941928416,6.745567884176204,6.171448768613252,6.101578506588498,6.355298457871664,4.997284820442783,6.189281054843995,6.248768946669119,6.497103634544433,6.315825934667429,7.139654037861571,6.1358156,6.77254782249131,6.242543904263342
2021,9,2021_09_MIN_BAL,MIN,12.0,DST,4.397992500000094,4.2449675,4.593366854971098,5.494522284973948,4.637570085624548,5.043414167955618,4.908745300170274,4.91474759029745,4.888291057331485,5.031059010615056,4.826109069617332,5.108141367263539,4.630443309586385,4.678149780399558,5.057165740340838,5.1607274110822,5.01089748709745,4.903302197249934,5.045362011873897,4.849549987935021,4.825527869662453,4.659265815484736,5.043414167955618,4.903302197249934,4.678149780399558,4.3832278170484384,4.368463134096783,4.498915538936296,5.26453223141924,5.120968014553485,5.131930117876729,4.894068353976525,4.703787811562792,4.634002260306529,5.253066,4.829104683688756,4.8445173475216246
2021,9,2021_09_NE_CAR,CAR,7.0,DST,6.083580468603445,6.800722,5.772496897910843,3.683142717015943,5.475695722342151,4.285648098822129,5.546482082482879,5.283944162552029,5.532897586610151,5.487425924296453,7.006282786637075,7.070459188738808,6.852482584250748,6.846209077976631,6.4724629236101565,6.355997024798097,7.001607645330424,6.632269583561459,6.971529867273257,6.832539140238915,6.9398451992719234,6.213790837433046,4.285648098822129,6.632269583561459,6.846209077976631,6.095528825756674,6.107477182909904,6.198659041927191,5.332230550407731,5.53646154293042,5.554866878846791,6.79181697374408,7.237216613529532,6.893746684707266,7.016847,7.342653771612001,5.674892755124555
2021,9,2021_09_NE_CAR,NE,20.0,DST,7.005432924077084,8.36258,6.13050244018917,5.401283118531482,6.440586554317057,5.695179808984923,7.011897001207068,6.503303087739041,6.985886458436968,6.776402485929487,7.686114131893946,7.906422141915659,8.065082082762906,7.984134319239468,7.660035106286587,8.073758937728,8.076072208160733,8.064203844687443,7.255883033798465,7.838996767269807,7.164357147569644,7.103789983533345,5.695179808984923,8.064203844687443,7.984134319239468,6.980043201076205,6.954653478075325,7.132770539688947,6.527871407995632,7.141286128373109,7.18012466106749,8.26529671093921,8.28387395077893,7.698282014025943,7.3101635,7.268047300592383,6.912453603974125
2021,9,2021_09_NYJ_IND,IND,5.0,DST,8.134396520552393,9.136576,8.340891269011097,9.3659144714897,8.348506576305406,9.149797377945552,7.841555052763691,8.24978269005939,7.864768719148876,8.025994426681041,8.480207173612508,8.50862635133283,8.146300753310493,8.114416023926054,8.135535513248014,8.24335759488,7.821785481021295,7.935110176834951,8.140132596322516,8.187432367496363,9.59128950742195,9.623774591982428,9.149797377945552,7.935110176834951,8.114416023926054,8.023489353504727,7.912582186457061,8.265054938257144,7.967664383301652,7.940907366928424,7.920570346805286,8.080988850514077,8.178936009213125,8.029580960616498,8.942107,10.112847816891717,7.805031404284858
2021,9,2021_09_NYJ_IND,NYJ,-3.0,DST,3.4667980268683456,4.451002,3.3126253778136987,5.150892279243241,3.710105466080929,4.650876074137459,3.663579891499818,3.988212018256845,3.673016444211612,3.8512879927868457,3.797288690492864,3.6489250642860287,3.887733312693129,4.077620288800868,3.680794224791514,3.2874225960959422,3.4296470709708173,3.3065829027987035,3.433419442378728,3.744061039833253,2.875149009086404,3.159900252301412,4.650876074137459,3.3065829027987035,4.077620288800868,3.550150023994442,3.633502021120538,3.570673547393169,4.030174296399874,3.6847971746728723,3.651612163454077,3.3456452160999346,3.2524856435795577,3.9097962207388295,3.3574624,2.9584315761427367,3.962699247807308
2021,9,2021_09_TEN_LA,LA,5.0,DST,5.915299594906477,7.0425434,7.155039884666395,7.661389807277527,6.841959742422247,7.405190116472088,6.359039159523489,6.815164033546971,6.382698592006016,6.60675454621665,6.909714418490312,7.259508421422161,6.658033457983859,6.726489322527751,6.764556532979217,7.35109600769786,7.067245623829435,6.946348470465346,6.794598973867993,7.321848601466661,6.741857011082491,7.100839334618481,7.405190116472088,6.946348470465346,6.726489322527751,5.870578825101956,5.825858055297434,6.024541966321789,6.645523894606405,6.157022500383223,6.1257922637707285,6.9054951970214535,6.917647891504468,6.6701280370463705,6.7873454,6.909486547476864,5.845491570446317
2021,9,2021_09_TEN_LA,TEN,16.0,DST,3.216162709143974,3.9188275,3.914843448280932,3.356350980394048,4.034614329144106,3.50756629210599,3.981937384443697,3.70237067378548,3.9848180632958177,3.77968090294232,3.657538252828126,3.615222421398577,3.745877432691848,3.580702001815116,4.556409794758435,4.2237889463471845,4.485588345637143,4.45491285614847,4.638795706469575,4.238753146743637,4.019762892711992,4.322060465963169,3.50756629210599,4.45491285614847,3.580702001815116,3.259170158495763,3.3021776078475513,3.3147049765426244,3.8886655075700327,3.729130478118865,3.731795650139804,4.694683306473234,4.684790957423331,3.848683116321863,4.203729,4.229961615189727,3.6808751918016305
2021,10,2021_10_ATL_DAL,ATL,-2.0,DST,2.8306875080976304,3.4330842,3.5363787199330226,4.266969262702568,3.125369065264332,3.5501472485030874,3.3956627722559984,3.6718853429675593,3.357111675678525,3.856575271262848,3.9697660966106167,4.012383308892528,4.027891221844974,4.049305166286427,3.893062382416213,3.601183482121681,3.78362424397612,3.726242580606873,3.7700562936871655,3.9159557352182657,3.8013912384407793,3.605780394412899,3.5501472485030874,3.726242580606873,4.049305166286427,2.891453471099976,2.952219434102322,2.9255416904777443,3.01235156509823,3.381182887376797,3.442666250573463,3.8348337580486715,3.6594605078566054,4.021682797702607,3.5699706,3.0700573371016127,3.529705995444859
2021,10,2021_10_ATL_DAL,DAL,23.0,DST,6.506301999596654,7.003045,8.172994301043612,5.913055366627189,7.811871917541517,6.044566844933557,6.981855382329698,6.429465927862686,7.023834832703758,6.38957291384047,6.490298178398591,6.733316912456962,6.675544823484004,6.570339834064665,7.337926395656612,7.478604747819069,7.863639938218196,7.8756405281350785,7.79761956726106,8.10843814925209,8.089008097488442,7.716270261917818,6.044566844933557,7.8756405281350785,6.570339834064665,6.3419845784752935,6.177667157353932,6.61670717411423,7.9150500956128065,7.060459753086314,6.982671925573196,7.7509983192086445,8.070677672693895,6.740343840218055,7.648758,7.973473850757061,6.743503218818924
2021,10,2021_10_BAL_MIA,BAL,4.0,DST,7.674937608062483,8.602791,10.021259670911473,10.431250621204518,9.711747507487456,10.561969769235455,8.632746759937824,9.264990479330386,8.702474575044416,8.707608119519286,7.751136008121139,8.164601231521011,8.192578122746635,8.131882947638243,8.36328853519104,8.244713207835243,8.14801624327215,7.921856204392365,7.963172939903578,7.850660556706641,8.702141549126354,8.193392154794918,10.561969769235455,7.921856204392365,8.131882947638243,7.535978627871461,7.397019647680438,7.800466287051299,9.255830991826995,8.589143269628996,8.486189248026323,8.315982875157331,7.743668637433211,7.868519094973916,8.368334,7.968725504851385,8.0544117472835
2021,10,2021_10_BAL_MIA,MIA,12.0,DST,4.544775221964861,4.809707,4.087716285774551,3.872872111232609,4.573925701251387,4.126933616168666,5.128195239718617,4.589432597631245,5.106614238583845,4.774678444453221,3.982482988545617,3.866827277808494,4.077330055689215,4.171308681554057,4.699072436901166,4.61252771866625,4.373510923345224,4.658521098585378,4.890513591689039,4.558895425960517,4.840681603552016,4.020041893640892,4.126933616168666,4.658521098585378,4.171308681554057,4.595422745087164,4.646070268209467,4.648871723212997,4.464201992199952,4.788386258291381,4.823641414576622,4.667967498822725,4.483190264434972,4.007141716889879,4.9674826,4.347369434151501,4.878542228488264
2021,10,2021_10_BUF_NYJ,BUF,12.0,DST,8.63094066961753,9.519302,12.027799973833377,12.384070972681094,11.201583350011928,11.651169717366551,9.509311979510056,9.69676308688833,9.591333716710972,9.183361072733014,8.46521714301181,7.926295540355383,8.260815426321173,8.283847916728002,8.377448349371493,8.017921735342378,8.142764836103254,8.205731204474654,7.735693075224419,8.089654776512573,9.264633358687655,8.701723409823868,11.651169717366551,8.205731204474654,8.283847916728002,8.480521789698244,8.330102909778956,8.763567814598714,10.824070020523259,9.422638103829296,9.302489161879176,8.059732784161088,8.226198501880338,8.068037882738802,9.227324,9.85538551879617,8.963160373432965
2021,10,2021_10_BUF_NYJ,NYJ,2.0,DST,2.6413122322123312,3.7181153,1.2681104170564872,1.5810422627445844,1.6088124770143717,1.887689383866059,2.5920345926726585,2.926280845822838,2.543263120666235,3.18514588750996,2.853521517198131,3.020621510445032,3.3849489903556864,3.4618901891211498,2.6792091212495555,2.607962382842552,2.766685379483638,2.9743098663478005,2.5393725080361484,2.8352852640388764,2.5643074783776223,2.9001772437693103,1.887689383866059,2.9743098663478005,3.4618901891211498,2.8318903273011915,3.022468422390052,2.7409706748704457,1.90871222208611,2.6985354068233907,2.758565039783094,2.9065940922936324,3.0306663746322773,3.3532535406414103,3.2794998,3.064829802300474,3.3417534688980495
2021,10,2021_10_CAR_ARI,ARI,3.0,DST,8.154648992658462,9.055969,6.46646497319313,5.801301837903959,6.794982940770567,6.441793947422196,7.665219830856689,7.419593576115244,7.622687957766135,7.713180236097362,8.541631708477178,8.253618151627744,8.596216592581222,8.667114023355587,8.36178786062828,7.624427798163278,8.095440298307654,7.214994285899381,8.502707456120977,8.484861738613084,7.12670070294532,6.368797353928748,6.441793947422196,7.214994285899381,8.667114023355587,8.02134337912039,7.888037765582319,8.284745389906949,6.807944619034717,7.5447099595531855,7.616453615722324,8.156406398381385,8.036291828351636,8.352830899212421,7.443391,6.715563987610384,7.5643150887690025
2021,10,2021_10_CAR_ARI,CAR,12.0,DST,5.310711229653146,5.9322534,5.801862928046663,5.071856168624029,5.830782347027997,5.514352154696812,5.699905732961683,5.786719484232644,5.717888127424376,5.660887806677307,5.797335529645808,5.6178132074148674,5.551256347753208,5.66273129947807,5.415176927241574,5.581349667212361,6.129134608367915,5.911656466200254,6.32148561165346,6.054852894155469,5.55411347006582,6.489175867276383,5.514352154696812,5.911656466200254,5.66273129947807,5.386655894553974,5.462600559454803,5.421360841529549,5.943142079671274,5.883629841998364,5.840853526629247,5.228532491855336,5.421802471990181,5.671226914667108,5.7365003,5.924127974772489,5.668016994316509
2021,10,2021_10_CLE_NE,CLE,-2.0,DST,5.693273559234454,6.323523,4.009867250389975,2.7879747976711435,3.9959998815474087,2.95696990947219,5.072244443046988,4.819192808275615,5.012570381576716,5.307725457775228,6.059392452402497,6.268716379265645,6.289048880379894,6.382575946030729,5.838859754559625,5.893584191471263,5.842865437481539,6.05302522290663,6.221160208232982,5.926064661406199,5.753214437439877,5.586419664395632,2.95696990947219,6.05302522290663,6.382575946030729,5.642494653734866,5.59171574823528,5.803259142948301,4.1238519895715875,5.06118167701303,5.152856621105693,6.392583595544069,6.464416294219723,6.338931916499216,6.1720448,6.106962535542927,5.052535865369711
2021,10,2021_10_CLE_NE,NE,11.0,DST,6.155661196889821,7.4391356,4.053423796861291,2.413994359460017,4.604980215460055,3.488502159078336,5.653094426810147,5.18261666293382,5.613601983433313,5.534303070174035,6.519235695063869,6.670989096656817,6.986605083977023,6.759084979214035,6.859803587444096,6.522238760747153,6.5417751915363205,6.534902771619348,6.993388195305204,6.390109594262627,5.022601491399866,4.998004197719992,3.488502159078336,6.534902771619348,6.759084979214035,6.181564076074527,6.207466955259232,6.271526298616028,4.32394856823249,5.658545768539864,5.725371163147647,6.476027844726565,6.5850848015874,6.5327007200902285,5.6909876,4.31140192118213,5.85887787321234
2021,10,2021_10_DET_PIT,DET,7.0,DST,3.899146591505902,5.3109274,4.835538381379419,5.360373761489237,4.8448415289037055,5.100746500606729,4.630947631693886,4.905108392689457,4.649239845764053,4.733729400137107,4.460592645181146,4.554419316316706,4.701223074230827,4.649173089549927,3.9963492745380367,4.205165045017628,4.066592756677677,4.185924678522294,4.0654083648914,4.547985535656045,4.096708754133329,3.8621985002957206,5.100746500606729,4.185924678522294,4.649173089549928,4.132025554813777,4.364904518121651,4.008384266538914,5.356178679134225,4.9671943794885625,4.9205477972831515,4.001673568035551,3.8371219466564366,4.521984594466206,4.4824677,4.087711493607334,5.231228485467509
2021,10,2021_10_DET_PIT,PIT,5.0,DST,8.17488463667919,9.327133,7.527190770248922,7.356543210206965,7.844268838286776,7.970229585692058,8.588361031718822,8.399708104431893,8.575773831204602,8.42140457972484,8.50970113558136,8.045854890739433,8.51891957179133,8.562118777266075,8.459554942301983,8.473533760810046,8.214821924413025,8.410264843998743,8.60962380401849,8.417179972814372,7.923738339263691,7.997229642647047,7.970229585692058,8.410264843998743,8.562118777266075,8.160611884787633,8.146339132896077,8.307149022798045,7.299746665244362,8.324155703263925,8.361238746596346,7.946027379334399,8.511114797501161,8.094004963204899,8.370748,7.5338890484093906,8.372839829256952
2021,10,2021_10_JAX_IND,IND,14.0,DST,7.374916534304909,8.873955,5.895863145801419,6.69840112268048,5.893494358144793,6.6216838287737785,6.61490646236906,6.882342898754244,6.576844219333995,6.984974958052427,8.590601081585513,8.40854405776104,8.26834307198393,8.447477027937646,6.899627755887285,7.211377429529392,6.951776960627107,7.800916712532364,7.5926674290093725,7.067697924214821,7.965897614854368,7.985548567912932,6.6216838287737785,7.800916712532364,8.447477027937646,7.320971706948288,7.267026879591667,7.5020729388011995,6.08485967949353,6.8908451392283325,6.947091501117244,7.057411166020145,7.161631785170218,7.845525019752251,7.2059126,7.728983606383829,6.996359082217725
2021,10,2021_10_JAX_IND,JAX,1.0,DST,3.4684367983128905,4.1883817,5.122114710640611,7.071331010766446,4.76500198017465,6.016330759574058,3.8681502345388488,4.36595929902666,3.9009031966778007,4.092095219425963,3.6739731609661432,3.726720321418453,3.8199512657540633,3.749523966068238,3.731121186205166,3.684814039777902,3.539391028757181,3.495452316383476,4.379655019990796,4.054304139337011,3.357824771225818,3.570354043532428,6.016330759574058,3.495452316383476,3.749523966068238,3.54871439876099,3.6289919992090893,3.571348711200146,4.843534867948997,3.9631170532152504,3.90788508873245,3.3316256896279355,3.4748438807456012,3.6360500622598155,3.4335914,3.0293789902918475,4.110563497504726
2021,10,2021_10_KC_LV,KC,7.0,DST,4.599184497009936,6.038492,5.191421608136516,5.403748842151623,5.191158710298456,5.514064592448834,5.436097665717499,5.707317897688588,5.422390779455259,5.769612071244549,5.20256267985687,5.397584080285916,5.5108184413444254,5.688171730876385,5.124488332364043,5.32121204587065,5.34437748428917,5.4005675329952965,5.55675076883185,6.462390926358057,4.498411269194329,5.5337024048155765,5.514064592448834,5.4005675329952965,5.688171730876385,4.6979590526495,4.796733608289063,4.704902115511349,5.089752618387454,5.412451412548668,5.4363441083048,5.073227905764325,5.491200047238991,5.7135647481599925,5.02211,5.282845548211927,5.694836912632442
2021,10,2021_10_KC_LV,LV,-2.0,DST,3.5463417360428515,4.922879,0.6568521058640142,1.96482971570286,1.2848591612445317,1.834392373051525,3.0984302250347446,3.1118532547606472,2.998428656956333,3.679916380066648,4.191546392023653,4.592727728833188,4.610041629680126,4.4557563102011954,4.563200480588048,4.65632522392485,4.034184724432235,4.689854789542011,4.266715918346822,3.937699703585317,4.133417307794396,3.8286071461218585,1.834392373051525,4.689854789542011,4.4557563102011954,3.6501739762444783,3.7540062164461054,3.6475560635076523,1.9194476451265006,3.523456156885735,3.6640034124737517,4.830957679809536,4.9257201952771394,4.464359023283696,3.6946716,4.003784041845068,4.0511275732146546
2021,10,2021_10_LA_SF,LA,1.0,DST,6.37208349975441,6.8743963,9.025559661141177,9.336630560295095,8.338696701682407,8.082345328489208,7.026024954973772,7.078976263419094,7.0613660371153415,6.982098837665509,7.787088035466191,8.004062702526792,7.70478567536323,7.628613524292825,7.358644300790619,7.798830755369131,7.653296111148492,8.026310041019062,7.490710179112048,8.082513878220777,7.87174852004498,7.422458201568104,8.082345328489208,8.026310041019062,7.628613524292825,6.340577334957664,6.309071170160917,6.482652073556733,8.82239017393377,7.242188576296348,7.176133226125316,7.650633293608935,7.823585779229559,7.534094213785635,7.1272616,8.225261001773754,6.961067254216727
2021,10,2021_10_LA_SF,SF,16.0,DST,4.40094384898676,5.312538,5.875053217900564,6.771318339476769,5.783471253044394,5.878029972225524,5.3781631401021,5.135570970639261,5.391825026940264,5.078495187676355,5.109850305685088,4.654941088995647,5.086410171587548,5.036058869387425,4.533215058685215,4.3557861342744495,4.0370062437561005,4.788100970401328,4.181385495376957,4.08652492003317,4.740317842733852,4.173894304550792,5.878029972225524,4.788100970401328,5.036058869387425,4.462146298725585,4.52334874846441,4.504889737843509,5.571563246673056,5.341746490112929,5.327812968652392,4.346867152548498,4.496520472529069,5.157366127731511,4.282254,4.175758418143662,5.37975239735087
2021,10,2021_10_MIN_LAC,LAC,4.0,DST,4.936939832453636,6.150053,4.289227180142799,4.206946563660956,4.320657265404237,4.145265052215764,4.8234290793190375,4.596896818569995,4.803486595663981,4.796126144966113,5.219103185721941,5.507620203496241,5.685543087579646,5.7853125382203805,4.432511278851175,4.575477527160389,4.920680759289571,4.558427472122322,5.065174623320665,4.659131813356721,4.280966247761673,4.138159368064497,4.145265052215764,4.558427472122322,5.7853125382203805,4.9287784646317006,4.920617096809765,5.0448259770407,4.476296109325467,4.799211334041125,4.824902149000026,4.252405755324201,4.5130969321795575,5.483263337966915,3.7770088,4.746750794198933,4.787665931128302
2021,10,2021_10_MIN_LAC,MIN,5.0,DST,3.511215430187395,4.8113174,3.066799127531073,4.840255473188134,3.1833722719876305,4.141447064537446,3.794834177037605,3.945474754058647,3.7578653665251194,4.106224843382098,4.291930791020402,4.184477133345773,4.501952337241472,4.676158216206926,4.042270210395721,4.309242412065903,4.181164949077512,4.231057804496258,4.795481678116839,4.086198951309127,3.5481462019988737,4.10697561643081,4.141447064537446,4.231057804496258,4.676158216206926,3.5836257560468074,3.65603608190622,3.61297413681238,3.2144283910166775,3.8878626125599203,3.944453713220546,4.20558093550328,4.2627222756186836,4.545330831963012,4.261455,3.6371195755700305,4.055697546569562
2021,10,2021_10_NO_TEN,NO,2.0,DST,5.456497865471581,6.474582,7.40489415312408,8.984694971028468,7.1774061444231645,8.632076489642966,6.60161741850848,7.275059292684313,6.636606634561537,6.904352741913585,7.732861245990257,7.42461634353773,7.0019461772774685,7.08730965190426,6.672771643749693,7.562898524548589,7.5936413581403,7.168668417875638,7.510246732358578,7.306166342615101,8.09499282775141,7.8960836714694995,8.632076489642966,7.168668417875638,7.08730965190426,5.486730121034161,5.516962376596741,5.567936460539266,6.890089804389626,6.356523559622617,6.3162848334833255,7.286073197928756,6.954136159817035,7.201996149583218,7.677977,8.568143859500095,5.886319165792614
2021,10,2021_10_NO_TEN,TEN,6.0,DST,6.081639567792079,7.813318,5.116960218753289,3.6877894911489126,5.584351674389821,4.838707149841068,5.858041035169061,5.5450042839079305,5.849559575780283,5.666804572655647,7.019561958800135,7.144079706156253,7.286074580586487,7.13667940445251,6.647844938232303,6.34671523821859,7.171729076805141,6.310614178486944,6.606441267651824,6.463919251003808,7.360432712533468,6.331544739814906,4.838707149841068,6.310614178486944,7.13667940445251,6.204585854258126,6.327532140724174,6.202918966212145,5.625780217797252,5.70521379677122,5.71708615718251,6.260829968145777,6.400309490711553,6.884327226688468,6.21174,7.272800043594429,5.840808866067959
2021,10,2021_10_PHI_DEN,DEN,3.0,DST,6.6369359952363896,7.2795324,6.118560419148063,5.15651663742258,6.076966677275908,4.696467052325106,6.48323106514244,5.493968767590411,6.476295074815129,5.756241845652648,7.037811734304872,6.95683536469611,7.119457786932235,7.01522260044049,8.556486224187067,8.00927905276188,7.98018491745485,8.42097877661552,7.97117995580347,7.515267173260756,8.053329382401996,7.220349915019966,4.696467052325106,8.42097877661552,7.015222600440492,6.592765807173086,6.548595619109783,6.754350063386283,7.109508529005577,6.775005779078628,6.744496354860136,7.909589283697566,7.980300368789103,7.055738457344316,7.359436,8.455729226165744,6.514003807337911
2021,10,2021_10_PHI_DEN,PHI,9.0,DST,6.860162909668717,6.8332872,8.239155034277802,6.9952810110431525,8.174905933130255,7.786996690719194,7.694495887007819,7.431755275579654,7.734541439482573,7.180015940625712,6.890977929941122,6.78283573646872,7.035626427911363,6.7558859386978565,6.872265807394357,7.1257517173688605,6.581248947602861,6.949552008340578,7.555080502051028,6.603218680897457,6.30652009046558,7.555823030068605,7.786996690719194,6.949552008340578,6.755885938697857,6.775232232591642,6.690301555514567,6.975110769209376,8.147409245705957,7.7110212062309476,7.6392914227151465,7.611955711266203,6.998713637538166,6.761722412400329,6.668037,6.665816098160231,7.376601702898953
2021,10,2021_10_SEA_GB,GB,17.0,DST,6.849213128567108,6.850375,6.426625043157196,5.862456837276437,6.487835276487375,6.76805657578052,7.214061554458284,7.422896987160078,7.195394906927235,7.472697462891732,7.532634293408646,7.550884053915662,7.2723278138873715,7.3792337982453,7.264579401522484,7.019533883670782,7.40166517276855,6.822426701048543,7.572963020190893,6.583093445418562,7.574212169129987,7.650253489381537,6.76805657578052,6.822426701048543,7.3792337982453,6.819100530649427,6.788987932731747,6.963211875682035,7.021091215474723,7.655264802139121,7.658884325800501,7.322151615059343,7.6144699930455495,7.226656730978969,7.1178136,7.648331259865248,7.278284412639275
2021,10,2021_10_SEA_GB,SEA,4.0,DST,3.930309057009856,5.5116396,2.773031195385467,3.329438118404449,3.221194025832008,3.416652249406372,4.680191229487481,4.210758799048798,4.614612151628298,4.483243546482282,5.118730028611834,4.8074603881664775,5.999858164354325,5.399108265355454,4.79951202501425,4.716675592605927,5.150906225332389,3.828673301034853,4.735659535098422,4.019472751697974,4.494801048009506,4.017858183852767,3.416652249406372,3.828673301034853,5.399108265355454,4.030689030723875,4.131069004437894,4.03516767650328,3.2909853578724206,4.7500787912462785,4.848454702515799,4.466505242854815,4.857537809529942,5.285248539821282,4.098532,4.4975581497639,4.93394419269371
2021,10,2021_10_TB_WAS,TB,6.0,DST,6.989687235770394,8.149612,7.212838990551916,7.504482254612051,7.133688765218771,7.43059575908359,7.399986485475384,7.68458486009933,7.377221900339578,7.746457643391931,7.615011227253741,7.2167260155922195,7.863687329748891,7.786916327059289,6.169500899944008,6.568241661922528,6.329672190740206,6.49898284433575,6.217099394588257,7.002257900045013,6.159344440464883,7.062305848530325,7.43059575908359,6.49898284433575,7.786916327059289,6.939203975173264,6.888720714576133,7.105349068738241,6.867873079342522,7.244689312053316,7.28975085026974,5.870741596927907,6.140439743853568,7.668937675021766,7.452628,6.565422383768254,7.4433539219351825
2021,10,2021_10_TB_WAS,WAS,5.0,DST,2.989632295285805,3.687161,0.6702491103173287,0.8223610428938342,1.808836621908868,1.996259026015382,3.435913704799133,3.6545441102410856,3.3808455630980205,3.959940451716528,3.542772275858646,3.405746988066372,3.493472366043863,3.5850446738518364,3.196238154285464,3.6899881531950873,3.111121207028617,4.1256411434484,3.491588614404856,3.6262805263097646,2.919557366532142,3.1137723756893267,1.996259026015382,4.1256411434484,3.5850446738518364,3.025908541327208,3.062184787368612,3.087829129791496,2.088677114747184,3.474983348882264,3.546572895391977,3.6871137939280105,3.0396570891867687,3.59542630572643,3.7136014,3.5525066975188717,3.9313087417820647
2021,11,2021_11_ARI_SEA,ARI,8.0,DST,6.67860411353156,6.235983,6.677257309722871,6.443632534185188,6.477677932219462,6.298156373773036,6.811985287960868,6.7893941633047525,6.7944505569529845,6.929206340456449,6.070957984718018,6.10342312156307,6.414920603903876,6.208690066717217,5.700253180411023,5.911298412216752,5.712684645453088,5.400544619409125,6.010171365297702,5.786332759009799,5.706514759658372,5.377176432746707,6.298156373773036,5.400544619409125,6.208690066717218,6.603997131473092,6.529390149414623,6.790394580659466,5.904303752967712,6.664084226356489,6.707712927337691,5.9878891678496995,6.20919316759035,6.311590433182921,5.959975,5.846880013055645,6.5469620988559205
2021,11,2021_11_ARI_SEA,SEA,2.0,DST,5.874272463572838,7.3515954,4.139013417092327,3.0356988384869363,5.044702370453635,4.067908271178742,6.481751464749672,5.661607170158922,6.436326298612833,5.9116553280718,7.332810840313538,6.882828364046098,7.626438295801601,7.585703240496791,7.760986667999783,6.676184044080998,7.867689508829989,6.792638773242575,7.503222097763248,6.364741593841147,6.567329925184824,5.19214856864066,4.067908271178742,6.792638773242575,7.585703240496791,5.841938890735585,5.809605317898331,5.9874900807107085,5.278552778782536,6.279474155890889,6.338273579017367,7.457095933579714,7.087174284684487,7.233357766919376,5.897428,6.255043398537101,5.800036535927351
2021,11,2021_11_BAL_CHI,BAL,9.0,DST,8.739958075406204,8.434644,10.160856499456308,8.670132080763421,9.689573665935862,8.724322977859234,8.742940167179029,8.50686466685411,8.795608784134206,8.327725681402327,7.924336781451837,7.571304723075044,7.759256173081976,7.673883707690997,7.942034851003699,8.125694497956907,7.655053842368577,8.24777600391675,7.534761086458766,8.149539121996195,8.243320314519519,7.3426147982651555,8.724322977859234,8.24777600391675,7.673883707690997,8.475677348401927,8.21139662139765,8.86707593029822,9.347347206636304,8.704392611163517,8.627385463797413,8.055870163637136,8.122981007203492,7.772177571045239,8.016763,8.033139468277492,8.278950742321474
2021,11,2021_11_BAL_CHI,CHI,9.0,DST,5.741187399102359,6.203418,5.674213287458758,5.033600227042227,5.614493644329125,5.210023778518066,5.628982915298519,5.076743736347991,5.629306495848321,5.11093764549919,5.783070794799559,5.739019530356092,5.81255430034836,6.0106728809476975,5.798646007092705,5.5887294073796765,5.557621138889693,5.887779173111793,5.439681570170228,5.425854481515236,6.361332330550099,5.723504402663776,5.210023778518066,5.887779173111793,6.0106728809476975,5.774050814667085,5.80691423023181,5.853063254533909,5.948377999807308,5.689955652129311,5.667596155060568,5.99570643742227,6.257446251809129,5.80322682150731,6.498821,7.054123927322939,5.831503569330426
2021,11,2021_11_CIN_LV,CIN,10.0,DST,4.983376529153334,6.2290497,4.311141662165998,4.431845187450187,4.472604756885213,4.496684698434084,4.774525225680986,4.930907283438371,4.762043526059195,5.010233925609658,5.472944098050028,5.82975195981042,5.851127115926007,5.943119698254945,5.69002649811279,5.683082571694027,5.605370086203752,5.820904616791449,5.9422885134258046,5.743222116749738,5.001483332200503,4.894445190966079,4.496684698434084,5.820904616791449,5.943119698254945,5.059077984796534,5.134779440439734,5.0915045160524395,4.417707721042986,4.895429361619319,4.916535014870796,5.448223591081038,5.732547340076153,5.657817072930722,5.2548614,5.187401870803864,5.090796302596135
2021,11,2021_11_CIN_LV,LV,4.0,DST,5.238661995263425,5.7828045,3.360910730020683,3.4380010310930342,3.776887909141663,3.5600343144093154,4.676935130418318,4.303963470582644,4.6330155054892295,4.608157892642227,4.766946707784963,5.238455051092844,5.245727662964996,5.200759709754387,5.201261181963157,5.6455455590050825,5.049851225698082,5.484739586164464,5.494858306532561,4.892497493378128,4.724237946113967,4.690993902589531,3.5600343144093154,5.484739586164464,5.200759709754387,5.190845616430743,5.1430292375980615,5.345128233453963,3.930231662501403,4.7982540833563005,4.863998035784398,5.6404097069513375,5.229107677606182,5.103863039562702,4.916545,4.599468057003941,5.088581859977428
2021,11,2021_11_DAL_KC,DAL,8.0,DST,3.4214810152334025,4.485178,4.162094333496171,1.7104809769854663,4.442522312198209,2.546871787391952,4.865976381018973,4.275231818336781,4.839469700792503,4.723886251594852,5.3675025517525325,5.334842452831287,5.239561114591246,5.227110644048344,4.549371573608974,4.787422330702619,4.546086984619977,5.177096888883474,5.031185415536556,5.031529530704859,5.13693292808076,5.812915243664399,2.546871787391952,5.177096888883474,5.227110644048344,3.5651558229908096,3.7088306307482166,3.520554112527586,4.524074114578258,5.166699253087385,5.200222873699534,4.990319751831421,4.883732907585583,5.058601932271339,4.6949754,5.532055371533266,5.394404363376545
2021,11,2021_11_DAL_KC,KC,15.0,DST,4.567309568737739,5.6007905,6.115094352739719,7.384648609707597,5.716286045793641,6.091827960378732,5.823185117133049,5.956954806604385,5.812108719792463,6.055474930759669,5.185254282446524,5.107572460954507,5.365522253155918,5.524315871856036,5.555298329524586,5.594025263941509,5.494772875923228,5.548612591394931,5.256740221351962,5.839341282432326,5.107759129679086,5.644572600190315,6.091827960378732,5.548612591394931,5.524315871856036,4.565708341292392,4.564107113847044,4.670568139215582,5.551115446301544,5.825642131253319,5.846398991283637,5.449971776254403,5.1464948091529985,5.464182510578078,4.9376135,4.733163188845437,5.751013877320392
2021,11,2021_11_DET_CLE,CLE,8.0,DST,9.01824786382753,10.307164,7.484178400094207,5.63300823707614,7.527864784275359,6.753647229856212,8.041580157257533,7.932793463492043,8.035484588357868,8.018131719546496,9.083190396783012,8.400334038134869,8.813872358453434,8.694717917075986,8.216892757984402,7.527440080423617,8.14490381379679,7.657893671632262,8.277448755341918,7.777676885812934,8.917062885125386,9.49953630125393,6.753647229856212,7.657893671632262,8.694717917075986,9.083040283398937,9.147832702970344,9.165119559339942,7.392726793282632,8.10364265649312,8.10716990807346,7.379924249843798,7.573478193356046,8.614014944095635,9.356986,8.857226329610622,8.5198814506757
2021,11,2021_11_DET_CLE,DET,11.0,DST,3.46357695040222,4.5059776,3.908615107731953,3.4335095313080872,3.808829061444492,3.114947325128994,4.1386673401703735,3.7104609460949,4.116923383797519,3.901798694284316,4.020486390793303,4.130804675609826,4.1773278222049655,4.147443276250434,4.024989264358563,3.559057801202218,3.5327372914041733,3.8043511600899063,3.684516809020753,3.68668383897064,3.1215538701011747,2.9809739668236457,3.114947325128994,3.8043511600899063,4.147443276250434,3.6880398672015122,3.912502784000805,3.568478686459334,4.0978261746141555,4.393410866717673,4.419201371942055,3.537576631372273,3.4662289432162567,3.987129190923085,3.5912971,3.2641614252489024,4.615169671992529
2021,11,2021_11_GB_MIN,GB,1.0,DST,5.390184903257423,6.666751,4.866548881595872,4.53511432028875,5.222003075677889,5.387049838856303,5.833910008771094,5.806834130986977,5.812665172797023,5.922138699536998,7.177413017386089,7.476622513628298,8.566297245421191,8.312316816454281,8.139060737214361,8.529227968820297,9.343969558747126,8.044294332509194,8.783070953438376,7.29554595434784,5.786155346675029,5.726489163593732,5.387049838856303,8.044294332509194,8.312316816454281,5.449297544311277,5.508410185365131,5.501223429012398,5.926184824334452,6.203862256391663,6.21481292761995,8.471636851815632,8.449503952717036,8.016739708542895,5.3092923,5.901914038329083,5.755303532138057
2021,11,2021_11_GB_MIN,MIN,1.0,DST,4.440501829213231,6.2205057,2.449196006268454,4.371591947312808,3.023501805786988,4.310751444113675,4.089050378829539,4.331636752913749,4.042074703228304,4.472509816756247,4.629515689799524,4.804856389052087,5.430942714592287,5.57639393411708,4.501651660422652,5.17265057865583,4.982850696051353,4.7102238197670285,5.074491771342533,5.2154281826240405,4.2204896940571945,4.8094824218242005,4.310751444113675,4.7102238197670285,5.576393934117079,4.55268481223751,4.66486779526179,4.549451139722076,2.7750243549613725,4.080949757963134,4.1608422966184,4.5663917542041474,5.289497614891537,4.965379710667932,4.232684,4.6875228165332254,4.49373688469925
2021,11,2021_11_HOU_TEN,HOU,16.0,DST,4.185557817091069,4.713623,3.519638761149911,2.5908371108249524,3.65362039733873,3.8176165597072007,4.1062695833674425,4.427959902975424,4.08402808676798,4.476975566584759,4.508771472117481,4.214928734422489,4.385456437328053,4.487831343670544,3.2094274838739696,3.48695420412114,3.410824536770416,3.6309280871073497,3.417025589259902,3.709585676586414,3.3216625748201705,3.4112015636381368,3.8176165597072007,3.6309280871073497,4.487831343670544,4.317684975836671,4.449812134582272,4.2909600194318225,3.686163954231916,4.231586080115858,4.269088900546617,3.594509819176309,3.6083723015398292,4.507107999401967,3.8606536,3.462432029636979,4.569001714507717
2021,11,2021_11_HOU_TEN,TEN,0.0,DST,8.618439408886687,9.399197,7.044933824800606,7.759458538097287,7.351040623902366,8.546046249412273,8.152041294765937,8.738767074428178,8.119597838185499,8.767426004122798,9.137966914397197,8.659126339339638,8.87705305689372,8.846095438493512,8.781862791867313,8.135354807508085,8.16582568057692,8.171835800313518,7.954370363973583,8.226983492975759,9.572064993060618,9.153683696016987,8.546046249412273,8.171835800313518,8.846095438493514,8.621329948310098,8.62422048773351,8.755317585955757,6.985890460133319,8.05604980758648,8.113353013602072,8.333772018896637,8.69896382920994,8.851789925363551,8.69181,8.28796049288476,8.276922330020517
2021,11,2021_11_IND_BUF,BUF,-4.0,DST,6.801405644378272,7.8544264,9.160121856382798,10.726595136655156,8.433405182203298,9.247215623975055,7.361426189117846,7.688242062602482,7.408536980597851,7.356822018139989,7.057840894809821,7.320370339654043,6.944107699258157,7.120140525249727,6.76936086059457,6.563832478823649,6.580430621259953,6.527421038667823,6.646166770831895,6.324538989145859,6.721320501162984,6.019800085839395,9.247215623975055,6.527421038667823,7.120140525249727,6.720655780346922,6.639905916315572,6.919587091298437,8.372741160609394,7.380779849637511,7.303613435763545,6.739763631650843,6.593090033506557,7.075947433501146,6.921334,6.838066022852672,7.139162495677899
2021,11,2021_11_IND_BUF,IND,10.0,DST,4.113955515253009,4.5075884,5.3005712400681775,6.29622772301346,4.954186369252273,5.919481780393255,4.824359680563047,5.428082102176529,4.819021313460941,5.327935258228772,3.9781061786554446,3.9218293312179706,4.050585349646929,4.08260062969208,4.4385927711629005,4.677618572282556,4.635370477221224,4.949916560200986,4.978812124120735,5.116859679803175,4.462558856567915,5.091337061853478,5.919481780393255,4.949916560200986,4.08260062969208,4.1291119524393665,4.144268389625723,4.21525091539018,5.688857317766652,5.326808142652171,5.302125813278171,4.833804367358361,5.005588197683871,4.21236944434972,5.6628428,5.20839922368128,5.220645163555867
2021,11,2021_11_MIA_NYJ,MIA,5.0,DST,6.915360989286303,7.837339,7.007162654599231,7.499426297093344,7.234502346893768,7.284095022252588,7.274097556240021,6.95591017051896,7.273872217313703,6.987285652261816,7.358370332245838,6.9797262699452975,7.50689511960758,7.450252486741992,7.7062838577989,7.40521864881613,7.524774382642378,7.569046101691137,8.02814100444548,8.024197871243047,7.939969484837162,7.944561503814502,7.284095022252588,7.569046101691137,7.450252486741992,6.8116340971789695,6.707907205071636,7.035074600740699,6.705422420179488,7.011644486443772,7.032842515819488,7.487126589547067,7.318720040208923,7.464036797263235,7.1601944,7.674466016716809,6.6668375174358365
2021,11,2021_11_MIA_NYJ,NYJ,2.0,DST,5.881039029582192,6.2754807,5.203910275664367,6.03429895619497,5.44604872619354,6.546944339919081,5.402751864266239,6.22168394263825,5.416171480849789,6.011246850540754,5.2304048086958375,5.883017396510501,5.556669865951943,5.777256227330467,4.7318254181853945,4.989040002398211,4.478544723964845,5.0924722465579055,4.597170074451476,5.910825400308308,4.7936407635655085,5.7813732085108045,6.546944339919081,5.0924722465579055,5.777256227330468,5.917857447303581,5.95467586502497,5.994579235142547,5.006523505928572,5.218719080503467,5.205631549118795,5.325110732310044,5.8591069086754715,5.484728015321588,5.3013325,5.347128890492945,5.6146930142645095
2021,11,2021_11_NE_ATL,ATL,6.0,DST,4.169542690339794,4.9693103,4.363186185619066,5.250289386711406,4.282578733604276,5.011738066896553,3.925029516502531,4.209270740223092,3.941382751345776,3.990774613166041,2.892863598420402,2.953495240001893,3.3905311835420164,3.4510239768514537,3.716845864786909,3.65292857943603,3.936703182827528,3.40153584736973,4.668248514913345,3.310962572442313,3.661905216212437,3.346705521596385,5.011738066896553,3.40153584736973,3.4510239768514537,4.230285392688316,4.291028095036838,4.274403019129401,3.7827119863997334,3.596653305289352,3.584438908950803,4.376233450001797,3.8945582216626335,3.1701665642238477,4.047838,3.3890227545463816,3.8415099158861303
2021,11,2021_11_NE_ATL,NE,28.0,DST,7.264736763554261,8.093026,6.095099071465526,3.4532024286845022,6.683029393287283,5.089282478092069,7.292958020272991,6.878623094284842,7.265513837196079,7.256484842617132,8.149568588349608,8.284300610976695,8.498333698312452,8.437952039271469,8.425806581630113,8.787057725438173,8.850932528845176,8.749297841767508,8.751162210641404,8.656753317053319,9.004142718453272,7.351865980021338,5.089282478092069,8.749297841767508,8.437952039271469,7.0388777615269795,6.813018759499699,7.382720919101197,6.582757674243704,7.272218271723503,7.32571836908407,8.703810905656479,8.820724893037552,8.43088426381129,7.8929334,7.72812945901761,6.673660359584293
2021,11,2021_11_NO_PHI,NO,4.0,DST,6.623081111004219,6.8487644,7.019153630314054,6.605065152532078,6.541969401597773,5.966871317713773,6.1850552943072445,5.796584056135454,6.196049943997994,5.8664851787052985,7.717278731966565,7.646929505196158,7.396071681357848,7.088071680678206,7.41145303784865,7.428545402928647,7.839794497561273,7.329121156813773,7.556699714135518,7.360244623982871,8.23306807164137,7.174871717649924,5.966871317713773,7.329121156813773,7.088071680678206,6.523807556263099,6.42453400152198,6.738405908178584,7.124960455593892,6.251666717365369,6.212404713941618,7.270321647632003,7.691540847096614,7.305903305180113,6.862215,6.916984686191098,5.9447012192283655
2021,11,2021_11_NO_PHI,PHI,11.0,DST,7.064314412820274,7.9643774,8.208812291481411,7.652083284430378,7.835082387033944,7.751896536631507,6.975814446297235,6.787882838788855,7.018971802275857,6.532500936742617,6.737148115797449,6.627505825648647,7.14440917480532,6.922003311403425,6.509578197135198,6.805584032461399,5.9395548293318825,6.43723698514588,6.139980044153647,6.234057857816813,6.41217878682409,6.152051999636524,7.751896536631507,6.43723698514588,6.922003311403425,7.080996427154737,7.097678441489199,7.189191086036878,7.915271601816223,6.920573190673409,6.840055429144707,6.023032528827072,5.652261672108109,6.775444018404006,6.2342267,6.02895971744456,6.86819557373379
2021,11,2021_11_NYG_TB,NYG,2.0,DST,2.8549292676041755,3.615098,0.6193999565157888,-0.2297837192780418,1.6128776804794596,1.306334488743448,3.5927063889426885,3.437873153177073,3.520885215922487,3.8590896654689577,3.5223797692195724,3.549753734486625,3.73480771400553,4.054484659431456,3.276251137226223,2.8009288485964534,3.093396669286587,2.453647551075524,3.4759813715526704,2.7445864059879965,2.654610792995909,2.570783701735909,1.306334488743448,2.453647551075524,4.054484659431456,2.8698650143089837,2.8848007610137922,2.9526609099957124,1.253378500100565,3.3792297364506907,3.5012556083767463,3.9620956588737757,2.9988995161529206,3.844738706980467,3.7120152,3.236095183712651,3.905926735298037
2021,11,2021_11_NYG_TB,TB,12.0,DST,7.95577579781713,8.746917,8.200869845607535,9.29556178004136,8.129320041126153,9.01835829442196,8.042072424993798,8.646730848147039,8.045170426324063,8.479923313745768,8.109697008385027,8.602824927902821,8.200396061424687,8.35880757802413,7.850887720751798,8.229359549627638,8.120375726887113,8.762234627535232,8.447177361587517,8.108654748508236,8.238954254267252,9.311773450609644,9.01835829442196,8.762234627535232,8.35880757802413,7.904521671281376,7.8532675447456235,8.079299504427908,8.091621306330962,7.901381535245969,7.897811952848787,7.799483176825946,8.42807682445998,8.489993339114685,8.310526,8.408051030653883,8.340990522521459
2021,11,2021_11_PIT_LAC,LAC,-1.0,DST,6.091054543371732,7.7583427,6.946281568209881,6.478166485329766,6.548876824919174,6.561806054609036,6.11951275076804,6.076216580976855,6.139536454767977,5.884231462632872,6.447555837066465,6.954519127478258,6.968190880420246,7.060327331259079,6.418320688641945,6.658913019372815,6.721043164202055,6.832542931928325,6.542369189718603,6.067264607595161,5.787951153002315,5.326120338991009,6.561806054609036,6.832542931928325,7.060327331259079,6.172123005726252,6.2531914680807725,6.211255618275828,6.64615896118767,6.227297043763687,6.1799001915387155,6.595525585053487,6.543244631267021,6.720751905495946,6.1756005,6.064008936956851,6.265889987368775
2021,11,2021_11_PIT_LAC,PIT,2.0,DST,4.445333557795212,5.303994,6.491251633713941,8.095637634012636,6.5354641281372325,7.400995918622193,6.126320672426564,6.390016638785228,6.146613297559854,6.222140555474474,4.885339192623171,5.165930869024269,4.916463243514946,5.19336400782354,4.769615605253222,5.095384925163075,4.950538233055254,5.071960289406755,5.559206284458262,5.801609663774243,4.772353738278765,4.919372168763699,7.400995918622193,5.071960289406755,5.19336400782354,4.453661128055398,4.461988698315582,4.550122759570743,6.473939606488677,6.0421031337744076,6.016353438442047,4.6210621786552295,4.921261807960937,4.972138948434526,5.0816565,4.363479001715648,5.920930079628322
2021,11,2021_11_SF_JAX,JAX,1.0,DST,4.804662800872897,5.518573,6.471350849739999,5.982102441411044,5.960702534627488,5.80614247210096,5.474462243650386,5.334371177409885,5.482883784647892,5.298051157922588,4.469068432318566,4.983611340693206,4.677100957127366,4.631069628624513,5.782382781476993,5.526366573459479,6.105937389324282,6.13085477438825,5.712138762934503,6.021789310069518,5.724951408901234,5.956171043834395,5.80614247210096,6.13085477438825,4.631069628624513,4.891406956599141,4.978151112325385,4.912274613149321,5.406549512654511,5.238331116117826,5.254604935081142,5.431884923310336,5.972522566299498,4.827730295787216,5.587096,5.246140039389462,5.250426478741216
2021,11,2021_11_SF_JAX,SF,11.0,DST,7.595312594895344,8.419167,8.408646448363653,8.838995409388005,8.324797867320678,8.517658778122993,8.204097666947138,8.181365061499358,8.218983244834575,8.084534363894011,8.195239912581961,7.851480119399916,8.057204618967752,8.018186090582864,7.578940612009061,7.758847214729776,7.472719859227277,8.180065967235938,7.924295871685834,7.698278623662723,8.006421732881496,7.879211152173489,8.517658778122993,8.180065967235938,8.018186090582864,7.58107591153243,7.566839228169516,7.72296488229374,8.620235819034772,8.429537792305238,8.396317420071556,7.8225035230305915,7.722865933511139,7.9793652005258675,7.9945455,7.695687448760594,8.297392379159874
2021,11,2021_11_WAS_CAR,CAR,5.0,DST,6.96411825636862,8.099959,5.895587729825133,5.428137040156177,6.03868302414861,5.6049530338146765,6.697159554622063,6.498404321908261,6.662781604913002,6.762882554718065,6.723756217831762,6.362928665634488,7.309365708484909,7.045142303467356,5.464911883906106,5.253081914065689,5.647061256825994,4.888965970576541,5.255832194294917,5.566706576869402,5.194447826373032,5.840349619200096,5.6049530338146765,4.888965970576541,7.045142303467356,7.0896033897900566,7.215088523211494,7.084399866586379,6.329868626278611,7.105371374375682,7.135049746066347,5.515341210151627,5.80001563717347,7.072321301595372,6.556814,5.416339079322157,7.626673148744908
2021,11,2021_11_WAS_CAR,WAS,1.0,DST,5.4717230962246814,6.5381017,4.036433687296364,3.4885163277788926,4.812283840279214,4.364138835594912,5.756649066600767,5.555305707861066,5.71982645107196,5.89858421479475,6.816729960167771,6.597134471776457,6.793649697389204,6.713679995373556,6.501357605498448,6.76142833400942,6.1428094463548,6.5092728532317015,6.518009136005819,6.414522785884231,5.28500874643806,5.458077594472406,4.364138835594912,6.5092728532317015,6.713679995373556,5.501863389660752,5.532003683096822,5.584456632818762,5.2022892429526415,5.738050515794654,5.796260888328411,6.634534839730051,6.782791426466046,6.996770253855467,5.761648,5.082101792577246,5.908229790141802
2021,12,2021_12_ATL_JAX,ATL,6.0,DST,6.477546023866156,7.128473,7.437139874628221,7.322197904337098,7.220363734545364,7.002816191093674,6.774593082506932,6.509385180229108,6.7843706467239295,6.486030698239379,6.890560466935214,6.612060784500939,7.500774014716701,7.542048713159232,7.487613501588068,6.795712529258063,6.997335480525453,6.2206720919011484,7.451935238109473,6.425880499176976,6.438225692526408,5.727452834828051,7.002816191093674,6.2206720919011484,7.542048713159233,6.521743329106708,6.56594063434726,6.595182047845825,7.12457762818037,6.871721458551542,6.858690212285696,7.374516172005679,7.87661810717276,7.790096279692451,7.299717,7.320124801913725,6.929889260814409
2021,12,2021_12_ATL_JAX,JAX,3.0,DST,6.244627083570869,6.4591055,6.185231765587421,5.698045484614711,6.297640019035068,6.271963574927398,6.853776608488146,6.5444155101107055,6.814516955736138,6.803812324055469,7.425503796429242,6.627196808340587,8.027994754580577,7.920478606408761,7.409388346876828,7.774370493643339,7.8685735552891005,7.605644850411879,7.745052771547033,7.036409401775582,6.310607816205791,5.748558485044017,6.271963574927398,7.605644850411879,7.920478606408761,6.088163445105381,5.931699806639893,6.354729302612146,6.214687309206075,6.795047025152461,6.874146750107056,6.965870048867701,7.367610458637129,7.4034812119869855,6.4514265,5.530985282831828,6.487070580174022
2021,12,2021_12_BUF_NO,BUF,11.0,DST,6.926725055457761,8.530727,9.347119400387802,8.701627552797783,8.98268813458113,8.619344130451752,7.337296680820309,7.239640748799816,7.41884563161673,6.838438912589616,7.907654360731511,7.59578629350217,7.742915459450374,7.613104519751037,6.903287578756534,7.426924324925331,7.115605162102179,7.342927862511368,6.875324977401733,7.025117423600184,7.674976273216252,7.121236284127294,8.619344130451752,7.342927862511368,7.613104519751037,6.894142284743784,6.861559514029806,7.053460036466652,9.174946076232871,7.299494211168246,7.157495388296744,7.0457971349502895,6.643820440088672,7.740737180415166,7.247956,8.488484772210253,6.647242615457523
2021,12,2021_12_BUF_NO,NO,5.0,DST,4.200100773944698,5.407012,4.163765654769108,5.605411601530795,4.246106087559999,5.067919381809995,4.372070999720371,4.575727213783054,4.350611285525895,4.644884353762054,4.048306241410469,3.846329579712541,4.142909009551834,4.069482426954258,3.7765324120517696,4.327395529602644,3.7285590325543887,4.228139344748225,4.051142896908697,4.245924379632871,4.535132031333655,4.447771595441928,5.067919381809995,4.228139344748225,4.069482426954258,4.209988257339857,4.219875740735017,4.30539779513482,4.226081561066602,4.248580261792929,4.282884523571644,4.013761240627618,4.228250316662324,4.356419563185307,3.8372443,3.5289965099451983,4.298819267579851
2021,12,2021_12_CAR_MIA,CAR,3.0,DST,7.415419353550344,7.892314,8.51338722028913,8.122842715772135,8.455374857790495,8.613202045657056,7.832736785677453,8.258399501531033,7.871539960914308,7.983535931285362,7.541440753957322,7.945307925740344,7.938725246068369,7.914886305771041,7.313392042839307,7.498477317393489,7.24351379098233,7.223061882000929,7.3885029455140385,7.15253815433289,7.381591178864677,8.548949232882855,8.613202045657056,7.223061882000929,7.914886305771041,7.4044378151810015,7.393456276811659,7.5409633016348385,8.913659901912649,8.24284173902095,8.152592085806353,7.620174279214051,7.453395070006049,7.761703742729762,7.928885,7.854072416020901,7.9624777851038795
2021,12,2021_12_CAR_MIA,MIA,23.0,DST,6.494963005911028,7.446069,5.9366114548380375,6.800183076038978,6.188535001936327,6.390678795647807,6.626993827878831,6.404521090444606,6.609248264400176,6.516646511902689,7.6309585140895795,7.436426363972819,7.545920842178186,7.449521355697634,7.589396486837117,7.815375538896849,7.3661969306178205,7.696411233063218,8.480276275048517,7.689050043060342,7.184578673414365,6.947224470094129,6.390678795647807,7.696411233063218,7.449521355697634,6.496610978695135,6.498258951479243,6.615956720147446,5.6759722875139245,6.215565068126014,6.271367597730266,7.59311926232226,7.836333280271851,7.523468404182766,6.8633966,6.9948963563743,6.153172588769174
2021,12,2021_12_CHI_DET,CHI,4.0,DST,7.190053616405914,8.027897,5.78420884348822,4.080513363623764,6.011010607750832,5.113888568902168,6.74017095153447,6.177807874541565,6.710205259198846,6.496007852797134,8.098927381451746,7.503506345463702,8.246773440729017,7.976731636368578,8.174762718817867,8.064717490379493,8.385196224165387,7.760498717074141,7.74056039820208,7.074611814139988,7.470331888045277,7.66548344227096,5.113888568902168,7.760498717074141,7.976731636368578,7.163737936722464,7.137422257039015,7.3170832091910505,5.596775350763658,6.592466328374962,6.649201950654336,8.453309242402963,8.133882932993012,8.002453946513517,8.213651,7.372868365358129,6.631947982836718
2021,12,2021_12_CHI_DET,DET,4.0,DST,6.754303843565764,7.135406,6.344666153721873,5.674807329527659,6.555225645212463,5.802210363848337,6.539839742093578,6.0477472682772895,6.545916389949229,6.074241817947633,6.580965789193847,6.488464879432776,6.448305019906531,6.426466144617211,7.2191628045783744,7.251662202268044,7.093396641862586,7.344675420361226,6.785751044956621,7.262575927307326,7.584451801978327,6.993265677275658,5.802210363848337,7.344675420361226,6.426466144617212,6.650759695153545,6.547215546741326,6.87425290097159,7.396531984084626,7.0924872136436035,7.0518635364182,7.721263305499096,7.785194411780099,6.625125017768157,7.657232,8.153657536526827,6.394308845034746
2021,12,2021_12_CLE_BAL,BAL,10.0,DST,6.545321862661997,7.2880764,7.515315204069454,5.667413216776095,7.292601124735874,5.965126490921986,7.306271698123574,6.648948470803572,7.306317499625794,6.808105239797842,7.53126340878892,7.301269154152364,7.4323086923834,7.214443068757561,7.5349979076073135,7.472634301326439,7.686848817335925,7.546654441372519,7.670877614237761,7.525674793597494,6.752850874755483,7.075876381660739,5.965126490921986,7.546654441372519,7.214443068757561,6.487378090344581,6.429434318027166,6.659890986336851,6.866301411728301,7.333650220306395,7.344085335057661,7.531752160015975,7.7409054156494275,7.373177726784414,6.9231434,6.892072766180378,6.874501179687448
2021,12,2021_12_CLE_BAL,CLE,11.0,DST,5.549730850898065,5.949341,6.562904709509179,4.610600950364989,6.273422224370615,4.969560804476928,6.115261457483689,5.716352144320457,6.113372203902029,5.857510660663812,6.263284533351129,6.045432501503608,6.262143089782231,6.277997054708715,5.458565705999913,5.617900230397823,4.979558896424054,5.216938982728265,4.798960975051059,5.11343187530596,5.270056975075488,5.242009195334369,4.969560804476928,5.216938982728265,6.277997054708715,5.631138517954594,5.712546185011123,5.658263804731069,6.6741284290646,6.371350028210054,6.3579714035774035,5.6529927721735795,5.644006491332965,6.708974497362801,5.9929304,6.345143539531081,6.289138580963832
2021,12,2021_12_LAC_DEN,DEN,17.0,DST,4.405228515043102,5.973362,5.047969829452269,6.875342022582671,5.095665559566278,5.554234256358363,5.093129016822866,4.794178759906831,5.092435677579849,4.85597781050118,6.190136288875033,6.679277650937272,6.090909492638216,6.422569559285294,5.184448737140248,5.714556926168131,5.082642755414956,5.842757026165025,5.193289178536842,5.837644597524099,6.5101802090065055,6.06679565379322,5.554234256358363,5.842757026165025,6.422569559285294,4.5394200834729395,4.673611651902776,4.512272695559534,5.688949803414642,5.322664645609585,5.311590585120233,5.319048800315677,5.211391307534265,6.210091353072556,5.815812,5.947028425336331,5.425277415571746
2021,12,2021_12_LAC_DEN,LAC,3.0,DST,6.468032030854157,7.088975,7.896373837581065,7.718506666614123,7.793013303589203,7.774824659351255,7.094840860733788,6.975668856641953,7.137981549754072,6.729572214010124,6.431987812803715,6.490653792251922,6.788912511406444,6.9676332798351615,6.7042088418178825,6.739141886957382,6.461870427431681,6.291731202608509,6.421887181576608,6.4464170053601135,6.047182535531805,6.024795998800526,7.774824659351255,6.291731202608509,6.9676332798351615,6.388811478975343,6.309590927096531,6.5821008241005945,7.598140455677097,6.809675956503546,6.744414562152026,6.697996235816389,6.473601041933757,6.540232586709771,6.3071756,5.992181366758582,6.42154020719448
2021,12,2021_12_LA_GB,GB,13.0,DST,4.70740853803129,6.1724634,5.490368171088859,5.291435770314155,5.408718310005328,5.574670001820857,5.949578536888421,5.85048585029698,5.91105536132425,6.048622852813342,6.199506633730246,6.456572293869236,6.394862570429468,6.438720883266922,5.833605412374504,5.647869653063233,5.900117210053224,5.946766120453021,6.025231282747825,5.688243819612155,6.056343518162524,5.415346320535984,5.574670001820857,5.946766120453021,6.438720883266922,4.743784411380282,4.780160284729274,4.814338072294003,6.021515075807756,6.362320914311622,6.405017204804782,5.776191151097268,6.136649486262617,6.175496740906784,5.9350533,6.111622244351707,5.9128824004733485
2021,12,2021_12_LA_GB,LA,2.0,DST,5.706637747612843,7.064954,8.427658700268255,10.430790870272764,7.858451487035367,9.014911799849475,6.67211773330792,7.119759938387697,6.72383688535675,6.689457037003955,6.769073105705602,7.084115206535437,6.957358843934297,6.87332077427656,6.64137145992897,6.821160055484068,6.598008523451315,7.131865379137941,6.660423937368083,6.985943991756511,6.483782063925734,7.521556900554878,9.014911799849475,7.131865379137941,6.87332077427656,5.783449067496045,5.860260387379247,5.82015461446003,8.43200661082283,7.076382846694212,6.968746117498396,6.384250241291156,6.758093045967347,6.507359585431584,6.550856,7.265236064684999,6.98571847825742
2021,12,2021_12_LV_DAL,DAL,5.0,DST,6.420358014895066,7.4802446,5.198598274565224,2.026938971723819,5.511190045251779,3.8403660469949976,6.424973390081592,6.051578039315943,6.38219148868576,6.496552145130526,6.769511200874029,7.420840385462837,7.158632047055824,7.3120984390005,6.814975934675244,7.202064322015808,6.973801947448744,7.5637912769021,6.752253066829406,7.506915548313392,6.053246609775075,6.917549118373516,3.8403660469949976,7.5637912769021,7.3120984390005,6.427220128266943,6.434082241638821,6.533420329229235,4.990650170941263,6.333327894288799,6.409124690990048,7.029885298909538,6.465961863413888,7.0816062763192065,6.2558336,5.644734822146125,6.556237317207372
2021,12,2021_12_LV_DAL,LV,0.0,DST,3.8412667855336498,4.3565288,3.264626173920981,4.837211137498344,3.061927788942033,4.057097878080241,3.4315186916845666,3.502959917632771,3.383649847985993,3.728663856238665,4.2413233224837805,4.383664849954279,4.301546598651658,4.2511761589290735,4.306464036028888,4.308677421918591,4.01950091083749,4.724914910612572,4.485680362620856,4.28388276774848,3.975742801331942,3.944380068076848,4.057097878080241,4.724914910612572,4.2511761589290735,3.8753804806522987,3.909494175770947,3.9420094224988005,3.700643062166015,3.665591861607397,3.7221356335381235,4.115195518465748,4.019706890055897,4.212744620428714,3.5048518,3.51935657711231,3.7561608416617807
2021,12,2021_12_MIN_SF,MIN,9.0,DST,4.5569308814315175,5.4876184,5.212639739410974,5.58078163277779,4.94312898290951,5.486713768906286,4.771616182952919,5.123622710852489,4.773227910003518,5.1047278447604745,5.272470393827566,5.297333798276433,5.182679801924769,5.4462790493425794,4.625891128434982,4.856279086053041,4.575475684825956,4.705882290630281,4.782627604346804,5.211954558542557,4.446824377218169,4.74249813335453,5.486713768906286,4.705882290630281,5.4462790493425794,4.664196939901033,4.7714629983705485,4.662805966562973,4.791573079587897,4.731383387360213,4.74757717178212,4.743109064980029,5.101090014808298,5.136607838620796,4.664103,4.538004005287915,4.649115317787713
2021,12,2021_12_MIN_SF,SF,5.0,DST,6.246543542701119,7.0494766,7.256787954961106,8.761879749089957,7.152640482079921,7.75248677802376,6.748095160934871,6.739920254871274,6.780962148278132,6.5537368987409605,6.3703937496317256,6.282021233588703,6.490186583673863,6.3847352348664055,5.968864946723962,5.96406101341344,6.040193718880113,5.528803750866116,6.199321413353268,5.663073649970072,4.805338949692462,4.832412902778578,7.75248677802376,5.528803750866116,6.3847352348664055,6.239618250277096,6.232692957853073,6.36032347366265,7.311824915536681,6.783519226121131,6.732484328317351,5.605315368929366,6.074904066493342,6.285561899256853,5.211085,4.995818123890819,6.5225589218388365
2021,12,2021_12_NYJ_HOU,HOU,6.0,DST,6.925080336618112,7.7257776,4.66640573289677,4.5788448142894325,4.895917880813528,5.116265672511389,5.512860618105833,5.574898584404232,5.475988254544687,5.722626760453253,6.487901914517518,6.260219147289929,6.712792376942506,6.465844289281488,6.269540952824709,6.145252157825039,6.19901324162725,6.107810776030161,6.428026475497511,6.006747544740789,6.735224301463068,6.30350638616102,5.116265672511389,6.107810776030161,6.465844289281488,6.902082817054721,6.879085297491329,7.045831117526597,5.5292844848693194,5.949763745149797,5.982623560398658,6.5160763053897925,6.430192831345801,6.7625641689679465,5.890758,6.53425128519464,6.086552326847659
2021,12,2021_12_NYJ_HOU,NYJ,8.0,DST,5.728795577872036,6.387042,4.603607988941301,6.1987737909384855,4.828121985969975,6.1923704850044645,5.093941460484256,5.802423347465622,5.0806517315620745,5.822118677762444,5.052260103688346,5.726337509173958,5.76591289101978,6.064004906559728,5.215620017948343,5.608147846343256,5.186928854783396,5.417617826716792,4.570277909815353,5.7823561693808845,4.453341323618486,5.408494150295205,6.1923704850044645,5.417617826716792,6.064004906559728,5.809134622477042,5.889473667082047,5.844558748847447,4.370302925283065,4.968519197720233,5.0066253876824325,5.568914483732663,5.408628903095321,5.507433595918356,4.9076943,4.605314099310745,5.390125728877193
2021,12,2021_12_PHI_NYG,NYG,13.0,DST,5.61943140554366,5.988839,4.206372052156603,2.266462498399626,4.163537836534605,2.8576436432852823,4.849336096166965,4.316267001147477,4.811324770490509,4.675432170732996,5.417673351442029,6.030797333007169,5.881423338551682,5.847903857838936,5.304221912834448,4.494851783019183,4.873790853880648,4.608357533258195,5.300809645197812,4.507240522171776,5.025638891640998,4.558623536384034,2.8576436432852823,4.608357533258195,5.847903857838936,5.63172789744634,5.64402438934902,5.728551625362916,4.387481548120854,4.644822553826494,4.687338577109038,4.885470066976573,4.8441513754508705,5.398488839724867,4.613533,4.883708941477354,4.908553669379901
2021,12,2021_12_PHI_NYG,PHI,5.0,DST,6.836512069034296,7.77382,7.004462422102757,7.2220298557497085,6.657832094398212,6.845624575523165,6.888376317149056,7.0343142074034,6.864819058705356,7.171555760081889,7.0478399194419765,7.332853339494644,7.326321944076664,7.324591869964949,7.465814918095366,7.159909456929366,7.128146255167121,7.017046816666329,6.743725034502123,7.2930130521671,6.0365802543283404,7.71410423673908,6.845624575523165,7.017046816666329,7.324591869964949,6.849591151034185,6.862670233034075,6.9548013204436545,6.454245573966552,6.887899510913657,6.931840637230674,7.573079198788251,6.867146471845022,7.5620615144391,6.634833,6.294584887276475,7.014349475615217
2021,12,2021_12_PIT_CIN,CIN,19.0,DST,6.394100752889195,8.01242,6.088540765009495,7.889606997814886,6.379957820592025,7.214407419948529,6.175089607150768,6.128155614622434,6.200104737623413,5.913111038461467,7.192501264722967,6.76784867784911,7.079620429027661,6.832929714061939,7.310783467024704,6.934049229608777,7.189796950259022,6.508192686868071,6.45856572573032,7.094900703043624,7.162107923272485,6.5771987717065725,7.214407419948529,6.508192686868071,6.832929714061939,6.500070802512622,6.606040852136048,6.5169332715421815,6.308036218578744,6.206866856825574,6.165257120104323,7.396165677431521,7.529470886879707,6.821989346290218,7.505963,7.84281374049487,6.3017543990309
2021,12,2021_12_PIT_CIN,PIT,0.0,DST,6.019223531440312,6.4505615,7.383334088485721,9.209994725483805,7.479493999623878,8.321748478445565,6.943824935548077,7.204313280625923,6.9742511780524845,6.938878372141772,7.250789722356123,7.3075236594831345,6.782734935245388,6.804024035187612,6.886633641859715,6.888991798823938,7.5403473649236865,7.752663997478039,7.482287447823493,7.566661193679677,7.656929447835284,7.337510059422394,8.321748478445565,7.752663997478039,6.804024035187612,6.00745211605901,5.995680700677708,6.130935138742185,7.309524221762889,6.817423256324176,6.777890628477101,6.6159812327683065,7.205302529868423,7.067404553576542,6.556909,7.105049348927383,6.812548169760731
2021,12,2021_12_SEA_WAS,SEA,6.0,DST,5.7410765805808905,6.841831,5.046314281341449,3.160477217851471,5.203989645634809,3.8039799285933418,5.953523361512334,4.816391228307023,5.916342779351045,5.093553798353685,6.142422787868329,5.511989142454325,6.916134064556505,6.443368537464586,6.896055312651876,6.259884624384823,6.702840295557781,5.449174963053159,6.5035717498934345,5.62399723266202,5.153655050621389,4.58881430089007,3.8039799285933418,5.449174963053159,6.443368537464586,5.830612700038708,5.920148819496527,5.851104101432809,5.141450074045687,5.8501683785641685,5.904522448969069,6.686360261182174,6.040646042790284,6.264417612415357,5.237171,5.261101807938599,6.00995695624959
2021,12,2021_12_SEA_WAS,WAS,5.0,DST,6.730656769409841,6.395586,6.176017009800766,5.200941651024641,6.400536901906643,6.090316252824521,6.976955203458697,7.020405942764998,6.958359220373103,7.22523712817182,7.399380675336685,7.065710013756041,7.182948931703015,7.165911554468966,6.265086700608857,6.843462064482027,6.551712169616797,6.763055145897634,7.261075414879335,7.77052469222942,7.002759032899938,6.794199063675508,6.090316252824521,6.763055145897634,7.165911554468966,6.673301716330722,6.615946663251602,6.843992707534777,6.372858115963293,7.127021159632109,7.157907498161132,6.954479286768914,7.1105244099776685,7.317878066748652,6.723759,7.842495889493542,6.843071307656325
2021,12,2021_12_TB_IND,IND,2.0,DST,3.63070745532845,4.898858,3.1746739930958743,3.932937429097573,3.297023238229514,3.826091006574667,4.033563810736256,4.344516995336827,3.995600331505511,4.533503465714563,3.9784173706022337,4.051078373485788,4.284789928912436,4.282512037168392,3.4037886779895885,3.901220746943028,3.285425479555116,3.5952160896748517,3.6257104970129377,3.3873504673727526,3.5119678840391084,3.297464544614712,3.826091006574667,3.5952160896748517,4.282512037168392,3.6512403131376705,3.6717731709468913,3.7322655850672146,4.0387442750028715,4.484630935074704,4.518171571618672,3.5764131506783268,3.59553831520724,4.348038546748783,3.7838943,3.748334934789996,4.496314383047153
2021,12,2021_12_TB_IND,TB,12.0,DST,5.099223980954536,6.2375937,7.704226617145451,9.78643622278883,7.063029213969624,8.215019482652433,5.700645748338089,6.293884926673623,5.756380686610828,5.91595061088438,5.219309293437209,5.51746405646792,5.49159486528724,5.753035828450158,5.535654117182357,5.415031908594617,5.520508844654927,5.690987360568402,5.801474330977861,6.005669545260552,5.206462187681827,4.924676234536331,8.215019482652433,5.690987360568402,5.753035828450158,5.101621291471823,5.104018601989111,5.207043668032906,7.164914035417676,5.592223414087634,5.500811639458963,5.136188998276884,5.137284576584933,5.433657624483633,5.3364143,5.358160533690298,5.56026159333783
2021,12,2021_12_TEN_NE,NE,14.0,DST,7.37975322201009,8.99245,6.493081523577077,3.72042975318228,6.841311905690765,5.477226094893164,7.259927963519869,7.089017232980748,7.233959736818138,7.383693591935559,9.599927641526474,9.91777657866304,9.812488609106046,9.575614959140797,10.612215850423018,10.782579587188865,10.265030100393066,10.366062566520426,10.6442727921938,10.127900566054556,8.860992596436567,7.769519158622709,5.477226094893164,10.366062566520426,9.575614959140797,7.359212279474363,7.338671336938635,7.5063340448985265,5.950144806419722,7.0159012044859725,7.100141290909231,11.071579934818514,11.342115822198506,9.652740431362572,8.948365,9.866294349512863,6.6604007801752205
2021,12,2021_12_TEN_NE,TEN,-2.0,DST,4.89501213648314,5.6456113,5.5344423704867385,6.46653631463753,5.411063237545956,6.423352767444223,5.027438038491539,5.690806878898586,5.02982157483545,5.517802098270368,5.419181590682285,5.195921979266586,5.185060673384371,5.090176293484111,4.813856047614824,4.67899503145099,5.199424560835596,5.256195741605079,5.1816885221412585,5.316979216260743,5.173738331044786,5.497222819590135,6.423352767444223,5.256195741605079,5.090176293484111,4.974530894871488,5.054049653259835,5.002978914395845,4.888282733623617,4.573212567504211,4.587627623181853,4.93218918065579,5.106236471278388,5.095771459134108,5.1054697,5.1968102831462435,4.612984905967028
2021,13,2021_13_ARI_CHI,ARI,11.0,DST,9.012194686643372,8.904909,10.347992807429431,9.872667625846002,10.143242723112884,9.925698791711486,9.177353169091562,9.298628064774336,9.231042052831334,8.952296868557147,8.336720786595343,8.200376789054049,8.07076646798612,8.04043316419334,8.28729104030121,7.896485445062166,8.62981235914975,7.754636170741952,8.298231107711878,8.112663528024417,8.354552912118024,7.02602107411028,9.925698791711486,7.754636170741952,8.04043316419334,8.767129844926586,8.522065003209798,9.142026055896958,10.332317624072857,9.210226321064848,9.119685118115536,8.203705371263176,8.552461235593462,8.398909666445698,8.719154,8.478957519349944,8.77014444742957
2021,13,2021_13_ARI_CHI,CHI,0.0,DST,4.802972042972645,5.558071,4.260673420005762,5.797771316904504,4.63329025412149,5.396172901652804,5.32648353997741,5.517002904103739,5.299711137716626,5.597287548880857,4.591124574071489,5.0078709171046265,4.662893293334282,4.751423289750642,4.83495979708471,5.163122826391279,4.869509361423324,5.620592399661526,4.540420375442251,4.922651380343154,5.541137211475903,4.805031392894647,5.396172901652804,5.620592399661526,4.751423289750642,4.871112340354491,4.939252637736337,4.910746240058337,4.68258342654293,5.267762269906973,5.306999203035698,4.668447792732808,4.586074275301309,4.832414316127531,5.148003,5.397199865656532,5.0753031704902
2021,13,2021_13_BAL_PIT,BAL,2.0,DST,6.703059026992332,8.03644,8.879345138257245,8.848492847896054,9.124475210422862,9.016275074262293,8.491273043184082,8.241304490227307,8.543817448763804,7.926651252304344,7.631970533432466,7.466188078252277,7.618408019058378,7.536860714161203,7.859807787980578,7.521448583843426,7.378957162837604,7.486316267001491,7.982040624468066,7.232261636933405,7.216650503907041,6.620126690568194,9.016275074262293,7.486316267001491,7.536860714161203,6.703452401915391,6.70384577683845,6.824049624933473,8.715452999025871,8.470811863755355,8.391229098011923,7.701017766389838,7.763029799441495,7.411197444632629,7.500557,7.8323422119990145,7.858903720770913
2021,13,2021_13_BAL_PIT,PIT,10.0,DST,6.109099839409057,6.25146,6.424521275943503,7.427277508671737,6.593969853396836,7.136680792123237,6.757635127618137,6.951565901453288,6.750669723781086,6.8976292527949,6.219540572173243,6.488258957340897,6.3063405877630085,6.322742341261722,5.736359953531324,5.859535250159038,5.4399997352255305,5.577003978087697,6.496705962472452,5.412818031991256,5.747617271651225,5.82008714138306,7.136680792123237,5.577003978087697,6.322742341261721,6.050453496045941,5.991807152682826,6.219886594667502,6.820190175359768,6.654946938769316,6.658565563514462,6.062350050987635,5.8399250815786745,6.368297474147038,5.8170886,5.9430269328951955,6.5492207266166655
2021,13,2021_13_DAL_NO,DAL,17.0,DST,6.720589264006249,8.1325245,8.283938653087478,5.121751991009695,8.090071610382918,6.20847431006955,7.395129043420818,6.458007482420244,7.436464953883239,6.461640871819718,8.026918949976254,8.200882181507454,7.908086893509168,7.819353456936631,6.775576795508856,7.208872542054543,7.08224188503525,7.418472204361151,7.449096111382572,7.009544880186777,8.743981534014365,9.323911883044351,6.20847431006955,7.418472204361151,7.819353456936631,6.718118615774655,6.7156479675430605,6.843343127705981,7.837988047839941,7.203417336800428,7.136003624750737,6.869817318583931,6.834367169229197,7.995158720342829,6.8551307,8.678648976156088,6.67170094466937
2021,13,2021_13_DAL_NO,NO,3.0,DST,4.702598470020481,5.455054,5.504981017928415,6.968679641734692,5.492420460822007,5.980910627874885,5.228613077573389,5.194629039046432,5.225073310830655,5.23008037469019,4.726959275960525,4.722883938927344,4.747558959507055,4.814020902235591,4.75502641085648,5.032685446188525,4.715049316910909,5.298294853428964,4.437460553423495,5.03859383299282,5.150940629842896,5.579634743415301,5.980910627874885,5.298294853428964,4.814020902235591,4.743503455157539,4.784408440294596,4.809417869884588,5.225237808272517,4.960602306720001,4.975203863277365,4.579232330366301,4.437068723194939,4.6654960682453055,4.0622716,4.590506923443299,5.114191617709817
2021,13,2021_13_DEN_KC,DEN,4.0,DST,3.1960230130013203,4.809707,3.444882643067757,2.200786830405717,4.06534756943628,2.6332016851562186,4.774207122070489,4.027175240845045,4.740468693631588,4.466168774522929,4.427101631348129,4.7126802635684415,4.597428104310742,4.61023247216646,4.302345790035728,4.416958074155712,4.550331515520689,4.839322670170145,4.4294529517639445,4.4768480276868186,4.206643646058748,5.122109335078633,2.6332016851562186,4.839322670170145,4.610232472166459,3.4453091333412194,3.6945952536811184,3.298797588410675,4.503545637115984,5.08813977118041,5.123408484549078,4.450289381522291,4.414207243450402,4.533323876351452,3.967641,4.057268615388684,5.287624486660241
2021,13,2021_13_DEN_KC,KC,17.0,DST,7.9594814394865345,8.602791,8.581446092202853,6.88824377193486,8.796020629320788,7.618032657824615,8.716513067778914,8.22622759635047,8.739068794341186,8.233569906672274,7.743960341006109,8.094884517303488,8.070969979334611,8.210493415948585,8.011857891115744,8.723965976887447,8.166315555154084,8.873146362033957,8.204676012273717,8.877183855260892,7.8655007169188735,10.347365684908768,7.618032657824615,8.873146362033957,8.210493415948584,7.786994514750876,7.614507590015218,8.083914907817329,8.14757111912079,8.354068850706085,8.344729258638528,8.233992928715802,7.919513573476703,7.800317969275111,8.098931,7.308779347322594,7.755575526619788
2021,13,2021_13_IND_HOU,HOU,2.0,DST,3.879373146708845,4.6501036,4.461173216683733,5.269952126179012,3.801535931256077,4.342876368422535,3.195429320282906,3.489124143135724,3.191184400210308,3.4927967286314026,3.4050035527341063,3.0954412290156426,3.4562526506555846,3.396323585416257,3.849663343516822,3.264955124069602,3.223950702401453,3.459582229603688,3.8817538616051706,3.14479043556588,2.8091279264152185,3.048832277270613,4.342876368422535,3.459582229603688,3.396323585416257,4.044984719618071,4.210596292527297,3.984202832478029,4.4418306879604295,3.473730687183922,3.4590601812562,3.6468050232873015,3.3192973460040816,3.4081724918429006,3.569192,2.938372151636192,4.069621030337603
2021,13,2021_13_IND_HOU,IND,18.0,DST,8.301921643924732,9.112555,7.495693510669964,7.533060680222545,7.836241641591442,8.145026361855242,8.074603189110782,8.37208356261402,8.077048501496877,8.329769654758623,8.641942522688787,8.618342110758276,8.664577954655458,8.645200528637247,8.160354182234745,8.012901237276477,8.29728124676395,7.895657044798306,8.271219439949345,8.738612582543656,8.32675030546086,8.116385806363464,8.145026361855242,7.895657044798306,8.645200528637247,8.282258275182604,8.262594906440478,8.436237274723277,8.160239890230097,8.434167323775505,8.413414380607609,7.971913287848869,8.126217338791761,8.448923723278059,8.556511,8.239152022391234,8.355428871238857
2021,13,2021_13_JAX_LA,JAX,-3.0,DST,2.708718778543497,3.3199124,3.732971093907652,3.630590313481009,3.727990207366416,3.417943757388554,3.709004248234524,3.426196887259394,3.687150504726066,3.6701833655931178,4.076064617170407,4.292727592566135,4.1300593298600665,4.390010173817616,4.9462630965304335,4.636707984382568,4.951778754023707,4.589247263173943,4.923509794943308,5.043620002941145,4.21807111173246,3.821886418818198,3.417943757388554,4.589247263173943,4.390010173817616,2.769878621032402,2.831038463521306,2.8058521599246418,3.936150808752342,3.91813668829495,3.954695098668659,4.495662599009748,4.552178895231849,4.163990199461614,4.524253,4.575606884451692,3.9886707073861887
2021,13,2021_13_JAX_LA,LA,10.0,DST,8.502080162225317,9.567344,9.97045425812463,11.02175916435368,9.31863297700387,9.97292621472364,8.405032322284649,8.71860465580776,8.438458063837793,8.386698127745067,8.83364041553882,8.548617736085935,8.415651021716242,8.489065708709154,8.073190104103068,8.335930809890105,8.510704840122882,8.231328270473856,8.060261589873642,8.045582599948503,9.100345436350258,8.478467889227437,9.97292621472364,8.231328270473856,8.489065708709154,8.417368336394983,8.332656510564647,8.636514204651675,9.96779774974665,8.831346723184808,8.745011281722606,8.58339293065555,8.413613500267324,8.654631966075987,10.161172,10.048785800629247,8.474503427060966
2021,13,2021_13_LAC_CIN,CIN,6.0,DST,5.439632240441375,6.738814,5.576680535400385,7.259103345809613,5.540386250807528,6.391856036446383,5.701221567056249,5.691802014974702,5.689722221376429,5.744252491185579,6.549819705351764,6.579860657458895,6.582585388870421,6.398476872661054,6.935897556605799,7.139309669087302,7.464148344519413,6.977057736401482,7.055831000496588,6.655390837116771,6.887744157302917,6.949011758652551,6.391856036446383,6.977057736401482,6.398476872661054,5.5262071875960626,5.61278213475075,5.549419216486624,5.840300491730964,5.971446912999095,5.983201187416974,7.403908833769921,7.330869385362232,6.649868172113678,7.0481515,7.317716627778482,5.9610268917607145
2021,13,2021_13_LAC_CIN,LAC,14.0,DST,4.961995189061719,5.6232014,6.553429694540706,6.755589602028759,5.938401993545836,6.083390893777353,5.149297366339223,5.49635739752506,5.170280700957875,5.383036023796235,5.465413959858142,5.5874603145809365,5.457439399529209,5.452571925416928,4.792639056071686,5.0468106641422725,4.9682455043494365,5.432816600137375,5.356565310162136,5.352322787622354,4.917335746280723,4.7605523205304605,6.083390893777353,5.432816600137375,5.452571925416928,5.049393235522537,5.1367912819833546,5.068470141567549,6.019259049251983,5.14248975982531,5.106812497730427,4.7375675427821315,4.688779641200123,5.5425199705399235,4.747253,4.949719951891138,5.34016024367952
2021,13,2021_13_MIN_DET,DET,5.0,DST,3.5554399285644607,4.9693103,3.612565311327292,3.790637161573869,3.7779679164750815,3.174065725484021,3.9578062152455886,3.132016850405101,3.9466581766767,3.327695440632715,2.8233335851820884,3.00226779724193,3.379809917092314,3.403659541042958,3.165822241244062,3.204978220488293,3.032808506954201,2.9727692438652027,3.610486573732104,3.257809035302574,2.5840679265754254,2.7845703114842326,3.174065725484021,2.9727692438652027,3.403659541042958,3.655007665399862,3.7545754022352638,3.6599350976906524,4.243716443798202,4.166038258552678,4.166828806201485,2.9291369569615746,2.6439956513535874,3.2041964146578468,2.62537,2.972508969203013,3.8774816245843438
2021,13,2021_13_MIN_DET,MIN,6.0,DST,7.205735427261625,8.093026,6.1363113318005205,4.652238535907332,6.239809059858817,5.626486764744926,6.697612751602815,6.653701225264083,6.683699093559073,6.83434592595267,8.317899818920136,8.284743944193687,8.093972847291818,8.32773474996856,7.552887500232436,7.801412374545358,8.089891420745138,8.236471415605635,8.058901683549411,7.88888402249083,7.23894796891264,8.064191667069556,5.626486764744926,8.236471415605635,8.32773474996856,7.150213917638643,7.094692408015661,7.331061258156033,5.787588084325751,6.670969761090124,6.7121630635705625,8.150012655607275,8.16606911780357,8.42316471866027,7.8605766,7.906919100014187,6.511942951856213
2021,13,2021_13_NE_BUF,BUF,3.0,DST,7.432957505649274,8.513639,8.258871914465464,6.977799133843314,7.830724174973149,6.719467212707417,6.996494109076518,6.7236128483878055,7.02595612709861,6.70750577864181,7.09357677232542,6.853392183918368,7.4917913212523555,7.198928722174187,7.763447276891007,7.500023880892432,7.320155482686768,7.18643219512156,7.088768221476901,7.251478217728071,6.940216900746241,7.414678754510853,6.719467212707417,7.18643219512156,7.198928722174187,7.356348249047121,7.27973899244497,7.5596596996000605,8.103656240583671,7.041843992680805,6.986203176045683,7.714193267232057,7.504569286778793,7.322741024376777,7.8033915,7.428078722715361,6.818565141885815
2021,13,2021_13_NE_BUF,NE,8.0,DST,6.1501061161887645,7.1749043,5.246311710634041,2.331376167830574,5.415937398910668,3.2284250588086705,6.004941329178399,5.041436534756087,5.97228952059665,5.6158491569447335,7.481598298084532,7.297111020135986,8.172232246081128,7.631990456891276,9.498524233202618,9.185530804288437,7.867361482353162,8.328323633998467,7.777144540645303,7.996219943434832,6.987084279808586,5.697904650491844,3.2284250588086705,8.328323633998467,7.631990456891276,6.14877458305326,6.147443049917757,6.265069606006696,5.2198552729294665,6.031395372048626,6.097341160651817,9.950904382552945,8.838285811070694,7.817278032011013,7.3948174,7.408928802315206,5.957307953965793
2021,13,2021_13_NYG_MIA,MIA,9.0,DST,8.187013778620871,9.294569,7.736878322356463,8.370444707743822,7.950300594554935,8.215886986329181,8.333220657370378,8.370491604123321,8.316783967353198,8.457645480388948,8.248194794616518,8.52230382974448,8.606589809130625,8.704659682804492,8.281816464442786,8.145674249830163,8.25777522292861,8.524044368256165,7.93059224722425,8.194160216210085,7.885704179103607,8.673302193203405,8.215886986329181,8.524044368256165,8.704659682804492,8.233334182317536,8.279654586014203,8.32334621107644,7.3524449963355725,7.978723846587046,8.035969257811754,8.450289096111606,8.424199947142316,8.445305060384083,8.184265,7.691256111195429,8.132661959012488
2021,13,2021_13_NYG_MIA,NYG,3.0,DST,5.565975449037452,6.3939753,5.466765146941139,6.223260826843173,6.062583339632599,6.945880973504031,6.527440900992262,6.716834272663768,6.526361677969716,6.570586140692804,5.935180932711835,6.046472057692418,6.248152575900726,6.272390494671489,6.341325521163292,6.099236434803275,6.495839808646707,5.916447441333322,6.218068226704596,5.835509785819578,5.624015590316938,6.481125310022,6.945880973504031,5.916447441333322,6.272390494671489,5.648095925635735,5.730216402234017,5.680351968885912,5.710789705273331,6.223401281575287,6.233593945882342,6.403417149713503,5.473654869375121,5.901669577047895,5.564241,5.256459302498331,6.1460188712619725
2021,13,2021_13_PHI_NYJ,NYJ,0.0,DST,5.619451577307066,6.0283375,5.076733512240395,3.525057365472642,4.715528134109492,3.581986157168534,4.7477896413185565,4.472948729612228,4.723809832090339,4.79054519055781,5.087756837483062,5.568482726179729,5.287085802839911,5.550624396758142,5.446895903113795,4.992036956137794,5.129936034664526,5.100510219714393,4.690051762909344,4.5501691162288775,4.67191525860983,4.465502960014256,3.581986157168534,5.100510219714393,5.550624396758142,5.614067463792233,5.6086833502774,5.730405516517425,4.897459590962462,4.780569406558936,4.810725655501459,5.2360595801540715,5.375211820092003,5.370016677770255,5.3038063,5.308696544521914,4.893066530874445
2021,13,2021_13_PHI_NYJ,PHI,5.0,DST,7.585564805537647,8.259563,8.724567306588348,7.958261772704303,8.232693003440614,7.844389597087892,7.596584733963167,7.368284177596921,7.618985484009775,7.288066941385404,7.581464862298952,7.543532727162487,7.540967067876278,7.220239530807194,7.322917629048952,7.486282084863776,7.072886353505118,7.552605229418591,7.363286807838661,7.21026389355966,7.069321883354911,6.705480466950082,7.844389597087892,7.552605229418591,7.220239530807194,7.50240977153652,7.419254737535393,7.709564923997972,8.367581222235463,7.689794935371764,7.6446926914870685,7.616022456782497,7.128959095467847,7.679536464258455,7.9039893,7.504312028988507,7.51075402213906
2021,13,2021_13_SF_SEA,SEA,9.0,DST,5.157028839740285,6.387042,4.926106688608645,3.250428470186688,5.085762613562179,3.9291533650680392,5.267985107945226,4.37008313757717,5.252011496095044,4.512698714352495,6.3515201706686,6.257309251301151,6.511435291021528,6.4298352285526414,5.772477623419549,5.268313821580039,5.695584429757215,5.010048799856877,6.428185832274416,4.33836086955246,5.995514933358942,5.441767253077449,3.9291533650680392,5.010048799856877,6.4298352285526414,5.242479846913818,5.32793085408735,5.266897751494979,4.956505654360919,5.054368709053198,5.086554996385236,5.54494089632097,5.805465141001959,6.296609895514302,5.2452865,5.919600232336941,4.9514962150665305
2021,13,2021_13_SF_SEA,SF,9.0,DST,8.473230522535971,7.7257776,9.419425995559635,10.721822983667767,8.920711603887323,9.45269419177106,8.281247556022624,8.64517496494276,8.321840942156095,8.43822012664153,8.518222087787432,8.840123668944852,7.591723942824921,8.130402149832367,9.133030231408393,9.35158109448912,9.217979086229096,9.250992632412922,8.440566811021764,9.20328150926263,7.979189434194982,8.189616312902034,9.45269419177106,9.250992632412922,8.130402149832367,8.301820252735531,8.130409982935092,8.60052759009032,8.509063422215016,8.321514914927931,8.281162279277378,8.224162803732975,8.225953221851393,8.039429124493669,7.6809454,8.047572126453936,7.755447255741069
2021,13,2021_13_TB_ATL,ATL,7.0,DST,2.365105548520184,3.4640386,1.696388494731968,2.153684997162774,1.9406432582906028,2.565038323123221,2.5878218768048864,3.0135048233563118,2.553876708822263,3.1489093019308143,2.7595460646038443,2.95613190968682,3.260940387433911,3.260294515530892,2.878005666630305,3.1287777235207144,2.279033846438693,3.1691770351124195,3.0324239085054803,2.908145132830383,2.587516575407704,3.2267544739421825,2.565038323123221,3.1691770351124195,3.260294515530892,2.512622451045472,2.66013935357076,2.462408397114343,1.9380879269692768,2.4870316908510794,2.5367291047238876,3.245508718382793,2.4755457690464535,3.1900522090183614,3.0574243,2.704914316894344,3.051347270610217
2021,13,2021_13_TB_ATL,TB,11.0,DST,7.977009235585692,8.372735,8.550173699278552,8.884775469254393,8.780548827989278,9.232663420249354,8.648143972087235,9.03038962467407,8.666614114831582,8.844351533797676,8.343498311497374,8.586378192580355,8.347829110322786,8.348154837279203,8.32463560225419,8.395034300117924,8.35495098812351,9.163903950789424,9.394760090750466,9.30833319517764,10.22626098176304,9.575949971269122,9.232663420249354,9.163903950789424,8.348154837279203,7.7068114863443835,7.436613737103075,8.096873661385269,8.562254905237559,8.465347051868259,8.45001597131168,8.365817953096954,8.512415971709288,8.311285992013046,9.141893,9.636370949289136,7.835474391899779
2021,13,2021_13_WAS_LV,LV,4.0,DST,5.663040817486692,6.754291,3.8356477848575774,4.336341958593296,3.9762848065393896,4.403467184674988,4.632391038941221,4.609385472578994,4.59461465416633,4.739979102888038,5.628722467104279,5.5090007504313085,6.0212080587405605,5.998877198365691,6.8979797696554925,6.946275620639471,6.818252360131037,7.339999357234752,7.037881251892401,6.509132003452759,6.099715907522037,6.376322660932059,4.403467184674988,7.339999357234752,5.998877198365692,5.710315880923889,5.757590944361087,5.774225225460242,4.063891408447605,4.66197835112611,4.716766674616453,7.049117429291002,6.814435001131683,5.813967550585233,6.575645,6.40137058793255,4.961336647677246
2021,13,2021_13_WAS_LV,WAS,3.0,DST,5.307997957159316,6.308046,5.640049596482847,3.259729351259747,5.908788811281897,4.963394259514226,6.045027795906442,6.103071683735275,6.045458017811172,6.230826469152209,7.0265700672479765,6.628536189302694,6.731849265379974,6.736999719690075,5.939678508091624,6.345088680062898,6.052440804236852,7.060570142695759,6.556732464110564,7.212483023248622,5.508986288082118,6.802246069699637,4.963394259514226,7.060570142695759,6.736999719690075,5.411246493906675,5.514495030654034,5.417625402015226,6.478724542542901,6.4526638865135295,6.427375499562396,6.1289726614293105,6.522680524136502,6.6811156291551885,5.590089,6.327531609264328,6.47151286929879
2021,14,2021_14_ATL_CAR,ATL,13.0,DST,6.363333703943559,7.1113853,7.54341251869199,5.743327904731133,7.395297867493434,6.161068369918328,7.019511759984376,6.450790437367957,7.030519924564543,6.543136785840761,6.591502558479562,6.516486328868648,6.7257417198552,6.627999015037869,6.851621432698896,6.742136231719227,6.906430786053572,6.102181379140506,6.823337640426441,5.997345238588684,6.155256070111551,5.755575944055604,6.161068369918328,6.102181379140506,6.62799901503787,6.346808224841024,6.33028274573849,6.482231320471445,6.995701858635122,6.776437225486941,6.7777394360546594,6.519255847206525,6.170346520051717,6.689131177796696,6.210003,6.6251904815922265,6.459640300508827
2021,14,2021_14_ATL_CAR,CAR,2.0,DST,7.8388392561829985,8.226997,8.992153978534287,8.726480493509015,8.278736255360537,8.478832393122248,7.785427203847486,8.252566374071522,7.796364978797147,8.132184274488251,7.79072707515398,7.866998339831884,7.908276272420664,8.17226594963908,7.939278121274254,7.660185788090664,7.864933978966177,7.540341711069533,7.920150022680483,7.719911978267946,7.14400544820729,7.683523053805324,8.478832393122248,7.540341711069533,8.172265949639078,7.817122492062046,7.795405727941094,7.966065632288277,8.755605960375531,8.25954302242652,8.227272848117336,7.914627300950571,8.340452226156833,7.93043156249659,7.971488,7.613033842425745,8.09369448896854
2021,14,2021_14_BAL_CLE,BAL,2.0,DST,5.890368076555955,6.474582,7.544096707783622,7.203736902855259,7.894684132019471,7.56444830712153,7.879641003528178,7.567551476594074,7.895716847229311,7.527966485833269,7.594484934227171,7.318841514582676,7.331096399999961,7.290663889857442,7.637593885614271,7.912180623899971,7.616220978193659,7.545758188370174,8.058716722022435,7.395356526444094,8.204520907665493,7.527866278977251,7.56444830712153,7.545758188370174,7.290663889857442,5.864195299583483,5.838022522611011,6.002079516719265,7.794254240646715,8.024517695822702,7.993487015194092,8.037310537135903,7.9162285988329035,7.1866988232736855,7.8886676,8.705203364353217,7.1649826850325535
2021,14,2021_14_BAL_CLE,CLE,8.0,DST,7.273980480408374,7.813318,7.067974888309053,5.253372711308343,6.955943952892089,5.673740191729947,7.213803197908151,6.614370128824949,7.194409174963012,6.815243574540947,7.428816209788809,7.206263988041737,7.444924415818615,7.276135560218287,7.837550303941999,7.193325113496494,7.42350774479686,6.9866316230927055,7.309784162134428,7.074982188315291,7.317843716615931,6.416288710593934,5.673740191729947,6.9866316230927055,7.276135560218287,7.282878581309304,7.291776682210234,7.394625789805669,7.229955495266647,7.378792900822212,7.398367949117681,7.750187529448523,7.82926797285704,7.55682551603811,7.4448133,8.270371872669374,7.316076235484251
2021,14,2021_14_BUF_TB,BUF,1.0,DST,3.4921154928332387,4.874837,6.631601273092644,8.21937068288071,6.38890133155534,7.817611393806397,5.654520690222201,6.530860854368424,5.693572608742418,6.127898466180747,4.257021514577181,4.30237635491902,4.494386840401159,4.790609961605327,4.030079691424488,4.086511940788245,3.900604949681141,4.1491180266846825,4.342201268924514,4.287192464479122,3.82883533449998,3.765357329668152,7.817611393806397,4.1491180266846825,4.790609961605327,3.5360773960908594,3.58003929934848,3.5939817654150934,7.320716851647417,6.208340999965807,6.108296529389881,4.329025947645135,4.427274267581435,4.485444176531413,4.5209613,4.899487224228364,5.816387882227739
2021,14,2021_14_BUF_TB,TB,5.0,DST,5.869345280659921,6.436695,5.325275982045347,3.990091938843096,5.48639449028228,4.96590416076754,6.261291255067894,6.317878762544759,6.233534303741015,6.516413675233869,6.436259037771527,6.025567388007152,6.56185046301407,6.37885453445369,5.996694451280289,6.245434000758212,6.300023725841157,6.342132946077782,6.263425716518556,6.100199631509645,5.881741345241751,5.8153145289154295,4.96590416076754,6.342132946077782,6.37885453445369,5.789801567865332,5.710257855070743,5.976329470319091,5.460671198411252,6.079266159875381,6.123515238593577,6.278381811229485,6.403234260597611,6.312573761633164,6.166452,6.551968331264543,6.1451337217864745
2021,14,2021_14_CHI_GB,CHI,5.0,DST,3.6809919944599376,4.753121,5.899456901782531,6.156129729507206,5.775023694550588,5.856944849127097,4.791331577937402,5.083546232650985,4.841003704790557,4.846355593494389,4.602780221994116,4.296185415878667,4.486102218519247,4.500249600503811,3.209931881169267,3.2960041752102,3.122780976297305,3.8240128345795577,2.8209383752893995,3.5967843739578127,3.680336566663216,3.663353641006504,5.856944849127097,3.8240128345795577,4.500249600503811,3.8340857743888153,3.987179554317693,3.7864217423394417,6.2273162292382676,5.059576251640722,4.9606944928478685,2.9868154041970447,3.455479282022272,4.571604051995902,3.1137154,3.8485785521911997,5.279463627358676
2021,14,2021_14_CHI_GB,GB,13.0,DST,8.879521457891824,9.88494,8.361431915036983,7.711905782623113,8.630358967680136,8.35358392056441,8.677411486220565,8.706678367286624,8.693376828508406,8.591267369099386,8.727619047136908,8.301710461764888,8.16367747386472,7.908530772281429,8.294712204251057,7.649603943234345,8.069482135431842,7.613208681496521,7.777511563350604,7.409135167982901,9.771477384843868,9.18389070568062,8.35358392056441,7.613208681496521,7.908530772281429,8.69375785165732,8.507994245422816,9.017110358484363,8.987023553831206,9.05732422171642,9.014647105962903,7.753532998634412,8.352866473599803,8.148426273731145,9.553445,10.037532820405014,8.400895803259601
2021,14,2021_14_DAL_WAS,DAL,16.0,DST,6.921115340021147,7.8939247,7.303505540563093,4.055870190004809,7.400168628564464,5.140298477913007,7.64942845523478,6.663577016188341,7.650249578586559,6.877516187483272,7.111836869323471,7.240967924175195,7.483204310422836,7.261358291745785,7.483565714583423,7.310285156581484,7.593286353977133,7.73755692397688,7.560754432696049,7.43098540761547,8.464283484538894,9.083021855553536,5.140298477913007,7.73755692397688,7.261358291745787,6.938527697094324,6.955940054167502,7.037951354424658,6.506080035600494,7.34502874478715,7.364178409972833,7.235110457570345,7.449763903787671,7.185219330181541,7.766062,8.591946065950797,7.252247090014857
2021,14,2021_14_DAL_WAS,WAS,14.0,DST,4.31162873896007,4.9933314,5.032484568610351,4.644382088978981,5.167751952421607,5.055769982223409,5.664844138739894,5.820360865133321,5.635686103560382,6.080328734397633,3.611755237091744,4.01842004352198,3.8901909784364905,4.1198210838837,4.705461235675418,4.41772901320833,4.742040775632173,4.765745420983745,4.511206873680583,4.784108766898875,4.555749830658989,4.384932538816606,5.055769982223409,4.765745420983745,4.1198210838837,4.377715459341404,4.443802179722738,4.4163906729653855,6.128236868260737,6.100695361682491,6.1141651905515175,4.481784851743452,4.5907946523730265,3.905932778196527,4.3130674,4.363089526959706,5.923165491644793
2021,14,2021_14_DET_DEN,DEN,10.0,DST,9.156953413644864,10.394705,9.075621382086409,8.61498020491047,9.301619208070573,8.3402675647622,9.16272863080805,8.822081221556306,9.196104393394606,8.740034848615275,7.944654810139423,7.907286483801289,8.461214941147922,8.438394716220738,8.549981735786268,7.904404343866968,8.169141121427128,7.669860224315556,8.250276792143065,7.910057100537524,9.06982534766888,9.137161927577685,8.3402675647622,7.669860224315556,8.438394716220738,9.12977928688741,9.102605160129956,9.304854112327389,9.072926280127685,9.160028940608726,9.110179743408214,8.194673018518447,8.569972290038528,8.433119546961727,9.648584,9.318330292452275,8.865733441040302
2021,14,2021_14_DET_DEN,DET,-3.0,DST,3.664553013415118,4.593518,4.011335591456766,3.402019940025607,4.102560098872958,3.8028932415076513,4.626816379861376,4.395591221862058,4.588789573459926,4.646034117649975,4.243292911898074,4.221836700745988,4.428301733467861,4.38577903809289,4.3653384568675015,3.970870007705181,3.997842603443023,4.011811272484714,4.929137310994667,4.217985179246417,3.8478307051790255,4.284982762112079,3.8028932415076513,4.011811272484714,4.38577903809289,3.7694547213969916,3.874356429378865,3.7690406779453007,4.289123997532252,4.708731882044249,4.77240846224586,3.9819091815927132,3.983568094054769,4.2982326078817685,4.0488906,3.69076209906846,4.468704687194855
2021,14,2021_14_JAX_TEN,JAX,5.0,DST,3.6388254205132062,5.1598682,5.158666130296093,4.070018053483624,5.001659617591229,4.6724363137644245,4.801414302632467,4.687811686337577,4.801805349403649,4.7217022423451285,4.40996209064241,4.428997033540547,4.664532394512815,4.662460211906333,3.887210641931364,4.255592889596757,4.525678281123767,3.607159221896567,4.6353841908337525,4.684736241481604,4.2261959200869015,3.969450800385831,4.6724363137644245,3.607159221896567,4.662460211906333,3.782413682746398,3.9260019449795895,3.7444809969554873,4.388947959884481,4.654340701713187,4.678966889401675,4.328266254609862,4.171289926710967,4.800246065496504,4.2433257,4.642330682190073,4.7065008031437205
2021,14,2021_14_JAX_TEN,TEN,21.0,DST,7.348992445939648,8.952951,6.5570135494938695,5.036919409064454,6.785012268369506,5.9590793710136944,7.017620120371364,6.673217517563886,7.005445590985799,6.825122938896207,8.032316986571827,8.2280964513074,8.559459065843278,8.827563324672875,7.440683531449061,7.448890263492228,7.642339001152968,7.50131973091013,7.258552263837767,7.120445367620876,7.529352548503595,6.722501577018976,5.9590793710136944,7.50131973091013,8.827563324672875,7.372685213416969,7.39637798089429,7.4799264800027,7.112831560736151,7.078485940733845,7.08740561059952,8.534463391281493,8.444141221292776,8.633047179353975,8.547973,8.78842153784156,6.835259232628719
2021,14,2021_14_LA_ARI,ARI,2.0,DST,5.8051564653208185,6.5877542,6.62165183380913,6.0292081182466895,6.649065896814327,6.134151557801397,6.379476718758251,6.327145041156594,6.394582474482251,6.274162723654242,6.705775228066487,6.312279753626831,6.728988365638777,6.654393405106906,6.083790213202742,5.6606240356467765,6.226009113889107,6.113119799526194,6.330258575321135,6.116024202392674,5.791290285918874,4.689981517797718,6.134151557801397,6.113119799526194,6.654393405106906,5.746759328990856,5.688362192660894,5.913559933541979,6.653355082273824,6.32689209806375,6.306301226782676,6.098728505672829,6.2051584224099425,6.620327141326372,5.5105963,5.876816384704749,6.355644372999434
2021,14,2021_14_LA_ARI,LA,8.0,DST,4.339155862496601,5.2490187,3.892365252918541,6.386176284413847,4.672952339298762,5.82002033009495,5.701169354981013,5.94834195558289,5.677117118557858,5.984298099277525,5.4696927478247215,5.627093465444861,5.627596925988333,5.636275423177745,5.146230391711497,5.6593229197471215,4.948786474772338,5.124242015762615,5.671260756094771,5.601131159626438,4.17359744358271,4.109697445511992,5.82002033009495,5.124242015762615,5.636275423177745,4.3631006331274955,4.387045403758391,4.442752724435534,5.376756187198014,5.788137049929771,5.797135578768794,5.0633394498185496,5.24853120156085,5.534439056813555,4.61283,3.8992485189637884,5.376139803680078
2021,14,2021_14_LV_KC,KC,18.0,DST,7.707438127883292,8.674854,6.808638343274687,5.010366297060257,7.052472221957926,6.241653471452944,7.673418946066039,7.46792139545167,7.65012710137786,7.682283524437042,8.405344814345256,7.953305643831137,8.539242600047318,8.464575727989985,8.90530705314707,9.314550532425493,8.342347338183357,8.56420021811168,8.25542608414856,8.71485172889626,8.718097462122033,7.874323163958055,6.241653471452944,8.56420021811168,8.464575727989985,7.708444199391693,7.709450270900093,7.831011370255679,6.408883253426821,7.532424410094907,7.588588737931046,9.070705649952563,9.255445807936779,8.233647743370192,8.632396,8.812183705754695,7.784905434039936
2021,14,2021_14_LV_KC,LV,-1.0,DST,2.9328532986460165,4.2124023,1.7408513514946833,2.6264701633772125,2.078615679334629,2.83405261301745,3.009088734734457,3.3367050757659498,2.94467524837975,3.649820056766483,4.06970411615834,4.114136676203416,3.992797350922933,3.977632842899788,3.990194852208709,3.810018207347006,3.7299293955504433,4.292150831836594,4.423434398242544,4.239473899537227,3.269979571291682,4.740359558001855,2.83405261301745,4.292150831836594,3.977632842899788,3.1176436085276373,3.302433918409258,3.033739591439478,2.8628439447452707,3.370831625873588,3.4503151090758544,4.132539959337213,4.070284724667323,4.017054745926359,3.7552595,3.8364181418009062,3.911583915333499
2021,14,2021_14_NO_NYJ,NO,7.0,DST,7.45999691137138,8.498162,7.698461821077993,8.487718338137253,8.061879097538792,8.493272831055842,7.82448541436516,7.736329961226257,7.844874592132641,7.53877641707861,8.313476512386648,8.441898005860681,7.976159945807241,8.077183219213527,8.438692837963508,8.266635998384071,8.281077742475322,8.598106048201808,8.940422009287627,9.054656949028557,8.17798495714804,8.125471221092956,8.493272831055842,8.598106048201808,8.077183219213527,7.367250044655069,7.274503177938757,7.587340240076032,7.85287164248216,7.6942725662307465,7.67331531101009,8.202770872591502,8.063651946369678,7.780579177928089,7.7131176,8.207968008021268,7.273314529871015
2021,14,2021_14_NO_NYJ,NYJ,1.0,DST,5.397676392604829,6.4900594,6.556766263222191,6.131860417168656,6.438892973969178,6.64023524012342,6.033413778156056,6.059890046102695,6.046305991480315,6.010261082934396,5.847797619868671,6.105360031605512,5.86183038480517,6.0743551567238825,5.863921192000976,6.235519574037992,6.434044847088989,6.06918990565906,5.523407043849392,6.100620380167441,5.92935437997606,6.402721818798961,6.64023524012342,6.06918990565906,6.074355156723883,5.472027351831848,5.546378311058866,5.512928513423984,6.551530900461692,6.008394255083325,5.981987715591571,6.46437390450926,6.739664582774804,6.1354405102782,6.3710465,6.9211846596245925,5.782665311079338
2021,14,2021_14_NYG_LAC,LAC,6.0,DST,8.032825204919206,9.263615,7.609142272132402,7.612916355943508,6.970313533619573,7.167053021247693,6.715565892507237,6.974084466833139,6.706048879928046,7.017530015462111,8.306717872324038,8.162908644153703,8.262854000524651,8.269336623599692,7.125144315354905,7.072771571146074,7.01353956868099,7.212180327836272,7.018958765025035,6.954180311897022,7.088175479004864,7.359268501301078,7.167053021247693,7.212180327836272,8.269336623599692,8.100541746777465,8.168258288635723,8.16837775404709,6.9615655980704165,6.757047630611451,6.776736674021442,7.238189558285236,7.411278541388858,8.16204181906452,7.265454,7.533617023125027,7.223429271804773
2021,14,2021_14_NYG_LAC,NYG,-2.0,DST,3.936590950583621,5.024286,5.332297400111865,6.476771791728589,5.224235880409082,6.361736217978195,4.895103113156267,5.050490262277409,4.90215739015603,4.88646907493033,4.501867638466919,4.6520249092360615,4.489106125836171,4.735085454218119,4.8935555086836455,4.22275485237618,4.280411660593246,3.961957571204752,5.202010181813419,4.586184853797656,4.858973899373708,4.5605703939435385,6.361736217978195,3.961957571204752,4.735085454218119,4.037699452365204,4.138807954146786,4.04124236762899,5.71933964527334,4.940761068636417,4.908676595157849,4.204295579525301,4.101009464818884,4.678471071826805,4.1956487,4.352421679110946,4.781372060083671
2021,14,2021_14_PIT_MIN,MIN,6.0,DST,6.401783788679927,7.749799,6.667743844855246,6.411590271698247,6.613316085944385,6.466102069611072,6.125753176775207,5.824806048578807,6.153388230259162,5.676710148053198,6.6447535342320805,7.102131225667522,7.0552273023383165,7.222598569249342,6.774952503425024,6.852994513162848,6.88154485354773,6.761994911983662,6.438045616213132,6.784068058521444,6.758630707536972,8.240152368511128,6.466102069611072,6.761994911983662,7.222598569249342,6.401304213745694,6.40082463881146,6.52338412554434,6.492853979411029,6.062035693215271,6.020936181002116,6.962112410824298,7.331955479652411,7.1495546730407495,6.523684,6.8985835020552075,5.785184273001539
2021,14,2021_14_PIT_MIN,PIT,0.0,DST,5.36880174571365,6.1879406,7.024150017797787,8.201029779894098,7.304769654502984,7.98115356740427,6.264099341970015,6.258007768174092,6.321967638105681,5.912464029849313,6.55825428534797,6.225179601716052,6.277373385253605,6.032620209651285,5.5093791604281,5.2232289968482775,5.971197166609676,5.540912180528196,6.16975093564937,6.066880332138378,7.268840839986317,6.927241921460787,7.98115356740427,5.540912180528196,6.032620209651285,5.352867636834102,5.336933527954553,5.4785414458234145,6.755397048338479,5.909174287787436,5.829143862256898,4.753388714242074,5.281755904404194,6.048505294566477,6.097929,6.815307202686583,5.649270186825731
2021,14,2021_14_SEA_HOU,HOU,-1.0,DST,5.927969837034515,5.525506,3.978553228839564,2.5315552187699577,4.3641330605915085,3.875183049719628,5.111482856127569,5.0932274847780405,5.078507821146571,5.2927554716820735,4.43196766286423,4.490470483544103,4.79647876823067,4.721896900405825,3.8249488109636847,4.210345567117171,4.234323307292799,4.214089343338996,4.291213074386674,4.324872280497424,4.945984841753307,3.663180537700342,3.875183049719628,4.214089343338996,4.721896900405825,5.968082735341345,6.008195633648175,6.041273148841883,4.4833730092099335,5.334397751398403,5.376083342471295,4.329787727675271,4.50923507694457,4.659939052704268,4.7967176,4.843801885118401,5.616032530741994
2021,14,2021_14_SEA_HOU,SEA,6.0,DST,9.032509115664526,9.987957,7.584070297137577,6.147772836352656,8.311604486750833,7.57465408561246,8.822265458302134,8.16672937302749,8.816299011809608,8.193188245285157,9.497312869362082,9.215892532290884,9.905614809070242,10.001955491211596,9.413336875486827,7.482875368938249,10.087455667495226,8.075997246738607,9.2844490005073,8.060477169170174,8.283634556939475,6.946576483156983,7.57465408561246,8.075997246738607,10.001955491211596,9.018997636991138,9.00548615831775,9.177231763347038,8.465215108965326,8.865427231996954,8.86965576198515,8.790462099629377,9.641463784659459,9.903764524893957,10.162637,10.08221614615617,8.689170113976605
2021,14,2021_14_SF_CIN,CIN,4.0,DST,5.142431384815428,5.710741,3.845378054369216,3.365665243890203,4.330220805004182,3.827142808703792,4.882643134866978,4.816796640587803,4.8569538211507055,5.075935359923267,5.483004638203161,5.640266692457296,5.501361854024101,5.577821899577248,5.269359823400684,5.58301299356932,5.118458500261201,5.556035455609171,5.3558493721178975,5.9666176129963695,5.535082529569318,5.66117190935891,3.827142808703792,5.556035455609171,5.577821899577248,5.170562149091102,5.198692913366775,5.248698421644939,3.920146850958737,4.931188831605979,4.990262695704289,5.254519058309225,5.335854995724322,5.517777859697786,5.2744727,5.4206846573265715,4.953621548545558
2021,14,2021_14_SF_CIN,SF,9.0,DST,6.520027993254315,6.826354,6.707803599478422,7.543139286457222,6.623920422609813,6.791278337699845,6.50800731917731,6.808281585993652,6.512931701206682,6.801821498470928,6.205061235431728,6.623512927247261,6.313408848676267,6.553679875315012,7.5776446655025795,7.361293842316355,7.363295723498356,6.889717561150683,6.5344790287692325,7.040322991234261,6.901532291205713,6.572203978785588,6.791278337699845,6.889717561150683,6.553679875315012,6.482209163624659,6.444390333995003,6.630436041344631,6.164040960593239,6.3903832727901095,6.403726772730861,7.191571736943798,7.04905289312134,6.49632512628424,6.234225,6.659505791661062,6.436913323324863
2021,15,2021_15_ARI_DET,ARI,3.0,DST,8.16679262108691,9.344221,8.74910638603722,9.016889119354127,8.541282897923862,9.165601300600496,8.145437782318563,8.570789203814668,8.175407261890504,8.304642012791803,8.680880829097713,8.705467528476545,8.474362199606215,8.601377953327695,7.8909309143454065,8.160694849540898,7.9836556930109,8.267890896146872,8.486431029377336,8.870596013534076,8.21133146698584,8.71189044767935,9.165601300600496,8.267890896146872,8.601377953327695,8.123149043619303,8.079505466151696,8.297981918549072,8.35937235572588,8.093334276347498,8.056134315523762,7.867222946316451,8.450941239380912,8.565953461076262,9.213399,8.844932971564065,7.933514339797789
2021,15,2021_15_ARI_DET,DET,8.0,DST,2.263168014536918,3.5430348,0.6576341258352114,0.8869799393582367,1.301741959788223,1.1428033087188467,2.573985540943812,2.1832119253998323,2.5099796713756124,2.583913151588133,3.3149679567465777,3.3305583455446577,3.5581708268646115,3.590320493636679,3.317280974832717,3.392488639575836,3.3678046397403016,3.1293447874090354,3.3926227905436046,3.5783060788863565,2.791724057741143,2.837821665014425,1.1428033087188467,3.1293447874090354,3.590320493636679,2.4589021328243055,2.654636251111693,2.3616976165706625,1.562852233207848,2.5246001323416296,2.6169415576562205,3.385303692926911,3.468923443504286,3.45234933768862,3.0949159,2.7080246807719717,2.8594488281097106
2021,15,2021_15_ATL_SF,ATL,1.0,DST,3.8051472642780166,4.323964,3.987245948708329,2.129850225507231,4.169685724334065,2.962076347086488,4.46009600000909,4.336898811629265,4.439603016386311,4.638621957788619,4.032844884856053,4.457482029742235,4.257958145775747,4.368438509447017,3.88132085595821,3.821801176583623,3.4369914177870093,3.824147435062676,3.9150662752059313,4.36756018066083,3.5785556574126267,3.789574604171015,2.962076347086488,3.824147435062676,4.368438509447017,3.9527088055722794,4.100270346866542,3.9076756777891397,3.7732616082123744,4.389539405748711,4.439555180598816,3.8470678430881384,3.99005031701071,4.1972722803230855,4.280921,4.033015229005521,4.493518166852365
2021,15,2021_15_ATL_SF,SF,9.0,DST,7.837188234976113,8.5632925,7.153943583460548,7.224916513801286,7.169120780501652,7.125418587055731,7.331228078123402,7.758250390359046,7.333914913727655,7.765475796319461,7.634150469927292,7.729460622171556,7.544170335007382,7.613585936345841,7.219670130230388,7.257852751294432,7.124517794104803,7.807156524981533,7.357642290892302,7.640242659710143,7.448422409178248,7.444295937741704,7.125418587055731,7.807156524981533,7.613585936345841,7.7208263174503395,7.604464399924566,7.961184749940701,6.792307339830789,7.279398112852632,7.307141167729904,7.541787916738977,7.632150067910726,7.345855674776697,7.8619804,7.499508403563845,7.24054420211351
2021,15,2021_15_CAR_BUF,BUF,7.0,DST,8.87651828822605,10.442746,10.718857394975194,11.505401498685014,10.538974278987029,11.353604085403742,9.498464791991667,10.049244028665305,9.553477375032704,9.537796535635628,8.144535712036063,8.410513490714994,8.421741854031772,8.301471463892826,8.473224664967784,8.336309876572006,8.050108662079186,8.364663890346861,8.16164833188632,8.340615703115665,8.40275673689893,8.162989224680642,11.353604085403742,8.364663890346861,8.301471463892826,8.667349621998174,8.458180955770297,9.020056666821601,10.953317529458598,9.78796710499565,9.685361256385711,7.775687480808468,7.94650619244687,8.174285426416317,9.15624,8.391017292548124,8.77685050536109
2021,15,2021_15_CAR_BUF,CAR,5.0,DST,3.473757446892645,4.195315,3.758272797198004,4.252381350171747,3.32165780240525,3.975416334754474,3.607987392103629,4.2643876917067,3.5720640473339444,4.402405767630944,4.164402115355264,4.228087770739393,4.312840088620706,4.260395123508826,3.9019145307148153,3.9244280913618192,3.722873105206019,3.888370273286421,3.416783203071728,3.817298257161765,3.107422968743346,2.910117169268818,3.975416334754474,3.888370273286421,4.260395123508826,3.685640001304714,3.8975225557167827,3.576417064338628,4.143688479976515,4.085531611408976,4.108351436980152,4.029112426283047,3.5601413335820733,4.390882442978749,4.025655,3.8605111448107974,4.5691689230131765
2021,15,2021_15_CIN_DEN,CIN,9.0,DST,5.785273342906474,6.299502,6.772875630954624,5.478773826330297,6.717204108092125,5.956461211397593,6.271402264742743,5.861120101815535,6.298165841740272,5.844566544582372,6.34305052320112,6.443933110393844,6.246216147699424,6.273816340207798,6.335106859345208,5.991971575454934,6.514104664332451,6.176864102347139,6.042050694649368,5.687225449197053,6.05302422608768,5.488336482892192,5.956461211397593,6.176864102347139,6.273816340207798,5.760470132185366,5.735666921464259,5.896260025390376,6.826637136212644,6.386117192023578,6.344387303570701,6.151513778913599,6.284274923669704,6.145835594741256,6.275239,6.330883981511447,5.820568364821462
2021,15,2021_15_CIN_DEN,DEN,4.0,DST,6.749574016942794,7.6382375,7.612319388227684,7.398805019776055,7.64669575193439,6.479304343516639,7.585116840360912,6.971226960379214,7.593913288079412,7.0876802503689085,6.815101791985336,7.154296266121157,7.182619843862525,7.207890007830122,7.854652076730234,7.096407461562578,7.1393055353328005,7.245760681973571,6.881815160892206,7.347255646532247,6.285007551889704,6.69919527226597,6.479304343516639,7.245760681973571,7.207890007830122,6.798211377794285,6.846848738645776,6.866816801858675,7.243750700931931,7.414405459281691,7.407165346542237,7.446589777789953,7.298077207789292,6.977900709806696,5.7892623,5.5978409937125635,7.515682892594059
2021,15,2021_15_DAL_NYG,DAL,16.0,DST,8.972588470459664,9.88494,9.250810733412402,8.261300430300315,9.062103172556906,8.18459881644128,8.638768352952123,8.34256284767133,8.657768687748906,8.347441101278127,8.776976193036019,9.145404904168174,8.849783391953368,8.983703180657098,8.351514559815925,7.96958371242097,8.004882002933124,7.965958448776165,8.696204963311793,8.223675981960328,9.86059981150118,10.185551853234305,8.18459881644128,7.965958448776165,8.983703180657098,9.036674408429864,9.100760346400065,9.11404174210305,8.657841574213801,8.602372784927521,8.580347999149406,8.364073117703601,8.575373418313635,8.777099829856269,10.545338,9.978407721153008,8.773652903860498
2021,15,2021_15_DAL_NYG,NYG,5.0,DST,4.0832697954578,4.753121,4.716784083523006,4.848100521219613,4.528612121125647,4.969399601586444,4.723410816142712,5.057604112705194,4.685668644139557,5.235063583226994,3.882631228698072,4.253239129352283,3.935079087523215,4.127560746481353,4.305935013134219,3.9160104207671416,4.037934156671149,3.8252028419345474,4.421265565427133,3.904648741160955,3.863367575915188,3.0613282890973745,4.969399601586444,3.8252028419345474,4.127560746481353,4.204485361299792,4.325700927141785,4.188223012546231,5.237758047905276,4.866629193668786,4.896373959114571,3.935483705349486,4.133057844456323,3.8915298333156585,3.3688047,3.4158873235760843,4.9253675416296225
2021,15,2021_15_GB_BAL,BAL,2.0,DST,3.757244936205612,4.7616653,5.90783364172379,5.96380889876607,5.950881856324632,5.8570260972647095,5.260816316651748,5.582360225558388,5.304782680634731,5.358165085723012,2.680391707127314,3.02164109898243,3.278990509719895,3.320199465449589,4.115884907772594,4.467532247213709,3.7631304086085726,4.7666052824193095,3.776426634017259,4.269811173461415,4.573605259323513,4.866699241794095,5.8570260972647095,4.7666052824193095,3.320199465449589,3.889305835115794,4.021366734025976,3.8614961708627624,6.083938655164963,5.574150014990552,5.490943101719591,3.9339139647673127,4.471758277257761,3.0825621179491454,4.5984654,5.2566178112156035,5.427929081977309
2021,15,2021_15_GB_BAL,GB,0.0,DST,8.18042182531956,9.000994,8.056774151437452,5.419763747172185,8.135794400017474,6.704824538323353,8.048199843238134,7.49888790495853,8.066017419730086,7.5217010372815025,8.546162637791513,8.634564535357306,8.30545678545243,8.205969675395165,7.452421243693766,7.651118435823076,7.340263168227114,8.374266233562789,7.690482226468851,8.58260344007022,7.953683800242491,7.319179243207415,6.704824538323353,8.374266233562789,8.205969675395165,8.164727920333322,8.149034015347086,8.309216036552751,8.332737056838583,8.119059187977221,8.081639957077284,7.613176150167927,7.7630310853290325,8.123667257900825,8.497332,8.724091630089665,7.991597539988734
2021,15,2021_15_HOU_JAX,HOU,10.0,DST,6.080196728409847,6.5055366,5.8900390888832055,4.350745925139592,6.23516213246656,5.893348201532964,6.876418422898665,6.709455435853908,6.846790585134325,6.823430338020654,8.140597494965215,7.564612080215824,8.381567939251099,8.788747275622839,8.901789084521246,9.182971539535544,9.336843794712031,8.639220588994386,8.673447317189254,8.51777233373255,6.505977298405483,5.588342797320768,5.893348201532964,8.639220588994386,8.788747275622839,6.07513155086714,6.070066373324433,6.194746660486459,6.648525780815232,7.274781136164471,7.309493001076075,10.819297641091504,10.172216927076125,8.832361797915704,7.2941647,7.476256241979734,6.949256050759129
2021,15,2021_15_HOU_JAX,JAX,2.0,DST,8.214959679060648,9.183007,8.631641585758643,7.937978812525014,8.591950911214946,8.2693133560401,8.183168229819117,7.992644683280484,8.199231678854275,7.913983073375983,8.130697857574766,7.79068257825899,9.261241682750784,9.6614143594321,9.359763327361238,8.374468762161523,9.1460485074571,8.827908575540924,7.673795551511354,8.634269398840313,8.242117801806021,7.513799304111928,8.2693133560401,8.827908575540924,9.6614143594321,8.313209043915686,8.411458408770724,8.354821237962309,8.887914995857898,8.552888017472382,8.512338867692181,9.256644447179369,9.144633649097344,9.205073512186758,9.245437,9.013092348120962,8.539789506607313
2021,15,2021_15_KC_LAC,KC,3.0,DST,5.430881869684695,6.062513,5.991333140195778,7.17284765374918,5.873976378211542,6.421149310592435,5.781953050076576,5.79186228664815,5.78229264983551,5.793071344148879,6.005697911354967,5.994572516471539,7.027579190321549,6.745786625776232,7.012506681654746,6.902638348009926,6.388014929579374,6.826317790860628,6.665836281532569,6.6305461316547545,6.368003959481818,6.062577694632629,6.421149310592435,6.826317790860628,6.745786625776232,5.409600411770324,5.388318953855952,5.5361315004915586,5.360696463034362,5.600925671795357,5.6200864833277056,7.071484800222047,7.106782212726785,6.716533586845396,6.036292,5.528437913419232,5.67085216978248
2021,15,2021_15_KC_LAC,LAC,4.0,DST,3.5283242834746016,4.723778,2.5586726310890686,3.1780241792242823,2.767911188947099,3.687965511352548,3.342380217491137,4.217084803786779,3.3058373953482687,4.313892918887525,4.186590254083643,4.091885757942771,4.41142830842184,4.353189867883957,4.112129740740701,4.046389435234199,3.895032401332488,4.440332904634188,3.808469528903911,3.798110552905801,4.178983537708106,4.119782052943498,3.687965511352548,4.440332904634188,4.353189867883957,3.7027518300359024,3.877179376597203,3.62942018294316,3.48945496741051,3.6623504538133935,3.6908898584687866,4.336446915993942,4.269288565031667,4.375579142825884,3.9163244,3.924507572879867,4.185264925589696
2021,15,2021_15_LV_CLE,CLE,7.0,DST,5.76291384325051,6.999824,4.861642434172449,4.65649646671353,4.96446956929714,5.401410376277356,5.70911599067006,5.888847245737396,5.660440953496581,6.100250811882736,6.452913157807117,6.727187948800512,6.643418729272921,6.63081516392356,6.398406175143816,6.69089949757687,6.823311194628088,6.905562262806866,6.196179061881883,6.7408699395131775,6.454836332955988,7.346511204047621,5.401410376277356,6.905562262806866,6.63081516392356,5.944141497352647,6.125369151454785,5.878630006750231,4.96112462604595,5.963834720151235,6.043957899710618,7.002709074165651,7.1402572916182105,6.792424514721883,6.734264,7.418512859300698,6.315075862795231
2021,15,2021_15_LV_CLE,LV,1.0,DST,7.199471644801885,8.338559,7.8337917235449375,7.37416523468001,7.787570766514822,7.925273922815002,6.772084543673816,6.815966979974311,6.825548991822747,6.500611752991735,7.643516630764284,8.224444899203498,7.721213892283583,7.831032654060882,7.701206499849954,7.5711305554809245,7.75960740438081,7.603946379132052,7.091900282848951,7.77985448641058,8.058874365479426,8.687880200745223,7.925273922815002,7.603946379132052,7.831032654060882,7.181355149276016,7.163238653750147,7.328851934124523,8.103750681221525,6.874064322264714,6.7727081875004265,7.661251793502247,7.736567500590134,7.467152126690109,8.098443,8.963137817546697,6.5144296516150515
2021,15,2021_15_MIN_CHI,CHI,7.0,DST,4.06986495169412,4.88177,3.620432054573707,4.312577050922396,3.873679531850677,4.164391455842383,4.147183478809707,4.1025831938414825,4.132059431951466,4.241344975955614,3.4999853110213817,3.599509300386678,3.669362311762188,3.757111697442376,3.1205753880368814,3.419026010844346,3.052045813551876,2.958368028096805,2.820856398812648,3.6963189631281614,3.022655261247997,3.130349423249898,4.164391455842383,2.958368028096805,3.757111697442376,4.080094570380184,4.090324189066248,4.173838537406154,4.303241205962562,4.337633624563754,4.345081127141529,3.055894463453993,2.899443164292156,3.7041079530230823,3.6970992,3.865243788188443,4.649928481991754
2021,15,2021_15_MIN_CHI,MIN,15.0,DST,7.344801392018848,8.0054865,6.58754961794127,6.715815122363746,7.091563584036476,7.022108798646476,7.202056774493738,6.99168409038617,7.210568389887386,6.99514047327949,7.616593679778239,7.621460581009924,7.465415562327413,7.517131949721357,7.6979553734412445,7.5594669015815965,7.127490913710735,7.48008018094324,7.149068833942895,7.719814556278668,8.076138565906131,8.696991425856107,7.022108798646476,7.48008018094324,7.517131949721357,7.172898460698057,7.000995529377265,7.463907290279602,7.177067875165657,7.344911762358459,7.3201474296411355,7.174098996160737,7.296264926094913,7.619424351766315,7.4328895,7.6897622819878935,7.088917148680786
2021,15,2021_15_NE_IND,IND,14.0,DST,6.033747889154855,6.570667,5.846825935827429,4.601875627425025,5.560307715207443,4.872967462640556,5.604985945748073,5.866146848661813,5.584564686282906,6.073343456020097,6.210241484564881,6.5699380377755565,6.5949245470029485,6.524474931126695,6.894297393254891,7.406567560702428,7.0726796576912125,6.830764475826226,6.613111707741384,6.849124590160755,6.257084798271333,6.864955564348401,4.872967462640556,6.830764475826226,6.524474931126695,5.994695430193718,5.9556429712325825,6.1456540117222325,6.036644779498518,5.905428587750209,5.932093217852851,7.060144571306981,7.326671838506837,6.433138917554397,6.5143104,5.938054539566549,5.783298518369113
2021,15,2021_15_NE_IND,NE,3.0,DST,5.373855942303937,7.0169115,6.061909522104663,7.850295222517961,5.747063379920812,6.541568583957737,5.300346501700477,5.574293926489004,5.307777552132974,5.522031432685543,7.0354452482505785,7.12228763916192,8.586006102308893,7.960197076274749,8.753972919269984,8.037413074299524,7.693431111889764,7.981140551746956,7.946493544282704,7.520637066707164,6.494999207624571,5.385385449278697,6.541568583957737,7.981140551746956,7.960197076274749,5.463846299824478,5.55383665734502,5.486712999723995,5.72435854820276,5.334739828165443,5.335082843056587,8.18976806822839,8.011774027306636,7.857854136109656,6.195353,6.30798313819247,5.4616183183062414
2021,15,2021_15_NO_TB,NO,18.0,DST,3.2107626432740832,4.31542,5.011771270393474,8.467376492130725,5.197689415945344,7.898718551477938,4.826081310532098,5.830201413243566,4.848669791399406,5.37809405942458,4.252888202871979,4.237796492728713,4.254750189627385,4.341818462884928,3.868670225621296,4.143622609693834,3.77957197457081,4.530064033238293,4.287570596575019,4.296696942987676,4.341609264559708,4.505443206345008,7.898718551477938,4.530064033238293,4.341818462884928,3.3073682650463367,3.4039738868185907,3.313492808003244,5.740243869381079,4.846981264441062,4.790519730647361,3.9521066363920223,3.847810499303321,4.228404528050883,4.165159,4.258259228990695,4.6381560296301085
2021,15,2021_15_NO_TB,TB,6.0,DST,8.45965279702035,9.447239,8.551049208934728,7.853995362422218,8.538716605099966,8.853028463688172,8.304621933399462,8.394239841946975,8.330063738704016,8.146874644566738,8.107097608159563,8.77841406444711,8.207475550683997,8.472059481488492,7.061753942968245,7.7843949340034,7.596881638336981,7.766828067907522,7.753341592279503,8.152388877601606,8.110561716898385,9.587554118017971,8.853028463688172,7.766828067907522,8.472059481488492,8.398094169666825,8.3365355423133,8.594959828278881,8.260454362498479,8.004592737265575,7.9651523625499046,7.3512549213580805,7.495643259908242,8.432473024804114,7.8773,8.927702688007578,7.919519015778546
2021,15,2021_15_NYJ_MIA,MIA,9.0,DST,8.693225860310504,9.836898,8.245315613438688,8.342399774391756,8.735488196303134,8.405754512194195,9.07011926378746,8.503068061213952,9.067055821667456,8.56510364289952,9.126481490725832,9.220169046773128,9.02022691173819,9.084786931682126,9.484493766072015,9.065287853670393,9.45300339492973,8.53198690443735,9.686089167353696,8.720661289727659,9.95590852687615,9.37010654177386,8.405754512194195,8.53198690443735,9.084786931682126,8.609663386615322,8.52610091292014,8.831450380821838,8.331456262574374,8.742776493396933,8.76737386722037,9.155102207067529,9.427573739966094,8.736651223348035,9.08342,8.644693264453268,8.544739874789649
2021,15,2021_15_NYJ_MIA,NYJ,12.0,DST,4.463681245213489,5.1513243,7.213351532412576,8.852838752682946,7.160997275006444,8.696015114480975,5.975072280880253,6.707604008217078,6.0362860967209215,6.157811023991554,5.342856008602814,5.354936385339188,4.983155591609987,5.116354300185548,4.537407329006942,4.640689888998528,4.579252290051727,4.558016343025212,4.887926213391357,4.648871606568633,4.992667002326383,4.9512215451537696,8.696015114480975,4.558016343025212,5.116354300185548,4.6234394775567536,4.783197709900018,4.572776408890933,7.001088778849565,5.85341478782253,5.759768544054428,4.536370651420443,4.840344039813727,5.172874517461591,4.521179,5.443364579806267,5.804433861114816
2021,15,2021_15_SEA_LA,LA,9.0,DST,8.348253654913417,8.292128,9.108110186844623,10.494705144444094,8.841783596361202,9.942662536848635,8.128302744274228,8.539426631166615,8.179738898747978,8.092626658430333,8.158584771397832,8.080946078090765,7.75747034959905,7.686376647768895,7.109115974184707,7.550866120221195,7.143303276466725,7.318600747197447,7.362369939903603,7.293950561554675,7.645856068757288,7.748095608473407,9.942662536848635,7.318600747197447,7.686376647768895,8.14818179983296,7.948109944752503,8.477103894821148,9.318663564586398,8.446226229830534,8.331204416288765,7.189110139733096,7.24686814125329,7.881945921434787,7.8687057,8.119007628603363,7.803772549651045
2021,15,2021_15_SEA_LA,SEA,7.0,DST,4.036208914555877,4.9452896,4.894225810245711,4.856212997631851,4.915992751129901,5.005106676459956,4.831499348390423,4.339632398875134,4.832293105118332,4.274407330601951,3.818388244742872,3.7938041469561727,4.216987163760561,4.188056650465263,4.382538946663756,3.306795430528001,4.042279489462843,3.338456184184132,4.488646301657532,3.0578487895418687,3.413119633187728,2.481821951057666,5.005106676459956,3.338456184184132,4.188056650465263,4.037542164989829,4.038875415423782,4.139872089260378,4.884000873628953,4.72236420900512,4.727343663958956,4.067294010967796,4.10198272445135,4.3861805362131205,3.5713046,3.8700809473856443,4.595193256315354
2021,15,2021_15_TEN_PIT,PIT,16.0,DST,6.350013187129985,7.3670726,6.983163100547909,7.0917925893879605,7.004887944652814,7.199954671836991,6.876441309760634,6.996747768011737,6.885637651804265,6.8707442436832045,7.827756854441622,7.711143480746792,7.414076507141047,7.498972194433461,7.427572065559674,7.3044321293448435,7.747033460829602,7.279625907929556,7.929569043134115,7.4723144077039665,7.0101382029563855,7.338910763644373,7.199954671836991,7.279625907929556,7.498972194433461,6.361490524588728,6.372967862047471,6.467115257541521,6.032162274813227,6.38271106837439,6.403554344613874,7.35580339536154,7.405456284500812,7.504154451430832,7.0472236,7.556836078281814,6.338328094128211
2021,15,2021_15_TEN_PIT,TEN,4.0,DST,5.677666144625157,6.9208274,6.734639666812167,6.76639478422107,6.936653270729513,7.377562640672602,6.827855374436684,7.00627611629891,6.8398430240991015,6.87028436689599,7.410027751941163,7.607195024380863,7.35636111459676,7.280587046521191,7.612873918219029,7.630918238274298,7.642889437346077,7.414099595397639,8.129999396819894,7.525619335555691,7.357373544217314,7.563033331907068,7.377562640672602,7.414099595397639,7.280587046521191,5.8029075278297375,5.928148911034318,5.792827009699713,6.861519802730163,6.6634770269294386,6.643080921826842,7.841482937332147,7.771799899939295,7.241524378025223,7.2977834,7.613040875679098,6.366274060207305
2021,15,2021_15_WAS_PHI,PHI,3.0,DST,8.947844791150482,10.163038,9.33020783618048,9.054953950829647,9.252348882411464,9.27062565110619,8.482472457934048,8.815734540678097,8.519082565712209,8.50879391594093,7.692207991079134,8.226446878731931,7.998288894756591,7.889931210770739,7.775888789495398,7.877149066878293,7.744646564224966,7.795566694922801,8.069343996416661,7.763374263389081,8.304781607163422,8.821828205741634,9.27062565110619,7.795566694922801,7.889931210770739,8.907225922044605,8.866607052938726,9.091176360846427,9.347291264654656,8.640515085438633,8.56578745382743,7.475914767915737,7.6332574722690705,7.993622641951204,8.021432,8.566851809862689,8.392909021301039
2021,15,2021_15_WAS_PHI,WAS,7.0,DST,4.986215191259853,5.700587,5.19097352318222,2.042858198052703,5.084636777161817,3.057582160466027,5.4395489568269975,4.7754803857259,5.41916794451242,5.151804576284848,6.311742779625558,6.154296486283987,5.79492741391522,5.930957213178897,4.700946394135712,4.829815116424436,5.053252555628385,5.009602765932472,5.10409181052017,5.774680906579815,4.898560709801962,4.7769143301352415,3.057582160466027,5.009602765932472,5.930957213178896,5.085473084306234,5.184730977352616,5.0964386879769075,5.510871645582998,5.510367701215336,5.529288400345977,4.528547780667401,4.912606175694537,5.993223433536654,4.8000154,4.478099326229372,5.468536199373985
2021,16,2021_16_BAL_CIN,BAL,-1.0,DST,5.463662391520165,5.6456113,5.896792264988637,6.107138176778797,6.150734556237933,6.188885681941917,6.217404719805944,6.436486123605163,6.219789728068331,6.450446228740567,5.398145951336284,5.748553347583148,5.360649349969417,5.50960467699419,4.722867099012314,5.338966207891192,4.881331959149966,5.454271227392344,4.495347388578386,5.138335082865353,4.587156638448007,4.876863173710395,6.188885681941917,5.454271227392344,5.50960467699419,5.512331748873195,5.561001106226225,5.573229449351535,6.048939214084874,6.378810376331574,6.375980357979437,5.092106089544691,4.980610725949671,5.839596815186274,5.042505,5.390530002446087,6.355611245129973
2021,16,2021_16_BAL_CIN,CIN,3.0,DST,7.749890897195261,8.99245,5.05428600540722,3.9815373848839215,5.818907232407261,4.859985429351216,6.505834897771475,5.574654880466813,6.494490340017497,5.712330757614849,7.887164370142517,7.143832282721969,7.6479468412624785,7.346575177587223,7.917827796915686,7.372726144326592,7.642172478836646,7.542193078646596,7.416166274758801,7.462271223978529,8.596399197879355,8.453913187890056,4.859985429351216,7.542193078646596,7.346575177587223,7.807150723103381,7.8644105490115015,7.881500846308544,6.199856330158577,6.602828203637369,6.599041361143824,7.925721234025867,7.866886416669976,7.505336642906254,8.039768,8.875953612500906,6.700460327842155
2021,16,2021_16_BUF_NE,BUF,5.0,DST,6.0092076390503255,7.0083675,8.040522241362808,7.698213425952247,7.649633573214042,7.396719322767305,7.02241830168539,7.096720375252007,7.04702996781158,6.9678585901521695,6.9431325584540735,6.865152388678283,7.171710842344287,6.881584505405714,7.573334424005829,7.079332972106513,7.220748708184462,7.16697577340097,6.74123808030213,7.171394964587131,6.896858587074024,7.4716233184512,7.396719322767305,7.16697577340097,6.881584505405714,5.908155937947502,5.807104236844678,6.123361955670373,7.7091710116781,7.0705502639112465,7.031533370351493,7.27524931767056,7.161047583653818,6.855671435273736,6.3454676,7.050984500464805,6.417392699378702
2021,16,2021_16_BUF_NE,NE,-1.0,DST,6.301612742813838,7.4546127,6.056203299986102,4.40264009400929,6.338036190850522,5.371646460542813,6.371280055846249,6.219235849446233,6.370701886885326,6.372642597455427,7.375190898040605,7.596235790662566,7.497602190654529,7.631923473812088,7.501773376001612,7.825257375997465,7.754803205337657,7.823542483133343,7.325177161505625,7.427014099211806,7.589288056950774,7.992792824424919,5.371646460542813,7.823542483133343,7.631923473812088,6.395945261505502,6.490277780197166,6.41906627801636,6.758227867820144,6.602182325318421,6.597727469310183,7.333573723336777,7.310578468755513,7.423309926601878,7.3099685,7.323106088141366,6.59676669617181
2021,16,2021_16_CHI_SEA,CHI,2.0,DST,6.818078398500106,6.1073337,7.165940726087297,8.141146569115254,7.190892752322769,7.878380915888532,6.815946197790848,7.391953383616174,6.837763657846559,7.238821089306266,5.50548918598056,5.683897269338603,5.613044893428221,5.663184091608934,6.132158866505348,6.440627002583726,5.914976414413541,6.243707297083002,5.942524542748329,6.700556381918089,6.947995805812894,6.041895075238636,7.878380915888532,6.243707297083002,5.663184091608934,6.676805389854911,6.535532381209716,6.934879939972434,7.116236987910026,7.1442681215814705,7.102764062931469,6.585306415113189,6.312868187972667,5.671650604495769,7.174939,7.1839850007697486,6.626901766402389
2021,16,2021_16_CHI_SEA,SEA,4.0,DST,7.86553090756286,9.23105,6.378907675481496,7.789805700300445,6.965105873081917,8.152386213366746,7.558422808431261,7.302701402605106,7.539194651557826,7.177492000738496,7.37067350799046,6.893132062104942,7.710868379357978,7.0250067690297,8.017856962522496,7.205241104679679,7.676258021813595,6.67952639456086,7.916388939454514,6.370815043894444,7.575391475686626,5.599213842207482,8.152386213366746,6.67952639456086,7.0250067690297,7.741004880495903,7.616478853428946,7.996603140945959,7.157446994947888,7.561150485296788,7.584258280332641,7.399525859219329,7.579723906306811,7.280503956840191,7.5397024,6.751666619991496,7.261767804360134
2021,16,2021_16_CLE_GB,CLE,0.0,DST,4.297550328697131,5.0328298,6.721210369309742,7.1714532801829804,6.37023426846476,6.81638535236349,5.244684609636939,5.646688529000136,5.296147545924149,5.276771186993215,4.044934726080041,3.8516134860194455,4.208513869620862,4.1792511235257415,4.073776222232054,4.338420442484386,4.170672769754879,4.086094103061702,4.087734163979917,4.452917392806013,4.024220713649391,4.140403509605209,6.81638535236349,4.086094103061702,4.1792511235257415,4.463084754475465,4.628619180253798,4.402599745028853,6.397592850134462,5.490764212558474,5.399123409610027,4.403524023766851,4.5662956626399,4.342804049667013,4.583865,4.833942856873391,5.396397272775175
2021,16,2021_16_CLE_GB,GB,13.0,DST,7.340843204076965,8.379668,7.495317408701736,5.991080181949398,7.659081066802782,7.129183506489933,7.540695362642304,7.6953828689452735,7.558738043966027,7.63857000264237,7.716934116862039,7.990865556773193,7.656743957690343,7.769417298267839,7.339650860257842,7.63474373976283,7.284515490093131,7.525253956106896,7.120542909068597,7.211102399212746,7.788923661409405,7.472227409232547,7.129183506489933,7.525253956106896,7.769417298267839,7.253524787873146,7.166206371669327,7.4669947511452355,7.5840763809960485,7.564584755182331,7.539444070904864,7.223352210333889,7.280605064052954,7.581015146794627,7.347135,8.11648379550843,6.773558499076236
2021,16,2021_16_DEN_LV,DEN,9.0,DST,6.184092353143363,7.7172337,7.691399288174839,6.555101633183057,7.574589094358346,6.527690439305034,7.006205404556686,6.47131333370247,7.024708551905565,6.5340011277362535,7.532546347517941,7.098810444531289,7.85384257350414,7.554508391159222,7.296517792657084,7.278624563551296,7.2193077887349455,7.428195037185398,6.977871099007579,7.52575047060384,7.703515557657876,7.527072780651359,6.527690439305034,7.428195037185398,7.554508391159222,6.34421853566286,6.504344718182358,6.304053782503167,7.337389818791039,7.076198782241375,7.055131785883466,7.682302858950952,7.774265137397304,7.4670850938716224,7.911987,8.24099009708612,7.0676117085929695
2021,16,2021_16_DEN_LV,LV,6.0,DST,6.216676185321573,7.2709885,7.395616949690772,8.20401021006847,7.145143282821021,8.085882039441714,6.31774004536195,6.58247655279765,6.360145748514044,6.199005531685148,6.49358563469402,6.511635741049625,6.453494728134024,6.555258755091375,7.720768563645515,7.517966466370085,7.075551366826401,6.680916799109369,6.79394290487424,7.251915540388325,6.373477020887432,6.569868248243784,8.085882039441714,6.680916799109369,6.555258755091375,6.218788898933173,6.220901612544774,6.335778150048032,7.95523431755179,6.712915311346949,6.614102054475423,7.693227211014182,7.473378406441182,6.6291167270178235,6.967072,6.622391767679292,6.2063563242410025
2021,16,2021_16_DET_ATL,ATL,3.0,DST,7.272312575625964,9.07999,6.288305690759124,6.20207220416164,6.372122578189725,6.565187869265572,6.482149035866903,6.520502583384172,6.497254708115247,6.384071610925852,7.077426052619157,7.338822443284117,7.321899683673966,7.423794855622332,6.694349238829143,6.520032517225771,6.303340491117632,6.790543586695222,6.166625094240288,6.830221022602574,6.433043137152521,7.8749619379543505,6.565187869265572,6.790543586695222,7.423794855622332,7.32194206585168,7.371571556077395,7.40654689174868,6.1840297384568155,6.561778847569316,6.543414756282401,6.810332573430471,6.883600952839498,7.078498283779204,7.178319,7.014340425055624,6.725548813413186
2021,16,2021_16_DET_ATL,DET,6.0,DST,4.049140266302219,5.7331514,1.592828510223003,2.1820249917081416,2.6178075605577567,3.1486313534653583,4.421918079501593,4.783765752945058,4.354720291959763,5.094944004372938,4.712141706058056,4.560178414213004,5.057423975332592,4.971587527299693,4.343581154617803,4.446211665669822,4.5373025787301735,4.30541513326972,4.427347626172336,4.344113276438126,4.397810053277623,4.337307461742153,3.1486313534653583,4.30541513326972,4.971587527299694,4.149906155410377,4.250672044518535,4.157464386632997,2.824034350071268,4.531190290855827,4.639931210110572,4.297608334096797,4.871094988336533,4.856592086737916,3.9554145,4.220294879100322,4.619116556850281
2021,16,2021_16_IND_ARI,ARI,2.0,DST,5.849705922317569,7.112996,7.396215411458667,10.511684535146223,6.6178077274199545,8.024588441142367,5.508071807255121,5.728042647508716,5.546542068510357,5.438226498114892,6.118746393653291,6.360518889425137,6.270946171133096,6.417348606395612,6.940091265489784,7.0646850971552535,6.679966292701475,6.8782500681595655,6.195518000223892,7.112231312059272,6.488340248628696,6.718186933504071,8.024588441142367,6.8782500681595655,6.417348606395612,5.8327809018038295,5.81585588129009,5.963196336665967,6.757303032823279,5.34972240834287,5.289382733175321,6.683652511399271,6.420984102675366,6.328489182852611,5.79403,5.993594336439151,5.775133284022986
2021,16,2021_16_IND_ARI,IND,3.0,DST,4.322516387977564,5.7742605,4.236226521796004,3.7902992829504862,4.563531589450493,4.276777124489135,5.460935799072111,5.308755491821724,5.412844961658408,5.650588598360203,5.584140590621858,5.670940295648747,5.959702732770904,5.72663367208101,5.085930132439205,5.566631049380059,5.328842132595713,5.149716834598882,4.868494551240397,5.538692683969508,5.232433888215716,5.297174160988575,4.276777124489135,5.149716834598882,5.72663367208101,4.417836293407676,4.513156198837789,4.427446091804311,5.116066418757827,5.637464332803078,5.699609169633129,5.2794836009950075,5.253352593075778,5.831189502269553,5.456973,5.000702034146391,5.215228228903651
2021,16,2021_16_JAX_NYJ,JAX,3.0,DST,6.222556291861434,6.8487644,7.9500838503450515,7.872129108530528,7.538570946655679,7.665180320634851,6.547429400165361,6.536815112202155,6.578322617654295,6.400849551906901,6.791645071434568,7.0231574308552895,6.465610304784984,6.884912691991456,7.223149821983217,7.149986956414876,7.146096036183891,7.149306399156364,7.069433354465561,7.015965184184027,6.029767805535935,5.688927215244775,7.665180320634851,7.149306399156364,6.884912691991456,6.28627809281241,6.349999893763386,6.338277133078864,7.812093024379289,6.630484468243892,6.578176187657562,7.313069839261262,7.170493779405575,6.670708654306595,6.346558,6.240024675493092,6.500422964005154
2021,16,2021_16_JAX_NYJ,NYJ,9.0,DST,7.164597208775521,7.9643774,7.012952628462774,5.212001299951727,7.0023231930877,6.010465287581257,7.09141253957285,6.553779329294822,7.082758353523667,6.719843539654661,8.149473172951332,8.08748167261627,9.549705810818732,10.12909320909992,8.674008612472807,8.339902761213795,8.151976375647441,7.6844138055070035,7.762812577102885,8.73711063918909,7.368186352438665,6.572846384838645,6.010465287581257,7.6844138055070035,10.12909320909992,7.141961515181154,7.119325821586787,7.289914199200059,6.893410118543186,7.367571740035748,7.387948042936717,9.68868666940853,9.660997829291315,9.22854080676139,8.628565,9.12341345506545,7.20510339922965
2021,16,2021_16_LAC_HOU,HOU,12.0,DST,2.5070110175501297,3.7816346,3.087207125888592,3.750359941742865,2.869009637795054,3.780354947897828,2.939173565356093,3.3437379055811336,2.916430160555338,3.333773462480205,3.42837274011802,3.566051783671807,3.581890267105896,3.637008828380228,3.588235593730537,3.3247083129461763,3.9202121077336143,3.68718008989833,4.1832504974525175,4.175856602921305,3.558883599528667,3.648420487471408,3.780354947897828,3.68718008989833,3.637008828380228,2.7316749786878574,2.9563389398255846,2.607101644606583,3.542528715244611,3.1348703037791124,3.1495400905203383,3.547258975003834,3.7425150443566904,3.696574011987057,3.8209612,4.594677853533394,3.669605600890362
2021,16,2021_16_LAC_HOU,LAC,-3.0,DST,8.758459237732469,9.8059435,8.83872490660721,8.281315484386123,8.602528870034716,8.230178494468287,7.997618450174057,7.805693529118383,8.033102828511122,7.674623469052586,8.610086157115173,8.820214796114715,8.47668057436249,8.37002845029941,7.913480408771047,7.137392843173648,7.902930172038375,7.527715152046363,7.906254033590363,7.514604610768159,9.528921081524606,8.608203926635356,8.230178494468287,7.527715152046363,8.370028450299412,8.753463817233257,8.748468396734046,8.8995306906258,8.760901150093012,8.18544502852376,8.11414090595274,8.094227294289322,7.9650712424415016,9.023064466855912,10.784158,10.447008621221011,8.304112926268397
2021,16,2021_16_LA_MIN,LA,11.0,DST,6.562408241562875,7.137017,7.586860668008162,8.28836083289488,7.50040179088645,7.798595372050905,7.197618622763742,7.139023478676246,7.21368931812211,7.025042960723567,7.561289649072966,7.9804950910724,7.541173247711273,7.294270321257905,7.063052445889018,7.204450365114177,7.390022497932192,7.396296202530193,8.200864073596414,7.613056947633619,7.314841103804476,6.892067127299395,7.798595372050905,7.396296202530193,7.294270321257905,6.412195878172272,6.2619835147816705,6.675662858958434,8.432303123565957,7.3913337682999805,7.327439042299842,7.629629645744142,7.850814124216541,7.757535558596375,7.5054526,7.9097575152734665,6.597832504717024
2021,16,2021_16_LA_MIN,MIN,5.0,DST,4.886525909659108,5.575159,5.002641546324472,4.729411698487865,5.001993135580075,4.807537451928192,5.167039554479558,4.933981602252214,5.156315103680003,5.005295187505366,5.095324250558144,4.655160106193253,5.070943603857702,4.994246496031908,4.67272923377176,4.624769278904779,5.208080376526853,5.048268213650385,5.075077634719774,4.613796070798094,5.139324028370335,5.564163961981534,4.807537451928192,5.048268213650385,4.994246496031908,4.909507946243024,4.932489982826941,4.992454739635625,4.573233352998071,4.896666423505197,4.923784421641013,4.935764867243001,5.530830319670572,4.807095046749645,5.0935645,5.639821594153228,5.1120937900457655
2021,16,2021_16_MIA_NO,MIA,25.0,DST,8.16326448029295,8.951341,9.132008165594796,9.68641725329114,9.269823616004173,9.694387970955807,8.690880633413492,8.485857469411856,8.735307558501194,8.231305559217411,8.40915455052041,8.677147570507472,8.293539077555826,8.557720993772227,7.478668012512437,7.881402123190287,7.872212095473547,7.428581064033198,7.929412793934357,8.154497250855778,7.365337151903631,8.079981768423622,9.694387970955807,7.428581064033198,8.557720993772227,8.133864867848814,8.104465255404678,8.30199330753777,8.888163725018885,8.332506494637451,8.27584823673867,7.627384330224577,7.80233596710552,8.25039706282362,7.7144356,7.416121061284542,7.952381817184001
2021,16,2021_16_MIA_NO,NO,6.0,DST,6.522718557408539,7.6126056,5.8043145149234885,6.97933673295557,6.503766043866333,7.876344161984605,6.916411454998383,7.229018469127831,6.9141557361342185,6.987558028443614,7.915765505709492,7.608894926372494,8.220645422182614,7.926263410133288,8.389414545439449,7.485316248305298,8.516781331050662,7.5793081547961405,8.35107102263311,7.52600888250365,8.816953978371211,7.177303504778192,7.876344161984605,7.5793081547961405,7.926263410133288,6.472421781705822,6.422125006003103,6.646419049894482,6.688583810010171,6.725729618961464,6.719602589031886,8.05280347386041,8.09161112829121,7.7737873428766155,8.248247,8.704206662615285,6.213568332315727
2021,16,2021_16_NYG_PHI,NYG,0.0,DST,4.655512833077788,5.2148433,4.170501144867277,1.9140293643813573,4.107304364638991,3.017298258621894,4.683558998584468,4.18510359170384,4.645248922417796,4.470129342264732,5.606848360266241,5.519431196861793,5.307059867388834,5.172698645440176,4.250288387880325,4.038650137294514,4.595212529424679,3.371980506648918,4.5542994997294,3.975976842112582,3.40320718832828,3.499107873168466,3.017298258621894,3.371980506648918,5.172698645440176,4.732480710260435,4.809448587443083,4.762328687059456,4.404433594032124,4.625332265324335,4.67076654735394,4.357416381643313,4.04928720451883,5.184944848875591,4.154976,3.5445941015199125,4.746686576356762
2021,16,2021_16_NYG_PHI,PHI,16.0,DST,8.906826392448394,10.12354,10.175872801737023,11.73633281858648,9.210576988322186,10.08046467119975,8.426396921451257,8.952528181126969,8.438773343946323,8.798151873301448,8.183113917258426,8.240798324867594,8.464079976689415,8.462968094674103,7.875724448189868,7.882658441272552,7.596156446598083,7.781833610339635,7.866120734084419,7.427461073828679,7.79060677628364,8.089224609930985,10.08046467119975,7.781833610339635,8.462968094674103,8.868298918378077,8.829771444307758,9.049955875491186,9.436539303659835,8.689495114596061,8.664178765747415,7.8629906472178135,8.448974749368752,8.239172138594052,8.63311,7.978089592832046,8.571878144948254
2021,16,2021_16_PIT_KC,KC,12.0,DST,8.517437134206343,9.486737,7.367494980276128,5.875148178468316,7.916863332159529,6.819700124559062,8.223529480317449,7.7435220012229795,8.227100203453533,7.873776943952514,7.957280954242149,8.394542717407319,8.317359545550936,8.559573177652014,7.665488602313928,7.520870932653713,7.672204474953476,8.187647085441302,7.71026800358576,7.701277349573029,8.65730097272432,8.17833816249672,6.819700124559062,8.187647085441302,8.559573177652014,8.438111791652128,8.358786449097915,8.653385417959074,7.000791789489664,7.696379419637039,7.716147292781866,7.534085295907511,7.866178527232162,8.135290114718478,8.714627,7.675533720947219,7.847985884212548
2021,16,2021_16_PIT_KC,PIT,-2.0,DST,3.67879198191855,4.801163,4.463977551283643,4.764630706377146,5.031272711563707,5.342864046085305,5.099268489468048,5.395904369031419,5.103071339009369,5.323290209282751,4.375121418206583,4.3295352048363736,4.414849989288952,4.255768187729521,2.729691979225585,3.023655952329162,2.637729139031856,3.259680079032435,3.567266545288601,3.898980321890751,3.047904860201576,3.913951004880064,5.342864046085305,3.259680079032435,4.255768187729521,3.8569699068346126,4.035147831750676,3.7826726935949346,4.617773014149812,4.893346691640012,4.898145247694702,3.192813887517385,3.1004823857409227,4.366435246932115,3.898515,3.1338847484530965,5.332005605097022
2021,16,2021_16_SF_TEN,SF,5.0,DST,6.430352129555143,7.662258,6.203624556123187,6.494395173564536,6.373734114092772,6.31625467107165,6.785543579988578,6.467140291461141,6.771749124114912,6.612364945651653,6.860012166469788,7.10253915004816,7.220198348389537,7.292436997884536,7.023587951339347,7.205550121582967,7.74624417627805,6.763999815582585,7.399886759352832,7.846642198289813,6.2656701086079325,6.8307876957551965,6.31625467107165,6.763999815582585,7.292436997884536,6.4851907989046556,6.540029468254168,6.547158588988157,5.811149726080114,6.533542395542733,6.58436269593573,7.28229718183404,7.103153182095104,6.935068938925711,6.418098,6.543322753508109,6.569099396264669
2021,16,2021_16_SF_TEN,TEN,7.0,DST,5.106413073918023,6.1004004,5.905816415712621,5.220539201003339,6.135054056636554,6.039420977725682,5.689274160859746,6.047859177646538,5.707209366388864,5.988409387627655,6.803273810123514,7.013817442719534,6.308759389071071,6.565634926515728,5.947736389662127,5.96643561083472,6.221984400439431,6.323964545822138,6.148894774103224,6.433656265299815,5.534791967057536,5.831956173883019,6.039420977725682,6.323964545822138,6.565634926515728,5.259750652844922,5.413088231771821,5.216802610158968,5.969079033033205,5.55589492680615,5.538651444207136,5.833632739820391,5.793316356626068,6.349985706308819,6.187243,5.752014684701274,5.488671495975776
2021,16,2021_16_TB_CAR,CAR,-1.0,DST,3.7015906738077344,4.4905005,5.120182734216294,5.751136886655034,4.741037817714536,5.323807910211052,4.615453059621565,5.079602461871223,4.606487431319327,5.063399741723138,3.925513559734166,3.984915285007336,4.043852967113224,4.132219391939825,3.99313142142718,3.962385378404998,4.106071000599336,3.936845333166596,4.354686082269119,4.162410140658551,4.418028389734316,4.291082294331218,5.323807910211052,3.936845333166596,4.132219391939825,3.8550594118216495,4.0085281498355645,3.8052342739424683,5.7965829100590565,5.140038299381478,5.1100345817322985,3.964794028151104,4.230195206605495,4.176449175150552,4.6429267,5.401480305253754,5.129790220150342
2021,16,2021_16_TB_CAR,TB,16.0,DST,8.615190146837545,9.622319,10.633159014154067,11.418368384966248,10.624772349294847,11.452980756574206,9.785785910112878,10.073042997612554,9.834712846733645,9.607377080270066,8.691563665824015,8.654026927256705,8.630047616795666,8.633427842029434,8.359157082753999,8.546625253498519,8.695895231520705,8.81762854074956,9.279430890381196,8.998696688109717,8.69080188553552,8.988206544578672,11.452980756574206,8.81762854074956,8.633427842029434,8.442305753692512,8.26942136054748,8.74918791707392,10.343822386404442,9.515817134206495,9.444369131891957,7.874627856445674,8.081512001343157,8.502385456445014,8.220794,7.219831475651725,8.775482354326533
2021,16,2021_16_WAS_DAL,DAL,24.0,DST,8.2060707542024,9.224116,6.8577099529431145,5.470867669675667,7.780506311027336,6.834174038112496,8.338423007805826,7.918609446737003,8.339925576676688,7.974911681156424,8.402783988260854,8.571305651135766,8.775484203609043,8.649212303699542,8.411304944682016,8.86843684847926,8.543462771447782,8.325821989143545,8.426784201237322,8.6947201072324,9.63491481605351,9.030711013310762,6.834174038112496,8.325821989143545,8.649212303699542,8.21167241611496,8.217274078027518,8.335580344900956,7.339853622415333,8.165702718684626,8.168593971178927,7.959452217271668,8.319811976732478,8.58800379066429,8.230446,9.217007347088131,8.072306024372004
2021,16,2021_16_WAS_DAL,WAS,-1.0,DST,3.764229644394608,4.5385427,4.62884961677247,4.391724748858543,4.800272353912785,4.553016927340507,4.943474860308994,5.015116851735526,4.925582544324716,5.22720332145108,4.562887002565232,4.627334609678544,4.704686422216788,4.723760294965175,4.955249516859801,5.12726062104425,4.391309942721028,4.842769816916386,4.998502458773854,5.239042755994831,4.700299430986224,4.287128553279299,4.553016927340507,4.842769816916386,4.723760294965175,3.959372872680054,4.1545161009655,3.868236478796448,5.132221708763398,5.017711220300014,5.038114024621621,4.899634847257456,4.940796103577728,4.563369914267176,4.663364,4.930537495889746,5.182349962626618
2021,17,2021_17_ARI_DAL,ARI,3.0,DST,4.097470639708551,4.1179295,7.551633058017164,9.18671501961125,6.713074930733559,7.701948464640732,5.33126859266598,5.891121708829699,5.377086862891435,5.58222551080197,4.442605182614312,4.547457397567049,4.393194513830683,4.633783844783117,5.117234001914416,5.527406486472897,4.608475520043897,6.030254732218553,4.894576290534464,6.148915594082595,5.119728227607723,5.709092646185457,7.701948464640732,6.030254732218553,4.633783844783117,4.2092303841847665,4.320990128660982,4.198112883259356,7.317270033204115,5.5180090731441975,5.421829294544205,4.885789755986963,4.794259633812204,4.550129194147746,4.9717054,5.291846263891897,5.4987977121663905
2021,17,2021_17_ARI_DAL,DAL,1.0,DST,5.335240833333435,7.0185223,3.1833748875838355,0.1097927054898546,4.342019175478267,2.0847581260017654,6.130188982340151,4.983597767096716,6.067314915693602,5.638569080440596,6.335348749496461,6.318319917064843,7.354061861013959,6.8076875816051965,4.973602275743883,5.490178800154366,5.799262315906271,4.991526094353221,5.465978605172998,4.638467382246122,5.021127377132447,4.739070806631181,2.0847581260017654,4.991526094353221,6.8076875816051965,5.429941061180529,5.524641289027623,5.442998902508734,3.918514042399668,5.8673358688689365,5.971397402620757,5.225900984562786,5.733270642844128,6.835156548079353,6.1591005,5.757225996143129,5.968987004029664
2021,17,2021_17_ATL_BUF,ATL,8.0,DST,2.480325598707783,3.5825331,3.0926942247109523,4.78258441822798,3.0045780682280485,4.5307034452541455,3.169360472056196,3.819036372154193,3.1549266478685287,3.722185029317087,4.071430053669504,4.10703734159891,3.971381933614862,4.071611317547745,3.594035204523119,3.1989298752311788,3.5245622334316598,3.5332452336723144,3.9929287779709095,3.535808257765558,2.3814269818750144,2.799744969214883,4.5307034452541455,3.5332452336723144,4.071611317547745,2.7276893844769305,2.975053170246078,2.580334498652209,3.5858396362214666,3.4217837599153245,3.425478650165693,3.686067149760685,3.504196864959821,4.020462962817287,3.7253973,3.8793506045783874,3.8741157249688225
2021,17,2021_17_ATL_BUF,BUF,8.0,DST,8.347055987186689,9.829965,8.535824910237524,10.216172892595427,8.76634365001164,10.279425071616773,8.657140342001428,9.775869533178277,8.685679275651323,9.33887280223706,7.71548147920064,8.013047909111327,7.864075642279483,7.943761623799942,8.505651290830459,7.718517147460809,7.592732158037937,7.656397058781363,7.503164430186065,7.61059304223852,9.336230289058198,10.412119154943491,10.279425071616773,7.656397058781363,7.94376162379994,8.222146470871929,8.097236954557166,8.481499150113807,8.796845584075932,8.87400381022364,8.829190225084373,7.831657963670802,7.950808154667694,7.852352735324429,9.540606,8.669112535218076,8.273834193108438
2021,17,2021_17_CAR_NO,CAR,3.0,DST,6.598319713790766,6.8076553,7.19756404652464,5.70137956661644,7.033473297784367,6.584970632749283,7.082495076285129,6.817654231780235,7.079673934114651,6.873045423266482,6.400131824512541,6.318126583806112,6.598035090172896,6.600694479245968,6.36347708512313,6.247453172978393,6.257988483663866,5.860135280145259,6.189507063165918,6.060584824463353,5.086376023949008,5.1865848408498,6.584970632749283,5.860135280145259,6.600694479245967,6.671404024490336,6.744488335189906,6.719129102287212,7.701300342675452,7.316713285447373,7.289551005370209,6.287687820276719,6.194372427466574,6.447137211127188,5.966986,5.457006929338243,7.375753570746742
2021,17,2021_17_CAR_NO,NO,15.0,DST,8.760792002017718,9.931372,9.359335523023557,9.304436254259375,9.573789465055295,9.603290560580248,9.286756180403469,8.70380789877007,9.3073312751113,8.529370941850077,8.672684285314714,8.417061845081815,8.799426722537543,9.073036418298097,10.166290985883922,9.150481132669904,9.672031751057707,7.970592101814507,9.582925359893984,7.822669917850892,9.426150753324553,7.276685058738842,9.603290560580248,7.970592101814507,9.073036418298097,8.645457082169614,8.530122162321511,8.903780846144267,9.61936473902551,9.137864810266864,9.106869865352541,9.347139917931173,9.68133017383343,8.637085356587981,8.584764,8.7089783664052,8.469426114551624
2021,17,2021_17_CLE_PIT,CLE,4.0,DST,5.8968190930726765,7.4546127,6.111055611726275,6.185394005322772,6.398737810814933,6.758744568564755,6.5797739063185015,6.7896524310199045,6.574557812300139,6.74357235807914,7.142277199405336,7.378655687499798,7.479942378292717,7.326661461422705,7.637777416537523,7.4132958975877905,7.1998960359110455,7.526693360585807,7.085372934872847,6.949141590775211,5.6222117163123775,5.539824925296634,6.758744568564755,7.526693360585807,7.326661461422705,6.036968851310452,6.177118609548229,6.014927948109487,6.199051533520292,6.657450403055992,6.6648348703545395,7.735900463504335,7.871545359436479,7.182747908093955,6.477018,5.581387128631029,6.643144333848682
2021,17,2021_17_CLE_PIT,PIT,14.0,DST,6.751647529799559,7.0083675,7.322001812242554,7.337398012419644,7.402314259523095,8.028989423367538,7.210634696818273,7.686395493848755,7.221867153858655,7.472158245025256,7.4901729605487075,7.194796987282289,7.217181372220599,7.064112749386192,7.472893362201153,7.375694848708087,7.552154196672788,7.270458136640727,7.563581862462983,7.862695364506547,7.629342051385252,7.296270577020686,8.028989423367538,7.270458136640727,7.064112749386192,6.695391694538789,6.639135859278019,6.8687097124489895,6.741365838874927,6.884868525147928,6.8844171408257715,8.035996132150817,7.543133657525674,7.243898648701279,7.1816826,7.937844104220432,6.676585418626551
2021,17,2021_17_DEN_LAC,DEN,-1.0,DST,3.467367881939193,5.096349,5.182647403582161,6.342626301391472,5.007614687844376,4.95419344422277,4.526343408846048,4.11983308038538,4.5317475213112,4.199291273496858,4.700884814836096,5.190983059869478,4.621044330858521,4.91088615427958,3.0025240672392437,2.2008474493481014,2.8681962503793947,2.4095517375124977,3.2891081801145075,3.0467849839137213,4.007012914610703,3.7063010615441936,4.95419344422277,2.4095517375124977,4.91088615427958,3.5795467195487127,3.6917255571582324,3.570426770841066,5.087176230949574,4.589372916886825,4.581271883031887,2.8172204947295656,2.914583229225035,5.050693119142599,4.3293114,4.165997948338559,4.619646983704964
2021,17,2021_17_DEN_LAC,LAC,13.0,DST,7.866852050595419,8.666309,8.411759221468085,9.06288597290146,8.3511237019699,8.688709986746945,7.61646748813352,7.781842154570645,7.671097740046649,7.3932724706474175,7.61279531136947,7.563405956240116,7.475153297559367,7.463085974240441,6.693514439376262,6.606214380233262,6.663769014367312,6.774474539549095,6.09240159284035,6.639593674574089,7.768564764659604,8.138694449780361,8.688709986746945,6.774474539549095,7.463085974240441,7.691376351666115,7.5159006527368115,7.995198534280228,8.62703383845313,7.544260170345765,7.443152836587307,6.96560089205097,6.765752648597329,7.474618479102611,7.5828524,7.902074540101135,7.01011965573808
2021,17,2021_17_DET_SEA,DET,-3.0,DST,5.623586418069105,5.6851096,4.224174609232904,4.991464024885818,4.488792012337774,5.183541494113504,4.943587474013405,5.1454598549180615,4.926910781793124,5.241358256792822,5.134351334690075,5.028765904937984,5.149078299384311,5.070962196107994,4.319795053672628,5.0590241393888045,4.3677561712131885,4.268461669883563,4.3602727089139135,4.9728270859828125,4.8115041779324494,4.36579161279296,5.183541494113504,4.268461669883563,5.070962196107994,5.628831067817992,5.634075717566879,5.737021367733256,5.088776108709384,5.439954729794671,5.443665018353269,4.5560779952638075,4.713802083158869,5.026109787623539,5.263004,5.032389900223509,5.134184906902655
2021,17,2021_17_DET_SEA,SEA,5.0,DST,7.685423442954821,9.478193,6.314930917818994,6.6920111795583,6.382382851755832,6.861520792304375,6.662026548198369,6.4313785989329375,6.646619363886084,6.420288752909024,7.297034020205904,6.772194081381076,7.633304300448899,7.305111195309952,6.757557806247163,6.815429640541751,6.706136256091519,6.4486334947836905,6.709882962580603,6.567013743949098,6.171813714464213,6.651373925742754,6.861520792304375,6.4486334947836905,7.305111195309952,7.668855010111424,7.652286577268027,7.821719907119069,6.1128375309068534,6.585238354951915,6.619282046364374,6.341868097290808,6.649345566387926,7.317838566009782,6.200168,6.520631234760188,6.578382706137541
2021,17,2021_17_HOU_SF,HOU,3.0,DST,3.662096089677899,4.020234,3.458778624568922,3.059263841147316,3.4616278153867244,3.674949477224021,3.770400634313804,4.022318719633916,3.742644212208878,4.165196760116206,4.547466411288199,4.694276137093888,4.224610765921973,4.508215895436918,3.995733136530701,4.075861811718369,3.84368060611149,4.175044410457796,4.768735093871669,5.518235377510468,3.5364013360521698,4.553465527626597,3.674949477224021,4.175044410457796,4.508215895436918,3.859406256383024,4.056716423088149,3.765000421461776,3.34726441245047,3.8562239877276756,3.9149070558495422,4.288647601495927,4.286166410112045,4.409503780632262,4.671504,4.070607138663325,4.236969085280613
2021,17,2021_17_HOU_SF,SF,9.0,DST,9.27778831594777,10.267666,9.227079073997055,8.863995601566545,9.238258221877729,8.972373197916909,8.566594385769283,8.54453364868294,8.609789048994656,8.34422544204975,8.194330574043777,8.347737966097146,8.166314976459905,7.97921642678046,7.744649497552261,7.527364986211505,7.904984899646001,8.028988890843594,7.930160233171242,7.91546667790651,8.54259270303289,9.189064873122556,8.972373197916909,8.028988890843594,7.979216426780462,9.256834263612433,9.235880211277095,9.423374708274862,9.207038592803292,8.733788197692961,8.664424539373561,7.672043348510414,8.083424323655686,8.103094264709524,9.731835,7.872789864927722,9.05215687566423
2021,17,2021_17_JAX_NE,JAX,-2.0,DST,3.4162335578223613,3.5894663,4.682781352801504,5.305387518752368,4.2125813110460335,4.6495880752664185,3.847557805197576,4.133500191703458,3.838100778269589,4.202704729149631,4.525778766982561,4.4310098768789885,4.272189959049173,4.311042609981544,4.661764862799046,5.153194937492682,5.035595921680798,4.843663872984669,4.935253560490304,4.835959115902769,3.8212618078357368,3.7806588369977816,4.6495880752664185,4.843663872984669,4.311042609981544,3.4650905802740715,3.513947602725782,3.5185130741149653,4.168229348348403,3.78369546552006,3.818619739119283,4.698466870003938,4.9815567752195635,4.3361299791651025,4.673661,5.0043085751443,3.833368225683933
2021,17,2021_17_JAX_NE,NE,12.0,DST,9.655699010701376,11.398756,9.242212164588786,6.93386828301078,9.27663611591981,8.13443086770471,8.904853505050221,8.717468336435394,8.930510910612234,8.639078064993223,9.094192328225024,8.658362917006476,8.935744698601862,9.349639680202786,8.270723096191428,7.985553515423163,8.430444942769615,8.378775787930929,7.948643502123505,7.739661602512951,9.374955858897431,8.156795474775222,8.13443086770471,8.378775787930929,9.349639680202786,9.578085975380462,9.50047294005955,9.809112698545608,9.257636302618167,9.08082252158372,9.047325873810852,8.423003978776979,8.180176376366013,9.031178524321056,10.413031,9.960555645388434,8.72110068623035
2021,17,2021_17_KC_CIN,CIN,-1.0,DST,3.808130636320926,5.137458,2.041723717242073,3.841634335806853,2.8378283319262865,4.001771956869392,3.672921680390098,4.373131046768792,3.6409706070896646,4.429981673326226,4.802126170135598,4.96810830288299,4.629681755925409,4.657972361865401,3.0780478533386817,2.24043749705905,3.4491536662553104,2.8201189645159874,3.8447201968710862,3.654376685547999,4.777186296048919,4.65968436986876,4.001771956869392,2.8201189645159874,4.657972361865401,3.9801219835820785,4.152113330843231,3.911085980036135,2.7784251705913334,3.8069534612198432,3.853513070341039,3.150616275213773,4.306224749094902,4.782725692587918,4.918336,4.85829486241098,4.332292580935466
2021,17,2021_17_KC_CIN,KC,3.0,DST,6.409365411056551,6.6993155,6.262407078138928,8.001211524214254,6.692121618403207,7.7086059493650385,6.928356233135673,7.279678676211615,6.927679941182099,7.134614309051752,6.39787890171522,6.236335091192175,7.192820296160568,7.019891200905575,7.536811914681289,7.674819003812471,7.097532292461664,7.395945170387503,6.567442970590351,7.205968176677636,5.493687803747491,6.09846102091758,7.7086059493650385,7.395945170387503,7.019891200905575,6.397371741867668,6.385378072678785,6.518983946482736,6.1803541065009036,6.627114947499691,6.647057068200499,7.823264999625748,7.85239487562551,6.505271227443547,6.947188,5.874627747829645,6.816336300956888
2021,17,2021_17_LA_BAL,BAL,14.0,DST,3.9844093405580097,5.0568504,5.264479567283364,6.483926675615913,5.482128052949708,5.583762846646666,5.34330215947201,4.955864427840524,5.355142256219362,4.9730644240513096,3.3849634399174526,3.6788937295802966,3.7979057742037914,3.97016226187856,3.989750455431328,3.9034013702453434,3.4748121967767687,3.697916235378736,3.947291487496557,3.8860288975192487,3.1954925055746832,3.068562769426228,5.583762846646666,3.697916235378736,3.970162261878559,4.013276090636835,4.042142840715661,4.088488389157277,5.2216175063579815,5.34624375269027,5.335315262774377,4.041094039194208,3.958181065328228,3.6662074309479697,3.644073,3.4955260111483257,5.237295422742518
2021,17,2021_17_LA_BAL,LA,13.0,DST,7.081056160525348,8.180567,7.558764759605143,7.512736934841717,8.005709039995862,7.93882033582557,7.981924314386989,7.850875232690931,8.01137981435495,7.627423836927482,7.866404748453958,7.407827840037672,7.654223809374406,7.527364346904302,7.911573467515273,7.849939139477325,8.024986565267726,7.898799272390558,8.066657328542425,7.780018842475712,7.683668994038632,8.666567835284964,7.93882033582557,7.898799272390558,7.527364346904302,7.063262373440274,7.0454685863552005,7.201260902898471,8.793415177775174,8.152645025265283,8.073682172854317,7.883054369061002,7.897892029845731,7.366179108881509,8.138369,8.501989540299574,7.5501425724023585
2021,17,2021_17_LV_IND,IND,6.0,DST,6.569376105641773,8.602791,7.159648640975622,5.012373171228753,6.922365469787722,6.069266026915908,6.918248857184985,6.9597271694948,6.910004377975819,7.005110575435717,6.975758621429939,6.718286842952638,7.435355241942295,7.220645786301796,6.728858135355217,6.564270339286783,6.278983361996339,7.164364916956955,6.321242613288314,6.804723871335912,6.25979722470925,7.175105453444471,6.069266026915908,7.164364916956955,7.220645786301796,6.698582154191474,6.827788202741175,6.691916834908679,7.252375753233666,7.266332173380864,7.2687012179708095,6.501388288328486,6.878015020294786,7.082128947132455,6.872701,7.690334220819876,7.196109095702221
2021,17,2021_17_LV_IND,LV,2.0,DST,3.612403248704677,4.809707,5.614159351324551,7.381206662144575,5.1674622589672925,6.125727289988515,4.445277199394917,4.54723562101057,4.4740811508279,4.37926159439025,4.515821692460039,4.346100926570384,4.440751950224495,4.2346949694286975,4.466095404380738,4.281770502430369,4.042899984594049,4.453246159499135,4.28035333969286,4.679401239599384,4.071164021475498,4.376660042423907,6.125727289988515,4.453246159499135,4.2346949694286975,3.7173902819382367,3.8223773151717966,3.7171969615225056,6.396058308422609,4.935234973049418,4.8478782267933385,3.735995318386312,4.460576831482821,4.395557947574916,3.9219396,3.4945891026134754,4.79423299168268
2021,17,2021_17_MIA_TEN,MIA,0.0,DST,6.506739876870993,6.999824,6.907551582733506,4.978198560549146,7.187999313389475,5.74392244942989,7.768251417438115,7.028324687567987,7.744569485424094,7.393244438227994,7.84541021256873,7.472126456001818,8.449481244311187,8.057551720807417,7.689787322435625,8.093102853193274,7.52898083387022,7.761507827656729,8.6196665530043,6.907854287344732,7.286740007148603,7.319713630804046,5.74392244942989,7.761507827656729,8.057551720807417,6.568392761239723,6.630045645608453,6.6220883613645665,6.04057182869051,7.301448604254219,7.390626710129225,7.359456815561013,7.1129121298407085,7.957135619864081,7.2650504,7.403636259434488,7.3620027806016
2021,17,2021_17_MIA_TEN,TEN,16.0,DST,7.479338363163198,8.338559,7.279743805773645,7.115698047458783,7.755032775488138,8.395152097883823,7.59821383843183,8.123249598395457,7.62280768136035,7.825348382910637,7.939983835927408,7.901679596041832,7.703455411653455,7.955511441084127,7.88478155721929,7.954484983313702,7.659319006267376,7.669725065488384,7.358087708888398,7.421290602690467,7.705942467035872,8.645984807446753,8.395152097883823,7.669725065488384,7.955511441084125,7.465418719162653,7.451499075162107,7.608119034927366,7.905816586523795,7.490769792357779,7.446279876781893,7.5934040341261095,7.585167514301417,7.437342712227703,7.501486,6.345640017759938,7.186493320415053
2021,17,2021_17_MIN_GB,GB,6.0,DST,9.57715609437484,10.394705,9.8495929756793,11.66288056478736,9.332716125418706,11.07713967243042,8.202915971797767,9.194804204004967,8.258943639628914,8.615360479869903,8.32792547525493,8.117229893619761,8.322000521357717,8.181726939996663,7.105942032397138,7.371014558819101,6.963772688978568,7.304014401450129,7.578055791656789,7.696371432260131,8.912229567676578,9.043891212755623,11.07713967243042,7.304014401450129,8.181726939996663,9.431759455486521,9.286362816598201,9.724176922294777,8.890512485423397,7.932011022529215,7.8538394256155275,7.893688277358016,7.923385035477002,8.222281561847213,9.578656,9.416527248777022,7.646953796745457
2021,17,2021_17_MIN_GB,MIN,-4.0,DST,3.596178920563206,4.593518,3.651888256663848,6.226991557668711,3.701611650857105,5.943293282866142,3.4786622431632592,4.895069454011734,3.481135146746662,4.5852662229145125,3.652000776732741,3.3707073453405245,3.95460059517289,3.8404351940914703,3.10535060648875,3.548549011902223,3.339686496487431,3.519715439858532,3.0475594153288985,3.49107382383642,3.733646537020996,3.912390563137496,5.943293282866142,3.519715439858532,3.8404351940914703,3.81127760533934,4.026376290115474,3.7019173568692914,3.6720781246885936,3.44701806337905,3.4474595096609044,3.3029575373314435,3.6455001188625733,3.835888598610836,3.6157398,3.971132531937371,3.8260565695204956
2021,17,2021_17_NYG_CHI,CHI,21.0,DST,8.639591654174842,10.018911,8.830234585688011,9.696418210632196,8.701530165636639,9.140274215024416,8.314103477860437,8.712170384644551,8.326250808900182,8.595012524953557,7.961304551858888,7.797932776328815,8.940705832895977,8.965178382301456,9.057656471583057,8.741559459799491,8.809123906879824,8.57538358800495,7.651194195304352,7.3615128630829885,7.875132332244065,8.145209786614233,9.140274215024416,8.57538358800495,8.965178382301456,8.689923564854508,8.740255475534177,8.788482557830779,8.845227066805009,8.548186009597742,8.525374044804945,8.78095274088953,8.54776986849536,8.522309622180494,8.382745,8.02844378063099,8.510045921509258
2021,17,2021_17_NYG_CHI,NYG,5.0,DST,6.06185696245291,6.895196,6.1307611367914205,6.34108674400367,6.29965737337109,6.958119386716964,6.276850964924422,6.465614346923363,6.2789885957708975,6.319942004327259,6.298696109118088,6.065180318524807,6.125435530302039,5.788612480832714,6.606940107419489,6.668805876691265,6.820188952081331,6.53034754737993,6.495836378293461,6.950877133528998,7.375976620426681,6.631184367436268,6.958119386716964,6.53034754737993,5.788612480832713,6.109227880277684,6.156598798102458,6.179189951216832,6.5783930876486,6.332784043265752,6.31452662491734,6.531739770996294,6.45164196320391,6.069537567971276,6.58363,6.690140654067787,6.156310941934863
2021,17,2021_17_PHI_WAS,PHI,6.0,DST,7.992380130707188,8.506706,10.3012899774556,10.964655831604825,9.985753147491222,10.44621662955552,9.097362399103842,9.436664423045189,9.139590493758115,9.105976992917784,7.929855037039556,8.329596554902462,8.333605225492013,8.35553353627594,8.038008507647843,8.315222560846522,8.102325998828016,8.20459824227286,8.367261379889145,8.234403504740603,7.396917951874077,8.424245224820472,10.44621662955552,8.20459824227286,8.35553353627594,7.925540927990484,7.8587017252737805,8.117157511967513,10.593041254782147,9.482443397799544,9.383984051582,7.885064542409218,8.006047662418336,8.232311451944954,7.9992414,7.556333886009797,8.777069579368428
2021,17,2021_17_PHI_WAS,WAS,2.0,DST,4.730420118290188,5.6061134,3.3136783311741604,0.9233485668985636,4.013537871916049,2.712647729872298,4.924170251824478,4.4923083166443,4.895015991331813,4.758087467291613,4.949554090009147,5.117990390413879,5.086670456770649,5.013307123931066,4.384848098080635,4.198129277040096,4.514823143373194,4.256703828099175,4.830151631849184,4.27276549529135,5.02397433305198,4.606543203205418,2.712647729872298,4.256703828099175,5.013307123931066,4.806998830254172,4.8835775422181555,4.838304757037486,3.9941693652240535,4.712514290490171,4.756456805622642,4.188951559679095,4.321692636461343,4.944179600537483,4.345806,4.5797542160109845,5.027826661743761
2021,17,2021_17_TB_NYJ,NYJ,2.0,DST,2.48131059046428,3.2083511,2.1587029895202416,2.93009852001722,2.42419258352586,3.2719681812325945,3.19163626995181,3.3660848191281825,3.155977627418229,3.475624461203886,3.2049216003458723,3.19448100406093,3.365497547224318,3.3501205800345635,2.780344440183538,2.944556279574177,2.982947978996933,3.222825934927472,2.585872625301781,3.213269314026975,2.999935506818728,3.109083290643195,3.2719681812325945,3.222825934927472,3.3501205800345635,2.6169354628601593,2.7525603352560384,2.5800057094069313,2.9777159605256442,3.427488710537729,3.4637618519946463,2.919086023756625,2.9221545898540033,3.473420402833322,3.392492,3.7831576479861586,3.8291326633484393
2021,17,2021_17_TB_NYJ,TB,3.0,DST,8.852412536275041,9.6789055,9.600434667464668,10.39164603420397,9.55049143321731,10.295054495364685,9.2723879776678,9.60641716475171,9.29530027387197,9.349161335008931,8.956685980637618,8.89682457596977,8.991625853268937,8.99248331030429,9.5866646293424,9.484731190164997,9.915780783643957,9.717975084223422,9.603147798913856,10.282133060696458,9.30104441948552,9.188853799855943,10.295054495364685,9.717975084223422,8.992483310304292,8.757700846437832,8.662989156600622,8.984319382460344,9.490695378877318,8.99294558190342,8.955173985315398,9.371232618463099,9.646217698230325,8.915609527423541,9.123838,8.78106257340747,8.758132712552065
2021,18,2021_18_CAR_TB,CAR,-3.0,DST,4.0072544815053295,4.864682,6.613390569462145,6.128508311291052,5.920103854460988,5.6918739678037,4.937998271251265,4.878727752545957,4.98099093889401,4.612628716307525,4.682154428753346,4.453654138123786,4.641450002457403,4.630262087304648,3.71112953186748,3.400648916864066,3.9886807141014153,4.098860158519088,4.103714551795613,4.210863782072658,3.4105205233664497,3.635493078840642,5.6918739678037,4.098860158519088,4.630262087304648,4.108808367174212,4.210362252843093,4.11304374766993,6.916038497016695,5.402897343256093,5.2915649454005385,3.583915120462116,3.7993887107549487,4.746918916049514,3.9665155,4.171045531938618,5.196423058037979
2021,18,2021_18_CAR_TB,TB,7.0,DST,9.314272556543663,9.773378,9.152347131028348,10.001281262113055,9.29206420490515,10.307604344795848,9.528383084975143,9.72669047393347,9.52980571067243,9.56416173460977,8.808450012506686,8.962264851811778,9.027068720382198,9.304003280427612,9.188171441919652,9.407967671843968,9.206661531241515,9.590137913194985,9.508890699923343,9.98552749097643,9.377308267048614,10.095983895091944,10.307604344795848,9.590137913194985,9.304003280427612,9.179281241449928,9.044289926356193,9.450740489094509,9.283107499122709,9.344029930256278,9.341251896309512,8.449584486463484,9.09406822134505,8.964212580220801,8.919509,7.165169409055331,9.226752154640467
2021,18,2021_18_CHI_MIN,CHI,3.0,DST,6.1350958909266105,6.1004004,6.543097503475649,3.466477228497696,6.628103892351285,3.986880609731904,6.536851077081714,5.68716524308301,6.542374264581339,6.119522945878915,5.801500647808575,5.685401488943444,6.062535572159269,6.066362118785349,5.151555648256158,5.2640432298095625,5.2200954030617055,5.334031466115833,5.00899570634524,5.387594596552912,4.784584414025479,5.109274673351365,3.986880609731904,5.334031466115833,6.066362118785349,6.104530944112304,6.073965997297999,6.24555069849607,5.838051226901164,6.255444879993213,6.290100617706049,5.209217336332365,5.441120522824639,5.917436958739922,5.462041,5.555019449867151,6.2686244374665625
2021,18,2021_18_CHI_MIN,MIN,18.0,DST,6.3396530864439615,7.662258,5.071022134043115,5.25313873107109,5.746632900434212,5.8816137095458965,5.9383157683441965,5.816431456180972,5.940435004942125,5.747592605620736,6.550739653507469,6.387496738654226,6.417348898265334,6.448557947462873,7.298565992311728,7.1933162982256365,7.564496729974714,7.1182122115362345,7.21872178622495,7.057328168189784,7.136784451771086,6.82640047180263,5.8816137095458965,7.1182122115362345,6.448557947462873,6.312427293184572,6.285201499925183,6.457665558119069,5.565393687705634,5.716028670787801,5.7130044271642095,7.254471394999361,7.715226937319098,6.683236757445115,6.737837,7.397017321067098,5.761589611248641
2021,18,2021_18_CIN_CLE,CIN,5.0,DST,6.205687855271135,6.7441363,5.567320079139614,4.844362072738855,5.858727499783395,5.751456745331521,6.231158274291473,6.170660704901574,6.210668732623352,6.3637675588062095,5.6143253802802455,5.899788502133516,5.791030699319112,5.815643632828721,6.382052473283984,6.532987632064632,6.462612093610154,5.863767427796806,6.583894817287933,6.558492678169332,5.985859995445076,5.965609581030252,5.751456745331521,5.863767427796806,5.815643632828721,6.2447440874009414,6.283800319530749,6.324675186751605,5.870443792347933,6.373076908477149,6.404525983925936,6.445828729367927,5.910585334940925,5.7320257355259105,6.1203823,5.88598372385332,5.967290275249152
2021,18,2021_18_CIN_CLE,CLE,5.0,DST,8.677128879645744,9.64473,11.013769489097037,9.270657740430602,10.064750676768544,8.753332937517747,8.264297062178999,7.489677808299336,8.348309067531014,7.052663833991735,7.24382079893294,6.5977636650469424,7.402664647613089,6.7982590546157216,7.618636254891679,6.826687441157032,7.321741445865237,6.645422143020193,7.127143388475174,6.571954840210616,7.718458167943911,6.484367394213613,8.753332937517747,6.645422143020193,6.7982590546157216,8.738964215776168,8.800799551906591,8.82154572826545,9.731192157759942,8.166654037638452,8.034740135483977,7.5421531769424845,8.085799625036579,7.08259757609593,8.486596,9.119228973795034,8.333782564785153
2021,18,2021_18_DAL_PHI,DAL,5.0,DST,7.099365413008748,8.244085,6.264931173550259,4.450218829410662,6.712530231279682,5.394642778576226,7.169581252492712,6.5075424784864655,7.167701415748842,6.622314605613492,6.979425371857171,7.269245194657195,7.704896857240084,7.4603881805487235,7.500851743112522,6.955051117403469,7.511163445432268,6.683681222381992,7.216477387990563,7.0532264941735,8.025671004774,7.453058969347253,5.394642778576226,6.683681222381992,7.4603881805487235,7.06972930319095,7.040093193373153,7.219475435741227,6.436305111534206,6.872881545598371,6.875400877585476,7.137110015488755,7.286745077819903,7.169179300699763,7.296339,8.213352695550764,6.705433205928996
2021,18,2021_18_DAL_PHI,PHI,-3.0,DST,5.081795808977872,5.3434925,7.265794873310273,9.962786915859953,6.501849778524787,8.209464347193224,5.7342169969331405,6.718800259408809,5.742826765215703,6.5065102871402685,3.9915727977134217,3.969194918951328,4.191774365647992,4.3150998123217335,5.139822944602743,5.324324808337224,5.052706478703256,4.692404505468803,5.114001672011835,4.624765817330575,4.59780962729378,4.98428833935229,8.209464347193224,4.692404505468803,4.3150998123217335,5.136786845253168,5.191777881528463,5.188580613719348,7.520243027902222,6.170802356282523,6.123400480965584,4.753230447383871,4.925262854161867,4.2656120012128635,4.860392,4.917324621889959,5.8753386473095714
2021,18,2021_18_GB_DET,DET,9.0,DST,3.9322264885906537,6.0763793,4.429090597002621,4.682194693873729,4.154520234325123,4.525530127401678,3.2094188607904943,3.3688859192227905,3.2555570173553114,3.0708209552049834,4.265567535523619,4.271641857813116,4.798967262238779,4.6846711900942655,3.082231765730554,3.378813672893732,2.9739983306467006,3.637347960269299,3.111108006821848,3.398574575519499,3.5041602061948254,3.7469132026820766,4.525530127401678,3.637347960269299,4.684671190094265,4.182589179248674,4.432951869906693,4.043081024544408,4.75226478752063,3.5295420261596995,3.4262443228591586,3.5765363895140734,3.6552740812148716,4.396463193904219,4.182625,3.939132299025883,3.9698004706041923
2021,18,2021_18_GB_DET,GB,-3.0,DST,6.331886771548038,7.86136,6.127108005536572,7.22210780011631,6.558045854055305,7.558480125027523,6.630538599997518,7.067261941750503,6.641269855521692,6.967101290403804,7.148343550060147,7.683497514021372,7.322396357268452,7.289990468826798,7.431272127987313,7.61495483227693,7.8812289602777295,7.160471324348872,7.449579636245313,7.896951135766075,7.59903770190529,8.546017934821766,7.558480125027523,7.160471324348872,7.289990468826798,6.307047314810488,6.282207858072938,6.451948183934483,7.0501468077126175,6.982246369874865,6.949035522717797,6.981701625903435,7.034940958034428,7.188408349263459,7.446582,7.665987463632793,6.354474975971781
2021,18,2021_18_IND_JAX,IND,1.0,DST,9.38022050306976,10.442746,11.49240271738079,9.189478975752571,10.81192615698254,9.782406877359788,9.92765267270785,9.69131147555426,9.96937645045795,9.510493930647336,9.043159348542728,8.944158103186256,9.17005647101912,9.36781092847924,9.257525184872032,8.859274699483217,9.086509417257544,9.76812579085535,9.12760122262491,8.75367606338063,10.671561078244745,10.239787265023736,9.782406877359788,9.76812579085535,9.36781092847924,9.246613120975264,9.113005738880767,9.524415662719846,11.226490088299528,10.400155464494325,10.315041323654734,10.023193616902883,9.420885856910722,9.336580903587338,12.016629,11.362139205839654,9.855392273494267
2021,18,2021_18_IND_JAX,JAX,14.0,DST,3.2222315446629533,4.195315,3.657479403767869,5.445657751550671,3.452077394914774,4.337636745895132,3.563825096531599,3.7340890272331975,3.554730208495002,3.739213631691459,3.2929380991180994,3.317686978639052,3.479877759998192,3.553019320015361,3.980973708974672,3.896456636909634,3.421084189984984,3.905106015379522,3.7561995544221625,4.060178701516046,2.9281388721740966,3.575230207583495,4.337636745895132,3.905106015379522,3.553019320015361,3.3675885868003745,3.512945628937796,3.3268781371052687,3.2131757340006932,3.330977701195295,3.36961807467048,3.573686992006134,3.6726230607531405,3.34823050848296,3.1658812,3.4224936892964593,3.9737290449965887
2021,18,2021_18_KC_DEN,DEN,0.0,DST,3.014641924712546,4.4905005,3.025318976911398,5.203452282815011,3.223546015453397,4.024518149191863,3.5076511462798683,3.877728923965832,3.4894383688783592,3.9239406531423886,2.581370220388623,2.912328208343935,3.181041250281772,3.370751991071673,3.760071095514367,3.518303174550017,3.207085446671909,3.877900790767903,3.240810544016949,3.706116835165387,2.727098786155528,3.567205336567225,4.024518149191863,3.877900790767903,3.370751991071673,3.252186082731546,3.4897302407505455,3.117738623151274,3.3297649498142023,3.6946067068201423,3.720142584742616,3.7980066631231537,3.511276013970602,3.2291284759961503,3.5550456,3.046371172943661,4.3664959424137635
2021,18,2021_18_KC_DEN,KC,3.0,DST,8.769157739182022,9.622319,9.341157223066952,9.91835563185546,9.7546270133818,10.257240694934902,9.230072453188695,9.3802998977734,9.281859908488595,8.989665873535797,8.684535330755502,8.762988646476995,8.567670922013159,8.754760258205279,8.113560231415347,7.9114332216004115,7.929783167400691,8.111429237377516,7.741414917683546,8.602204708652996,9.091407004766882,8.586645118071194,10.257240694934902,8.111429237377516,8.754760258205279,8.508576054828932,8.247994370475842,8.903218924912679,9.664189547046877,9.084048480411901,9.005209986702942,7.763867108905748,7.751002580428219,8.389362178788778,9.26191,8.7387084199321,8.303495026330902
2021,18,2021_18_LAC_LV,LAC,-1.0,DST,5.576801638706258,7.224557,6.497311366853275,6.95324655191184,6.314899008301934,6.909030719599636,6.077058593709884,6.289139490841549,6.090468378172829,6.12026523766523,5.890480705276061,5.778915897105174,6.2500345632508685,6.217597393469295,6.606139138447144,6.551937587712631,6.660863289112799,6.810773759093715,6.485780155043142,7.035160695399727,5.212401776743152,5.958427421253057,6.909030719599636,6.810773759093715,6.217597393469295,5.715400525222839,5.853999411739419,5.690352281908146,6.222252437660085,6.0998098063212804,6.083636722159068,6.679548137734634,6.485197047415223,6.004386237263426,5.9033675,5.863470727074349,6.375542179142088
2021,18,2021_18_LAC_LV,LV,6.0,DST,3.89726210539374,5.662699,4.9414734239868565,6.337690166626031,4.798772052972018,5.75496883744883,4.390762173453414,4.696935287508167,4.410249909534066,4.537572762224,5.34647959441218,5.337859543145366,5.306878836762861,5.250104339213735,3.106273201150851,2.9017520290440646,3.863142432195335,3.7764518732593113,4.43744043260274,4.196276482884489,5.409401803097341,4.547509449592461,5.75496883744883,3.7764518732593113,5.250104339213735,3.981465417809999,4.065668730226259,4.002767681975603,5.989558170181191,5.068842327701119,4.994772095871684,3.1077024913360645,4.524320581458108,5.3192631078809915,5.4534826,6.027569661827867,4.829986161611758
2021,18,2021_18_NE_MIA,MIA,14.0,DST,5.641887487372981,6.3304563,7.227235342305962,6.752417947377676,7.19018687089346,6.473951750774773,6.489275177658766,6.115834954884999,6.522599304224731,6.070936595739649,6.5064596934676535,6.302277281549876,6.215401717375505,6.14368815683156,6.116896556141562,6.370754130938784,6.766393044717438,6.774048003343691,7.252397208729937,6.93697865570587,6.739297415814232,5.832712664220448,6.473951750774773,6.774048003343691,6.14368815683156,5.6389214497078886,5.6359554120427955,5.754170528737176,6.50971158011311,6.163574275765824,6.1439742639671415,6.379352042212959,5.7895229181081795,6.296625333290151,6.2189984,6.686279895151553,6.129645713644634
2021,18,2021_18_NE_MIA,NE,1.0,DST,7.852004916289556,9.007927,8.194936436788346,6.335318359776096,8.966592026303376,8.308845243977048,8.827545062685779,8.892120024408793,8.860825586935615,8.739310770671342,7.376850469684208,8.027075656632315,8.114206018368264,8.229709366145281,7.740169366739535,8.22315922152904,8.126469663871303,9.01342047881268,7.912084610343382,8.17765854173592,8.571357469145894,8.083313487628509,8.308845243977048,9.01342047881268,8.229709366145281,7.777920232267739,7.703835548245923,7.98371960257249,8.618041701560854,8.56716538230172,8.542018700955957,7.6609871065415,7.769426153452258,7.5636129609066485,7.613469,6.775418469127959,7.992904620954365
2021,18,2021_18_NO_ATL,ATL,-1.0,DST,6.147767661684853,6.8402205,4.661455722936967,2.414424378618988,5.416031433629014,4.353721012552133,6.274628858892449,5.665593722525646,6.245860692007368,5.960545071235803,5.789450103134246,5.761770563149233,6.377504939212368,6.15699438327171,5.719292735684712,5.516185095190993,6.207509903513075,5.687475795499973,5.911997119040622,6.138483706797415,6.064415836676115,5.471105956560012,4.353721012552133,5.687475795499973,6.15699438327171,6.201532978071714,6.255298294458575,6.266692438020454,5.156644520216574,6.187096188537653,6.242170877068302,5.92283000953023,6.4578816147246485,6.043209441369791,5.4592953,5.302020451591833,6.310794415073889
2021,18,2021_18_NO_ATL,NO,10.0,DST,8.13320966094072,8.848324,7.4966187477094035,8.530513735347895,8.203419817172309,8.869954891685266,8.381158212421376,8.368287520206863,8.392993139178516,8.189507699713666,8.174553502202317,7.788626420524447,8.45890442442743,8.559860068949222,8.879429935819516,8.203702511295527,9.1258847177469,8.257193011316941,8.512068274843074,7.349469766155232,7.979753484000294,6.798340785951485,8.869954891685266,8.257193011316941,8.559860068949222,8.046662893774677,7.960116126608636,8.262364277732328,7.703222926499779,8.015420588570612,8.029296099465089,9.013866425741002,7.935590633085507,8.102810815702021,7.652784,7.857931602562427,8.000762668261533
2021,18,2021_18_NYJ_BUF,BUF,15.0,DST,9.60549420649076,10.888992,10.840444988562217,10.82125055137772,10.511887112136929,10.375720095097464,9.405229463757738,9.54980672113508,9.47239850861518,9.188146316695864,8.491776517901952,8.615536929709624,8.43823392746172,8.194760261595235,8.417549437745324,8.506248733011619,8.328682040027875,8.219769976071765,8.46103276125713,8.41388409834328,10.08575733430906,10.271529121882011,10.375720095097464,8.219769976071765,8.194760261595235,9.549825574735838,9.494156942980913,9.755227600995255,10.918690070758062,9.617759249085442,9.49504102972508,7.954575369050939,8.437663047924037,8.489830868442487,10.217891,9.885186873251083,9.160551806159878
2021,18,2021_18_NYJ_BUF,NYJ,0.0,DST,2.596911821519732,3.7490697,1.63925266266971,1.6333524253844098,2.077372187878764,2.2328375313145914,2.943693634779714,2.705652344921115,2.900251545962538,2.984913652600318,4.050591920792162,4.014846528398983,4.037204520653948,3.899720270132396,1.8133722901646212,1.336708101148023,2.538610803116435,2.382146614744097,3.116843382863326,3.148098962006611,2.829803496018504,2.754114156153077,2.2328375313145914,2.382146614744097,3.899720270132396,2.7864829037665806,2.976053986013429,2.698469508775832,2.630881035351445,3.1144099181060056,3.162529815070391,2.2149193155187774,3.0507550715706246,4.154791471481972,3.8614292,4.122272958472037,3.596137548794268
2021,18,2021_18_PIT_BAL,BAL,4.0,DST,6.524894537376968,8.338559,5.858546060289196,5.498579122781363,6.454995589994977,6.23172506668855,6.629532994551025,6.41123532868967,6.641190534909905,6.416954338747497,6.911642793527824,7.019983074470479,7.456991788283635,7.388771345085062,6.714923472140698,7.008629305244194,6.557336218529973,6.424454970231881,6.408360986845903,6.856777169274962,5.889274778084615,6.205998557281087,6.23172506668855,6.424454970231881,7.388771345085062,6.672761131655153,6.820627725933337,6.653542431575033,5.834027119486975,6.586934519533369,6.578311455809569,6.975705991037123,6.644201995713805,7.189497855392494,6.1948833,6.208604894990175,6.831225658636314
2021,18,2021_18_PIT_BAL,PIT,13.0,DST,6.695267233163606,6.999824,7.238128807185862,5.87594272567008,7.254599355120267,6.954184440734697,7.039956204878569,7.136953195056407,7.0539232557057465,7.029672065836971,7.043927718220928,6.773643062989794,7.120293111290476,6.711950614966478,6.6278445212193775,6.686325212098318,6.959358371475572,6.554056300595875,6.276157957916241,6.445827771640313,6.738740232860995,6.1093839258019225,6.954184440734697,6.554056300595875,6.711950614966477,6.703598875225881,6.711930517288156,6.8113765404093325,7.679839972189803,7.084101429447492,7.043603986419758,7.025522023390907,6.415527117682004,6.97786889603877,6.5750165,6.961616574147477,6.96217312770967
2021,18,2021_18_SEA_ARI,ARI,1.0,DST,7.418190063991142,7.670802,6.292215955724696,5.976779010268496,6.803201812110463,6.56126143364873,6.744695110348415,6.654851927507667,6.781258762442247,6.491599595242833,7.069939093751898,7.182190159865657,7.120112901993821,6.98775080121063,6.60818069056457,7.170224398362745,7.048998722995068,6.926238656255789,6.94494241296429,6.936688304683306,5.960144580135863,6.164973468630753,6.56126143364873,6.926238656255789,6.987750801210632,7.313141039937063,7.208092015882985,7.539412774085135,6.983039359536014,6.831944785395894,6.756416665419161,6.8340038161088765,7.02041665740956,7.00743028579407,6.5021033,6.960214625317111,6.8570698860450765
2021,18,2021_18_SEA_ARI,SEA,6.0,DST,3.4280858063514192,5.216454,1.8911022375414843,2.218944085318128,2.5579249754987536,2.75814711543848,4.083620435326318,3.62703210573128,4.024505383208453,3.944370903634686,4.441929399760441,4.204736960763538,4.70224063994356,4.541383711107331,3.63736627821776,3.491063961552996,2.9252587618386,3.046711653901826,3.498690881630977,3.9111514196497854,2.852193106566267,3.5349304312452485,2.75814711543848,3.046711653901826,4.541383711107331,3.5455103477467214,3.662934889142024,3.5315121843749018,2.6772226020270233,3.826810177292637,3.919594185721391,3.323288488573137,2.966216682671089,4.428684708947134,2.947911,3.124705790197079,4.1103881828853135
2021,18,2021_18_SF_LA,LA,7.0,DST,6.51982933644451,7.3756166,7.031030111382746,7.2033733166134,7.218377274511665,7.479626249355769,7.106508245995923,7.172741237362208,7.118053264451173,7.018437480698678,6.877608833050626,6.893112694870574,6.889534731772369,6.826962510032619,7.341124304045154,7.171956679876002,7.264198305882292,6.670614955272113,7.4707314756263905,6.665035886984692,6.509606932938625,7.143815626905843,7.479626249355769,6.670614955272113,6.826962510032619,6.462970253670241,6.406111170895971,6.634521839096957,7.314932427163793,7.0760466523240355,7.058087883950187,7.670716345065291,7.18093707359485,6.846910123812201,6.936969,7.092686970261344,6.6640854226598565
2021,18,2021_18_SF_LA,SF,9.0,DST,5.199350892088804,6.0368814,6.716744103222811,9.071131265225622,6.418537904226851,7.248500905567649,5.840489305457878,5.804706567341009,5.850349672582431,5.753172356029828,5.2950531431004375,5.656917755197017,5.654495987707287,5.91320454835447,5.095762671255709,5.127599615503662,5.075739194017161,5.364967323657091,4.733490829301806,5.433308426931055,4.87968169289139,4.589581825364733,7.248500905567649,5.364967323657091,5.91320454835447,5.145527177020343,5.091703461951882,5.306596390418367,6.322276374247267,5.904285737170057,5.9023075512798995,5.299684823939108,5.777265495207203,5.739251868506176,5.2945423,4.3278686935785435,5.555385593956135
2021,18,2021_18_TEN_HOU,HOU,0.0,DST,3.9619152276613954,4.9762435,2.1995683270862187,0.2102715254206968,2.751352111048011,1.565635231260318,3.864242551665849,3.2202301153054704,3.8234616672472663,3.6213869191977137,3.5064515018798343,3.978600271071077,3.8066809180725993,4.005693219762977,3.5350059310399837,3.640335483642522,3.2199988499956613,3.72762909914576,2.8392435145439667,3.705691191888031,3.42141154776052,3.9336436935189103,1.565635231260318,3.72762909914576,4.005693219762977,4.128168672530652,4.294422117399908,4.068777113207927,2.737626140917409,3.921777178966939,3.9914736345376856,3.4055172978144874,3.6662035294626434,3.839738464964662,3.7094574,3.6899480728674967,4.409967261886628
2021,18,2021_18_TEN_HOU,TEN,2.0,DST,8.23795198630612,9.661818,7.17097312951958,6.67099838620226,7.657999067683042,7.550790579101616,7.968802849971412,7.972406236431395,7.974008334002484,7.973693314455558,8.271859761460343,8.408666574826212,8.570398093617252,8.568833254877777,8.74505285167562,8.423329780888476,8.722871911679034,8.20832288655965,8.047672915096738,7.85885915285299,7.84423908913873,8.336639129005865,7.550790579101616,8.20832288655965,8.568833254877777,8.293984690769053,8.350017395231985,8.377589858863,8.209925705226242,8.357691389721433,8.331044953019724,8.585114856854071,9.284426691665397,8.65014839173088,9.349062,7.856555512949145,8.114055194694382
2021,18,2021_18_WAS_NYG,NYG,4.0,DST,6.229215897794883,7.2058587,6.180405775438111,4.7258085919842685,6.244787506171837,5.6728524929666,6.121670510709952,5.836273216204347,6.11590029474582,5.903443023644742,6.295440810965147,6.445354673673927,6.245230088234969,6.116298553450089,6.5360466352923545,6.566990370725485,6.3138154073089945,6.867785517534344,6.999137853722642,6.901654577400699,5.565735027377455,6.03787885426685,5.6728524929666,6.867785517534344,6.116298553450089,6.3965627261695515,6.56390955454422,6.350150006573402,6.601571527565995,6.215726542880636,6.210611408825236,6.627497740089315,6.912163863485321,6.140052921455663,6.1053557,5.767886539698164,6.209746149309367
2021,18,2021_18_WAS_NYG,WAS,18.0,DST,8.79438839394868,9.883329,6.75295769820836,7.4197111801914835,7.610167110282038,7.954969174864576,8.408386181732872,8.156769962608735,8.372186263632438,8.345624994871708,9.468108161703377,9.278105155180068,10.35353113054851,10.621871462711873,10.726728081404197,10.94192710912414,10.367853282295538,10.033471860854895,9.224964933090147,10.021893617081068,7.173453071867265,7.5843286026995935,7.954969174864576,10.033471860854895,10.621871462711873,8.806104965048638,8.817821536148594,8.939528294045891,8.55189070238955,8.624404298469063,8.645239072386492,10.782075530673197,10.8833506124014,10.386733523341347,9.31947,9.868464808196775,8.604688586782228
