season,week,game_id,team,y,position,player_id,v42,market,ridge10_base,ridge10_extended,ridge100_base,ridge100_extended,ridge1000_base,ridge1000_extended,bayes_base,bayes_extended,extra16_base,extra16_extended,extra40_base,extra40_extended,cat2_base,cat2_extended,cat4_base,cat4_extended,cat6_base,cat6_extended,hist_base,hist_extended,ridge100_recent,cat4_recent,extra40_recent,pbp_ridge100,pbp_ridge1000,pbp_bayes,pbp_cat2,pbp_cat4,pbp_extra,pbp_xgb,pbp_lgbm,pbp_poisson_events,k_component_B,k_component_S,k_component_R,k_component_E,k_bayes_opportunities,k_ridge_opportunities,k_weighted_share,k_recent_skill0.5,k_recent_skill1.0
2023,1,2023_01_ARI_WAS,ARI,12,K,00-0023853,7.303787715534735,6.697654,8.745939640387721,8.286208213867493,8.485084366721631,8.290575657283075,8.04902853603249,8.046056575284421,7.815029885725625,7.922308795853933,7.800373738046016,8.465370624021048,7.484835109939663,7.83413356702491,7.653338561031572,7.789933230132159,7.941296807103556,7.9645843999143695,8.511164441565436,8.03992207680528,7.779846945605616,7.942711863191105,8.985322932205692,8.36945723068783,8.014593963385904,8.664893556865428,8.025715490332288,7.723838123095683,7.555416787938154,8.056144189891466,7.543399975759976,7.75975,8.080697478040308,7.66437271300538,7.224784834398672,7.219355482564513,7.341235467213331,7.5724326273399765,7.312351672860792,7.411073559958216,7.359231461001829,7.326866599661931,7.349945483789127
2023,1,2023_01_ARI_WAS,WAS,8,K,00-0035192,8.285695731172384,7.955503,8.844472674619837,7.285519313714133,8.69157192007655,7.910978809389943,8.372137521277375,8.18536770561955,8.272952560413337,8.243682144923703,8.84159050344394,8.868379504426178,8.639507754103558,8.641750925866463,8.502041275317426,7.91552826780738,8.61884279666344,7.861601471320083,8.33395557304365,7.844889617805018,8.818051647439278,7.63396634973822,7.719573220129384,8.370319474359555,8.576296787343184,8.726453057207998,8.28941128021434,8.124623865503725,8.350193078069426,8.603187479469455,8.414413706908954,8.669807,8.974170434273281,7.946844494780193,8.270377550988336,7.99858938721955,8.59932775164686,8.726069679116886,8.212854776940185,8.244664972264182,8.330097541078985,8.307170406691412,8.32864508221044
2023,1,2023_01_BUF_NYJ,BUF,13,K,00-0036162,7.986108712125756,7.8627157,8.493122284722473,9.779589775199703,8.39720998485061,9.476939850314244,8.152902372706578,9.244564833819098,8.01183531898002,8.891420669883916,7.920146392289926,8.971008605620222,7.884300105816409,8.518869591882437,8.180230117704378,9.269698949881288,8.469914453138452,9.200071269731176,8.454481416849823,9.32961768031506,8.738111912247406,9.740097089403546,9.39630712940654,10.032633553942327,8.78143392886349,9.177372102592583,8.803465795827034,8.446921162626424,8.508206181692296,9.29072063697572,8.259750741835386,9.295072,9.585235453048922,8.107750196305176,8.190856992502752,8.158469366035987,8.762431459374609,6.946103610115373,7.957285277451166,7.981116787517702,8.047973777722282,8.008746915277072,8.031385118428387
2023,1,2023_01_BUF_NYJ,NYJ,11,K,00-0029621,7.847165001446061,7.413484,8.339279237294708,7.272447339209485,8.295647147754636,7.510061035047918,8.107626353880118,7.727305823341477,7.921676447956717,7.675587463451979,7.668295317471272,7.11031486371748,7.722131549403465,7.2695226601798355,8.129865088652451,7.73521487906811,8.233798620565066,7.510963821321512,8.146281930240407,7.883788998203893,8.889382396639128,7.907408105114495,8.220314554403373,7.868009190371016,7.214070369811257,7.870490976701235,8.022062728855298,7.868149042729325,7.834407447822576,8.227294922183239,7.506857677126802,8.16236,8.756838434681319,7.929302281421053,7.7448823158484625,8.082904179727976,7.502388482796638,7.701498932603341,7.818143490972157,7.829664698241554,7.744870834962436,7.873359687861118,7.899554374276175
2023,1,2023_01_CAR_ATL,ATL,7,K,00-0033702,8.526168969774002,8.433969,7.958070124059153,8.282144404224612,7.928414844456657,8.248849616716148,8.202632490786987,8.427757114651245,8.333262295077805,8.539336042903255,8.62485970236161,8.640653506158118,8.408700095726704,8.702825203921535,8.427108650034445,8.684225025426047,8.414429995363712,8.786890450018669,8.659918414238021,8.810051467337084,8.950515364346364,8.722115837035755,9.202014849596663,8.709950149071911,8.84748572010008,7.836226345941392,8.268300892575187,8.384286863276742,8.479740838742353,8.89388052254182,8.721161429655314,8.927044,9.00694466962892,8.329342237763775,8.536494857365291,8.55294577653254,8.70571746295943,8.367352278277275,8.549832806844622,8.549019585515044,8.577092158481591,8.548861588699834,8.571554207625667
2023,1,2023_01_CAR_ATL,CAR,5,K,00-0034173,7.542418228863781,7.805044,6.753764708488431,6.627087153777247,6.983523558297603,7.11891809148606,7.470982242940187,7.760124733349323,7.725469754939644,8.066609010157407,8.293916689410759,8.569377617272622,8.242722914668525,8.321307897369113,7.24303446082783,7.6546029412136125,6.8618887330869685,7.614398314632281,7.250488048813866,8.243531023439425,6.658050465214119,7.162357942639967,8.855849228689035,8.32282635247457,8.863757821120203,6.876539440774408,7.345880389981486,7.695192264944095,7.322598745838825,7.535703430121347,8.071989656893347,7.050615,7.404994200836525,7.610122976533075,7.646534214289026,6.934027785496697,7.581020768186215,8.583723867798865,7.462689850276094,7.436694843218923,7.545866067555165,7.564849294803232,7.587280360742682
2023,1,2023_01_CIN_CLE,CIN,4,K,00-0036854,8.112192232999952,7.823799,7.773234416019788,8.221447083185677,7.7983109060172655,8.253221263105514,7.907474461533836,8.226981692158118,7.980493887257581,8.194773130918682,7.474643080657544,7.490241162283754,7.729790438849286,7.784611719287756,7.975282796144087,7.862796153798222,7.586975333523886,7.613665388960245,7.664918021240553,7.1042934482958255,8.096492982125522,7.4768404674444415,9.221654021106872,8.044841414412437,7.76630362894338,7.834277989375742,7.886938697009258,8.007875234871769,7.603871714336798,7.602931194596852,7.462505737290725,8.045372,7.713186601611443,7.699098632704048,8.366118955484822,7.891314709421577,8.459456053555233,7.999425286151757,8.037474631521466,8.044385213869033,8.098197149700008,8.135654913320668,8.159117593641383
2023,1,2023_01_CIN_CLE,CLE,12,K,00-0030098,7.552106787572126,7.6441064,7.72975178227835,8.516605463809782,7.564272615437843,8.297737802391513,7.614463729763986,8.139638257379659,7.7511820210447,7.935603636138702,7.53405012112327,7.214241718453877,7.494345566017605,7.54872096993859,7.697976258272406,7.802072040839863,7.988842101603173,7.638540801752422,7.905254250778927,7.46866365546939,8.261345037828345,8.390433883194522,8.726423480833512,8.304942599909948,7.667756132007375,7.925502186299825,7.83979246791731,7.866614012350452,7.594580643382922,8.227116438637445,7.609821951884737,8.243799,8.138714416389348,7.720663462993986,7.619495346162823,7.67690697256428,7.668854093887573,7.1430499265440455,7.519513985387712,7.497937955363082,7.535575405801647,7.56276617438261,7.573425561193095
2023,1,2023_01_DAL_NYG,DAL,10,K,00-0037692,7.961153934568355,7.9525623,7.211883379660806,7.306771678252314,6.883159493711244,7.428234332795805,6.80266866739748,7.224040862823641,6.908118139899292,7.083383043837982,7.567791601560511,8.200561874578195,7.575037543915313,7.99027770196354,7.888980726893053,8.339139775533834,7.673465694843879,8.219468004888,7.379282375112358,8.503902489811912,7.051512657004584,7.537903417940182,7.794655343925858,7.975438806119691,8.231500467089726,7.115589888855805,6.8568909892443255,6.995372663534266,8.269498781187693,8.034298132499924,8.201767336268317,7.980894,7.593068777233922,6.811292448907978,8.505684239130897,7.8232520421807275,8.080955013732723,7.360261722917605,7.809691990962644,7.814617398473898,7.955234678432202,8.00408558573583,8.047017236903304
2023,1,2023_01_DAL_NYG,NYG,0,K,00-0026858,7.606681291245143,7.323638,7.116918371531723,7.415460617504339,7.152656306617034,7.519789612999006,7.582831657647822,8.011229658935457,7.78697901431674,8.152569128513022,7.808433196057889,7.279816034450288,7.598272244833152,7.244410609515351,7.895348673538867,7.982286459366362,8.076071245754543,8.218151509851886,8.17747885916134,8.320477905193865,8.482046891377983,7.817336356202513,8.009716633901478,8.168139172995282,7.213781015444249,6.697669702162841,7.608789933051409,7.990203076209528,8.118212861853609,8.347960700150788,7.541534440755263,8.683941,8.480051517841407,7.781125879512443,8.003122375095716,7.50860475194496,7.9969131182949145,7.013056830544759,7.656206599330078,7.660527047310859,7.681302611666004,7.630398595959186,7.654115900673229
2023,1,2023_01_DET_KC,DET,3,K,00-0036816,7.426147780575354,7.686089,8.270159757110031,7.691907352461213,8.059631426141678,7.632557479365945,7.9687586682961244,7.625799286055511,8.038551061424267,7.749682800458955,8.115366240778126,7.522897090300891,7.955370725233389,7.694776639134077,7.78976116193275,7.535725927066695,7.743500446344925,7.502964192044611,7.880473346313449,7.629265362743093,8.433961939223584,7.530794742428866,7.47033008366287,7.670526122935916,7.432941512563764,7.742777382140732,7.800622748280321,7.970647323046229,7.786298331193359,7.503679061878524,7.78988434860002,8.092637,8.019369357798762,7.904583708763493,7.595381700585321,7.36836361144298,8.057310388187195,6.972283935019229,7.507519366942303,7.45639776450637,7.4578617142317984,7.449998792396507,7.473849804217662
2023,1,2023_01_DET_KC,KC,8,K,00-0033303,8.26908466687118,8.40486,7.509894844099573,7.450352220314047,7.808898449240994,7.835403936255248,8.096605718214494,8.029035668358533,8.2336224915703,8.058136450862824,8.127200279883326,8.12535789928,8.193689806657563,8.202338281140458,8.393141006226262,8.167036416167457,8.4014926200756,8.197752219213776,8.001094029066229,8.41236319360698,8.377852488468907,8.533314965348392,6.971263331476526,8.458863365178226,7.906960530116525,7.353841368298434,7.887934898037997,8.251563121526686,8.25158198812706,8.235569403326984,8.250047545228421,8.623411,8.649202641571756,8.148188064329322,8.328214108490391,8.269856050147482,8.723344501820948,7.951717820414876,8.360004144193914,8.340843882279563,8.252885997600188,8.291764037042746,8.314443407214315
2023,1,2023_01_GB_CHI,CHI,7,K,00-0031203,7.391886707141416,7.560204,7.8263477731738815,7.660557970240267,7.539724039516854,7.17432434442871,7.3422759620628275,6.940783004317881,7.353763252872236,7.165294899164346,7.340913134411959,6.967898803892712,7.216443114730269,7.177217967307503,7.415177538784364,6.996619272159903,7.363452508177541,6.879317375694202,6.513914903745152,6.696391720140566,7.730813691417411,6.878381981871665,7.3595477447228355,6.745352186063343,7.512155662916482,7.342800674832333,7.237088702089973,7.34910525516413,7.069616728345725,7.23374313948757,7.340704579152867,7.202415,7.486583432176034,7.268626314386603,7.425474678265686,7.631732263760895,7.262123028082572,6.926695476745474,7.3828862664511465,7.36131288611755,7.4405619465303445,7.4135271506111335,7.435167594080851
2023,1,2023_01_GB_CHI,GB,10,K,00-0038402,7.82723226501728,7.3805113,8.280064460309994,7.231066047344457,8.109687631452331,7.027439996043567,7.822337982751158,7.217769082120735,7.631978921029636,7.581761659811682,7.80663900002241,7.556603698431339,7.5646801517209,7.748178553421106,7.722762990021459,7.993039816006747,7.816053514470084,7.8015247487827954,7.888929053354023,8.085128669613194,7.394377907514624,7.250405009826936,7.9115756443430145,8.25484929543243,7.968942781206441,7.288273803566614,7.2401983623119905,7.331426733986573,7.888320440744512,7.674612996656284,7.640896710097213,7.313851,7.148548318529185,7.058294181771939,7.7996234157105775,8.060603161621765,8.438620014943698,7.096209870805153,7.992945312944534,8.047160410599874,7.862805983969866,7.870891905053205,7.914551545089131
2023,1,2023_01_HOU_BAL,BAL,5,K,00-0029597,9.881445360315508,8.443714,9.67871027461912,11.13414344646447,9.692888880899014,11.02530805113444,9.329362656290447,10.376734481946633,8.915268926834775,9.438564214471397,9.430314704286031,9.196931945051368,9.1532678705404,9.110023487885616,9.118962562483889,9.362044534090204,9.249297973046389,9.309413522139431,9.039236360845864,9.321026376118484,8.913797984031502,9.60812051553445,9.731861404954929,9.291297072915878,8.688037275732695,9.801061703766935,9.363213812088274,8.760529323632483,9.069214785574156,8.969506547135081,9.144129100855867,9.045813,8.68365559402767,8.779332849200724,9.12984387864233,10.595559053247314,9.741151267810238,9.650767243214299,9.901277297132685,9.931041886515843,9.819839266261152,9.909016711144847,9.936588061974184
2023,1,2023_01_HOU_BAL,HOU,9,K,00-0032726,6.859834346264073,6.7366333,7.0735988332894335,6.538537967643214,7.059344533947742,6.91477130771332,6.931656771750072,7.159145348416497,7.000937237096578,7.377989152033042,7.041087329379484,7.821975672923019,6.56970688455244,7.407069253013371,6.695488124491003,7.543055170573409,6.612057516435765,7.315061016938826,6.823705331380134,8.151127584334183,6.577772753657771,7.930278577594305,7.433708191963389,9.08119556215159,7.615110405038011,7.483251604450178,7.203780804981646,7.207672785523651,7.415063987110057,7.853689198082768,6.737730504696352,7.596107,7.836844024916465,7.17746203257077,7.2916762095317145,6.533487547501802,6.998208658640899,6.795577992698737,6.74917721190543,6.752469564021267,6.846408312468753,6.879963893818664,6.900093441373254
2023,1,2023_01_JAX_IND,IND,3,K,00-0035269,7.92703761840027,7.999753,7.423061724614213,6.588400579986568,7.382525337422852,6.69706667748315,7.68513244809804,7.450196143794336,7.755483049672114,7.724818884348519,7.8921235443794515,8.033782557664129,8.163591663518645,8.067366765779882,7.963654300930534,7.933629561071268,7.692156377233127,7.84518678090018,7.578645970703077,7.588412563206941,8.001087802410847,8.070346515832355,7.377618094174367,7.648014897898602,8.025556775154515,7.551637957031675,7.760608645360817,7.759917334813833,7.755709814925199,8.032530441820334,8.12749094180196,8.211912,7.98802474158051,7.688817305858315,7.794314765147232,8.269550302483927,7.671260235343083,7.568985221641103,7.908818478679321,7.913668381743211,7.884385753478688,7.959150388470626,7.991263158540981
2023,1,2023_01_JAX_IND,JAX,8,K,00-0029822,9.182279453938287,8.718524,9.299057562742778,8.96842754846202,9.147576774445666,8.783522598124451,9.03479962334154,8.642303381213987,8.765987222820774,8.601841980860623,8.755636225509704,8.392272448385492,8.664931526290125,8.206250665080825,8.481298617566075,8.677095895813935,8.344717342065545,8.014268399696006,8.394036497318977,8.135592834887511,8.371919288174517,7.535947773274812,9.7538043046858,8.567329753014459,8.495771986426021,9.266310794099656,8.977272924209391,8.607728318712642,8.31860678380208,7.990919356372512,8.424567746664458,7.995304,7.448685789131956,8.408075367978816,8.70196782984591,9.818928301774477,9.272886718511977,8.584145562117623,9.225385548408402,9.299114729049313,9.161845996384505,9.216684378627638,9.251089303316988
2023,1,2023_01_LA_SEA,LA,15,K,00-0030332,7.057772657549614,7.257755,7.681060713019066,8.89724088436616,7.869648961409208,8.665372649384281,7.857981620338164,8.075496768155919,7.765468496033279,7.935081997082231,7.169595740031305,7.824941973735587,7.024012144158155,7.634023019653575,7.40548184982264,7.857374212210264,7.194437133857662,7.833694025573002,7.67305143823976,7.91146040080218,7.928545690380341,8.339861310961265,8.302104989980485,7.780789791741628,7.526322532961856,8.338083565693456,8.065069591990941,7.846593373610994,7.466188811210392,7.355758797615944,7.173177666651439,7.8043957,7.982804633148383,7.595455681426907,7.0109472094654155,7.340511287106658,7.329942694264082,6.426448552204591,7.108905749850117,7.108231699382169,7.026442984128569,7.086036203444595,7.114299749339576
2023,1,2023_01_LA_SEA,SEA,8,K,00-0031492,8.487457884926695,8.066372,7.774212828082881,6.983128817845485,7.740550764625398,7.295725775882626,8.118206245745585,8.119767208949199,8.313595468570652,8.51002485249699,8.68124402253735,8.754896402294367,8.501484987946624,8.711930522299754,8.570515629854134,8.726869819492723,8.462248220616734,8.686130098846343,8.53318543001397,8.82752592916528,8.58588242196724,8.476540869922854,7.491907016347115,8.520541945943677,8.595740983549398,7.874601968468469,8.19796307459,8.43492002342115,8.502187648220128,8.550496292874712,8.527564818069763,8.887744,8.968349563691591,8.364921159698095,8.358132002677134,8.527927024026624,8.240821059598884,8.723826842765076,8.465986505995337,8.454771415662469,8.449262313484708,8.504888376470877,8.52231886801506
2023,1,2023_01_LV_DEN,DEN,4,K,00-0032569,8.213683660995963,7.8357496,7.750270735589801,9.007798056931664,7.967353623055368,9.000576969993102,7.888405585866304,8.576940479602992,7.912720609701551,8.37512907093859,7.5372833453876575,8.46208947488574,7.569134269221808,8.23658101249975,7.633230125113259,8.400731713815587,7.520818682678483,8.852416392946383,7.236703447586263,8.423820307494445,7.871624076820839,8.622134016818068,8.609676348218688,8.290930398481718,8.298057380104302,7.483193105240852,7.835511207467218,8.013146824941582,8.21607504903033,8.309555035565955,7.910774572468555,8.561183,8.622844442978467,7.843125351340568,8.475143287585137,8.297654183021338,7.908203512732362,7.806293251193253,8.055722010430854,8.074332089634813,8.258070752950045,8.24064021370793,8.267596766419896
2023,1,2023_01_LV_DEN,LV,5,K,00-0034161,8.40607704262263,7.2966714,9.140038091620212,10.30974798250342,8.93142334674874,9.901189804470777,8.502590003085354,9.282547260733857,8.30559606839941,8.943183468491629,7.851291447575979,8.395637128229385,7.970306794734141,8.274444441014413,7.857366401026798,8.629274340674112,8.071991002375395,8.805536597035356,8.017845039003463,9.096914565644015,8.138926102987078,9.062777492792572,12.138316901041271,8.776206915715507,8.336888823239276,9.18721128271519,8.763192461942241,8.449015982097883,7.98245838654837,7.919297784204156,7.690502722394525,8.250939,7.770137850811204,8.093906160704309,8.648102257949473,8.653913362532807,8.793495271425861,7.353657465410402,8.363197194628727,8.41856770130551,8.449180062860508,8.434449239421351,8.462821436220072
2023,1,2023_01_MIA_LAC,LAC,12,K,00-0037224,8.465813088253931,8.868309,8.583951459420692,8.214274104156521,8.58221424212224,8.20673628133485,8.523025484084092,8.248502145674722,8.38046215353233,8.256486700627226,8.179631990289279,8.130869904441106,8.370664160413252,8.194910147484183,8.454456142429976,8.363939735781091,8.650643567845586,8.15903681861771,8.009136778536218,8.561005895750197,8.274596265555095,8.640630259258879,7.544341089849165,8.123834347268764,8.359299623218773,8.120306524902437,8.270071998787905,8.277336641687938,8.1500829376925,8.411092796558082,8.224290445639612,8.427607,7.908043288001265,8.180996463327881,8.664351122455882,8.27851513472913,8.998252694458529,8.276382140898312,8.434935021653441,8.407056335774946,8.420567319196193,8.495528596745471,8.52524410523701
2023,1,2023_01_MIA_LAC,MIA,14,K,00-0034794,8.20293991928431,8.329231,8.758034008876635,7.819378752934744,8.73067350412125,8.190209274476915,8.48471156555221,8.60166667799302,8.31195164163169,8.31936829432582,8.631005829005005,8.726173006972312,8.660962393517623,8.551335603914358,8.150123529254714,8.621210630994007,8.135282055163977,8.411149560186171,8.151153764341036,8.587863210995916,8.000106249702583,8.962805312991167,8.570636937127627,8.562809232320626,8.838358408032201,8.897107054000966,8.581149911930526,8.25949221309739,8.121875887944238,8.215093474471278,8.488215296512559,8.195259,8.41077598753037,8.221552276912018,7.852227239920348,8.511237105008874,8.103337422911983,8.162215815067288,8.382125267425664,8.354101761985921,8.226144993350866,8.221106957916593,8.239273996548874
2023,1,2023_01_PHI_NE,NE,2,K,00-0038567,6.590558629339544,7.323638,5.278364159190924,3.4411471951843406,5.553217833851599,3.833734073629831,5.826807556276288,4.6241497494990185,6.176782891862603,5.505925809225181,5.985771396204963,6.082869310590351,6.366409545990488,6.445486488532311,6.379955210470154,6.614243153006511,5.942613471352616,5.903546975953693,5.789767190491558,5.869338965579543,6.616758549117178,5.333817991044237,4.355259727022942,6.4704074305285175,6.476912409926887,5.284014656634575,5.556354323210536,6.067145217572718,6.526114608840228,6.276929134071487,6.349244857335222,5.9093084,6.061024736891645,6.05568357081626,6.918396258731722,6.5736176009264025,6.901418383335918,5.977254365079373,6.662153031252507,6.587140500396102,6.585071114175668,6.626388479007182,6.662218328674819
2023,1,2023_01_PHI_NE,PHI,18,K,00-0033787,8.357223392232012,7.9525623,8.994113052504046,9.123895857146234,8.796563845756534,8.955601023973049,8.596405122783224,8.538879468363973,8.477595358343544,8.322210014783918,8.532706503462556,8.238370500854261,8.386502398169197,8.147521117361764,8.60911217635768,8.034375614221199,8.56119711719669,7.832432647443157,8.797331178845662,8.28769491638636,8.920839218296715,7.844887629243794,8.632134885735587,8.150449085610632,7.853785399025527,8.267477011573865,8.393320218333365,8.327123137664229,8.189965920033545,8.317099041064598,8.143252191052385,8.324311,8.112803750582955,8.151046135347492,8.481907229674704,8.390384282505687,8.347870012285814,8.108552545493723,8.370670049590629,8.389817340585997,8.32401845969674,8.379078416836789,8.400933441441568
2023,1,2023_01_SF_PIT,PIT,1,K,00-0031136,7.639003843414168,7.3595514,7.452372962987524,6.805058127345228,7.696731486861647,6.823897673903087,8.113269262915992,7.191729941173245,8.214067679745014,7.688792567945953,7.701567618407381,7.144023217821314,7.614220885443151,7.297720155388522,7.885885018763872,7.901394382104787,8.080286207980185,7.589114891195958,7.923015800966322,7.537343630748527,8.506063933318048,7.314490531035046,7.683379691644702,7.528601163685363,7.092622225173865,7.866623734059715,8.10699128667607,8.094799765357909,7.973251096221519,7.73352078929034,7.502294027918445,8.082954,8.133765676702298,7.983617583319649,7.994712536800263,7.562353264819056,7.86023919963079,7.1481242824169335,7.66654264882043,7.676761595627934,7.675573220289484,7.661673434719295,7.684343026024423
2023,1,2023_01_SF_PIT,SF,14,K,00-0038562,7.350757367577509,7.6290903,7.52585902479461,6.529834715628764,7.082948075081058,6.348447781761308,6.668376963302306,6.259521338045677,6.84046996995892,6.60334035850156,7.476979190330515,7.534326698758506,7.681892987952761,7.6797240525442065,7.386917365631472,8.037515078400641,7.383500673397958,7.822613696891819,7.275726574109822,7.602886187689027,7.482052051176468,7.534176747824237,6.882778521200691,7.127646915524903,7.729843838447749,6.743913089500354,6.395741679179823,6.695181073073693,7.480970840619953,7.248112848045614,7.432861195271711,7.6898727,7.123520191947764,6.492376968567327,7.401517317662318,7.23721858300811,7.3249296738320915,7.514608858461803,7.373775616276783,7.3566000675078485,7.422152705616215,7.3889288391064,7.42710031063529
2023,1,2023_01_TB_MIN,MIN,5,K,00-0034450,8.722365894852448,8.694561,9.259063094303231,9.243120336591808,9.1639770529656,9.351107171756366,9.086353862520935,9.615758928681524,8.909238067246815,9.27490642884796,8.704764922367257,9.129148387777578,8.507224303107005,8.870311419014353,8.467108571638693,8.780242438508257,8.473687887994917,9.286682806636612,8.631590297716363,9.47000668547947,8.225808148891081,9.520169477709215,10.903055113589142,9.846415131885536,9.430009212216165,9.228028464733612,9.321899565310774,8.99453553436473,8.632202974237538,8.719016071425806,8.474703724421875,8.721694,8.784114417187899,8.740320945572975,8.635568338751444,8.980944823661295,8.51851201837286,8.43733130962605,8.723795654132864,8.77441387735561,8.607850386457535,8.76166103739163,8.800956179930811
2023,1,2023_01_TB_MIN,TB,10,K,00-0035358,8.410188613739928,7.97579,8.116645063012012,7.55559017516523,8.01044017353071,7.853373141557251,8.124790043715647,8.361980140830067,8.151424544914416,8.487560665387978,9.203090594806842,8.949550585811037,8.800932391773229,8.901138910706406,7.987974846455253,8.352463429888322,8.16867720428257,8.46034050458663,8.525437842961175,8.355556324497979,8.139015482749883,8.86802092008864,7.476029035875675,8.454181046048143,9.109982668712089,8.756690954493168,8.52205145297621,8.3658529475309,8.275814101321883,8.637423427571967,8.823536701334996,8.531137,8.127309891654518,8.102846132200122,8.386130344731557,8.348452765241555,7.964511804345569,8.792586118946408,8.402117476460026,8.433358477995753,8.380933230728033,8.440745366523837,8.471302119307747
2023,1,2023_01_TEN_NO,NO,12,K,00-0038905,7.956395029720744,8.413009,7.101765939717724,5.9077763904030585,7.128870965990903,6.4469745537960605,7.137718087493676,7.001002987164472,7.109106637564469,7.077933762468395,7.351599933960003,7.665920209284242,7.633564672936528,7.792845334597904,7.393827652129888,7.694279439538855,7.207809671392745,7.6732614526615635,6.415982066737762,7.364938498650267,7.022605658314491,7.285744637026821,6.7837738332283966,7.862135578121554,8.59063939616072,7.204831383389189,7.0360861150345055,6.893761175055259,7.402484985518231,7.123380420779866,7.47640793741167,6.667187,6.648483440210901,6.667210425555657,8.211977950713745,7.930702049555464,8.251537657629623,7.47683529460736,7.891449935420204,7.877642530131585,7.9784364725209596,7.998633674967516,8.040872320214287
2023,1,2023_01_TEN_NO,TEN,18,K,00-0025565,7.535828114537033,7.8739305,7.246121509074114,7.589555752872015,7.374899472215858,7.217175414944906,7.383735045525226,7.12809941074463,7.413376817900994,7.297248680165814,8.363158406655577,7.876068100762856,8.24609641450876,7.864708058024025,7.21962996903757,6.74059814575586,7.103791920369229,6.888033934601142,7.395636967684666,7.0683628576919535,7.357655186540826,6.574326610335909,8.248869142156652,7.650074899997255,8.08065254539328,7.509378977588722,7.312713837247963,7.243691273795618,7.014164377126974,7.811721258946836,8.000211962981114,7.656132,7.59671328241355,7.306713264594542,7.438713106248086,7.256073142974161,7.570164850571491,8.223842202078961,7.504126581867695,7.466171339802166,7.5349801153070395,7.552961582058627,7.570095049580219
2023,2,2023_02_BAL_CIN,BAL,11,K,00-0029597,8.279758967333121,7.3715644,8.723311165160277,9.000160194862401,8.544359378119555,9.172210546795316,8.100807044547487,9.076190074146687,7.924477710721675,8.534800985828154,8.129943343605909,8.401317159427965,7.8717501447885825,8.229230089416221,7.962669171880309,8.384148917354144,8.226941328685067,8.814466468086716,8.021465274013847,8.885211224242319,8.635747693253728,9.212868941991086,8.445476712138298,9.207765751021418,7.894334729725231,8.703621369272229,8.468340398399066,8.142887777299945,8.178974831765505,7.772077810592209,7.764206262603996,8.7631,8.1016424282803,8.041527010541305,8.05630187008882,8.704429778370436,8.735738632796943,7.537613158393032,8.249358197778795,8.269450755401468,8.305063106806893,8.303197094192319,8.326635221051518
2023,2,2023_02_BAL_CIN,CIN,6,K,00-0036854,7.872101636998292,8.000488,7.374609481866279,8.195014248451418,7.424287476627816,8.371754309064231,7.505643712779354,8.20061768238102,7.59585687233335,7.980231967399943,7.469153521613824,8.15940875501973,7.633930932509878,8.08497250349514,7.455311407522948,8.360428427555018,7.514932413766487,8.226593252747762,7.899391023129643,8.12343007749987,7.586718342429389,8.504135115713424,8.716738648500765,8.25874713715947,8.278890766604485,7.684234530057526,7.776902318694288,7.85399833800026,7.932095196146517,8.08784573958262,7.92098124811244,8.167547,8.436699336863724,7.813110530050672,8.49884720164832,7.463505026630926,8.250881007328847,7.559786825592706,7.720422458258443,7.676450685832902,7.861428912094804,7.895989267110294,7.919876897222294
2023,2,2023_02_CHI_TB,CHI,7,K,00-0031203,7.666226215866684,7.245742,8.4499976597814,9.802213626117872,8.204544636534022,9.281775011654704,7.704588497524194,8.603361587563665,7.5571166181573455,8.091159960523303,7.73538622899373,7.630140476261058,7.420477408719972,7.797002861732485,7.634867468772909,7.448823726055973,8.265873379651733,7.530862603760898,7.388969191494352,7.171227195402609,7.538525472605698,7.5973621891474465,9.568885122579294,7.948609326097144,8.425069089179058,8.19265991805427,7.731456944392306,7.519141096617719,7.406296601437531,7.784501317699227,7.548102357492001,7.7539,7.437643885446245,7.43600148882247,7.761870331208362,7.4312278304816575,7.924172133047408,7.863783855033853,7.5901661989155516,7.616999321457395,7.760587801860489,7.687220530451265,7.708214845035849
2023,2,2023_02_CHI_TB,TB,9,K,00-0035358,8.518900058540858,7.6949735,8.458834326338534,7.319823539690052,8.333666490338466,7.540765007763839,8.486046671300292,8.233407994168148,8.501888159694635,8.64574076366522,7.892218580034023,8.533653060760058,7.87852811267026,8.462994623071017,8.398920655113589,8.413355033245114,8.705140146650205,8.930928758493316,9.099943890571565,9.143430619174676,8.918769752669185,8.7851147680104,6.930155647678847,8.958034691683013,8.23392224727181,8.510545135100434,8.498905405678096,8.473256879206467,8.865284425044326,8.89000308378063,7.839641200789114,8.935148,8.650983946298037,8.166731299884576,9.020953113902111,8.470597665291358,8.465659102448278,7.889045740044266,8.465190691957698,8.527841288077862,8.465509667045975,8.550925900514706,8.58295174248855
2023,2,2023_02_CLE_PIT,CLE,9,K,00-0030098,7.643547801073135,7.5991206,8.123690259641238,7.82714141585234,7.962714924621526,8.010792165312592,7.903214106794463,8.140353052868646,7.970343656218793,8.053649653250634,7.709224725370754,7.751221228666,7.55868604503001,7.73638137823191,7.50074693553698,7.789411133175263,7.541363436304944,7.922774884074244,7.081785721320383,8.143468437051581,7.529086559184131,8.28437022081963,8.285715801125134,7.917322866416138,7.996594645058608,7.981544045080707,7.86334969447456,7.902203572362188,7.568230002015133,7.873659197499641,7.815732167056246,7.961381,7.691980828721394,7.76501609959511,7.728868487737945,7.746712632717636,7.602674806993877,7.329673604826545,7.613409924758415,7.608824982485364,7.628146616296057,7.655181675476456,7.666815549879777
2023,2,2023_02_CLE_PIT,PIT,12,K,00-0031136,7.368024850787139,7.149889,6.874613958940089,6.769991618748027,6.959115861794149,6.978287927506516,7.440450417600722,7.517281217463571,7.595139961515227,7.8876363699243965,7.280776641472184,7.541668504133258,7.345487106001726,7.7540637024979775,7.428150674869089,7.532370140195228,7.545100534246906,7.266187689430557,7.943975353140398,7.188466378526939,8.284403653622245,7.44855960195028,7.940870948275945,7.940376833925907,7.842200989701896,6.924067940995431,7.516858285790785,7.728448014024237,7.48020165531216,7.373956321414005,7.4078380119859135,7.6987357,7.617082066088994,7.597187840051893,7.891782094169741,6.954623695027863,7.083998800266523,7.551204322492094,7.272980212504584,7.324803562914322,7.412030047716627,7.390450445157109,7.412876039527078
2023,2,2023_02_GB_ATL,ATL,13,K,00-0033702,7.899306278236403,7.7159333,7.760318016815669,7.0770076470172345,7.600151881135186,6.992963528493966,7.703445391280421,7.314195002748208,7.913698018279853,7.68907267261665,7.391184277632488,7.572504881950209,7.613258866787531,7.509694407961471,7.826136129185959,7.750172739332453,7.799068339584487,7.517750165323934,7.489499380555124,7.212626068405229,8.239142601315416,7.55052056702322,7.706258849263917,7.068098881964586,7.270778313060294,7.506938824293433,7.756268142843268,8.017266945722307,7.903246797967719,7.82297576068207,7.614588241857494,8.02315,8.031473332292501,7.9356415848457615,8.073687916875436,7.8953270553910935,7.983475980558512,7.603607414807415,7.8980305841397955,7.865290123880411,7.956283235137607,7.9208993410797435,7.942492403923084
2023,2,2023_02_GB_ATL,GB,6,K,00-0038402,7.907352422585368,7.1768556,8.236984594110218,8.432788032077536,8.125069995616716,7.928734483724246,8.062847785170574,7.791709855831262,8.006774800396737,8.080037088138589,7.376907419868353,7.635014169731592,7.109088644913943,7.61179288328834,8.239270964177587,8.152753574087248,8.396386581513784,8.327582232493434,8.694738805646466,8.263116167694736,9.882269288074912,8.261578998089941,7.685495516035023,8.525793895841073,7.739264211531652,8.231577343983234,7.915525161213575,7.900027717419391,8.58324111238065,8.442669288299731,7.356813872345296,8.562072,8.844866049324427,7.673914855445746,8.57423292090072,7.823629071096881,8.351952882772402,6.852178147995795,7.862691181245516,7.895431997683449,7.892276242074454,7.996339029846433,8.085325637107497
2023,2,2023_02_IND_HOU,HOU,8,K,00-0032726,7.829803346625054,7.332585,8.306856025191504,8.281581821470073,8.204512610214966,8.082045511653273,7.982704668241259,7.829862255068364,7.887311275443028,7.863569750682654,8.156972959770705,7.83051833435804,7.808700630905643,7.599607147842562,7.840127464540336,7.7158449769400494,7.935060715561335,7.172402940736185,7.417721562314533,7.56365977816565,8.105373166616113,7.0180863743592266,9.148614740114622,8.598629431385202,8.2875752967852,8.055463833362387,7.856803921352884,7.742317764107007,7.493259237703561,7.502953140875303,7.8523815338886,7.98709,7.855692723651682,7.671509888806822,7.964321915131742,7.566618610082145,7.9267887210339385,8.105902279746397,7.7815045895081525,7.816874040053287,7.786737511478352,7.8494948622026435,7.869186377780235
2023,2,2023_02_IND_HOU,IND,8,K,00-0035269,8.07696224234857,7.5122776,8.026185601141565,9.57728922563267,7.86773461383645,9.098737575600978,8.004818526800316,8.679391354460316,7.935591077563601,8.304532425318365,7.890541407649442,8.268293089707107,7.825824509113762,8.034889947924395,7.925590062364967,8.141471854133126,8.241799804081337,8.00468558945323,7.911129324173292,8.096417565799953,8.229952758898296,8.063965694726413,9.594187481560846,8.83365744555568,8.319546918899654,7.728383897283494,7.848827905581192,7.781786919573985,7.99721488603747,7.739799336184768,7.7220656448789,8.185484,8.749061504734849,7.584047215528717,8.062752194702044,8.180265945405267,7.848329452585903,8.005986302586297,8.01842554448757,8.077618002475905,8.026999784690004,8.110860710870748,8.144759179392926
2023,2,2023_02_KC_JAX,JAX,10,K,00-0029822,8.167074109388844,7.611196,8.344967406734954,7.817291338696684,8.11515964786725,7.786317510950031,7.9076407629046,7.5722484290864145,7.862074296361031,7.489301299140615,7.394404078720163,7.624366447123501,7.353987727302759,7.562507471204455,8.242405374848316,7.753263426529387,7.994258304928314,7.787274439819529,8.08738954916221,7.432391449386347,8.484183517882979,7.584055137498841,7.971397540083546,8.261560617799228,7.514769832214164,8.424939233821856,7.79646002008115,7.664409238130803,7.897425750926531,8.139744259639485,7.504243076253623,7.6577244,8.211821380629408,7.463791763824654,8.125300478175642,8.568707443489819,8.619916040066263,7.200046922667981,8.11830698567275,8.16695146648217,8.180700164058281,8.19763747745633,8.228200845523816
2023,2,2023_02_KC_JAX,KC,5,K,00-0033303,8.306722937943444,8.240121,7.597420419016909,7.09901829169252,7.790923837208369,7.532211975834313,7.95154591075547,7.810787675908823,7.986311759808918,7.897470359745166,8.490560979780376,8.300539845285703,8.296627861677408,8.252508372983907,8.328036072019325,8.095573723747956,8.687153984898666,8.004240031086077,8.227172170835896,8.33724384149012,8.502879866608684,7.989536139879194,8.094631248205593,8.152478009024422,7.976343957773402,7.851970682208679,7.964629307526607,7.990063845483362,8.513754491793279,8.640259410718537,8.186929668498113,8.780524,8.71702030155323,7.819970785760935,8.450268136796854,8.144316867612872,8.554145994083843,8.292505752254275,8.259957386824833,8.246639023630461,8.309375630945517,8.327953979937847,8.349185021932248
2023,2,2023_02_LAC_TEN,LAC,10,K,00-0037224,8.310535138171316,7.910642,8.837493339043386,8.282997538172674,8.847450141982147,8.578010317373538,8.657215908522177,8.8110060203785,8.446365096828366,8.730805102633893,8.059852165521438,8.272997598241842,7.984800728328612,8.225608679346625,8.321276786543649,8.488964858579633,8.05739767570066,8.53884485640147,7.735051434139714,8.766680507098672,8.350393009399436,9.076553297603075,7.920096173789095,8.774318711032072,8.462562574777447,8.755635272062383,8.616737881616668,8.394684296905709,7.879696234116564,7.892783988946594,7.9877025376210895,7.9237275,7.240337429951809,8.12101269848706,8.624877524278926,7.998551822441593,8.843817271201065,8.196347123954475,8.274566892731297,8.290909773094182,8.274610163655753,8.34360490623665,8.376674674301983
2023,2,2023_02_LAC_TEN,TEN,10,K,00-0025565,7.861877046098046,7.4614105,8.09723976157639,7.954268131782691,8.151741203527864,7.938318041623382,8.11396192164896,8.236317070860126,8.11964444313727,8.104978571096298,7.736072890094679,7.494972106690555,7.6695124080208705,7.534009171327327,8.211937054038728,7.740451660749827,8.215611742260833,7.748219543677765,8.734954043766534,7.936818380187545,8.920433718725484,7.7827158207766916,7.620060323722143,7.83511158251575,7.437632954253876,8.461925132432564,8.201175362145532,8.047993885911206,8.161231075757126,8.161363044193404,7.644560478049472,8.96959,9.094091189687775,8.06192036127619,7.90649033230344,7.761670798806616,8.348743724721135,7.751936272061268,7.950364140270364,7.931057051349707,7.831125689122093,7.880381372338274,7.898885698578502
2023,2,2023_02_LV_BUF,BUF,8,K,00-0036162,9.021580406570587,8.431764,9.76857375153878,10.578047266631794,9.587087182720255,10.32752836970658,9.181724096988589,9.66719113787316,8.861004556924335,9.01469792043078,8.736236613737075,8.968458231571715,8.578116897555656,8.77752473991091,8.93098067230014,9.01620595226554,9.202575367635342,9.228957178555929,9.211252600505388,9.481831147972246,9.109345892199292,9.036851420337728,9.831787010350148,8.960502598870052,8.699715676471184,10.10835888867204,9.513342226285165,8.998108812014681,9.222963123795571,9.413150224472089,8.983344018416533,9.83041,10.031038962542151,8.761948086348731,9.176608880418206,9.171640929823592,9.660884262050978,8.169264721552954,9.005588461036128,9.032264712828935,9.035439550851233,9.047687985068208,9.07379556356583
2023,2,2023_02_LV_BUF,LV,5,K,00-0034161,7.612684244194151,7.0840683,8.31683918941175,7.307115858885485,8.154733723514571,7.320767210278971,7.88240368419688,7.513055356469144,7.806062855040191,7.769279723870213,6.968607707589562,7.099699325174401,7.001900311177443,7.123814760221432,7.281538364990142,7.625101690716285,7.214713035624541,7.591052527337302,7.023019236152897,8.071273627980526,7.290500256306979,7.952901787384187,8.0662998295352,7.509354519853637,6.609386700725453,7.7411764503437475,7.693087163628098,7.765677411313036,7.408855210470955,7.023937529745167,7.008749036118502,7.363533,6.97395108656745,7.485788810038909,7.717939155933019,7.866664054679101,8.138647342645495,6.683860706390272,7.695401346079564,7.71345792605001,7.6341469753913795,7.63718863415076,7.661693024107372
2023,2,2023_02_MIA_NE,MIA,6,K,00-0034794,8.044116666839175,7.9136457,8.903239434960623,10.703653475270208,8.825713554276991,10.290969667515911,8.55919206538888,9.412708934247195,8.448155176773612,8.846954057342018,7.63744357439808,8.216003243284213,7.986799498691052,8.175262510323511,8.39896096207348,8.851679298865967,8.270943937465102,8.82075952461642,8.148643398556151,8.856793859056047,8.537118900356194,9.921066443258477,10.18462582363724,8.653153712040753,7.956074753291203,9.00770921700586,8.712731328821928,8.507917350077417,8.436218621206093,7.9373268612975,8.09835123146398,8.846498,8.688575040502275,8.360065483699533,8.287313597369849,8.155068241590048,7.887778773600814,7.535587068160595,8.070318943901226,8.070755055955637,8.0644811396701,8.061871374901715,8.079626082964257
2023,2,2023_02_MIA_NE,NE,6,K,00-0038567,7.583936041025261,7.5542603,6.564379887999075,5.907366397084092,6.566229150553634,6.003849422415921,6.7383217697084135,6.308304519096343,6.966776815699743,6.804868397457933,7.123938623069535,6.905007595954712,7.000177733731851,7.129962792983517,6.771253756580371,6.791266279798728,7.171357454899621,6.377197185603037,6.844271883771079,6.459479645588663,7.433819938006136,6.354993640504449,7.089564185539162,6.70361286350464,6.938540809684713,6.321986409316892,6.676606753116479,7.073897520968124,6.915373544864243,7.010868431437975,7.074669950021959,6.61291,7.0785179069857325,6.927853694129539,7.8886548550909055,7.182827354502219,8.199693192427775,7.62119661727162,7.5069710586124465,7.511203663622295,7.669463679523794,7.625765615350321,7.667595189675381
2023,2,2023_02_MIN_PHI,MIN,4,K,00-0034450,7.0670234931267055,7.3146906,7.154800163858475,4.992016613642852,7.095840033028751,5.461331199036295,7.309893972484804,6.614024523696264,7.53498735610594,7.405509252723327,7.349157401405497,7.316780882636099,7.363495223671177,7.280400074362349,7.156497632390174,7.603129358546037,7.334485580967227,7.416227076357339,7.392846107989989,7.462989979627572,7.272466760886304,7.577305592505889,5.753909485679926,7.216211455955886,7.009833211987108,6.82436862662226,7.245511910928179,7.566705474127746,7.284713972029869,7.235063024347118,7.523259878281473,7.3572474,7.596289771361419,7.331814980591378,7.095568932425735,7.072475257135195,6.941942977588619,7.075842063930221,7.131561089572991,7.103972451641957,7.021912768328646,7.098106314010067,7.129189134893431
2023,2,2023_02_MIN_PHI,PHI,12,K,00-0033787,9.044590728618006,8.392847,8.918509107232042,8.496882657004532,8.854090583261414,8.744120018860658,8.901774923154091,8.912373724658842,8.791978919336858,8.829612165483232,9.225410178223758,9.07893390387583,8.948207102079886,8.869960382861569,9.1181542703263,8.434801833656522,8.829761106259177,8.759039004848395,8.624594556887867,7.959482403062247,9.04380531445356,7.63294183760859,8.006771323422422,8.182439411576238,8.633159371707142,9.107789730376712,9.160256192136778,8.910742252782553,8.983861487719917,8.332753265054443,9.136143066584893,9.02261,8.66177861676606,8.865197103151637,9.044910209225321,8.782750243882443,8.559644514469603,9.810265584252356,9.042967940486736,9.04519312586492,8.959108124132815,9.068419569164266,9.092248409710528
2023,2,2023_02_NO_CAR,CAR,13,K,00-0034173,7.001319435624123,7.128929,7.039920938189432,6.593064821881463,7.142997290098606,7.124033461214634,7.328798762064831,7.734751249245471,7.433751909041284,7.818365009505593,6.862120947038553,7.580686441211695,6.841307754138331,7.667270893248427,6.758933124752516,7.129913448361446,6.858091158739102,6.929796064089596,6.910085913330857,7.906893773447455,7.286685562380734,7.565971317753296,8.075311880369515,7.587527886806083,8.006083654926334,6.913513445978268,7.2467350221725075,7.412227730651481,6.902807568433314,6.917833893604195,7.01930474068564,7.0616,6.893595279030184,7.381258622604149,7.159257477282811,6.757815980886438,7.367088437077479,7.0685347818847815,7.001461631014076,6.986518819266477,6.9930134637550445,7.023520344764015,7.045721253903907
2023,2,2023_02_NO_CAR,NO,8,K,00-0038905,7.603120791046885,7.668007,7.097788199335168,5.349844547268294,7.201993269279412,6.048555253445302,7.622996024002959,6.991463316314289,7.906370394701914,7.627198966429089,7.484073739005445,7.514874544885294,7.485172980288797,7.621576502026436,7.695879566530102,7.764338571079001,7.134216673388347,8.040663259064921,6.9716084301831724,7.429097176989905,7.697159478767565,8.29708478307313,5.481869534293228,7.576879340008531,7.963386718093572,7.748278355077002,7.808964095406703,7.927693417021903,7.598378156333482,7.170421129367978,7.282293704871299,7.760648,7.5477709785259774,7.842671899100932,8.207760250520408,7.101191129788341,7.636043902935532,7.683559368409367,7.493527507158722,7.466890549467788,7.609465012846211,7.645630799169311,7.688140807291736
2023,2,2023_02_NYG_ARI,ARI,9,K,00-0023853,8.128329012522393,7.6463113,8.744137833632465,9.515135692942868,8.59535856054356,9.52770611852134,8.342710720477928,8.936859179819333,8.169535907036357,8.518365119355186,8.5808367266273,8.820204231686343,8.559513930091448,8.663536244388602,8.166794090263673,8.280111995233822,8.070235598123336,8.357692002204745,8.111320768891444,8.260568556572352,7.874456234159484,8.156815790108377,10.559863666270637,9.299724846194396,8.812920264047882,8.682791449556564,8.449454952254603,8.296753591402652,8.423624134120072,8.14961552579268,8.804910534833274,8.178564,8.082032176111872,8.266486422265515,7.867236008517498,8.270823676890648,7.842698095131306,8.377794648488766,8.089704445218118,8.168302492295112,8.16757069042833,8.1527690413431,8.177209070163808
2023,2,2023_02_NYG_ARI,NYG,7,K,00-0026858,8.5053752354022,8.544775,7.895775649940682,6.672196304149472,8.11798136775698,7.343184097456536,8.36265897207518,8.258447968908847,8.280750738807093,8.389033200793904,8.56407347930861,8.6428036130111,8.39157686354365,8.40329080662612,8.540040290615869,8.387511043562426,8.727359816580753,8.502088965779182,8.844088823186123,8.518204488619743,8.645487203708782,8.389928206616275,8.312991074455265,8.705462538916175,8.41205561059125,7.338551308307431,8.06238884890321,8.146007500113285,8.50976903559456,8.492952209779018,8.463076193735859,8.82865,8.723552780815382,8.172288466987222,8.669865273544254,8.332427322280228,8.622819178869687,8.545814032699322,8.531389814745378,8.534902601024884,8.583362177897587,8.529696355690158,8.554017475978114
2023,2,2023_02_NYJ_DAL,DAL,18,K,00-0037692,7.8805946483633535,8.114236,7.2378052103467585,7.73360975116221,7.549883571574489,8.210501352273168,7.854203754644558,8.389641847275884,7.953905619369342,8.436808608725404,8.26595658685677,8.584009509310265,8.072906443765943,8.406235565688364,8.143521262368099,8.767784380179968,7.866591028312025,8.83343925600822,7.820663368455709,8.210739095345646,7.7708082864371475,8.372860931613888,7.755105522537506,9.13929290554028,8.785838787867538,7.593622804565316,8.028209177695805,8.187606721000439,8.352041995355203,7.98255231465393,8.338375562076916,8.399397,7.861925770606389,8.086599178364349,7.982248040049884,7.718990075387836,8.460854305897731,7.761193878017407,7.816708516775298,7.80781302901946,7.801634249958463,7.900207313583611,7.919819978803867
2023,2,2023_02_NYJ_DAL,NYJ,4,K,00-0035145,6.329313483934941,6.586848,6.702604889526077,5.44783202938808,6.876988338544431,6.039714724820084,7.175098364636483,6.909615697324467,7.2479888692263374,7.279802317483094,6.808108050139825,6.728340608371756,6.895128120706461,6.610832656627023,7.02315906775187,7.422475871838589,7.084894094927989,7.488777970531795,6.784954512338343,7.690532594396773,8.006711913913007,7.840403931074986,7.040274386081955,7.236755885711793,6.57765177719891,6.651817802772523,7.347908551268083,7.554915598093225,7.356452876505495,6.732511256759006,6.686899287051685,7.2423983,7.735230087922067,7.499732615665746,6.209104535727692,6.038022090491085,6.484600646869754,7.014566111666116,6.465482540102158,6.42494499627778,6.2430845399624,6.354365962439294,6.379418440943649
2023,2,2023_02_SEA_DET,DET,7,K,00-0036816,8.454912096404177,8.8593,8.627382939834444,7.991438505861915,8.48276454002374,8.098057866605274,8.606314324686133,8.449727477952331,8.557543969655747,8.661711978843648,8.304145908781528,8.525144506635202,8.525734762562635,8.561176703321904,8.85120113276582,8.83270344830793,8.639203797031703,9.034323165071218,8.772433542957947,9.086652619879462,9.137877877984431,9.23842062585056,7.957530994387229,8.997755465656127,8.708815604855713,8.966105596717835,9.00303827009767,8.781912363042807,9.241995705269378,9.23510483702309,8.543111671120304,9.4394,9.795612822647072,8.672323477336699,8.501242466035634,8.416839312971561,8.718679853842175,8.329678230103227,8.470795349347704,8.475027466605514,8.474574049304499,8.481837047173842,8.508761997943504
2023,2,2023_02_SEA_DET,SEA,7,K,00-0031492,7.876228847543547,8.050683,7.690143147574543,7.982226715533368,7.538437687378352,7.959516980641288,7.808680595764078,8.172637824264273,7.985559046363338,8.08300493901205,8.557467432936718,8.686560285122898,8.504627183798435,8.31385635741263,8.090153339227491,8.47671218871463,8.509117486531604,8.550883877497578,8.333037210931764,8.795480057905722,8.964451411878688,8.419455945658848,7.315754181245165,7.850465437708308,8.269078046166635,7.210091784278278,7.686382524304545,8.054588274447514,8.063617927462275,8.463359415446385,8.418639560943737,8.433404,8.73693006894041,8.02331584076041,7.486015059050288,7.927160055315435,7.404341598958438,8.595630739032208,7.972088218447957,7.950517360453694,7.852217530211289,7.891898601641049,7.907568355738552
2023,2,2023_02_SF_LA,LA,13,K,00-0030332,7.694728380923808,7.6613274,7.526481448111912,7.592627437631296,7.952232753953921,7.566907075179191,8.12057310592474,7.330896500686017,8.082006066182513,7.517736631363172,8.534551621147962,8.437890235271878,8.603544458674044,8.179781239911394,7.277530122098975,7.485406633719798,6.930477837854799,6.812973918990167,6.981903378659266,6.927766600816716,6.446854988007251,7.442745525725584,7.959316431978786,6.829874321241611,8.536462133837967,7.737970567171023,7.854377197596886,7.801425076671285,7.212418615706357,6.927266673606011,8.570948854011839,7.0152287,6.871437729862959,7.504610451941008,7.151150841151662,7.936005381156298,7.296463927579717,8.226672916789093,7.756251031034068,7.769027232332324,7.622672955991868,7.725146729136321,7.755565077348832
2023,2,2023_02_SF_LA,SF,14,K,00-0038562,8.94146391747297,9.009023,9.317816984890666,7.817270612074207,9.264887408745963,8.028457962483428,9.282449673152636,8.474351160413386,9.268400451708166,8.858015025182226,9.262552241296282,8.713257465693433,8.919301802399971,8.766436892617278,9.283514207203382,8.815450234132634,9.16333131953707,8.983399590794727,8.803233862435457,8.704365546614952,9.352757414993144,9.119702450259584,10.116040223687548,7.839374253189465,8.922872518214497,9.021160075822232,9.17550835199992,9.206880291909654,9.26286880351366,9.496164276989257,8.889797435619926,9.194486,9.077757174125718,8.908458829177997,8.7509657768679,8.880423496579441,8.803465775562987,9.418291041122616,8.885266780197025,8.865639408665196,8.71292427952758,8.98355530282426,9.025646688175556
2023,2,2023_02_WAS_DEN,DEN,9,K,00-0032569,7.693636460924528,7.709927,7.5884302937724595,8.686194891670281,7.814874145606533,8.531210487082957,7.674124775559357,8.061785771935527,7.637779582415282,7.986537233308632,7.738769765477023,8.168370035625246,7.750316045247243,8.060222981622072,7.37338948214544,8.097549433070753,7.7753630025483025,8.219537145044963,7.219064853277707,8.177829926065252,7.321566335464123,7.759124550927661,8.858198435335044,8.794642267596931,8.54656471692265,7.569726392687134,7.596546211706801,7.601790375458484,7.568546805270159,7.678662696002787,7.701659628253495,7.839083,7.388734152039381,7.500742209700276,7.7677990487098745,7.804455334794357,7.183125167117268,7.616010478410478,7.6307714396214275,7.646623069313653,7.710886854625307,7.7192989735072315,7.744961486089935
2023,2,2023_02_WAS_DEN,WAS,11,K,00-0035192,7.61708445097268,6.991156,8.84829386052729,9.39708793960568,8.570276483052695,9.144711412054557,7.96706552709684,8.479740673124788,7.816572749075815,8.175997555045466,7.241045639157707,7.339007100323505,7.191332196470988,7.35093796550629,7.799531004873986,7.74962327957539,7.754366861008931,8.060860140599813,7.4247438452519505,8.141215036167685,8.185431170355518,7.23674447390103,10.416813589638249,8.418495454214366,7.838122534885991,8.511101243138807,7.999213153588474,7.821579185227181,7.679026754922786,7.74728324606897,7.13501410413043,8.086372,7.909541564924106,7.502844457690664,7.761474321173329,7.528028436327886,8.06910507878078,7.352601361057241,7.4966695297427055,7.568878994349708,7.678670857624255,7.6377042233584085,7.658323995744135
2023,3,2023_03_ATL_DET,ATL,7,K,00-0033702,8.158573559177919,8.185452,7.8026641595751665,8.290084658207025,7.807458077060923,8.519985553770937,7.998929231247239,8.551942085953751,8.199194274369349,8.386617199984682,8.63880994404505,8.673602801484124,8.651311561529255,8.45408956121775,8.4240893526596,8.280767460658742,8.442259398438065,8.102105971948506,8.64366776953791,8.04221847505652,8.536221178737396,8.287343595805794,8.41716601050173,8.070406548537255,8.524005942649872,7.505097790081998,7.934665547794135,8.26960372775018,8.330251010306464,8.584040943177802,8.768681847023963,8.407593,8.231115420803764,8.284419879488881,8.392570595209035,7.858423109470928,8.21925003358997,8.377540667339199,8.165872074768824,8.14477452004484,8.263772902693713,8.17737498264293,8.196176406107941
2023,3,2023_03_ATL_DET,DET,8,K,00-0036816,8.719993594331093,8.72453,8.857529468841687,8.852202301882622,8.809421498001603,8.90890354734438,8.782992854676362,8.75703449677515,8.631695639686322,8.627749890929387,8.655365657629442,8.311182056180444,8.579652623837678,8.333844362660923,8.491109924253589,8.536883223063802,8.735081794654198,8.502406517519585,8.912478555261035,8.74322815431079,8.657708021495402,9.048716702293609,9.157785571933626,8.627379460778087,8.560538005914971,9.04962724126436,8.820417053754737,8.523877151900987,8.560519387354015,8.68373682047549,8.295873170522814,8.734957,8.568356428782632,8.355738253698608,8.977896033517967,8.490129904744862,8.66975873085219,8.817984746462692,8.571632309079025,8.62240600288131,8.744954536436508,8.747511210629497,8.775028826927901
2023,3,2023_03_BUF_WAS,BUF,15,K,00-0036162,8.295313515197956,8.108292,8.955032445777222,8.780004565958858,8.741542257715896,8.589631896042695,8.379671470019833,8.458894232369143,8.21747927869668,8.331127547659783,7.986827632923937,8.21511995484233,8.162945696404593,8.29350285173785,8.638858034061835,8.358922717749522,8.949294501391615,8.2080713393215,8.333431650880849,8.28777958429572,8.210609107276495,8.173800600611763,8.317963126964798,7.822027863577748,8.429767658056388,9.102978342621691,8.619568616158244,8.316987821788306,8.326262800826507,8.700966070254111,8.10374909672201,8.180463,8.273696992849565,8.153028229548243,8.32037744941392,8.387855133085383,8.720271716591604,7.8601552774023284,8.337895617517132,8.37069170454899,8.346772426333974,8.317896093847542,8.340478672497127
2023,3,2023_03_BUF_WAS,WAS,5,K,00-0035192,7.28420331957015,7.119982,8.394597337113485,7.954364842811664,8.34850257494203,7.952760346827311,7.853161045785198,7.531210252484783,7.745691147523584,7.438892592133463,7.00899080586305,6.640766461798031,7.031778167256343,6.888096334834708,7.615016251942474,7.104245539229826,7.699247692259765,7.405656646881876,7.883662737951585,6.753027490031818,7.517649277658995,6.392487149390603,7.307094356347409,7.324307831501238,6.849475272790755,7.99828408762793,7.592047419247035,7.587555817380167,7.515546375576747,7.91224628223663,7.022902820287292,7.2663517,6.929905201369642,7.394459553699394,7.421786183977071,7.424757899149601,7.668624371729681,6.604509337721101,7.267598183092378,7.304105435251296,7.3988965820534425,7.303950990765433,7.323698661960717
2023,3,2023_03_CAR_SEA,CAR,11,K,00-0034173,7.526626016714194,7.0930157,7.8158576189188285,7.416847299920338,7.732627231187013,7.69363369643305,7.712709875883715,8.07177249988975,7.704257121902009,8.009295064175845,7.063761218166419,7.463858396507512,7.224303374241602,7.494248306473509,7.601521677514745,8.11040061093458,7.68117156450891,8.322798688801138,7.597870862920805,8.594572138096362,7.481126782701398,8.414101121176236,7.205917968477271,8.151345342904632,7.527315302431524,7.667341238906882,7.716203469754717,7.721439647005385,7.874860505289742,7.932124765920733,7.218345795244806,7.568978,7.414836328766115,7.740571289218819,7.893266058650605,7.402389965891684,7.558739507237231,7.209081310193074,7.496395718744636,7.509733879728006,7.542188191888829,7.553171518168672,7.579717019623152
2023,3,2023_03_CAR_SEA,SEA,18,K,00-0031492,8.320554518909795,7.991479,7.881575891369629,7.527187278365063,7.904376110122937,7.535594632309106,8.083669525445606,7.808071965135318,8.186793259780643,8.129579648186754,8.627192077862473,8.472481583561128,8.56680084322832,8.464410538815018,8.488791648903813,8.36741933658044,8.556200043379873,8.496777648227706,8.398520567649456,8.615190554301618,8.52529574503591,8.23814912962019,6.570840150685884,8.594521836400219,8.774765346556368,7.76755781813045,8.072067640821746,8.239455101973197,8.44224298902472,8.283206246505394,8.417152420780868,8.364248,8.52936362434757,8.336688766049074,8.193068908125936,8.382402162582613,7.689126053496286,8.703801880446695,8.291533587645027,8.298928170436213,8.301862065236975,8.337039863046485,8.353525207183175
2023,3,2023_03_CHI_KC,CHI,4,K,00-0031203,6.21370794150701,6.63784,7.102811962576709,7.717307814502941,6.873925806700177,7.370584155809428,6.52347265219318,6.753243569972468,6.637906876939381,6.7382675167048,6.219996199653854,5.874496836347416,6.213801067157319,6.078628182583422,6.546059099013995,6.523790834909343,6.594035215122878,6.620540028599553,6.809508667156743,6.810691217459834,6.796713739784151,6.912245074276769,7.088418920672207,6.423657877997083,6.488279866591159,6.513189588553056,6.297082779187623,6.564142240983495,6.462785903614453,6.511125791966677,6.171535159497368,6.6912704,7.150571699839925,6.6539816672453975,6.705275656113782,6.144994109909021,6.57860385114405,5.431336077974311,6.161939034919615,6.121797643928092,6.307513768532988,6.233836693366843,6.253965445226677
2023,3,2023_03_CHI_KC,KC,12,K,00-0033303,9.315150562016012,8.9738455,8.952585465901976,8.028110012886414,9.062046436848918,8.056532707369065,9.189263885638546,8.654516339939505,9.007646554596397,8.928182555339994,8.730749433881215,8.684159521476829,8.637560778039573,8.585343272474221,9.0403898752571,8.544239139192516,9.455026280261077,8.456369369737418,9.589116164294492,8.690272191012214,9.59942733313185,8.217822345154167,8.007676915300257,8.983707602621445,8.376775436712155,8.52512440408649,8.971515932034936,8.917468643493676,9.059232939011958,9.356809345570124,8.769185571530654,9.36256,9.856845961985224,8.816856343101017,9.54428917158365,9.159437395802438,9.862084918613462,9.009401801792976,9.289367029046538,9.326635986162307,9.290446044470901,9.337847004770873,9.360543447525735
2023,3,2023_03_DAL_ARI,ARI,13,K,00-0023853,6.630617240362702,6.5569406,7.85747636271094,7.582209137338508,7.759608766065146,7.64590841927422,7.492410034541989,7.47560645421983,7.458615730907607,7.507343187198122,6.527212855883882,6.750074010071668,6.6797742673033405,6.702411506276865,6.649568740715212,7.982608510777847,6.450364535143482,7.575643676839197,6.448200769894941,7.468225256908603,6.900836960871585,7.751048788924955,8.433613821097497,7.16973246696376,6.698879324424331,7.88924088895186,7.730646876041309,7.707868439817213,7.213925226065093,7.173928123550632,6.699841670163276,7.3158836,7.470334628060147,7.639616241639788,6.572427735248214,7.017815274736906,6.718752767850299,5.899437665542231,6.717197087014207,6.7409136851990565,6.679620121612998,6.651495661044733,6.6723740817267645
2023,3,2023_03_DAL_ARI,DAL,11,K,00-0037692,8.443255989295107,8.623406,7.980463687945161,7.000377655357357,8.301793983217681,7.7742002847619265,8.545043441957802,8.228566209622816,8.62654468994128,8.454087903800511,8.60311927335001,8.628022040600262,8.777778813913532,8.595820463196882,8.464583150387291,8.219766338722447,8.095631060857366,8.135476264548428,8.360286040275398,7.881246209224071,8.15072716713249,8.399413551653238,6.8630887144339,8.14092358956138,8.505828000250029,7.719341856992639,8.221848602531981,8.474566942805525,8.09600714428145,8.133309430567655,8.625808580702387,8.4604645,8.295577128202929,8.591413106530485,8.650027141475269,8.083230687411934,9.169283305016888,8.490136206930325,8.403419655467152,8.35233436041653,8.3258467436898,8.466050162543214,8.488844335791315
2023,3,2023_03_DEN_MIA,DEN,8,K,00-0032569,7.30837284344716,7.242801,6.83953262779589,7.719170488624898,7.051715297580873,7.536690003473941,6.970690310221457,7.046780341075279,7.060917522030971,7.1993692147668416,6.931507757726997,6.770584018321101,6.997696453871291,6.818657675744039,7.293819255321613,7.29081054897623,7.564264354955128,7.124190253198452,7.384585139575984,6.9833210379964665,6.721890058614483,7.014371596681784,6.856566349471955,7.159822173770748,6.9288555476641065,6.077821397411005,6.551429756820335,6.99980508634456,7.274783504850052,7.104496648304287,6.970002894608888,6.7211833,6.541764809756743,7.091736175098937,7.519489673957207,7.251608258966379,6.793167920158361,7.36282922828805,7.23234453900223,7.219353423538058,7.3633936913632905,7.329547828471683,7.350722813496206
2023,3,2023_03_DEN_MIA,MIA,10,K,00-0034794,8.925455379201292,8.320957,8.935357226317752,9.73238024137406,8.966704112982141,9.467969371572252,8.762816416800371,9.102842907246316,8.630875090865697,8.93679994769244,8.88161803701364,9.03873410003755,8.706584820926418,9.15861396353294,8.875027945515402,9.285807355149416,8.800756719637985,9.40821691506408,8.698579098745958,9.635037630930826,9.004129773823102,9.885511745557189,10.400685764548497,9.03258248528983,8.663902546684447,8.992039479470684,8.948643037832023,8.779053118370042,9.277388645127305,9.307352272418708,9.14805699386214,9.802188,9.436529741344536,8.878023257991039,8.987434750979029,9.014284849847908,8.552700565924635,8.841204786879787,8.898264860925252,8.922327441274131,8.906122080075406,8.945191356108548,8.964927333015801
2023,3,2023_03_HOU_JAX,HOU,13,K,00-0032726,7.207725101429594,6.916326,7.403344235075544,7.0499631292912674,7.246279910012456,7.200282636142683,7.05920779614842,7.203380511712844,7.080570374688702,7.305436685286273,7.148296102609563,7.4219494443104,6.923749274746316,7.161744331128551,7.182444493094351,7.571375766598891,7.198349843377432,7.02866578247454,7.0906985540550735,7.395141791379887,6.647395398832311,7.626035553029919,7.626822335121504,7.656143478691287,7.434964888258256,7.647885794000401,7.199719491277762,7.087723069625576,7.09896296748116,7.170941731772618,7.126694901444138,6.733928,6.735529945818753,7.124410019948549,7.63184021001234,6.888777275834039,7.0291596817376245,7.29873079959257,7.057648407063682,7.0827828938344295,7.18861696001919,7.225942849446821,7.244160597464046
2023,3,2023_03_HOU_JAX,JAX,5,K,00-0029822,9.549305967561532,8.264021,9.373018291269458,10.304554634061295,9.199592987753157,10.011637663303054,8.852511981860202,9.29265784947546,8.527684398592463,8.679621411918536,9.110776647132482,8.841535726365004,8.960076753566874,8.88441347284894,8.793256191006105,8.62184703219143,8.731355488680343,8.582492675020857,8.523998939599624,8.623959507553177,9.040407692028342,8.200716171802613,10.059229306212972,9.111554904578384,8.688135353658653,9.286763757907003,8.645281392894804,8.258265633556015,8.309194981029812,8.119477757713588,8.77219168471133,8.293714,8.178512105318227,8.088038664504646,9.304230343400205,10.085171290646421,9.418973001153859,8.910355240837594,9.412486049542977,9.53188935939345,9.516887629342992,9.58117752504825,9.613049082534964
2023,3,2023_03_IND_BAL,BAL,7,K,00-0029597,9.52450017026609,8.264021,9.257130166761836,9.439895716128506,9.176997934001523,9.36729560468137,8.875112646247967,9.077692700040782,8.600084794986804,8.671784174704724,9.327306137089266,8.932580659191169,9.071541311501289,8.981174073108775,8.895096607318344,9.018023564771555,9.153729475640423,8.703439346932267,9.010796679876144,8.736547701295098,9.440013289955177,9.229393189157598,9.045655780584935,8.575210536712186,8.492313689123158,8.758272226223347,8.762922576467368,8.512986417285079,8.64035841798136,8.935432888004856,9.066714112027045,9.289539,8.835574084566758,8.482661092389243,8.96069425581669,9.821232476481876,9.549257872205123,9.764365578539106,9.527301538341668,9.572692155106573,9.54002482921862,9.549302169783097,9.574104169300103
2023,3,2023_03_IND_BAL,IND,24,K,00-0035269,7.133789866080644,6.916326,6.788946940102809,7.643425318479057,6.725302135998678,7.529859433570869,6.919036639420131,7.442860602670021,7.073997147425117,7.430537010694867,7.098218339310679,7.944727521631661,6.835859213194095,7.592599477802466,7.515593729145511,7.736183112577723,7.429790165099446,7.618772325147887,7.772919787720498,7.270866634991046,7.2777271542906865,7.585451476624788,7.800646125767052,7.756397771727996,7.597798912328688,6.69635453627602,6.978559120938141,7.197729130651687,7.98959328120241,8.284856371603478,6.890946889937066,7.6724277,8.124042919545515,7.125727509199451,7.463845981601089,7.009497138452742,7.21992219463309,6.844224983779552,7.024065814003814,7.0522622332676,7.172007274844564,7.1617868059849865,7.189783745889329
2023,3,2023_03_LAC_MIN,LAC,4,K,00-0037224,8.447854112801611,8.676666,8.422787226428945,8.495048721516572,8.450502336051454,8.927415926044679,8.462182850957163,9.117852777984265,8.392860412623257,8.816884055735713,8.316708644545717,8.580515131403505,8.482121140363724,8.78883961307111,8.315906010803683,8.933450788633897,8.476968121610033,8.721794297002361,8.116240815642954,8.96262433360595,8.212314021517532,8.544802398204121,8.699520302421961,9.132607357774386,9.215391026917173,9.044630595477331,8.830095885168763,8.633173661737999,8.464065271791267,8.316426430084704,8.348267289339669,8.396644,8.176835065037261,8.535250340533711,8.720797139308683,8.138455392079301,8.597062402610046,8.582632869581404,8.43545533828736,8.38829935122573,8.396784639777238,8.477097088915055,8.5063400650285
2023,3,2023_03_LAC_MIN,MIN,6,K,00-0034450,8.773473032768274,8.8563595,8.48500939101905,8.230923796706826,8.514179660702796,8.466905248318158,8.593827916566973,8.888412576362114,8.516897823490632,8.643780112577211,8.959306554387599,9.348442569397154,8.823742204255911,8.855708520228703,8.29825315673972,8.625604093791718,8.117620342172762,8.600673267455885,8.46553147069,8.657806641544274,8.739980946128242,9.487149443264856,8.584354579142616,8.909882871174904,9.15332747005436,8.376233287550175,8.68692001315861,8.549906869209655,8.294497119406856,8.824133704640678,8.830835096389444,8.462474,8.579910580646807,8.297747075726322,8.305168275947024,8.893018802009681,8.107183502056737,9.569983394873105,8.835483160091714,8.841592847567563,8.692215681064088,8.808518696184738,8.843564359601201
2023,3,2023_03_LA_CIN,CIN,19,K,00-0036854,8.244890866385791,7.9555655,7.29212334412417,8.532622146708519,7.529108526334296,8.671355008895734,7.730664796173126,8.397144773385422,7.762710486627757,8.113058030296974,7.981871150871125,8.120831894252959,7.993790976885864,8.007767380406568,7.82733637207123,8.029607503228293,7.500542598190994,8.03089745450267,7.455870006370135,8.090837370300557,7.488431993227128,7.934516412831809,7.941764187620851,7.848636575104303,8.127399992845296,7.851793574758195,7.928294873698661,7.958903661929631,7.924713709803381,7.71699772493013,8.05679438175261,7.966604,7.944316850201051,7.896192026274711,8.571765692216111,8.097780966882834,8.055702369785603,8.143392674946316,8.160986278849663,8.169547713627757,8.236742857690231,8.269503740637322,8.294116614888853
2023,3,2023_03_LA_CIN,LA,11,K,00-0030332,8.335800486192431,7.416487,8.572739310956722,8.925452326592803,8.951029235671092,9.26463799250584,8.759640840881612,9.152933644764948,8.449240732072475,8.805312669529021,8.157623752628982,8.108616190055903,8.100581793601163,8.170729108252175,7.829688049093947,8.3084427322804,7.76278146944284,8.49333271904265,7.397037881262271,8.116490915599622,7.423193431145473,8.374385104602952,9.687616653458896,8.495808277848866,7.833492495256852,9.23395292972367,9.041567381566724,8.571940555055638,8.21066347984721,8.098608317883594,7.938162385948903,8.101514,7.710677920615652,8.30127599546454,8.236245979142895,8.71818751655349,7.954330383353078,7.9110932374642955,8.245694543359576,8.326417137522359,8.313205484405872,8.367104064701456,8.39840764321048
2023,3,2023_03_NE_NYJ,NE,10,K,00-0038567,8.075304543124082,7.4313784,8.871161210867726,9.05488483458924,8.52982237224678,8.62143672685424,7.841599850923226,8.181337902401653,7.439095151269863,7.915717531351038,7.4256122753153155,7.965798414536389,7.292697741402867,7.786698710719297,7.490072733795147,8.35569090303887,7.954145052426575,8.452893888987873,8.338144385985608,7.408080641995717,8.094680499970742,8.27679432683951,9.352088985812404,8.777593271657677,8.802417943319405,9.19990457919237,8.301278411094817,7.78396682406048,8.00988953085711,7.989619872208866,7.79409906314746,7.8852143,8.240933875168746,7.798588485261799,8.539156138053444,8.244265049888657,8.197295649804673,6.9806105838605905,7.93466121747103,8.04507366411363,8.124778449626003,8.134468786940346,8.193633030756612
2023,3,2023_03_NE_NYJ,NYJ,6,K,00-0029621,7.754120827578115,6.9821467,7.382671802164893,8.835234798474065,7.31220708778219,8.648561135752331,7.27188722666969,8.198823210398793,7.321674492786083,7.781303509147285,7.566446957940601,7.619848887811917,7.669566385960904,7.540266826324168,7.64455771015922,7.707110152466661,7.933838764202236,7.698903588450991,7.488935105395343,7.674160908382392,7.825826668444548,7.977425883208552,9.52065796239369,8.047299779010144,7.869441928855914,7.4838822784055266,7.538768881766964,7.486688731397207,7.687482373205309,7.7952341708526305,7.627472994739863,7.5536385,7.793068109850499,7.587180965665805,7.241899865376393,8.17387888581276,6.5055734061312025,8.307209865134864,7.714923241430633,7.793574047295086,7.671638010003911,7.7791440863659,7.804167345153683
2023,3,2023_03_NO_GB,GB,4,K,00-0038402,7.803793020492208,7.3595514,7.5727745259034736,8.238421373676053,7.445101179614939,7.828797769644421,7.302484956665167,7.656157728902312,7.345158237399008,7.748606421969714,7.745876921731629,7.731292167753088,7.473711366239754,7.6464759741026045,7.463887747041806,8.15557331694781,7.859285328386872,7.889399095080972,8.153515629713132,7.500529733923156,7.6038232497458065,7.982969467092316,7.97727962234201,7.896641096478149,7.927255269907404,7.589082046643918,7.33013227476402,7.460006235759256,7.828172018058499,8.137008512053281,7.61074915911376,7.649485,7.88918531444411,7.403814116300428,7.773809727567336,8.00550965890739,7.726554200005857,7.483954093292321,7.87048380197146,7.872408166499976,7.822259066393342,7.880072668202072,7.956352315911937
2023,3,2023_03_NO_GB,NO,5,K,00-0038905,7.593600134358588,7.6290903,6.362439799221569,4.562615652440563,6.539268260212992,5.082221407183518,7.056599261295595,6.270112447017439,7.414609909648728,7.077268195742668,7.16055905166801,6.951410185457647,7.242707751063241,7.12142823012223,7.171780724565842,7.022918866691537,6.695997364325158,6.832030480975163,6.523101004257292,6.468948545874476,7.148741441778715,7.130251484423867,4.883944163452728,6.895356889078044,7.0916767613644,6.968490007066611,7.260821560520693,7.572000865017538,7.577076987922807,6.834018665808656,7.2381215173896996,7.4247947,7.472694168796741,7.656131285521464,7.965083127729828,7.442511305478488,7.256137459395513,7.50728463954346,7.511012124965695,7.471243015892315,7.584183969198549,7.634790807821932,7.675981481285275
2023,3,2023_03_NYG_SF,NYG,9,K,00-0026858,6.976133454354558,6.6467867,6.449302587354175,5.1075927925622135,6.495807275409814,5.277805719250599,6.718868876228896,6.005185263202967,6.908000451283742,6.646822128842441,6.059939275378391,6.0399026004198335,6.307841035182849,6.219354965669695,7.119934491760397,6.69766138465417,7.137488104458607,6.698765184190639,7.23394321380247,7.228300985504146,6.561306577977682,7.293639558343555,5.942526472172177,6.357104757613662,5.988970216936952,5.799924143084301,6.4055274581753165,6.760121741688804,7.005802198590294,7.3614833519350835,6.430366538265577,6.7470503,7.15941529332501,6.693224864724851,7.328425353354737,7.1526069288077325,7.199524430797045,5.9830531687266975,6.999727529591623,7.038149623101658,7.088147431391384,6.99795346629933,7.019773478244102
2023,3,2023_03_NYG_SF,SF,12,K,00-0038562,8.892997149704085,8.533561,8.88817946486962,7.901742462756295,8.860985449125529,8.188437167882025,8.91793416388293,8.549207875560583,8.976023554317566,8.823194698290791,8.914316617684134,8.978120137573914,8.920050928432689,8.851578976916159,8.807865043199486,8.308424509765667,8.653024813614335,8.311131948787649,8.415933953479243,8.111325395340332,8.811588655634411,8.128509212128458,9.999094015646572,7.742384680357982,8.170809751912884,9.021337155744584,8.96854375701509,9.02501645860037,8.987478500981407,9.246351801339484,9.06345926032722,9.241983,8.95704325562283,8.88657679133255,9.144297889175865,9.061122558897665,9.014890933720046,8.118848330101272,8.796723566999521,8.807549768505703,8.656426568653734,8.93564478428959,8.978292418875094
2023,3,2023_03_PHI_TB,PHI,11,K,00-0033787,8.701282184774406,8.153215,8.900905025448962,7.675018682037295,8.923492884130956,8.110713189790118,8.826959408744203,8.600804505385133,8.652333076879827,8.470041246728933,9.001808653306496,8.892726161529103,8.75166112101248,8.669085965014538,9.065341386593117,8.187077172810428,8.960903497501649,7.98393464786642,8.215701633230339,7.733050821704917,8.75031620221876,8.212482629509093,8.1672759218482,8.437514601641569,8.483488750782145,8.584338915571054,8.764130928732452,8.559716798273241,8.876435912257708,8.019807981052669,8.72684584836315,8.8153515,8.860715641900077,8.71844550180403,8.894409778764778,8.53864443021922,8.064348339376965,9.055333225597938,8.698501662240899,8.745101245409817,8.63337916953022,8.73535096479044,8.769419744806475
2023,3,2023_03_PHI_TB,TB,3,K,00-0035358,7.1187481079447625,7.075059,5.662946422590828,2.881612628085989,5.984449090392397,3.805836837781489,6.70361849296844,5.361686933774031,7.188782125434083,6.749118366956415,6.74213898266436,6.468643661101176,6.857428167024531,6.458367261560053,6.982547929452624,6.646793078046774,6.6838606453515,6.481659430624023,6.826861632106491,6.483444030638732,6.646476966866454,6.444229581678883,3.468460564922329,6.313247495838468,6.371672734625858,6.2112866284341735,6.661880038375188,7.171375972814962,7.0196951337809725,6.967306557139259,6.895974285936979,6.7108307,6.425250534779361,7.195518826262703,7.702080227549452,6.760271290216283,6.990693956690508,7.024730639621814,7.119662335621454,7.113025341848662,7.161480813693286,7.1427371795591075,7.166726251173454
2023,3,2023_03_PIT_LV,LV,4,K,00-0034161,8.59044618628123,8.5328245,9.25567187605982,8.422411557625871,8.991882057111555,8.450449755181856,8.54248652929195,8.698673167562658,8.270759440651858,8.488193234721265,8.391868984868367,8.416525183078527,8.245452206715923,8.548374484201885,8.079040372563814,8.783754501815743,8.33146622455647,8.863307986019231,7.839843247378219,8.7894550216811,8.22542690732765,8.984660311272632,10.52489850342262,8.844978617388248,8.561475538077458,8.842300643987585,8.57622899640563,8.28097473424605,8.313730074011685,8.633764613267704,8.352138498758888,8.486533,8.769854001084811,8.155658364008907,8.039405783029121,9.412347460431457,8.48694620736435,7.824954232317387,8.702458580625263,8.711054836234542,8.63805063578062,8.616645670263273,8.642845154245315
2023,3,2023_03_PIT_LV,PIT,15,K,00-0031136,8.27861086370821,7.9937463,7.016510245301513,7.17925917614149,7.138788159910558,7.256034469667367,7.677237779591998,7.461075420929274,7.904395593891988,7.876296897499286,9.01604711123145,8.976069482302421,8.693471835463571,8.585277560182275,8.828193481287336,8.383524816377665,9.361294913173095,8.805456719269493,9.44315311126852,8.981888206949495,9.67007593656664,8.549739321996414,8.28992859836597,8.756444163016011,8.828501545827871,6.781890696242132,7.614148191489329,8.011052598140703,9.288087022896493,9.418571795899922,9.071475626869358,9.175478,9.6067665309171,8.000282735839225,8.510610941260694,7.637936425410627,7.344969890506087,9.678780110575705,8.184466559636599,8.183820508267532,8.326563154260226,8.303629226401176,8.32864758909414
2023,3,2023_03_TEN_CLE,CLE,12,K,00-0030098,8.056614728080419,7.641041,8.227319896172622,7.698877302754507,8.140048897766253,7.67003938307096,8.049062588404563,7.881181168519329,8.026542319579143,8.094093421940308,7.976486882013114,7.901074708232875,7.92150246431548,7.94466445858453,8.080877277713618,7.9956331393717,8.196433790371003,8.432611082437397,8.4145935967153,8.49526198521358,7.826517324433483,8.241369802367892,7.1263725766582064,8.355674454012988,8.293562448910212,7.838473590248004,7.911930493295967,7.955674226780519,7.922860476685579,7.860213066941456,7.911953652759718,7.8384423,7.855617980141045,7.902862656109125,8.548144407670659,7.9273025418467284,8.068313227851455,7.572095331276913,7.891474952840665,7.951373896265436,8.066775305481922,8.071071171526341,8.085527614972264
2023,3,2023_03_TEN_CLE,TEN,4,K,00-0025565,7.168271793382864,7.0121164,6.969163535724119,7.356679623554358,7.1359509397824565,7.562503023009327,7.235993316401746,7.832859240865051,7.325432394305121,7.860400813526035,6.999911441767291,7.880373995771277,7.20611090160568,7.827690259032656,7.579627686582667,7.779073499893093,7.629142984992066,8.406943856343744,7.505686804910798,8.451935001963388,7.765736131440338,8.02414923845963,7.686133734288687,8.57553538408534,7.968252112478464,7.022275769797982,7.18512548721667,7.358027600596792,7.7618434677171875,7.733135766588495,7.339202312340564,8.015181,8.302782914942394,7.358868201109749,7.5782628184721945,6.721215711164275,7.177904684593011,7.442580974580971,7.0817892226961074,7.117690875630382,7.172140368382607,7.185021593397311,7.201771393411759
2023,4,2023_04_ARI_SF,ARI,4,K,00-0023853,6.338991521932716,6.2664413,7.570813420980155,6.305435307373955,7.406196832369808,6.2930298616304015,7.083982970469853,6.391985247001086,7.139143988994361,6.918110970753712,6.383702792858274,6.278898443825649,6.6868344342073085,6.571223784148998,7.296239080843264,7.005005193501993,6.577807974101606,6.94634101268961,6.324521515404898,6.377519767709116,7.051359686413777,6.865547085127238,6.8709628760804,6.357319492858232,6.333043710291114,7.165971260600115,6.917494055682493,7.072232493304585,7.308810569357895,6.619526300800939,6.531915163187323,7.062041,6.975758153807854,7.211784810503056,6.630910116277721,6.5423105530637775,6.014883128879354,5.656529764679768,6.307958664109792,6.353772990324128,6.3950303394268495,6.3653693718465645,6.391747221760413
2023,4,2023_04_ARI_SF,SF,5,K,00-0038562,8.952912839228127,8.961832,8.433200810243092,6.50693839361386,8.584459980639814,7.145824259833896,8.86669765041009,8.090327157329765,8.980157886947902,8.640402199098945,8.963520361558146,9.013200401156691,8.920312168351954,9.01745030518142,8.77392899788162,8.225852552890492,8.500267522614308,8.17162859420429,8.053524429110796,8.102923594582471,8.990453214640617,8.777797813132942,8.59177214526375,7.9554065881376115,8.379193137008889,8.293701410319716,8.641072564546452,8.847600066349106,8.56778844221641,8.44216068387443,9.023173335696546,9.000981,8.503012280116259,9.086845221727357,9.235098011010628,8.957717010193454,9.211148120986785,8.390909098744391,8.876691780833077,8.841449590162805,8.718673574625209,8.990787989909476,9.028663140590828
2023,4,2023_04_ATL_JAX,ATL,1,K,00-0033702,7.70604614208715,7.227785,7.615787705074349,6.977515596800054,7.617357360314578,7.623420736297902,7.702104851039264,8.065524780366957,7.835812492602948,8.18336509639633,7.906047820180147,8.049062011403967,7.724670447572832,7.937637749560287,7.96554532986889,8.098717967381994,8.215488777656553,7.87382216940602,8.36775664030681,8.060906349764034,8.612893406978648,7.916533315863817,7.639188821897914,7.738000154389112,7.556077848933251,7.594746942088158,7.672766307590711,7.829039915294283,7.658049923539422,8.0915663535805,7.676258559792434,8.142802,8.16715581689902,7.790636050312964,8.189651231268265,7.041734717719426,8.25288859200873,8.035840132090135,7.63309256124742,7.631648006590357,7.7738604787782215,7.724671996634209,7.743297851181266
2023,4,2023_04_ATL_JAX,JAX,14,K,00-0029822,9.042747576696316,7.8567095,9.501636732863238,9.68771010080838,9.457262285631227,9.663801918392974,9.007094084096101,9.103170453989518,8.623743625350187,8.697717315590516,7.947957475116958,8.241243303977997,7.8733965576002465,8.361177165818292,8.230048485237013,8.56249128814752,8.283529731224155,8.51400817161034,8.272093674911662,8.643965605245773,8.846413821644402,8.381699093019785,8.852754588734193,8.709039949328488,8.70463706858508,10.27516044966488,9.108045716902913,8.465290222111722,7.8933710359161635,8.059789090112435,7.874284274151076,8.031184,7.70946556845381,8.161381647211607,9.066742934719976,9.526717694166804,9.452364330344732,7.8340059278956415,8.880602814528299,8.997688418468435,9.031272929631074,9.072041479738663,9.101335382781011
2023,4,2023_04_BAL_CLE,BAL,4,K,00-0029597,8.29371742874931,7.5302343,8.848295107647164,9.104394086449147,8.652049682995152,8.9626688429642,8.116012432589018,8.567996615158766,7.817599086613592,8.146407320017234,7.899116158618679,8.214038519951806,7.805560646474022,8.149211079994497,7.442069990647079,7.937363881688844,7.564661131324202,7.99744437008254,7.217801653612087,7.992772998301162,7.318898620881043,7.469037241575574,8.391165026694312,8.009212779792358,8.371481824632575,8.111647153293822,7.96404293264221,7.759488220584828,7.542220223211463,7.522537947147578,7.748689784050191,7.3029165,7.287214932415815,7.675965172225887,8.39758850814281,8.525739654194647,7.996024677637096,7.8227127343244955,8.178510196015704,8.275402362475395,8.295491453259357,8.326520687474522,8.359323946199734
2023,4,2023_04_BAL_CLE,CLE,5,K,00-0030098,7.45644392896814,7.170849,7.516768678700727,7.986851116583976,7.461946914059983,8.109884245706205,7.492757704138074,8.263861491922139,7.605285992937342,8.222138432067519,7.190748575210535,7.80200525477134,7.374662648715781,7.770294072756297,7.63320431268994,8.202507291683874,7.3862035261364785,8.558620027793163,7.098684380583219,8.487181756497495,7.040486235834305,8.630736611054958,7.680075377473569,8.154708764333172,8.135920888058466,7.732055260289745,7.844376749167193,7.925868244498568,8.459052998650929,8.554349713984482,7.676972037940116,8.296426,8.116014826642864,7.807222545951113,7.9961970301238114,7.233635947867688,7.3831629806905115,7.129070713574349,7.314458566505233,7.357775506758563,7.4615305269709875,7.4718233837936765,7.487202838619213
2023,4,2023_04_CIN_TEN,CIN,3,K,00-0036854,8.318943279034766,7.718937,8.126984258029646,8.56455404109427,8.115704593864095,8.37541527354038,8.095961298690392,8.27760170133858,8.032248114597087,8.35044704880583,8.050691712280651,8.223574823364741,7.807198461474457,8.101034252771429,8.169358610064348,8.34934199386387,8.502859264193381,8.572262793028596,8.67497248801078,8.643913961366687,8.505465577986602,8.903475587501077,8.335751338744979,8.7757310269298,8.340489581787805,7.909235384452614,8.007425945589533,8.030728577344982,8.121668790669727,7.93284735870659,7.964687947103427,7.943303,8.04224872340402,7.933426952818275,8.895378063852476,8.072274325699716,8.030682847824458,8.09175922408345,8.185293584894966,8.215996672203454,8.298315315951102,8.348106310039817,8.377269341044872
2023,4,2023_04_CIN_TEN,TEN,11,K,00-0025565,7.610631940009568,7.269705,6.933891648329658,7.168668045718371,7.196838772658772,7.275323064622922,7.29556787626942,7.751593246935436,7.332761041731711,7.730723271102024,7.714178091641716,7.939815622900206,7.594469334534451,7.759652559016046,7.842827108261138,7.855154890953856,8.222575422478664,8.26272332519723,7.737301881071757,8.351298775910983,8.00008802438118,8.430457927312812,7.556883497440229,7.95487327603428,7.848554505547642,7.36385307770553,7.54568700513761,7.529991577785231,7.820198566514471,7.69546884554545,7.621043893520723,8.057734,7.944598486216915,7.655443295102439,7.7643050180039825,7.127181061906186,7.729611594740485,8.287534251859253,7.551820905408212,7.540929350992812,7.602733584844373,7.628022481083224,7.645413022156879
2023,4,2023_04_DEN_CHI,CHI,4,K,00-0031203,7.788552356393101,7.488377,8.120601954935609,8.05456372974556,7.927525858330651,7.741660460282576,7.635504205204834,7.617800724681074,7.543870957302466,7.808093080138358,7.234103410515447,7.474253526334904,7.193764060900253,7.4024401388133825,7.583871031867882,7.403268851791803,7.428636964350179,7.785555508900582,6.490697847906389,7.377815775973958,6.627335215547109,7.228183960508991,8.409269387933225,7.748902262969165,7.747662030887121,7.523878902543194,7.582443269415606,7.583291802314058,7.553491124202675,7.376719229079665,7.213504172185392,7.137168,7.553525567933977,7.563074555156074,8.219714242781546,7.70196629537969,8.001921703865749,7.208296975100929,7.709857104522566,7.728995870297886,7.873293882398664,7.811742905196352,7.834933453999603
2023,4,2023_04_DEN_CHI,DEN,9,K,00-0032569,8.622609757532146,8.027455,7.798361698431581,8.296679549895837,8.00324610206822,8.053752887177682,8.075981526310699,8.22363400500837,7.998599799538285,8.522919579335525,8.545093739461638,8.762345457740699,8.304280515102501,8.516915636266871,8.52517963995415,8.500368889791334,8.451379283468098,8.61534363000248,8.533109250269936,8.639501177163442,8.687104826067024,8.554293408484627,7.874933391612362,8.854588430882504,8.409308343145804,6.97657773230757,7.588559515315132,7.829816285162488,8.426968148612008,7.965973688808866,8.16534435495203,8.576147,8.43185101932759,7.832650328087032,8.502127206338345,8.64567124852541,7.972607207854551,9.082211877175109,8.561378805881716,8.582695227562343,8.62147374171404,8.645645211251676,8.668680664971207
2023,4,2023_04_DET_GB,DET,10,K,00-0036816,7.932548458862248,7.886679,7.449362512712536,7.744797297746559,7.39028204585642,7.60978361859122,7.567139542288003,7.582222915185022,7.679233432170386,7.639818815148455,8.285313706279695,7.576913708294907,8.00326928570217,7.765822317497085,8.082557854783957,7.676767014322346,8.068919617378093,7.681970195581276,7.86661686715593,8.064558593857305,8.1351793777336,7.278768538617131,8.259087566231187,7.883389573512792,7.688179724852081,7.554572142657189,7.672716850544173,7.784838089220293,7.969665790728495,8.010488326251034,8.225633491154602,7.8853507,8.024516377937774,7.764093087586632,7.904026715519306,7.791029872291842,7.8141419025179175,8.317571525189638,7.9039421259856235,7.9087474614186455,7.937646870267974,7.955905286206869,7.979262113551489
2023,4,2023_04_DET_GB,GB,8,K,00-0038402,7.931353406956287,7.4374475,7.36072720703787,8.170930989576567,7.24827372639789,7.724691064693825,7.270005316658936,7.467907204136039,7.395410821407592,7.463797297515474,8.012772107423256,7.344309003617652,7.559141824519717,7.40458244165859,8.392252068274791,7.968819814834731,8.719075112783212,7.68074877357226,9.04674100575352,8.067147452150717,8.454065515314038,8.177927442670404,7.227848424283361,7.97667490220977,7.133165257603576,7.189416788069514,7.258846395556376,7.51685018576622,8.238491147059142,8.546939428974728,7.618925977912101,7.838004,8.114869894019234,7.476950443139165,8.064390433423412,7.735218383083213,7.933797101317651,8.122846067821063,7.968723331819781,7.96424418801427,8.010398418528043,7.9993366905835845,8.067319974210884
2023,4,2023_04_KC_NYJ,KC,11,K,00-0033303,8.988907304023883,8.347861,8.54919205067278,9.068621363785532,8.62504797243017,9.278297826088853,8.554852646746426,9.423703693701375,8.375663904525425,9.171936339515645,8.563580988512031,9.118530795889225,8.478345222215141,8.801359335775327,8.852991790393016,9.39322617008678,9.070545986500148,8.928448805602255,9.165206364044016,8.725892382680343,8.758760278737906,9.313044871406031,10.025207212615866,9.31462894821932,8.9448273941129,9.200185417207766,9.15672250848076,8.8452675391854,9.362479473345935,10.030956848991195,8.571045274400154,9.632119,9.74928768737271,8.731227879260459,9.281503844967006,8.916907714629843,9.056269190627557,8.660330728095436,8.79415749633023,8.878289147505452,9.007760606684135,9.010615780051742,9.0323242560796
2023,4,2023_04_KC_NYJ,NYJ,4,K,00-0029621,6.8504377899514255,6.6407804,6.414231808990681,5.993106795553072,6.444243613245082,6.414673880909866,6.5411768197760445,6.5654778314386535,6.695862553914671,6.610243627338908,7.278695121124174,6.729668977105514,7.055234086467845,6.380058729741945,7.082332904200955,6.778616505181264,7.221144040708367,6.9152577562952375,7.321558871197277,6.933442957077853,6.703679901450461,7.107568020597985,6.737988314911323,7.3028397852619396,6.609557603456698,6.033703007259806,6.348974017750399,6.599796523130761,6.939547886357423,6.100283202678051,6.935487838280678,6.4585834,6.536040687197356,6.915355244041957,6.979929015605957,6.836650093383597,5.913056513454491,7.152466982853753,6.7142933474315845,6.750146365825464,6.819850177753586,6.872936697252972,6.895435604554518
2023,4,2023_04_LA_IND,IND,1,K,00-0035269,8.434365044098412,7.5482535,8.0049533239603,9.82147749172856,7.871715072985524,9.474193165083868,8.122212159142183,9.033844009267744,8.200886471730419,8.721169170369073,7.964947610571501,8.876370556104737,8.011858539253591,8.54279837265728,8.392293760765902,8.520432886494564,8.455721739961975,8.680705499309667,8.138614264967517,8.533249758244413,8.52678765582571,8.624426423729764,8.273884907991018,8.519613892910513,8.679519780901416,8.430536112219492,8.491612768951896,8.447910760875434,8.737238548872376,8.556559882424146,8.118615187875122,8.8610935,8.617004081664929,8.298277895956216,9.078480292543404,8.318601399653064,7.836893314281003,7.998455325230321,8.25787184624008,8.285806722889907,8.362998657450015,8.468600845032132,8.502836645965854
2023,4,2023_04_LA_IND,LA,16,K,00-0030332,8.333618710283254,7.7279463,8.961542493353793,9.928855834451854,9.113991216849604,9.611880352380105,8.927474850960508,9.097223345849102,8.675873689263456,8.854252413642339,7.9489778117413135,8.289321560360612,8.130983389216874,8.377008634478448,8.1974634603879,9.14701452684962,8.301306096827549,8.5933989666346,8.259550725848436,9.173679473901991,8.57496519525433,8.80876346613888,10.30387999844576,8.566766045556797,8.235685887101546,9.15643750799942,8.947891607150707,8.660830510397897,8.23067832321955,8.372026254062442,7.902587595629027,8.4709835,8.945939580540132,8.410507561157345,8.10535277187467,8.58638788181267,7.863357033486693,8.405610113235582,8.289951130282157,8.34228884318558,8.290300179908133,8.362310810893797,8.39100291150434
2023,4,2023_04_LV_LAC,LAC,6,K,00-0037224,9.015092330342105,9.155806,9.154833973679375,9.26992104311371,9.14523898391555,9.4721478038372,9.035233716027252,9.194986965068557,8.850727538560937,8.95343016566006,8.594862547916895,8.488541883206212,8.692905705410649,8.770776866830628,8.770296741345303,9.109672218819307,8.708769894127677,9.210250501604492,8.83226851767472,8.74731069448628,8.643082760077007,9.036710761737169,8.682584017387821,9.42607055738803,9.13884613039652,9.08136816886704,9.045350455177426,8.865446249830427,8.798877893174973,8.79103773357759,8.630250051386533,8.796727,9.114458793318564,8.818229156121859,9.474837803951278,8.68052085572942,9.032640233642713,8.985843117503412,8.89034450950081,8.879666563077672,8.972611878689863,9.048057268596175,9.081022206850243
2023,4,2023_04_LV_LAC,LV,5,K,00-0034161,8.18090689424282,7.8979564,8.74547957157842,7.484599391905498,8.439638349174908,7.72889907094114,8.068950548088369,8.199608410793479,7.937181846765506,8.061158358203665,7.726326540276312,8.271078981601464,7.834303389518426,7.97388252409954,7.617376349083463,7.774548562573086,7.607845439378125,7.583659756603684,7.104831316491403,7.6117111774746204,7.58411530580693,8.185601975169131,8.02393565454766,8.433620141757855,8.573336148270144,8.16180776769333,7.986412777946623,7.877658926609308,7.694838912625564,7.438604620402187,7.7126659883723185,7.6811867,7.54528185773433,7.708146747174702,7.928457346572287,8.702184323265245,8.225730215188609,7.494614697230876,8.289380078342823,8.310662503164211,8.251712429032619,8.206046286647897,8.231185679052972
2023,4,2023_04_MIA_BUF,BUF,14,K,00-0036162,8.544317333671215,8.27009,8.910383355276844,9.32470131322252,8.790104296415395,8.425497314715347,8.565337011088346,7.659634861328325,8.406731752208602,7.719418715820052,8.322020482894814,8.235407853477257,8.585865532559376,8.23513156599397,8.60863862432144,7.915511919845782,8.752119856939302,8.052528625030043,8.52115253684433,7.997705238450622,8.706350320072602,7.740017366788107,8.325359559603228,8.499039877334775,7.956832372424708,8.668131056826514,8.56056512596709,8.437484495539536,8.509284305323881,8.288563709069154,8.321810382553162,8.304303,8.328971842560742,8.430450458116042,8.887730302883913,8.486714473710709,8.945343127694985,7.9438907027612915,8.513622403267187,8.533480297363312,8.598732587085085,8.566589075730349,8.588860817789483
2023,4,2023_04_MIA_BUF,MIA,2,K,00-0034794,7.937356545092908,7.8208585,7.7678877672934,7.067558836886187,7.827979964374912,7.102271409392349,7.742388633182613,7.562190495756634,7.880068719872639,7.777684036857108,8.076115593761703,7.768503464277648,8.016200574474588,7.808438436834304,7.391827398999861,7.181509063023902,7.576888509200497,7.487509148119063,7.362500631873466,7.352166246184495,7.771344935825748,8.029956947128511,5.954317090659202,7.440893194231739,7.559682028836351,7.563540906387807,7.598715854282715,7.853254456898314,7.539529105636518,7.375212164035586,7.961011073295515,7.8832803,7.29664455123187,7.78383039421508,7.690242011598906,8.12586143207167,7.420044414896403,8.18967463647464,8.034716425688634,8.005469181900658,7.900804442492282,7.954628561220098,7.971900577347289
2023,4,2023_04_MIN_CAR,CAR,9,K,00-0034173,7.725491594969814,7.329644,7.593135077835846,7.745500753099472,7.524733149640367,8.05549400124024,7.665055853146862,8.383062911073303,7.794045119038953,8.236159473047596,7.177797614035403,7.364249889644125,7.234646534687046,7.091455206904828,8.718480609653698,8.534746935399225,8.738855035593605,9.020928890112886,8.83530541234568,9.04123351119319,8.061693314942783,8.60214774636869,8.470230386994137,8.520629866032353,7.028718296280187,7.873142915861266,7.924777171302964,7.945145972040504,8.768358933134493,8.453289144335056,7.247589530301146,8.78009,8.5947926285121,7.869717025912257,8.167009858309404,7.4704933405811085,7.780583414918825,7.545664798763331,7.716631573597841,7.716438528403684,7.710183574396456,7.7536557048535695,7.781819814737329
2023,4,2023_04_MIN_CAR,MIN,3,K,00-0034450,8.237217896543623,8.138262,7.613551618412567,7.659908748421331,7.660374379435341,7.827213680248295,7.8920148530141025,8.074226958429229,7.906909204380289,8.177547958513584,8.337546154958916,8.573501123688134,8.440360600517197,8.406269918039259,8.541497207604994,8.447416153074046,8.26812240528915,8.479566694730291,8.650006624162401,8.38136494769476,8.867504029328645,8.683504431038195,8.093526972700026,8.650073724052806,8.657865994479565,7.576336106439728,7.926387445917341,8.01215774958801,8.42875123638049,8.718967781622649,8.374122381218362,8.705398,8.881802899619183,7.866818992288435,8.408457169388642,8.123689194644923,7.825937467392084,8.413056605649256,8.159628841236028,8.195568225645378,8.184543423467698,8.269710445238907,8.302202993934193
2023,4,2023_04_NE_DAL,DAL,12,K,00-0037692,8.376538398837198,8.823324,8.062888767490383,8.812099920748189,8.469110360120887,9.086986200114367,8.674503334377421,9.05492662216054,8.629759852603065,8.799531963815797,7.951675168606846,7.949124349674468,8.208594842672158,8.334486074884406,8.484117786921251,8.379161224522178,7.691393969821201,8.390547517302783,7.648262786797538,8.133645062110816,7.876087620720109,8.37597050105388,7.818714944850388,7.742494574491491,8.070667695163477,8.28886677001962,8.768411063725015,8.67688586070809,8.43542756828304,7.697492080800459,8.192340702718196,8.2966385,7.933072751704858,8.752280676704633,8.702725128837852,8.141328631580102,8.927453227497146,8.082220424020429,8.303141472518444,8.30452853124644,8.33783261519746,8.400782903157765,8.425027407478336
2023,4,2023_04_NE_DAL,NE,3,K,00-0038567,7.86040847975315,7.655321,8.875651611532284,8.364344180183052,8.47083398242773,8.074807717355387,7.942914910145169,7.806628221113375,7.701631842627925,7.587746229549547,7.835731884914576,7.713317355091696,7.892594346021889,7.630990698958197,7.345649797271205,7.892952411587295,7.76403196625568,7.643279340731455,7.896653979735488,7.279682907687649,8.300190203117586,7.48431560690184,8.011997784623498,7.181559277451267,8.187643711217456,8.552320464928131,8.11104077491178,7.83833505707735,7.957019539591916,8.24713238656559,8.025262950495474,8.324166,8.388278787954306,7.739517999561058,7.854984468620442,7.6485825629166095,7.612631280451529,8.416084929776101,7.899294313997825,7.9289641853667705,7.927281013762173,7.92593334962517,7.991458219497192
2023,4,2023_04_PIT_HOU,HOU,12,K,00-0032726,7.100407815015441,7.224782,7.336073821626775,6.219426879925974,7.204528086486671,6.585655924450314,7.304998376952012,7.329591769593489,7.510383833740609,7.744075102889205,7.461907159440642,8.005415149812356,7.476919000322821,7.642094735470018,7.500599296454519,7.735265546738515,7.139850349890242,7.844082964033798,7.453493440739823,7.462420224249655,7.438674686105309,7.699026482651294,6.790661108991893,7.709425137693917,8.273673445525807,7.592269706028601,7.55404756259911,7.665340303218475,7.726525568034999,7.566614788924946,7.535890691441109,7.9193864,7.679679711473795,7.6059484970778914,7.2949520980678155,7.000081057458865,6.72951648503436,7.194690570540568,7.104862522426049,7.090800673314061,7.0161672802321045,7.116902081150232,7.133396347285023
2023,4,2023_04_PIT_HOU,PIT,6,K,00-0031136,8.526697035290297,7.7638597,7.917151422450712,8.673528654983965,7.897532018073785,8.196476057863332,8.221254282516261,8.071096008405663,8.287485059691619,8.27027573335717,8.200170535688061,8.0521701167315,8.055751674467,7.975874838684719,8.936146253907005,8.608496711176038,8.945185846034665,8.744661790847779,9.148902607922212,8.42250836312692,9.307727247210495,7.825232792959637,9.27605196963675,8.452615260252186,8.134296504681087,7.759521346806977,8.141670856946494,8.21701901222792,9.071102913287396,8.750630690492155,7.871374590278877,8.856803,9.0564514082721,8.21161573618155,8.957833799373997,8.28543107846969,7.692821268196482,8.779461686352862,8.383259380382892,8.395597346664793,8.502566090503212,8.553731541702156,8.580766048114015
2023,4,2023_04_SEA_NYG,NYG,5,K,00-0026858,8.226924467565642,7.509337,7.839075547033381,7.736941670362738,7.693468755069648,7.604050571551816,7.731056947524364,7.965851484142067,7.702618490274053,7.970598183342132,7.993850734383952,7.812322811494566,7.8435832481612575,7.714088250208365,8.173076132513478,8.344046982995943,8.655041387590641,8.176514651086784,8.220096473553744,8.106636277629057,8.404231721142631,8.939724378595841,6.558801460899807,8.53234793488224,7.804467257268541,7.576547416182157,7.831049268182189,7.831980118033109,8.089824894896864,8.20133468892997,7.6905487839674365,8.209902,8.454097583107174,7.822418351725663,8.536840021746773,8.31731713166703,8.191789095180999,7.598833494283496,8.225274230500332,8.26359574724249,8.31987613259707,8.251001373261209,8.275078278956777
2023,4,2023_04_SEA_NYG,SEA,6,K,00-0031492,8.506670961810414,7.9585686,7.643699043123863,7.579219299312008,7.901611335948485,7.984766793379376,8.301023048994336,8.577861985542999,8.449475657283338,8.820800690666195,8.565658645269593,9.11675221399192,8.51151292840542,8.842343080984312,8.512845374224316,8.909156763446493,8.290918855365103,9.143054535851942,8.566694244782408,9.219796481129594,7.97876346187866,8.819216740711925,7.519725755989638,8.57412526748256,8.715096542619937,7.875550161321208,8.404673803612518,8.67841419309114,8.862943070461592,9.283620002216916,8.901693936516487,8.772406,9.038625467665897,8.71014702454813,8.529314442334659,8.365251058826058,8.043618447443516,8.987071804176212,8.456374457998969,8.472349085328958,8.498903150297519,8.522143529303424,8.537616096796434
2023,4,2023_04_TB_NO,NO,10,K,00-0038905,8.232810770289055,8.502855,7.535951625954691,6.97655294261266,7.690754700936961,7.484202550241943,8.069938635331924,8.344555545992938,8.207501662727456,8.361102270696728,7.914965824854772,8.243563430565056,7.924974856649661,8.00982641663017,7.917015065535595,8.125672422064271,8.070135809086059,8.033250028067702,7.934975880689942,7.976662013893248,8.146721511424555,8.316501562790576,7.159517607765029,8.153092915051277,8.363140136567548,7.657331819466283,8.123277346166802,8.21490900985792,7.879317303131799,7.917007937163306,7.90133793086128,7.8752003,8.09294430819251,8.190802218180684,8.458035310070303,8.145593549584884,7.9878641479488115,8.191881713195645,8.186070431215217,8.173984144638819,8.24117270369144,8.275562448158029,8.318314126027003
2023,4,2023_04_TB_NO,TB,10,K,00-0035358,7.869751715166547,7.7840843,7.191071230527895,6.394946845115666,7.300675189823224,6.536751800625028,7.499203574630297,7.164693859867615,7.54921487149637,7.689154662774914,7.815059504037459,8.185838444985139,7.948606222536602,7.914156294257003,7.306531335889064,7.59576031380027,7.40335077227286,7.7820015385774015,7.532083745766455,7.37579505542875,7.012288631124389,7.467507495898688,7.269458795414116,7.913039023776357,8.20360253185127,7.555944041038767,7.667203590861534,7.686068563891992,7.636642409925457,7.978306808015788,8.086387790023712,7.684179,7.778295461651963,7.579306575216505,7.830255169957536,7.966243603119711,7.251140440612537,8.045318394350744,7.81327726427863,7.825500452637375,7.874345191316646,7.895623527410704,7.921495339654859
2023,4,2023_04_WAS_PHI,PHI,18,K,00-0033787,8.730611021165716,8.419751,8.646409060849845,7.200002473760069,8.825904370576106,7.762865831910176,8.966325591112092,8.66027349398919,8.923811465515831,8.986562446609579,9.081844615095536,8.917499131976987,8.871613236483599,8.834435769502669,8.644849060702489,8.394536040765606,8.821062216949489,8.41940747966502,8.80504481375792,7.855054419726682,8.271309363160677,8.27190847479778,6.89971188280193,9.000384219556533,8.788725630864395,8.683583022154098,9.013122433848524,8.940972967403432,8.741519801213105,7.846216915309883,8.847797473321297,8.381272,8.15669158937126,8.955816039137437,8.913254773266122,8.406149208242873,8.505970389190958,9.217889334848165,8.744210964831998,8.763576307013807,8.668942714788717,8.760485122277924,8.790359223390132
2023,4,2023_04_WAS_PHI,WAS,7,K,00-0035192,7.125499208255143,6.7126703,8.724934677796126,7.6781844402098525,8.752546095669882,7.902272247497704,7.985449262114369,7.466051296777553,7.693798249612215,7.277050290040688,7.484925023096298,6.993051936064687,7.0946148394832,6.762683421854591,7.1634170190642505,7.434588638177028,6.949788591433964,7.061129144433458,7.206928239632167,7.093149452460551,7.042127382723787,6.8652906766834505,8.688899941641031,6.870348622078929,6.752142499149357,8.517627076129342,7.742247500748573,7.443469683034746,7.00643877677457,7.389862669714404,7.248487082447494,6.98447,7.140884938742564,7.262258393769027,6.924678711258451,7.166900938386762,7.560496571887785,7.126427811670612,7.19877033348134,7.235278904328796,7.221056199706448,7.146648312289967,7.167797416324792
2023,5,2023_05_BAL_PIT,BAL,4,K,00-0029597,8.623178860184568,7.7548504,8.201933702299554,7.806023882287199,8.015129785963467,7.842365206255629,7.697083433242107,7.946902909734502,7.655399049393983,7.956947440841161,8.142037573428281,8.269977897393506,7.97380889307943,8.079207218121185,7.527932758380341,8.02387313352047,8.22152606270095,8.437460254258385,7.131714165718448,7.952422749395501,7.618556847748441,8.148311265153694,8.611492070412064,8.177551744630039,8.64119300757548,7.831285702286792,7.696074234547904,7.680191599710814,8.0523874689321,7.834123207049711,8.065568545359667,7.494988,7.664858915693495,7.533791313287665,8.168469025938698,9.06107628955603,8.326869601328113,8.577603382238678,8.566703650214276,8.609781208615207,8.625007033522056,8.656671303431905,8.690163746679238
2023,5,2023_05_BAL_PIT,PIT,11,K,00-0031136,6.960818125621465,6.9462333,5.128493017459409,5.8054180322861,5.515726694776465,6.1425895355856825,6.214723348808894,6.770581379433715,6.670948747811296,7.237352565023561,6.956983272298653,6.946739375781219,7.241791942867098,7.092251179406024,7.182820603523516,7.100802347631452,6.787630560184399,6.967997616640981,6.991268000536741,6.895793587997481,7.074636056262743,7.623410040855781,7.629988791814741,7.56555550235668,7.62627765362889,5.797438088841237,6.543385905257194,7.082875027989805,7.884969179029307,7.734479720403668,7.245551747097412,7.814184,7.780433825000952,7.22357240624563,7.275292566526922,6.682195692860124,6.272647416697405,7.390436684247989,6.922518508729846,6.900167247275835,7.041728910831285,6.981206141073844,7.001594156526226
2023,5,2023_05_CAR_DET,CAR,6,K,00-0034173,7.641046617963816,7.409745,7.73024699068884,6.633902910707086,7.7012703899474335,7.007743774362089,7.723225812116761,7.41827429602233,7.769822340594328,7.537410098845966,8.859215137852686,8.140967914736455,8.580816046599404,8.069723216353463,7.437890503820314,6.4178804501401,7.119618585124293,6.275348881073258,7.5972487821971475,6.435098800727373,7.6699073079632925,6.31123310195927,6.850981666974436,6.799616491031607,8.183949849537713,7.40308384839283,7.61733253863006,7.802639605052303,7.366088644558124,6.934281088864483,8.390102228723707,7.064346,7.216840886374862,7.743076068608445,7.7143791100334695,7.227691050149424,7.073685751040574,8.641439448949741,7.647499458870123,7.661189453166772,7.616187865619798,7.670784878830351,7.700523139696886
2023,5,2023_05_CAR_DET,DET,6,K,00-0036816,8.686308524234953,9.116826,8.916529161888832,8.626998633277932,8.890408052786093,8.750710551683122,8.899445358159902,8.8947106315501,8.820114141764696,8.809302401038392,8.09133596145405,8.308625179240975,8.43780685912863,8.488262692581113,8.71070784352788,8.695807764825688,8.72014834603841,8.482117937111902,8.704648089533428,8.646423175631988,8.31953306677274,8.900251532063274,9.098517477957234,8.521272721901676,8.251079834058917,8.830297867121283,8.774367389640657,8.673015582553957,8.69236872467601,8.510993158543522,8.43978754501641,8.69419,8.418197036866713,8.62522258721068,8.984145886006731,8.660912713275152,8.68820299881734,8.289396866205688,8.618297425437193,8.64464027981344,8.694563050406083,8.710201107879726,8.734093691524496
2023,5,2023_05_CHI_WAS,CHI,17,K,00-0031203,6.847719010245632,7.1469483,7.433577080585543,7.965371729671601,7.119919451125883,7.5740907666104285,6.865009148960677,7.334375821761436,6.960326671415614,7.565487371792346,6.680446953797252,6.805840723093409,6.62989038455651,7.183412824653807,6.977192592020985,7.389734673944721,6.811098617079692,7.504742442912846,6.374364340056695,7.347447029673637,6.666826418854901,7.422933174292454,7.191376836954811,7.32931238584368,7.462451538738661,7.288451150714881,6.920874400539301,7.061850817149331,7.026067176031062,6.944224780864023,6.891383721667542,6.9368176,6.506519121662629,7.041501610254539,7.273356731359611,6.81323082054241,7.045519638489675,6.17933849385908,6.8057340996022475,6.812394807858894,6.935573731393321,6.868170726697014,6.8886224431483996
2023,5,2023_05_CHI_WAS,WAS,8,K,00-0035192,9.062711875696534,8.225104,9.502454671099564,8.836672476988285,9.460152648758054,8.980864776983056,8.974363677565535,8.903388837994097,8.600202314797079,8.683129717879563,9.439245908578076,9.227580463300834,9.19065338361814,9.036500084592848,8.971753131517877,8.77917126567605,9.077519265552294,8.908779366931846,9.33875173914878,9.018695209273762,9.735268461823669,8.646712505693186,8.200329182839292,8.722229739003714,8.48722476854444,8.866400316240895,8.616876182295933,8.36222288240602,8.881647085678827,8.942175036000338,9.057510459808151,9.396814,9.333353791729072,8.140612269451907,8.951880497658768,8.878829775920725,8.849031101090844,9.703563529607644,8.974035276258709,9.039831228612444,9.114714042998042,9.086281035907074,9.109850196117616
2023,5,2023_05_CIN_ARI,ARI,2,K,00-0023853,8.290435470551756,8.0896,9.168671839949166,8.209051403941693,9.053868626578272,8.376015718264751,8.754582491173649,8.975336452481692,8.520216931115735,8.910304423939136,8.469552341772333,8.692713505980183,8.680213587904607,8.773759181273704,8.240816050070054,8.901856149792417,8.588772295326503,9.050220971431028,8.5984075283138,9.35368385953319,8.671417100423376,9.516533210258483,9.03300855152158,9.508868246293938,9.39374099414414,9.139152626805828,8.973518374350084,8.668713178074224,8.531719741702545,8.790357855356655,8.77503531662528,8.71589,8.873205687887745,8.616839656129974,7.783032346341127,8.767861611159013,8.194519116577794,8.144646052640171,8.357875743954345,8.387689432242102,8.313373600497979,8.319972332624847,8.349509194697937
2023,5,2023_05_CIN_ARI,CIN,12,K,00-0036854,8.872553583165386,8.628677,8.717714089118694,10.249638750747629,8.720838435612096,9.902417416390922,8.603692595851912,9.089125536989734,8.472093981283736,8.515209438977118,8.947603290517895,8.486377463080512,8.66097756902682,8.230495435701028,8.28279009966826,8.298231670545547,8.57172151190215,8.019037147159558,8.693398315037456,7.78363127428705,8.288290029503257,8.010953268051475,10.736244649383009,7.886289154821081,8.66428106274962,8.282971579507274,8.300271506063755,8.26965419926664,8.369277475830666,8.127222272415224,8.675650992061296,8.178078,7.917198997319741,8.298948470514787,8.623479125579912,9.151765590030983,8.79951848462259,8.7242588050838,8.923192571960408,8.863209079755912,8.852697230581489,8.902317105764832,8.932080628364279
2023,5,2023_05_DAL_SF,DAL,6,K,00-0037692,7.491891757484152,7.347601,6.78354062706296,5.651925968387398,7.132096390325651,6.163611699166836,7.378410136405396,6.53996679786348,7.526961024663411,6.999490853433133,7.601358774881135,7.042346906178215,7.533989760948215,7.131337381654386,7.409397258982435,6.7654936758026025,7.235143824588295,6.672616600672346,7.029322836076144,7.026672565597284,6.897863913401341,6.430532568906105,5.57417471730575,6.973122886440878,6.708884214631731,6.263780899724451,6.981707562407174,7.359456417000106,7.371700006495267,7.258391164785941,7.582325073526099,7.279322,7.262752640496358,7.408399048219838,7.610251382754019,7.2622754169835515,7.932210214437818,7.553425772103716,7.442371609784284,7.441453047394117,7.450377194480447,7.514195409456029,7.536499061427905
2023,5,2023_05_DAL_SF,SF,6,K,00-0038562,8.338666794296536,7.9765253,8.305687408451941,7.377435877117429,8.377445044617668,7.61673794144277,8.305485542193047,8.028356738193565,8.315084253711227,8.185175577012805,8.192508215948191,8.342420766798755,8.194037796488368,8.073078379705041,7.754231266995973,7.5028286205413455,7.487157936809612,7.906792894918006,7.888909266293857,7.902102671897317,7.157005707620114,7.734802423573128,9.568932067616966,7.289546353350397,7.485425613996662,8.330381052278604,8.382494689926734,8.444179260237163,7.770849976396609,8.099474480418007,8.339188260990179,8.044835,8.214337468513511,8.193301281388432,7.871699017077225,8.68964609329331,8.412777653242745,8.300104432658841,8.378921419444534,8.391770500676962,8.15944379202745,8.376136765016515,8.413606735736494
2023,5,2023_05_GB_LV,GB,7,K,00-0038402,8.666027464002402,8.245329,8.7792904410391,9.667124124813748,8.638544988487254,9.229711203512611,8.359182509374563,8.678895064249202,8.175251080094451,8.434512100567432,8.436222628122575,8.268426771633512,7.993243455771458,8.362247599563464,8.31856144286801,8.221600688399187,8.834955229625237,8.39436902677621,8.74190193302521,8.369834459651553,9.575066086298442,9.048239385682749,9.100180835069024,8.190858489079329,9.131375167645242,8.02716599158741,8.103830158111384,8.142030756868413,8.2388288689721,8.531320537483163,8.084533966261922,8.113432,7.595732821499896,7.943554783668105,9.006666194140012,8.30337807103414,8.613187099161335,8.90678833715304,8.60395899883302,8.610381770297856,8.765239437887503,8.73409438523369,8.802161306464978
2023,5,2023_05_GB_LV,LV,5,K,00-0034161,8.579186678008947,8.425021,8.9310563396307,8.59789738124874,8.573710701403403,8.37794027477476,8.209722968312027,8.227104818680544,8.053632748141686,8.105041536962185,8.084028603614534,7.865951803409875,7.926262752147287,8.092200030895334,8.24928411879446,8.122595044876435,8.23914427326968,7.83277173826071,7.747123234262952,8.178587837370369,8.303041380005588,8.0075801785752,9.332348687204066,8.594740423988261,8.170210424210767,8.409889121139285,8.190732390163607,8.073807023771684,8.08166359446603,8.254743238102296,7.838157060770823,8.183915,8.261563132116795,7.903911048502945,8.448198337643529,9.120779302384353,8.577149939467006,7.693502309077234,8.579624508714819,8.592732299451121,8.622910468397286,8.60455937507109,8.629932072133231
2023,5,2023_05_HOU_ATL,ATL,7,K,00-0033702,8.267072955849095,7.7429,8.493500108198917,9.06274965726947,8.191757792684875,8.645364047293267,8.083304145012704,8.251626131137765,8.017998470500741,8.106197354873569,7.615429120672984,7.907255963305372,7.812738240674113,7.805207849400654,8.086857435812359,8.252919042905889,8.31335833787726,8.41781892908878,7.839779183620783,8.311079669699053,8.215422258738187,8.391232222416878,9.257274778682842,8.308621511048147,7.91604523543563,8.197480867332962,8.11881698467013,7.9872116684850045,7.977856331448387,8.0966557016135,7.822369913064364,8.320319,8.087811259220084,7.924814960923586,8.507784406985884,8.276892072382362,8.213897116125265,7.912955465939286,8.146100654698355,8.17921946214792,8.31232484097858,8.287641642877723,8.308210329906352
2023,5,2023_05_HOU_ATL,HOU,15,K,00-0032726,7.639214512228213,7.2936683,8.074339405030466,8.113846708832664,7.88660093089981,8.145553716077513,7.842936423138948,8.153947681808956,7.902256985619384,8.334990097116105,8.006341112757317,8.504007172834394,7.730519961564759,8.262208364018809,7.759595583522695,8.692011689674178,7.758356985810901,8.421237439347898,7.676131295808756,8.53098207484469,7.663093095844535,8.671130666730672,7.691543905881669,8.638622867552561,8.649335042767154,8.510015736866615,8.06500230359362,7.97838454604814,7.838539158575703,7.887659217746902,7.843609376813324,7.868902,7.646741251901207,7.831405515446144,8.017153718407027,7.3011961060835535,7.452021181219063,7.841939180753884,7.489754883895264,7.514311626573598,7.598750649952461,7.655224692924145,7.671234873620078
2023,5,2023_05_JAX_BUF,BUF,2,K,00-0036162,8.678682178496992,8.32396,9.546425893591511,9.947269418252995,9.29611441915191,9.258376177972355,8.862939310858572,8.670493357106757,8.715777035149744,8.539565273654643,8.32160108867122,8.39596276849865,8.348834591911931,8.439915352793596,9.133191305910357,8.673990566425616,8.901175066505056,8.477684047945147,9.033812511939068,8.426353897999121,9.661951156068568,8.656965274048085,9.885363245260391,7.965545453734537,8.071331165195906,9.504695759913876,8.86257006857849,8.607725141364428,8.848146150325286,8.695377727039316,8.372453824562989,8.90169,9.166394242732895,8.273036835843786,8.590697887114695,8.811721478189458,9.11720179572759,8.32532020757021,8.723403227286678,8.716032028494128,8.649575773735464,8.702935707770868,8.72718923704474
2023,5,2023_05_JAX_BUF,JAX,6,K,00-0029822,8.254731893115533,7.3356504,9.009284374348406,7.266129756033331,8.835350690908921,7.085818948776795,8.443827736262287,7.175338625761489,8.213463202666217,7.279210928932711,7.518632376681196,7.164487321159111,7.656775546859514,7.150920998531354,7.641584012117541,6.707149457715589,7.686734572606183,6.314230213461332,7.519274204918998,6.566099413258414,7.848502871664811,7.041955916479596,6.434076408280262,7.117139905502559,6.9702621726920295,9.223088676644,8.40185304720137,8.044686072665565,7.557174645065544,7.318122334652561,7.430750155717546,7.369459,7.424833965134375,7.816510065941843,7.682000178763957,9.105625237700709,8.611240119218277,7.233788662421168,8.357184854475246,8.408082787156909,8.214279192837685,8.280767419844333,8.306802946573134
2023,5,2023_05_KC_MIN,KC,10,K,00-0033303,8.831654079582748,9.009086,8.665460065315878,9.100440024921712,8.68884735310191,9.000973923001398,8.740197009874711,8.976950233287441,8.679654825128523,8.75263323881365,8.323397880241677,8.710140198350528,8.482362934854793,8.47862272733248,8.644181787397,8.68146019495235,8.623844249585598,8.795467041036321,8.195216497332908,8.364859503707816,8.377381361529034,8.21556554120414,9.904573323164628,9.082555785033888,8.877447713917165,9.321501392125256,9.149286793460986,8.871501436446598,8.903092956306734,8.819830561781142,8.505952374582877,8.954648,8.922516140491716,8.81300409947044,8.805827680376098,8.881581014831013,9.073353245759382,8.649690224807873,8.860802157876137,8.86124679671316,8.839918329741732,8.85008159141931,8.86850910325587
2023,5,2023_05_KC_MIN,MIN,9,K,00-0034450,8.01582110558815,8.380161,7.690797560219689,7.921284996453362,7.565202373338911,7.831048412279365,7.662085084738102,7.665251180174597,7.681463255152755,7.500875006907513,8.21543939256401,8.348317548859391,8.13792112622481,8.145714340759339,8.011172796857199,7.693025138181831,8.063197146695453,8.044728073198854,8.368373697061081,7.474350600153211,7.990951315576554,7.934297717356408,9.355589880430085,8.362117057405552,8.047858569225923,7.452080704336493,7.580152477369941,7.624361337297294,7.63029088672375,7.879399088761577,8.032840498384216,7.716368,7.709287147320998,7.4217784452299504,7.773095488153655,8.379534674079874,7.489453900607733,7.915665997246648,7.969817849119014,7.977145754821892,7.975632751324246,8.048440797494994,8.081060489401839
2023,5,2023_05_NO_NE,NE,0,K,00-0038567,8.147980334793084,7.5751576,8.80516802232143,8.523288104488651,8.369414162342247,8.153518598350177,7.677221181016447,7.875230450593208,7.390007422124655,7.669257283953576,7.810012482322119,7.838616201996795,7.559058804246824,7.824313419603873,7.292047577779175,7.927138309782417,7.568922123432666,7.749167232097382,8.014874453384346,7.907243149519732,7.005950809634133,7.510331797738861,8.306352726358119,8.217101674356183,8.4177971754948,8.278543324635661,7.658196436745073,7.389175845339396,7.429944538813121,7.612383214151096,7.706914775065473,7.1952305,6.614933513784879,7.547040237415081,8.256503515819926,8.151307217591992,7.644150972472507,8.2304564788153,8.035970516058937,8.079875349366832,8.207748305069883,8.211097291758039,8.274214248722993
2023,5,2023_05_NO_NE,NO,14,K,00-0038905,7.428943730589879,7.125926,6.727342077085656,6.592221697771334,6.954832461074036,6.912786499116312,7.19405149231228,7.47360117601969,7.350776837451213,7.694587559471214,7.208938712116487,7.86631757955564,7.374936324641831,7.559885633412197,7.757908113963873,7.642138567809582,6.993254759321904,7.642114163329197,6.978599095177236,7.354269333673549,7.069984705239019,7.585007659401519,5.9654565458481965,7.439784497911396,8.009201798545073,7.110953160777549,7.412561632770122,7.538179605905792,7.695557385615037,6.843994987697357,7.211322501436731,7.2752347,7.084230711477421,7.61331031697291,7.684256396078011,7.0447709692326494,7.130237554087461,7.963673343323345,7.364209890922185,7.376196137368872,7.451908726030707,7.466912124554094,7.504880518518309
2023,5,2023_05_NYG_MIA,MIA,8,K,00-0034794,8.941920250852078,8.904959,9.185044151330777,10.16782853615058,9.068645012490304,9.958437754613405,8.783739363498968,9.510280195549022,8.620383066822736,9.177556956930202,8.479438962287889,8.912745534154617,8.27704662104398,8.694209663617295,8.338466677368784,9.155967832687615,8.409416235101105,9.338880772217696,8.89240494086718,9.286299389830914,8.430201598357106,8.940798204735799,9.693548827050163,9.535557310492832,8.981718940929545,8.927396498450763,8.782461056401992,8.682831490073044,9.045968339306755,9.077820542031048,8.803017200532706,9.236028,9.34175397262966,8.839357199244224,9.44483832684225,8.878542775014306,8.71443157945195,8.428042424242431,8.84229484461569,8.877400843809445,8.932641683192545,8.960462527076963,8.979004803301846
2023,5,2023_05_NYG_MIA,NYG,13,K,00-0026858,7.544568095897634,6.6588,7.713098290130866,6.854126888032086,7.603859523313908,7.055847609900337,7.417090813145857,7.303600686118671,7.341258887191646,7.229477033798418,6.759771391767017,6.462625884539733,6.589470233346781,6.4120261780478245,8.243806811585126,7.442871647362787,7.930114698486195,7.617475374518556,8.90924947276854,7.661476919515105,7.905905986293202,7.380667174061877,6.688946318993663,7.8182880365218415,6.281900623104728,6.888061418033663,7.102013221827455,7.282962890356371,7.879400823989351,7.353952084371362,6.584532004790945,7.675024,7.855769575876917,7.316843704092825,8.332596182817658,7.2368447859835525,8.164289052567874,6.668112107010641,7.5045665736499805,7.571907064285569,7.673778466557663,7.569752118937253,7.594936141976873
2023,5,2023_05_NYJ_DEN,DEN,7,K,00-0032569,8.026747981005919,7.7668633,6.992485874887925,9.170255879178704,7.306323971478654,9.004612234054704,7.445769092603022,8.682522185992687,7.454317957273072,8.519034514345964,7.894204386268203,8.640538071613786,7.843987989105463,8.390505708695411,7.742549117822489,8.46787394815161,8.154959349069816,8.97659028380172,8.143454446294248,8.912553058435973,7.756563330291611,8.961221042021657,9.779833452023736,9.628683565180667,8.904592142068415,7.578954783272525,7.847483058309822,7.837194778238822,8.41126603400919,8.679820046257092,8.168887035719054,8.194358,8.400135529297046,7.818800911969532,7.858526233312683,8.333639675651852,7.384153148733293,7.986594629390223,7.986655283435694,7.9852658280939925,8.011258412052314,8.05043180537293,8.074115629739943
2023,5,2023_05_NYJ_DEN,NYJ,18,K,00-0029621,7.948308992732029,7.3176312,7.994774091045628,6.450061947044829,7.957779928273672,6.705446060710777,7.808834225426256,7.317160546930733,7.729311030958132,7.6713278077667315,7.708462791464558,7.561452901216247,7.638687622253441,7.382833216650585,8.067941140044196,7.443744654286585,8.125999189034511,7.451484610731216,7.7475465235850205,7.916038156278303,7.963087190497564,7.27268504803009,7.804209214230417,8.08317563070356,7.78861938704229,7.511650797185664,7.766361593579866,7.722804759620818,7.777053970188596,8.007328554171554,7.397094522864649,7.5891123,7.965928147538412,7.763828517413946,7.794225750859895,8.218362297820311,7.281996515820868,7.972483483819245,7.925565874133747,7.970861072433701,7.896514982181352,7.973448839217162,7.998588685702295
2023,5,2023_05_PHI_LA,LA,2,K,00-0030332,8.401259406965947,8.284308,8.898984568773976,8.499264781509147,8.998357353643744,8.585297383944996,8.898302081312163,8.455745014175962,8.802956166558555,8.451808987244902,9.125012177162546,8.829651038443254,8.976248440412594,8.68936703075528,7.994989732705465,7.873652645353768,7.561946836283372,7.578665844565254,7.883758183122412,7.401766310951899,6.847427414112496,7.449585032518783,8.639006623058611,7.679658599336879,8.723140379027642,8.347821953743042,8.428960940699564,8.475990024863112,7.900264359915244,7.494470547312211,8.762724576341506,7.5567923,7.360372818975916,8.326187034172142,8.103816671415132,8.585013937518411,7.713138514608278,8.823974895366067,8.392274791103778,8.396042047876739,8.324340970894303,8.429689365512662,8.458119324059377
2023,5,2023_05_PHI_LA,PHI,11,K,00-0033787,8.981064509717557,8.913233,8.666381992883695,8.59197754682286,8.89949572232125,8.879518277921846,9.19519821153338,9.307129071919263,9.137686879850634,9.26890273531241,8.98067859317354,8.739658272535406,9.03697862560076,8.954030545936446,8.896832606782434,8.677416456609308,8.89537379993596,8.635884542182245,8.679196064319031,7.7352087052189455,8.570050984409981,8.086940604949282,7.998565137540222,8.71434513114514,8.905498943422183,8.849821866782007,9.373825534786276,9.3085776879197,9.435020994619084,9.26132435211274,9.074100155331545,9.534929,9.215116610024635,9.444031708929703,9.21137739490581,8.96110984781399,8.70626292330334,8.812905298949417,8.962996248719334,8.967319577100467,8.874461614316804,9.010263044927804,9.039461580138052
2023,5,2023_05_TEN_IND,IND,12,K,00-0035269,8.02838646852735,7.3655577,7.385010434782769,8.357868266249634,7.346289464337065,7.803826020129813,7.602993871378802,7.710222696876652,7.741480892534104,7.941692579494555,7.884176204198975,8.51818145667314,7.677200128362351,8.449724735533461,7.699775983996366,8.56370751948422,7.81742055110239,8.503797834093666,7.613362151106697,8.072604510342202,7.657772820207184,8.653175755062692,7.56300691255107,8.167148880489647,8.536165795643482,7.268474977337065,7.541041729807905,7.681705719063702,7.652009709930042,8.012382550582693,7.676024890091908,7.733523,7.7766207554885725,7.574574350314423,8.612003993794216,7.624170893242897,7.642490992391108,8.154339069264072,7.835336775015007,7.8473916519345375,8.030267711769524,8.059071575505437,8.089756682483525
2023,5,2023_05_TEN_IND,TEN,12,K,00-0025565,8.190971984838,7.81479,8.588724318821315,9.389011178478295,8.631564908406558,9.269243907149429,8.38817119581256,8.963145577284722,8.202280177540135,8.508075834936365,7.71938402228544,7.960691433354282,7.921875076550679,8.065712278424655,7.985474753944626,8.407123471378464,7.937613289096104,8.50602433547875,8.033459022610467,8.424159698531117,7.937228463445531,8.29927880366413,10.459959781795405,8.465035506447796,8.120105207782588,9.118172064970612,8.767421798168817,8.392453999778098,7.97022660656941,7.826015870270855,7.805850308120034,8.389308,8.279552034647923,8.407541209431415,8.431508430494224,7.931611362390328,8.2196869028738,8.334531102231107,8.135418011310758,8.121875726505941,8.128618208451462,8.2104601007942,8.229948216750403
2023,6,2023_06_ARI_LA,ARI,11,K,00-0023853,8.438291049911026,7.85003,9.140409282264748,9.314187016921789,9.015542445431636,9.420278509297738,8.588983221005984,9.176386930245194,8.25232888121981,8.660768581558848,8.445292055184956,8.382723409763681,8.195301666627017,8.50570860472816,7.72923398344403,8.385727871175302,7.661538459179032,8.700733732918378,7.941440650481409,8.070070857738358,8.062763365688152,8.835346022298069,10.356525646619264,9.0580096684583,8.764889897732965,8.805405889376202,8.60964950981637,8.35177877817487,7.991582085564531,7.920490701346885,8.236328626405308,7.914026,8.171753316031246,8.217331517506167,7.962379758117402,8.811491491392921,8.053077319152523,8.598363970016912,8.3859849839751,8.46551782007161,8.49453298223456,8.469309669099255,8.500328288287482
2023,6,2023_06_ARI_LA,LA,15,K,00-0030332,9.581113676945646,9.107879,9.859378170781929,11.474745141526064,9.956099869485328,11.156875045974813,9.74989691756312,10.138488998139982,9.354508667850356,9.31282414596527,9.337345351028029,9.416978120347425,9.207714357318409,9.308892485188233,9.19864206725745,9.06371344940595,9.27447909636792,9.118511768218545,9.024406331717747,8.78099514962386,9.097467724896443,8.435750681681261,11.415686609134632,8.777035443902717,9.225224304576772,9.452382120160268,9.360291081137692,9.030441734197169,9.408694999441355,9.49714305913886,9.335783160244429,9.219074,9.29329547032931,8.978828649699413,9.040369392214325,10.221155219869994,8.68675931991406,9.559324196709724,9.504406212506536,9.527004320368267,9.447564637077157,9.613868793226237,9.646623909506829
2023,6,2023_06_BAL_TEN,BAL,19,K,00-0029597,9.260674722168996,8.036402,9.403720931922166,9.269078516933453,9.01438449348676,8.890883402772776,8.477127252889396,8.556571722537573,8.17987647213337,8.292124011199721,8.951262331683221,8.58543176008043,8.607211803911355,8.564741908251698,8.402209653963464,8.534163300333937,8.470773921631634,8.814878670183424,8.352957679192993,8.25078436628999,8.786441774290047,9.259600304555711,8.956964169619258,7.936794482853647,8.710764945678118,8.55862975674629,8.223882704792903,7.975473190488545,8.121971484922307,8.318097813912718,8.548412178746212,8.126679,8.290031540869549,7.787026566744328,9.018772211853966,9.418662042745565,9.224825091750239,9.325478661697785,9.074888626418854,9.122879022101046,9.262770014330346,9.294397896521993,9.328121070874987
2023,6,2023_06_BAL_TEN,TEN,10,K,00-0025565,7.062280630966242,7.0480924,7.689911082503899,9.07273546477253,7.710107654954817,8.90602265929579,7.582673836636403,8.634078533662429,7.575924714369694,8.269687806312707,6.77606200107519,7.609064577985232,6.901912340423965,7.664422738269927,7.539536786377128,8.009334220666886,7.119538717490005,8.236222017172256,6.975858927346774,8.63681603475637,8.066504938390018,8.665141247369641,9.467095103800077,8.407032799705068,7.854871676830299,8.188520574668589,8.052852773334088,7.9103337281267265,8.118188635489695,7.865666113676874,7.113361360369665,8.5403,8.772497429172592,7.827437387267463,7.396361038522371,6.932336705368242,7.323228789160049,6.690573791731145,7.0666085706589925,7.038414212132226,7.021864291876973,7.079992936861458,7.097705242756673
2023,6,2023_06_CAR_MIA,CAR,3,K,00-0034173,6.545326639541884,6.52403,6.908650248927432,5.80093165912986,6.798979193728229,5.957411316517495,6.781041684357014,6.210136191054239,6.987572125286457,6.740091701540484,6.159059790666439,5.471435490491771,6.360237043292545,6.145617045360562,7.156956135316683,6.397765318463824,6.934051249803209,6.533965196131039,6.675161760541448,6.48128210392292,6.964707524740863,6.190020030009531,5.935152759507851,6.397751694879803,6.115764578384608,6.726811940053592,6.8410097248273605,7.185777683893321,7.475870440605659,7.025479380281622,6.202142545378269,6.9543085,6.925441106722807,7.145441225897883,7.194014323797334,6.5059257429122574,6.702959087908082,5.572280682234864,6.575054950948571,6.594963288470437,6.573611641711738,6.571584738869497,6.597842838197112
2023,6,2023_06_CAR_MIA,MIA,6,K,00-0034794,9.126467377146575,9.039728,9.892485227716332,9.377588583656507,9.624421444910034,9.234319377263157,9.09221850657762,8.971685780296873,8.847371965461576,8.75048813142571,8.449892728747745,8.737643047670277,8.250775629185812,8.442076627845196,8.344057983254892,8.652679028807663,8.519767268083239,8.573631040295803,9.082885615597018,7.924873868112743,8.889461505755612,9.16091233329884,9.285748393819713,9.280819841112988,8.643320419172312,8.96467492583429,8.758698423526704,8.611199839280825,8.295356802643758,8.019026535590791,8.366834296459414,8.736073,8.980295467164773,8.785829400672656,9.307645381166244,9.460375351311779,8.725014544398228,8.38761083916084,9.13174839614162,9.176141200521823,9.140593158595461,9.145458987944092,9.16445059874161
2023,6,2023_06_DAL_LAC,DAL,8,K,00-0037692,8.22839181579782,8.685614,8.378363722261357,7.241919629959183,8.552049949245594,7.935292332669687,8.466994153887105,8.38199811201265,8.309739628755231,8.076458955164437,7.69514822958534,8.04656729659581,8.168013303633415,8.097719500078604,8.149112646833762,8.089330699429212,7.808545067383425,7.855082934749252,8.18098154608089,8.31688312522805,8.02013560996556,8.380824307647199,7.272617537610987,8.282306154387491,8.489611303564397,7.718619533398995,8.246074285366351,8.207551405585848,8.188290046631566,8.126258699660085,8.279006921222951,8.121666,7.751371551581546,8.271561693317,8.185185492003509,8.309061932098217,8.499138112748962,7.996487920412927,8.266147652461969,8.238878913719898,8.179229891518979,8.255090989609092,8.281790163420364
2023,6,2023_06_DAL_LAC,LAC,5,K,00-0037224,8.192963262231011,8.416075,8.189423783648616,7.640579092936163,8.198452588628394,8.190693858737479,8.185125560262478,8.475811180248726,8.119688523064061,8.266609130047788,8.261685440622848,8.049976935609525,8.184928049800321,8.101292656948242,8.230383456263146,10.499170882837678,8.327849973277903,10.240295971474389,8.248812044395692,10.151103841259337,8.177344535677094,8.52118042581913,8.684586490945726,8.857967210648082,8.293557817933669,7.901578013319666,8.26439041909561,8.241262409569064,8.217015983869036,8.652872015626732,8.385021021514506,8.683081,8.416339520497,7.981208342751905,8.314522509893344,8.005717061730282,8.125222317605488,8.418987264051735,8.20076343971503,8.186708854015333,8.156057775894288,8.223068917071515,8.253174571912016
2023,6,2023_06_DEN_KC,DEN,0,K,00-0032569,6.5548486920963,6.8384924,6.211407794835301,6.676696372897699,6.374806263083722,6.7879050107474015,6.515111095993648,6.610366666281282,6.81489230543495,6.908523295694054,6.271992415508951,6.26121093600604,6.227060836790798,6.27978852884761,7.01959216322615,6.804810967562851,6.970588297851855,6.758383613022891,7.29998272927941,6.926024946898489,6.636681446069684,6.826056379635782,6.9347298469347525,6.829428427034004,6.096247591251283,5.723177197784199,6.15819739877137,6.732518251449595,7.148335257096391,6.873446488710995,6.398826756453873,6.9737124,6.720006209746451,6.761164263851064,6.836290562875583,6.528696233916204,6.4057577287165195,6.259536283977458,6.5294855193079755,6.48370676892151,6.594063615925323,6.573589846380379,6.592331000664459
2023,6,2023_06_DEN_KC,KC,17,K,00-0033303,8.939346942589516,8.725266,9.12364084993383,8.414482267907971,9.154730882090943,8.315183367728064,9.24727773590398,8.728756935355369,9.167239068357333,8.969245294212806,8.149436378302978,8.542300572836979,8.426842975990162,8.467214145900916,8.986662858390453,8.513420742185346,8.9222196555378,8.366624530712693,8.461228984170772,8.389127770936,8.710841756478509,8.341343349493291,8.778756679929762,8.915372548403035,8.571662054918532,9.134327218221513,9.3691044225612,9.268277132046489,9.177901048616905,9.172815729153026,8.624804647785151,9.583533,9.50497671953308,9.145136164826363,9.098315682572046,8.943377735146138,9.612956095550869,8.356027671021792,9.022816721298916,9.050765755307307,8.878268595187748,8.958093856056689,8.976840769523863
2023,6,2023_06_DET_TB,DET,8,K,00-0036816,7.746805016917324,7.8597126,7.8289312022555775,8.676614186187212,7.828312333494905,8.677849318007812,7.699023933227959,8.411002091341151,7.711692806111244,8.098439224322313,8.120364895225267,8.171942661421435,7.977142594367065,7.979389080511428,8.112207927130276,7.978782771746772,8.175067946024937,8.235068689372742,7.703391022257152,8.248272629436096,7.68750211995521,8.424318241104169,10.457996887724873,8.711913042792911,8.254814201348811,7.785439777753126,7.7258993029815155,7.764965039148223,7.768643214280999,7.728401875349898,7.974490303777266,7.7102323,7.83063656796619,7.672184064674536,7.930906614862879,7.844082065080803,7.783009867895643,7.257996098182867,7.724421964413396,7.760200666996844,7.744586718254243,7.768710700028832,7.79061638314034
2023,6,2023_06_DET_TB,TB,6,K,00-0035358,7.480172466764291,7.3206344,6.320080332817229,5.403394708038374,6.470461992654033,5.793646489658751,6.818804849355082,6.416188431304705,7.139834877900242,6.915946016837708,7.135570966748532,6.60706875699544,7.3010411524398755,6.76797753510457,7.39150170926038,7.196965674179211,7.228467767520651,7.15200832294695,7.005264625835268,6.476445114832518,7.506776133928081,7.1594702025087305,5.61785571239971,6.918514059731242,6.81374689604778,6.716574223930731,6.968687205227062,7.341607438373397,7.351288107428459,7.252020128073989,7.139253999311731,7.4097733,7.141718340396854,7.260826184719653,7.835853286383895,7.598834929485563,6.921330518454404,6.9887472860472855,7.456937397720923,7.4584062508352105,7.510925094221811,7.504654087425886,7.52913570808748
2023,6,2023_06_IND_JAX,IND,10,K,00-0035269,7.893440754549508,7.254751,7.474173909507763,8.206242682084369,7.459977087800337,7.977901409135447,7.781402147320595,8.017600582781068,7.9048881698248765,8.07390174268867,7.98500448103623,8.283817231935338,7.76264205975465,8.063270181043576,7.826381822646589,8.221429067578084,7.843562111103221,7.891521573979675,7.6096918425836915,8.021031772032376,8.615589264957856,8.29727882546604,7.698587497560853,7.807592096563376,7.807876151215074,7.370149652003559,7.622068735591866,7.707708481655091,7.628672541833932,7.583181282473378,7.678812258333796,7.9135375,8.010413784955219,7.536917266694063,8.107038524237403,7.653499785607638,7.990757496078747,8.004267667136785,7.8298833142423705,7.8277129304445525,7.894974553998465,7.921108190954191,7.948775627358873
2023,6,2023_06_IND_JAX,JAX,17,K,00-0029822,8.834247260629535,7.973522,9.35223430229086,9.113081095361824,9.104323796099557,8.97876706622542,8.842568548204442,8.815366155324613,8.654281923786963,8.649060089998422,8.057793711432371,8.433147405086704,8.155667992028642,8.519906997733544,8.48897854773404,8.564254093811394,8.249700968838178,8.487926779623566,8.040485758601907,8.06104924495567,8.490015881003032,7.898804650168807,9.682661763843658,8.335237852009781,8.476705263421517,10.21711211076686,9.348784944157751,8.852818983600184,8.560277978626475,8.843891372032987,8.375245306821059,8.597356,8.383073855501467,8.50712237791105,8.927084978014028,9.31085268766222,9.396527883975336,7.460639518814522,8.743886750534013,8.831611946796272,8.803456912475525,8.860887782804122,8.887528304978709
2023,6,2023_06_MIN_CHI,CHI,9,K,00-0031203,7.040599091081884,7.368561,6.3427287250176345,7.116777603855327,6.130176090416533,6.847337249290978,6.346306073837995,6.694397010433249,6.852273202097185,7.183826710092434,7.220144655169873,6.923436339673494,7.140114180411659,7.240522506131868,7.414311843681203,7.585624457899882,7.59424005071917,7.761023684238967,7.7017472987102975,7.555732204101367,7.353505921630905,7.077944513020882,7.6220396421776595,7.920024629849304,7.198367586440007,6.345086920614847,6.420597619308834,7.014478905653622,7.62078199245827,7.595175668048791,7.476534921021336,7.6390734,7.244928678862552,6.965539613082281,6.999337608815222,7.072764038523729,6.739600584956888,7.188660672660676,7.092419485485678,7.043081356536167,7.032706302941504,7.057782906462373,7.0749667218428645
2023,6,2023_06_MIN_CHI,MIN,11,K,00-0034450,8.220103680275349,7.907639,7.378043910260528,6.631443694075376,7.5156040793046754,6.8162078081751885,7.847790530559064,7.440505333050456,7.891360720174464,7.856224002459164,8.02001880494509,8.246553578742894,8.031756088868672,8.111950745777085,8.125770555215704,8.1676730021427,7.926016917283039,8.312899123556214,8.104064804040636,8.138235730856284,8.065795721074803,8.263570047994259,7.644896087951229,8.444759565165056,8.15351291975146,7.33788581376659,7.824027406112247,7.974191554988221,8.27677047249829,8.390934443382267,8.050207853477927,8.357358,8.131488273968586,7.6724479541882,7.830082381014528,8.774802954492001,7.9058963676604295,7.852840737040734,8.324003636190831,8.379580066601797,8.116973599298426,8.25298168287043,8.28585968546551
2023,6,2023_06_NE_LV,LV,13,K,00-0034161,8.489437573747132,8.436972,8.972330583165347,9.271948268152398,8.726378735992588,9.20942886380416,8.235515441642614,8.886509605775569,8.073108949940357,8.666495574029076,7.659865219157214,8.048806679491086,7.736821368821155,8.097674304705656,8.101184327889083,8.726024347309654,8.15183046985474,8.634714125742084,7.915519724442558,8.765705670423491,8.243200403476658,8.110594901673265,9.900937904203754,9.81560181404588,8.107037369735565,8.630746797248982,8.316674442865375,8.171361746077238,8.315643576677347,8.306556435671991,7.902422424111654,8.343414,7.799427054501996,7.982827560556437,8.579218346400644,8.881590649046412,8.406151604779872,7.612103248651936,8.435944716217843,8.462417857398837,8.540790940330226,8.514748900391393,8.540060227035653
2023,6,2023_06_NE_LV,NE,6,K,00-0038567,7.665821071713522,7.897894,8.721420846981252,9.2745799847967,8.329852483935163,8.794454766327632,7.695138433608895,8.13397272765485,7.416393172566559,7.69871955714815,7.288679238605214,8.026730349623092,7.589403227307343,8.043552366547106,8.004946116528163,7.959798807068153,7.766790727585938,8.143859327819172,8.115721189652797,8.056756311221191,8.566023566471003,7.841386652573663,8.77323374127081,7.651933704182712,8.537189339436996,7.991192216913691,7.556778248749858,7.35807608604505,7.740650850563759,7.710912267404935,7.611299387883155,7.6138954,7.251623683917629,7.418573989072204,7.905756308270486,7.647015164325687,7.537169925968626,7.407855604526191,7.597405658000076,7.606800738820764,7.744337904247155,7.726270428430432,7.786719785147342
2023,6,2023_06_NO_HOU,HOU,8,K,00-0032726,7.647053445038617,8.035666,7.885589784914759,7.998350326255063,7.67513315337783,7.880717452816491,7.748574770370295,8.10865696977004,7.851166338681187,8.27331234060745,8.005876036069974,8.465074134695389,8.267545586311863,8.248877611281587,7.779071298295862,8.355840605195707,7.579138752244127,8.606137234718368,6.930674335796707,7.789934035846571,7.705613100804296,8.352830169209952,8.242721721890469,8.690848600579425,8.037714720447669,7.604123628936457,7.861484911558127,7.982971352999479,7.834956233428939,7.394024513808498,8.208242876666082,8.350675,8.428804023307446,7.969140081002978,7.648816881731203,7.814903102621841,6.986927115437859,7.638772139633667,7.581397481200728,7.582745579386881,7.591141896719538,7.662557084226849,7.678060723415083
2023,6,2023_06_NO_HOU,NO,9,K,00-0038905,8.610748541482913,8.395052,8.185050209489134,7.28676519961979,8.247523630573104,7.518961360503567,8.351997034597904,8.083577435708232,8.296667916761955,8.15962801293049,8.1396008553929,7.876800950647025,8.073075147709815,7.852783696033713,8.166706854355693,7.773730361630303,7.274957973814102,7.740414219811402,7.340695912790224,7.826822095790338,7.893267462998818,7.539619107687473,7.935437215518058,8.402301403067305,8.43203635873296,8.229675436899722,8.414226458033259,8.247291536936558,7.899964233289146,7.549634555984981,8.051412198867498,7.805548,8.32398308745362,8.164321753547231,8.75842428268648,8.512205069440965,8.241619928033481,8.770886180486176,8.475739432575395,8.465766106537536,8.546535729208717,8.656471793186448,8.70219504488998
2023,6,2023_06_NYG_BUF,BUF,2,K,00-0036162,9.593374236075176,8.982792,9.584245184720768,10.29086222727663,9.38463754499644,9.598560604815903,9.14920221924238,9.116445906524582,8.934124923950705,8.948193069091278,8.985445688868813,9.26402409207084,8.838823125472313,8.884897049844708,9.283035541721189,9.237831695355254,9.889379649124512,9.041455784619894,9.948711733801392,8.925092586038135,9.800200373353094,9.251648765415542,9.60878341614725,8.885528654241588,8.977727237046278,9.60047080699924,9.277846517102748,9.008758885558828,9.426066490979316,9.698444962872342,9.004506981237697,9.53594,10.126322938009103,8.954940685360736,9.479803851194806,9.709616203893743,9.808064838823562,9.423900576384401,9.587895796017635,9.619646403231737,9.604606097659703,9.61879172268428,9.644209209293384
2023,6,2023_06_NYG_BUF,NYG,10,K,00-0026858,6.907522348503089,6.197555,7.085685765125597,4.386011129349573,6.827517132369331,4.601470192514875,6.863841454662161,5.777332156565493,7.0244362553156,6.415969547736771,6.87389470581693,5.964435343331756,6.884135044459443,6.284056362549018,8.523854769329683,7.09361205913496,8.271245532388571,7.322082868291018,8.593084566669031,7.72525964674054,8.39056651014158,7.240004283217393,4.3601072907119365,6.72443399562648,6.245260039553253,6.050338759608616,6.470552390845615,6.89349702115663,8.09882489119037,7.997975500022968,6.747891627162466,7.8324194,7.45886914552082,7.013735970513896,7.058986084187546,7.136455550942443,7.088966921472364,6.131738053613052,7.039927430571646,7.067281531418145,6.96012167541493,6.931643245727074,6.955764142951059
2023,6,2023_06_PHI_NYJ,NYJ,14,K,00-0029621,6.994611631516075,6.982209,6.26252270422256,5.486727969975379,6.274392664115194,5.957797627532688,6.617329442123845,6.287112911230814,7.038432756845751,6.777590908773032,7.342019652840167,7.385859298968201,7.290075947782628,7.094231886577466,6.999179222188101,7.078298506380567,7.252004959606387,6.9724937030138845,6.6363482063180825,6.984207578941099,6.807317535411177,7.398021292872693,5.914815194932814,6.800119324179571,6.867611268971076,5.791817804129524,6.27031903842432,6.83375938516985,6.848147787588593,6.561701285272325,7.396920832962754,6.3421087,6.657120772332384,7.033588482299351,6.814321934109394,7.296508177240964,6.080623592524483,7.118247105672111,7.019522590093895,7.0188435394334086,6.934081921888813,7.013938531092079,7.033265430668083
2023,6,2023_06_PHI_NYJ,PHI,2,K,00-0033787,9.04811368032872,8.150211,7.804819879786836,7.402668495578601,8.223972785722431,8.116990165619624,8.606996205595523,9.0109079593706,8.601972397940456,9.134827525086424,8.966531664200913,8.995553714000518,8.910998363908927,9.024407861981318,8.216648707347087,8.738557751814264,8.099827798423723,8.811945833943252,8.169454785257468,8.353229035121352,8.060907898169617,7.504706263833249,7.873528354263759,8.974013335363558,8.961405127913876,8.740553670433632,9.196509105655434,9.043377627702847,8.9228091846655,8.95021144644561,8.770222330805007,8.7551,8.47363749373093,9.114164834302366,8.978786580446638,8.89498633228381,8.734112139333636,9.61535979673921,8.989374908514813,9.039748272213151,8.97565026941152,9.074886234242866,9.101658788157016
2023,6,2023_06_SEA_CIN,CIN,7,K,00-0036854,8.302719456076959,7.9555655,7.555460537948344,7.673126602576266,7.663551512310725,7.514719415738446,7.712251126777824,7.433680874034374,7.748854900651303,7.548244027028399,7.939276040080855,7.889884217791288,8.075259985117839,8.084878340318864,7.591137223856421,7.678391778268807,7.736273415563002,7.936169759832496,7.722544769385789,6.814707682039568,7.276468376289271,7.7888789690976,6.89051289130602,7.824371763665892,7.920439789930493,7.963479557659471,7.881439347902813,7.866324159059009,7.8015646321317345,7.793703332699132,7.843481190915065,7.6503277,7.576345817736582,7.811085765877818,8.203067101251385,8.797742804832716,7.906671742554875,7.660175147564851,8.332507325775012,8.335787721251645,8.25456945035904,8.331444065226933,8.360168674376906
2023,6,2023_06_SEA_CIN,SEA,9,K,00-0031492,7.520748050592648,7.416487,6.517961125728878,6.729173198201666,6.9092593996510345,6.929153794585796,7.414690462093286,7.4113851787731,7.696122228538428,7.77722018829495,8.036301336658061,7.8056594300093884,7.975274218236132,7.712150486132725,7.894355472113266,7.96269160155387,8.249697775601836,8.25470232140722,7.534800039722272,8.11793844113401,8.585803489445217,8.709986962855575,7.382983819304683,8.247162653632635,7.941672427274593,6.40739845964079,7.420913715738154,7.923940407365889,8.070772575270762,7.895822574832828,7.8250402860835155,8.057026,8.639551745281008,7.829577047792511,7.3011726474978795,8.03741069962667,6.793901665052186,7.180209049936989,7.635796011431898,7.633032032231311,7.522609317878205,7.535982325121706,7.551216599650765
2023,6,2023_06_SF_CLE,CLE,17,K,00-0030098,6.931664547015794,6.3771853,6.469103775752074,6.0724721353913305,6.621767433512015,6.147695879514261,6.700273340056241,6.25159199968305,6.84423938397973,6.418993856766884,7.346663348092931,6.599069086862542,7.141624488287152,6.556494051543013,7.641584509760764,6.945928404672623,8.150948187745776,6.508840064118213,7.5378445826370255,7.09120144955531,7.957934359336869,7.303741207109203,7.189856905014795,7.366255336843854,6.640808747823097,6.087563499361183,6.468479172412287,6.738667917109497,7.894144437581799,7.832276558444073,7.192166933585692,7.7419114,8.336125324137504,6.779904185076707,6.962238361727077,6.7392588247755105,6.54910555873513,7.461894763569764,6.917651211219052,6.970523096426003,6.931404719353635,6.948941473596216,6.966218400176636
2023,6,2023_06_SF_CLE,SF,5,K,00-0038562,8.302336053621572,8.084266,8.284621208697393,6.210495662089995,8.269513071390245,6.700204567969434,8.125675148116692,7.610264668567889,8.153134551291734,8.110035941382591,8.162591772423665,8.473558192167122,8.260996417449554,8.311702605115032,7.854584063117223,8.482070122047372,7.554245843994975,8.451495346334319,7.630398327889803,7.91995151928852,7.844171243155975,8.25452709669371,8.956820323637697,8.103919778828391,8.35326031079486,7.629021464248069,7.724512325623344,7.972866329627605,7.9409026448391264,7.715856245449088,7.916264986304941,7.8852553,8.044158039706423,7.707689983548265,8.115214015460918,8.57611185069783,8.454982729647405,7.959144178697117,8.278677249993072,8.327302658468993,8.139781297091291,8.340877607637394,8.379419161653216
2023,6,2023_06_WAS_ATL,ATL,5,K,00-0033702,8.258962655245828,8.326165,8.68146397691162,8.600481251095138,8.419713101613041,8.40168932185191,8.345496957077886,8.70106339035548,8.349619317727916,8.80395809028923,8.161081607829244,8.856359957841283,8.211719380953689,8.756189105288653,8.098953300086634,8.903301229911472,8.20033660467195,8.886289070233554,8.260636537138396,8.734233494457524,8.285053048366157,8.860401070438211,8.180837992685166,8.106210772766863,8.69512863940015,8.43229516515528,8.506645054556381,8.514610398084605,8.566828111410917,8.636235454387009,8.366625551257153,8.744911,8.651375666684324,8.411732008970215,8.613183448011183,8.217871144867475,8.49875610075753,7.689917764098648,8.215273408316458,8.262571144825712,8.34125242291207,8.277769573096668,8.296576490947508
2023,6,2023_06_WAS_ATL,WAS,6,K,00-0035192,8.810272080358402,8.056626,10.28616917932327,11.20406226084922,10.093325827869876,10.69412479939881,9.20450433249274,9.699067959421084,8.615381459287484,8.945686947712202,8.870000104481147,9.249313689277145,8.893765246563667,8.957411977300234,8.05927819079849,8.92224636970862,8.522355355079238,9.018172188741358,8.40393382983536,9.400181188687704,8.182935316457815,9.89967262685844,10.399896672413192,9.062780407983084,9.085725422413953,10.553910824826406,9.306375055838725,8.496733976497035,8.275740894573692,8.550455428043032,8.558116498910152,8.552675,8.538501357752423,8.244830904048955,8.686678352109334,9.02134284882786,8.611771208486717,8.672771571728928,8.650642585008478,8.752790529114806,8.84926122663876,8.835286442524602,8.860300804690802
2023,7,2023_07_ARI_SEA,ARI,5,K,00-0023853,7.249981610783485,6.7366333,7.435412057412287,7.1022375113511735,7.524835487388476,7.458847981299634,7.411794363138358,7.7186636688473405,7.352122420263189,7.684411756941349,6.929795193124263,7.358240957179069,6.734684771484418,7.033776924259223,7.206212000412016,7.379901996576224,7.050711678303019,7.682208708949006,7.274995191148651,7.838972535938367,6.448934262798707,7.07130110070874,6.835539025209545,7.415810713253826,7.059444236900928,7.714015620445679,7.513794291486108,7.433929582437917,7.521676717469893,7.5915935983595135,6.895789860731634,6.9970613,6.796760960547248,7.406338890428311,7.176587027141868,7.529741086895429,7.004487699127496,6.923301489850017,7.221607792889278,7.300830808285683,7.313099750858338,7.276107169189133,7.30223272759478
2023,7,2023_07_ARI_SEA,SEA,9,K,00-0031492,8.828848453551396,8.443714,7.358458206043184,7.831815012573646,7.814071285101068,8.187701184543501,8.458880848509096,8.490831769692248,8.577919761864914,8.540153395026842,9.12085885920648,8.755140858197803,9.033972371286175,8.829514957953768,8.934752031716645,8.588326814647978,9.213184284420636,8.565033789697313,8.952442095404894,8.663875895196536,9.465380834835418,8.716551814291828,8.6570276454649,8.278842398756645,8.913781397828169,6.95148437313801,8.20866592704999,8.592280878457334,9.173085859709204,9.555191087078896,9.024773872088154,9.309716,9.149565338102343,8.74677543017756,8.766627404391945,8.843829196678524,8.164659182891798,9.224313176366117,8.804604138280627,8.804248789456267,8.810740249847814,8.845928189599789,8.863007925648184
2023,7,2023_07_ATL_TB,ATL,13,K,00-0033702,7.799442075086645,7.0330763,7.966504584130415,8.639186200907554,7.763948913966938,8.373209729831649,7.647306346960787,8.255428287271528,7.5973016221548,8.097279155832751,8.19299244671894,8.426536966136922,7.862081423653838,8.255175624346299,7.753384403904396,8.758877593377397,8.191222217045597,8.863244359877719,7.711621961347803,8.869487793092013,8.327269169034137,9.192110720712185,9.89900841117606,9.57569339796292,8.264339783645715,7.912197872713052,7.874426576456414,7.760187505560424,8.049653762662691,8.186065144930462,8.172208182966884,8.47643,8.113282152126862,7.611024551165771,8.098464864556036,7.394797953688645,7.997978534852684,8.060927903795545,7.6649977005597485,7.7642761839628704,7.8853738199453876,7.817854165255049,7.836266255423453
2023,7,2023_07_ATL_TB,TB,7,K,00-0035358,8.052148993577608,7.5721545,7.234491166543821,7.004541385927905,7.344206921898877,7.4476070698280035,7.559973451843687,7.838088109799431,7.599604384908627,7.944625836164346,7.638925482640493,8.27425862919717,7.710305539774207,7.946843338578401,7.575723498579079,8.07715254917688,7.852441318543968,7.886165805453876,7.195130048061449,8.205522693642724,7.512308864968504,8.432256198866423,7.0512108705660985,7.975264612116937,8.501948485792123,7.770952458293149,7.725823267559606,7.698245882543993,7.775953490714297,8.106149920611461,7.894432298019495,7.838349,8.126977964428932,7.657988834459387,8.56494983468273,7.805749414088952,7.795303858733158,7.904169458319458,7.8792323568724285,7.922564744188993,8.094912374328837,8.076372534574814,8.100596075572017
2023,7,2023_07_BUF_NE,BUF,5,K,00-0036162,8.898718772543564,8.144205,9.49426918494041,10.495803352805108,9.154379123365224,9.69742360226796,8.557816708169863,8.866245615941104,8.242806145445593,8.538886234167446,8.93146445846108,8.95518129851298,8.767201190778655,8.752178132118184,8.761638911960585,8.706336546623666,9.069713493929346,9.043711466597046,9.61551676358717,8.759540850577869,9.077879928775069,8.347391300032374,10.277071699690676,8.830346544858996,8.593363559086917,9.14030399507616,8.652841032601307,8.388356900298277,8.828665089324742,9.103496711493076,8.808034281328084,8.544282,8.675548903101655,8.131795545904001,8.649505467084682,9.327151547367107,8.669379542527576,8.530342796092793,8.901188895566646,8.952817746937516,8.912265160909513,8.92872635721766,8.958733941891754
2023,7,2023_07_BUF_NE,NE,12,K,00-0038567,6.984591415257195,6.7965097,7.863375583716522,5.818626712800169,7.394603144371771,5.859711497736703,6.807252795750185,6.3200839917613125,6.717233229161501,6.407477930438592,6.935474791401522,6.468067739083498,6.936191335306245,6.3587727619335705,6.450668716690847,5.828392700002334,6.527121230229076,6.041089681510396,7.071873179290805,6.003243921737667,6.587541352365281,5.78850338399253,5.967055415737642,6.985543669744489,6.430661089041795,6.595600959246246,6.49315425057728,6.630937504856529,6.40612490122343,6.163443618508683,6.874895142850475,6.014893,5.910394215824735,6.809092342582172,6.855690688366418,7.286061022147706,6.534404690556214,6.800096654162824,7.051599848325928,7.069575990358079,7.02287256601077,7.03790935830692,7.091227301356644
2023,7,2023_07_CLE_IND,CLE,22,K,00-0030098,8.610460740124562,7.7368937,9.556181833674628,9.284549715701266,9.39964771625337,9.771400715349834,8.993803080475017,9.578611762983009,8.683894868675452,8.972363515940796,8.366645801006554,8.796241117678951,8.312082511540497,8.637476907872214,9.247669967992772,9.19231267373942,9.561884132574452,9.607069379616831,8.837831423465797,9.164943809511906,9.058293697635566,9.198199163370305,9.608659588137336,9.16065024026384,8.267282115863896,9.439971210571906,9.20846811010122,8.816110192792678,9.810889666918008,9.77062688796457,8.637890025974478,10.101883,10.235689343929886,8.845477790245337,9.107472160461539,8.23971627804509,8.024154593927078,8.899585606876785,8.461152768053964,8.51663522096511,8.586634894761065,8.630720428620595,8.650980117116628
2023,7,2023_07_CLE_IND,IND,8,K,00-0035269,7.6898698376994306,7.107969,7.495522853854103,5.655607953875813,7.544897870015504,6.447966438574198,7.793365872190042,7.729412751146624,7.848371842933951,8.208290771069708,7.591091600024738,8.501014931995588,7.525069195408543,8.333615598933964,7.619676206342252,8.830107404849691,7.528797455478352,8.931418873443853,7.394854373373466,8.671600614174672,8.13801999530746,9.13206188466883,6.313608869488735,8.488079727824884,8.492599057274216,6.954901981246286,7.597976774728751,7.832973369578196,8.020819252837306,7.87760546707478,7.65956277435408,8.2261505,8.905265350952,7.63444133317234,8.3581887885805,7.473753231332482,7.534393045296822,7.197363020313021,7.580551804749019,7.660563352196785,7.697414883746935,7.717957990152344,7.746046142605257
2023,7,2023_07_DET_BAL,BAL,8,K,00-0029597,8.367923679295846,7.8597126,6.996201822540834,7.809170604336332,7.088158459615789,7.7508940467052145,7.315290480214562,7.626896815410871,7.510710805734537,7.541491364642784,7.643696245980497,7.42745181235335,7.771807071843124,7.573818289421338,7.733682026000097,7.528885426777338,7.6086484810785135,7.089131727125971,7.252878581945635,7.193776322575115,7.20119320718789,7.616000752184969,7.0778426838962165,7.752060916183148,7.434593600879991,6.74206340470558,7.158845997123836,7.509920188688181,7.655779991056036,7.557975641504246,7.882600679045951,7.5108523,7.334017959433599,7.483169289427152,8.18538236198422,8.857988438884865,8.26324355530042,7.713946198082959,8.325199076624983,8.348563238710682,8.369032821997072,8.39321903686393,8.418514394432014
2023,7,2023_07_DET_BAL,DET,0,K,00-0036816,6.857671974211755,7.3206344,6.801984145862008,7.080553766071735,6.743603959415893,7.3610623720069475,6.815764982165059,7.527313670650366,7.0817479069939,7.647921551881743,7.796210174257637,7.566217441491515,7.575229306680274,7.633807965018277,7.190641696538827,7.678699185751453,7.095280354182561,7.792554083687886,7.169831036311768,7.943186544413656,6.902433341611631,7.690950311004027,8.63223627398236,8.468640778214821,8.116742719053223,7.184611423562012,7.1337534699772,7.422945277622191,8.18301400239235,8.112945520263697,7.845210296038875,8.494589,8.339889375242738,7.32831011348984,7.059927838748701,6.803145159480268,6.958329603477313,6.613012992236529,6.900627098966803,6.888378229116897,6.82399890759327,6.878391709440216,6.899111444668676
2023,7,2023_07_GB_DEN,DEN,15,K,00-0032569,7.687071483084758,7.748906,7.117801414901877,8.569668333684975,7.139622935236757,8.03072003899425,7.120205281344815,7.418130774771115,7.149135039998095,7.389523768316872,7.385993289602148,7.479722918358446,7.438473399685406,7.566472016136012,7.387160782991057,7.356538827853019,7.612793200656679,7.752511401265566,7.830082366474577,7.45041564676881,7.380018902885618,7.250758919808547,8.21913784145489,7.96086052361261,7.927139269248758,6.7237027265185,6.937166644335482,7.162369128708928,7.506188099625589,7.563624584027737,7.592186421456704,6.965643,7.451038242511476,7.305064672056446,7.57992826359596,8.271275217058182,6.985384793982592,7.030222188922192,7.66378294828096,7.653683033009439,7.722050539611713,7.708606506861202,7.730141530637644
2023,7,2023_07_GB_DEN,GB,5,K,00-0038402,8.115512173901113,7.4793673,8.339290512134575,9.506109293295406,8.167042723342846,8.798028188428205,7.860120050678641,8.197592804209574,7.745758937710133,8.11785222792845,7.606272577898166,7.7608821658714255,7.458133272753344,7.802439479585331,7.726077582101428,8.122279024424763,7.726779707080388,8.405884328395466,8.190345951765265,8.621683913282311,8.23220586608123,9.300345108530664,10.245753267746148,8.61544217116248,8.222246376453997,7.871742799152068,7.825685269014862,7.907667328470089,8.073396109832412,7.584553192624311,7.609496271573127,8.396229,8.07248748196797,7.795913090282669,8.338763933634166,8.259588734678967,8.180284736061328,7.460095131665715,8.160564358503192,8.180144523793794,8.264208539858569,8.1744776195553,8.233443065209489
2023,7,2023_07_JAX_NO,JAX,8,K,00-0029822,8.667537498962323,7.9188538,9.191998364574522,8.612542942705858,8.99610262657714,8.541429418276852,8.64455868396702,8.528811777582831,8.391884052145162,8.403478365442929,8.820627458232025,8.259767841242452,8.741487209749868,8.384861086696917,8.158671452013676,8.08136702214871,7.94845450328764,8.257053750898233,8.308628652240914,7.88408697555294,8.66315656982628,7.653765815180623,9.20623579086092,8.952874224723743,8.403792612049926,9.545904557736751,8.888258644002413,8.431014944320605,8.565021443214192,8.273669440892583,8.517944015315232,8.358951,8.31137146755144,8.138512656550692,8.674377810072782,9.125295507794588,8.365509987897596,7.892774770164473,8.531081858039613,8.650475537069445,8.627397211131349,8.694206640959514,8.720875782956703
2023,7,2023_07_JAX_NO,NO,11,K,00-0038905,8.552441155186573,8.368086,8.456065609018273,7.771321596782562,8.652780779912941,8.246187689813821,8.723629028019076,8.638778916661508,8.566364303806429,8.385109965687766,8.461329470611672,7.901951121072301,8.319829003430595,8.10289324648439,8.474314819412339,7.8039366142552975,8.122327171649928,7.656841263997688,8.048405479306767,7.309385511000075,8.409051615333158,7.150416002781179,7.489996345366769,7.591722071929828,8.478261679190123,8.875176358531338,8.70387846818798,8.36907438000294,8.373601376366635,7.701653132199151,8.268046237314014,8.152399,8.29441542875782,8.310193329477219,8.845612135210237,8.382970754901908,8.268083074568317,8.593804526029528,8.444052394246432,8.460997647195308,8.525972256371336,8.597501870094487,8.642562585002402
2023,7,2023_07_LAC_KC,KC,7,K,00-0033303,8.47993726226455,8.32396,8.269546822279095,8.042643837557126,8.138843674384047,7.998072647777442,8.176000855695492,8.194383273136554,8.291973346725268,8.168400916591988,8.816617778011603,8.47413471729738,8.706397796884149,8.347923074019754,8.65987546447387,7.983284216447946,8.364031995986451,8.18424860002543,8.053376919805832,8.388969467643808,8.445830935171026,8.219626608517578,8.708297468907105,8.361526015665865,8.386609151079973,7.773083347971272,8.092173745329319,8.29885768023963,8.435052556708207,8.133673862533763,8.609379564486888,8.846274,8.785062615858829,8.33255818739908,8.3359405638863,8.624165410803613,7.896593099320066,8.69914809422604,8.557731496334982,8.572430852075662,8.36877277769664,8.50764607970399,8.53535489714343
2023,7,2023_07_LAC_KC,LAC,7,K,00-0037224,6.938757466422534,7.3356504,6.654979407245351,6.20115414727524,6.530384992966474,6.474128729422288,6.605541911922993,6.665885693209408,6.802889975118222,6.791424087146384,6.65388907192181,6.453510260251256,6.785548982045018,6.783284940410301,6.625571739575122,8.778880192351078,6.668956898109434,8.61808259980982,6.807744280771985,8.9693738358768,6.737433022134375,7.054458013665114,6.430774362748509,7.26025542119724,6.7943721030218445,6.200841251133864,6.390883253457101,6.745465011999407,6.752164963851458,7.122152585545682,6.999598729499748,6.8824677,6.761015734467247,6.805519469207824,7.32798036066497,6.987223443107006,7.1716038268311255,6.141567991485637,6.909214035866829,6.85440980173616,6.89544153371413,6.965132612752671,6.9915077590828085
2023,7,2023_07_LV_CHI,CHI,8,K,00-0031203,7.126912903284043,7.125926,6.9635911654238,8.550129473597574,6.772352517958515,7.948370587042793,6.763374156126361,7.137034598824443,7.03979526650339,7.359077846754358,7.393588960711968,7.669793477819697,7.275358119899422,7.797536024091219,7.639113089813224,7.548126665808257,7.470423876043122,7.857869796407158,7.519438294465902,7.74493895260211,7.261032389300636,7.308641583512471,7.59070260103027,8.108548147321292,7.891392100530296,6.267756159382934,6.414572984239851,6.961641344773782,7.571826962921337,7.632514461646084,7.478071828217169,7.0569825,7.29863518809044,6.917870897297572,7.13930925160621,7.133540888007236,6.769401018256145,7.273818353868356,7.108086230596189,7.114254339040188,7.132284113429633,7.147110967660858,7.1673090320376724
2023,7,2023_07_LV_CHI,LV,7,K,00-0034161,7.913585964973988,7.5751576,7.424930558586358,6.600449611621118,7.508810660296259,6.987488095401408,7.599367215829671,7.476695317195884,7.728276947124779,8.000229855723278,8.016252860536783,8.221423955976446,7.950103302361683,8.128743674119779,7.890042952328391,8.349447985165606,7.8159312454111936,8.248619186846451,7.868782949224879,8.487438598741862,7.852497981262471,8.630479911650777,7.598254430321097,8.409281882183079,8.412190087785394,7.318633779845071,7.619233855086091,7.920509209749431,8.062572210985145,7.950242761311331,8.091787203186739,8.021689,7.764694614345222,7.7296115448529745,8.019868902930195,7.999146883508137,7.97902293827428,7.550321234321234,7.9397228716002575,7.978232995334253,7.950305566277608,7.934084307538773,7.954582650103557
2023,7,2023_07_MIA_PHI,MIA,6,K,00-0034794,7.181700002138332,7.7280087,7.024915439289113,7.402599212928138,6.746882006626359,7.277240432997431,6.672637116561803,6.971466093783316,7.074397864616106,7.172477166366871,7.454536830874347,7.513613123500742,7.5222145469607105,7.504771731200963,6.807837344996702,7.620587687384463,6.740834320884141,7.253303926286458,7.113685011544138,7.515778391930811,6.609773579776493,7.632648029597398,8.50289568370346,8.431957317367356,7.6798263408752945,6.241122596048681,6.379246779536615,7.008358575864322,7.036474966476225,6.796877444765565,7.469525594634348,6.956979,6.647338833205551,7.00933702923498,7.21390161437501,7.588695706432572,6.792184413800043,6.514163969363977,7.298402267359029,7.260004666445169,7.18311463719226,7.197582085505878,7.213464168873425
2023,7,2023_07_MIA_PHI,PHI,7,K,00-0033787,8.243112905421574,8.267087,7.412629595279029,6.8376681422803,7.609745664836767,6.951795338220161,7.885472934310045,7.297426037887972,8.008436940220772,7.541699209724292,8.158509439127224,8.220699140620447,8.353265045326406,7.992508035000098,7.981463329208526,7.7881905031082335,8.243300581720048,7.7595067260304065,7.996767027070506,7.602538050499651,8.107963094182487,7.175949877437439,6.183571390203044,8.40148210252456,8.028695687719091,7.515051480377596,8.057584839204644,8.214668689276362,8.369176246660356,7.985407499219007,8.359608728668194,8.132776,7.979218175496153,8.270442005679005,8.201117252583229,8.59853761107593,8.307015580753992,7.563305635704165,8.328295572201656,8.311202796636644,8.187779003317258,8.266716038258203,8.290319171094831
2023,7,2023_07_PIT_LA,LA,4,K,00-0030332,8.642608186769154,8.601711,8.981823422646727,9.440561750417835,9.131984972013992,9.39611227025052,9.062923723608495,9.230732525845026,8.828091121657613,8.980652802450997,8.602329590085679,9.011962186280572,8.723650901338694,8.808809171041988,8.31812109754228,8.748908908715142,8.036450821196922,8.649785629194966,7.590419785324567,8.535775483922643,7.726086533175594,8.739904958190644,9.79258272304006,8.553267450218424,8.766388508732994,8.892660013597135,8.921318676297044,8.711965546154323,8.346541171994959,7.7734242938782945,8.442110092178991,8.267264,8.07683313884467,8.596633621979823,8.204913741616531,9.229078746865138,7.739476521182244,8.57777456709957,8.614972193617875,8.644777194419337,8.578939187049624,8.669913400183278,8.6972186135974
2023,7,2023_07_PIT_LA,PIT,8,K,00-0031136,8.363481188660492,7.9727864,7.191887531968483,7.77480949851035,7.318797701508755,7.716091710817573,7.746581667100955,8.00727773366929,7.909475883297115,8.176620536954719,9.162861208493709,9.159198978809725,8.798748167833041,8.936386569987064,7.911095895300845,8.14538007517009,8.212314830520892,8.47312051513993,8.577362271099796,7.924493434977927,8.217832814224183,9.122194255742489,8.385819492568913,8.695950363709725,9.012611322246029,7.242377415500385,7.815492650000732,8.10069854937666,8.352614796447968,7.912057725945274,9.011114616772934,8.182867,8.427606394169416,8.188531354505567,8.420808202168395,7.9024419127740515,7.540297100551575,9.611161264225974,8.25935803029429,8.242495045952758,8.385504972489294,8.385718880702793,8.407956572745093
2023,7,2023_07_SF_MIN,MIN,12,K,00-0034450,7.819397163463893,7.6822877,7.637176034549302,7.199302110245333,7.837451616189262,7.308205596740898,7.976075389499377,7.41240791872057,7.829145038173182,7.488390496440985,8.025855584971458,8.40216352503999,7.888636294167882,7.947950531372594,7.5470854881787215,7.226893074087529,7.4350362333487166,7.620890167668792,7.637209711305568,7.454167267992756,7.750161561879611,7.840559002910002,8.545410411785609,7.644400503175492,8.306108239331206,7.402603898348858,7.847123016170889,7.815359634137753,7.791860216899061,7.648638752084651,7.964975052649986,7.7470527,8.050950557094898,7.515708366903821,7.5124366074213,7.923904485212496,6.939421621552787,8.510811124986127,7.850155092328464,7.907201296008914,7.760134534653929,7.854553057074283,7.889708950684674
2023,7,2023_07_SF_MIN,SF,7,K,00-0038562,8.630941904566034,8.940136,9.038728291303531,6.663774724335042,8.887156527736622,7.237359401176774,8.70153604055476,8.077279850450383,8.63857277671613,8.410204563868557,8.428907040729113,8.192236424188168,8.509876820819157,8.48892031933091,8.48124961898974,8.398930690489355,8.294813138110255,8.331338414223282,7.965255666471518,8.208074404847013,8.015699675277594,7.9816365976399695,8.95705526834517,8.135313794930159,8.791751029199588,9.056838111036171,8.760942826095954,8.644096312123686,8.419690105751693,8.236342986917931,8.362582682568592,8.285651,7.800520632854632,8.538516104507494,8.63350630428161,8.692731305652039,8.339482670747481,8.64924611972994,8.582444923783408,8.550289455310523,8.508242714465524,8.669382896152154,8.707823887738272
2023,7,2023_07_WAS_NYG,NYG,2,K,00-0026858,7.856787593066794,7.009113,7.087793841797451,6.626977471647285,7.007292333153089,6.578070426464921,7.307467904133448,7.325384123704652,7.518027379225607,7.788848989178805,8.0260561595222,7.570019526687553,7.8192228355699775,7.6253069128878845,7.991198468841064,7.728817153220121,7.981043015673226,7.687999604438934,7.970097780982165,8.062232676934647,7.400803642092844,7.251748953767795,6.648817225630835,7.692126736291669,8.177235254238214,6.440244549057986,7.1813777348329335,7.609432146112441,7.586969552035302,7.933426879516706,7.660351272023997,7.285024,7.164314890383771,7.658608666724994,8.162874952523415,7.723253090031145,7.796728495412902,7.694755108780108,7.891200630010227,7.960371934027281,7.893564098803775,7.881385231137051,7.905982869207306
2023,7,2023_07_WAS_NYG,WAS,1,K,00-0035192,8.429360055966065,7.548191,9.249527963385376,10.53250221971108,8.972096197502477,10.030861249108256,8.274651935818765,9.086371131066402,7.981822162695947,8.50768532908893,7.830469210635869,8.479469414039555,7.871172456559924,8.417471456400225,7.838561978630501,8.126988550192117,7.73790143952991,8.428528548782403,7.958053164117843,8.765009222947981,7.61486586797331,8.60600765259531,10.289814265223008,10.23687155575394,8.929775981662678,9.438476785963667,8.378491217990263,7.974789901915136,7.726234909275234,8.352609426856628,7.936866267788925,7.5077343,7.476235334860786,7.661414815959067,8.136038995253248,9.155647083983691,8.163987853846987,7.549453692059574,8.350380639188467,8.43949120752159,8.422096752097573,8.453458328129457,8.477556600292852
2023,8,2023_08_ATL_TEN,ATL,12,K,00-0033702,8.08810797298144,7.4074154,8.32590551261419,8.284125764005354,8.154017065559442,7.949440881037487,8.00820803131053,7.917305142752138,7.892986052536903,8.140441229939873,7.876798671415886,8.557450277767266,7.863060694247209,8.388868002803225,7.8232164816115315,8.319095309886226,8.047351979803977,8.68380479954571,7.850086088432088,8.772490660548618,7.795187625782392,8.738403151521418,8.761619039154777,8.705078717308075,8.462966166071075,8.019737948480344,8.075841022089408,8.002587711920338,8.051826915550283,8.379005512894818,8.105734323072722,8.045131,8.090777630775095,7.942758945049055,8.557545889953513,7.9543265751355845,8.261237113612875,7.564949322899322,7.939466346744098,8.031102910915946,8.16161222918426,8.108365570445825,8.12862316791021
2023,8,2023_08_ATL_TEN,TEN,4,K,00-0025565,7.076390632460654,6.9581833,6.9298950870640175,6.881713314281965,6.994918234522206,7.153143202481077,7.131804141592754,7.626344875624086,7.282062747768362,7.781368977587393,7.320890557552934,8.113863577605343,7.3543609393537475,8.058253800818445,7.600053032545855,7.71163093355176,7.7237468175251935,8.182819247755974,7.450995400224734,8.485852002862027,7.471451940127964,8.522054443970639,6.86601415446376,8.042428861931707,8.249748860063997,7.134317974131006,7.207766129959582,7.372675398842029,7.564919944028854,7.470309101765181,7.442456409185044,7.7604423,7.718641452605821,7.441925251865193,7.4475568000646115,6.683473579048204,6.908685597563875,7.389328005328007,7.0451382050487,7.065192406036492,7.084468761701374,7.092509416777294,7.108628201093934
2023,8,2023_08_BAL_ARI,ARI,5,K,00-0023853,7.567931245218205,7.4576716,8.27223153105832,7.452929036867154,8.132968396812409,7.822498608013968,7.802388788985439,8.028336858824048,7.601833024010502,7.710119324710294,7.91066954761019,8.16708384941563,8.212048754432798,8.298660018035486,6.913695825411697,7.1451976172349205,7.397886959352186,7.10831955101729,7.785040912670308,7.515640157338437,6.980783931654181,7.688691467671821,9.292020137365414,8.36059261812165,8.367604982816104,8.332465966806902,8.019022464338008,7.750047500797024,7.723937226612459,8.184172891142115,8.04956935241224,7.346039,7.883264447825429,7.73348689336778,7.110120272759321,7.766101407408959,7.611280641852881,7.836632681207681,7.58256051458227,7.632132715388737,7.613807151855283,7.5931431871200745,7.618355129021945
2023,8,2023_08_BAL_ARI,BAL,8,K,00-0029597,9.003482051991716,9.164752,8.544990625909074,10.04819182709788,8.622302429350812,10.03839795409628,8.752700452740163,9.577020749977471,8.736661704148586,9.10620196972214,8.406316600635478,8.180806454910032,8.475514303313643,8.52448216253128,8.824736431031052,9.09216614040579,9.01682200385167,8.843445926404073,8.511840212923412,8.748138915459343,8.416140834589788,9.436122446971174,10.757004231114331,8.716748270671074,9.020970693294164,7.737385542456579,8.307418192221562,8.556187076218308,8.96172523645415,8.771296652427381,8.446411606955591,9.097531,8.665313128769993,8.396926392013755,8.855926683779089,9.545394665651095,9.308096791251671,7.988682507361922,8.982129526526501,8.967823088279124,8.965119243451516,9.028376196312502,9.053270340633286
2023,8,2023_08_CHI_LAC,CHI,1,K,00-0031203,7.358844849643334,7.529561,8.120807588219934,8.17870267237248,8.02349320619742,8.012827991571555,7.777856390655332,7.717183149111636,7.793653824699775,7.710604937873192,7.549149259196491,7.3956787949670035,7.66388926112066,7.483177255370629,7.58466945615659,7.319201037263785,7.9982832864363695,7.026765677780286,7.720995656449448,7.51646730445149,7.508970220876441,7.1540531969178645,7.785404241277606,7.17137620928909,8.084307482070551,7.564217768590316,7.533022769097474,7.63424935431203,7.435508284333517,6.941414971659524,7.282191467847538,7.2633524,6.787889382959367,7.4648862036265085,7.28022536233803,7.475289662622542,7.274547263659657,7.2860332476347125,7.4687992478567065,7.47549173956886,7.395450892112936,7.381811698527067,7.404778547410801
2023,8,2023_08_CHI_LAC,LAC,16,K,00-0037224,9.120673027746207,9.236642,8.89690100914831,8.340288661562237,8.815961740361331,8.357440226266364,8.808455506374733,8.58169944944365,8.587572423735988,8.504408309601873,8.874172611688222,8.527630429084676,8.693361145814942,8.690408374805061,8.82185503958351,8.746868869699576,9.121928630314434,8.586008236420092,8.991377879167784,8.948617614728905,9.254060777693704,8.989814799278278,8.628329300642108,8.555604101766953,8.552649284007833,8.931880876026838,9.041672858753811,8.72238278078373,8.85596039844169,9.041394950525696,8.724714101991378,9.173947,9.464395378877423,8.590847900050548,9.404067434882208,8.928186799769419,8.802692235805122,9.239544268966329,8.986977999522784,8.984755259524269,9.029394525710378,9.156363816870181,9.192054605994155
2023,8,2023_08_CIN_SF,CIN,9,K,00-0036854,7.802526346562433,7.254751,7.666459491393902,6.692908531021553,7.722971572508893,6.866471643254751,7.612603864910233,7.033324300402567,7.498552739431192,7.208606832490719,7.196668079907853,6.458822593088892,7.147013700070385,6.318158748636566,7.342990692111215,6.712539434657685,7.39616359312118,6.634854488492288,7.403300501434466,6.4814996318504825,7.120986716623348,6.233203902299551,8.510652118682067,7.158958368661666,6.394352235860665,7.830731373065437,7.714561994701735,7.606789773398496,7.3982533244192545,7.494138120287746,7.124222298715992,7.546492,7.178988266370563,7.411770860830021,8.05758848484101,8.136546494804477,7.6951271628308655,6.805592434526263,7.743947059377772,7.779453057505754,7.789638709954276,7.831828440074109,7.861130533585785
2023,8,2023_08_CIN_SF,SF,5,K,00-0038562,8.211882976211701,7.973522,8.842063018574056,7.8261108986752275,8.79319293552837,8.011808438359452,8.492886347878184,8.294294584575777,8.29901120300071,8.282915400712989,7.963026079026508,7.997802682383392,8.048689763723585,7.978937882459418,8.104477036859935,7.892201240535813,7.741272153107991,8.38463702486178,7.793853320346877,7.974729801731753,7.690272316123927,8.155498553816509,8.827864019813948,7.700523262537874,8.083820306276804,8.848297278391195,8.46498842743537,8.277291944630411,7.94808016576676,7.852443949247001,7.995428315941925,7.7615414,8.248184023887799,8.202983918761184,7.896199683920026,8.63303627168156,8.1704924759287,7.863796573850989,8.309268982182683,8.32085853253637,8.12129095610145,8.251557864340116,8.291232752468533
2023,8,2023_08_CLE_SEA,CLE,8,K,00-0030098,7.524778032288044,7.0390825,7.8760326249096755,8.469021149004899,7.635837244685708,8.279014786334766,7.562176386245212,7.925365637876885,7.675870984118832,7.80312948843377,6.982799589063416,7.126770459764721,7.150935622038102,7.400092048014872,7.953407850264029,7.754288750790449,7.143546814703384,7.822216757725466,6.99854176495871,7.111321241523871,7.032161968286349,7.860079359432593,6.6391340234252185,7.4002454363381265,7.3541341133311136,7.656961569992234,7.619418482316431,7.6921282066174,8.0962140818153,7.083198220985206,7.054649505270103,7.693193,7.078754990398543,7.77733205954269,8.09158605067022,7.5312371781857745,6.620019056645811,7.114027200740434,7.404227155511009,7.422328994688428,7.4964948033012195,7.5455866607153315,7.56639528914262
2023,8,2023_08_CLE_SEA,SEA,6,K,00-0031492,7.990142134163657,7.7578535,7.120038462065092,4.708111627013754,7.379435137443987,5.495255794301944,7.871872434905237,7.312894595818708,8.033713646702141,8.098703254130358,8.205016372077997,8.3626075700258,8.421474653180464,8.416515784229949,8.093858139575934,8.13616792602366,8.279319417786809,7.907353082462976,8.106884791860077,8.489706361603732,8.39696943832593,8.108159273352248,6.459533141968293,8.390632964945855,8.585244544899922,6.781089607919252,7.882226104030958,8.241055196515386,8.281754395113351,8.242665919441107,8.2689573315973,8.173692,8.445372391072038,8.175530869878386,7.92666288797396,8.178889022416511,7.4287714487435,7.988552569652572,7.996941521142562,8.046165981766071,8.004874342277262,8.006403151845486,8.022664169527312
2023,8,2023_08_HOU_CAR,CAR,10,K,00-0034173,7.853935977801891,7.2966714,7.738306248710538,7.577251227259786,7.60388169961305,7.511206522949755,7.511968734678222,7.57071410729635,7.48170804075656,7.660082076432729,7.363310603799252,7.455797279794871,7.263252835787108,7.61078341354076,7.461403549527093,7.688124731610721,7.521126883852045,7.319617280817644,7.701425616462173,7.351302699356867,7.40764448884165,7.391297212680405,9.12806912091296,8.557362661084616,8.23439810428623,7.600280929717669,7.590245745714418,7.53986491932001,7.385344724506856,7.719000718372011,7.455738146983481,7.1447716,7.604247430347224,7.467571752211047,7.936071534680368,8.138580610749353,7.597702164618658,7.289560283180872,7.8044733261156285,7.854294807585281,7.851428850953885,7.884268839926432,7.914601702050972
2023,8,2023_08_HOU_CAR,HOU,1,K,00-0032726,8.018374225124024,7.8357496,7.473056450713982,7.358939195045193,7.4289215003067985,7.611850001391399,7.6309574402379505,7.833382170563472,7.845527638341039,8.023622441044013,8.100927434193585,7.867327033616452,8.057710637562456,7.94880450819574,8.065790215309939,7.840042323529258,8.242961627311846,7.874439072161154,8.419859443225464,7.83363965113651,8.309667463325884,8.27127351181385,6.888615255562916,8.199823687135593,8.24087009660436,7.256861610457848,7.459408359705364,7.741793230994823,8.012218049977204,8.303646784150375,7.67756281506741,7.93956,7.92008416478194,7.750160762702716,7.973378667904638,8.02714463726264,7.447946005005811,8.35354084673497,8.041077268308666,8.03932746011637,7.959354553940465,8.033504887519628,8.04863554991523
2023,8,2023_08_JAX_PIT,JAX,16,K,00-0029822,8.601075306813081,7.6949735,8.491769310978308,8.03786967484583,8.393920785658347,8.07981831399034,8.23458749690744,8.093900712552653,8.114337795961088,8.081482547165194,8.030819724298357,8.20859104513733,7.990421666605711,8.120631052690975,8.819249104863436,8.546549055863485,8.637676527293427,8.432696628711948,8.392471052159761,8.553448688762616,8.498067400067917,8.676308461050171,9.185042899065646,8.941780682108314,8.488368521586827,9.079395829089853,8.5267137726964,8.204215355332233,8.757049570990095,8.499074728059073,8.034875903996541,8.286756,8.605440128793287,7.901597138952261,8.331217959385917,9.003190815093802,8.461853020350224,8.271241454623809,8.551705298597145,8.62798280390463,8.599719971015348,8.62525975481447,8.649444202815861
2023,8,2023_08_JAX_PIT,PIT,4,K,00-0031136,7.431416104531125,7.245742,6.499472991654605,6.638441996954583,6.579183335538452,6.725646542485977,6.994779511534603,7.109954107741912,7.288741311247143,7.461834639487896,6.80683150409542,6.788201070713501,7.042861043449543,7.035348116730708,7.227600146949926,7.670147562334559,7.266002473365946,7.3101128427497475,7.070858697977981,6.918230939938333,7.560951622653616,7.066208295437424,7.624467462128551,7.699031103332012,7.146146008851676,6.404673352701684,6.906308446680737,7.327168326517203,7.451450302619929,7.127651374511666,6.84025256844467,7.020441,6.654918737075639,7.425533890279713,8.04495231419359,7.224063614655535,6.969180011126933,7.156934816490701,7.287774336227981,7.267982105998628,7.475686366019077,7.452926947896731,7.474437791262336
2023,8,2023_08_KC_DEN,DEN,6,K,00-0032569,6.490525281156979,7.057102,5.771118373519055,5.625497758707739,5.844998512284452,5.574780309035139,6.15590881339118,5.751222128085967,6.558072172112492,6.384207633727911,6.457313521315475,6.30088607784552,6.626464085324965,6.3387816016302985,6.062867059942642,6.444637118176834,6.40328375729973,6.393813948716394,6.714810693431784,6.642785445743671,6.133624757294655,6.161278022333815,5.34457727351022,6.968795296686712,6.199496652396031,4.929336755958037,5.585732917199132,6.357720706235018,6.275912700751705,6.265793844571197,6.818306116287044,5.915065,6.128509112846338,6.563588968567684,6.155929548009378,7.177299361173681,6.104318410340717,5.811974156253106,6.65181937733572,6.571798345553071,6.527239194948005,6.508119733269233,6.525714185381487
2023,8,2023_08_KC_DEN,KC,11,K,00-0033303,8.452990304894586,8.314951,7.84771499137458,7.742596937129788,7.807067530424321,7.255835133012549,8.118128598519574,7.546738424150899,8.326839294120598,8.283475208871716,8.301003856849087,8.359836677611472,8.315096501962502,8.510571105393895,8.228300843026489,8.512749094464947,8.359104667742603,8.40331066433221,8.05858306174653,8.205150197116962,8.425763535069777,8.247466792964648,8.545136689091692,8.5087913215545,8.500561244628928,7.819949519629881,8.290680210830152,8.572506942518816,8.704960778097403,8.640701245071098,8.725828131962178,9.187431,9.057644083084693,8.315155097882558,8.160573384497251,8.847530479484575,8.119975885483635,8.26904254601608,8.529802646890966,8.54043562984436,8.345005485077486,8.480118481239952,8.50724665758532
2023,8,2023_08_LA_DAL,DAL,13,K,00-0037692,8.729282935830994,8.895213,9.370626818245428,8.342357723050448,9.367492122853116,8.861067133079693,9.082857953476346,9.108324480705043,8.74952816446217,8.768005094554624,8.084624357127321,8.446359627027007,8.224324582038781,8.553488346058465,8.860691328469823,9.340041387551707,8.48136406503123,9.38235857075589,8.613324496794872,9.391771099040064,8.882286474249288,9.458452859938616,8.215707229070048,8.264804103451329,8.43709938085143,8.856497893496798,9.016834992751113,8.777979263044669,8.961250616920333,8.697071825771296,8.31902056953578,9.089341,8.94817318857405,8.722651241007744,8.805152370422434,8.943078435808093,9.246097453749215,7.929480525030524,8.661644520773732,8.680022001197637,8.676135204326496,8.756977106657208,8.784671277483422
2023,8,2023_08_LA_DAL,LA,7,K,00-0038152,7.560838748076802,7.7272105,6.397823436196134,5.803896152644999,6.606317502575675,6.236935801415857,6.752362333474689,6.623567572376893,6.793519428686999,6.90949966637767,8.583571915132977,8.751933827820055,8.390926692123067,8.363294940891388,7.235129116655688,8.028264617130281,7.057681409572444,8.050916962333291,6.894962082907043,7.915542573137531,7.198337277520315,7.145318176674758,5.488406062273507,7.27692303956919,8.588805180319275,5.829356524318918,6.350990578828902,6.716182393857835,7.499047417667587,7.053410457759647,8.435858616990298,7.096568,6.865355574804646,6.5974089900267465,7.5418778107903215,7.121005425340947,7.122713238364155,8.68800955433455,7.587954348926174,7.58132685860702,7.594032934090721,7.5987397908960945,7.636640833715386
2023,8,2023_08_LV_DET,DET,17,K,00-0036816,8.686049898671712,9.012026,8.950573361328876,10.143221352931327,8.763295459780597,9.516479430352575,8.653602742878256,8.743590266627981,8.47633668103865,8.482720925753672,8.641809075032484,8.781280444938142,8.524258623612939,8.631309251525574,8.941176925822846,8.772179254249805,9.10182938930127,8.970940651233366,9.102143400704923,8.820849186084137,9.179053676768518,8.653651400801099,9.128636090941974,8.559611942369521,8.321248744431834,8.829183981095287,8.640815611150131,8.355475617421616,9.035698905118156,9.345912090658633,8.573117469148889,9.037474,9.182897829791123,8.312991654733885,9.106306583566244,8.386830098250536,8.343322497662244,8.825468172676995,8.526412789591399,8.536917305465193,8.680851128529119,8.711066469865335,8.73608304105896
2023,8,2023_08_LV_DET,LV,2,K,00-0034161,8.498775342945748,7.754177,9.352666929979728,10.093969828798413,9.24380115984744,9.8812563401376,8.692542237547658,9.254449043307735,8.375904249393328,8.520931798424838,8.516274473320776,8.305472011824754,8.355192519841154,8.142290874777098,8.115158358776632,8.159138616228583,8.479763298532985,8.16859090991622,8.593230328065287,8.07552513745518,8.388007697358969,8.422660360995577,9.702961018492234,8.099357024950338,8.24969911166065,8.827455477693416,8.478136134194267,8.269678129849924,7.868741694649302,7.836540544054872,8.143031022588303,7.86678,7.804974996663319,8.098189262520297,8.131070912887637,8.917336393333613,8.798966419360845,8.063114349049641,8.573201752986895,8.63587419164024,8.517077309316376,8.521555118636742,8.544334894327736
2023,8,2023_08_MIN_GB,GB,4,K,00-0038402,7.710502163012322,7.4044743,7.8351095724815,7.793078158692339,7.5410055094529955,7.592892121559394,7.321359913029211,7.724717206291126,7.406952182586418,7.797104415746649,7.117899297443891,7.332761659343391,7.118261219986886,7.300255783110554,6.948641391400388,7.603203155327328,6.912382292776828,7.497961972834973,7.103381671180773,7.579169592915291,6.850161823300087,7.2411834034092,7.903248983884482,7.140088175699424,7.239918189545395,7.672387170812135,7.354375487297906,7.491103524014868,7.02898047776813,7.012479475646661,7.243472421035978,7.2946305,7.056771548998884,7.446188240390766,7.480463953196438,8.205678742426134,7.8526181314856345,6.99414833467187,7.820961653081881,7.783905769047411,7.836008218661608,7.762685916670829,7.814869670329335
2023,8,2023_08_MIN_GB,MIN,6,K,00-0034450,7.551255541003132,7.584167,7.192328426364704,7.644398255179759,7.463930658496477,7.694574009559338,7.757556995502299,7.629282591286032,7.804863638333,7.840014563767118,7.724278393700562,8.092383616257026,7.823254142521444,8.155519407378733,7.48272566123505,7.583814742287441,7.49015086731205,7.844585634436619,7.868998981545369,7.503283251127336,7.883954492014671,7.835513364951518,7.788366679246804,7.5067714879223795,8.006144815058772,7.411147788511755,7.866608866248887,8.047284302884332,8.118977308116282,8.315042741919326,7.848435245167876,8.072436,8.236894056671442,7.940943575596185,7.4179656240605105,7.969512076470124,7.179738796215508,7.100435717876893,7.663231378105922,7.669806859784882,7.5091024493718495,7.582662576002247,7.6140696110013595
2023,8,2023_08_NE_MIA,MIA,7,K,00-0034794,8.67987690896769,8.407801,8.725827366317578,8.979299185649454,8.482240285049672,8.552828450050349,8.169426631446285,8.24966713908632,8.021515942709836,8.180804282150543,8.402616426251845,8.242153296540684,8.23035190473242,8.284176298720997,8.35443394093327,8.267800377615673,8.440889421479786,8.063805381045276,8.452800096921534,7.801166164151281,8.470829808220426,8.751835334773542,10.072123865179226,8.973163247856144,8.325739883057969,8.324701243920778,8.230343113380771,8.133917193869708,8.499600209724171,8.614209021308053,8.37707466207103,8.64183,8.938806088843412,8.10080025477198,8.715158282738827,9.152610663784966,8.110736627423254,7.966057479448656,8.665081958951584,8.721982991458464,8.62822408294852,8.699422409183057,8.71896790939842
2023,8,2023_08_NE_MIA,NE,5,K,00-0038567,6.951050949535665,7.0601053,8.220308650564391,6.849083982353582,7.624407402008401,6.363050442141052,6.991745947792288,6.2317205290151065,6.992010087023268,6.567728789651008,7.010735806959682,6.081523772637501,6.824360635833679,6.428524605002583,6.411511299716233,6.151644340014489,6.28931742925081,5.9025432950547305,6.407028157840091,5.828165770954724,6.255397091603534,5.848500922346778,5.8054813397293135,6.629412896730495,6.259166909488899,7.276588216027304,6.906929182918302,7.057096140147705,6.346036958391,6.045402842045258,6.552405654419522,5.9865274,5.840320303252546,7.212325187250883,7.0411635908604895,7.039689506831089,6.864916658768549,6.681672018341138,7.035337237504654,7.011664241211735,6.981390748818713,6.991730151452589,7.032409353369514
2023,8,2023_08_NO_IND,IND,10,K,00-0035269,8.383388506417042,8.083592,7.52128788847147,7.7357325050888495,7.597059175452156,7.959918869625175,7.818775228674061,8.464354004466484,7.937890623924322,8.559132442155082,8.053588907774083,8.683994327522983,8.126564275408022,8.437988725402622,7.910684745455151,9.454997512497854,8.297463979175904,9.5043029928764,7.968595309431638,9.287608143018495,8.208617842228481,9.062554125184349,8.628957022779662,9.468498495364257,8.259562643113185,7.120639596991742,7.6673232230190145,7.875798698891575,8.04962916157622,8.279765673907633,8.251539929046082,8.241915,8.649915826568458,7.683979285968808,8.75503153152489,8.53223452306828,7.939411251781481,7.750220562770566,8.196621449374046,8.247798428913624,8.383494036500984,8.412543671261679,8.441698836106319
2023,8,2023_08_NO_IND,NO,8,K,00-0038905,8.607847280339117,8.442978,8.775630286655336,8.692535725351863,8.979918581941066,9.386218408823916,8.938133016161505,9.574328012159093,8.765181737560276,9.15227123805585,8.894881290293055,8.856508779511081,8.664979029405592,8.801257281762668,8.999681843972375,8.522061566044329,8.898973029567593,8.877548128660175,8.984068589499676,8.443816791765986,8.890913261697799,7.7708861928584625,8.684235004137339,8.40104026499716,8.970682100096488,9.853895598724998,9.496212076880262,9.09287254899264,9.004556612083338,9.23158240153758,8.86101596260968,9.306864,9.723991114909207,9.05303159227458,9.095921056632926,8.077011370694322,8.111984123552718,9.18534001358119,8.498733059551892,8.522140805320747,8.582859436311375,8.650782007212463,8.693716734085811
2023,8,2023_08_NYJ_NYG,NYG,4,K,00-0026858,7.797351763116402,6.9132605,7.16039740893786,8.001423796303795,6.793908847552346,7.577627371766762,7.052379076354052,7.667152987322338,7.272550457695381,7.8655094085234465,7.856181973047623,8.146474224867173,7.738519236774568,8.110105245701021,7.975725054306579,8.433731769503439,8.080592737793182,8.469741651240751,7.971507552485367,8.63933530929816,7.635751359561608,8.42797080943602,8.127558733991803,9.1758310635023,8.675049616227705,7.205417308897562,7.434040996067474,7.583607273611041,8.705010864246,9.217675273939069,7.900306515782489,8.560703,8.627217131513282,7.567698777206969,8.265528905932864,7.404221645506442,7.729152056620902,7.9154461373593765,7.637895710707375,7.696901138993798,7.845727135722529,7.821797759758066,7.8462437563997325
2023,8,2023_08_NYJ_NYG,NYJ,7,K,00-0029621,7.992376493900366,7.452338,7.629774912472644,8.291992879647108,7.699827543405105,8.538906687817718,7.885795893164353,8.513489121989716,7.941570615556919,8.354116896379617,7.816010764171751,8.493772084924208,7.923609460551939,8.218133544310563,7.964333654979446,8.404028752482697,7.890343885901801,8.868379843056845,7.697147576359614,8.854591795283657,7.557246870005176,8.400777754531134,8.616697769852415,7.910132740098025,8.806501301364237,7.473984163176918,7.8814095909615345,7.994619012586877,7.962045058065122,7.764683246746731,7.832545832761903,7.259236,7.027826358416989,8.021291573913018,7.802110114924528,8.378762993579073,6.983623837846166,8.009379391033807,7.896383397160365,7.9564643859635025,7.920111830880559,8.012522310289281,8.032668126678198
2023,8,2023_08_PHI_WAS,PHI,10,K,00-0033787,8.44578859683022,8.171172,8.248154595298534,7.805479241810708,8.412079373796827,8.206707484039764,8.516101053177234,8.753956699810907,8.411178427986112,8.727689843018656,8.399151090573588,8.10633100235278,8.41609963448639,8.442914705639017,8.434342809297268,8.292307086280385,8.389467055935413,8.715094776134594,8.287768539720528,7.981651473149875,8.447403118072476,8.29920397184535,8.589732155123368,8.168108704681087,8.286903773122884,8.096114892234528,8.528483462027967,8.479851875018984,8.522145534435241,8.33154231200973,8.32161814410453,8.266541,8.257557105083057,8.469272952535151,8.404897736696846,8.562513529321413,8.407503881241249,8.292817379842381,8.466689834242551,8.527745260885448,8.433652702219794,8.469809726652054,8.493830856473885
2023,8,2023_08_PHI_WAS,WAS,9,K,00-0035192,6.84354517247051,6.913323,7.034532850672798,7.403108698046842,6.955030714349451,7.393599157859706,6.726497756952114,6.72464923928089,6.83552210352372,6.598761414402016,7.463966182257891,6.955440909598391,6.934875654928384,6.682500456675574,6.988958682346053,6.763721330013945,6.888090343143757,6.52685954639052,6.966071354082327,6.786905203304161,6.48896855684458,6.989324378073206,7.4057439703751005,6.297389268646542,6.704993487340547,6.79648052068416,6.368931845373376,6.592549903534168,6.649510297363602,7.418912183196797,7.177226871442058,6.605203,6.753122253763324,6.6092347373214695,7.001626727765352,6.766676801612769,6.981956143149766,6.690954095904092,6.808465787230239,6.819010697582896,6.897579012410559,6.862786587679126,6.882028002887743
2023,8,2023_08_TB_BUF,BUF,6,K,00-0036162,9.112959650221404,8.464674,9.94564906203087,11.042572487948414,9.681119341059215,10.550362518676746,9.053343909335128,9.66584851239595,8.6045687573297,8.855836665147754,8.80675108227553,8.889192001563726,8.698840912605187,8.696575394565318,8.723943887988462,9.165349526204707,9.019532986953388,9.186115836507744,9.03906526039822,9.082552849069604,8.913367500131404,8.964442719315501,11.58181357578131,8.896007901549115,8.614977721123942,9.877926536143764,9.26473935396095,8.720554494909324,8.920377750910502,9.304376150078031,8.674211422460587,9.144841,9.169761335360418,8.642484684437893,9.045744411944343,9.624881892707489,9.237977389151585,8.127429153199735,9.114953526871286,9.174025841539375,9.152932479563791,9.141372424329582,9.16978519843776
2023,8,2023_08_TB_BUF,TB,6,K,00-0035358,7.1004822088168735,6.667747,6.219027521124205,4.232301045494618,6.37642681318478,5.272157605091255,6.670291004950492,6.440614827417834,6.92392494676235,6.875392942139125,6.805202759559656,6.654714908896884,6.700694991850952,6.4758897861185964,7.01663203998308,6.303891883233797,7.192244066078802,6.906056848068412,6.8083073221427926,6.54560479933141,6.775419771334906,6.354164407594324,4.881989825165399,6.6982992116518645,6.399388243174983,6.212050156211274,6.6533454275111215,7.052482705877143,7.082842091325178,7.082862798987397,6.73986859402354,6.7972674,6.251605603102151,7.033598915634738,7.294299104980919,7.073595889140469,6.723605813178695,7.051967701742704,7.105953436465772,7.129103547713288,7.162015365151906,7.121438684408457,7.14239516000004
2023,9,2023_09_ARI_CLE,ARI,0,K,00-0023853,6.898864393587867,6.158576,7.889620711327628,6.427983440234308,7.737728453666464,6.85367544561627,7.334534096867615,7.473015001486807,7.214307641213666,7.624083298357569,7.330754204604271,8.161495025543125,7.105413365604042,7.715151337447355,7.438375897861379,8.014977703822955,8.016273013085135,7.747065731099793,7.842339340485004,8.268211309204567,7.832652075914366,8.512825663875143,7.726622862972333,7.876718911344621,7.805986204369663,7.664659781312694,7.269489995449115,7.228048194990498,7.48930118962477,7.860455801073299,6.958200410811838,7.5851254,8.02841124787259,7.185588333935859,6.690267586854841,6.8392000259249945,7.1946078048808975,7.183216633366632,6.935776288907342,7.065705150105975,6.974878320466875,6.923152878103579,6.9474413626192915
2023,9,2023_09_ARI_CLE,CLE,10,K,00-0030098,9.136118428713722,8.494581,8.394485391323025,9.377627065941276,8.330729006601564,9.634738485528311,8.46191166210497,9.24460362100087,8.515772269861497,8.778487132871888,9.242891912073704,9.22660780921326,9.16398054610008,9.055358969346994,8.63303413838389,8.381184950516138,8.555113791246272,9.100961327105466,9.020970423274644,8.77401028134639,8.23329567179248,8.972445751259505,9.218059418155375,8.543846351397479,8.763064332195569,7.91314580050467,8.2492696478497,8.384544637925403,8.514033161631302,8.814640100582361,9.19973437392257,8.750809,8.375230556885919,8.548905879741568,9.390715710680855,8.961029197760542,8.131735367349822,9.606592498351322,8.994065377194044,8.99659120269892,9.055672888282796,9.15803309794493,9.179947767176138
2023,9,2023_09_BUF_CIN,BUF,4,K,00-0036162,8.560453473406064,7.814852,9.356013980563649,9.98999727394976,9.010625633033774,9.422534136179518,8.46107057954203,8.90013137289036,8.1894819639071,8.354352142145396,8.893447905301594,8.38126570855393,8.432716964291458,8.099659835362653,8.570398410225923,8.607479794298733,9.337266094181288,8.74510904201628,9.001484632088872,8.956265097366465,8.828213408281828,8.854493808448344,9.19638112809994,8.70390261406897,8.038773589453013,9.211768201998945,8.600347865860392,8.269483643206016,8.607402706545425,9.010657003250198,8.400604778936618,8.428393,8.509420058210834,8.035982550281593,7.947779373937854,9.157967931367864,8.808955757212372,8.160184564781622,8.715403790287716,8.732118467701303,8.67782653831546,8.586013544628344,8.611573615850626
2023,9,2023_09_BUF_CIN,CIN,6,K,00-0036854,8.645879369101454,8.084392,8.570025930763837,7.256514069892701,8.583298873409442,7.72337998526725,8.304435064534625,7.756810899614374,8.140130900067396,7.626971787421469,8.379531355688163,7.788826513263163,8.37808337066671,7.887765697731238,9.409836007031188,7.91049719029991,9.845169403549283,8.223415870873216,9.65540615090254,8.031745864285936,9.86371555080602,7.583937900942956,7.727652904460534,8.050825753089546,7.469100076239496,8.291407905549661,8.168139547671126,8.084641802790538,9.28652723644502,9.281068989143302,8.319486341357447,8.760231,8.926720233110544,7.983252989444778,8.68108654933637,8.740183697776708,8.114398066156243,8.670200592871177,8.612387227748398,8.60834672117081,8.642325796595673,8.675635275440516,8.705391181779579
2023,9,2023_09_CHI_NO,CHI,5,K,00-0031203,7.570296075832598,7.3827786,8.646909011678916,9.166655640364391,8.487249802709158,8.75799807122881,7.976114311634947,8.132587583336518,7.692512565424318,7.853599887948777,7.43597804516451,7.446829168972345,7.557177605949079,7.616392319408106,7.509991690781206,7.482749313170987,7.831144261166007,7.912901855932089,8.045084285490638,8.064285831985883,7.585254885644741,7.321432157999476,8.976870507609952,7.329701314764296,7.638222229861239,7.935964056768249,7.852675118936697,7.622848191123588,7.578486536911479,7.733552543505023,7.49602567887526,7.752824,7.349930767410201,7.454036543557773,7.673186525511033,7.53607960384699,7.3424947655169195,7.598294000443998,7.521032980992991,7.60224910373186,7.634188988883138,7.594916607356704,7.619537138880809
2023,9,2023_09_CHI_NO,NO,8,K,00-0038905,8.841773444205966,9.000013,8.674876325781453,7.811627032527991,8.795514772590932,8.285166000324601,8.954038290839424,9.026194685564466,8.893068713329882,9.047618836579488,8.760685318766631,9.08775889825822,8.792687323812526,9.103350748082615,8.734318635422275,8.926329275056776,8.891021812777405,9.040040750531608,9.061564737725009,9.207235259621612,8.533251686511024,8.431447827409007,8.026400389289492,8.836254997394715,8.83874698373094,9.005229481484555,9.203592065729485,9.02722181545851,9.048822381979992,9.0260740467395,8.912956097030214,9.116053,8.96168694621188,8.981507290898389,9.497114226596832,8.6447844361816,8.584972690046731,8.381140663748013,8.679203924752949,8.685734969873227,8.804761778381943,8.884486857289438,8.927200270372909
2023,9,2023_09_DAL_PHI,DAL,7,K,00-0037692,7.537424828477453,7.419491,7.623799435398868,5.706376100526543,7.65611314484527,6.417022253980375,7.547288007781205,6.894802367354792,7.597368859268896,7.159175324053677,8.172748289483081,7.604797900421075,7.7605563248958,7.457789777818812,7.628740646610027,7.376567893031527,7.553898613083582,7.082847865402812,7.436219571070538,6.923659764368507,7.499352931823619,6.958544925864347,6.556099058333882,7.145960316329036,6.963081713131637,7.269696153339887,7.326134639886411,7.472102769575779,7.462265586954346,7.65325097705082,8.031388754886542,7.211714,7.458905409444512,7.400027893703413,7.346547509657355,7.470447540689694,7.954744071788885,7.7490357606274065,7.598582634185077,7.5814739588351765,7.523942460481759,7.563130491172846,7.588836153868238
2023,9,2023_09_DAL_PHI,PHI,4,K,00-0033787,8.43272148284184,8.048415,8.280862312278199,6.892609215395472,8.458473611121867,7.460909124082277,8.426552042876423,8.125149319380064,8.283568757423103,8.184644575340128,8.573394365320878,8.235903521388275,8.31795694205836,8.298667268359159,8.607137216142297,8.074926712651498,8.8202441485456,8.095200862159668,8.733865215555992,7.991388942723094,8.775176780698896,7.720974639396972,7.536786344131976,8.080269620687329,8.264193987271073,7.955510374646016,8.400387843888199,8.346158083880434,8.740931766962522,8.612417511601778,8.297443167517649,8.761056,9.04267654518256,8.131755671649586,8.374799581368025,8.723960949832117,8.29932521179761,8.003823536594124,8.444374015033185,8.50909155944394,8.358616269283678,8.458118913276843,8.483516343711845
2023,9,2023_09_IND_CAR,CAR,8,K,00-0034173,7.833784690966695,7.5272937,8.155033211888497,7.86946467989473,8.003659706941255,8.083695503849729,7.9892519181596064,8.268191300315737,7.965700694847404,8.2780432337865,8.01475609142412,7.7708635871656755,7.70666934752425,7.789459512809782,8.321018054669054,7.938936003625347,8.485830270258385,8.342137717042831,8.317991774197068,8.344562544854314,8.46929401197183,8.027880308842178,8.977321528571466,8.69640072084907,7.866123936215913,8.128025309706539,8.209871628082231,8.188971642869413,8.507047050320127,8.236291770534912,7.817307048703991,8.695869,9.19948030912944,8.120061553635578,8.259643790550538,7.534975370322233,7.773340594567641,7.822836731079377,7.79904268883832,7.846628218731919,7.864952924738253,7.85991349314594,7.886042295325186
2023,9,2023_09_IND_CAR,IND,11,K,00-0035269,8.182949448325932,7.7968326,6.864368893205086,6.819769133418866,6.998045192040774,7.036533869514756,7.523102620619117,7.604302576797961,7.800240250486168,8.02330471825659,7.855407695223916,8.05207907345316,8.034250052592439,8.08594203056328,8.140951727095016,8.41711931163275,8.352581615425825,8.0663282462462,8.429424823136836,8.438607491341987,8.284077397599605,8.691068898934732,6.475429576097016,8.591426090791789,8.18163032897293,6.449972781872875,7.091590323455139,7.531912878803023,8.21029200254926,8.190197380946964,7.809886156530227,8.00305,7.784320099760205,7.46631983650555,8.641365308842062,7.975032493026632,7.873241819235123,8.066013382695733,8.092369658594123,8.095679957069635,8.18124782593676,8.208402094810669,8.233854741295408
2023,9,2023_09_LAC_NYJ,LAC,11,K,00-0037224,8.099981289971236,7.739897,8.053613670015187,8.306164014987566,7.98087691705824,8.55850560306968,7.885055164195328,8.51436175662592,7.78865852292879,8.380955518195389,7.853240013571821,8.40854205214916,7.962865846474829,8.345341987877072,7.486596608225704,8.736158508122628,7.136984739959541,8.900219684007693,7.372918072330594,9.230094158409283,7.533020171915408,9.41737051872686,8.278109141063053,9.08772866645923,8.798431784540409,8.41370322147384,8.301302067248175,8.111339916178133,8.353743491081536,8.637615051039157,8.384260402254135,8.616003,8.204252301297219,8.048840685249415,8.233589300634337,7.905881675729637,7.869434883857393,8.403041705516703,8.005508144630609,8.023702735417855,8.033751688472847,8.134513748889592,8.169046207807952
2023,9,2023_09_LAC_NYJ,NYJ,8,K,00-0029621,7.487823960302708,7.2008185,6.677047175757807,6.1947145423819485,6.617743159582759,6.66592403174826,6.911747543504897,7.157720537554384,7.277239048448182,7.31698550329024,7.577001475892654,7.220387793899125,7.576492363717116,7.062283307548096,7.803357872895818,7.070250697855518,8.347791455056612,7.150579604066508,7.5361526902853955,7.065022580622297,7.942116255972248,7.527455564539168,6.781398592615338,6.74296093809636,7.163654623773143,5.749514840640876,6.553246841007683,7.137039917179495,7.445597156905901,7.4344944364932335,7.504232554829465,7.0480285,7.286469024818532,7.30349153312183,7.3592470097921225,7.622377231580712,6.456643093881311,7.927173276723277,7.397805693202133,7.401300178991957,7.458376637813532,7.50565008089702,7.523476201491332
2023,9,2023_09_LA_GB,GB,8,K,00-0038402,8.340338345543405,7.641041,8.776314840395175,10.642227853212828,8.443216252378745,9.93454663780593,8.019327040415863,8.836685270064303,7.851755051613625,8.266756168104028,7.859132518714593,8.30103851776835,7.721971171070903,8.183237411893746,7.847621436468497,8.30648687276071,8.067610622562531,8.368217385129881,8.00817322270423,8.357101994668016,8.079243405214813,8.089314604578355,10.047768448878838,8.577679490274157,8.563412932032245,8.083136163727556,7.911116547018701,7.924983960703185,7.828570018122218,7.770925211255324,7.880183833602365,7.9668055,7.763530069080814,7.857000056630643,8.277963944928313,8.728220883423592,8.49670778725444,7.579950149850149,8.345946292584348,8.387877030291168,8.45115481552301,8.395077477966817,8.44981661039023
2023,9,2023_09_LA_GB,LA,5,K,00-0038152,6.817966214645918,7.0121164,6.555931328275331,7.319086373109116,6.870798075779721,7.122642315903773,7.218965864308767,7.3358153282772784,7.398368019777274,7.763069820659842,7.3175351278822385,7.6330821140869,7.055772177640038,7.540091987846668,7.767138604653227,7.9212204992801425,7.513858015473152,7.9924237530674995,7.414781736462372,7.521883322878002,7.590494023155645,8.405121053111372,7.2492606735561615,7.845803003624835,7.404386677377397,6.680606160948958,7.142424711726114,7.63510456497102,8.08130380225933,7.626011687676188,7.088589328592757,7.848647,8.271025087553733,7.58466679599807,7.049973544480473,6.441060690537238,6.985067254587309,7.140215748140748,6.8376208591291165,6.840845005011048,6.888813665125238,6.848428238830162,6.878890263014409
2023,9,2023_09_MIA_KC,KC,3,K,00-0033303,8.346867182492153,8.039468,8.52313667912746,9.112186503172747,8.511338208136888,8.525742569622492,8.543624409282446,8.063311283672157,8.501337235241216,8.00608123355445,8.381854687012485,8.281963305615989,8.321082525336909,7.995247911972295,8.310700128444887,8.004614298884917,8.34345917628823,7.7553954743558675,8.098741946126468,8.187866310422228,8.676662093072828,7.655707858882613,8.29938864916029,7.650364508165052,8.009301541834308,8.304082146352775,8.487179593134991,8.49379656475521,8.208522502810077,7.717740017474228,8.255378219422033,8.38873,8.381806546854547,8.339609383275173,8.231518367682833,8.59221728973293,8.412525181401257,7.996361190770018,8.43242782338335,8.4472837208368,8.237637892199496,8.372951779978937,8.399036377465723
2023,9,2023_09_MIA_KC,MIA,2,K,00-0034794,7.616778851340309,7.859775,8.325471644368005,7.21958960755972,7.96626535005832,7.2261968723546115,7.669718378779936,7.319294373486506,7.695244747455746,7.463485151004584,7.756056497834082,7.7267703363283,7.751527764590273,7.69849914704679,7.756714746699763,7.786006431809624,8.172958531165685,7.732859704081576,7.788489880086201,8.135167983590765,7.4968337836737,7.902336314092681,7.471380644909937,7.996567954810313,7.807614153863809,7.796094901162899,7.47130319168071,7.57445367649178,7.785322214096126,7.729043214733034,7.763166899650549,7.802467,7.442173226912466,7.466677959941093,7.681852521497435,7.763866723648631,7.356140173621792,7.355311940347236,7.680644586168437,7.654560694911409,7.578912676621652,7.6327293327795624,7.648679814218814
2023,9,2023_09_MIN_ATL,ATL,19,K,00-0033702,8.133203392611234,7.665004,8.34069923581922,8.18094891058139,8.085642612899266,8.005928500490073,8.116941891412557,8.081264006031565,8.161325417413511,8.126050309418677,7.828256149241677,8.075025500830414,8.019633411310206,8.04044861479858,7.993905106660656,8.544593195908648,8.123685367920471,8.878299010779003,8.205616415124437,8.904239887848343,8.398716287735873,9.529190911006596,8.229541781584333,8.067202453247196,7.7353006309115715,8.165894323535479,8.225087099727114,8.21358204852431,8.045380637717614,8.257912404798597,7.909443051511803,8.390981,8.358482130165882,8.073561003222743,8.507749528018095,8.026009464552564,8.131182454432777,7.786782514707509,8.012394396115189,8.043653988097724,8.134055271290668,8.152163777631438,8.171124162651642
2023,9,2023_09_MIN_ATL,MIN,11,K,00-0034450,7.209677754993492,7.0360794,7.1739929248041525,6.69143000773218,7.66423413674722,7.18705259644567,7.97852679995177,7.590727108517741,8.014465191285604,8.053764635381457,7.739793597729925,8.126740270129591,7.63461980602537,7.94165491542823,7.941286475017554,8.195194018927015,7.772122972062574,8.209907015168014,7.983260804383033,7.882387119392797,8.14831593153695,8.507222780201563,6.786526758493364,8.287199172191329,8.267883668542424,7.800357687321479,8.01225705892205,8.014378997301367,7.990799201516879,7.779932378411127,7.5156891438196896,7.997954,8.147962553870764,7.720730680285142,7.754601326596694,6.807652159847241,7.147066861504866,7.227649034625504,7.172174579303181,7.244772087066559,7.197478646094889,7.2392765618442505,7.268875368695009
2023,9,2023_09_NYG_LV,LV,14,K,00-0034161,8.144240295858562,8.1135,8.720583461274186,10.190616961115882,8.483465401640622,9.81147014063252,8.140253679577816,8.998280921151242,7.906023424343545,8.432994754614855,7.897355139240388,8.293835079076985,7.75465380845663,7.980477177395545,7.869325993663216,8.137052699312907,8.285837412729634,8.134658054042173,8.078757911065873,8.601574333430799,7.768272238534226,8.450193986474101,10.925785405714814,9.22067679466334,8.08199384279904,8.539396076682015,8.29206035688309,7.996761299377949,7.82567182631422,8.411768672055087,7.908582636325075,8.0559435,8.40310731675596,7.810578074823491,7.903108022045375,8.860417929223544,8.091755290306061,7.099825942624632,8.134216384041988,8.203898806222242,8.146867036148125,8.16713741938688,8.190034542915194
2023,9,2023_09_NYG_LV,NYG,0,K,00-0029421,7.322039778803184,7.9338074,7.222187498301875,7.520704749693664,6.818040341268975,7.432080196274406,7.076115162345749,7.547251663630865,7.348135310063897,7.772483115166343,7.435070854384844,8.121854327380474,7.795180691910685,8.117681028991896,7.999645515902787,7.765091954155306,7.927011326827545,7.997373647425715,7.994498001272387,7.959645989108615,8.341951447611338,7.772256565132665,6.615344069085895,8.485574912685932,8.26544987328362,6.671232649052204,7.139729978350217,7.498518456471423,7.751281620046565,8.356971083085172,8.025752520906485,8.263564,8.156176326721603,7.620809331554756,7.998838432363947,6.650039441160359,7.050985992809826,7.786369366744366,7.1600170040302995,7.096597740139199,7.317095180948945,7.341006778633136,7.359973778463089
2023,9,2023_09_SEA_BAL,BAL,14,K,00-0029597,8.553619419225951,8.177178,8.297197728472021,8.277298554367158,8.29721332855946,8.398387156427606,8.041521591747998,8.180076921742314,7.942047412064383,7.958506847268484,8.050584289943016,8.08191959572715,8.105478648674126,8.244649960452413,8.125278565324889,8.201269884655083,8.074129008157595,8.30666521890522,7.988453571000834,7.665962382517555,7.9486035061094364,8.916099840323156,8.106266437730623,8.319967089998263,8.33170551372336,7.724929577639446,7.856568151165153,7.922561162358431,8.301593608996388,8.128840008758745,7.989898453847242,8.5899105,8.091393872319616,7.772613451389471,8.378685220789805,9.082538663587084,8.562962272961329,7.75351080129021,8.501199035293304,8.515526168676736,8.554279116840348,8.577505893264112,8.601392367302273
2023,9,2023_09_SEA_BAL,SEA,3,K,00-0031492,7.119370994115333,7.099022,6.024114975005923,4.802210959022096,6.231862172111216,5.326672159858057,6.740746342328087,6.370982400755284,7.070378930790143,7.005384303970059,7.361669009196089,6.740029986171865,7.162878216874571,6.816122847369967,6.987854985147121,6.8353021321713445,6.847387211054375,6.779455408039817,6.964852233344111,6.94332866785842,6.911695836460761,6.09664300239791,7.037951835794194,7.765751847262901,6.917177719981849,5.641043102893599,6.732567433541448,7.324689078498388,7.639793232877474,7.678549229413549,7.477251356087924,7.270426,7.458066433403456,7.281915914400429,7.061260503209387,7.113188576812911,6.410270051875339,7.573452036199091,7.103808484210117,7.101055843819499,7.163148298816215,7.133849965801282,7.14832893748723
2023,9,2023_09_TB_HOU,HOU,6,K,00-0032726,8.057734689613504,8.296196,8.331398290180736,9.524658227533768,8.015040238311558,9.26299409224196,7.961087538882809,8.799281145397439,8.006673246586967,8.465778443756566,7.673082167616082,8.148141138455856,7.744208635713814,8.17972715863254,7.463473419149687,8.460639079796083,7.883768261006384,8.668273239615667,7.613573718622671,8.628210721941354,7.423943162119138,7.865255659147345,10.253254972331924,8.316288419517583,8.175290483957477,8.263214230337883,8.220190351301026,8.140790204463482,7.825974302474864,7.78741800582375,8.10213149607205,7.806758,7.45541808578733,8.08049317553051,8.107230690597893,8.357237285119945,7.482482268388143,7.672111707736715,7.947658371507666,7.95119971234392,8.011476417100303,8.073386348176019,8.089038006738534
2023,9,2023_09_TB_HOU,TB,16,K,00-0035358,7.891194394824678,7.8469644,7.312232765905539,6.32058645867398,7.542682085616665,7.216634180046737,7.724673858545823,7.981194173368218,7.712468132657107,7.99645666950896,7.47918193287912,7.770685364268426,7.982875129974913,8.176535974944457,7.507274029697517,7.9349618123897585,7.794981684764263,8.394183218864931,7.592534702602139,8.049205960645077,7.414109794703199,8.231623366775525,7.335197658367577,8.549099013718187,8.617245784904632,7.835571220256484,7.939302188942765,7.883208612129849,7.470831550436577,7.567757509241179,8.075072410557864,7.1813946,7.105466952621401,7.792476017684971,8.283162514143037,7.905812341395333,7.363790782637716,7.537708128799307,7.784216153549355,7.80226283536294,7.902000695965769,7.915302132351575,7.939409869878473
2023,9,2023_09_TEN_PIT,PIT,8,K,00-0031136,7.766772405904531,7.5931144,7.21932099408526,7.471597851889137,7.075412072262959,7.169842671335113,7.180123491494038,7.235366142567258,7.404089921295846,7.627261275254891,7.452561498139207,7.771406858765531,7.580422811585408,7.849482842930452,7.157162759491306,7.549011725811634,7.330581420473886,7.593029218440422,7.29738767347828,7.385798485511651,6.938329495438158,7.408928108441825,8.866292650185652,7.948957544530273,8.03213691800819,7.1856855722311765,7.234231107803943,7.557617276377352,7.381555616034341,7.508961510427063,7.812499495513435,7.239014,7.342017109110931,7.706428510182265,8.05128322361464,7.818788079638262,6.944758766285034,7.6469816516816564,7.674103125075474,7.670582082200239,7.741503484071622,7.798598455460052,7.830424505015575
2023,9,2023_09_TEN_PIT,TEN,11,K,00-0025565,6.788494826868911,6.96419,6.390647468016992,8.138824671298696,6.347121867829447,8.115029983515877,6.5355205298386885,8.045618468778649,6.854785760626944,7.838228869216575,6.797403843338759,7.590354893853463,6.7732736432520975,7.495206108716652,6.699953864789807,7.708524532216789,6.616106065510422,7.904618484650017,6.9240157829517175,8.018889759259713,6.7482836808527535,7.850724789713601,9.181216836843342,7.703868588673238,8.008504793746974,6.712022824456839,6.846463195981439,7.194623839001157,6.889209641148463,6.790453916859399,6.787330985387976,6.7721205,6.990870362083402,7.199688261713421,6.864056758622917,6.636163364515926,6.640925770449083,7.053599382153789,6.836288443289359,6.794223070207519,6.793358376695451,6.803989953194484,6.819485079520056
2023,9,2023_09_WAS_NE,NE,6,K,00-0038567,7.716573168505684,7.6710105,9.086763484284932,8.37179536579323,8.554661360776377,8.347474230382558,7.898328355278678,8.282920383436752,7.70762474756657,7.969605824806266,7.741427053540345,7.389702678186471,7.711799717450285,7.470886750718008,7.634388392575763,7.978428867538927,7.760389243763909,7.867799009598578,7.618590654090702,7.709294609048731,8.200917867932485,7.9751547781577585,9.118066167334188,8.033520381695798,8.13804171465703,8.399781001703463,7.884824320431878,7.71511463619895,7.662780759132033,7.555052899590214,7.502194686566355,7.36837,7.620801611678078,7.818124008884931,7.8786289278680455,7.800917320694589,7.419465811488078,7.453354903593139,7.720294532572472,7.748543272853025,7.793958956705726,7.756976080010647,7.79737899151561
2023,9,2023_09_WAS_NE,WAS,8,K,00-0035192,8.10002219304965,7.2217784,9.297064677312822,10.006067489794876,9.1197005880034,9.607258602839751,8.290972367169847,8.628228291828027,7.874189602283078,8.102612282131592,7.766568884599207,7.731075815513285,7.616962298990006,7.858856002224171,8.4357009395933,8.03028841202291,8.872130464756687,8.471319688183906,9.003930414552876,8.11517192317791,8.654800639703184,8.058179045278338,10.31226700789506,9.136010607787902,8.171215174356236,9.006619485387155,8.058570162253426,7.70900816964403,8.385669160231872,8.794804893179254,7.432105129660719,7.8945217,8.482099621914507,7.459197388525733,8.099652259862353,8.235757935707317,7.505016382982788,8.126608512548685,7.951675128959694,8.079144824421636,8.103774044539275,8.13648731494623,8.172952436842813
2023,10,2023_10_ATL_ARI,ARI,18,K,00-0023853,8.364974090411122,8.083592,9.723493354888946,9.177265635289826,9.258536879192295,9.058359110238316,8.424010122758293,8.795995384587352,7.9440578656627645,8.152501376560588,7.994568196119943,8.128904347476386,8.098174855298247,8.228061704865098,8.270361896735523,8.379391197218395,8.378370719162096,8.524621870571705,8.48630465230964,8.447528831118575,8.289387917864595,8.634379783149523,10.416326047827942,9.087127445913914,8.602974178886834,9.588414386753849,8.46693898538232,7.779809328030653,7.665257851936483,8.651743712985176,8.046153322785253,8.236588,8.49729011525281,7.877865581517776,8.250406275257731,8.810768791775331,8.520194359986776,7.5676262756249635,8.196435692919646,8.285606794612336,8.425527809180464,8.393364023254296,8.421753956097472
2023,10,2023_10_ATL_ARI,ATL,5,K,00-0033702,8.578781688465437,8.442978,8.176910221888088,10.235308116717812,7.984319335282908,9.935073195857807,8.23966229660575,9.455602739917095,8.39572396190837,9.150651910648117,9.072317150837955,8.99863464770089,8.856943253482795,8.971676959713026,8.375883918403227,8.627646819629616,8.012279424848684,9.015737824013488,8.323908260445776,8.631320409985397,8.287256271934913,9.145089236188849,10.303521504385238,10.015434455298292,9.413012890354612,7.6946367595034735,8.217979886575707,8.462629744593137,8.592048776881061,8.462383418620348,9.14795831980695,8.59709,8.870240394228333,8.444025026634979,8.730747455134104,8.207212755613169,7.973643715469582,9.396539890664897,8.540685186382431,8.528939216535973,8.523689279469453,8.599225834904393,8.61966998134335
2023,10,2023_10_CAR_CHI,CAR,7,K,00-0034173,7.61607433425577,7.0570393,7.561566259801114,6.325793442714596,7.52398204893227,6.843553616421255,7.587833768963598,7.605197106281496,7.622474850662114,7.912901496182849,7.889410719996123,7.620749709622772,7.74384316517587,7.514721067642768,8.102887636210781,7.577723763729902,8.446687356138993,7.790516533268793,8.015322862442076,7.665594765196355,7.7096851655668335,7.0205058802586535,7.895595519926416,8.521934586608698,7.672064497593218,7.248833472023731,7.643695871917587,7.793525963710671,8.166101730091585,8.08314784844816,7.490492968135404,7.9285045,8.043602062533123,7.694512237133293,7.916493018414157,7.270999487113016,7.4007138008782825,7.963276268992438,7.542968587413403,7.609961275993794,7.6716131420415286,7.641981569702986,7.667888805150204
2023,10,2023_10_CAR_CHI,CHI,12,K,00-0031203,7.551459424697947,7.5961175,8.341815602224118,9.94350436509471,8.099360355004865,9.04837401354474,7.788401754043293,7.992106974681297,7.707494478266211,7.858073683138412,7.617566853909431,7.97538589565785,7.703274790048872,7.935192668567367,7.856341074929559,7.7824626571563025,8.517285724165058,7.740195105051939,8.581531649880928,7.69813001340768,8.065595914701257,8.259177840586487,8.705105922062057,8.621814012431791,8.368022598755916,7.379859432933832,7.276865557171265,7.3708098981860735,7.521376004101768,7.840457047945557,7.563612451455133,7.4736247,8.174686875282505,7.273371546138946,7.644369840976282,7.848522865311623,7.568328472039349,6.809532395382397,7.57437372449605,7.622460721525428,7.591205526293784,7.573753563336031,7.596047701974113
2023,10,2023_10_CLE_BAL,BAL,7,K,00-0029597,8.246119277153634,7.88962,8.273239079234264,7.539826926302136,8.19544779755197,7.845751048114081,7.999611911433465,8.120198368771948,7.983069232471063,8.111371780040654,8.016044132628203,8.037851831464337,8.116002969812616,8.288542046797282,7.706891628879667,8.523356130380137,7.816866970155472,8.356108876564912,7.773282175603024,8.38162107477166,7.496147439742273,8.310669071578593,8.400084922694731,7.777499791398909,8.515027916954232,7.239358209292558,7.6219867488303965,7.8831214415261535,8.083983158072149,7.831078378785576,7.941410991083388,8.358473,8.021012985686934,7.585160805221472,7.750846091956234,8.903583486432963,8.06835522408517,7.762982662925304,8.31835437969714,8.359364492382984,8.261982997237473,8.267857271858574,8.289595266563513
2023,10,2023_10_CLE_BAL,CLE,14,K,00-0030098,6.865441697068484,6.8114634,6.945348770399688,7.156858890079531,6.702315010899069,7.023421115625139,6.749892717958795,6.815131530921695,7.061917216822946,7.010005566825843,6.564972457143128,6.272711068336516,6.833101731104413,6.584017526318743,6.833298562916943,6.738872997002877,6.176057747649438,6.313874675428509,6.413149298059896,6.411052358288391,6.394811649001656,6.535409995438333,7.810700970171514,7.691476653477616,6.714656292525273,6.176964390860423,6.538708841242993,7.059187363565363,7.083520187834867,6.28700387249267,6.767209993379167,6.672323,6.5112362623995965,7.150272472704106,7.357066250827161,6.704120989772651,6.421020292034079,6.672856983539335,6.756323595457279,6.747192467055126,6.860173914930143,6.8827455292793465,6.9000493614902085
2023,10,2023_10_DEN_BUF,BUF,2,K,00-0036162,8.948879799501203,8.455727,9.258178853684182,10.4129156622834,9.051032067823384,9.791029012888655,8.655190080243903,8.975011599705118,8.348940323171396,8.576688831822834,9.12233885619858,8.817196699575298,8.797498792040583,8.81012727309561,8.757525308206132,8.609697476993388,9.281201296237382,8.582919418225922,9.55909957692946,9.256061077617598,9.069293489410018,9.065355810714651,9.932622337487484,8.669168477667807,8.711725396727807,9.481834869772095,8.99486817387279,8.595634823582234,9.01611313394897,9.645542005560245,8.93548622865259,9.2622795,9.722330361271323,8.47277887188041,8.524624962969341,9.316133502050052,8.706411427208465,8.971988835347656,9.030795002167656,9.053452913594263,9.071781069515993,8.973631341842223,8.998382884183245
2023,10,2023_10_DEN_BUF,DEN,15,K,00-0032569,7.177699725254422,7.1080317,6.530765673481807,6.241451974096366,6.730081751337354,6.625561207970612,6.7605333057789085,6.691391176493177,6.973122175782445,6.919748332501436,6.922732238467332,6.349507732613599,6.834982907271786,6.477518555420124,7.107063125489627,6.78088106349399,7.232812122749318,6.661612995882466,7.485427149448752,6.684830889094375,6.57403122474913,6.2058173114921065,6.266502787507835,7.235169902578695,6.340365219878609,5.964902733605015,6.439384897350687,6.906989871071387,7.167197734730693,6.915080720566769,6.831491592398296,6.450101,6.078146742403097,6.99202345405679,7.171030538805932,7.79230118632355,6.665123334401746,6.2147887782152464,7.1922773725233835,7.182140772599375,7.199180129558412,7.197149965378344,7.216600205502264
2023,10,2023_10_DET_LAC,DET,12,K,00-0036816,8.382724576785014,8.727533,9.082809620491735,9.044566263749742,8.878416285306571,8.666294683396682,8.666734028307726,8.400546023044141,8.520196288892553,8.26824805354321,7.800389959765057,7.828125834992263,8.220603803940365,7.977848568975152,7.761111070242088,8.30580118133381,7.597852833831368,7.998362461743302,7.534434228597485,7.885329657375731,7.65458838845616,8.47296582754816,10.025437682143773,8.44863671342103,8.254885414077075,8.856896942983493,8.607489353416183,8.357839277145464,7.702109012012636,7.59814287066478,8.143695254975405,7.729704,7.480033893866898,8.36776385518993,8.659631468469426,8.397319160013673,8.135855985568417,8.061609368409375,8.298077552806035,8.312065310625984,8.355745311254843,8.4083090560139,8.433893535242786
2023,10,2023_10_DET_LAC,LAC,9,K,00-0037224,8.164181814000974,8.278301,8.166092684025841,9.178934992787807,8.121135342823244,8.994621967547719,8.100078073391712,8.562803126239313,8.077574579805193,8.037164663226783,7.872986721666851,8.3251487801404,8.06050207874461,8.053340093025676,7.530862909933001,8.046598380217723,7.555585702031069,7.867666920180913,7.008405537187755,8.039259426231581,7.51700714804138,7.909079534539252,7.696297803788438,7.795467065982134,8.554194338254012,7.870900220260519,7.907670060766613,7.943199846036792,7.339947465662457,7.210270094196657,7.936184012145291,7.4194884,6.575643320525094,7.766808279806322,8.312627293024695,8.144051897503546,7.9244673570719035,8.101630656924781,8.167668452824987,8.141734438691527,8.102602881803435,8.200258044132159,8.236334274263342
2023,10,2023_10_GB_PIT,GB,7,K,00-0038402,7.337195437396327,7.0810027,8.00307451582893,9.199621255180642,7.67089859459085,8.789922924572124,7.355549585755038,8.267428001270016,7.35641001967838,7.952966548403857,6.689206070573158,7.431250117282698,6.990521584607825,7.330879266875033,7.489266395202803,8.056195034169278,7.54619688502006,8.045436985449973,7.490276331910535,7.818124609348286,7.8762636036081295,8.22283225185346,10.24612237828234,8.461836701088508,8.20369129291393,7.3139902395437,7.3165361461375396,7.550911369297806,7.776941403945073,7.90288590124584,6.936292815632051,7.9950886,7.716927470904636,7.529133302619078,7.236709018337711,7.538234264717096,7.638110771269908,6.935389744405919,7.392677964562323,7.41373347432877,7.462854756285013,7.3806302769052055,7.424065116414083
2023,10,2023_10_GB_PIT,PIT,13,K,00-0031136,7.584388278119928,7.620081,6.711034326006088,7.755456917104775,6.7587892717486495,7.637080866296981,7.09704762485784,7.527981021872097,7.345629961618787,7.676914500727012,7.338440156113922,7.831017455142913,7.499409469567408,7.862168766847723,7.270524123822295,7.790311134062587,7.302882782293156,7.888258746904948,7.395261672980064,7.737628570514606,6.898688682769285,7.907892163225126,8.37591867687981,7.5209621143310255,7.87605118679734,6.877804570937825,7.21444699004457,7.564967140334272,7.604586467058185,7.6639935320665025,7.71222643803265,7.415617,7.354138109498177,7.671156459610412,7.8259923756200305,7.628046551481544,6.7880241492677005,7.532847649572648,7.513161566483766,7.49266927672636,7.5585149993176515,7.612188454926397,7.639988631732867
2023,10,2023_10_HOU_CIN,CIN,11,K,00-0036854,8.745834608992451,8.2041445,8.101445583402286,7.861764189132733,8.179021124680546,8.040069638431271,8.184990267592788,8.081485330901439,8.134902806196207,8.091385716028853,8.885106593032313,8.999125522584905,8.790795298538956,8.594477174710748,8.841129612069391,8.55294624183809,8.938111023405604,8.714468982163682,9.04474161168672,8.394464590054111,8.933131717040414,8.37005554377843,8.577400235884928,8.5713257774077,8.633566818205797,8.240733474073208,8.232267402669883,8.227433837352628,8.899883361727264,9.206578518749764,8.923544200993815,9.334206,9.518823498841895,8.1439274495076,8.974933004460118,8.590253245563853,8.130633234690837,9.020950429798948,8.63647461132119,8.652184329189232,8.738587849764702,8.775092045297953,8.804349481603456
2023,10,2023_10_HOU_CIN,HOU,13,K,00-0036469,6.742394274438147,7.2158346,5.787135387523195,6.7617852435946055,5.989676263405613,6.972545101699227,6.5291519620893,7.241810919397776,6.9493801115204334,7.432497557355595,6.860813546049952,7.313879767991296,6.870256431075029,7.099579023897063,7.351067004309054,8.018491537506444,7.253770868832999,8.038075637654694,7.159030817366481,8.025923095058648,7.260050561863611,8.096180787592692,7.033313685261348,7.448946784892945,6.91577934160314,6.127485785880164,6.640653648891496,7.079581482744743,7.368406562754789,7.364165786135679,6.825053771788819,6.99462,6.9345304307818125,7.211516824463692,6.623969190116135,6.764201908860037,6.670849267191119,6.9121891357009,6.7924069458335055,6.724408035619915,6.806406929604651,6.757685111275363,6.772975948112577
2023,10,2023_10_IND_NE,IND,6,K,00-0035269,8.267224689623658,7.6081305,7.48030682058087,6.526952489483421,7.595638199601249,6.737759927198054,7.904300020957535,7.476878512440929,7.976425361261911,8.01475176853721,7.82397737003623,7.845140931924267,7.724816895022888,8.019523628060362,7.870746398274474,8.021193958145897,8.115010606723175,7.8206304595470115,8.051227801215619,7.782595155345207,8.516460760131576,7.941280245299207,7.614622989409733,8.468510858607294,8.042908695198784,7.583434293076138,7.952143410451577,8.025333480311188,8.08230927840982,8.159397425027754,7.557590011671971,8.246607,8.310872952658825,7.868188353468268,8.469294761480258,8.345908037811437,8.22241635765949,7.829157051445279,8.209723190691669,8.21950750171944,8.222333208020512,8.294117526509913,8.321010363396168
2023,10,2023_10_IND_NE,NE,6,K,00-0038567,7.413377371345113,7.4284377,8.821292308272168,8.044057189581363,8.29730559122834,7.863443513869295,7.801261528243034,7.888552040115028,7.677561630975174,7.8535325654545725,7.213040812527746,7.030453834954146,7.06958151307344,7.003118470213931,7.286726010629006,7.706469675128323,7.310398418412099,7.327118778500749,7.331637947759578,7.40192772202075,8.078425434394127,7.256548041369442,8.371524029982417,7.595699613181225,7.838046361638547,8.790034441240042,8.135359240068428,7.898259093277158,7.555364033104708,7.256936998601338,7.1902079178804055,7.7688785,7.948510216980835,7.741082501898087,7.60807972242457,7.309303993892086,7.2868891278296175,7.392714721389727,7.433024178326258,7.440030501298583,7.452554202546329,7.454171493694328,7.494965616043543
2023,10,2023_10_NO_MIN,MIN,10,K,00-0034450,7.697889023012964,7.8739305,6.999917444839961,6.936217592950862,7.497710179730675,7.369120030388442,7.976498201661461,8.108532456791849,8.100611272022988,8.371248099793467,7.97100724470244,8.327685107829298,8.058017533673334,8.27399846787849,7.917832411073252,7.904033907924256,7.781349825844021,8.139620280068932,7.750407933648379,8.226271281860551,7.774027563334434,7.693480785121991,8.266068306662733,7.869397922910664,8.0717378108069,6.829279711739561,7.786566272357522,8.106825982764898,7.888162431943272,7.832105394127636,8.021624239343907,7.858989,7.689346283243028,7.865703554371834,7.895571704497217,7.766071855870303,7.383198856829703,7.4223444181635365,7.666116779821418,7.722588410022375,7.6708828041291515,7.714993494291932,7.732097965570898
2023,10,2023_10_NO_MIN,NO,4,K,00-0038905,8.528666422050563,8.413009,9.010302301131132,8.995496771774913,9.02853606232498,9.27490467286514,8.801793396770986,9.117647644772903,8.578963502038043,8.652365934855517,8.256805968975264,8.566762702417616,8.304535890193332,8.550825031606351,8.270255990305076,8.683738911939828,8.305434215040213,8.932019451571602,7.680929519717094,8.07141098767535,8.035812662306613,8.73992015214585,8.976872294796678,8.637195757138528,8.913850884707731,9.48962611010405,9.145665081730163,8.726553641740718,8.648915124985596,8.298437363904132,8.285004403803487,8.48424,8.422759097993742,8.580186000491228,8.715908387920734,8.457451744099536,8.06466439802761,8.622233841158844,8.426836757741805,8.44368691293665,8.523974820349556,8.571417131117101,8.614167840183637
2023,10,2023_10_NYG_DAL,DAL,7,K,00-0037692,9.443450735724277,9.595964,10.511196079533184,10.363542771900336,10.518796232141316,10.709417359822574,10.045014111686587,10.345455348894909,9.429898340252029,9.601166087207522,8.202191794344783,8.385690814167578,8.305534687951681,8.555573272720075,8.720533038628378,9.26957894347126,8.487936164808346,8.96095124157092,8.097035195124795,8.755431963838955,7.873081178404882,8.725259100958176,10.878236782759243,9.646856997946024,8.678589585730373,10.00759223425293,10.036233823761226,9.39159560026458,8.843453021092344,8.480572343796291,8.402013393054803,8.494,8.656124417521953,9.454292153043516,10.001627953056188,9.7481444139305,9.747992486231208,7.844526678060498,9.242255595414367,9.317802827848507,9.331347843470477,9.47868240426146,9.513914072798645
2023,10,2023_10_NYG_DAL,NYG,6,K,00-0029421,6.106191804190775,6.4513426,6.582501736529414,5.783081159545078,6.09902031832463,5.567921600102794,6.275123329966171,5.962653983254903,6.620169836767916,6.543789794967632,7.043210429135226,7.20264329248379,7.30950106808913,7.398790985872378,7.610210267773224,6.969230319684485,6.851746491389435,6.760353833450694,7.860257737980051,7.031789585498146,7.672417983203324,7.21049129698589,4.81727438249411,6.695186522518524,7.537355181146937,5.237305483119002,5.995030375673285,6.614008669513517,7.430051855879273,7.928541545913815,7.289187937690243,7.787422,7.666176520240952,6.766425424001694,6.686156790811677,5.236981670946864,5.597467836220354,7.229026574732457,6.027303198279144,6.063440091123017,6.129700677937903,6.124269324742945,6.142346845295112
2023,10,2023_10_NYJ_LV,LV,14,K,00-0034161,7.682745498740394,7.790028,7.901023325466902,9.220059846405103,7.756006283333706,8.955962710304359,7.636246307316899,8.37771633458688,7.670795119864325,8.23591287914189,8.530072958789958,8.504728081172795,8.264275383212363,8.264607476988152,7.769669738468616,8.069934611754592,7.811976258506579,8.254761257019085,7.610132631514213,8.454804197692148,7.756813865677664,8.411986943023198,9.819231653986114,9.90383982142383,8.789993751875024,8.263103137396802,7.993962394152053,7.955722312515818,8.187935905575346,8.694816431851951,8.29592508965232,8.766354,8.798481933180597,7.7859536838487,7.468427090787437,7.683127755643382,7.575118780824183,8.057271955821957,7.690088585026568,7.732145508742578,7.6945562704474835,7.703316844837039,7.723888190933682
2023,10,2023_10_NYJ_LV,NYJ,16,K,00-0029621,8.104962744441874,7.969721,7.532528279754413,7.5523029260818495,7.676510477240249,7.671081322125525,7.848659902369013,7.771487983018514,7.8775075543016015,7.807791519743688,8.583948049677108,8.439942849367863,8.488653200781332,8.383599171949697,7.759543970597835,7.39011777455777,8.26942916129038,7.769172040224813,7.921940599338557,7.827712257902619,7.841314796697975,8.264586456532255,8.382379736710767,7.336805783034744,8.598439203854312,7.473088888841857,7.877461506361241,7.890942072413186,7.80385076473387,7.64639698264973,8.569852318782702,7.511246,7.664243154341396,8.035755526293695,7.8529446955595255,8.070056815944794,7.392877153163221,8.90884447039888,7.97537807552895,7.993370048136938,8.042742690290797,8.124710913306131,8.144459082170389
2023,10,2023_10_SF_JAX,JAX,3,K,00-0029822,8.417624726410738,7.368561,8.621542856226904,7.862830008773444,8.341355732582059,7.565552205391686,8.052329861060477,7.536011457432515,8.020717824557908,7.756690959392976,7.685730805221283,7.045420515768496,7.674917693286098,7.199812093889975,8.529403771676334,7.307837225198402,8.316698715962671,7.361682153218955,8.278612951229736,7.1270716174830255,8.837969971078524,7.317901406496341,8.296578624831021,7.637123735443082,6.856116107538098,9.270847861230544,8.465022417651134,8.210364544666845,8.568816139036148,8.47647707641323,7.616821432019209,8.517514,8.427399146928062,7.926550633472145,8.244951752133952,9.19685225038442,8.283870080204911,7.185056462981463,8.397417189824008,8.457459556870312,8.416027603412184,8.441464383315324,8.465304040219909
2023,10,2023_10_SF_JAX,SF,10,K,00-0038562,8.105554561089743,7.907639,8.82061793429135,8.469246753807772,8.643551924209886,8.293734762950887,8.207935836278986,7.965128106722556,7.989102029950323,7.915336053967548,7.693416069111477,7.824182458293171,7.862148686982593,7.914151468480648,7.729383076212239,7.936524807910117,7.599490199463161,8.093166000455362,7.925259730297308,7.904651343985924,7.275785932791959,8.008695414977803,10.066952831236376,7.826468182910309,7.882966089266032,9.072588307318062,8.358073991756855,7.981412499071477,7.603441438166215,7.646054056252208,7.886400707735967,7.6049905,7.817900446296243,7.82947087717824,7.920117317971718,8.614085390014198,7.7940973121677395,7.522377392378869,8.06326786410071,8.080101916779117,8.111144692174218,8.14377879906337,8.182003037036996
2023,10,2023_10_TEN_TB,TB,8,K,00-0035358,8.093049769287958,7.623084,7.476317990866744,7.033307453837404,7.572282921704143,7.671827296536309,7.687640697272658,8.081032471090058,7.744777048735829,8.163909789849107,7.653498762889182,8.319266498498752,7.817276147285733,8.237334858749202,7.650650584478732,8.090807412684057,7.661764635310573,8.14610695013268,7.532012032274446,7.955076491141321,7.128291138082579,8.03245416543979,7.216906991947132,8.559828120585413,8.65201139541199,7.804724871216065,7.804457246389268,7.876265559145582,7.963499860105887,7.980458428973573,8.084311338441204,7.669381,7.27009531579991,7.837157998054442,8.73692832837488,7.887794258972367,7.6402702010617665,7.764132735401853,7.947633664217974,7.978668351015165,8.129140760272765,8.116833055478157,8.140616341668354
2023,10,2023_10_TEN_TB,TEN,6,K,00-0025565,7.59602842164651,7.173852,7.517725520777495,8.081280740341533,7.51992646868577,8.203941296498545,7.512482676324614,8.245265823431502,7.582463408813446,8.04152148152423,7.358977641807284,7.701426283471791,7.446951918304578,7.640884840442403,7.954063820855062,8.111199990356832,7.922127176540272,8.316215368238055,7.815289089983835,8.1610613403231,8.484748260391722,7.607150497247916,9.432561135932568,8.47595408637399,7.938789006662164,7.856094560818306,7.777794919681157,7.761293589753149,7.7268828680188,7.718970420861696,7.264816842424288,7.6581435,7.789716843852705,7.735392439671918,8.044100378534582,7.057463526660302,7.576140203840204,8.01099438518997,7.521680666057492,7.532081672295618,7.621339413597159,7.612133707856282,7.628238994066054
2023,10,2023_10_WAS_SEA,SEA,21,K,00-0031492,8.358070771429336,8.153215,7.1649097683232,7.168000148397252,7.359907006951393,7.636716267596387,7.723875745794232,8.378518824181846,7.805910017721056,8.19777041173428,8.378109785026625,8.37172573758762,8.450950558988774,8.27663001123371,8.20916510207575,8.36215072113248,8.41289715083123,8.24041254255452,8.107380556367684,8.342356679574934,8.252059686565088,7.988054865185121,8.145619363525126,8.70649986665131,8.721896054640297,6.834972657969643,7.648542604881095,7.856197198734294,8.143367969208175,7.782547063786023,8.219476009599703,7.6107116,7.327111946425249,7.962943117453247,8.298368276962464,8.415776550517835,7.543596101195815,8.739450290069403,8.295280754868589,8.297232329445794,8.375011942293028,8.373700206032563,8.389329640635792
2023,10,2023_10_WAS_SEA,WAS,10,K,00-0035192,7.41492727857386,7.075059,8.392153021269893,8.775655413232927,8.226037127480119,8.529358469037824,7.687865827660729,7.978777816109313,7.511926562708643,7.788142549261918,7.183336715043924,7.256209019576927,6.98434846418776,7.420304176485654,7.217590527220881,7.213927739639365,7.359094837961795,7.039131326253024,7.095397324571579,7.186658487416735,6.609789900855994,7.10313140158733,8.455781179740098,7.780999746151544,7.5282529748078,8.30813145446561,7.640997593502639,7.496507655927564,7.447424911587133,7.628652756973857,6.8990180637277705,6.8096147,6.556574842404249,7.2830398996859875,7.562652998797385,7.602586351567349,7.097907750572294,6.976530316252378,7.322538079084514,7.393961535115193,7.437257723853556,7.44453115166539,7.47413502475692
2023,11,2023_11_ARI_HOU,ARI,6,K,00-0023853,8.768401765267178,7.9847994,10.00459377150784,10.260804302847882,9.582713200474249,10.080329313663167,8.77229746876175,9.439639303646343,8.277358543580563,8.521167420676065,9.0587723564932,9.04779932943636,8.820828219476233,8.666959282429334,8.186597039782214,8.47490330091881,7.898629396624678,8.666527473175135,8.548264700768822,8.787393939739355,8.083875434945215,8.535359819892104,10.038297002052156,9.48743063658635,9.234996780670192,9.776419516914611,8.91414243015398,8.295032440231651,8.323981422801362,8.225121495043735,8.759408881794815,7.950969,8.251820758257754,8.395882310777889,8.37292996932083,9.247638389250728,8.17522873022267,8.699722728741849,8.656246658181265,8.723264091864538,8.780104142153704,8.797340040985931,8.826278316704686
2023,11,2023_11_ARI_HOU,HOU,3,K,00-0036469,7.653464882771585,8.973109,6.27297586887591,6.648445595430161,6.63740991898748,7.322945894631957,7.474950200190712,7.852589490347381,7.891023039650401,8.395620847897456,8.81298881687002,8.80218640770658,8.631549022138584,8.824577018645348,8.679700151734629,9.050265520489262,8.784475618499176,9.236027766909942,8.8729869231954,9.499264084695971,8.41920571543995,8.949921866510284,7.53913934205208,8.70209087856065,9.013269855723095,6.419589028971311,7.415626633620823,7.964084113878002,8.671341825992863,8.659911225991314,8.87267922016581,8.693354,8.461627673137274,8.241655963176736,7.925741240281482,7.039332438595983,7.218074130572104,8.691010610957683,7.602168237523401,7.523388040722622,7.707991835335138,7.670385136590628,7.687305390409675
2023,11,2023_11_CHI_DET,CHI,17,K,00-0031203,7.655951804552092,7.7601833,9.09644142705035,9.176085838309376,8.823305035820377,8.672728964971418,8.301321654848877,8.027868111048349,8.071459484964294,7.766844146144092,7.749477072839565,7.965109539217644,7.878005066960145,7.8404965025564355,7.850933218307747,7.578497751372794,8.287853639410717,7.390719595729223,8.025262275352175,7.214763951979592,7.740214013866383,7.617873452446954,7.613113509785905,7.285315018454113,7.98161074417225,8.025951492251242,7.850742551631901,7.762398087672867,7.571950876367651,7.619503231632884,7.4705512089080415,7.5954137,7.954012940514632,7.646694570697191,7.807190505707596,7.977106239279536,7.701155426313846,6.7641830724830685,7.696116594539314,7.722957580422034,7.730177668887554,7.678971300752577,7.701990796953063
2023,11,2023_11_CHI_DET,DET,3,K,00-0036816,8.731253754799695,9.197725,8.93417977431348,8.553384632376375,8.987255811772078,8.659593313340164,9.071556023273551,9.073174920751924,8.956347466674282,9.170327052764554,8.43715103893963,8.588063408677442,8.400229133201972,8.734046425162244,8.804009231663048,9.168060168853128,8.728988321907163,9.433492378671904,8.884692999619924,9.076816917385054,8.485652830334153,8.825472315693753,8.874763007769065,8.463018580172013,8.708704698922347,9.368760977929044,9.331092994460665,9.098182316261546,9.257949294366934,8.961917446422971,8.583461141980942,8.753924,8.338329937790363,9.120040504692827,9.393317556733278,8.330475505054741,8.568235960031249,8.621223448773454,8.585481182605081,8.609136855834775,8.68521199622304,8.755643739469013,8.780033724138331
2023,11,2023_11_CIN_BAL,BAL,11,K,00-0029597,9.2857813013521,8.093338,9.08567859534882,9.52506919289429,9.075602072394764,9.680484633988527,8.698651080777926,9.397243582150306,8.476198171698297,8.704047680197519,8.63651696799637,8.53923555700141,8.615748142052206,8.521925646551132,8.818695110513076,8.532889770202434,8.92687734554895,8.271232598975978,8.835247140532678,8.411162995832047,8.669690747364097,8.950227586504177,10.265789202198272,8.387288495504844,8.49164043632852,8.317506774335984,8.47979832766947,8.419331578140978,8.5220032274076,8.850559392125826,8.747337007892728,8.915547,8.940953776288136,8.156411140069729,8.435689568592412,10.261041200824263,9.366377949465722,8.570100777490483,9.32007710639585,9.364475214910168,9.280560047523984,9.309401190911725,9.333021080471354
2023,11,2023_11_CIN_BAL,CIN,10,K,00-0036854,7.297898908752927,7.3745675,7.0391133597835855,5.984882138608182,7.019889079694533,6.30110172997885,7.097910445948083,6.6654465203998905,7.253831978626533,7.061984228223573,7.005489410147455,6.934413033428022,7.205981702440464,7.110507948136786,7.4539928275935505,7.120487949794379,7.50823965449264,6.863547797995487,7.587388624321269,7.301004565838534,7.524246592752024,6.689938029149773,7.787169556024703,7.453773320176074,6.988332208858498,6.792192910169309,7.01352487425361,7.365841602583348,7.846968757121334,8.166089467626556,7.241627069180623,7.7516303,7.618985533465109,7.244698545530058,7.675203515064295,7.237965770814982,6.96587588427216,7.017819787402144,7.276590521049933,7.250341433570684,7.324266645375298,7.3227686053168615,7.347638301880798
2023,11,2023_11_DAL_CAR,CAR,5,K,00-0034173,6.491269358253815,6.5779004,6.754441203369546,5.535186159498156,6.731943104157348,5.8076671623108655,6.894527199653028,6.424743642354392,7.071771839443747,6.840443695117518,6.6751720785799495,6.726330490999171,6.800570334337034,6.641807882392901,7.451590303465115,6.549319706640558,7.215901533046555,6.661139822659789,7.046804609469581,6.074382311813519,7.064204641967372,6.76331093461091,6.021468258472519,5.845602008896701,6.5343387931835055,5.79802461813374,6.561973250794974,7.029560840776941,7.186902744999567,7.14708721203208,6.6911799154349865,6.9901757,7.175169555960611,7.111445863943772,6.813738581898573,6.1524224802629615,6.394694375997047,6.733546769896768,6.590157089733311,6.595639445462637,6.546728413840956,6.513064528501511,6.534859698749206
2023,11,2023_11_DAL_CAR,DAL,9,K,00-0037692,8.632220136104975,8.554521,9.035916646020349,8.52921372020183,9.034723332851057,8.783808163395015,8.747800688196056,8.824548653535285,8.47021257638417,8.669994462327677,8.623683272282934,8.952935418116603,8.642954384281326,8.678467061716521,8.759053363408213,8.578361550543704,9.00662247794134,8.639242169723095,9.149016657844353,8.506389784613871,8.68389213221745,8.749282314115419,8.407290679231542,8.997385647504075,8.444718439908172,8.389307478291244,8.421157426077789,8.24785805292086,8.633922120139056,8.92331154386939,8.43697723427848,8.154209,8.082280917944786,8.242526964835346,9.086897947389307,8.407428082847954,8.903211909656727,8.264291638916644,8.479791328017205,8.510987688237421,8.620387623203452,8.662993683680707,8.693767231256437
2023,11,2023_11_LAC_GB,GB,5,K,00-0038402,7.05559959832096,7.344598,6.840051692519708,6.228944156124374,6.756530513396108,6.423051098947369,6.944918271846793,6.968875019022659,7.246288626206532,7.380212787515276,7.089333263014388,7.357963437691129,7.332752245165363,7.370097869502864,7.69214490864071,7.86101926778036,7.5205228785572995,7.6661590934171855,7.5557280505185105,7.591991765206322,7.815164290247596,7.991406634892959,7.029673483993628,7.661492379907949,7.275927246492117,5.98270492129698,6.554498880860082,7.16392332930161,7.460194104232187,7.430147594462198,7.137975745069332,7.3998528,7.301315904643023,7.254841109592626,7.3804404555275545,6.814235872812375,7.35252920834022,6.902600958518606,7.0886999724579525,7.058418413648105,7.181212223081561,7.091070091112907,7.126540583904855
2023,11,2023_11_LAC_GB,LAC,8,K,00-0037224,8.224252406666814,7.883676,7.827017423055832,8.779073231746231,7.932436365856601,8.910532821248438,7.917899890160306,8.671321776270043,7.86633184089478,8.282888598522403,7.944813052640398,8.438954816962754,7.8943758862607805,8.287510121506427,8.637259550804238,8.603751709071327,8.799218546901411,8.859117149377727,8.416697960456773,8.542509572636169,8.485571517086397,8.631701603150171,8.22597110390727,8.574685213602294,8.171773755842858,8.190739621859876,8.09532988852559,8.050428477270234,9.024925551132318,8.973799777608802,8.20583680811148,8.527739,9.555229411700882,7.922646727298293,8.353144958472928,8.061054707896178,8.303635083829368,8.317617637917634,8.173401933718973,8.157753419273757,8.172029459346962,8.258890836155814,8.293529265644818
2023,11,2023_11_LV_MIA,LV,8,K,00-0034161,6.418585940643097,6.380251,6.559488328470911,6.319343309855936,6.572548018315889,6.336158941427545,6.643544041896056,6.2326309141042575,6.906426137471751,6.648449494606474,6.34329739483597,6.090178693266375,6.524499000233859,6.404075704987398,7.041772726454487,6.485619055992483,6.5948772514207485,6.720927786903693,6.935558982786145,6.022168326130892,6.911988511431877,6.219870730252907,5.996540108311708,6.44985422983911,6.42894756189498,6.388876970759246,6.355651391870498,6.813262029257421,7.068176686519919,6.624475539361546,6.62445516415677,6.8069563,7.108380052107526,6.848151948787248,6.885273625745274,6.270061019917643,6.91665526093538,5.766569594294597,6.469182759376815,6.481086703838427,6.489939953311936,6.43823946952823,6.457892998413363
2023,11,2023_11_LV_MIA,MIA,11,K,00-0034794,9.063138843864706,8.895949,9.124837364980843,8.840540681499343,8.705344939315745,8.210765337768954,8.422542627770014,7.9470139832089375,8.16608107488655,7.958857588963649,8.515102713314024,8.44086808278403,8.276397121482294,8.356160377819325,8.504265684849251,8.12704495886533,8.98206819376359,8.205733124947805,8.905059218082297,8.543684709010343,8.384160665321522,8.365445217995822,8.69256103683081,8.301682751557209,8.403945897074099,9.005023240711195,8.433237389274035,8.119550082461753,8.486699057790922,9.18061698365279,8.315589926762625,8.278884,8.1435543224317,8.285039330422334,9.112931927523482,9.443021617266895,8.41258416295468,8.553961012027182,8.953274124879513,8.987357738061304,8.991001874931486,9.081401993482299,9.099665143099891
2023,11,2023_11_MIN_DEN,DEN,17,K,00-0032569,7.90853902552092,7.81479,7.083727079299348,7.167204999863957,7.324810381252452,7.388720238214975,7.528128852118594,7.55276198425025,7.679457509765035,7.76025506063907,7.930412533066356,7.992936280485261,7.888351343228638,8.003278962301332,8.187498793144611,8.282034932355064,8.146789822153929,8.696265210814325,8.252255764051961,8.090746120509225,8.486336886437307,8.254175766378474,6.9790658321836165,8.152300088041631,7.843431367690944,7.093566650913679,7.520497099837388,7.738181774991426,8.33786921121592,8.261108545724166,7.967639262216083,8.41923,8.518648283374269,7.805874092827622,7.89648540383707,8.041300265693092,7.570253016445645,7.830239982239987,7.849770656408433,7.825919315395639,7.893716289826264,7.927697750406998,7.946856475293076
2023,11,2023_11_MIN_DEN,MIN,8,K,00-0034450,7.334637170833666,7.3655577,6.371229342596676,7.204718119932178,6.766929937316529,7.363383370384572,7.39573499317201,7.696769343462184,7.725176518482568,8.178151498769221,7.568118557256704,8.048085309911263,7.741158669782015,7.940469086919276,7.858402929860766,8.52309682916484,7.894677486338741,8.601945727485358,7.842359975771842,8.973411727002507,7.946866420273761,8.382401832652217,7.364242377226191,8.537912588683325,8.33261274934234,6.589814220044387,7.327905357378551,7.852813554315427,8.219602248966897,8.160476754557413,7.525594754006323,7.7960463,8.175723791183039,7.632149963927654,7.469676588574021,7.272284038464344,7.224660056419382,7.311772866168923,7.364116241756797,7.36372967973951,7.309364615379014,7.35170284370495,7.3687685165762336
2023,11,2023_11_NYG_WAS,NYG,7,K,00-0029421,6.6516821237051005,6.700657,6.352517494447365,6.915652002916567,6.013167540526588,6.689716419596458,6.204419779209077,6.829474877392675,6.550134606722633,7.116596586440962,7.754125005642833,7.314592198152066,7.364267947021202,7.159246801551912,7.741772062469709,7.25379497564586,7.461519216874954,7.2495966646518735,8.074295128334839,7.904762808788656,7.824112155324068,7.41541079567321,6.427018279165934,7.682633139919885,7.493807993171461,5.8401948985169225,6.411237409614657,6.795783317908282,7.446155264466562,8.033965445066604,7.4667516502196225,7.73866,7.814683500687074,6.96171539746754,7.070330675391147,6.011577027271351,6.052617170223202,7.603451965784478,6.5517268724560225,6.544041752601648,6.668350854239104,6.669372203490726,6.687062283276352
2023,11,2023_11_NYG_WAS,WAS,8,K,00-0035192,8.855466940697058,8.048352,9.399659056143086,9.917695283921583,9.320008636042155,9.918706861670913,8.844552967965935,9.593290157651454,8.467707092180547,9.045202602072187,8.885993763153833,9.020611501472787,8.54225593927008,8.81955614339559,9.374394001330556,9.238087972537754,9.287405168508007,9.7468688681266,9.38447337409919,9.49915584411957,9.136554090472425,8.645510848236903,9.951537903176307,9.738443253613545,8.649261727408357,9.206840878774273,8.70560097118979,8.314599151473848,8.51730286142933,9.023288908834072,8.502623328513673,8.073028,8.343017953052318,8.024028838073253,8.641050642592315,8.896869189115836,8.499547031127793,9.272246845801247,8.750258329340964,8.852736260229676,8.85276340958617,8.886963956704351,8.918460972711644
2023,11,2023_11_NYJ_BUF,BUF,17,K,00-0036162,8.118875623746549,8.117239,8.569406700571669,8.822404917941977,8.426622352980425,8.796784431013535,8.038768960921105,8.596940844362983,7.804958590974555,8.370034501078978,8.322904935430984,8.921113626400262,8.338354911256292,8.586922192449407,7.607334216996389,8.740636049464426,8.753324836981538,9.183299260404642,8.700792689737506,8.97971309353158,7.520832034623009,9.118540388747356,8.798891573996267,9.735457358056768,9.020772605171745,9.06655116936997,8.615662107275298,8.201526476509398,8.018919503865112,8.514986238295652,8.509030821580545,8.204472,7.736910082802336,8.112573995479412,8.007923132679505,8.352000725791452,7.835348301960839,7.960817817150163,8.151628817513137,8.195128491341794,8.322652812477097,8.141203142082652,8.163530660418754
2023,11,2023_11_NYJ_BUF,NYJ,0,K,00-0029621,7.097398900093742,6.679697,6.469900207387601,5.43218394119091,6.480087119372893,5.990736023887028,6.801599932937444,6.683502576067927,7.151241006573676,7.086437422453729,7.616248169299198,6.914658009028347,7.447427901254825,6.7000319310150935,6.998809997488054,6.527814260747294,7.1448284034298615,6.583263040235861,7.375632992838941,6.612016254372286,6.919300374496946,7.131790300300067,5.9071219689962415,6.985440636237109,6.58158887167514,6.260508037073764,6.916310101713185,7.336916620826531,7.045863558123819,6.744464631812818,7.367400556938167,6.8788342,6.90233512465575,7.560243230715161,7.204315447291836,6.8520923703363446,6.113804352097718,7.919434412809411,6.993504522647093,7.014906931064395,7.054644925868351,7.114739665179819,7.132080430265896
2023,11,2023_11_PHI_KC,KC,6,K,00-0033303,8.057877210359287,7.9346056,6.901827237774619,7.651501517140812,7.005722171211921,7.423012387638188,7.441488532075636,7.27596820336502,7.684481647450846,7.31463229312287,8.33076501611465,7.980237917613845,8.172849277543412,7.865557923102321,7.888207614185932,7.170531495740307,7.989751168999987,7.348665673447078,7.617365901253494,7.454999207837891,7.81771775802682,7.304003236173789,8.979518825015743,7.556248688554641,8.011899225747714,6.864516105646987,7.306062214752267,7.60145726723782,7.742714638599209,7.71436498633129,8.024232105357932,7.4420915,7.365822379416512,7.478571000488452,7.62824658703471,8.579646286602628,7.928631733762776,7.723407731157727,8.166202369649469,8.180713500494322,7.982487826891154,8.083157360036257,8.10843750971323
2023,11,2023_11_PHI_KC,PHI,3,K,00-0033787,7.344570182658784,7.485374,6.332814535554009,5.8361420885359845,6.475332149989537,6.153667353071815,6.78631497103684,6.661540863413052,7.120771936289929,7.04141093187478,8.32849402334296,7.399388828256444,7.842924230927361,7.623576984373639,7.306556064473895,7.077505292208082,8.262685387004723,7.208804240174207,8.291361428731403,7.037808451326746,7.7329069464110995,6.658948831616443,6.334201501013482,7.6719309066216015,7.58645877226231,6.088446575132499,6.543295550426928,7.059495800160361,7.306444266135601,7.792629098284058,8.024135260087128,7.2569504,7.46759050136219,6.999015570164747,7.00356686309489,7.468935322054322,7.109185890464757,7.72503702931056,7.4361640616321205,7.405188708466118,7.296164223305751,7.366115792261129,7.387661401863475
2023,11,2023_11_PIT_CLE,CLE,7,K,00-0030098,7.618111647843762,7.3594885,7.074004763587709,6.690554473014657,7.260046023008202,7.193134863176279,7.610506604556295,7.781433012705846,7.856808630866582,8.083115471056152,7.373495601477522,7.799337516581227,7.526874109770958,7.822318977158147,7.799441785041703,7.660555236088762,7.72446290583479,7.675334826496901,7.094962727742008,6.713494908662851,7.722592155651986,7.048668531625528,8.346786464244195,8.207305389130939,8.530520264896769,6.49075088866915,7.419663641764518,7.978194401870416,7.81766000388609,7.936082616919252,7.7929604061311695,7.935765,7.541343852458611,7.923126641127318,7.937985674455183,7.9564363564644704,7.387853672903836,6.576780178155176,7.614971941794222,7.651419212942952,7.5868562661281045,7.635981394602636,7.653851141361508
2023,11,2023_11_PIT_CLE,PIT,4,K,00-0031136,6.66763375350685,6.910257,6.053617723374316,4.557730658904465,6.153617564952315,5.1369280854821815,6.576844014147758,6.204234547736215,6.9824073513834914,7.032370676744683,6.903047266155951,7.234895130846523,7.253831684602307,7.26562740412312,6.871618294652392,6.9780750003532175,6.7997376786460535,6.831842960604294,6.880778072809676,6.790404588694873,7.500500099223026,7.034509174787839,6.259988405811845,6.927829693452123,7.656422572661618,5.956385293983042,6.479252178115429,7.067059227460561,7.252138901665026,6.788185151219254,7.1763124215538925,7.066406,7.548757097240915,7.127441888703893,6.604042859439995,6.710119914864993,5.8276589023240435,7.09803519748225,6.799586757353007,6.792786531086524,6.691602273059603,6.690978441802219,6.714323130097586
2023,11,2023_11_SEA_LA,LA,5,K,00-0038152,8.512087943569322,8.559792,8.82243925224798,9.436617708804846,9.072006259924231,9.363331480159722,8.851911154408596,9.0493631147676,8.47636291767694,8.578003917278183,8.854742757666923,9.057016864596411,8.685454525873912,9.057010491479616,8.847591052988697,8.7443413922596,8.885796629091919,8.71456279960848,8.676149553381952,8.454984461704838,8.79920509083169,8.25937062945175,9.634525368404764,8.146280437639,8.997884846331464,8.815241540160814,8.786934379668786,8.428911994614403,8.879970054458791,8.563757361630847,8.829248213892981,8.54608,9.349113625132643,8.50189568852003,8.482263079416327,8.168087825740818,8.215043308694195,9.393347792893378,8.449870288803012,8.453190450446872,8.54228810197616,8.550606472443814,8.589125001318308
2023,11,2023_11_SEA_LA,SEA,15,K,00-0031492,8.429724777858683,8.110559,7.667268720874128,8.338693754827283,7.693446322536952,8.415429484439871,8.142157994701693,8.954813848842571,8.315894589497097,8.873240166186955,9.19379304214734,9.188106698035364,8.916431520230704,9.005769869858435,8.204431122493293,9.090611497052889,8.461707481745707,8.913675596256764,8.543084660331395,9.40568911201762,8.748101148348255,9.582976839800358,8.078510930958995,10.171521990099237,9.045837867754049,7.502387019645768,8.247210364643193,8.537747128776912,8.55833642237795,8.756051724125058,8.963146913840069,8.71213,8.961567049509998,8.527892556515992,8.112482686913614,8.26024723722756,7.515900548763751,9.701455110085995,8.420339127363752,8.42464620984619,8.392542380148006,8.446644587589462,8.463564397320244
2023,11,2023_11_TB_SF,SF,9,K,00-0038562,8.513552063175464,8.707247,9.033050295431618,8.196498573789532,8.978922522078294,8.385507188018737,8.756698740588437,8.361955222945827,8.58607897034307,8.305436894856134,8.24582933829675,8.113407412595842,8.414935676955437,8.355045285195743,8.454760087736778,8.005797423806069,8.021805861355782,8.057039489069535,7.913305903915268,7.897263893007345,8.225160047636821,8.513998148097839,11.095835797116,8.265106731909265,8.40738198064353,9.148787329827076,8.9277276141192,8.674138554621466,8.384945719058578,8.184421908420374,8.432909333947432,8.316003,8.182966196138949,8.750493103042642,8.679467167874325,8.780422155766999,8.568053504286667,7.703688500388503,8.47055362927194,8.484173566897004,8.500821226239312,8.548010085260628,8.582468107345793
2023,11,2023_11_TB_SF,TB,2,K,00-0035358,6.258534517265357,6.281395,5.320004566396952,4.3381130355228175,5.421124275173032,4.983527485167111,5.922646490539238,5.808710558728866,6.447414384681469,6.580547195776084,5.836776497542065,6.051133853827766,6.221639207965705,6.14689653058176,6.49270773325206,6.56781395437737,6.227037106596841,6.716305940131546,5.973757301805889,6.6512478211272485,6.240756266943272,6.875667218229394,5.60888078023641,6.068279473426749,6.023448369231927,5.967219925593588,6.185843043147539,6.751292271858129,6.83706509064128,6.84871953814605,6.199549377226435,6.684797,6.377109897111191,6.671810984494346,6.614532367373268,6.2656525975392645,5.984407976747006,5.847364851814851,6.291200877520593,6.2778395404507865,6.294038138461815,6.277941623967399,6.297348730669443
2023,11,2023_11_TEN_JAX,JAX,10,K,00-0029822,9.24100522801577,8.006433,9.586710854219405,8.682200175733142,9.394285021477868,8.616497316651975,8.852929973766944,8.542432687159364,8.435041956754917,8.391696547911257,8.759533684977004,8.70335438623631,8.69539295319065,8.688050906350766,8.774230002041064,8.320034615098068,8.859767947246837,8.189911889875818,8.552081334164711,8.859923345712264,8.732610106569407,8.520996950666444,9.05661855888188,8.838984732794007,8.993559452322756,9.85801644246086,9.029871758361644,8.450249715802675,9.12748500859728,9.050712252725646,8.629759062896953,8.955277,9.085316116282964,8.27471464587923,9.163845789561,9.539807891571105,9.081105787453899,8.839088778868186,9.084189053441165,9.185628109311768,9.273566201082104,9.264994574750075,9.28898392148438
2023,11,2023_11_TEN_JAX,TEN,2,K,00-0025565,7.406695831573044,6.83843,7.566039611394006,8.11594521084987,7.60302907072283,8.083382608829512,7.422026745525651,7.975928447472447,7.351126638092074,7.844978153967389,7.388624167150394,7.956603250996773,7.173950889426081,7.783978020957122,7.604710743699728,7.748231320889553,7.469459490103365,8.01993597604511,7.764042333790031,8.506222536552947,7.803077175104084,7.695947271449856,7.731699571108816,7.622047724036882,7.603801174939473,8.252439791101825,7.69957291211546,7.441604987855679,7.739798813155134,7.416850808928657,7.197632818726741,7.7976274,7.667947852754667,7.490454042901609,7.6478632923711745,6.965246789621748,7.328367200418796,7.9670070398555675,7.358466126325999,7.3685203772729215,7.409131953477819,7.42345523404666,7.440214636520275
2023,12,2023_12_BAL_LAC,BAL,10,K,00-0029597,9.333977844622414,8.79642,9.409469884306038,9.174940896672547,9.369029064092835,9.270077697380058,8.986138235276705,9.04474746236627,8.735320704381875,8.573236542790747,8.778240299294293,8.813240321686205,8.769934150379813,8.54238442339368,8.822101003206946,8.481698518921743,8.850501210129526,8.573747919710451,8.82870527382905,8.504121054546578,9.215553019167528,9.075365002524258,10.034005204265862,8.737265782054532,8.962450800364032,8.535933118850329,8.710414486232164,8.590525163509433,8.732532401145567,8.573244521186806,8.660515354348412,9.156879,9.015718404321682,8.339720349885528,8.915379940953073,10.091624611264347,9.269117386393557,8.479011395956983,9.303275199474156,9.340874329664267,9.326321500045626,9.356762518394316,9.379547192166218
2023,12,2023_12_BAL_LAC,LAC,4,K,00-0037224,7.956541985337816,8.257341,7.702014303043235,8.001553782213696,7.799413898052188,8.19165739040068,7.81678013680451,8.019533331266699,7.824228234114479,7.811146254821768,7.848683858019184,8.265947630403879,8.010827932926286,8.182749091853593,7.659314318455983,7.772752251906136,7.513332329501441,7.520823982756586,7.646330110389804,7.591088493611655,7.836527039304325,8.473573002914357,8.628939576664745,8.499657122114831,8.493511674918183,7.969104287893891,8.059375995005384,8.05473866483511,8.1504396711748,8.498744783046567,8.109054811409676,8.633274,8.24397383262358,7.976169784551203,8.176779722973144,7.715944391092566,7.8458650193003745,8.162719050394049,7.942845103851152,7.90044913865713,7.933813906109634,7.987674456902418,8.018806928467018
2023,12,2023_12_BUF_PHI,BUF,12,K,00-0036162,7.638656118174774,7.629153,7.995585589947302,7.899040503027096,7.719924635027127,7.734406028246655,7.5446530551568545,7.405970576768976,7.616426093067729,7.395815227718005,7.856594643790403,7.930493589562422,7.906464115651439,7.586490449326208,8.424456874647234,7.794285545961999,8.562993612745046,7.537267981869281,8.263791419205909,7.751464840509841,8.542832901943148,8.632466761344817,8.887888820318365,8.034917226108261,7.766322635804092,7.5732494978581055,7.479005090532344,7.588367164747079,8.100514491343782,8.363694413534219,7.772814851648556,8.029897,8.792988061440138,7.486353455540225,7.551754990160291,7.649297856022146,7.841344653194602,7.646380066991835,7.74514175275441,7.720539375825001,7.808305867010683,7.659106376753422,7.679556635332071
2023,12,2023_12_BUF_PHI,PHI,9,K,00-0033787,7.671967568579724,8.078384,6.671621222089367,5.4315574953532,6.753224512514727,6.009779152775636,7.005176517803887,6.6690558449089625,7.247737956333232,6.999457804137216,8.205541880792813,7.784875545553494,8.041557612881949,7.713727076563508,7.810306717852873,6.766003698961827,8.56265478992789,7.001448283338787,8.32948800965292,6.79735384390353,7.8964413203552,6.469146325159944,5.871772109291394,8.475784997047313,7.969763208918868,6.7062822801746425,6.924421032502058,7.249779455355011,7.565355292933768,8.368625416339027,8.121708269407007,7.2790422,7.575780741490534,7.350580289078515,7.713635806340044,7.577844916782324,7.171040961991345,8.048173818828232,7.641091262701821,7.593532986680771,7.6718946138762085,7.692915303519214,7.713863038458706
2023,12,2023_12_CAR_TEN,CAR,6,K,00-0034173,7.444038779684253,6.9162636,7.484766705689251,6.12934342420682,7.406240447643874,6.5080247966923945,7.348374194362568,7.254170449195675,7.336788826559842,7.559451391149206,8.10571903725231,8.280565137589049,7.72680271780957,8.045085269661753,8.113838381158235,7.467911049922689,8.49423047803632,7.643156895727397,8.079083160289358,8.178326284756185,8.226180491468469,8.338679034313992,7.543928333453577,10.271150211724317,8.343955878199523,6.813922711998202,7.194034946603214,7.384616216932449,7.562543872538545,8.170434009007725,7.614510937347204,7.8397818,7.964731888345002,7.44413638917642,7.444085349240568,7.274506004178595,7.2315930689653065,7.889257331720566,7.465319452768807,7.515728570496832,7.478013357258715,7.469476103214112,7.494913426743972
2023,12,2023_12_CAR_TEN,TEN,7,K,00-0025565,7.459858578963852,7.545188,7.329707401977803,8.923190102008496,7.254502605208423,8.366971113973007,7.165937721545007,7.90582801967706,7.243169049745337,7.888843877209592,7.487455256072558,7.698654092484973,7.556615070859457,7.941063148433732,6.99454384195025,7.862517131312422,7.350325194478906,8.091099238563725,7.476786619455429,8.107483900740204,7.12300852488816,8.262333539709985,8.28767841678018,8.351287860129522,8.267489646419575,7.438543446961632,7.171217264672769,7.198369453889592,6.88228077822494,7.411558382161127,7.1706823553557175,6.66484,6.700467240379351,7.262399204915694,7.665245165210935,7.572136612084666,7.145527261140476,7.084388292263288,7.422980949556081,7.406905031863868,7.446637040323807,7.476626658619232,7.49339473827461
2023,12,2023_12_CHI_MIN,CHI,14,K,00-0031203,8.03738283144365,7.9937463,8.996669424714698,8.954997633247237,8.806223459415934,8.814169997757284,8.51389217400122,8.461903431304894,8.32646413188459,8.325263556363508,8.663880058177078,8.853157634433565,8.624236416690927,8.64410834796927,8.082489345469813,8.087566823744815,8.29340628169,8.455938129826775,8.013287193092467,7.616149263028265,8.445975498080669,8.721351025924495,9.184627485756806,8.321751969615264,8.883465456009485,8.799702099754645,8.603037933724801,8.40509488239887,8.384965098776474,8.466298935228792,8.389190932133179,8.7743225,8.686256086236794,8.275591764920113,8.171022889361982,8.124839607679572,7.814388874052275,7.773506170789994,7.999869942735957,8.033300153152522,8.051319403112661,8.06081480643394,8.084246781424229
2023,12,2023_12_CHI_MIN,MIN,4,K,00-0034450,8.267201589756688,8.5328245,7.754559069191671,6.147919326961586,8.104577501644906,7.006775630667275,8.5055723118346,8.25553261448119,8.54748942142146,8.70715241921863,8.520993967886609,8.680733357002643,8.379367551180552,8.526031154981197,8.327124061324401,8.587503462092574,8.383136446017362,8.684269992891485,8.229580070373746,8.540488534051741,8.40521850661357,8.438318413978203,6.855650902331698,8.69315920352593,8.377418572627535,7.900607815606747,8.408091423913872,8.545123614268624,8.603844078101604,8.44453382559603,8.284094495551983,8.339511,8.188668870158278,8.304187930372162,8.610472630132818,8.026109302185054,7.8549121967031414,8.440624300862535,8.17918901411195,8.208958010044674,8.221165405454087,8.285300308009846,8.303399026263005
2023,12,2023_12_CLE_DEN,CLE,6,K,00-0030098,7.497920819818676,7.1678457,7.024763633194611,6.766995538556163,7.086402931421702,7.067823008181958,7.376809363504656,7.5554773349769295,7.646091537407076,7.996847156004138,7.563217442828092,7.586395045232934,7.32482918126051,7.649781356723559,7.389649038487068,7.454889966323774,7.71051403670953,7.557205037427423,8.139000159227315,7.759731984716738,7.405590116897546,6.505295554863428,6.854190589308486,8.063745155694527,8.19626704059627,6.737509807455363,7.270730866312088,7.705843415350824,7.435199320300972,7.73419097550043,7.401774115865801,7.350704,7.219353714231079,7.684579910517273,7.8292909375822894,7.520733276837467,7.165330866168608,7.121535705960705,7.446775682668951,7.441749298199934,7.491249214454019,7.514637186456815,7.531353553094955
2023,12,2023_12_CLE_DEN,DEN,9,K,00-0032569,7.21523666929963,7.4373846,7.068064398020233,6.543374939922757,7.118811258176388,6.561818962185859,7.248646152515528,6.859637409886531,7.4725598280207555,7.417779319897857,7.377235770980974,7.590510623042754,7.502299711028863,7.687705961610736,7.309346930999259,7.511346510448088,7.453138554858825,7.967232576901409,7.096516147289681,6.540971593452769,6.687247246571375,7.287600410931477,6.044999201279878,7.254274252275546,8.18651426677175,6.410333524576962,6.994415193927811,7.4452236109714836,7.596262922004791,6.942888268432971,7.479267540080947,7.347853,7.105736878953997,7.535622968947994,6.94324998615326,7.81590468103564,6.602543594221894,6.728227208086031,7.336305397678277,7.319187821205638,7.199183132094175,7.2328992933317,7.250561917363768
2023,12,2023_12_GB_DET,DET,0,K,00-0036816,9.173293932373618,9.194722,9.72450495193324,10.425732480086534,9.770535157846254,10.272068421007049,9.445688005096905,9.812732573308743,9.041415490002686,9.149263055445005,9.115629253172918,8.585308996973366,8.75782188634395,8.775255854417678,9.111433820297997,8.909958142295647,9.223417125280829,8.93064869728476,8.9825080063611,9.34240700670974,8.939822971780272,9.412404912091413,10.286112507543876,8.739669270548227,8.730736058513111,10.025899706452243,9.61960161308481,9.07103604470769,9.101690115545296,9.33750373683175,8.76755631565217,8.9455595,8.979993336157854,9.190700791495814,9.275743003435192,9.145472062349489,9.016952092827363,9.153434985602637,9.085056539928726,9.132811846866737,9.151155134234,9.19892465050716,9.2245553686407
2023,12,2023_12_GB_DET,GB,6,K,00-0038402,7.083145537317815,7.667334,7.544758520881443,7.988738569720955,7.398607860173309,7.723447800884595,7.378712450418978,7.585478961989492,7.565059970658368,7.685774027218189,6.97982148321268,7.297037085275533,7.4491907615484285,7.448199711719613,7.162221311044205,7.482615211052467,7.203230166473179,7.295537401522082,6.848149090810428,7.089665728836335,6.967554347585313,7.646630152317975,7.388909656109846,6.852655092383158,7.944311652910105,7.275196502331125,7.305679698591136,7.594514038784827,7.126448949733388,6.875658117404885,7.33597116153754,6.803342,6.385949633747143,7.47910098212036,7.624629625818223,6.7654071045689275,6.932071119569047,6.981933478939357,7.052000751833042,7.034197620483814,7.19113172672839,7.121321279988052,7.159497022658292
2023,12,2023_12_JAX_HOU,HOU,3,K,00-0036469,7.632517801679593,8.389108,7.158331598010202,7.211563063382811,7.298539966339063,7.669408357968471,7.691411337145995,7.939348334671253,7.867181016770306,8.062450692726362,8.185501919531294,8.27640928704992,8.028212605843477,8.180378922236985,8.247368230442609,8.40158431815024,8.269185824001902,8.370196384977362,7.955255455825751,7.786893472803245,8.010372227704565,8.360260734290534,8.76998932764185,8.133175749979376,8.314122647548139,7.404475586583322,7.760421505113936,7.848111470487431,8.10003015202637,8.043423012164382,8.157370212891976,8.19094,8.026017151271912,7.795366840710651,7.636237352384633,7.48779027316773,7.437639777811899,8.013832544579607,7.590650851396661,7.582618865520135,7.695868196327376,7.652492491262081,7.67246718084457
2023,12,2023_12_JAX_HOU,JAX,14,K,00-0029822,9.098093144892012,8.568801,9.785383733772422,10.736836590155889,9.468151029325956,10.248233883724671,8.946244873851539,9.394454146706057,8.62928137473533,8.701506434151138,8.482599739329766,8.41804085018479,8.643708444928105,8.391110198528509,8.299305672857917,8.278041551547158,8.231040784840415,8.32747474759167,8.3336250397691,7.964768388233107,8.263496627818784,8.552474932971466,10.764290968184548,8.686552473887051,8.738055846408402,9.912551322822727,9.180031479617938,8.694661967251902,8.52911359343358,8.462686585777409,8.532631127435609,8.404591,8.483310988817603,8.446508534422149,8.976777411856784,9.743485885097096,8.807308085907929,8.13467379352673,9.010615755061714,9.057627224539184,9.049022973200554,9.120917062687825,9.143740980483638
2023,12,2023_12_KC_LV,KC,7,K,00-0033303,9.17643480528191,9.023976,8.72416486467486,9.253655322985448,8.859907994480658,9.263828507604943,8.988438242188096,9.249407461192808,8.691802379522287,8.834312709781312,8.756820442838805,8.524985064641962,8.640956922618097,8.606825437021508,8.992679313251946,9.450820819432623,9.08165077040188,9.649148231382664,8.630628459007827,9.378279958293604,9.389883627248246,9.512669505614998,10.052199418845744,8.78331425185073,8.54465887825083,9.168985658866958,9.287509029506095,8.833822790230784,8.903937419047331,9.233137254598931,8.601160669623772,9.408992,9.925084781750996,8.666635829847719,8.966866044793207,9.687583570196505,9.05681462657302,8.528300505540214,9.112980908992121,9.172237460966343,9.052254345923153,9.206009951091131,9.235585096900353
2023,12,2023_12_KC_LV,LV,5,K,00-0034161,7.34953152548692,7.406742,7.016820382339278,6.9017175934597885,7.0069505099991,6.9799214366067375,7.094773555811314,6.946458247556276,7.309290745356646,7.054370979841603,9.023536469546563,8.611620624523493,8.542376574297998,8.18547656475932,7.400149983808815,6.8844065433765085,7.575735331803261,7.218000708121488,7.976212588099659,7.655106020781219,7.542455287604568,7.734466041204979,8.011108259846347,7.65811120379382,8.22639128218368,6.726149688683459,6.666081651197692,7.03836876607344,7.176993703900802,7.3484756020949344,8.294907293532178,7.403541,7.616972055618131,7.087686205010952,6.887952244827105,6.9128408056042145,7.119073880499611,9.03051070873571,7.456428769043997,7.417148736880031,7.39166614993775,7.36867094354649,7.387810361606061
2023,12,2023_12_LA_ARI,ARI,0,K,00-0023853,8.782064294771272,8.065636,9.965551504652105,11.3913575476852,9.606903190048188,10.977788005328078,8.854079660094799,9.99627869011314,8.353150731893312,8.940897905419032,8.647551916379726,9.067941095262931,8.533882653044435,8.72667780692799,9.463894856883533,9.636418995836529,9.46101185930479,9.737131494897376,9.22164242590178,9.780607776663954,9.502294644329,9.705148643990947,11.978279156763268,10.607620279067277,9.279487566982064,9.762861619370632,9.027835379736471,8.441725336533668,9.455982845170317,9.355213592371598,8.489207587930013,9.729658,9.688120384338266,8.450866409955728,8.189738811572422,9.424887184071018,8.364909130445367,8.593484323133007,8.745591999217776,8.816482891969391,8.800258353017053,8.811381720871559,8.840699146971847
2023,12,2023_12_LA_ARI,LA,7,K,00-0038152,8.167288483537545,8.604714,8.331215379062675,9.541728171156263,8.461352840602803,9.311685835190572,8.379841007497566,8.866110100214021,8.168746522663566,8.500827024043767,8.24491948369656,8.638305867531601,8.227750913668974,8.474836877511079,8.045371617970849,8.457954909021312,8.304134110107606,8.35165813389082,8.174850171816884,8.886212159993068,8.200801369153558,8.35239623104516,10.122888410718383,8.291900081059833,8.954423767578266,7.84087721517475,8.05018035466133,8.052196577330692,8.330660533177108,8.605411663453069,8.66515205354877,8.390741,8.691239974056591,8.101958790829517,7.962028405443563,8.097905086781484,7.980829044368594,8.707175113775111,8.186110338967154,8.143433178463994,8.160659119970767,8.20419689865476,8.241105313771977
2023,12,2023_12_MIA_NYJ,MIA,12,K,00-0034794,8.733360823159835,8.275971,8.945370216129005,10.71976168064444,8.588765603836537,9.855620861646493,8.202144471725875,8.85246135828567,8.006361426641055,8.567372217338201,8.818236908521435,9.028091246992668,8.673673645207337,8.747438349109917,8.17782842051513,8.613019149699596,8.408184484883176,8.99260099320265,8.73744346194024,8.871760668452058,8.008712280340642,8.954320084955715,10.166756778231562,10.315841913091976,8.859604873779544,9.277250176313167,8.628356092740537,8.25284105820204,8.606343818938415,8.980292672330977,8.602292760165177,8.232977,8.51541192176449,8.208181846479611,8.771618534571765,8.92534011227111,7.520603938280974,8.898394120258821,8.649038198163552,8.70485736916244,8.679214618956003,8.755725707766864,8.778090592373893
2023,12,2023_12_MIA_NYJ,NYJ,1,K,00-0029621,7.018971784165576,6.5688906,6.439801705472749,6.915193964838579,6.333768413423876,6.443839091815719,6.584531560228086,6.468640639343648,6.869571739294898,6.778970500060646,7.924759748975389,7.359643435415521,7.471118715183314,6.863669349865257,7.64589252651145,6.791762775001799,7.836614497292285,6.674690984470951,8.025709497988768,6.70305779979867,7.655354712781751,6.804556920910295,5.3830285310130925,6.681665788334871,6.7628864062235685,6.477452719139494,6.67091646287002,6.917483558619956,7.4543344915103535,7.42497470639783,7.469571041936184,7.325923,7.508020506586533,7.17847396392726,6.910935067361306,6.836691021781117,5.914162660561445,8.097992945942954,6.945796200538992,6.993525142459205,6.965652292776567,7.036499685712416,7.054027587259257
2023,12,2023_12_NE_NYG,NE,1,K,00-0038567,8.18527713586172,7.6589975,9.436079654413865,9.727500967569226,8.879094934575942,9.0249908240371,8.232728799868529,8.57334302404684,7.94467061309812,8.270470655554373,8.451794203440828,8.241050512522222,8.077714535304214,8.01329740318469,8.158975585634062,8.157301168031331,8.657351638657488,7.905599568465477,8.703415866760077,8.292614334876847,8.510650064131115,7.95576633063188,10.367138294647976,9.684542776877574,8.53756688376684,8.782378114913671,8.297452198696359,7.948165574766386,7.899088180008887,8.341702901949503,7.924004681908889,7.9380064,8.777219431771309,8.06868694466513,7.943458571303685,8.261335824304801,7.921160546803941,8.527945900341491,8.15965568031752,8.190532502374829,8.247863554467024,8.221124920295281,8.256972704728843
2023,12,2023_12_NE_NYG,NYG,5,K,00-0029421,6.519339627621185,6.85038,5.579707502291518,7.488872472787627,5.483950854163938,6.820366867835623,5.999040023189031,6.543185478892269,6.486653583837532,6.970657047167169,7.03728291887718,7.229652418732352,7.021578664887016,7.31919474025078,7.144420165688665,7.103982724500189,7.10521259728471,6.806496703113742,6.834959172544387,7.510955428151464,6.717878364223656,7.276684562342062,6.588057278152789,8.012113411121888,8.037113435832275,5.112971823761301,5.94404307627368,6.664403567123975,7.1761130544678045,7.235974370675558,7.0919506267938175,7.1521964,7.234984340146111,6.719014307405875,7.166491989545155,6.0482043589398025,5.8999762409317285,6.800563315442725,6.324600341054054,6.326305162336745,6.520040969473138,6.536064285934635,6.552788944248086
2023,12,2023_12_NO_ATL,ATL,6,K,00-0033702,8.611083387406058,8.0117035,8.688026461806917,10.327989914872532,8.47930741761609,9.851460016875532,8.358802489060134,9.50595259223833,8.278475008108252,8.918980116532497,8.961222329797328,8.93020541965651,8.859713084056052,8.899631749748853,8.146599185458205,8.331452749034668,8.27997258325427,8.522773925556685,8.40444015952279,8.156353997129843,8.434383540603902,8.233480836117137,10.831046199219577,8.77809096626808,8.819971319581883,8.45955056577974,8.52702722958801,8.352432482939623,8.098591583249268,8.264205836328482,8.816165124381742,8.428103,8.364435985661828,8.292249756757638,8.734229756915198,8.532723054216113,8.176707009605153,8.800272688422687,8.52803493272939,8.568233484382233,8.607930620847828,8.631905742963179,8.6527280985203
2023,12,2023_12_NO_ATL,NO,19,K,00-0038905,8.479708997956681,8.371089,8.838195260854878,9.85970338292534,8.922239612061826,9.584375048620297,8.741086680811016,9.233194477668732,8.48488483266101,8.740115229051101,8.253432848332444,8.576542829686089,8.248742046315494,8.601998225938935,7.957136831278287,8.245561919214447,8.058464101651719,8.711459341734104,7.850325510840079,8.237973833415012,8.228610467893775,8.723388754863034,9.731474441684885,9.422816324758315,9.322909509754927,9.289391603051532,8.920970744218621,8.50361262828129,8.206235060717662,7.940100998133723,8.162194696230099,8.294276,7.869768726575274,8.459407587058902,8.901595885445563,8.127517264706965,8.296821106298927,8.642706079051667,8.36185628043968,8.383331421215221,8.5297076562635,8.520435319782099,8.561161641607518
2023,12,2023_12_PIT_CIN,CIN,5,K,00-0036854,7.648314542456077,7.051033,6.955294837720071,7.029777317705869,6.99666298119024,7.391462408988662,7.20680488071808,7.677846180174212,7.421848230639474,7.861215796474948,7.409305083729608,8.02628352862397,7.274538642564383,7.871652696057431,7.79516923730937,7.893806094956979,7.929463971308778,8.209924155219005,7.661539733966076,8.022271879554438,7.935510790597424,8.519934229584901,8.97839970420479,8.990587249191476,8.558729201310339,6.553660196626915,7.076336365681081,7.589116752335935,7.814980295203914,7.878892976946114,7.455464815490206,7.4905972,8.055126544616076,7.311295290007106,7.785861958175805,7.725795850316672,6.755048579930283,7.733663784418195,7.646378510293792,7.697806364394797,7.625614516685529,7.67713270447519,7.7059508664943035
2023,12,2023_12_PIT_CIN,PIT,11,K,00-0031136,7.631882511669074,7.4104185,6.683790499284714,5.7739830283758815,6.795125916334575,6.423653415527832,7.246602503231037,7.296797739809605,7.517676789638497,7.615991947750918,7.237684447340177,7.318944820601484,7.613041792656544,7.505180398667395,7.323406938350403,7.405085762041845,7.80504164813535,7.546633064833813,7.304349626294783,7.264617771940441,7.807562110275964,7.664791128445103,7.243691172643128,7.943816202422525,7.528246310241384,6.596376239554974,7.223497693513736,7.563100137059773,7.23707359478324,7.820601265035751,7.247635127044671,7.1554513,7.201318681320114,7.646673516049677,7.884513066396229,7.772554198569613,7.148528569333061,7.213270276945274,7.610461172236691,7.611337293996382,7.660259320889995,7.657523148640126,7.683163785611179
2023,12,2023_12_SF_SEA,SEA,9,K,00-0031492,7.191254318718284,6.9612494,6.555622353943135,5.883643836902479,6.57712649046659,5.997658677113401,7.151919309264292,6.865470107772067,7.516696091770716,7.373799493052861,6.8812457950302734,5.940358615575751,6.863219404518362,6.417937085530032,7.029154600127149,6.951346947719677,6.555890431105384,6.810653058539579,6.475301218046903,6.419004070314884,6.626477763007409,7.276096310237139,5.645601953310344,6.725322865876925,6.373645428531648,6.0195539528598445,6.968883552384886,7.558547968767547,7.461846565856819,6.726826621909783,7.068362232867239,7.061201,7.023928222822289,7.589380284629313,7.303912463715208,7.674099901357732,6.3339029030441685,6.485251643781057,7.213770132602348,7.191765472191919,7.133226839732671,7.20900826100445,7.2267622032906145
2023,12,2023_12_SF_SEA,SF,7,K,00-0038562,8.180387610938883,8.219098,8.626564181505955,7.593593805295734,8.501571232916536,7.539490126427131,8.310738704961842,7.680078230151551,8.268367431640463,8.04213031074639,8.359710366975438,8.275738608053604,8.417272190796092,8.32819226688283,8.138147425719461,8.172651093463086,7.912060805278852,8.016384351197065,7.745239443096642,7.849195012829622,8.035061333743933,7.800211983495924,8.382298791911332,7.836307891371478,8.467868035227326,8.31601233607211,8.226218247833655,8.217845641233183,7.879827142544848,7.68141484946565,8.11576501489485,7.7955503,7.307465567823416,8.24075532202474,8.166800905993284,8.308268034381937,8.100154958999639,7.985123147440797,8.136007164180317,8.13591316089842,8.186968090519516,8.211635117099425,8.242882623259966
2023,12,2023_12_TB_IND,IND,10,K,00-0035269,8.89762409788575,8.559792,8.111796060848064,7.582339843043596,8.181919632893287,7.913857732044856,8.391376093474085,8.26235037219192,8.341457278310106,8.218012763272645,8.484870295219517,8.816446051135378,8.324627839620602,8.375527652471755,8.43343811594549,8.46655471271109,8.610234741603703,8.281254977761026,8.466181000931385,8.6066143800378,8.583975960436405,8.721246495837088,9.43519242753819,8.84374777333137,8.87368674829202,8.201374015656707,8.56775994730743,8.431281045716544,8.601648502601998,8.749453973488219,8.677644363677178,8.572178,8.562494751536036,8.430405523483437,8.9166483884359,9.156680769011066,8.24992839687885,8.674822170313343,8.881533008809683,8.862764298813564,8.850609639590063,8.926337675974986,8.955051254064221
2023,12,2023_12_TB_IND,TB,8,K,00-0035358,8.174447611049175,8.110559,8.182610545577754,7.210633089339709,7.962605705519071,7.70215512853174,7.889706537442096,8.162998812881373,7.829768625767132,8.150505597721068,7.997464653966489,8.401553740851389,8.157766474070897,8.400266028614794,7.911915050427034,8.26888081121748,8.037425116062634,8.149219617367606,8.355912543951362,7.694294880552644,8.328484299615392,8.199599313306937,8.238558788052565,8.086789148410425,8.590184660241732,8.73293480992362,8.342866723671515,8.106324120249024,8.347518384638384,8.276125261501724,8.446580816070137,8.636879,8.77747201526341,7.932869092326888,8.129551479706539,8.682767191770717,7.226813832885934,7.69896953570166,8.160853047958636,8.172527921496409,8.166000572044958,8.198541607555889,8.222635604062603
2023,12,2023_12_WAS_DAL,DAL,9,K,00-0037692,9.23242784894808,9.646957,9.634709149616691,8.340311236648036,9.748173341873072,8.85670244168805,9.525842772199772,9.165241935277193,9.17621473899972,8.900807496663951,9.104785658708874,8.709141591469615,8.96161367008144,8.609392914146898,9.023326146585214,8.46787760122906,9.284695299008003,8.625795007416542,9.274678966177268,8.667399977038311,8.459750857246242,9.058335809319042,8.927585997641664,8.611541387987877,8.941332404033881,9.33225043843238,9.47569023820484,9.107875732305311,8.697906399052457,8.816231183708169,8.829286779157531,8.575101,8.393908686284796,9.3562198219116,9.351537772684159,8.817207454603746,9.486492390420382,9.757171481296485,9.252805905254114,9.263400885645193,9.171408328640776,9.260843128706941,9.289258408465798
2023,12,2023_12_WAS_DAL,WAS,5,K,00-0035192,7.326399884795389,7.3109517,8.242943764724437,7.929904692745408,8.179823096817259,7.806872619457287,7.792762653995502,7.414611738217818,7.643970018601339,7.271655761018875,8.419055177934942,7.885163947799999,8.358924176807372,7.892358848532171,7.005904677746237,7.003242537529289,6.958771651312274,6.836258731427481,7.223868080156033,6.908476792419174,7.272518849992544,6.915222953897013,8.00693412216254,6.66831336924645,7.839841393890799,7.794287285323926,7.44790803892387,7.397061930007003,7.147291670984495,7.481785082436137,8.09063110607744,7.162855,7.019773335837219,7.187843826393304,7.076535388792049,7.121043065602068,6.631611817640284,8.459304300764595,7.3606436742758765,7.422711089107356,7.368832980106102,7.351945212058941,7.377490539322493
2023,13,2023_13_ARI_PIT,ARI,8,K,00-0023853,8.01144632325901,6.9312797,8.805067150248748,10.15500442969378,8.657176634197945,9.707612855468245,7.864566164340537,8.58994860064986,7.390260381091737,7.731881174491755,7.799797229888488,8.10702959571329,7.489185519200596,7.885772231581959,8.553077882271007,8.495405888826085,8.87359128255441,8.339633377991941,9.160539692139668,8.625440003729986,8.288913730487206,8.460265138052991,11.167424616597446,9.536702566816368,8.176103640976342,8.319264000913051,7.660027885980265,7.283987878399998,8.342400751579628,8.42112069348901,7.5377455341765565,7.880459,8.216458424078578,7.304124749536913,7.469004877921416,8.476326272357662,7.494875939709993,8.153633784842604,7.989670587804069,8.088677689333812,8.08328207874173,8.039152075820308,8.066857828381606
2023,13,2023_13_ARI_PIT,PIT,4,K,00-0031136,8.022300988746764,8.009436,6.572530485158529,7.682250835010073,6.70176939998354,7.842998420334531,7.305028274834926,8.094220351499049,7.669864497359249,8.23837953823564,8.574188170742723,8.361572173776334,8.395140642871413,8.411606060565804,8.027811260125693,8.070930869684338,8.389793264380485,8.36468802132121,8.213768517103658,8.175769926212341,8.320013163922441,8.198645522642892,8.989149285808475,9.193384484607389,8.590203429209767,6.374202863284056,7.163670752781792,7.707600840690265,7.851549796586213,8.082712991678534,8.209863866461708,7.918403,7.853948975660058,7.813341383354991,8.037837953103807,7.864010548687622,7.60953660129144,8.52195861605714,8.016808954225038,7.969957474754466,8.014867913844832,8.044550145954984,8.066799303163204
2023,13,2023_13_ATL_NYJ,ATL,8,K,00-0033702,7.834913883415294,7.266639,7.872390163355262,10.119244419246272,7.843131798969113,9.610099789404426,7.797236602721055,9.041851854129051,7.769386235348907,8.73054208526999,8.152110232815097,8.465263138213588,7.915565758772813,8.163263844611352,7.646527057365572,8.15626452339388,7.919807681943388,8.524224206405718,7.810899130926383,7.931917364982998,7.573452614170835,7.833066936762438,9.888775795335892,9.51950414624935,8.508244635293195,8.31905094713736,8.243332812349813,8.118224142136182,8.151986450462692,8.422258145143363,8.085548101171847,8.140599,8.165984583078593,7.991494588609828,7.955434885504158,7.976325188808765,7.443419136691114,7.567057142857143,7.807770807993594,7.882822029825374,7.9273953380865905,7.853631067097948,7.872348250780602
2023,13,2023_13_ATL_NYJ,NYJ,7,K,00-0029621,7.7589104864929155,6.9072537,7.411507191182976,8.298403204393797,7.306157450566166,7.847264791266599,7.326169377410608,7.604603023370203,7.312811107280877,7.529442827241797,8.219830398716892,8.291070946931777,7.940933203559171,7.715229117012488,8.253768990166243,7.650114450055908,8.44758585433397,7.961349873088514,8.844636203494218,7.621860341629092,8.484456667318534,7.673643119441698,8.9415676958406,8.0995962867999,8.100730077465153,8.209155117689143,7.962352715715981,7.70752998882782,8.45944800003476,8.970601112637976,8.096613476504052,8.278864,8.367001236766729,7.776885137173688,7.570281515254165,7.721780150739415,6.526861821881089,8.732138947163952,7.5926833703792145,7.712986177954502,7.728369555588429,7.778266770296318,7.797623054099722
2023,13,2023_13_CAR_TB,CAR,4,K,00-0034173,7.413717526338107,6.9192667,7.667702925303118,7.830620660858076,7.52105038392838,7.954100317388147,7.442986466035414,7.908219365505092,7.393919806198812,7.677836878272539,7.777496462459007,7.677126788749019,7.746066139811766,7.661693026714615,7.806330953049869,7.281338847859368,7.822265757730938,7.567974388112565,7.845056417245819,7.740433685024872,7.305910797131424,7.70843537671198,9.237440878985074,8.200394570612254,7.910354854091982,7.250887179535622,7.560785345136802,7.554710716054143,7.747112087419253,7.788581623205915,7.577453474328967,7.661101,7.023288600712775,7.619669510340664,7.835543661276411,6.982269440535689,7.094946586359734,7.803259965524676,7.3471721461924036,7.389867932458838,7.45307174909299,7.440605233160719,7.467492939983331
2023,13,2023_13_CAR_TB,TB,3,K,00-0035358,8.099188486268243,7.6380377,7.422371633462115,7.383829185823569,7.372968648605972,7.869280560990985,7.460931847546818,8.074669307190295,7.531943516812214,8.114738030475136,7.916575638836205,8.183122734723518,7.76984099575895,8.020471561997484,7.661798929416601,8.07712680404944,7.738798270420235,8.119546317122715,7.500881029434473,8.081800455750837,7.30923847819704,8.330062365551141,7.906424576200784,8.50663244646966,8.416437836153285,7.816969806346593,7.503485837112258,7.479814105800551,7.630154405882914,7.862261202470631,7.819099378398636,7.443806,7.35769494865161,7.403763138905941,8.595653474645243,8.07227693240068,7.318842672069931,7.79848701853702,7.9191070137174195,7.979830363318537,8.152906403989778,8.12080432537755,8.14242016448686
2023,13,2023_13_CIN_JAX,CIN,13,K,00-0036854,6.65488525014222,6.571894,6.187505916801888,6.288841179940487,6.213884975882342,6.468230588217079,6.5656732350123095,6.794507475417455,6.937573465071886,7.181138550066438,6.80176631862499,7.011055255611626,6.770299928182265,7.10395966655304,7.246245246778573,7.441030246702845,7.072586144295286,7.729633629775552,7.26001084071931,7.283919903442712,6.942580045811403,7.014754591989059,7.238308596697064,6.97839368035823,7.042054661887398,6.19459859126526,6.488836784781915,7.012246354650351,7.438318169231224,8.008671427409212,6.948043491883612,7.3662095,7.399931353468151,6.832797011447151,7.110583684558895,6.414933203126994,6.682468999252614,6.437449817992464,6.680259586620183,6.686675235002362,6.702521411544517,6.6800110971078475,6.705136944073471
2023,13,2023_13_CIN_JAX,JAX,8,K,00-0029822,9.805899324680324,8.368821,10.201218962832584,10.006001261352866,9.803122022955376,9.780200057191644,9.2821381191583,9.316137675926422,8.944639671457498,8.89144369844875,9.479584348978351,9.315900977729592,9.11299945167809,9.092273323926152,9.3173060550186,8.667489992579334,9.658259851714776,8.827591290074313,9.318967229745756,9.059314812973684,10.251035161476972,9.332840754768796,10.552506566488498,8.607421691701374,8.861570500891093,9.8390505104814,9.271814808079554,8.869111525551673,8.938239495430443,9.414374249491992,9.234928810511606,9.460345,9.529952314934128,8.668489139736703,9.33745021865592,10.318447091384353,9.26281812447078,9.75501805041364,9.743864472548518,9.818829448154615,9.735653345586302,9.829918943846252,9.853938563012179
2023,13,2023_13_CLE_LA,CLE,8,K,00-0030098,8.030981583285044,7.7571177,8.293582647417843,9.272568858890006,8.267581310689401,9.211172706574056,8.139803513808053,8.838693187049673,8.080795566075393,8.42772737256492,8.712060339522294,8.581624961270492,8.740822400382848,8.533057371308798,8.22569348967341,8.210951190100827,8.147652732962834,8.173385800051168,8.340412705370587,7.8949459047001715,8.137631472406191,8.310362340403213,9.129083372921874,8.01884616137368,8.629592679188061,8.297691418048455,8.29989472244176,8.235277975624935,8.119939031704615,8.400841605016232,8.602281614161654,8.399812,7.993373930243754,8.265551659141526,8.385257394315031,7.870080243640792,7.44584406506355,8.113939305139308,7.904786211062229,7.9378695109607005,8.032156119720801,8.047952513413966,8.06492344354289
2023,13,2023_13_CLE_LA,LA,11,K,00-0038152,7.885084227060318,8.386043,8.456427809517336,8.819211196182076,8.51354399013063,8.80422088885616,8.298174826041793,8.66088948420498,8.146511605720956,8.412173461984878,7.935669065701451,8.402335107287064,8.048942300284999,8.404992061430484,7.632988366059208,9.067360688905914,7.634827992858747,9.01101825913991,7.406780854589752,8.825361714567595,7.769217421336933,8.854037212726471,9.823534813307944,7.878737809793709,8.490582320210828,7.909778895287902,8.029001977515055,8.038199388293041,7.995247419416975,8.186475440831687,7.95374197706661,8.119723,8.608837972588718,7.960327992515149,7.844068103284386,7.8137461467529725,7.185308826781813,8.439172273478158,7.8736520935271255,7.881991280291965,7.890799362147849,7.9225631046806155,7.960041982300914
2023,13,2023_13_DEN_HOU,DEN,5,K,00-0032569,8.195328616431016,8.140529,7.710212946937019,8.966445046209067,7.985517856667251,9.065905809906663,8.087122906928926,8.83839534110487,8.114836676199882,8.522280807289617,8.410302955962157,8.91990860532361,8.41742302230486,8.569105537220908,8.225762592471003,8.279107053680937,8.56598973890677,8.270627169256251,8.328062913540572,8.197457674347463,8.63306768953188,8.383868044809786,8.093194330276733,8.810662262953054,9.117318372005158,7.758566554316676,8.221324588793356,8.321667450785167,8.820647587112603,8.825776914036183,8.799463830204637,8.841163,8.914877517111648,8.32120668533875,8.1220636482433,8.295445888844844,7.5630905875651155,8.421110538317889,8.163673691742783,8.146797273981361,8.193168400341378,8.214142772191433,8.232956927951847
2023,13,2023_13_DEN_HOU,HOU,10,K,00-0036469,7.951470798175031,8.769453,7.841359880152535,8.360706311065996,7.884680505299658,8.512245171784912,8.04544854491614,8.388921205390531,8.053328656727565,8.36096521490119,8.307222519021716,8.89387929789934,8.24906368033741,8.702464266784117,8.544965643074173,8.749156209558482,8.866955176755722,9.268965367639469,8.456397656750672,8.692282144550154,8.24522434730133,8.921642336093862,10.090859706038234,8.797231928420468,8.876543321627958,7.748185805582112,8.110804760092885,8.145063468916373,8.617704897240268,8.57288962462426,8.445861513952487,8.391419,8.13399296283435,8.155265443097289,7.804936125838405,8.07061914394322,7.177557609240916,8.319932709610654,7.924731425802357,7.898834487402119,7.974513708907421,7.978746278819545,8.00602175946406
2023,13,2023_13_DET_NO,DET,9,K,00-0036816,9.049384129639073,8.814377,9.976730635441704,10.536136398051864,9.859353872917351,10.176639512422245,9.330448219649693,9.749154764215744,8.822405455484779,9.110006733221226,8.473685270323896,8.486564462848584,8.480205540753785,8.475605919287041,8.768917462030592,8.898933221180478,8.535928835904537,8.676409572551073,8.644759156022513,9.118830387121982,9.196483986680969,8.83164974696018,11.487097787419016,8.889595120744364,8.14038775383103,10.084464447321302,9.479053544551558,8.717776064950689,8.170364082369705,8.226175141509904,8.369777086009453,8.6858835,8.637737602326368,8.663991783868632,9.209941044870641,9.209119217486991,8.840703598151963,8.593418846839437,8.905004792267995,8.974058520379419,9.105837635372417,9.076429941570073,9.103475753501076
2023,13,2023_13_DET_NO,NO,4,K,00-0038905,8.478574084252166,8.095606,8.785242220189861,9.378376261598312,8.725732527229978,9.082797487337103,8.681833137575463,8.881084741233142,8.61486276341174,8.619273752709775,9.013475005505116,8.851585428153859,8.803817167958167,8.833013315187541,8.522421265541707,8.400340828916098,8.1815165399622,8.438418247186767,8.560585571253355,8.459849429228738,8.25627621850607,8.727269327531703,8.361750939757325,8.60230671314471,9.41357169947383,8.67186745734562,8.641714380584048,8.566111076501214,8.434183710484607,8.662744218811376,8.860714719970947,8.41879,8.81076673930469,8.533337812720802,8.603114322916634,7.98630479521924,7.8219191024852215,9.604629795204797,8.450349901828764,8.450191167294777,8.521177201040445,8.517254129303943,8.555934174355716
2023,13,2023_13_IND_TEN,IND,14,K,00-0035269,8.137008327587477,7.6530538,7.546597388115557,6.40550917580311,7.685772284071296,6.751127436252373,7.728720895905485,7.282326559953242,7.707382144559943,7.67490754199998,7.579420372770867,7.679171377070187,7.796582637965987,7.947820269195138,8.001481695333792,8.03256988002445,8.071241293159831,8.422573059889963,7.906076907487995,8.154233910773797,8.075317055944195,7.581562483074751,8.062553071880917,9.392549355987532,8.411659030519814,7.359695570318501,7.630770721443351,7.716551861505273,7.841597621475012,8.19274934599889,7.804619942853715,8.052094,7.842002785534678,7.696175866670181,8.18544373708042,8.571597456454327,7.696855073140468,7.4152535828378685,8.165730480200498,8.169249015673696,8.187151283446443,8.163344981618508,8.189681635649539
2023,13,2023_13_IND_TEN,TEN,9,K,00-0025565,7.187311804809285,7.3835144,6.970924753614584,8.319984108606764,6.877798199887208,7.917755546029797,6.757926757278132,7.466936506054344,6.895480986150922,7.327648440090201,6.981794558951774,6.911974234210799,7.22729050976421,7.113948697112913,6.578775509081729,7.15838463426415,6.8925767616925215,7.371259655472406,6.889411263716923,7.1901224815587925,6.557972057722558,7.283731323727223,8.212192206991446,7.311854494555743,7.48432816396476,7.5156117514989855,7.139469500109479,7.180462571539482,6.8473396345654045,7.073214696290018,7.295764936003331,6.719119,6.888008906575245,7.28292938528039,6.878542323812248,7.396393103203699,6.65070370657635,7.50060747863248,7.320580767473988,7.250727929621479,7.176896275053788,7.204366928911167,7.221422053013048
2023,13,2023_13_KC_GB,GB,11,K,00-0038402,6.284100773526931,7.096019,6.483382735727432,6.533870542768299,6.318045372900762,6.301941139088422,6.3682293862181485,6.09326941533374,6.798291043264236,6.5730760126427406,6.21554966796463,6.6851687838988285,6.462097464417777,6.5959765483940105,6.168753225624082,6.90297247960317,5.971173279879685,6.594394785118779,6.211847674121014,6.560971641442022,6.477767504514376,6.796735006427874,6.830464027765962,6.263082770063239,6.522642395925235,6.000167212141919,6.071561992157117,6.707286263153897,6.313730596119486,6.2044766154568,6.636419834993968,5.99058,6.240029267377763,6.822692971755153,6.294723813798779,6.392456426051476,6.085484859841339,6.150762864912865,6.417358599627719,6.352489385533676,6.318530917713061,6.326375446677073,6.368650119827214
2023,13,2023_13_KC_GB,KC,7,K,00-0033303,8.564606334873176,8.084329,7.7367592939325025,8.05313244112134,7.858063654883373,8.065174317512481,7.938875298260074,8.088555710079357,7.923746086999098,7.917196816078288,8.547202207500263,8.218652644654318,8.381559920770464,8.208331282131867,8.232110092365668,7.582934167649512,8.709646669388832,7.6853554586435235,8.622137293552356,8.536541840409434,7.829969916063691,7.343141574332269,8.584619115232108,7.612061379063981,8.331726528405646,7.537935473647167,7.864335077098854,7.964554641824421,8.007410654721768,8.60223243300864,8.456266838198497,8.209071,8.573214884880958,7.718395537342432,8.055031368819932,8.993534447477606,8.446039775411021,8.530395838475256,8.578335798141984,8.617321202330388,8.518033579026298,8.589602172858521,8.614598010843869
2023,13,2023_13_LAC_NE,LAC,6,K,00-0037224,8.367726778118408,7.7548504,7.995313624548646,9.121309029048742,8.155212804695994,9.244239657755507,8.055666868468903,8.847950995917591,7.832541633961054,8.299002825532941,8.141338708553441,8.405895010112046,8.166049397263027,8.321328551059002,7.93950650490025,8.553649237350163,7.879052580338097,8.581249070966022,8.214196820301025,8.962467369949152,8.422924050038509,9.932039306544556,9.391350106237685,9.19033098084813,8.42362498662062,8.033664332829938,8.031829265007106,7.820251256989534,8.066316822356523,8.071555057548021,8.139254806859581,8.349737,8.805034886393136,7.711346184148789,8.384373886549216,8.237292299354877,8.225845250235254,8.674565836940832,8.309094278177282,8.354718645290369,8.35920238257426,8.400178840857162,8.432630903595918
2023,13,2023_13_LAC_NE,NE,0,K,00-0038567,7.2269430524607055,6.9462333,8.489066305720204,7.585300894002053,7.779835065222327,7.289998288330745,7.23699281199737,7.217489088707553,7.208046542703298,7.169410003295139,7.438631792227246,7.103327779520428,7.13365319937486,7.026058242138705,7.773411902710393,7.070066777907255,7.888361895506296,6.873327205294171,7.832144536811604,6.95798254890345,7.45538966830044,6.564303794134851,8.185732856393948,7.421577603506646,6.972138096359346,7.703867449469497,7.229568280718722,7.1920622712638345,7.19823589214671,7.903930796556533,7.227229488576683,7.294321,7.049150447758089,7.3208451585319025,7.022084498031947,6.9229284737089625,6.920680783679232,8.295391175998065,7.251354689038966,7.277109636742407,7.3025871896720895,7.257453729628815,7.287964406796925
2023,13,2023_13_MIA_WAS,MIA,10,K,00-0034794,8.99698196680546,8.665389,9.71283124163678,9.214617969716189,9.375875254660311,8.899261552843575,8.997500882379121,8.741296196158245,8.759647663133908,8.588361012521553,8.559150464638353,8.609274981916023,8.685995563761525,8.59008410981233,9.013894042882324,8.651751287596866,9.405251975355428,8.788008093894177,9.02708949088746,8.581342723639171,9.077481197478042,8.461943894009952,9.077921170237373,9.087615959906053,8.272453199921951,9.612262317420909,9.086334506024132,8.665207771491774,8.833908423195973,9.139536889287273,8.769767412627342,8.750448,8.976178265356328,8.693854026899444,9.11157368668454,9.166060989347287,8.828768092072345,8.571043279269748,9.050598508743025,9.08259650658141,8.952969765075473,9.018780224800123,9.040578482794785
2023,13,2023_13_MIA_WAS,WAS,1,K,00-0035192,7.057528424378888,7.1380014,8.114263590848697,8.231671475341855,7.994094991962511,7.777391983991935,7.592102826670852,7.179077680116614,7.409790953114859,7.118214112240032,6.765074559244629,6.2723749081956255,6.729812338578705,6.580160575274625,6.626368761346077,7.052577908611005,6.839377729350832,6.86933484136024,6.852503109641226,6.820872594114436,6.705009599818031,7.242215967812263,6.593543374317915,6.814065289786686,6.718755338183399,7.867318320428812,7.2484643344242095,7.08715559294939,6.452815182221036,6.814507899198659,6.794621866512115,6.5917044,6.673650300235668,6.95169026752264,7.174185169492236,7.434388333963092,7.128699316066075,6.093238041696863,7.060580934379225,7.112738773049936,7.102204129066762,7.082231132594203,7.1069338408095195
2023,13,2023_13_SEA_DAL,DAL,15,K,00-0037692,9.171290009161758,9.308532,9.337375491985188,7.148215697150488,9.5987136810286,7.684328822622157,9.36641201033305,8.355980367945683,9.006272233288316,8.617074938563501,9.86169293309166,9.078255565006248,9.27919075549162,9.06474080716517,9.220540369812031,8.987540227424933,9.30120200109063,8.747659918483574,9.412223093090082,8.971509440977151,9.64802541333938,8.967113427105929,7.523517460236357,9.168182822389896,8.739602106966952,9.035347483249364,9.1944987594096,8.885533366065975,8.927525723886754,9.324593034352423,9.183199226541111,8.968257,9.53395891104708,8.982713574744974,9.181938628092851,8.627612316580604,9.176704499236184,10.239965220890216,9.16112146773612,9.159455686551128,9.13887615530294,9.20148867146806,9.231687333774362
2023,13,2023_13_SEA_DAL,SEA,5,K,00-0031492,7.750017092491529,7.601451,7.502618608881862,4.9151596571530245,7.518063573871773,5.282130399246075,7.766347683866612,6.435296608045071,7.84540794737165,7.027186557857409,8.849644986601463,7.69956061092626,8.543691652577705,7.84516909562932,7.041652381338864,6.7239800737526405,6.710676335845906,6.445331533757846,6.476922506254415,6.2761915313941286,7.080165740720982,7.118707207931736,5.569922039480138,6.287620050810247,8.06053303282979,6.9059241929183655,7.551781120655264,7.777919326861537,7.212452719138817,6.072868379558076,8.461696722398917,6.834335,7.278627145364298,7.942264300869934,7.382524336900959,8.058969033883452,6.241490140382256,8.43761581914817,7.8421957208060675,7.8108630903085645,7.690858157788582,7.76980628742688,7.789595482362231
2023,13,2023_13_SF_PHI,PHI,7,K,00-0033787,7.460327383043538,7.4644136,5.505197843198865,5.146057542392244,5.859905952340741,5.704180530193187,6.08568285615698,5.872273111265757,6.482585812057998,6.05889847837158,7.895566254261021,7.319726079258338,7.527578026256666,7.237264259846921,7.379500344570167,6.874759759815689,7.771218424329918,7.304544928825297,8.043037367631134,7.48789902800779,7.68828966158847,7.885427629650341,5.336368373740144,7.470315692805322,7.390929113229983,6.199622859055818,6.308403954008156,6.742370117680741,7.323923527994652,8.016417152067335,7.761011062647653,7.491507,7.583457598210059,6.62036849151624,6.836498363136997,8.232637188459218,6.736011455718971,7.213609265734269,7.618573440306838,7.602205466273651,7.390967409901332,7.485646267180607,7.510965151317678
2023,13,2023_13_SF_PHI,SF,6,K,00-0038562,7.968957741475237,8.003492,7.140679044692653,5.704709952067788,6.953927817265882,5.873259696963615,6.897069392989733,5.880972739102134,7.215649557871588,6.414728874798322,7.61925297439482,7.530426395834866,7.854564333324409,7.740340844556878,7.3988455984115955,7.381688092680005,7.279495194768266,7.576213755098578,6.826894877716678,7.445424182404178,7.460497193117027,7.686713496088233,8.129616312980355,7.329432619298912,7.706199003600442,6.828084970782031,6.890645260989452,7.290134696773796,7.345564863012536,7.726340827621311,7.884747562722507,7.5345125,7.381325159985159,7.196998907147308,7.321957075030674,8.881813014734071,7.296099241822114,7.450177444450973,8.114865267336022,8.083829610501079,7.8116797429544045,8.002170544385269,8.035383347295303
2023,14,2023_14_BUF_KC,BUF,8,K,00-0036162,7.6351175942084115,7.6980395,7.594063976112487,7.7309842209439985,7.558000170290477,7.812202393681588,7.607197039852689,7.740101330799063,7.809750266931718,7.71300700222851,7.531640046318896,7.708570714781576,7.934695809173859,7.67439894700011,7.786251309706162,7.473640440449162,7.469363582293491,7.630239514098312,6.839511686021119,7.635483045823944,7.667667546354316,7.973189585150337,7.103806125228294,7.919001813320442,7.758838118857183,7.441413775567037,7.4659924699308915,7.727624263295068,7.500555554216723,7.299085147214637,7.606167812372635,7.5119057,8.033679639947373,7.670211756766278,7.8285197984324135,7.641523034308318,8.16022825015743,7.069648079698083,7.726674636341231,7.6930739890348985,7.778131880151761,7.655767153445282,7.676416712682151
2023,14,2023_14_BUF_KC,KC,5,K,00-0033303,8.18068484865712,8.057425,7.544467808690822,8.376796477747341,7.769277893573902,8.598164650738909,7.888225253152528,8.308000126254107,7.8954502959628305,7.889976400005491,8.681364980275047,8.338463799498811,8.460503053852348,8.135457093256047,8.329590940654073,8.288332561996958,8.617560320504573,8.205297880676657,8.96008157761556,8.537078883953646,8.5255660021394,8.319743500571752,8.074621828804254,8.363887318229647,8.151524475233753,7.806946761756102,7.856857414875701,7.862440788782695,8.28773881750533,8.730075566952731,8.360986756596041,8.386371,9.096081078180434,7.792385643166801,7.840805503903303,8.302895201096472,7.940088128941781,8.566381520766813,8.247371252555737,8.24573765430124,8.176048088869917,8.201167847767529,8.221650846877939
2023,14,2023_14_CAR_NO,CAR,7,K,00-0034173,7.898257458874506,7.553462,8.1046987490916,7.810988468698934,7.833881575396016,7.6638131766833375,7.774821350435701,8.048445930216433,7.709036862100754,7.985042612206515,7.954656519572753,7.94808629834656,8.24313392516418,7.989079268629312,8.022619634744235,7.586467035625964,8.036007163936823,7.37642216895185,8.615950116825276,7.60498357898727,7.943247292957653,7.872078084408517,9.180505429527024,7.653093125530428,8.296168552622477,7.272850767971879,7.603727756339517,7.610153399409556,7.708945353279173,8.254892042871228,7.965982291503028,7.9875684,8.011553512076674,7.624613873873753,8.288805978250693,7.405347726694061,7.311293613794618,8.591736066711059,7.7621585853879225,7.797940330491183,7.918059277962021,7.9260147640322245,7.953772069189943
2023,14,2023_14_CAR_NO,NO,4,K,00-0038905,8.842703320610033,8.541772,9.165813522407449,9.75209169813938,9.157990749181504,9.583191377392032,9.0373202916057,9.364925999552565,8.793082621242258,9.09188233392749,8.334356140123665,8.85089078135264,8.400194539296498,8.822869108321436,8.434993620191975,8.815848875587237,8.55056344377517,9.1657648273342,8.508547312336239,9.18034222249214,9.01849332045661,8.45588160356081,9.76722361516279,9.339974606592763,9.148400523649498,8.947343927281539,8.729345541103477,8.458511865828324,8.401506022415774,8.200247291102869,8.275308104297403,8.378176,8.40982185294314,8.359035601044873,9.229770409810037,8.636071342877116,8.295310606117805,8.949062999521976,8.648539331408381,8.717601716911842,8.87970766168675,8.885213894775053,8.92772446894007
2023,14,2023_14_DEN_LAC,DEN,6,K,00-0032569,7.744816172380247,8.065636,7.137706004964738,6.748665621922796,7.418838886201853,7.309021507885109,7.580853489238812,7.72792520775749,7.658944036177771,7.707184189589674,7.49401782065908,7.941716337291071,7.939218645313296,8.085873116859938,7.317902768080946,7.516952680826315,7.563837340094433,8.01117471952692,7.856810952463163,7.88677963660084,7.963339017070627,8.37388457692237,7.41337397079094,8.194883288913399,8.62384011184576,6.639564896323352,7.346874402644744,7.557554648194237,7.358149050714754,7.236367270252213,7.73656440773366,7.4124303,7.319042757184834,7.64344692171009,7.7675993222948865,7.965533887202705,7.141505540904917,7.570861333601041,7.705348035881471,7.684224673550638,7.779217265417223,7.76255339983629,7.780290627292334
2023,14,2023_14_DEN_LAC,LAC,1,K,00-0037224,8.408332571248998,8.604714,8.626792653736315,8.972265317727093,8.797093107013518,9.2952842785291,8.648702035491553,9.090760832990007,8.321439609930689,8.503169779300611,7.733833345848176,8.366480946277562,7.904846800766881,8.227546187167984,8.226309393590494,8.231212509217988,8.06982134582213,8.371207194067537,8.699232194210122,8.450090105754477,8.52423913247523,8.302144355644456,10.267405909959844,8.310530519886104,8.707391832408057,8.786434768990194,8.693904648330472,8.351348512505641,8.206767144082386,8.090863051780332,8.278032582044391,8.360695,8.259698660701812,8.25432706013824,8.80787497978075,8.398048004719112,8.67389693830948,7.696805907980904,8.361991959208442,8.3635396474846,8.419782866992492,8.438870468966035,8.469408366683073
2023,14,2023_14_DET_CHI,CHI,11,K,00-0031203,7.672679310634972,7.368561,7.91784717351698,7.215160692237858,7.785328101000676,7.015953623690682,7.730533946478321,7.059011442961654,7.882995036114706,7.520972201047418,7.828195799614036,7.642713608533034,7.607332097935371,7.426138446150411,7.65130988974894,7.082195662130866,8.182408464684803,7.200823295922175,8.006402320109693,7.791230048873841,7.0582626644081685,7.531482727124528,6.8678551837401205,7.367115252613993,7.385189524263234,7.502007551796852,7.421392166384748,7.704943564630983,7.269923321002166,7.705881784995262,7.666417843259701,7.3206973,7.003851866467744,7.692253466598011,7.448953293211465,7.881959025719979,7.6350635982107065,7.608516762812353,7.803855907091101,7.799879630356154,7.719450992541217,7.692923727428322,7.713168144221672
2023,14,2023_14_DET_CHI,DET,1,K,00-0036816,7.7700910287157345,7.907639,7.467151634178956,6.115173295802921,7.398548722022038,6.427838254361801,7.435823726254933,7.195998186924235,7.545511491134664,7.752111441741508,8.243967129684503,8.12477324575144,7.941126757729878,8.121107650380155,7.470475655001095,7.986392799791298,7.392659143592791,7.801642814093919,7.638317327464468,8.230428804896627,7.357651888813289,7.383419483439401,6.393678955326835,7.508397505087153,8.087221506371819,7.661879536248557,7.439250084675165,7.572883412109624,7.349073376284014,7.531849648688842,8.042958403090061,7.4896584,7.491698261147766,7.552357737453404,7.794269858229283,7.861101349710776,7.4948305173115894,7.6894323981574,7.756299603550122,7.750413419579136,7.769756323286197,7.791513401387741,7.812935774059749
2023,14,2023_14_GB_NYG,GB,11,K,00-0038402,8.181621173660133,7.8416934,8.307492984040275,9.57033559351938,8.229421799359207,8.968221136152199,8.077076738984243,8.409697548062224,7.987523696289106,8.330862156650637,8.01912395417067,8.246096503707244,8.282432311266989,8.290779420784709,7.709246481836298,7.813553406831787,7.74957787238136,7.909065236541694,7.631467462498649,7.614744309188344,7.344765809289258,8.51362057918687,10.324959762000612,8.056028310847433,8.399493551971954,8.075547707326939,8.137168406816667,8.036139727117636,7.523775740989177,7.813723931137108,7.857386892002793,7.4949074,7.212604581383733,8.051906480928999,7.739728609596593,8.47969413161371,7.3976753292650415,8.640287026045836,8.20000732704544,8.227197994706394,8.138819212289732,8.235717779028665,8.289814384397197
2023,14,2023_14_GB_NYG,NYG,6,K,00-0029421,6.4085155025452325,6.763537,5.330155129052235,6.064445767403496,5.194456192144145,5.619564686821102,5.69506331887896,5.666106067292092,6.276678842496786,6.178200669923655,7.024266326340722,6.395429949399564,7.025794773317653,6.59401654513658,5.909397558268724,5.913362772153497,6.141372706975066,5.867389467015816,6.520259954311785,6.332938370220529,6.042088197781052,6.356920453213803,5.8869129437393,6.451164563081143,6.718252238207156,4.442646627164093,5.482794499835661,6.414464665631063,5.716981532060775,6.469877432792301,6.848743669060271,6.233259,6.303513265659592,6.543083398663857,6.805930541211409,6.344628129595381,5.838935186714984,6.224957848360794,6.304980298709794,6.2739276174483205,6.383030171158953,6.425358710831227,6.442201919117222
2023,14,2023_14_HOU_NYJ,HOU,0,K,00-0036469,7.019686272442267,7.425372,6.274704863317573,7.451263582309338,6.358912539397942,7.369708147737076,6.799344499335013,7.408923856661153,7.104974021780957,7.90889063993054,7.428188418563684,8.146013582944187,7.528585085102455,8.031643396432347,7.429883062039101,8.175897293366363,7.322776014633089,8.239090605061458,7.04294096125454,8.553401095542121,7.096172871067159,8.140574117503323,8.191942083314995,9.533215102422671,8.522656231096502,6.623811547260692,7.181601559403359,7.5312198536826,8.088186612575665,8.017755654419283,7.893356249494862,7.9491706,8.42802288760435,7.66943193887351,7.090440277636111,6.709477449543785,6.244225823465276,7.921703134936958,6.937115078894421,6.948347950699508,7.042200393144173,7.042244853453203,7.06480343446414
2023,14,2023_14_HOU_NYJ,NYJ,17,K,00-0029621,7.467187561493088,6.7964473,6.777158312586965,7.422824393440057,6.975900416438023,7.458943226450787,7.1620617849656645,7.523923753982579,7.182643786850538,7.422140423358266,8.196366810732492,8.223985345513986,7.852539781965546,7.634614469116203,8.006270092122724,7.509714329335556,8.572390021126422,7.742906478252371,8.737844770096606,8.32321583832663,8.063093875916826,7.454753167434485,7.309627170083194,7.625565951307021,7.89461353319957,7.326771859983713,7.444867988790382,7.372707871133105,7.849491582182848,8.42311620708645,8.030699463180625,7.7229333,7.857858915489818,7.50568574202115,7.473168876705882,7.210896368461611,6.307089476896278,8.550847017035254,7.313400731174081,7.418966289128619,7.432080055332785,7.485705930500979,7.504224299508868
2023,14,2023_14_IND_CIN,CIN,10,K,00-0036854,8.085736008823277,7.9316025,7.3176352665799325,7.270085087324108,7.408290399105703,7.5458704011343585,7.581613601186055,7.785979156277149,7.788169221996778,7.944834441959223,8.082301181123837,8.384441040201922,8.126999985614866,8.320122142125191,7.840606241731642,8.18326825362321,7.9105272882207505,8.191464059891052,7.92959538377763,8.093816103030205,7.716809342090633,8.106581846976903,8.329667654385995,8.026634794294674,8.093472802584392,7.636031710117205,7.736050925339165,7.978297942443755,8.328781533136134,8.230174637857983,8.137276399820935,7.970068,8.46871277303397,7.894776087202122,8.035882606351594,8.198406996697036,7.310988361643933,8.322547960372958,8.155744392561912,8.125898541572845,8.08067235260288,8.113591071968257,8.141446135113235
2023,14,2023_14_IND_CIN,IND,0,K,00-0035269,8.009798427140401,7.3925242,6.779086070470783,6.439263925396961,7.039616862267312,6.866025569421912,7.487546802193434,7.486017369301514,7.740703188790886,7.830732359232957,7.460013986644591,7.608701624474119,7.616220579208596,7.534038227798751,7.630916006171988,7.638718218538603,7.44681072989986,7.291561618015839,7.693931197407904,7.215465207470258,7.87999333748841,7.394684128915674,6.753071231068208,7.7662795985634,7.442052605244015,6.627332394460065,7.437595406692433,7.839477963360061,7.635325794944467,7.668271664692731,7.472632733935514,7.7316194,7.51417083842773,7.842106431834931,8.043585904219995,8.177362391397224,7.582757745443771,7.837509623855677,8.085449900038423,8.072818030940478,8.042799252558659,8.032851022164955,8.05590361718951
2023,14,2023_14_JAX_CLE,CLE,9,K,00-0030098,7.850806337196993,7.527231,7.406226277346875,8.301233594115578,7.47702939675591,8.432006216715797,7.57281890256014,8.286093995745293,7.70322429543354,8.064983012664296,7.635150129546778,7.626743340733529,7.741190587101646,7.830030297359399,7.502803188679914,7.83001089110201,7.880464613390661,8.187541548976798,7.8186818321180604,7.869873094049959,7.192199101121638,7.9465337679169075,8.04068084493178,7.526719058119826,7.817125241534667,7.717685285865078,7.711129917336914,7.746316785686141,7.595378247460053,7.797715840475222,7.767549934655223,7.67569,7.295949497880763,7.766609969172936,8.104924972039367,8.005070949023652,7.494184570043013,7.3394100448571065,7.817752815610491,7.830126480945984,7.875983839039525,7.866557083466966,7.882307829736938
2023,14,2023_14_JAX_CLE,JAX,3,K,00-0029822,7.611829666648896,7.0779996,8.245450184731032,8.158993327096862,7.884976976412786,8.030467971856195,7.597212425948882,7.856583411317587,7.688807814341036,8.026587930591017,7.346261594145371,8.072086881627767,7.335553539388225,8.047281850721784,6.996337719422955,7.899815856333257,6.880619444290979,7.597079229979385,6.772677748868954,7.38555273207995,6.849626165381636,7.963376593638888,9.010880391138922,7.723094248023377,8.221743727866238,7.889209704009163,7.623657730174372,7.789380275294909,7.040984144794329,6.985701485720836,7.44786984874908,6.933586,6.975008241468789,7.420438566717264,7.630083852430352,8.025909849862659,7.271572548137636,6.9264165808048155,7.6536116874216615,7.729822814148817,7.6049062052042204,7.632448020743922,7.65306637483895
2023,14,2023_14_LA_BAL,BAL,12,K,00-0029597,9.142056502132531,8.192132,9.166358659999988,10.487719030737598,9.083627360051308,10.203003195420724,8.704970891285772,9.246604769842104,8.468868828860277,8.538133493902473,8.42111902259394,8.464848682021666,8.375789497318749,8.647921486565114,8.74490729153007,8.66254294817888,8.588577998271248,8.836888303053508,8.288569020184966,8.663688118833521,8.596063105218514,9.192004068277583,10.483308911466738,9.004941299159839,8.679574049538452,8.982423760657452,8.827681193737108,8.58174115925853,8.896810379777069,8.534650767301143,8.33124702631459,8.890425,9.095969287852416,8.324542076666255,8.746557206473309,9.844342685374766,9.205432284115965,8.299045188145188,9.09038585405989,9.147767304523427,9.17174397834857,9.163358508440147,9.184660514747762
2023,14,2023_14_LA_BAL,LA,13,K,00-0038152,6.311431978965764,6.8444366,6.08105259805425,6.496404662155911,6.183387500392729,6.659838707471704,6.406603262087131,6.764534685120182,6.764955359520004,7.064150563611401,6.480512474334231,6.7688356380000645,6.467809240650605,6.585526157384986,6.730124554844706,6.968750197012421,7.015749744640221,7.018482844627017,6.351580849327979,7.33228944328291,6.813605990116515,7.282935098694976,7.1932682430085215,6.605682361363108,6.29169528896473,5.99251281249988,6.419101310253916,7.006491088468445,7.516697726191854,7.358879059194096,6.575633484978455,7.081512,6.970115862208986,7.0973834654260255,6.447482379696126,6.039719109678797,6.126220843431648,6.74338768421121,6.333997897392928,6.276439441695894,6.331884560975592,6.340251089817606,6.36907020066945
2023,14,2023_14_MIN_LV,LV,0,K,00-0034161,7.956625072931648,7.8499675,8.487323862858926,9.052794211867113,8.281257246009012,8.913962565755828,7.990010260883767,8.607127381194362,7.879215057051543,8.275935669847067,8.713461955111333,9.227977317447625,8.567794846458483,8.66036146522611,8.072208685597321,7.684569360050379,8.143769628815193,8.070633297590428,8.24536786982668,8.143809462467418,8.441859109590867,8.316370976405997,11.017253864228907,8.428274074638178,8.772153036428902,9.02086826806301,8.409454570918037,8.161077512375499,8.111153424661104,8.412344209857894,8.561955386165598,8.711208,8.63956875082246,7.999013862864359,7.696913394873571,7.748484852753964,7.848472837531615,8.816549148074149,7.947219592876014,7.951701958604598,7.998107132019473,7.9761333709236855,7.995641668915721
2023,14,2023_14_MIN_LV,MIN,3,K,00-0034450,8.174989611812006,8.389046,8.490619873254735,8.114333330539061,8.654717982775582,8.567291204987235,8.593256526148691,8.84159464294601,8.364374181365545,8.619255684570723,7.990512307869983,8.63802342452882,7.990183585080117,8.28994012870608,8.127078029226826,8.703329002772088,8.242931915377131,8.720757166706177,8.630645664728272,8.503553044110113,8.491049984835184,8.475099325917961,9.473341917055,8.847490321098169,8.384026735129964,8.595001716188166,8.664810548414572,8.412937469750037,8.317660773021998,8.278211708296055,8.093858690428698,8.477383,8.465060704310266,8.215630709042365,8.174352185865931,8.551775990159596,8.072067082453584,7.473834258715142,8.13329848286925,8.176841607814254,8.162927670824521,8.19329364019119,8.211597668570374
2023,14,2023_14_NE_PIT,NE,3,K,00-0038567,6.162262790668309,6.404089,7.42370326262709,6.656094989405309,6.821321102265884,6.538192379695035,6.507117213127997,6.7121585993446535,6.568713574266733,6.846379014927384,6.780802566158982,6.741949211226814,6.605066378890132,6.93079621294706,7.074585045143193,7.543332112986311,7.244242988333026,7.417934522356392,7.52076896728618,7.3208713850584335,6.511173691776249,7.390547454629523,8.514286813111605,7.358880282883461,7.548988801533556,6.34434432690526,6.307027129138722,6.5882769645168775,6.863518924403214,6.67147028527369,6.797296291713348,6.6900506,5.89650317388293,6.749337746313401,6.344667859177042,5.63329189193037,6.083138542721077,6.986159109354698,6.1581272682064405,6.198304094123341,6.2433874988410105,6.1901884051609555,6.218114019653602
2023,14,2023_14_NE_PIT,PIT,6,K,00-0031136,7.629829286499578,7.4822454,6.867887049749218,7.976228935411872,6.805845510175123,7.657597729834565,7.172045003892,7.7318737818656755,7.401888246161647,7.9471906165218735,7.636343728006804,8.43377452814849,7.884784149091706,8.225145560487652,7.44022004498086,8.270830626467253,7.873904238487218,8.564567927587056,8.066467460713023,8.328345670626147,7.292820664557973,8.20915467001527,8.94016980267818,9.185333721947952,8.281497555170665,6.678015737746609,7.205144952892481,7.470613103336233,7.548762846915269,7.594029911890771,7.823364882259928,7.341295,7.492501029204452,7.489774974353796,7.572097200350719,7.618134613069941,7.369380886846316,7.87004096240877,7.5246324752237985,7.5465480665033144,7.617163092146105,7.6514877878984375,7.673146289297296
2023,14,2023_14_PHI_DAL,DAL,22,K,00-0037692,8.973013059955672,9.009086,9.840436093456118,8.136801403459586,9.833590324599744,8.720462793397385,9.429462957334694,8.80956732669723,9.16040110942039,8.662563701333896,9.388875803156717,8.974512673203627,9.175202007455123,8.952278235396822,9.17385597821411,8.765375322284246,9.040532490019192,8.837393573959941,9.218470881018868,8.7376401938746,9.790929876349566,8.929317902888936,9.429740882290384,8.615087692495756,9.142924839086552,9.21283774250882,9.107313785295505,8.937368392405642,8.741801011601984,8.801530773155864,8.873242735154209,8.918312,9.452164968313246,8.978145443853148,9.069322981772078,8.637482281600558,9.451315422721134,9.260458552558555,9.008924703599781,8.99815513751639,8.924032215216492,9.000009174331812,9.027005288707954
2023,14,2023_14_PHI_DAL,PHI,10,K,00-0033787,8.487119754635437,8.380161,8.46842357505998,7.277944795916598,8.543152285138575,7.522165967905795,8.309560073647214,7.639298774180268,8.133609236634213,7.537445574348584,8.938138337919272,8.093198784568612,8.661107628222883,8.054861924417882,7.849347421419711,7.0962083299696825,8.604652007637252,7.482569747167895,8.75386775274191,7.300494164749837,8.091126273617183,6.703701023182111,6.818498822041111,8.19617733546967,8.282087613659872,8.096740045204173,7.98773395862839,7.898993171841395,7.671194897916305,8.26155680210173,8.283498492682364,7.4787035,6.682957296122023,7.817924618596809,8.387256609469757,8.305869590008609,8.147178475851538,9.16938544102956,8.455646287751602,8.45884401860441,8.483499201231925,8.510366501969006,8.533613249302576
2023,14,2023_14_SEA_SF,SEA,5,K,00-0031492,6.268383222374876,6.335328,6.188815629114104,5.137808529688401,6.3994096960255,5.670098109968736,6.787156783449165,6.486367114657749,7.069836630207137,6.897559170391888,6.058823276646987,5.43974932673427,6.362194673080382,6.045915792680704,7.04757652217553,6.963942877141006,6.7393567285699465,6.910058166490827,6.663180418384983,6.671896103932433,7.1184476550595335,6.72671367455218,6.177911938284494,6.591139904300292,6.015057190602443,6.145265262478606,6.87438664352453,7.309894140516196,7.251961229579161,6.56693133621566,6.351432490949804,6.890376,6.984166604810577,7.275109701998142,6.539277911635418,6.754376943513476,5.874077342213468,5.087206686287568,6.360689013007201,6.353611529283533,6.251564104050514,6.285895810351123,6.30340839832737
2023,14,2023_14_SEA_SF,SF,4,K,00-0038562,8.678003309809842,8.940872,9.072313094716744,7.522801023195987,9.084020769335176,7.889425473514342,8.80288130293557,8.153987897782939,8.6453474607545,8.301916347515878,8.870915863278668,8.770853166678014,8.578658410903607,8.66096653935042,8.422267574241056,8.15983419114304,8.354594067265122,8.038094144221507,8.344795853849954,8.036458185573775,9.27126821847652,8.402136227566091,8.744322210910099,8.402787953250112,8.550166257246085,8.67822347194661,8.601010724947187,8.531932455272567,8.363000947301423,8.439752917698302,8.638578057096048,8.763841,8.843320298061313,8.894714400422004,8.901407381613598,8.511452981030795,8.833498704295891,8.598250162419275,8.64088839263336,8.622606547065654,8.677500239494922,8.707403874131323,8.736804438452804
2023,14,2023_14_TB_ATL,ATL,5,K,00-0033702,8.375975215049696,8.302202,8.283610084964332,9.318466916274083,8.03809059084934,8.95655083469946,8.075086186673206,8.621845851789242,8.122910240688409,8.301181402374175,8.578446009343006,8.255384065001989,8.387967042082234,8.252126577784358,8.186467337615486,8.234598529106272,8.28139562569283,8.450591125265175,8.24717822650568,8.331825938673688,8.60725048395361,8.507319266808109,10.22021301202216,8.264407451078284,8.7786325629636,8.216312380737827,8.290492728377933,8.234156632893953,8.454998628523105,8.264348367309083,8.349363648195052,8.664274,8.587488073948133,8.219001217057556,8.61257226404698,8.459104604610436,8.122742752990074,7.9814370934620955,8.291376811661678,8.300621923412976,8.375876211752624,8.395399621882884,8.414824028716076
2023,14,2023_14_TB_ATL,TB,11,K,00-0035358,7.925265280057538,8.032663,7.736068143782224,7.850916905905107,7.423001689027147,7.992651799020938,7.35848363754498,8.080043377951528,7.419099023714543,7.969428727901055,7.616286568721845,8.204899649231217,7.6711369200150195,7.99621553731856,7.141397580614672,7.833937459834669,7.5461181175794385,8.2899886943743,7.798609288544827,7.424796172488555,7.44607365095007,7.75497537971353,9.498762537417615,8.554461888602646,8.294938634760394,8.411472844382613,7.8844217255461935,7.740877392297232,7.854403743704281,8.323184060971167,7.850233342906528,8.054624,8.417683957427569,7.615119022942618,8.236170454378314,8.096134322629853,7.077095358976929,7.541254393972046,7.774250991260979,7.796546314413912,7.960915754972465,7.946889991108591,7.968514702159646
2023,14,2023_14_TEN_MIA,MIA,9,K,00-0034794,8.839647130749793,8.919912,8.67743729007387,8.46015071137305,8.669263540095779,8.024212029349902,8.631231243538021,7.950193033684024,8.506608729725325,8.197467637744506,8.449234645988215,8.32624733811806,8.268423188727912,8.315235479998318,8.778191423709025,8.26675266556474,9.413121383765745,8.400515492126047,9.016485644788238,8.631936587964347,8.636216644079878,9.3353833539045,9.30316369785651,8.608539147950975,8.23292155168146,8.441689207043245,8.538191061329169,8.472622391151063,8.70121595265685,9.281983626768708,8.479490105285395,8.654044,8.978584888615055,8.626340932699518,9.23607020814796,8.859623677451367,8.514708102361297,8.36752893544364,8.801605075134988,8.82739828666143,8.758727473985516,8.860447029360849,8.881246927971905
2023,14,2023_14_TEN_MIA,TEN,8,K,00-0025565,5.861330804192928,6.4042144,5.668960254175936,5.8229959406221,5.683232281172704,5.567721374384956,5.841326832896141,5.453302355872893,6.252405706833757,5.985022757517646,6.084507666602133,5.718297097371933,6.335782643540568,6.196473904202628,5.972189276902151,6.150312958957809,5.971583689911449,6.393854743489555,6.335655586645689,6.180084175650728,6.120050191672958,6.282312157461999,4.2325663951234525,6.046022266449178,6.110513075129437,6.019214350804123,5.814254051066338,6.244809828407568,6.042376768681829,6.369690695096802,6.172889617275857,5.8875504,6.210432225421765,6.462835178694424,6.377766733136183,5.494354765059682,5.795325302624406,5.853631739828799,5.907158786826587,5.851792320278534,5.894531068223781,5.875719356658022,5.8901079091231185
2023,15,2023_15_ATL_CAR,ATL,1,K,00-0033702,7.718808217089347,7.3085594,7.361436671152858,8.090353618258437,7.238151553082186,8.066063028646537,7.279941964770966,8.008480847720422,7.462941025629726,8.088023452287324,7.254795286847319,7.86633837896472,7.454034399669961,7.79549332125101,7.658025256168943,7.823027180495529,7.75514083131385,7.794579683890529,7.321081978991293,7.610592077822615,7.443506117493958,7.716563684685741,7.906236907329784,9.16835117474063,8.111662084263893,6.975104824845707,7.008122254378758,7.283546351777722,7.436876137729067,7.442001649943856,7.234381787158374,7.0500216,7.06275482003802,7.190650385463601,8.218143976790202,7.565812170576418,7.2668348977534665,7.501783330231858,7.5953728801658205,7.633180276992292,7.767188688637055,7.738550147272685,7.758292077456024
2023,15,2023_15_ATL_CAR,CAR,9,K,00-0034173,7.029130676613027,6.7694807,6.285234978861279,5.819509101301545,6.357227351485891,6.195757918416948,6.676097170126862,6.970114202861959,6.899920853789028,7.399626707610304,7.641197521006315,8.033808771703972,7.595951311591809,7.775098633382327,7.811425463630872,7.677519689304077,7.908072871681781,7.653892259547213,8.050835350362467,7.435657564221142,7.651737214789604,7.83133004583321,7.7233648500655905,8.018503518939278,8.323551728721954,6.515144335197733,6.87779086341125,7.119891625826524,7.962393263093277,8.028505825661522,7.635273879174931,7.957544,7.829305224898239,7.2702427554167715,7.487304108300627,6.2538487375941845,6.715069197941955,8.049465146454848,6.965626702190139,7.005742066853694,7.076007247136209,7.052307500280062,7.075484323947096
2023,15,2023_15_BAL_JAX,BAL,12,K,00-0029597,9.059093904955963,7.901633,8.844863830704218,10.65412627677773,8.864613842640484,10.27145083563633,8.573822962129821,9.394445888913944,8.379344144683268,8.704119928897109,8.281048430366225,8.474055619887903,8.345810956586725,8.378968287475669,8.340204755241986,8.342250552403693,8.496629104829886,8.42899823178151,8.213311200002055,8.98355269693032,8.336399159994185,8.988179228079698,10.54533874433182,8.504705650556941,8.318780876974637,8.985986793018805,8.73188108913367,8.40303187893543,8.404675871878254,8.770120712625028,8.373155450288895,8.538209,8.351554480147,8.04719805102102,8.6393296341809,9.778085979044135,9.060001527373933,8.250302351733234,9.048958072834932,9.12361300688529,9.065450951493855,9.079714499555358,9.100335094154751
2023,15,2023_15_BAL_JAX,JAX,1,K,00-0029822,8.02007433772522,7.182862,8.250294179769696,8.542783580823265,7.78293304940762,8.206827071472091,7.336899439079403,7.542066377786616,7.368028037022885,7.413860363338363,7.336924828107041,6.846242390261319,7.139905316095483,6.784396799914682,7.04885268515215,7.2609910338943875,6.993183891735328,7.650559729009791,6.892034315346216,7.00126969524308,6.750823696324855,7.607660503140408,9.1288591079653,8.241161941703677,6.969068669112836,8.011057454856267,7.5310487810521565,7.60803267731807,7.450655686463385,7.416351936310025,7.120384514417239,7.312152,7.076598577398216,7.245761109165149,8.013943908445384,8.480630771463005,7.656645318169839,7.28987162394709,7.937668166109729,8.014197326729018,7.989394040048348,8.041770224982,8.063466112238782
2023,15,2023_15_CHI_CLE,CHI,6,K,00-0031203,7.063914694006985,7.0570393,7.138690878107393,5.804751932896831,7.204574396143919,6.109220001120056,7.261579727306963,6.714263189441611,7.462403893031305,7.424544237810552,7.216119928821745,7.549192397410998,7.328861862120302,7.48454405506221,7.536669594545637,7.864778750224466,7.699942024970425,7.867691685170012,7.196815457523208,7.320946414585996,7.5384911716825105,7.83112466027312,7.0181334098123,7.595755915296841,7.843113648349593,6.375550782578178,6.935754956588357,7.410782492244912,7.378033442080789,6.966356416845382,7.403690124902656,7.5391173,7.333073182983164,7.462691466799159,7.088837428376825,7.050449219107223,6.790758658284304,7.190039560113087,7.176804722015741,7.2021991680045145,7.109011381418317,7.082259802867826,7.100604911728667
2023,15,2023_15_CHI_CLE,CLE,8,K,00-0030098,7.686526901257134,7.5961175,7.012795968284659,6.466240064619409,7.022695585961875,6.800150944557834,7.17656834503791,7.21432897946354,7.342003074351935,7.482266232241249,7.380950669953821,7.823514118541301,7.4533757427605405,7.884527293020465,7.260125852342494,7.736624210116278,7.022738109833528,7.619663029491347,6.781759283444198,7.710262844601665,7.429695395970574,7.72309441730629,6.262646534802833,7.638354321412861,8.059046703614518,6.963608454404482,6.987119706059213,7.217408147036354,7.258031448862456,7.100673895814068,7.485099617108474,7.3728657,7.287612563015037,7.215351185662267,8.119467518231993,7.797389481339704,6.831195340153342,7.243056596181591,7.576555084629842,7.586381837268409,7.647287151351231,7.704015914120728,7.721504926984325
2023,15,2023_15_DAL_BUF,BUF,7,K,00-0036162,8.387193982081085,8.057425,8.19001873977466,7.291323359988256,8.10152701220522,7.42295976047245,8.03749829263355,7.665952038606152,8.061794364414855,7.676738109438506,8.180549161567363,7.901092646950982,8.31727457994562,7.975331611003174,7.869804908143509,7.519706206321461,7.727034312596023,7.689750679769113,7.852450999336421,7.463222537813309,7.946277648464522,8.280241429304109,7.102598164488551,8.068033506282465,8.034683161757473,8.242595165475826,8.082910474502814,8.032590552530257,7.744360265912711,7.910545544198829,7.970592730813062,7.946986,8.113555797028766,7.974440491981642,8.473585801571343,8.41157296833563,8.485071744885524,8.159909398934396,8.39904998798802,8.411415021199518,8.49386589488409,8.408460342071617,8.429726702062146
2023,15,2023_15_DAL_BUF,DAL,4,K,00-0037692,8.217883771186383,7.6980395,8.888873149867777,8.715352506756691,8.684542661722995,8.770719928677362,8.333972590233234,8.411944014145211,8.279073186109573,8.184248665228592,8.580428770727583,8.173965537377548,8.402410194695205,8.09550247824633,8.193654136801348,7.970271003460844,8.456930164536038,7.534306630333387,7.760695363622328,7.202152414347199,7.939318293385516,7.140508768721358,8.607391416579073,7.296655663412687,7.484464834863764,8.395721449700586,8.15815829987846,8.195822364285728,7.920596916514411,7.8472084269219184,8.417441290700946,7.3799787,7.204151462344768,8.08903753856753,8.270786448808114,8.104416766293458,7.600561405715771,8.674124947274937,8.2407470082425,8.25005572921645,8.124497724479559,8.257189014129466,8.29649425707255
2023,15,2023_15_DEN_DET,DEN,5,K,00-0032569,7.808966044316021,8.032726,7.308428802128581,7.255508892247043,7.453264546608959,7.537024597477666,7.520869871587338,7.69040282574005,7.658729097276272,7.65928720235209,7.478412785426715,7.585263185659002,7.769932605539984,7.809190475396845,7.388422581135785,7.68155380752273,7.438982460272768,7.725787706704648,7.466705189127735,7.8326894157537135,7.559015297899279,7.567976863289572,7.31724630390295,8.400526741950191,8.797113618611611,6.882441200986976,7.348954826312693,7.636852276363966,7.539400146204141,7.460274617073503,7.743334230351203,7.244094,7.10205240272111,7.642334260444988,8.016044805601247,7.875535477314064,7.11573518727187,7.711824464914172,7.731326015083921,7.706529096106535,7.856353234882795,7.826801037792522,7.844636031269023
2023,15,2023_15_DEN_DET,DET,6,K,00-0034084,8.510879524048566,9.021036,7.80966119598392,8.819538646471193,8.138576853063176,8.905592868985778,8.51910760976524,8.714383647374767,8.499036281056354,8.467658939371562,8.432124282649747,8.584133728440541,8.459951738576477,8.383986820900764,8.615497155837286,8.23543823988958,8.93488653677225,7.72669189749331,8.775728624677123,8.21139127592397,8.883623264592211,7.81614327640388,10.574826822560546,8.24680928533715,8.451449748570397,8.062478825929777,8.327260153746487,8.321537816216086,8.193495552229603,8.589026005733098,8.553363529480254,8.200163,8.318786267499796,8.366200074239378,8.727509733575744,8.533881766372563,7.994663284924855,8.398037844671663,8.418378052477633,8.42203466531179,8.44555258957117,8.52910463770893,8.547329751369293
2023,15,2023_15_HOU_TEN,HOU,17,K,00-0032726,6.949022464078239,7.0570393,6.14877731574863,6.471875998021188,6.01340071681875,6.42043409444825,6.297331266061383,6.456261903840799,6.677525218021804,6.994159265400357,7.189367451058368,7.134775822821428,7.152376479870753,7.061447847658349,6.769304207930442,7.044510799404655,7.314344010523551,7.343901249988724,6.942174005791111,7.0128314263690354,6.8082068011842285,6.381272784221844,7.494945542150428,8.013891051578089,7.948300795156911,6.081075503703511,6.414387766091868,6.95273466406416,7.037192864559953,7.319805350428195,7.073183306157324,6.806498,7.0274496833463695,6.988926938956981,7.152731118938906,6.682499687765105,6.002649976246251,7.649691278329504,6.866541992442221,6.881984056976172,6.9633799550255375,6.963419435337615,6.97781640659699
2023,15,2023_15_HOU_TEN,TEN,5,K,00-0025565,7.511897105596587,7.5961175,6.902453870041875,9.292509387446993,6.918530641254397,8.907428648617497,7.015557984952502,8.373261107653903,7.259041621795304,8.09013802710942,7.610654331465193,7.664010487460273,7.456630135591569,7.826852831527785,7.037888120737175,7.627489483155445,6.9076124406418025,7.813960635460722,7.337197327137856,8.396373766275609,7.087412588991923,8.090277779571675,8.317481797487481,8.391541397283245,8.181267735712266,7.442457796117635,7.377414030411242,7.557800430553292,7.279680921059768,7.6576637424619936,7.572144401918087,7.4220147,7.67732430647951,7.549677270802312,7.772320072644604,7.271871045801188,7.17347577237641,7.770525441225447,7.466976724642953,7.44287269869422,7.50564027953487,7.527992206157427,7.544087306718268
2023,15,2023_15_KC_NE,KC,11,K,00-0033303,8.99923762044929,8.296931,8.551118104019162,8.762850135196691,8.742688684157182,8.979434937274569,8.606495104526504,8.959193799541696,8.25430054364665,8.510685944105807,8.759545936087946,8.541432190385706,8.576713803774052,8.69020948230733,8.594106135032844,8.469252891437607,9.124141478063224,8.406163137695552,8.85244186038609,8.127126515179453,8.789988977062368,8.021728558333415,9.908823265482434,8.56156000132378,8.68112865986367,8.640960662473287,8.628133807914223,8.206331632704918,8.449323319413567,8.691723614350463,8.632968358716838,8.706248,9.437044647245107,8.04918435044441,8.777530216127587,9.272659496879927,8.482358457701322,9.04339455544455,8.875537784133357,8.977851615840581,8.992368911372639,9.022179328432175,9.04512103641506
2023,15,2023_15_KC_NE,NE,5,K,00-0038567,6.123896061918982,6.5000043,7.089913122594382,6.327002430387861,6.073673142569308,5.647969079632274,5.835715922873042,5.65463614844481,6.214123768783903,6.110706214600636,6.422061777867913,6.393990117518092,6.474949867046095,6.36111708712503,6.491481222260379,6.410527590178751,6.248322947413951,6.526221244334981,6.86342303839485,6.453388998638413,6.2005788055585285,6.340947265728467,6.26112425835182,6.377909150533903,6.471051576251429,5.915484828249477,5.585606831187276,6.084562192258538,6.34950389576972,6.4282567891724405,6.517946834991868,6.201201,6.077977916087016,6.339344918765963,6.361428346264778,5.637904286959657,5.745393190935732,6.928832620810563,6.068555390353854,6.0552069926015015,6.1823513851885235,6.150940818841084,6.177985575763188
2023,15,2023_15_LAC_LV,LAC,3,K,00-0037224,7.7315838325498945,7.6342983,8.528288733869733,8.511928844305395,8.254199691508802,8.586079805996725,7.885568115153013,8.27290295407408,7.627667146754664,7.918907899323983,7.205868871809862,7.558007975277551,7.506306227257124,7.64403285268982,7.560550043876319,8.026767376525823,7.750537780375946,8.422523220665799,8.768895294561869,8.351738431670226,8.069988947866694,8.516868618371495,9.402964888493656,8.98896671300236,8.255149701462967,8.601599424742613,8.172557709026798,7.757372495483159,7.710052816683319,7.985459501061348,7.645964091874696,8.280337,8.68958587807618,7.5328522149925,7.921498558755679,7.693497502325046,7.815009093935222,7.481171772998246,7.62153578611862,7.678392797891746,7.763491189313095,7.763303680660619,7.7950235287713445
2023,15,2023_15_LAC_LV,LV,9,K,00-0034161,7.957110032353615,8.173377,8.59369269555772,8.618538007376438,8.400284000011249,8.584587768799468,8.043202067975368,8.220458796963268,7.825085597623175,7.76318408550037,8.13789784736434,8.22421436566033,8.067087375390514,7.975941709631986,7.922923233189326,7.633083905671896,8.462587908282105,8.23598453254775,8.937429599827565,7.711168014314468,8.395851466796652,7.874883501633443,10.87217747555942,7.679230890539173,8.513791650870735,8.50504980321352,7.963711525440961,7.613548059753653,7.744369624510552,8.370802456972758,8.133633692572296,8.051321,8.126318552745891,7.579018934670614,8.021790355050616,7.915433958286447,7.990121985567058,7.926935719835729,7.890102106940331,7.902947164291016,8.016677724755926,7.977143891755033,7.997177751156454
2023,15,2023_15_MIN_CIN,CIN,9,K,00-0036854,7.862062983672026,7.7638597,7.093567048849134,8.359933606113048,7.193854769538465,8.518474973624748,7.406435026572198,8.454940907479696,7.625958041398944,8.253872858242675,8.379684631874515,8.593418520722459,8.073618518971697,8.284847492119123,8.013988141399182,8.08590996486118,8.063175567283585,8.831273079561184,7.98979196140729,8.457931509517605,8.242798666554291,8.738988657312786,9.694156984675535,8.763313972385127,8.511361004594717,7.472724273935873,7.561756636977675,7.821222370553924,8.248676666836365,8.49702772193607,8.374652677862663,8.301094,8.492548238974146,7.66948185369011,8.23086820300528,7.629963922101078,7.2771374419856825,8.065516048657217,7.741094891557648,7.746479354471754,7.861515883701163,7.8871722951662555,7.912281606660482
2023,15,2023_15_MIN_CIN,MIN,6,K,00-0034450,7.423950488038395,7.224782,7.306845418001761,7.523643629803879,7.442042510865774,7.640583005852924,7.485546028812021,7.581477545494012,7.504706630997509,7.484811322509419,7.784338830331261,7.182259615319687,7.597066546936626,7.242647763730918,8.025398893418215,7.342082317383672,8.471726392346753,7.458139951137141,8.688486069833505,7.226948804728057,8.051505710696274,7.27154956564348,8.437678511930285,7.900356430213029,7.426774391119607,7.003939537192697,7.338805860783714,7.508064189327124,7.683825216973059,8.043508837892185,7.472788687318677,7.551192,7.3173844868988285,7.458534082689355,7.4884102624319855,7.41714181844675,7.205262071238594,7.450222374031198,7.394372447557265,7.421474510195795,7.448060764303293,7.440567413544352,7.457184339050309
2023,15,2023_15_NYG_NO,NO,8,K,00-0038905,8.830134459849798,8.610658,9.320510299926278,9.854525693724804,9.32265464428343,9.903251282021158,8.967220636181635,9.528493028778144,8.62652650718577,8.91960905620051,8.098690758991214,8.434065135617807,8.219340174029657,8.515837967837035,8.13344424643042,8.301698014590842,8.440917601010227,8.465715495532924,7.923904562342761,8.588971285853045,8.283117468456652,8.075796289770743,12.057342570500063,9.35410565238269,8.947139113512062,9.239757144123669,8.998065853526024,8.609224133335003,8.29370912642727,8.331855448157564,8.247043808140377,8.09512,7.897129827648261,8.602583018529893,8.833744377660237,9.10576445191061,8.159996185402369,8.608528736236238,8.698292549503059,8.748908322601503,8.846476700536368,8.872267880104376,8.914401300358952
2023,15,2023_15_NYG_NO,NYG,5,K,00-0029421,7.176898947443704,7.5325017,6.891617116855592,7.796532953604245,6.831401397550757,7.315273280920447,6.984447099437602,7.036177319912204,7.162327433217836,7.196342677136493,8.113765357055499,7.683897620179196,8.16970472202649,7.815736327428561,6.541019217885776,6.474288092419076,7.105708474040876,6.450588950700653,7.2834161539013085,6.08827579859528,7.592298945156954,6.179612203929956,8.937817014289974,8.02579912951057,8.145360969619281,6.379192023055026,6.966653706163827,7.259839230306114,6.4467359970674325,6.913473413927272,8.254796812605926,7.5905633,7.441828262863238,7.256803814859004,7.366810929804982,6.637511133591911,6.219900140768896,8.449306004942773,7.021819273715694,7.007958159002246,7.1778962080223625,7.193957408181609,7.211015868919516
2023,15,2023_15_NYJ_MIA,MIA,12,K,00-0034794,7.741271500334647,7.9045734,6.838944189998443,7.785582140957796,7.0745324151278375,7.235606488665083,7.385003954025361,7.0361260575866655,7.56861605590955,7.613443503941573,8.297990951250217,8.368248799980028,8.021112314800884,8.288789628423075,7.599321141930832,8.12441439332766,8.044345682859454,8.314940386561151,8.078387324861382,8.338409423694323,7.576468237428854,8.532823100991727,8.392408122205381,8.669494191224526,8.796259489107094,7.448281407494588,7.628599375736038,7.748535071008393,7.9805509546056435,8.293173155498694,8.100209597002825,8.300036,8.335946705986613,7.703465672372672,8.02879365084825,7.820656001301636,7.0084369304749945,7.517636557560093,7.738053417972669,7.789535775171634,7.703866767986292,7.75997422784089,7.778676955347135
2023,15,2023_15_NYJ_MIA,NYJ,0,K,00-0029621,6.957981688582061,6.556878,6.831156018267763,5.612873176140646,6.788713946602187,5.676647510429737,6.824137014965483,6.0005613728870415,6.9700973469975285,6.432116988529759,7.740338019747919,6.792767278881629,7.447459382346783,6.718425244870599,7.221209207778415,6.477595453120039,7.613428004998072,6.410777382065713,7.668755890186047,6.518449021810731,7.514013340793188,6.812562397011976,6.177034940757672,6.7767226873247175,6.553663576564468,6.708125869848062,6.696118995822776,6.887888687686907,7.080346097451645,7.344540798068293,7.655588941952063,7.0899744,7.216043451830435,7.042549378420615,7.097535378995114,6.7435593476829085,5.923514308329878,7.694729524886876,6.8609829965307885,6.943686683219154,6.893194834188618,6.977210901933143,6.996440115284223
2023,15,2023_15_PHI_SEA,PHI,5,K,00-0033787,9.122608967378548,8.159222,8.845817516951014,9.01411433175012,9.199619107141478,9.145240269172492,9.107709301644896,9.038029657359534,8.709101203804215,8.626144894341111,9.380499004588517,9.026088329304557,9.145472805193103,8.764431674901035,9.805553967289743,8.932860776146455,10.490309217467347,8.804626377984041,9.855971720057276,8.387118920252691,9.99941797027755,9.20691476876887,7.7773038841138815,8.766914665712168,8.587893042792471,8.99322564175248,8.924298773610458,8.534894662109501,9.30917668565698,9.662139601245856,8.839144552838034,9.063162,9.266103572803267,8.57896483239831,8.651662370286825,9.061542941809865,9.057667896493221,9.98363144959616,9.206793993736909,9.255391135393326,9.137942764941426,9.147403205743197,9.172197444107848
2023,15,2023_15_PHI_SEA,SEA,9,K,00-0031492,7.298628356348316,7.260758,6.652098407747287,5.104348847383452,6.836156602101644,5.981278413828205,7.3741790656169135,7.309637947995744,7.688091234467955,7.841947331504786,7.2407076483900195,7.304232263390237,7.20291970866273,7.368909728404307,7.698173882932364,7.825337184350095,7.697142427799332,7.838995655699351,7.277152339198121,7.626026130562999,7.767369818236004,8.61940227535289,6.736417139011838,7.976238552153285,6.775206424730279,6.690169737541062,7.387732364155499,7.8238684226397215,8.146422144061445,7.878411691029395,7.114537245315493,7.767938,8.063275554245518,7.816073279062586,7.8710009383899555,7.352112752830524,6.671737685578557,6.6465460257063205,7.247446526794441,7.254962312534085,7.314965719332296,7.316687460240738,7.334746564133158
2023,15,2023_15_PIT_IND,IND,13,K,00-0035269,8.584177270202028,8.302202,8.765077362349611,8.504121391516204,8.783935532079276,8.404412643523996,8.663567717655189,8.3807476951258,8.380920343443806,8.246190369814737,8.35709678830558,8.500725901800298,8.427456952790516,8.331453759521278,8.178685603323348,8.217854630029668,8.573807164819259,8.064688371469948,8.608751738909215,7.844531897624538,8.566373550452168,8.31021076874951,9.90237301095613,8.607015527418234,8.686307431593166,8.207575243468066,8.512405348228071,8.290075430217868,8.42764521067111,8.513758454721144,8.388349763773203,8.741313,8.934354538203346,8.20840511350753,8.672589922862183,8.854778066795834,8.11744084385057,8.143724911199913,8.550504375009703,8.593512208811212,8.630938753602777,8.608846463272423,8.633515656342816
2023,15,2023_15_PIT_IND,PIT,1,K,00-0031136,8.101528544715986,8.032663,8.01268676004003,7.237145978654182,7.964926405812967,7.6523536157022,8.031686264771945,8.13860477001406,7.99540454797964,8.14265382056272,8.430459362494942,8.10142423182948,8.466160062017666,8.230333537339382,7.492083644566565,7.868144579573833,7.937267404982689,7.495601912272211,8.013499821610877,7.636517392934431,7.655532859152987,7.978267485363851,8.854488060536895,7.997020820023503,8.744526331389347,8.223356258365099,8.323981911871606,8.163609678926612,7.752050034755244,7.957913376917648,8.405517800551069,7.6987023,7.963198751058684,8.140526438079572,8.170680950102263,8.082048119480675,7.5249886999571824,8.3250307094866,8.038040379388303,8.059612998227916,8.053125403862442,8.126040454102393,8.150552363488801
2023,15,2023_15_SF_ARI,ARI,14,K,00-0023853,7.297945379569993,6.682763,8.716250164707976,9.06174287969431,8.435478837132774,8.559285155548425,7.788383972885006,7.706369077059626,7.493810741349418,7.152171871479818,6.765941445627021,6.636033489957445,6.5277426262261855,6.500853665512813,8.249018202970829,7.606554414934181,8.228188192275406,7.875697733675918,8.757317850929848,8.070103120237977,8.190196508129024,8.132654778651004,9.320657633143748,8.074871157489811,6.503786066593154,8.484126552959848,7.785936985815206,7.4256550246749935,8.063870404999744,8.755181475426891,6.709001289924315,8.249351,8.509974444915363,7.453383255139908,7.230447515726032,7.761499283053852,7.6799556780127,6.281079219146863,7.323292006037335,7.3604646130665845,7.3321779410391175,7.3243727383592825,7.3508000971485705
2023,15,2023_15_SF_ARI,SF,10,K,00-0038562,8.44433418471489,8.928922,8.976702200231164,9.247321709384613,8.841445471242544,9.077967819672557,8.661877435688599,8.90203668072348,8.575255597914191,8.718591059706936,8.615701022326315,8.549398621627228,8.417808808717552,8.610876045262883,8.561813656185947,8.407963684892113,8.311671709928625,8.420802039859447,8.213996805631535,7.974166651192274,8.62483226132663,8.120087452945436,11.1510227687008,8.46835404284954,8.568286905340756,8.472125945508795,8.345427131755587,8.371997833274738,8.457615210690157,8.346827559005542,8.582306403894485,8.3471155,8.603066684256275,8.498562562289283,8.77669180948574,8.127763712510527,8.792740162278175,8.404735703185699,8.389677514828982,8.337588731021924,8.467593556596235,8.473287406583573,8.502240628452254
2023,15,2023_15_TB_GB,GB,8,K,00-0038402,7.719801971120894,7.8537064,8.079102168787339,9.007926069273534,8.087328250812249,8.888730730415016,8.094708111012755,8.503310362060152,8.109047767764464,8.265775426673496,7.859453846007888,8.2199735160992,7.944808239449979,8.207975978757439,8.054956121320886,8.533901644819943,7.851837441417959,8.55348659600449,8.076238675002903,8.709083901590404,7.757516447620855,8.488562909199606,10.619584854783602,7.983180678703821,8.153618813023416,8.306932754153411,8.402230460620967,8.374409761250728,7.997200125238501,8.542188504937155,8.009007346460585,7.9031425,8.083951866063298,8.396761920342925,7.5886477941613055,7.837982327754756,7.769955098514073,7.655095959595961,7.795524617817085,7.793319555032966,7.722603142828974,7.762360868676086,7.8049197662312775
2023,15,2023_15_TB_GB,TB,11,K,00-0035358,7.542665951374538,7.1349354,6.545326559713248,7.333126004766051,6.453137158489686,7.658380470115157,6.605380946579567,7.570114071457984,6.919941889526228,7.402013979531674,6.972104036614767,6.70451525986407,7.004559280238697,6.853373423535636,6.751803309597243,6.64052572483331,7.1518518545662495,6.809742243626221,7.355325511980796,6.6972747711349125,6.502335738970042,6.471519610154079,7.765819812071171,7.07367737326309,7.112840914651345,6.958631855492039,6.727132251390719,7.021454353790134,6.607282337731011,7.039941720818529,6.746475628943103,6.2009897,6.708973831377668,6.927698480709221,7.699534656954463,7.592201097694009,7.053242606729757,7.4530042726881,7.49114425898245,7.479422990028109,7.6024624011848445,7.563311188659648,7.583956425944757
2023,15,2023_15_WAS_LA,LA,8,K,00-0038152,8.70719719110526,9.086919,8.483219123861959,7.925952175150588,8.609897878685667,8.589351207736442,8.797863740378961,9.34830182535372,8.835017547648242,9.280307800991311,9.122734517131631,9.297865451144428,9.045519792437828,9.299395648875926,9.051951780119396,8.92610190309818,9.247647372872375,9.496867465991286,9.188517703482985,9.409071875191769,9.305922152967298,9.08422725765027,7.857985345146584,9.344662730899769,9.433058290869049,8.509748720640037,8.755721819251812,8.758193404235133,8.94421155619439,8.808600430952644,9.020666529056731,9.04132,9.222725556353302,8.817817360563101,9.073215524899563,8.086884576854953,8.409101289183647,9.547842869875225,8.667856721681241,8.63708149577765,8.641548221198336,8.743288284403693,8.779379377702124
2023,15,2023_15_WAS_LA,WAS,2,K,00-0035192,8.275353895687683,7.918916,9.789248921628534,10.55612102587801,9.56082078569667,10.17183139120259,8.742866656222178,9.22934674928782,8.206139539338837,8.429925741003865,8.476328961951808,8.203897905127874,8.514321107470005,8.30987663973513,7.82817902372553,8.276065043617361,8.173789215327771,8.18746400794005,8.607709103543366,8.285808166344582,8.25380301786041,9.062316536973915,10.91575837050742,8.307229625732019,8.86462661439197,9.715561477895347,8.899211530391,8.206868142172912,8.120680827834178,8.546249745087742,8.345404691021809,8.61176,8.595585394622212,7.944659168066221,8.182256594023096,8.530038210394855,7.883942446004239,8.101336943611944,8.195667540364866,8.277991047423404,8.311736421057976,8.30498041351657,8.33460693134546
2023,16,2023_16_ARI_CHI,ARI,6,K,00-0023853,7.9440684724740445,7.1139755,8.711684231513601,8.163417171741813,8.532508557029098,8.157161573322476,8.027045784311806,8.140330439057992,7.702477231765378,7.93506209426147,7.817759297193349,8.115267331336401,7.630009651052907,7.808611505717597,8.640114910341733,8.867003741291004,8.905465919558015,9.085490783503952,8.788162466088027,8.999427685249444,8.362332662546214,8.752053599939632,8.09042366975071,8.750665546714508,8.328114393960117,8.391622766958713,7.85652431002484,7.557999737345511,8.76000183330512,8.544700591289129,7.724019021062916,8.813763,8.84586384383187,7.4745082942828125,7.8088138918942205,8.23354645177575,7.493197239538907,7.7934300012079385,7.890517649878191,7.968238436929524,8.000081417514462,7.97066958970107,7.997270706928095
2023,16,2023_16_ARI_CHI,CHI,10,K,00-0031203,8.235333915628633,7.9225926,7.490729778901023,7.172862193639478,7.6703564276860385,7.463057742126152,7.981142687924688,7.699700737929361,8.090826935000312,8.032074194660993,8.35116622208196,8.704706465567623,8.514109323932054,8.41888053093334,8.776596395970516,8.117890660316549,8.888155711182952,8.057981183025868,9.23310349450152,8.541658461527952,9.496927778581036,8.362886491837227,7.79747907995509,8.277621953435387,8.476806109889859,6.768913129274441,7.409506280741541,7.816260711490721,8.371481887742704,8.65255055739558,8.343001444830094,8.527216,8.906130949370446,7.903491252849863,8.578474984022066,7.813051746703775,8.250169285728868,8.557768965838077,8.163813065250224,8.170003402685921,8.278970614987788,8.255375289455252,8.27541666328187
2023,16,2023_16_BAL_SF,BAL,16,K,00-0029597,8.20910647445288,7.197878,8.340904347104416,8.204009504862881,8.226605370612006,7.896523032437351,7.89165699677527,7.487953406293299,7.831870534377549,7.366263824428646,7.990868264097196,6.991512813082546,7.574406127776128,7.167309308350207,7.144774002293731,7.116735101931016,7.347555250082831,7.292537253326272,7.225351338092929,7.383294665774112,6.957987994541261,7.056206808487747,7.913132887626713,7.742502417379463,6.978211413981064,7.859795662811355,7.869876367662109,7.915620977223327,7.480396084018025,7.1675825070042665,7.777692540992164,7.390972,6.988386686451525,7.614508195387117,7.510464954797397,9.023452992989654,8.267755413287272,7.599051247445366,8.29214915168843,8.318073638899783,8.256127606262334,8.226992935759315,8.244879397065748
2023,16,2023_16_BAL_SF,SF,6,K,00-0038562,7.967515547077659,8.365881,7.711898368316122,7.559053457090949,7.753388162729315,7.624182833217501,7.707179717160708,7.655588038486948,7.767962989686452,7.718933557038762,8.56673617672218,8.455636281540494,8.472413653265596,8.369913300280736,8.495270725378852,7.974931154032644,7.848899105593507,8.101667985332258,8.163777003676334,8.492178746105822,8.18904158224624,7.859136117921137,9.426145748735976,8.499251197134921,7.781016231086234,7.565015905847117,7.743225698778508,7.894352372188942,8.973207915684286,9.073056271391502,8.68192524295394,8.687233,8.314867654212733,7.9992158276547904,7.895367554781577,7.865477864228311,8.090599212244122,8.218271068637245,7.997382591805306,7.959467151112126,7.971744029904545,7.994152583646138,8.020789620214616
2023,16,2023_16_BUF_LAC,BUF,6,K,00-0036162,9.25610430524104,9.479215,10.329832536219524,8.340942271781639,10.193677710714653,8.923002179319504,9.76201501742748,9.256829583355971,9.33881312127182,8.959674729175948,8.684850712710267,8.44740190869361,8.727207320508612,8.695052488974921,9.02094899571355,8.513596856559518,9.058242627888683,8.919459001918552,8.506075442996423,8.619947360995305,9.05796855004434,8.47571463653476,9.154097715912188,8.66205057296871,9.215733073587492,10.288434874117907,9.777992926308166,9.1281410055056,8.69638240340919,8.660528495187412,8.52695602290354,8.488101,8.540860178869142,9.251256361405224,9.830318859905677,9.377199099974128,9.51206783000696,8.024611121394948,9.177709212472646,9.233664658057052,9.349641760287986,9.279415533910642,9.302726762580239
2023,16,2023_16_BUF_LAC,LAC,21,K,00-0037224,7.241885755892722,7.1432095,8.273462258997336,8.998648847932907,7.80687642311695,8.663573454208702,7.254409166432897,7.587695107074746,7.145378043060875,7.068107969701522,7.326924576021347,7.08516870946629,7.360136568556259,7.356537313395997,7.256957011957932,6.76155726643741,7.202522576771351,6.6063537477220615,7.753078525290844,7.039193302240181,7.321531429527848,7.424662159404051,8.790701281470085,7.476272868137135,7.921042570754918,7.756526797541023,7.105012106527641,6.983067962452314,7.24230911140529,7.275858954642349,7.342132352899928,7.4642205,7.461632509727216,6.804128448058908,7.44721406937842,7.0956849958966615,6.9804118689388766,7.357031749133219,7.120671292913655,7.179196384332535,7.283585609238814,7.272432257403307,7.302978758913892
2023,16,2023_16_CIN_PIT,CIN,3,K,00-0036854,7.788438335880427,7.668007,7.100373216236993,7.406383956946467,7.2025930161078335,7.767456706151115,7.445254637668973,7.887885283891635,7.696559415727452,8.050503689807407,7.939486045131123,8.210235615023468,7.864841635707041,7.980904634889923,7.998390945699169,8.357726367524627,8.09773458046243,8.474116459651947,7.666231895596657,8.43808498734472,7.972641248508083,8.607366664259766,10.308825984417762,8.780029348710833,8.370241871273993,7.0531012486617,7.335188513631962,7.793868833829627,8.271708180402348,8.191500546357998,7.982643314990042,8.086253,8.1487017236453,7.579326723055649,8.109227878713723,7.552525784031516,7.41476205277014,7.965917266883446,7.743422323878573,7.757842468079252,7.787336181089891,7.812178060685543,7.835917785490661
2023,16,2023_16_CIN_PIT,PIT,12,K,00-0031136,7.472848880904069,7.128929,6.755104069486839,7.371139065508661,6.689274947278125,7.528980865375821,6.924950486389083,7.41646947644116,7.129609316512089,7.285263446490619,7.515057912735462,7.015952492764201,7.411680082685749,6.906133087102352,7.6578307702238195,7.019332808090752,7.795550142535463,6.944162451581176,7.425963654106824,6.741422851876123,7.441915090536749,6.803723680816381,8.98687773806036,8.860432889091884,7.199198697156341,6.646461706258016,6.993395376938414,7.174035652336218,7.233713269231122,7.492521162936874,7.232755202705307,7.2309375,7.57774590913219,7.151477055910315,7.334741527182498,7.589776140488174,6.961881787175326,7.701638939182587,7.443232796822809,7.457104004603778,7.468769188753804,7.495731773457511,7.5186146660109525
2023,16,2023_16_CLE_HOU,CLE,2,K,00-0030098,8.342053947658707,8.365082,8.979250204231793,9.014646405807676,8.58758952596212,8.711315306298097,8.207146896758927,8.523044424890578,8.06174742521559,8.29391699623445,7.977652638133779,8.62013484357818,8.19601180766736,8.402874897843606,7.442495295881925,8.0185994698858,7.310131703534239,8.213679505581043,7.675998688191521,7.947155551972068,7.270296523671459,8.181856333453664,8.604827833310624,8.569502116471476,9.162544366873323,8.66495256755259,8.247200922531,8.065067329988262,7.618459262710166,7.544690265966116,8.30165607737975,7.561617,7.466152865152234,8.038612194636627,8.70408569044979,8.45985652446292,7.3465485151782275,8.061153896103892,8.161435698144766,8.19022200425914,8.300058521397132,8.35982064108336,8.37758733450801
2023,16,2023_16_CLE_HOU,HOU,2,K,00-0032726,7.581790516118224,7.826004,7.45637746198976,6.985715929789288,7.290946911802449,6.862478141182832,7.412708599857797,7.213184526963242,7.567026822776653,7.674179987744687,7.776799605117183,8.136169788778924,7.972862257725298,7.9651474248684035,7.554848290442744,7.962305135910871,7.715367983998188,7.33826689677049,7.366932571618402,7.594767774989202,7.483388514479483,6.7765117854623735,8.037523625965424,7.797615865531467,8.376037225582479,6.885147213252488,7.284056292701322,7.5444439841831965,7.658436616165101,7.81183452443745,8.071090532314896,7.838732,8.4673129624211,7.545612599254239,7.927199651437718,7.5968356588171835,6.3463784962182155,7.651292537691071,7.4822309529464075,7.52109910413367,7.520093383538948,7.599901636107949,7.618012756097674
2023,16,2023_16_DAL_MIA,DAL,9,K,00-0037692,7.981463559180063,7.695036,8.208494530537426,6.818037265151759,8.19822585115858,6.92357446219948,7.943700967473223,7.021919942529185,7.755733985638609,7.13890989151809,8.466606750279563,7.602348250293444,8.016080959051243,7.758853004474804,7.494511871696393,7.233018251177366,7.444226672708228,6.805135867821932,7.6958046641468,7.211265526641458,7.910288390424843,6.886338557531158,7.260906905749781,6.818502838269011,7.499282578171933,7.646523914290738,7.5633512683499005,7.539074444127674,7.244363893815011,7.586161762430256,8.023992769423222,7.256233,7.390605203535873,7.475950585643767,7.8032228519102915,8.047359594764856,7.558918944500604,8.328304856254858,8.072827788541717,8.07973635996087,7.920803626970779,8.019346295196884,8.057229031213707
2023,16,2023_16_DAL_MIA,MIA,22,K,00-0034794,7.91387337968626,7.9645753,7.306199565471988,6.421293909274704,7.289891583896204,6.306691407543776,7.411829407803589,6.445568618679176,7.679929156237992,7.036539425462992,8.273110292690518,7.943205967840642,8.15442718383433,7.99604819930915,8.154221585165688,7.489019101076705,8.148858719292209,7.755885734191275,8.024477782019458,7.2823669729659795,8.26758284268747,7.961463044176448,6.963377170608244,7.721991764279925,7.971432198929566,7.136217204132175,7.2357802828301345,7.542780959153177,8.086506884280302,7.88243942188328,7.983285855696344,8.215575,8.357227468442751,7.629147547809303,8.028476272681322,7.987372414921199,7.485259830178336,7.809277744477746,7.986378804035903,7.956186799216116,7.8865586192932255,7.92929060506676,7.94470783044726
2023,16,2023_16_DET_MIN,DET,6,K,00-0034084,8.331531402832116,8.679607,7.876231802663556,9.06917783163915,8.128374901654082,9.18117248410504,8.27736795555525,8.881589551973208,8.26049608682738,8.523346938544037,8.53103208582677,8.62981793264932,8.412616914522108,8.559395686225907,8.167518265562215,8.522059893672912,8.482489110274162,8.31259343762956,8.07885478213618,8.422033530049996,8.470199917768854,8.542820224732415,10.736178400778057,8.561625907804087,8.785829845093257,8.420494564355371,8.464223481054779,8.354603005143252,8.215045026971884,8.457356071602845,8.444919650537944,8.70474,8.344236169926944,8.215957534944382,8.42395628124782,8.302126113389033,7.672254146690881,8.581343292165345,8.212229971991766,8.218238010005212,8.313855675868826,8.349817222241752,8.368103041651388
2023,16,2023_16_DET_MIN,MIN,6,K,00-0034450,7.80918044454645,8.230375,8.483910685629546,8.6252540505741,8.396848509013914,8.271428803847876,8.267232962891718,8.171398106410647,8.168043686504365,7.938029105275075,7.908530566268852,7.942836829030164,8.041489359873612,8.127746903823114,8.072381474924107,8.18397122948169,7.95453788172173,8.26474720616662,8.169188987554438,8.150855020300812,8.263979144381224,8.311013417266006,8.61681022901503,9.034431144511831,8.657225783081676,8.164242626123116,8.149755293298261,8.070613694008099,8.09506395916026,7.960731386021167,7.980356941442677,8.143637,8.139250266625298,7.898051601565289,7.979261190959097,7.958085003144022,7.759169254623041,7.28125580269404,7.783958655547248,7.80427161921087,7.822796169276825,7.826273204117272,7.843365963688094
2023,16,2023_16_GB_CAR,CAR,6,K,00-0034173,7.473246546091264,7.084006,7.564631613826205,6.848434342869462,7.425893839639477,6.91212038545669,7.454170841811525,7.414631940358467,7.512906053977977,7.533800735598683,7.624637287319823,7.637138262097478,7.547496803513093,7.692674800547355,8.0027177269371,7.593998648084134,8.092887921889256,7.742836766677353,7.621801961744723,7.65738657878392,7.863893250274818,7.819188533887274,7.046123066861683,7.45552529294351,7.4160358401864945,6.777901633717703,7.13201689737186,7.378980820446241,7.438481574724158,7.782260332317153,7.539038301456203,7.568597,7.73984110060809,7.644234588384309,7.838858102765587,6.980181940540899,7.732779821733431,7.781191784359429,7.4585587407950005,7.472137332579351,7.544617345374858,7.494716224726645,7.5161859033620235
2023,16,2023_16_GB_CAR,GB,11,K,00-0038402,7.796366032555966,7.71293,8.378152367671742,9.467090650619651,8.536089871762103,9.388130528318646,8.502676814185378,9.090513799528225,8.257374324970684,8.756194532241516,7.94352878291035,8.02862512786518,7.808787252999895,7.981941306764797,8.074822323926822,8.729792316930336,8.031594277013816,8.984446392921207,7.9312230234438355,8.923154726560456,8.252056566534865,9.017892363959556,9.61916350259684,9.720747603228322,8.362813488388165,8.046642372476946,8.077838681571208,7.930345800925341,7.97088999157873,7.841589950851989,7.613746937513583,7.7656636,8.085881458231652,7.8780896900708335,8.108735572898407,7.528351525446324,7.823997852770657,7.850024826154239,7.697764082942676,7.756352552158301,7.842955452116937,7.836675071991347,7.8769841114267285
2023,16,2023_16_IND_ATL,ATL,19,K,00-0033702,8.431670860388792,8.5567875,8.678170553565076,9.0385588400535,8.194346850020175,8.644431885983279,7.968255032393338,8.283768605713245,7.926372068120399,8.033245277004275,8.278574268753115,8.160785174020102,8.084233692693564,8.015334571788504,7.983783031441276,7.828566309101044,7.9827704666021635,7.959206470099646,7.956786730327531,7.996892477021869,8.000485828774694,8.161496052080265,8.706044266873546,8.095287160518774,8.101737192544679,8.212736131026302,8.007703514428409,7.912996468210952,7.982957926969624,7.958391907228651,8.218043071140098,8.034302,8.151867437338236,7.938788822463842,8.444146944984873,8.717513136671244,7.547172487205588,8.283521367521368,8.36738377335217,8.353804600111001,8.430850127453219,8.452463369046425,8.473255877704059
2023,16,2023_16_IND_ATL,IND,4,K,00-0035269,8.250264854025874,8.01771,8.675253872371643,7.665822135828327,8.57328041426097,7.807911000873726,8.420965007131244,8.140904491614315,8.253568229830325,8.31139393988162,8.641558227360525,8.698028099275664,8.723574403987016,8.515846821353454,8.00302780608434,8.29544773960848,7.894509624509028,8.1969511473463,8.04704555757805,7.635651711266912,7.963140003837839,7.762256203483108,9.879049683361073,8.357434541775984,8.658627785371673,8.580864636478028,8.703742770869,8.515784157122436,8.921834263810009,8.898092344782215,8.854375062457697,8.801629,8.597466492470401,8.512061505370584,8.281161256813784,8.18320837111109,7.782300717901281,8.572015283735873,8.23135112120773,8.246878398835053,8.293705769125399,8.272418371249982,8.29457188847409
2023,16,2023_16_JAX_TB,JAX,0,K,00-0029822,8.971585599157864,7.745903,10.02120350590507,9.876952486092458,9.587851727181596,9.651235091908394,8.661187673296368,8.557956411642175,8.159693478864716,7.906468402375073,7.637033516133691,7.857973773847587,7.845634997218744,7.858685820217925,8.140488214969224,8.118127549324818,8.212587110105856,8.31300556752212,8.581408351796943,7.708703946642674,8.690525595986855,8.558502694488688,11.364047751507444,8.62603080429454,7.930329732331589,9.878549289504168,8.876115700372061,8.259990757144758,8.493187878241836,8.670598327468896,7.995925585652059,8.223431,8.589136310924657,7.921305594529062,8.865964786360802,9.899128121560159,8.489037213743682,7.516205966255959,8.89468249919749,8.997289972820747,8.944798167841983,8.997206973352881,9.022828347547897
2023,16,2023_16_JAX_TB,TB,14,K,00-0035358,7.699746253045657,7.3865175,6.704517455527534,7.927164190916196,6.678379064285171,8.169611686661645,6.884766072152611,8.147575275995637,7.232003479568493,8.011522615849561,7.584171909169489,7.560290038964752,7.577117576565143,7.64654664604067,7.625648848748836,7.977880318423995,8.036527562617232,8.125568444099649,8.285332792076144,7.752484693108247,8.191182526842931,8.6943222998887,8.98935122660399,8.110903429155739,7.932556380715173,7.711895880637839,7.268997690761899,7.418483840841877,7.823160326612168,8.07711763357965,7.673267371385164,7.9108834,8.74470649747793,7.204825037290697,7.780642735163613,7.484191953148224,7.034507866117127,8.342129323127851,7.656756011583301,7.665953242761562,7.749653983526195,7.719366329846604,7.738986406647552
2023,16,2023_16_LV_KC,KC,2,K,00-0033303,8.669974063292738,8.434705,8.020978746611446,8.295976562793989,8.077823271075832,8.310043208405,8.062055235201118,8.122616550294326,8.010833782757379,7.937470080612903,8.68026110233219,8.473507478676222,8.505384136181416,8.55923240056974,8.408047680463834,8.03726921692653,8.53914220961465,8.080653344635467,8.417749747078268,8.245066783291707,9.404534040641222,7.889278421488365,9.524409139665858,8.121993748800952,8.345666880109103,8.39059321613886,8.290833248140162,8.095089749763117,8.371458240335302,8.332906117645711,8.507301009962697,9.094734,9.31960150242904,7.984141894765761,8.338883564812317,9.166545553634936,8.205021817700086,8.405942953125303,8.629852811230096,8.666852758902827,8.612282735702086,8.691586382186003,8.713198701079268
2023,16,2023_16_LV_KC,LV,6,K,00-0034161,5.851883953121697,6.4580846,5.044760491041223,5.137429441793548,5.15733077634072,5.29448695240149,5.504447690777238,5.302703234095364,6.087940150550284,5.9378188275092265,6.807533118093027,6.116018018602681,6.612654335294571,6.337874190888543,6.007379850298662,5.927192165300594,6.2591626635053,5.978223469408407,6.545450119571015,5.386294082280321,5.716570925386519,6.200053566438936,6.704061687763641,6.421386571375168,6.31407450221475,5.308267690891549,5.413032785708295,6.130814514887243,5.990308533740116,6.655000039381525,6.6578774246293895,5.900456,6.2104681660558,6.170924492752084,6.047166238057059,5.3471460680221465,5.778928659444018,6.604913942756592,5.917004731909815,5.859678871428112,5.898286501724951,5.866847203674838,5.8818104542279785
2023,16,2023_16_NE_DEN,DEN,1,K,00-0032569,8.274063791053774,7.9315395,7.230742924674049,7.07099970225239,7.322298756919803,7.350185661430815,7.268660640652014,7.422675829996513,7.348732873991676,7.56354220077843,8.083386369270356,8.193115253750216,8.150301903389128,8.22880008646225,7.112483954080027,7.847432109128396,7.784918630595414,8.037909071391757,7.979869811644423,7.701269678699204,7.751272998693117,7.697452701813546,7.771764437733835,8.028514660398272,8.256252338764662,6.826978243053446,7.268514500688719,7.483444074344661,7.168690751341735,7.484533095988477,8.081886848853895,7.452831,7.476328550874551,7.483920182925915,7.843541191175014,8.704506875344547,7.44883034910417,8.471578243265162,8.182769549772848,8.185530331916848,8.31051138070688,8.291277026903474,8.308490262753178
2023,16,2023_16_NE_DEN,NE,10,K,00-0038567,6.251543112585112,6.673691,7.527581558529723,7.290992494639669,6.3796708090569725,6.394883860553944,5.941827548668667,5.955495881601509,6.3116305453108215,6.356652555588526,6.419320368814434,6.247888773746583,6.415220611377265,6.558440540435663,5.615385143433826,6.120364473397626,5.423299482296618,5.906292895607119,5.909745645802321,5.853639499732463,6.014389042290215,5.634625166281312,7.742124175244352,6.603604559094182,6.998377955529075,5.9089634676172,5.607908253261337,6.238468895335959,5.365574553157954,5.305419058215087,6.358266818360423,5.9937215,5.848046446399801,6.412678701024352,6.112821439132849,6.179378965341758,5.916128291636416,6.771661327724564,6.292641064264206,6.257249437545177,6.284339612266303,6.278578089787993,6.305613066990874
2023,16,2023_16_NO_LA,LA,12,K,00-0038152,8.114098616848718,8.718524,7.754960071021212,7.548966120141802,7.932767686584802,7.837698245915816,8.124390778264765,8.333465758262417,8.178060211027663,8.373147624958058,8.006999960987924,8.167736904280023,8.22457482706928,8.552843872014616,8.264241099660433,8.537895298862573,8.098425095501433,8.531707243555132,7.851363843392882,8.532216515884196,7.789824480311235,8.429749043102586,9.340211620936056,8.227756191484906,8.743579127415817,8.043113444016345,8.194108933853633,8.212685384987953,8.25437728071089,8.186335597103131,8.014843821359912,8.146544,8.115305763906019,8.359848201215677,8.39365881296756,7.716130181930076,7.579601103161597,8.757943949351299,7.997745156657923,7.9573790474045945,8.070989778528478,8.146534047399502,8.178969477950286
2023,16,2023_16_NO_LA,NO,2,K,00-0038905,8.397335326598183,7.999753,8.878865228119583,10.745949154597852,8.917518209966236,10.53682287224834,8.546294635444863,9.397316016190326,8.265573264544996,8.502491416178337,8.339387583256828,8.404625537417987,8.211916971912636,8.400591906931641,8.512977747869071,8.532838907249053,9.028103201864337,8.372489500964178,8.920062379941372,8.90862978303437,9.28139354802201,8.80479376018683,11.10591545177292,9.055592020920685,9.00739246908549,9.170858408901712,8.686630242145899,8.294025491700882,8.788694422155068,8.67427103484044,8.16610035238369,9.132594,8.911373125028168,8.112963206912596,8.30622642342502,8.195029297661147,7.7856793158847015,9.24443874458874,8.338292283813255,8.377150761687366,8.428370522099277,8.437151867724314,8.476968408850443
2023,16,2023_16_NYG_PHI,NYG,7,K,00-0025580,5.960323829903146,6.2125087,3.1694043548352733,4.07751044535712,3.862350305884772,4.673523343552769,5.226405704110154,5.525201492494192,6.181908255691404,6.473681859774204,6.753553240434378,6.709121600382047,6.7884229813844,6.621123646743405,6.958925554043885,6.920037144665826,6.809361964313814,6.754960249322361,6.4084959877773775,6.443238355324696,6.759906324710217,6.411753790206863,4.631177169142843,6.18813632586547,6.561494511908814,3.3967838686523217,5.04920119358537,6.341630265817171,7.13750689013646,7.057126257443088,6.714699567802376,6.6030865,6.936668517060914,6.493883473702084,6.369639686733931,5.314174287453074,5.783113309355347,6.727254389831013,5.962858605035931,5.896947668583741,5.918472181770689,5.975021475355927,5.989719120808708
2023,16,2023_16_NYG_PHI,PHI,17,K,00-0033787,9.081127205371628,8.728207,8.780655795891658,8.548239789037176,8.931445800071327,8.914832065583987,8.873970401310256,9.21422187864382,8.532881169157395,8.884551307046596,9.2595324046278,8.97845541432274,8.917148864586089,8.830202802603068,8.932524474426703,8.806428013738286,9.729444426652972,9.212335517101623,9.499344970383849,9.09241185458191,9.472801743867402,9.594201831493017,9.149798013448375,9.745680560413112,8.624288986198609,8.963661170947308,8.869198076464055,8.439456186187584,8.714658164416349,9.131453152625353,8.808986079302208,8.735842,8.791628267458007,8.585396129466123,9.128157436993678,9.311282915996017,8.875596979915358,8.653035549417904,9.015925822361991,9.037493543747432,9.062448686453696,9.105852272792507,9.130577340213389
2023,16,2023_16_SEA_TEN,SEA,8,K,00-0031492,7.680378690477863,7.787823,6.757992128151464,6.918409468741378,6.9467136441237045,7.034949978621467,7.4463322760534,7.744252891711894,7.63105546428161,8.06232575792203,7.677995538847399,8.37142310597995,7.615909496439498,8.190619665166862,7.820333561924381,7.937160147594239,7.777505019459958,8.128471713854495,7.251210606319179,8.022182120851078,8.072939885690415,8.751055329564537,7.796652058279758,8.273586059172311,8.365326836400166,7.503402955470925,7.928140725460436,8.05397719992382,8.17086915701611,8.001230101293343,8.02843917563306,8.196792,8.331680099721977,8.178460348465029,8.080453520029502,7.543878893890046,6.791099012585832,7.79790587827205,7.6024697012224784,7.589976361151352,7.665216649730006,7.6976805380524755,7.714982385627087
2023,16,2023_16_SEA_TEN,TEN,5,K,00-0025565,7.216034252264079,7.248745,6.45455242374921,8.15727481481472,6.524670912428342,7.71774474149283,6.797192012925832,7.284667609074986,7.097266918981232,7.396726795143377,6.898085447051517,6.964712298327478,7.027194261912394,7.172011905743529,7.3581000377895265,7.538732721552719,7.428106856202092,7.88079277353021,7.531068208872202,7.467111973818556,7.255321844590972,7.624634747101795,6.893525509644272,7.470667532801449,7.71773689662182,6.704380082251074,6.814537358350918,7.077581199102806,7.075065871160667,6.991951930810807,6.923078949012912,7.189039,7.377790270322632,7.160487068891017,7.65108816155482,6.78684508107264,7.111078584122502,7.474309564781627,7.161059761601619,7.12942992754358,7.2414614003736535,7.231967367636473,7.24790048300887
2023,16,2023_16_WAS_NYJ,NYJ,14,K,00-0029621,8.284649482836823,7.524228,8.375123971177196,7.806075732615859,8.351168036238834,8.287018882406828,8.16380539426582,8.573959976809407,7.982538354915303,8.17549800178971,8.153767524720275,8.074090501962727,8.048161195821828,7.972710103434323,8.319621262087864,8.034644344048209,8.226411656320797,8.262556096266527,7.729155326929016,8.757202942561786,8.032405712856203,8.240916451273852,9.24820337015762,7.8356175789258895,8.07572024356837,8.42659264632137,8.277596386918809,7.930084233434817,8.016621590373592,8.458175048879234,8.020033951750916,7.8639407,7.538703346443882,7.996807826820107,8.35666563349664,8.394965996417543,7.251516711399735,8.472558615404205,8.144692581611984,8.257410210408455,8.232541606768365,8.306222470211782,8.32779545758674
2023,16,2023_16_WAS_NYJ,WAS,4,K,00-0035192,7.106585523387551,6.98515,8.28539654185675,10.047461388542356,8.108265015306552,9.478819152802956,7.54179904410821,8.411294361796763,7.23604627147828,7.942662685382264,7.344846021451441,8.161725290477106,7.160140644108627,7.837892907878199,7.013831835956696,7.654560363872878,7.602040897184283,8.099760269614475,7.618283197526586,8.035197316538564,6.694196145761685,8.097871586459572,10.247066972645442,8.471997260776515,8.550611286520263,8.146397372827302,7.58370103365744,7.273092142799334,7.510296817939377,8.103899595632136,7.0976717885214,7.202037,7.08403375499501,7.07431508316815,7.428105990045011,7.062217502380126,6.793837291698854,6.869414981260562,6.977203349338259,7.0847781743234695,7.165866543382139,7.132862021306233,7.159138519224912
2023,17,2023_17_ARI_PHI,ARI,9,K,00-0023853,7.174592900493624,6.727686,7.766525718956787,7.369212238187051,7.549063989366449,7.564189155348654,7.183119165982038,7.424224348785712,7.153883717832246,7.401005158758303,6.865821924440057,7.013064342815062,6.596460329577731,6.581186852721988,8.032249876745354,7.925532682338168,8.001272090590188,7.369879968433121,8.719022489271122,7.938346232434009,7.502948038121451,7.501229077439939,7.972676622913278,7.820512363201588,6.665519420321554,7.794778515054471,7.207289240774555,7.1513722137279645,8.226159953714186,8.293341091753597,6.775305343686052,7.4764276,8.060175238172638,7.226280871394996,7.442417916323045,7.2927581608415455,7.037993799322715,6.604824406639105,7.153172716317248,7.19744960963003,7.277512996915399,7.198998848577377,7.2234047966611294
2023,17,2023_17_ARI_PHI,PHI,8,K,00-0033787,9.249794522862368,8.883999,8.896488659641886,9.13688078415722,9.005791626630682,9.384825893274904,9.020131823150464,9.502914715360644,8.854730189524513,9.170305286195552,8.803250218357586,8.715631044141208,8.846207725960458,8.739955967571364,8.729169516631295,8.732412435599793,8.703110569832434,9.081837152883368,8.477073446112906,8.629741444188374,8.940936219667622,8.805868376849123,8.656843684629115,9.19200872893358,8.630394609094397,8.857060142233827,8.750775776519358,8.63265740251947,8.529489227616413,8.531584531853055,8.585887256189489,8.868814,8.590019243942917,8.898806196441683,9.181323680894344,9.507135947018828,9.29906881500374,8.813180791430797,9.294048237831888,9.29983583936338,9.21098253542163,9.272128080689038,9.294461638515708
2023,17,2023_17_ATL_CHI,ATL,5,K,00-0033702,7.138770226328761,7.1049657,6.828638317462285,6.574966023375097,6.648687245359784,6.443198622422736,6.876158662669746,6.822621579274483,7.216201074590329,7.388686090971229,7.47229410141563,7.597153899037503,7.313242866023059,7.568128928519608,6.980881748111979,7.301504111968947,7.2594540362949935,7.550103895948144,7.010046004742757,7.229159545363812,6.629351817238345,7.0880476028422335,6.286636063746259,7.035451277548231,7.398406288665928,6.934163930108546,6.866933577671184,7.253056174551313,7.283261699926361,7.652787669921941,7.305900238997276,7.3961473,7.100395366223871,7.2467148640948915,7.1326353995730765,7.271714437571517,6.839085390735271,7.031926461773524,7.161213814276257,7.143382880934287,7.19118376049628,7.154865078313958,7.170959930299154
2023,17,2023_17_ATL_CHI,CHI,15,K,00-0031203,7.310477727857858,7.644044,6.535677823622061,4.573300066828663,6.655269839104119,5.225554957551745,6.995904567107851,6.188349161714895,7.296250084778936,7.102315567732264,7.385003877775888,7.558396942767828,7.381662352026859,7.684088883475265,6.90361729450733,7.037120819664773,6.640144535455314,6.58488693597737,6.896592181021181,7.215681128186743,6.827973496832038,6.440642314196146,6.030717392228864,7.49679550185062,7.884805089668887,6.392077819526213,6.994550166876671,7.411387363186856,7.31538496775663,7.552001426868576,7.5509930368702305,7.396193,6.95883837890453,7.554312145445363,7.562532592961997,7.119608448400337,7.129436148981679,7.404654778554778,7.2646059329719,7.22621947375576,7.378880682946129,7.327536792429821,7.344595857001783
2023,17,2023_17_CAR_JAX,JAX,14,K,00-0029822,9.32602264966475,7.641041,10.819763092768367,10.879339739043658,10.341703215482578,10.294674459655244,9.130879088384845,9.278846148558072,8.416114286105655,8.550653303800319,8.045263385672554,8.505342497196937,8.040152120756714,8.300548050322444,8.144369562329466,8.431370582244316,8.5802378093945,8.385074538068439,9.44117347548252,8.896926529754728,8.297005954442072,8.141379383126354,10.79979763887044,9.000144971887249,8.609169321418943,10.382935299709551,8.898086610847896,8.07320269254617,7.909707630244561,8.200366039868612,8.05779566364809,7.7329497,8.054934607202156,7.708773219451962,9.020092842961938,10.35140565754533,8.704452927637377,8.044936204971496,9.210611663789358,9.372817668476316,9.351032382581757,9.353532661869608,9.381042674074468
2023,17,2023_17_CIN_KC,CIN,5,K,00-0036854,6.610083049539706,7.036142,5.561205349392779,5.968287224383857,5.825510822186509,6.135021505939538,6.285920013386102,6.347748527548598,6.760331101605676,6.850308528791141,6.204376763603325,6.564835681158836,6.512416714844104,6.655234744625524,6.279439548358868,6.638290778732234,6.22886594434207,6.551342642927772,6.826796502858474,6.706509614350267,6.243079221439392,6.381734635157766,7.323065628245773,6.253975459391553,6.371409504325152,5.484417708095737,6.019804050173875,6.746701257914041,6.300899565615176,6.667545576319357,6.62777739829915,6.3523,6.145372781612112,6.713276393420847,6.935948005604546,6.578987314505866,6.515153435390886,6.230941892584538,6.67800579375858,6.641289345648239,6.65912538710078,6.629993158493648,6.64990326744759
2023,17,2023_17_CIN_KC,KC,24,K,00-0033303,8.819087418719466,8.383838,8.296119486398386,9.42920435181519,8.261668662502395,9.497095738639583,8.130884196797048,8.784553982718805,8.051485965302208,8.18281543781834,9.094988470293416,8.78749570924642,8.884478538201138,8.855107665497629,8.506624094832251,8.13990217635869,9.130230856886184,8.239198684954626,8.874635802067337,8.320702206632838,9.407419431390831,8.547048979901811,10.405099026930436,8.395221270356737,8.58391896238487,8.24290553392109,8.20827028710117,8.080490731958719,8.26342865282576,8.566312334772686,8.744585270032934,8.962341,9.243492627968122,7.877871170331733,8.46985894928218,9.039916409516229,8.30612730959645,9.157752195843372,8.804024230961932,8.844940659004774,8.764439942576404,8.840095121328611,8.861102823937754
2023,17,2023_17_DET_DAL,DAL,11,K,00-0037692,9.17171294973432,9.212742,10.32893692033282,9.080484415606351,10.265040625598454,9.1458466634345,9.91441771609867,9.363674748356976,9.402372602983643,8.842369502538817,8.724943672714547,9.024886915500003,8.80168530857323,8.688774086940999,9.156107091736889,8.862619025513373,9.0853593247719,8.923293795616784,8.877580474629553,8.920193686394473,9.30949602279709,8.986386532679681,8.990092870032932,9.181572041313556,9.32264007401665,9.711410250479169,9.57266337060737,9.12214178292945,8.776026374298812,8.845739336693622,8.640044230882122,8.584186,8.562672371496562,9.242798891563746,9.227621296798882,9.437508625185883,9.571333309555238,8.356448898323892,9.269899120052752,9.28564934931015,9.074940818756454,9.212366213075093,9.253019476415865
2023,17,2023_17_DET_DAL,DET,8,K,00-0034084,8.025584237073693,8.224431,7.759240474264368,8.357386512887166,7.925276428582447,8.443088628464446,8.07467209864907,8.151114495078753,8.159541122191545,8.125542482538041,8.333765009132211,7.876595130029415,8.458116028460987,8.174281339677636,8.317389784391565,7.824988214136458,8.483026387552071,8.098380589435704,8.153450558852795,7.876466443803325,8.333821283557278,7.62953415937883,9.15705005814836,8.291760787903694,8.23994236266631,8.070529091387753,8.139601849912681,8.173258094519698,8.060468227611889,8.184715525289565,8.171926569389427,8.092836,7.525327191253899,7.942898440903681,8.154749224370386,7.807511670871541,7.61002784737826,8.475760083380665,7.980234167654194,7.974745928649343,8.046026739771778,8.042761570318556,8.059938903563422
2023,17,2023_17_GB_MIN,GB,9,K,00-0038402,7.802130318007356,8.125513,8.320006226542679,8.891158276264408,8.498260537582993,9.02238919243942,8.502685990543101,8.793903690940903,8.366701645102394,8.54666950265209,7.730099739716119,8.378024227599115,8.033204978725713,8.317772564138371,7.887206664505184,8.432638132636974,7.775778964586595,8.499985960404576,7.453791008469376,8.880264592450184,7.886784829664726,8.670254604067392,10.28560719599151,9.211419838406632,8.866626745226512,8.808324620896979,8.742209041709158,8.487825626787206,8.297424269134908,8.11438637847161,8.054116809266155,8.542558,8.136497603274575,8.312759643477737,7.958003964998845,7.704028531828889,7.577900986547072,7.876638085607196,7.754574372360129,7.772175972902728,7.822870008352286,7.842461506810127,7.8827926956129
2023,17,2023_17_GB_MIN,MIN,6,K,00-0034450,8.010030859531499,8.305205,8.387981849326897,7.796028450072537,8.347261045104217,7.815260727626462,8.338474327013275,8.145785241389715,8.287876134300966,8.078636148781293,8.433586135691302,8.327253601910606,8.374610128957597,8.152819015953503,8.40367165271137,7.930502280553731,8.647979736370727,7.988465072605637,8.635591103075978,7.901137829439428,8.916878857145806,8.766195686105027,8.810091288151266,8.645271287655003,8.676958190786019,7.860474991963272,8.097742327575018,8.190513698767168,8.195319392495765,8.442245644473712,8.076578733903892,8.243245,8.362775806066704,7.950641240280138,8.075409933954974,8.062291659864918,7.73071310369428,7.947099525148058,7.9785943145919,8.032465104910006,8.026434988334389,8.026885198530962,8.043739537530428
2023,17,2023_17_LAC_DEN,DEN,11,K,00-0032569,7.848620722980544,7.71293,7.411190460640771,7.2855851424449565,7.477553013281044,7.433459290301458,7.3215994388449746,7.311247063058225,7.396976908713455,7.4204961296401715,7.411242296193244,7.48177095555141,7.644823143398362,7.429892206537979,7.214954573859174,7.5586259002448895,7.5611104126860145,7.672538159787011,7.220850982197345,7.72417302597799,7.216019896238317,7.008503501250006,7.029540083017857,8.28432257775757,7.94845987890382,6.973899509787787,7.1002885776807405,7.238012598611442,7.252434061516399,7.7166460231260094,7.452372001885792,7.0792413,7.073771571556248,7.22095238714485,7.946667530704969,8.103071754781688,7.203578371536317,7.515169623513739,7.772946634106339,7.7665377579491475,7.908416126110892,7.867314732806313,7.8860087426320815
2023,17,2023_17_LAC_DEN,LAC,13,K,00-0037224,7.6273569796185,7.084006,8.120894961250475,9.107566767538968,7.856809654387729,8.818879796180678,7.592166914022036,8.134304944142219,7.566575915669048,7.842727003932515,7.613501674370491,7.49842892492118,7.587892934672939,7.585757830092077,7.534461618847921,7.2651728126760755,7.56426371114598,7.251440332948426,7.045482930392131,7.464489412467019,7.418422586034759,7.190598165085495,9.243386067760984,8.104086771885314,7.814517296344649,7.720885460631164,7.498394469783316,7.542727675128109,7.441958528468606,7.250388994065426,7.371588141743453,7.274098,7.226323489805847,7.38931301784656,7.784204929548395,7.572140056433364,7.68060668722119,7.475894047292584,7.602809574482833,7.650198086580041,7.635157132137649,7.659314736086569,7.691272492554637
2023,17,2023_17_LA_NYG,LA,2,K,00-0038152,8.440418998957425,8.1292515,7.8067750589498,8.02351664346556,7.778870108027379,8.114065399983035,7.92379422135226,8.614708406315925,8.093076078961031,8.811474081633458,8.768452452504778,9.317064757150048,8.865995128762336,9.232176189987962,8.20631937953281,8.880596394356939,8.350268882694332,9.078722685969286,8.327045077749359,8.934150937166972,7.456833921871791,8.742328036863492,9.354508320516643,9.083638860486394,8.935221695154418,8.00545229984171,8.077933678396253,8.25178378189571,8.117363070267649,8.483833544766277,9.012030459650262,8.103386,8.040274999409526,8.51484561760806,8.184820382088704,8.337131622291446,7.763122025973779,9.369040164084286,8.36118671236099,8.323238144569755,8.339851489101136,8.472132842679585,8.503846686401747
2023,17,2023_17_LA_NYG,NYG,7,K,00-0025580,6.862087744451045,7.0510955,4.5374177023741815,6.287172759082338,5.179868260799735,6.419155646183302,6.206135550509652,6.556248732763923,6.784770185820735,6.865651938400151,6.965201864059809,6.678136639796173,6.955857735962344,6.7809248413172005,6.600151145895275,7.04435656656127,6.742041028502671,6.434241234105391,6.739762517414135,6.412524988793228,6.317830033207614,6.85595254587303,5.558432645306505,6.305690586300711,6.919218514446372,4.567102966196559,6.0035672335601,6.794279882760587,6.977074116097595,7.154641172464919,7.189952882923415,6.9455314,7.296577239654411,6.885679552077487,7.3773315348876345,6.9345932721909485,6.535571078645079,6.107469336219339,6.835583846420015,6.795289350406606,6.776661167043346,6.8805346754595025,6.89898160646796
2023,17,2023_17_LV_IND,IND,12,K,00-0035269,8.922508455187941,8.529821,9.235799233007404,8.11250858538983,9.091200006732253,8.143035648617495,8.84538461556258,8.375465508268185,8.508137057982871,8.267790933026335,8.379933924911427,8.202295669036987,8.435461428961343,8.281332811603686,8.28435856927452,8.243822846003374,8.27863026236451,8.3005921446008,8.243440603985542,7.687340692425877,8.525162261697755,8.199996382229836,8.925266993247718,7.984635578983775,8.308928607195005,8.97315381220304,8.869702675077164,8.452966212413001,8.33798256986978,8.455962150519731,8.488357983217565,8.671722,8.7844529305828,8.434664293953679,8.824771256257424,9.293076900382514,8.413436237606042,8.582513471985521,8.830988655063297,8.863252195689977,8.924838537167936,8.946488979255331,8.970469503322722
2023,17,2023_17_LV_IND,LV,9,K,00-0034161,7.544610756017294,7.900897,7.607723803506245,8.622060754655433,7.669835612495973,8.45584121539858,7.555771939580097,7.809855535993818,7.527602247092844,7.576106206654335,7.613023139007295,7.370697943158893,7.804704635219901,7.700010035700052,7.155637884307468,7.193197767662765,6.769607265337148,6.645200281762816,7.2090862965838465,6.387140930531338,7.365228971700587,6.516129564507474,9.769016212153538,8.01865733094503,7.925028736281725,8.224505774927568,7.880732482759788,7.712002065549978,7.128322684163162,7.400670310003041,8.019015031872089,7.1421423,6.9521499273500575,7.629979727190877,7.573173634419225,7.3029139216286385,7.187511710249074,8.163709630075816,7.5661810098760744,7.525244993466244,7.581509505063298,7.561712193147456,7.57881363027762
2023,17,2023_17_MIA_BAL,BAL,8,K,00-0029597,8.788522970019056,8.027455,8.760201288349649,7.3368740984849214,8.58344499698733,7.329379949244852,8.212533697484607,7.425933371763103,8.13782554602614,7.61761005571015,8.311156663523894,8.031408181969178,8.331350607008124,8.163667727288322,7.879298796777924,7.69496308826938,7.485258226575948,7.205421863696142,8.100974101848864,7.377122663195015,7.467990848080043,8.620960630249515,6.078246217334216,7.392335869225185,8.031387978981192,7.753314610659932,7.826821231570634,7.942408624560163,7.58043385845446,6.870157102700884,8.189611752209245,7.626707,7.539825173112583,7.796738606834089,8.095602849324917,9.649708058839854,8.627079132196608,8.18625489232989,8.826405496737566,8.841947649177682,8.768867684090798,8.80522823322382,8.821933496428587
2023,17,2023_17_MIA_BAL,MIA,7,K,00-0034794,7.769477897741106,7.488377,7.619516766299643,7.417221759916257,7.475797532017641,7.202499358557095,7.550988100933796,7.142607553080792,7.729894223663306,7.500004894114469,7.694814509272605,7.417284494851921,7.621432216028238,7.550330139696242,8.139322021082167,7.2282812259292575,7.781658738319973,7.28298637012186,7.621624540198598,7.608745962213485,7.518888713861906,7.380530399957519,6.909867529501962,8.057243329091156,7.34641787192432,7.2752413797889375,7.51428860569352,7.848535029399634,8.52041623020111,8.208790398392646,7.705831421331709,8.237516,8.246987595351335,7.768491090491079,7.608834184946447,8.159510758055498,7.122024537111471,7.554104426619123,7.875570300324057,7.852488672581533,7.732515388083369,7.787194557710489,7.804911217679873
2023,17,2023_17_NE_BUF,BUF,9,K,00-0036162,9.076901230169783,8.770126,9.22171882878076,7.70045745483384,8.887433313034164,7.717575560752818,8.578660317558656,8.247748102272654,8.413126790794978,8.375843730309995,8.760313704327713,8.660604667221763,8.57633158166937,8.624035663912636,8.239483393768916,8.47067411173505,8.72659901381606,8.573943176540674,8.956285111433958,8.666198264253646,8.674618268117182,8.474429714688366,8.239550667942837,8.01691013428666,8.151641463978418,9.27256673549982,8.822278880016851,8.501477149088664,8.38097019985043,8.78818084450739,8.552742269038593,8.754851,8.104125407824158,8.665066730746222,8.939924800811852,9.459508472914735,9.011166460836376,8.550018773383474,9.002356760187741,9.034984250996994,9.133486995089152,9.09848781614706,9.120074402124335
2023,17,2023_17_NE_BUF,NE,3,K,00-0038567,5.293026396197851,6.0747356,5.953435746345922,6.379500436406046,5.21273956325482,5.76334294657162,5.251207350138053,5.323161724611829,5.868924168555921,5.879161565467182,6.177232988989738,5.942324999131527,6.220375804154942,6.310700564200841,5.384657868631749,5.726565455351226,5.2682809537301045,6.251712417484029,5.757500755994913,5.905807770630069,5.890825013474321,6.476256668442588,6.003798583928883,5.817382797008863,6.257529638791044,5.122385692818923,5.103764714890123,5.965141914945227,5.470347001122967,5.57041757873561,6.208163494841292,6.1679735,5.805718678466652,6.21925774493439,5.653329234990092,4.603035326913901,4.633455286205318,6.462339831573657,5.263744790533187,5.212369238511808,5.339173835548876,5.317426449154003,5.3418265021101545
2023,17,2023_17_NO_TB,NO,12,K,00-0038905,7.811253512354305,7.3176312,8.059786948908146,9.612391542455851,8.152888409720902,9.490296624459445,7.87687991464577,8.532308641119053,7.682433735685852,7.79992077738328,7.682436760720701,7.6719167948833,7.560308100539654,7.32964983139852,8.566128795494372,8.63939039056518,9.14702908835767,8.439353595712433,8.844452088122072,8.559190374476739,9.04691068678616,9.154169753589988,11.896954159318796,8.914294595066421,7.472529304104131,8.083424978337307,7.917618316491987,7.758776542483601,8.41317629827004,8.114094860394303,7.429875035498099,8.148342,8.944276432731968,7.633892650166001,7.754946586671612,7.904488517887135,7.600815440053834,7.814462925962924,7.787405806709156,7.826750235709868,7.880957497182923,7.848466422587664,7.885679332821022
2023,17,2023_17_NO_TB,TB,1,K,00-0035358,8.313566681848867,7.7668633,7.757358861369948,8.33855805986187,7.618464875815657,8.413011979044896,7.560126054503915,8.197234730992339,7.686256153356382,7.9827515023943,8.156264096982481,7.818522116126137,7.976570210378252,7.940684437507227,8.04949259057295,7.739989496996294,7.998812527894143,7.667797150633832,7.870801757215855,7.477782370913872,8.197958710247674,7.671864382008259,10.16604421846042,7.885631987743551,7.986792891597794,8.206638138299816,7.76210703001168,7.814454384007417,7.878882410676716,8.250088482460825,8.215255465271088,7.9627438,8.380713144035518,7.684995823782234,8.487976506922239,8.285455581183392,7.664122637546059,8.432896167721163,8.17172654171826,8.193549431268517,8.29284656019062,8.334323121811272,8.355079561773678
2023,17,2023_17_NYJ_CLE,CLE,7,K,00-0036816,7.637805190866771,7.694911,7.488136584377623,7.950781517915692,7.36481253084183,7.887246777255799,7.259174783916455,7.706291768978491,7.285528219909606,7.771754469954379,7.922413488806301,8.28184103531372,7.87458617246106,8.344472606143713,7.3945861502366625,7.838335165516815,7.79345477105045,7.750128889413154,7.503412078736765,7.620944695604162,7.5575146276743155,8.010158804199952,9.110873595778614,8.944304525407562,8.90667349895753,7.148622491995059,7.18224914937798,7.279748639642014,7.614393322062673,7.875121820093269,7.811605711553621,7.736967,8.137228578589836,7.2934812947334,8.181338305206381,7.181332046380602,7.343279641920516,7.882714582802821,7.429042179572674,7.446302670200343,7.632110029824133,7.660145512022712,7.682485833178653
2023,17,2023_17_NYJ_CLE,NYJ,10,K,00-0029621,6.817348887498896,6.5269084,7.098472817012391,6.916681463234075,6.954884626019931,6.995732745373386,6.77748588153144,7.038318244912453,6.883242573580228,7.085314819224386,7.388616980549168,7.384243181454512,7.359413155899246,7.267578571660147,7.479556902858231,7.314337044471674,7.398134339777051,7.021427717027902,7.554867261912446,7.110949235503293,7.264186070484711,6.957462460977781,8.73322859998844,7.783712748169271,7.504685203603185,6.576390808888717,6.664080645283882,6.8122056660823205,7.208635442551029,7.193544700002854,7.522209206449983,7.328107,7.555355366845295,6.984346851003562,7.158314896955405,6.530269283582155,5.623571438869108,7.47694780546251,6.665001650829808,6.76269696318664,6.780368507913833,6.83585217830603,6.854355469113166
2023,17,2023_17_PIT_SEA,PIT,12,K,00-0031136,7.062595126759267,7.0420856,6.476578149999273,6.629137905364144,6.500427346354813,6.810993493179577,6.81622587779702,6.940753739777946,7.105749989065167,7.19072983019308,7.073750449740607,6.768845771409187,6.968689751088144,6.875439241521763,7.163960436659546,7.1050862077108805,7.115535955635967,6.760606012050978,7.244242016242022,6.43082316361644,6.637536113789899,6.877446299823434,7.57408307771676,7.547170979521263,7.551488640125716,6.593726129013191,6.769500753767185,7.0305182085385285,7.058704007512092,6.812558969371117,6.925396625185652,6.6785345,6.66706287582464,7.05836553871231,7.3161613635358105,7.106298063634064,6.446042305066364,6.90311630869131,7.048584435193703,7.030045767430407,7.070518519854522,7.083675803355082,7.104756479950898
2023,17,2023_17_PIT_SEA,SEA,13,K,00-0031492,8.012120884509482,7.8507032,6.907993417694344,6.818444923994627,7.120507966303065,6.996367347993086,7.635028301761866,7.645938365139823,7.79997835266549,7.884364248030722,8.253851725465283,8.117536873452181,8.205983871275668,8.280524155870767,8.393216131331833,8.068223371215321,8.485118417353881,8.424450584748188,7.998099165955052,7.829800395716099,9.01876852128368,8.07446216935355,8.983164020513321,8.67451140855642,8.560100773732344,7.094638046830218,7.718160637469673,7.961115205612607,8.490100759039677,8.298034624148427,8.132603814446517,8.47721,8.941255665379302,8.035657587328679,8.1207704111694,8.176859134644186,6.866521528893879,8.092469772058005,7.9651568995063915,7.977469845164769,7.947361716013547,8.029526156223062,8.046931427936642
2023,17,2023_17_SF_WAS,SF,9,K,00-0038562,8.847145214078251,9.111618,9.466056046569356,7.59514562694349,9.290310024022244,8.100325881620316,8.943277414323223,8.831013545516239,8.684532815887685,8.752348007297785,8.668735463335329,8.47543208125086,8.612535648726688,8.518093398933983,8.918355054878813,8.380561813425414,8.75794765663028,8.266733239275398,8.6591791096056,8.343845714334753,8.641715981383694,8.70095671322661,9.721748883717382,8.61528841334379,8.12755569223061,9.285809283093997,9.059526582176437,8.661494698354215,8.863441598496633,8.607130889773998,8.643283438912261,8.749425,9.36561001361212,8.931405634904774,9.104448800206491,8.918358104541593,8.978154876389988,8.253259222803338,8.851509063188544,8.859082677068328,8.836478434999975,8.87844248385834,8.909739753638428
2023,17,2023_17_SF_WAS,WAS,5,K,00-0035192,6.685818555362415,6.59592,7.419487663988544,7.27089663386321,7.18849953070025,7.1542089229821,6.657644977620839,6.600898592593526,6.634383606844679,6.539312085770464,6.683499729995523,6.4817332517406365,6.466367099234236,6.30766651670556,6.705115914903354,6.482466106757995,6.83482229964152,6.610472934562932,6.757998990643324,7.15914431161014,6.856493212201198,7.415102054162705,7.555116789910951,6.352270288639063,6.477969320861391,7.114075265215186,6.6310310429332375,6.720409012020675,6.766207695755702,6.956869901636744,6.429731118404988,5.732609,6.277682832142722,6.567734925454338,6.602572276709613,6.831406163091706,6.471113034500864,6.626865518313809,6.710174471839297,6.740518279507784,6.741746199101874,6.710567616134229,6.735316676906045
2023,17,2023_17_TEN_HOU,HOU,16,K,00-0032726,8.643450001899147,8.736481,8.62143033073846,9.06762402488797,8.459505488979401,8.756465538975839,8.277954100895895,8.320775749091938,8.10895457639598,8.114653569954324,7.968164323844406,8.30311677912731,8.161508899383126,8.375105057220983,8.382091542886142,8.00720143660359,8.62961419987551,8.049174227354714,8.071882518242907,8.280770276243848,8.036831991746272,8.248281847863405,9.07410178160954,8.72864350949134,8.740196723799901,8.87984191413502,8.457752184630145,8.19303503130664,8.569976426431536,8.142314195265673,8.415500430967347,8.194451,8.312842861371994,8.256422054120916,8.971898830025157,8.978019781106964,7.61373609279984,7.996494155844155,8.45983034542529,8.493432353608352,8.566126494482713,8.663137515272352,8.682825028645555
2023,17,2023_17_TEN_HOU,TEN,5,K,00-0025565,7.60513457950815,7.838017,8.026052088748552,9.185387578405532,7.968412605193587,8.877180896444033,7.766194377790771,8.489208061130007,7.690324300744535,8.13240885233086,7.986219913436016,8.386052551540049,7.984499958847462,8.075561189116817,7.362598575868786,7.648842202407476,7.469664866394825,7.786013156405961,7.576493072160279,8.041524005857323,7.71143732407798,8.565636660010735,8.847568288707441,8.43643904871563,8.794092111517482,8.034518116841467,7.849032328560329,7.730667612912016,7.428947012286311,7.743805748467994,7.992089529900883,7.7295914,7.712911765295826,7.691265978614332,7.723645707417714,7.372848434034054,7.205046668342004,8.091984134175073,7.613792182287621,7.601435666346916,7.602760035827517,7.6213379262361585,7.637541272964165
2023,18,2023_18_ATL_NO,ATL,5,K,00-0033702,8.074978899892907,7.8529706,8.20763102450355,8.758443015349673,8.180272373556663,8.731321842140389,8.086925448269392,8.590939641269737,8.017806790737534,8.234195380554043,9.141625939471012,8.734668775182655,8.75124393677559,8.625755524963177,8.075392983857675,7.937349924301969,8.197713672049765,8.197994647562481,8.292640909097528,7.919893774358187,8.40334680178874,8.420416315592067,10.590544323229327,8.672847200358587,8.971251615241686,8.631257514308881,8.21351763498694,8.006591057236633,7.9370855483912,8.31363649782527,8.602162363109134,7.963109,7.873835651880354,8.011348583770095,8.075899268102313,7.7581773953816,7.377058157792859,9.056161727651428,8.043665936243034,8.057341419052776,8.135604554387955,8.092986517196191,8.110994134499476
2023,18,2023_18_ATL_NO,NO,12,K,00-0038905,8.570583894448829,8.481895,9.058599752159289,8.54711377273804,9.054674374458138,8.828633087436938,8.741910855666779,8.778126605353325,8.483674990847987,8.517919338837796,8.01016910221956,8.435230024440525,8.084771673409605,8.453800291776632,7.974426353616219,8.480855105042076,7.959520108032092,8.30659208643158,7.704362207159995,8.293309577744147,8.179799751809336,8.401345416318646,9.954639902094168,8.570519500712393,8.953671512445881,9.50822187410562,9.026901009841058,8.629365156677638,8.47724510417684,8.354167211069749,8.330686859610983,8.575698,8.408508206702203,8.621969240385708,8.734970908102703,8.533981833348431,8.423805906237599,8.470596490274424,8.467569176081925,8.509383549692055,8.625474025583367,8.607433157060518,8.644282419672207
2023,18,2023_18_BUF_MIA,BUF,3,K,00-0036162,8.319854986792983,8.006495,8.285383955485106,6.831172161645244,8.045409893595684,6.84166232296556,7.888274734100297,7.113774216409757,7.897494538592718,7.418408177445652,8.37253894133765,8.051298063500845,8.265852894294772,7.984226298074856,8.36375619349554,7.795194341840397,8.686767030422923,7.640575588142733,8.790460349089793,7.78519376049482,9.059596567999412,8.467887530256874,6.201187765463945,7.4925531829014895,7.996936740340904,7.932275698908641,7.731606359617471,7.729457078736549,8.10695236970408,8.407113195058477,7.921648908816946,8.194365,8.077987131353977,7.718670765484811,8.16461704949031,8.423484729034191,8.532025770035167,8.239367016643486,8.383547572919674,8.391787314605045,8.391959113646394,8.339366919557543,8.358878852322103
2023,18,2023_18_BUF_MIA,MIA,2,K,00-0034794,7.605904593483074,7.5572634,7.205506673196048,6.786241425520487,7.21338652422684,6.661653731890565,7.40772685162347,6.893872621288308,7.644032822783439,7.371920599044619,8.000603081761227,7.682985672557578,7.795330651706492,7.712508657167021,7.913545554876798,7.141404596452509,7.649687262010863,7.409050985765956,7.217293752415185,7.2937088250016675,7.408456260121907,6.883883930455335,5.832037236910624,7.169424472669189,7.808284882671149,7.101350125201173,7.298815128933509,7.633042661811053,7.893313089384268,7.4095071392327165,7.831416367267125,7.553154,7.465684657147149,7.691368398056828,7.767652964232889,7.72865613183418,6.874630706407655,7.483415904193847,7.653592760647329,7.633727682322186,7.61370443882394,7.62237958540859,7.6388545773341034
2023,18,2023_18_CHI_GB,CHI,11,K,00-0031203,7.29004305880946,7.4614105,6.576493396303016,6.100180503284739,6.649458773854232,6.200933003868308,7.0035663678009,6.445430547884671,7.444739589838266,7.102139983585605,7.194444248494671,7.00490924045311,7.28393213031264,6.9158303197113655,7.364832452436442,7.016508987408492,7.539653415395447,7.2707859055511666,7.377078432973691,7.055015686940971,6.979321856449683,6.765733718929193,5.84621567651492,7.490349825535604,6.855993898793395,5.797178945304054,6.568537357145341,7.362273009409281,7.066030540524094,7.344082166031139,7.283888991305241,7.0073996,6.5665160068606,7.398266892593577,7.43876933959611,6.94154875765067,6.9462156891496285,7.935855924776978,7.323323735302437,7.264981150032212,7.309383847490767,7.307398838775183,7.324754618740905
2023,18,2023_18_CHI_GB,GB,5,K,00-0038402,7.824483860609939,7.910642,7.453432941409479,6.99011507802789,7.71568296287973,7.317440451984573,7.993414194898986,7.809931793210174,8.008918099512528,8.058966438615412,7.8900688307075715,7.892101519039758,7.929289651309355,7.937390446804282,7.768286596065995,8.113480270563093,7.620544749565533,7.968272909857522,7.639648955570719,8.488135827795583,7.377282583058761,7.892513821826545,7.768427013311249,7.44638886192106,7.780187575890912,8.292728533471331,8.186177153627796,8.111620675933288,8.032682064132814,8.320389349444017,7.901498655807022,8.019734,7.7815000954295295,7.936687384341885,7.388354412741905,8.008887839841808,7.71978097311048,8.162221517697981,7.926789687511817,7.924077373232621,7.799844678456988,7.860616564127269,7.8967492676446
2023,18,2023_18_CLE_CIN,CIN,8,K,00-0036854,8.381035672698546,7.9525,7.534199450363698,7.474888117929138,7.64807416477118,7.4422940229473555,7.729846393604603,7.680947538805767,7.729399218421971,7.717789482387448,8.638837704424796,8.055870606826497,8.473008253785773,8.140296232637509,7.910326199914251,8.040749911540587,8.3224855605593,8.51323782991318,8.637257060236186,8.204662338545765,8.229726126934464,7.7816861023893775,9.710342635879837,7.793751245237914,8.236615215261322,7.559109367324017,7.674933816905447,7.659158145480835,7.686325359782337,8.282527173658465,8.289226894730431,8.169963,8.262034538724544,7.553652714406035,8.422478091747994,8.48244006450166,7.769437396962996,8.421862398385926,8.314416291361113,8.381396441832123,8.395952577589114,8.405173542187475,8.429311411676402
2023,18,2023_18_CLE_CIN,CLE,2,K,00-0036816,6.542695710228441,6.6048045,6.210058158780996,6.738103093024826,6.27880520148963,7.007331170338876,6.495290953173965,6.908556882984202,6.8361946075405,7.214192359429268,6.638915443146078,6.7685694325082935,6.579484048653965,6.77714083138359,6.560048940280893,6.823392051401426,6.42769626639981,6.816652211598605,6.626855254026342,6.658818622270686,6.481397052418519,6.500122034963892,7.938647691758645,7.118846896981642,6.82625800612677,5.881189303016286,6.400067303394497,6.983317700549594,6.790914425694081,6.302992964147244,6.54237794754643,6.547381,6.462718642483145,6.809560727428803,6.919566856534466,6.233081784630814,6.160694877367352,6.787617258395204,6.515019386719338,6.542991654779948,6.5642660222027,6.562535707032167,6.58237570383589
2023,18,2023_18_DAL_WAS,DAL,10,K,00-0037692,9.298370396774349,8.949882,9.49810034922868,7.451092064403681,9.39750831839479,8.041456225375192,9.17111796402046,8.876069549871513,8.847854764519811,8.901668359562995,9.042676726762489,9.081792768025528,8.825441136120679,8.900207865395165,8.402283611110168,8.649012547915131,8.540707759507685,8.66943216335426,8.599713579036655,8.315603045156752,8.56440752533133,8.922480375225742,8.834578735773988,8.713143299616716,8.425743995866455,9.370652290002369,9.295192012010498,8.869921714995742,8.665879228280609,8.793821394739078,8.988321861405456,8.423737,8.244448703338755,9.029464673106231,9.411398925558363,9.371016001610537,9.23341651195253,9.016013336336865,9.303925309920208,9.297575556496884,9.230070197738893,9.33984500833045,9.381319619886549
2023,18,2023_18_DAL_WAS,WAS,4,K,00-0035192,6.880046675330335,6.613877,7.754092399325009,7.946432481100358,7.565951750727188,7.923200156538758,6.927310818730197,7.407148416657661,6.76465070108832,7.080652579926703,7.028278284906279,6.923402808673756,6.676274390319829,6.588398910364457,7.396465068576086,7.577557278471485,7.501477364180235,7.3904382488113,7.804973455127813,7.439238171132896,7.428676126716723,7.430747270155435,8.425367634352938,8.049752513686911,6.693107122169456,7.6462474503456095,6.964926608107433,6.785924105997395,7.414954242589801,7.448621890227753,6.692266492072504,6.5646043,7.2134937178272995,6.649536937719449,6.4965047015166775,7.430864316730222,6.743960911400903,6.421767235215764,6.967863041588013,7.006946787925018,6.959340242058446,6.905335739795686,6.930624804261037
2023,18,2023_18_DEN_LV,DEN,2,K,00-0032569,7.540277145284476,7.661265,7.402568408880295,8.300002927614457,7.539602356937621,8.170464477777555,7.495101392552327,7.781104486142656,7.527566758833336,7.692640628754966,7.700662506047861,8.277527160978366,8.08372996562901,8.085660193258633,7.479190318131104,7.590313353964671,7.594376602693186,7.708149550422034,7.518462982061824,7.367493075992917,7.620236960467287,7.8535135997233825,7.479803647297056,7.48651119425563,8.003046181347468,7.507583986504757,7.624654273189823,7.598720141056245,7.390450755295573,7.913764818725599,7.860158333646408,7.7115264,7.876686872827484,7.553310764397922,7.596593039200465,7.485880199587118,7.105664248758193,7.781903644068353,7.461737684937772,7.454823994638699,7.579683685240008,7.558400841283009,7.57652453728154
2023,18,2023_18_DEN_LV,LV,10,K,00-0034161,7.949195786834875,8.29019,8.514549929702246,10.23743901411857,8.322188278262821,9.607030337804826,8.110010839911993,8.672384425144882,8.000199791409985,8.186279862236695,7.993023943685706,7.984070803118211,8.015939281868212,8.067192536065749,7.717852921620898,7.77585845863706,7.6670583605117795,7.79618352729243,8.065897425100864,7.927179554812546,7.986916857478247,7.650091016710259,11.24176424441559,8.625527383340376,8.50342530078246,8.89212171110144,8.446888939762136,8.171627027990713,7.867180349434394,7.929485670266261,8.041381790198168,7.7602425,7.725789782611065,7.926069233845672,8.191564863552006,7.943028490811587,8.107239545903953,7.518954884271218,7.900543676539991,7.894763588296968,7.934511251294408,7.967216009384174,7.985236231933474
2023,18,2023_18_HOU_IND,HOU,7,K,00-0032726,8.709298529253417,8.589761,8.669211030709546,8.670323371685983,8.60640270315009,8.622707959481575,8.435316564065607,8.280720824502344,8.269037860728599,8.160012001102407,8.027289075037475,8.482036498733615,8.221178831017282,8.271111127824776,8.145812829166886,7.982526097572209,8.213049447010452,7.758911950629197,7.667230710055398,7.371613536123455,7.7053734550180755,7.50307671845133,8.807410935708166,8.075915475928221,8.538650703714199,9.224673700075371,8.694901169190787,8.302739546975317,8.117575982252466,7.991211808151785,8.175563710266164,7.851447,7.578830719104287,8.411409614874263,8.544328461808174,9.11496488307632,7.397001947545353,8.801569213629504,8.650485891204847,8.648453551001845,8.630159339550424,8.728322724222073,8.747346919190731
2023,18,2023_18_HOU_IND,IND,11,K,00-0035269,8.170351294294301,8.320222,8.566902352828812,7.566388397411567,8.412833069937072,7.712927724661382,8.366863122720176,8.369685939644079,8.244994582547383,8.401098093971623,8.501492818947902,8.888843835838104,8.5823681346232,8.669122335787508,7.801015791609316,8.182534936674449,7.738811792505968,8.70959675362361,8.23458432287693,8.20461757868115,8.41452184196258,8.49815608194397,8.39049835272594,8.286951803365792,8.902176749722999,8.027138018876576,8.340225869034308,8.305314325321316,8.155452333946238,7.890446405427775,8.5198236920694,8.246991,8.29574330339374,8.282743769718108,7.871540301229418,8.391937611714777,7.624951760985229,8.448094915705214,8.26622420214591,8.246890455683943,8.224626415463177,8.189894904103877,8.209438513913453
2023,18,2023_18_JAX_TEN,JAX,9,K,00-0029822,8.704709301529286,7.808783,9.903789019595765,10.101280206748086,9.250790932356082,9.608951952747192,8.283687736679518,8.820507600199754,7.978062248152749,8.471139799187057,7.9305946114647154,8.510518869933254,8.046012998178718,8.513155393457133,7.563889186688051,8.359689628637968,7.71150988627537,8.363542947028188,7.699969149760918,8.374215234073011,7.367670869842383,8.09722254292332,9.729762709637932,8.797661665616074,8.672019827809162,9.69013200165506,8.524803154461923,8.186523306244034,7.955787777213882,8.259837033302944,8.218442662294626,7.846835,7.592574906895598,7.960835403046314,8.298795840806942,9.670149856994833,8.128075983862626,7.671015040515039,8.673201858803,8.73559872794759,8.707203185719344,8.725939222419209,8.747169143309131
2023,18,2023_18_JAX_TEN,TEN,4,K,00-0025565,7.040640695763678,7.1798587,6.727235623043985,9.435044554209428,6.816189420492919,8.951679556850946,6.685292544418729,7.99162642285593,6.758455130830352,7.448495995668729,7.480259901318659,7.5663651476218305,7.267432777322618,7.435129850124088,6.591369663529897,7.103344040257449,6.945300641703269,7.459474968040952,7.305585883594822,7.237037002510728,5.968594468228516,6.969097963914945,8.508264686510156,6.976990686545898,7.491553579005652,7.154988668208977,6.891674435882344,6.836437254952259,6.68686606447019,7.339147317244706,7.18907735672445,6.8558183,6.446988758038624,6.999818214444925,7.01486255852336,6.757647919306017,6.65363414274919,7.838796731046721,7.088673055080005,7.049439259833957,7.0592733969784565,7.056943710418442,7.073246725073206
2023,18,2023_18_KC_LAC,KC,8,K,00-0033303,7.863404965276256,7.541449,8.305255121824835,7.602650789368257,8.138707766982423,7.543083569257912,8.270338915596597,7.956205664789719,8.338135587775952,8.392274964682587,8.685026246877653,8.485553079173208,8.670832007177825,8.41499689594226,8.12667982478332,8.04075629579826,8.240992661860993,8.255838203956282,8.680800455796916,8.31984729358111,8.003093110962478,8.436659242341571,8.62760356465823,8.353635788602864,8.912357888724635,8.013646336018539,8.219332154410372,8.30259060521303,8.060731454008991,7.625310997870555,8.431217801781122,8.058037,7.591497877281559,8.001064973925217,7.954808749357015,7.63263204042406,7.106234833796641,8.566430204599321,7.834966689424466,7.964951205150851,7.820612216997002,7.884545946142947,7.905686927009636
2023,18,2023_18_KC_LAC,LAC,15,K,00-0037224,8.563300780741159,8.170374,9.007252205406308,7.127793150156901,9.06291938825937,7.647917773028165,8.704822420852441,7.736974214762507,8.37545172571713,7.719134341709303,8.561852841824855,8.291839725666357,8.47849675877027,8.222879728222754,8.059493623807663,7.761116336115557,7.7759143079066195,8.155676416046186,8.28158674852906,7.570454097341599,7.82160639327904,8.068916272578319,7.628304932816429,7.431258455999238,8.67209773945855,8.756771686533574,8.440177783872802,8.099151961643082,7.96295377301314,8.213676707729883,8.322265216645398,7.9437356,7.274503656727377,8.071840755573966,8.744382363424934,8.635979098016405,7.90356954750955,8.476187388780806,8.454095353468865,8.505192759124636,8.533310991154952,8.600846547169468,8.63839231359778
2023,18,2023_18_LA_SF,LA,1,K,00-0030332,7.395037991043106,6.9282765,8.075625887060015,8.340087457241243,8.06152021135316,7.975367303712221,7.792852718536797,7.408843193432805,7.780607840706184,7.436131735071412,7.5411023177697905,6.698488676642,7.417369344323207,6.839046842298655,7.869020671479262,7.241536450435338,7.803296321750915,7.510102828878799,7.997619222062393,7.141820264898358,8.085921758772386,7.430794246133876,8.921935274328982,7.417674312123465,6.792848941817103,7.478290156780707,7.562491692743442,7.759071412155806,7.972566012174013,7.969440341780777,7.399816440754889,7.8664412,8.07402193244585,7.383601187686482,7.030241135370019,7.901467380648859,6.41446662822287,7.419660176751348,7.394162899675794,7.458154791358318,7.402449456998776,7.42180178414663,7.448565577250153
2023,18,2023_18_LA_SF,SF,2,K,00-0038562,8.063728945932525,7.9165864,8.57962679605822,7.94616867158709,8.3316741900254,7.760968003367337,8.104452338236236,7.674804955276162,8.06116906512007,7.771883730782803,8.140682608542653,7.823767895707696,7.989059046192192,7.9593727849914515,8.078299979033076,7.550964925557894,7.971812160228428,7.813827182836294,7.919559231496722,7.750480974209492,7.8408583751477074,7.678193836608177,9.646477756868642,7.916118915374579,7.99192704396859,8.290123633035185,8.18222693651258,8.097568518438482,8.076839947765492,8.156348078590325,7.964192702080985,8.054831,7.936748542824085,7.893173776544483,7.8784555042814075,8.484026789664929,8.121308048175347,7.472253869822985,8.13777579662238,8.19683675605181,8.031779143269986,8.094571169075753,8.125413392218984
2023,18,2023_18_MIN_DET,DET,6,K,00-0034084,8.561449164652068,8.769453,8.527657333352243,8.554285369819226,8.663229259827698,8.559360859399026,8.71578794377313,8.599348669466595,8.622248748257297,8.645471885295601,8.737880343885525,8.601441868640723,8.519010341449338,8.403700387107827,8.823953050779574,8.621012123609061,9.244901798640887,8.822277811274262,8.86004253827874,8.835940716822689,8.947796568522037,8.307726141156007,9.965597375828152,8.984770249784898,8.801906248334733,8.843507778076502,8.836011538412523,8.60247125241335,8.583554488069634,8.834201864713078,8.409268657244324,8.699527,8.331989793332937,8.536845929251115,8.939744700638926,8.405877503039378,8.229460460368145,8.471143536039119,8.411110051225624,8.43462058149246,8.580333977752854,8.578990594229303,8.596532023806542
2023,18,2023_18_MIN_DET,MIN,9,K,00-0034450,8.050506455252021,8.140529,8.904434671814329,8.511699937290974,8.787700146580146,8.33751568771418,8.474606011823436,8.322512347666569,8.162773881591175,7.909272417818996,8.318814645400984,8.638105193118015,8.281872787161273,8.16490726691018,8.462982601053898,7.874560035826379,8.397076617046219,7.735933855558336,8.809011433196618,8.101073784086013,8.194711897371471,8.687083979122876,8.723517394910694,8.362961763328553,9.01585033387424,8.433912770702982,8.278863434227073,8.019945015494992,8.297224896809917,8.666875320916681,8.261970102826844,8.542541,8.50786441075413,7.779613267208862,7.756474716486252,8.437366803704194,7.574805800077293,7.955683694083697,8.100955363747813,8.157349062726393,8.009097822091325,8.069952937937543,8.089399420623062
2023,18,2023_18_NYJ_NE,NE,3,K,00-0038567,6.745176013129494,7.0958934,7.835254275590824,8.541666064084257,7.200569506638157,7.775433558698313,6.878315355863416,7.265133688151781,7.004720097758592,7.334826081032661,6.764944038793436,6.64391160887624,6.921478934341438,7.059595491957997,6.624001056803058,7.088467520105428,6.37643560295473,6.805138220692811,6.527887994206719,7.193098863618763,6.847747772827713,7.420451512899285,9.88052629387268,7.537289408800982,8.082638235285406,6.737103795087385,6.60121780125227,6.918987387934823,6.432427995000138,6.731651768689771,6.72401558088444,6.086027,6.649371062123482,6.929555677262771,6.766653670623679,6.860602636266633,6.008967689686484,6.850210442335437,6.725834925135481,6.779146943304906,6.760188026773377,6.778482138091994,6.811788263054494
2023,18,2023_18_NYJ_NE,NYJ,10,K,00-0029621,7.17025369194151,6.6466618,6.797140305705262,5.414219060851321,6.990092553871758,5.8165108572153725,7.020360776383309,6.310960690907828,7.15599167316703,7.0003969509215445,7.37129840234692,7.224199244466915,7.439713311290817,7.2931853552056465,7.083796900096092,7.167250599423437,6.902212644202336,7.128048344583791,7.346798929398568,6.812900035620611,7.085420635808164,6.484857487218401,7.488670487169487,7.654986724402799,7.743679007671274,7.121373578147516,7.147004770642207,7.258171317719993,6.9803106402522594,7.182408175213702,7.226796686686177,6.7098703,6.56384946639291,7.327434591935344,7.483677095832437,7.073176001217983,5.820607332451554,7.569097147297151,6.988170319800373,7.110733679907534,7.12925622412378,7.18939708608488,7.208540480228251
2023,18,2023_18_PHI_NYG,NYG,9,K,00-0025580,6.903756487668404,7.161902,4.832986430066702,4.529037447478916,5.335635012404497,4.893579621903365,6.284145196902094,5.6958213489657,6.906739462666645,6.603237815313383,6.809523946495768,6.394657093771452,6.900662687576995,6.355352915633248,6.73111929848507,6.611072220064104,7.041356778388308,6.215787013163076,6.636103284321772,5.623759981001775,6.944956174929988,6.4220913046437085,4.955453739377294,6.371585631242725,6.495155499978128,4.598241026594819,5.949280385361496,6.899556023253636,6.959302486607983,6.99443064333128,6.703380198698044,6.3242207,6.579834804670595,6.970253679285824,7.445999785027416,6.9289275554596585,6.409697412552325,6.287078943605415,6.900744957217031,6.8420373197129285,6.848150782559732,6.9217515623024735,6.939746636936544
2023,18,2023_18_PHI_NYG,PHI,4,K,00-0033787,8.514519340008112,7.970519,8.04190788004041,7.591620412794809,8.290538430541407,7.75393596956748,8.369925234899505,8.28815713930373,8.270868862651946,8.488777840879305,8.130932617170757,8.458684291839232,8.236463398219568,8.411514337159792,7.666541262649646,7.871936495050604,7.541958514606029,7.713193321637495,8.239536711683142,8.075346370559933,7.70959466187057,8.022098354707856,8.42024985855925,8.046771947330724,8.393136302863956,8.580882370535683,8.469361079963152,8.270244740624596,7.470919509577349,7.89348095629527,8.2792044004699,7.5267797,7.441988551675166,8.279434149577728,8.105581666143461,9.184583528080273,8.18823832346545,7.9509379829321,8.61459103919705,8.638478819712665,8.460267337178456,8.537147488722365,8.55977563743662
2023,18,2023_18_PIT_BAL,BAL,4,K,00-0029597,7.78951656892091,6.8653336,7.65499645905344,7.857667104395597,7.630906346537874,7.729983604654361,7.40406853571395,7.650521252904064,7.649269748332531,7.847372631819318,7.731997527676147,7.570127830731035,7.627707398253307,7.564618985131578,6.899941001812427,7.397291766089934,7.21531417521218,7.754481890905732,7.582267469644441,7.376609923807714,6.709505414040428,6.963022643610612,9.735257094472235,7.835396495125588,7.624129868354945,6.695476877859882,7.125759054794939,7.789730809507108,6.922906870023724,6.705504388092948,7.507000245062506,6.948447,6.976393005525404,7.143231898988846,6.986295209388016,8.654630015004654,7.942258336024756,7.1877508325008375,7.919848758996165,8.005617478433626,7.77337317956148,7.806420708579485,7.823324848238059
2023,18,2023_18_PIT_BAL,PIT,5,K,00-0031136,7.486605728780012,7.404412,6.371731685935871,5.763068491652479,6.571591371100156,6.445670546147581,6.904958621769041,6.831493520904586,7.178482955235447,7.004787366470636,7.449601204147928,6.867561759609351,7.461248467504991,7.183574630185854,7.109991216316257,7.195581125001676,6.976162885798475,7.480671251618538,7.245865675759711,7.2581178576692995,6.878744249526222,7.517901066581126,8.415779433334198,7.424219804014501,6.989359297350855,6.700158724091086,7.070138848117798,7.351095671777057,7.539199277810866,7.390854443938991,7.540993031388411,7.4328203,7.370114247360651,7.2745872680752255,7.285413150721762,7.719201247986065,6.915234761315409,7.6088890411875765,7.504272788252856,7.506056368702034,7.5137227253715695,7.505999822276413,7.525393915772816
2023,18,2023_18_SEA_ARI,ARI,8,K,00-0023853,8.81005297159599,8.254338,9.992201645810177,10.080980963062272,9.56981833983825,9.515932453655571,8.856707847345747,8.788725683034539,8.5287544054163,8.462690287494015,8.809836845460856,8.392624169182369,8.520723218106932,8.380397983638282,9.423904903982905,8.746048190189597,10.228677254347735,8.762185826284284,10.027840394175264,8.54060658981548,9.57753066397468,8.31930442940502,10.22113579697264,9.14790898869689,8.410798613403285,9.363890734302569,8.632041153195326,8.293396830051904,8.933266829223694,9.016902528348483,8.375372204675195,9.102373,9.190613862238848,8.138754793956236,8.402940888257875,9.369200977374462,8.546655489340761,8.434123826173828,8.809524232862788,8.849893323108365,8.880021484399263,8.836178597826645,8.862304224057302
2023,18,2023_18_SEA_ARI,SEA,7,K,00-0031492,8.724781087316224,8.70357,7.987681110627996,9.13601328173564,8.071183314301047,9.063376912886682,8.540417540629408,9.170732106092412,8.63309349296596,8.985844827335152,9.147248289052747,9.025550951119678,8.965972871877392,8.872049574211069,8.56084851025146,8.855322706025685,9.020171411206308,8.848022474469918,8.606675658601354,8.588442428029051,8.877524524420318,8.390437313109143,10.06239676971738,9.08698138898822,9.020252928639886,7.943152453765879,8.466690029735421,8.57815633274151,8.572935575801662,8.90098063491926,9.141923845586144,8.800375,8.599823365591849,8.689627801435131,8.576223080275064,8.698093362945247,7.51271095249,9.60702861403303,8.736350777778204,8.708971819033271,8.630426620066999,8.742847327130034,8.760913566943843
2023,18,2023_18_TB_CAR,CAR,0,K,00-0035189,7.1974568082285,6.805457,5.906786313484913,7.60071731398029,6.012765093683454,7.395961057394381,6.630094616352995,7.227795700041269,7.038589362319925,7.204077674052717,7.290817306141329,7.147350368889159,7.249340662051331,7.05821455848502,7.39999120882959,7.296085496173213,7.409340187094356,7.08824388179666,7.188411469180511,7.34129384679389,6.970125359213292,7.158056949530562,11.008284372596462,7.087592696190317,7.306134903268086,5.306886009656946,6.419419731265734,7.08122582260012,7.432809410795621,7.392912437416207,7.447100521377678,7.10027,6.999326888772018,7.0760891515539655,6.9832139383114304,7.284251423967773,6.959337870846908,7.464291350316352,7.231167831219389,7.235361837576762,7.113976226501863,7.225016265779629,7.252575723330759
2023,18,2023_18_TB_CAR,TB,11,K,00-0035358,8.145497939682615,7.703921,6.830490270397184,5.789546596045224,6.927630944931546,6.715371968751199,7.1010741559915065,7.590677609018032,7.294739818993163,7.831632429386003,8.333775427845326,8.614403797561634,8.142867288210008,8.318080182836482,7.667499811780782,9.768857047498472,8.317305182321793,10.007923151511068,8.110895203821505,9.557547350082578,8.04813464524475,8.48606777693812,8.064707036540337,8.649284220021999,8.489366218245145,7.237921775485199,6.891291672004326,7.145638394663434,7.271201591855229,7.751015888708746,7.881693250664136,7.420154,8.237102825391696,7.004684483547247,8.282139645474928,8.07170178511915,7.2517515791818425,8.535000870371464,8.03195525017789,8.078502707962251,8.196852333220079,8.166329059247309,8.187160178812002
