season,week,game_id,team,y,position,player_id,v42,market,ridge10_base,ridge10_extended,ridge100_base,ridge100_extended,ridge1000_base,ridge1000_extended,bayes_base,bayes_extended,extra16_base,extra16_extended,extra40_base,extra40_extended,cat2_base,cat2_extended,cat4_base,cat4_extended,cat6_base,cat6_extended,hist_base,hist_extended,ridge100_recent,cat4_recent,extra40_recent,pbp_ridge100,pbp_ridge1000,pbp_bayes,pbp_cat2,pbp_cat4,pbp_extra,pbp_xgb,pbp_lgbm,pbp_poisson_events,k_component_B,k_component_S,k_component_R,k_component_E,k_bayes_opportunities,k_ridge_opportunities,k_weighted_share,k_recent_skill0.5,k_recent_skill1.0
2022,1,2022_01_BAL_NYJ,BAL,6,K,00-0029597,10.136659805368453,8.172575,11.78246035886374,10.731105134727356,11.050983746905452,10.232261374877025,9.756489225926815,9.615790263237994,9.13096138580725,9.15414307308446,9.842757766800249,9.687443440788362,9.379149592577736,9.4353346151498,9.206976265566674,9.508847597896382,9.447089391580093,9.357300870526954,9.546240724261946,9.65975518647087,9.782671960781888,9.665861098608636,9.94099182760277,8.908797616668792,9.250924317087964,10.850234735826316,9.7821525779492,8.978053934440304,9.17707898930713,9.588098668940567,9.49832670208902,9.76635,10.123127401409986,8.800408699088068,9.798123965027113,9.874519368951603,10.90641657046466,10.783866056166048,9.96623132685493,10.04188156478566,10.163517658479686,10.156087275831412,10.175514746294374
2022,1,2022_01_BAL_NYJ,NYJ,4,K,00-0029621,6.955776965539616,6.908615,6.7660909143747245,7.828331095994784,6.747710703526795,7.975578308184184,6.962549443424279,7.991362852839433,7.222009692604114,7.8100316588560466,6.525966575404658,6.718849228254991,6.556754640591865,6.746302945584435,6.3563656214015785,7.083628237752321,6.69067866389712,6.884487888036764,6.763676322727471,7.117455197952355,6.444585302855201,7.157418511786087,7.4329524464223,7.323884984512134,6.747971998255864,6.351754938047853,6.811576962120605,7.229495479075857,6.584269023044966,5.971367649057227,6.42333490165295,6.193311,6.0904166173373575,7.048048291219233,7.685091019631709,6.639043698822282,7.52097857570676,6.212671612752576,6.7360766786124175,6.717337403681482,6.7793698901561,6.968765882212333,6.981754798885051
2022,1,2022_01_BUF_LA,BUF,8,K,00-0036162,8.918098046764303,8.693549,10.653351902402312,11.440501902709958,9.917505852633118,10.463171882117017,8.951990629179214,9.268325752046154,8.555415399556638,8.537632393286769,8.59099552362146,8.5839232559292,8.568726673108953,8.425255170525702,8.435815263164065,8.235673775119176,8.370956470979785,8.33431685380135,8.580167396187745,8.202439152320254,8.332021587654907,8.752295870868458,9.791989209439022,8.523087369005358,8.40701820100017,9.453473612548612,8.849673580083898,8.480067949787877,8.490821168475556,8.505817820629996,8.483034848774482,8.485326,8.262223250842956,8.396919844349458,8.937447160892871,9.130102865558896,8.63033845068974,8.608944536019537,8.895039894743984,8.937367850707531,8.88719948872826,8.935451685137764,8.95280532351123
2022,1,2022_01_BUF_LA,LA,6,K,00-0035269,7.979411594623261,8.499094,7.975670141594547,6.664577235352743,8.118746790389038,7.269044791603507,8.177801351534272,7.9731805723434945,8.103274695064522,7.8372734729685,7.854724525789555,8.091708960529502,8.179241504460641,8.127532768104329,7.925274784760565,8.468210515415636,7.637870189656696,8.060059324290139,7.417384113032686,8.055517439733647,8.056149932063452,9.06742287032017,6.9345450482630975,8.008910966805455,8.112622086176849,8.220932641418628,8.159658626892025,8.011429562530955,7.668494745372487,7.719597326286814,8.084917292372587,7.5711145,7.064299114644116,7.991862083649507,7.979815663120153,8.16698252380178,7.394107394112973,7.896315733776025,7.965439393303389,7.940785236270947,7.967793918650995,7.9954149042622245,8.01141821390119
2022,1,2022_01_CLE_CAR,CAR,6,K,00-0034173,7.990744451231053,7.683258,10.266445059607886,10.296446072980848,9.68851817611317,10.055879177044242,8.668426750294119,9.249538617341717,8.168464194735707,8.33908374356796,7.9559981268092255,8.372307160361368,7.871292308822983,8.131569335192243,8.371200158481496,8.602759315701471,8.39360601723296,8.85158561853705,8.620309135094223,9.138668346834493,8.71106393669437,9.750721693500626,9.838566944240004,9.090551714290784,8.196772006741158,9.877608606120845,8.585594884884356,7.885171823403947,8.24938523036988,7.969224348193836,7.831477224729148,8.763898,8.237241004860428,7.80993260711157,8.043735969778727,7.860470543413515,8.678247893733412,7.828053267793438,7.916564695227976,7.946924145410848,7.954117042249355,8.014964420602157,8.039184389973261
2022,1,2022_01_CLE_CAR,CLE,16,K,00-0038097,7.085924643770458,7.1971197,6.951597902447935,6.12211293539499,6.812928179414159,6.616112399863464,6.506173696724382,6.788344447461919,6.553980303042559,6.814517760499326,6.630203069030617,7.17591171792085,6.733823024288307,7.110198090171546,6.828129234290515,7.083552083576937,7.178266508114657,7.216925351850301,6.772764864813048,7.216240063490135,6.350581360732666,6.7272814103613685,5.611673180215287,7.629565369992737,6.992410687030206,6.252819998181454,6.298877866389738,6.5007611892108,6.92047028280943,6.684666679760135,6.599941622470807,6.274014,6.371478395077391,6.11195348902885,7.532152013023277,6.987464411098448,7.593033173756104,6.359949790242428,7.13800705138825,7.193386322972595,7.128333204574081,7.119547862236653,7.1531710807028475
2022,1,2022_01_DEN_SEA,DEN,11,K,00-0029822,9.052178628705244,8.123961,11.087907421467468,10.1490539630256,10.145502396494864,9.301565375466092,8.765096812398326,8.24372156626733,8.286467537100068,7.894131968257501,9.258248566242996,8.664357214560667,8.794133681561428,8.506720000043748,8.53057967888479,9.25614113816969,8.7425596878403,9.424623602879208,8.583537748574205,8.95344924411985,9.27102973500412,8.20698775408449,9.074562140750508,8.656265941377919,8.513101561753457,9.916243912562065,8.599890686226859,8.067776763624268,8.611187886992743,8.678629149628684,8.73751516220678,8.469091,8.9579741755879,8.001334914968098,8.525574641895528,9.074015482828507,8.91427498001167,9.867362725020069,9.034728849848097,9.082741426646734,9.029591892165607,9.068595636073931,9.08501264344262
2022,1,2022_01_DEN_SEA,SEA,6,K,00-0031492,6.731359756929877,6.957229,6.086914120858953,5.553788928870008,6.138082207352458,5.992572035079944,6.593439722922866,6.824370213905533,7.114046560779316,7.570839546875762,6.984350378812123,7.1144307351880585,6.906838010426428,7.259212612152325,7.2453449002401,7.519311959820579,7.381321574089416,7.69899469175164,7.735715325652138,8.347025057598593,7.882461950478084,7.541422986797712,6.237718501841519,7.456722623229096,7.122840991360695,6.586227368409564,6.850559283552942,7.410863827949891,7.17360273170612,7.825110888992065,7.052136771498477,7.4192047,7.384653087359859,7.082754899484774,7.157089513440166,6.266438154423274,7.516580156233045,6.629998127526067,6.718302562778849,6.684556453562975,6.747457295564933,6.744305803354813,6.757251849779747
2022,1,2022_01_GB_MIN,GB,1,K,00-0025580,8.19567828499071,8.052033,6.498932671816555,6.341154279944952,7.02911571948147,6.700871553609595,7.875912220718605,7.963119491471887,8.14287222545991,8.440506364464872,8.49541735485364,8.222894606831174,8.346026312138246,8.28452939763878,7.867315238143825,8.414697755116602,7.857301694293453,8.317763890708317,8.067793722254944,8.366130081783128,7.936727605001796,8.111119780914446,5.672890171940711,7.754224440214084,8.070030688216383,6.952577415145987,8.070693688607728,8.432860667389457,8.079616018091292,8.273663960637915,8.576376326655364,8.171431,8.227720170613809,8.368628893560198,8.279342668659384,7.920972879268268,8.114109730125818,8.660376798365032,8.15684013096672,8.171862098211085,8.15488271394945,8.207040376181109,8.218402467371508
2022,1,2022_01_GB_MIN,MIN,13,K,00-0034450,7.9108961057611396,8.538172,6.651050165431701,6.239041346851858,6.927660769594387,6.34733825412881,7.549978610538339,7.074867648397281,7.784462125956649,7.452663449212459,7.627907217733526,7.418179832349234,7.883939477273874,7.566929750978434,7.470740781136532,7.35033868560542,7.444719188235551,6.993828528691401,7.1962628506175,7.330460896106562,7.410955941366058,6.030053311332724,7.60594590513083,7.657484715461641,7.863699542826285,6.363891681808173,7.172338893891478,7.630147126487198,7.34435312725858,7.423605837932791,7.603362235746704,6.9234114,7.060244882238529,7.5874482656800755,8.359570823000013,7.796310062382354,7.483914893312034,7.680546722884955,7.755547929581697,7.706633481398299,7.89907367411217,7.931222931531266,7.951549757301393
2022,1,2022_01_IND_HOU,HOU,10,K,00-0032726,7.100605438135787,7.547571,6.116728627672442,5.781700644795592,6.290795731097854,5.988333505452275,6.780189844053691,6.746241481827297,7.048859001784079,7.318787556207278,6.327597508262564,6.5856455420575735,6.781343792096408,6.84687613374034,6.450764429508759,6.729405128014909,6.292815726747372,6.740590306741732,6.384807690198096,6.730102696177974,5.869802497750755,6.488505586202567,6.227477570542721,6.582963584773232,6.958061090261867,6.6151417970943225,6.878290528786051,7.142243478196766,6.5468095706033465,6.156566432734551,6.695550638352444,6.135703,5.588079992907883,7.125520765526028,7.369045312967273,6.824677710051882,6.629081423851756,7.485563089198382,6.988350156390168,6.962382117484598,7.1177688515004975,7.114038622236552,7.127471806337317
2022,1,2022_01_IND_HOU,IND,9,K,00-0035849,9.028641832252363,8.908758,8.634601790037323,8.754730745308862,9.191966505753651,9.338583756206422,9.381763096737505,9.643296613996426,9.145376269754324,9.180434705849107,9.487212204763791,9.40909469204995,9.474928250304998,9.366229004506607,9.09419413437324,9.023090434455284,9.380981412203374,9.127860888301404,9.471621284935225,9.527878134084135,9.474015377936087,9.594927943052683,9.573545030244196,9.018655437001511,9.365013287758297,8.99084515565312,9.297858618989505,8.972402624818752,9.080277437788286,9.17224262894258,9.127098373061362,9.184382,9.389769791165037,9.169860666859265,8.671434577963435,9.012922176680192,8.712064904980995,9.75418048846579,9.063052466167626,9.056216562605822,8.985502637787718,9.050423687063315,9.072205541874261
2022,1,2022_01_JAX_WAS,JAX,12,K,00-0036816,7.558985418205607,7.215443,8.7312206263488,9.130152302367163,8.482738615353249,8.781701474208758,8.015374900198331,8.369603806231938,7.804634746257954,8.106284178991686,7.3330992756012785,7.839434161000114,7.263841613404414,7.705056601158216,7.800394728530886,8.39731516554978,7.805632629391214,8.648897537331026,7.695880288805589,8.13140141409075,8.301705801665387,9.215186712616124,8.790081240857054,8.916560072208853,7.879347613776387,8.15572125622688,7.812875955878046,7.6262752983679665,7.494322645589754,7.601393594525214,7.171808651878611,8.006661,7.917161387077151,7.503939813460967,7.584429412003312,7.328390884391209,8.545202412570774,7.48889999795526,7.590096511417451,7.598778619731076,7.451646765377608,7.583989270636538,7.608993123067468
2022,1,2022_01_JAX_WAS,WAS,2,K,00-0035192,8.100042514764892,7.7988095,10.489450838336126,10.167301221888174,9.645305894406256,9.307349302146095,8.570179910618515,8.43029917228731,8.271899247767596,8.205650868487632,7.895595038989493,8.073762939787695,7.864266635467679,8.016496044202862,8.233075528505168,8.53580057515085,8.21730041982035,8.731101090679802,8.026893168081907,8.898592527726032,7.648418633400443,8.625309773970896,8.287923750809925,8.882204517097168,8.193974065934704,9.620168818768448,8.472371608727403,8.123582748676753,8.122809296204553,8.256950674283729,7.921684467676086,7.8577313,7.813338321388614,7.868244243302718,8.051713327634609,8.367784304816619,8.545324535881692,7.41441170479846,8.123400433712108,8.171207038657998,8.109223072881726,8.11746887372736,8.134895232689829
2022,1,2022_01_KC_ARI,ARI,1,K,00-0023853,8.633268991149183,8.180299,7.791060696935691,7.541908111667381,7.885922028918186,7.958728688274838,8.18162003980974,8.269259860461657,8.25900685983795,8.212153339186743,8.234151811746482,8.314320853715602,8.253081744005854,8.378134455330672,8.063201473738694,8.013801383003555,7.809704399236706,7.800676727359328,7.797084658318561,8.282963965972698,7.9774364022296735,7.938795811845462,6.939815440851382,8.15369158541207,8.201421615772379,8.298159335763922,8.396335293958826,8.371096681906698,8.096545672948531,7.762811236037618,8.267549752588534,8.005697,8.155570262724842,8.067371623868423,8.155587923132115,9.107201822516105,8.523903816739551,8.456607517645756,8.690844359357303,8.72038035215009,8.541002120092962,8.647977902258454,8.662686813367728
2022,1,2022_01_KC_ARI,KC,9,K,00-0033303,9.321328643657909,9.347032,9.10128945772151,9.034237331540504,9.382517301165423,9.39012331042951,9.460873154919163,9.553145042663928,9.250647077845958,9.164861112446744,8.639331150362095,8.855839242311772,8.611143485027535,8.771254774681912,9.07876967546763,9.063585938974525,8.93933469111535,8.902878676456066,8.739057723166383,9.11671820690196,8.772386239579923,9.143073049424457,9.278944741961794,9.168544349381916,8.805148715163732,9.309476341611138,9.455577526536125,9.150835061834824,9.01361615749231,8.741655222240267,8.62053249698995,8.831687,8.330576125068012,9.327709207786478,9.599159481473997,9.418511794934592,9.27697161827954,8.732394597069595,9.306190530020794,9.291831945332753,9.210186788681407,9.338206936401257,9.355085229144604
2022,1,2022_01_LV_LAC,LAC,7,K,00-0030098,8.97142166881022,9.003555,10.67521070283007,11.27828408636798,10.25363658532764,10.846836982205266,9.527540538359286,9.97995333535266,9.135451715574725,9.268030966042938,8.321195293301606,8.28923237426247,8.487101410121173,8.769274911724517,9.07662032900783,9.368986347382856,8.595950487936815,8.851236693879994,8.374322527702258,9.15259191868208,8.48913313672168,9.555410358969876,10.50418042706179,8.646675515505674,8.63071923064963,9.815443770914868,9.264166196593177,8.92479265698708,8.68209638221396,8.342648843217207,8.370417264794247,8.308977,7.836494063907405,8.869473641210185,9.511475806963752,9.12617045898446,9.247220119891686,7.7139436556907155,8.869842173281876,8.91281061047114,8.889082301843818,8.98309825963901,8.994774850467799
2022,1,2022_01_LV_LAC,LV,9,K,00-0034161,8.598839400553189,8.322962,8.993193199812469,7.58287539877956,9.026735305608597,8.118124392173694,8.986144279813916,8.74820458910319,8.930436035035058,8.879355691295322,9.302814174948017,9.561282112688463,9.105912622461318,9.141153713523437,8.525620506249977,8.339355743234917,8.748709105889779,8.877866897470097,9.184140707262369,8.766124476468402,8.036239744250837,9.116865892387931,8.041857656359909,9.296124534736652,9.308879688963057,8.870811346712744,8.924378169814391,8.940034238295851,9.008869619833453,9.398451619247144,9.284058787750254,9.234699,9.537775457727696,8.862098114815756,8.709505630543127,8.372947932983946,8.555023583960836,8.906530899002947,8.522441551253312,8.52420510932411,8.528799518109926,8.620301290778743,8.641763181004297
2022,1,2022_01_NE_MIA,MIA,10,K,00-0034794,8.63993251115177,8.033091,9.899170422398786,9.862702519447213,9.602194842055033,9.535394380533502,8.697998427660679,8.534092460488464,8.31086967926156,7.967593629902998,8.328065272040165,7.858023668112334,8.24924305081141,7.822491367047237,8.332351068283296,8.166405496963888,8.14429159732811,8.132196723685874,7.927964620783838,7.574685399551865,8.567301246405957,8.011543950462867,9.659203684968476,7.949751551644055,7.757973329040971,9.479615801915507,8.573912784827955,8.124297338651308,8.114716656020153,8.057942261774533,8.086566615892613,8.707487,8.74229956585328,8.09605234744772,8.782500315705153,8.709147810592217,8.473342625728376,8.370945148152499,8.508399685982251,8.530145662552997,8.625963528074308,8.656490057565765,8.67304760397976
2022,1,2022_01_NE_MIA,NE,1,K,00-0025565,7.435078010879563,7.4497247,8.420773144413316,8.844153307624884,8.367195789970104,9.08534506753811,7.987473153893654,8.834123429331154,7.977327412246254,8.494578076044833,7.813753626662909,8.127565169776714,7.885720193733168,8.022862906064544,7.667144985870959,7.95629520157723,7.704276306559183,8.18318039054327,8.010208171020505,8.097543978445035,7.922025793244787,8.079934683063254,7.689054315934364,7.823388721382238,7.876528058251811,8.8734931443978,8.140309850587078,7.9848068194679875,7.734630535389743,7.830759083318707,7.8916598328317935,8.33362,8.138032784958293,8.010344895404051,7.912998205054855,7.107090332285723,8.03491362796586,7.07425526826115,7.531040292190382,7.538120200751086,7.458345036372446,7.4528017756940805,7.470525540508598
2022,1,2022_01_NO_ATL,ATL,19,K,00-0033702,7.453551103332346,7.4774547,7.882155170971192,6.940077159959141,7.826663846985655,7.408447012469822,7.778824578611759,7.827621977713705,7.700671500617619,7.882032940553727,7.9464353429949,7.817713644604428,7.786978570714302,7.721402293064639,7.05205401232143,7.254445876463446,7.205153932883091,7.662658925442288,7.323132563777501,7.5266914639983,7.225806820707446,7.2833669630331155,7.515150128150352,6.910686610396715,7.468430729130155,7.970584925797145,7.985469579288145,7.839602483354286,7.123184805369234,7.335094676954593,7.859456723934283,7.509022,7.647056571844852,7.75264674480329,7.222860610643226,7.582038448413321,7.16156490974177,7.688605248999369,7.494046615157304,7.4662905476239185,7.4759300634222665,7.4711476223689335,7.488744141405518
2022,1,2022_01_NO_ATL,NO,10,K,00-0032569,9.73474508079248,8.644187,9.982419648063258,11.05127890582506,9.812561682664612,10.403300836994791,9.144542319660022,9.499621123264795,8.725761003094094,8.806792428752908,9.211322352200888,9.251610031353158,8.974542901924748,8.883689869772896,8.48622439520711,8.143452042479097,8.223554510351587,8.17881294028258,8.190421286263994,8.432200953382091,8.711684247802395,7.816074518284259,10.503353905076771,8.70431906068927,8.883404491223976,9.788859854998709,9.081870059901863,8.616959064542955,8.091225597828778,8.742769775808348,8.955683840376896,8.939665,8.512323971402399,8.796629554571103,10.408942231299072,9.312925171541107,9.451531009823693,9.708696209019735,9.289828303978815,9.293728059204836,9.47790052386699,9.754662255595116,9.774579430397754
2022,1,2022_01_NYG_TEN,NYG,1,K,00-0026858,7.631220588909906,6.972374,8.369424956632523,7.201280675898602,7.846943864108781,7.259139542289333,7.223008531304265,7.281608624327274,7.013256258099183,6.932478699721878,7.059064071592633,6.873686820934242,6.925703111347637,6.88063033574163,6.988035670072516,7.20802637668749,6.83107197148737,7.185820530544271,7.296336400685311,7.14248015701462,7.018257096850542,7.189668972552267,7.25527329878628,6.945865418797546,6.968072500482144,8.52296900443004,7.483794020379851,7.01154453763407,7.0625390071792005,7.178860851797048,6.826008089907568,7.314228,6.386289380899452,7.071712219250095,7.385599493508889,7.640963970128706,8.317646157937489,7.6369526850600336,7.577888711954634,7.5857798237521905,7.666172554805005,7.651608912980096,7.67199723705029
2022,1,2022_01_NYG_TEN,TEN,9,K,00-0029421,7.858148269184151,8.041879,8.536640728346939,10.315935193170414,8.294027938089219,10.109020311112598,8.196931365126309,9.68094719084426,8.200045370492065,9.175676674792978,8.079737131543782,8.658524440696816,8.264966648406391,8.512561479233247,8.514318661482823,8.644847673049004,8.174866473740975,8.699813492687705,8.144910632253987,9.244517153054083,8.181700376711062,8.685314523590996,9.041726248355149,10.035393302171968,8.47866274004788,8.58450894887741,8.411205789020892,8.33738329648147,8.76987410756284,8.764560808852067,8.517263395500455,9.119596,8.47430712411061,8.391387565047605,8.3778188265881,7.476894878337326,7.82488484946606,7.857780924630924,7.730776011433126,7.757709605092635,7.861065688256101,7.873090526068321,7.888032782952489
2022,1,2022_01_PHI_DET,DET,5,K,00-0035145,7.702825416290984,7.845611,8.682391341610236,8.203599400709841,8.475543868704328,8.094109837293326,8.397331010183837,8.333398305035937,8.34156846396495,8.314890890942335,8.048265920372978,8.248707494252058,8.206497052369388,8.188577665814298,8.29913268193332,8.203388492565875,8.234078353752208,8.132736442538292,7.900308787438943,8.753689675297874,8.928548518540415,9.244682697430594,7.947379000024833,8.276629595812137,8.33978437192848,8.198857621907655,8.150082340066668,8.146507657341115,7.972123612284504,7.973109405762583,8.16613868702913,8.199382,8.07055208700318,7.998619768770656,7.671084167789854,7.5108803080048805,7.291522414945112,8.33997900628782,7.7107296781238315,7.709691235008641,7.868484049331865,7.7261882108202995,7.749551005349615
2022,1,2022_01_PHI_DET,PHI,8,K,00-0033787,8.848498777812793,9.012343,8.24210869904375,8.378080954636532,8.736956899190117,8.843518614614368,9.154296608344518,9.2654613918579,9.097691166052837,9.082383737557516,8.762904611503318,8.84021795815641,9.006306117705412,8.884081108204095,9.070712554440812,9.101370063897322,8.90340411772805,9.154071178776212,9.211972814787986,9.100338615541997,8.967844075334511,8.933910081948781,8.485531039726103,8.729586943403636,9.005116944321724,8.2175800973043,9.066445616085446,9.10608655748437,9.543497226467096,9.441867814092952,9.071044559508064,9.345447,9.766206247638518,9.213926391411947,9.358068431342836,8.443231543947046,8.64051814636998,8.998669080970632,8.717028332202876,8.719038861807233,8.762435634238775,8.8643581438729,8.880217509933008
2022,1,2022_01_PIT_CIN,CIN,8,K,00-0036854,8.330491382130207,8.303271,7.679912985940755,9.0593578119038,7.8627615797955,8.808846756941263,8.257470080713444,8.733506843943276,8.38741722731361,8.590000501962923,8.281474974648376,8.7419448143487,8.514583228639081,8.792028617515072,8.379937212599469,8.904676004631972,8.340518041697251,9.020499522561966,8.002442991622667,8.679077645519712,8.454778542934754,9.1797067873036,6.883916142748635,8.566942427952899,8.55091196133389,7.816511939699562,8.346860977826342,8.455221085942616,8.367560165017991,8.462839870009411,8.283545282571621,8.454604,8.166890550030054,8.463281443055488,8.594779065798537,8.221016037141316,8.547340206760108,8.04458613429054,8.36012542048584,8.351377292215702,8.236039102170196,8.35801443500224,8.385537487874267
2022,1,2022_01_PIT_CIN,PIT,14,K,00-0031136,7.727513662001064,6.8448563,8.56306374994506,8.354093275263935,8.348592589700976,7.994705675752491,8.061594369865448,7.647479698390732,8.111470668932574,7.893867272504821,7.146855415398157,7.125866481104032,7.13591315651704,7.368307162215919,7.659649461143059,7.0501128823661725,7.767829791694527,7.09420893733293,8.29265178004857,7.48410273106207,8.447337081715492,7.018509016786384,7.588990915336876,7.231651033117392,7.120432927370757,8.578888436993676,8.067965041200816,8.058159559545095,7.5404898132690255,7.65876469764734,7.095930190413272,8.072163,8.20547336784694,7.949643622236311,8.280824191141377,7.405074416797351,8.558301250081973,7.127032564657559,7.563455614322861,7.5932388464301415,7.702372072709167,7.746653512205624,7.765793362410184
2022,1,2022_01_SF_CHI,CHI,1,K,00-0031203,7.381583195973347,6.50699,9.735058949010446,8.757093984314846,9.293286211923768,8.623400159353078,8.34645350047336,7.967714760737403,8.055077212888168,7.760831923319677,7.56778746470454,7.337431731154242,7.374410894521912,7.42108639538562,7.633489253990161,7.126933354059547,7.862613638961312,7.184337351104511,8.13088065973228,7.326285186363226,7.868852343525121,7.127060153042662,7.445145192552493,7.2235656588123,7.068137234126955,9.530321805998952,8.473364239130463,8.060781840738022,7.659432960636029,7.729046771030233,7.42359490263976,8.169933,7.946489699841861,7.777405193429653,7.518448948867407,7.063144125404973,7.845394999959501,7.581256805775925,7.330913923570393,7.4149597927370285,7.358753385698543,7.400506428737175,7.419429661501002
2022,1,2022_01_SF_CHI,SF,4,K,00-0023252,7.942565105758977,7.77095,8.638532753395527,7.151479226159959,8.534527249847553,7.295428713855725,8.441536856472123,7.754073100931103,8.416784841089575,8.184989560878842,8.599568475508203,8.202193253596961,8.340220514884905,8.343214609247097,8.410528189593435,8.057880001793121,8.191691548053527,7.930761928581711,8.174383515759082,8.005242977889871,8.59222660407796,7.467215924837229,7.360002660848695,9.218331947567403,8.435918352711933,8.670702067384195,8.30409561253839,8.224586385701029,8.368956957179831,8.044487619114305,8.409893367638425,8.263144,7.865287482053969,8.206841931355479,8.399100165880856,7.4632877855614,7.817615213017402,8.2787921023421,7.819891903244304,7.857836199136202,7.9403820666297005,7.958894357475703,7.97522360919243
2022,1,2022_01_TB_DAL,DAL,5,K,00-0030332,7.55942079560855,8.219377,7.117955508152616,5.382380811431888,7.115195588851525,6.020787415068443,7.524602021375832,7.093300529322473,7.917774080585747,7.7365617294624895,8.476033704571813,8.180555141831526,8.286546606372742,8.320193958990595,8.04861776784081,7.850254210185041,8.067654376569694,7.905693683220304,8.462592380614687,7.946913173720064,8.489299733800484,7.825303591577448,5.015337500456617,8.428169708284505,8.096535929294246,6.197810658101644,7.328220900247336,8.002109780587567,8.20458632163484,7.83228542715622,8.248879989036004,8.446931,7.913315566651706,7.489887276622759,6.452442489866858,7.6652340555616405,7.479160514654621,9.048391874791871,7.928861082597573,7.973081193567165,7.6768130868108555,7.5742063141503335,7.588991832692115
2022,1,2022_01_TB_DAL,TB,15,K,00-0026968,8.359547595841532,8.705515,9.237136848801184,8.232835764162557,9.153644985916229,8.512684676415885,8.880533028287433,8.622389615640957,8.717161157208343,8.456560986666315,8.323123497149378,8.153125729443161,8.471047559431955,8.320832992901005,8.53646854533479,8.269973733020555,8.511257649100843,8.164573527909969,8.568121752447627,8.109703647444228,8.467617958391584,8.16157663356491,8.000794428876558,8.190930609804731,8.238620517753715,8.932706083808355,8.866168305136833,8.745051475599908,8.469022331970308,8.409568905436046,8.310689648203073,8.470981,7.903243418448934,8.84317115636112,8.694873344975441,8.170800668803201,7.904198272859459,8.461727487708368,8.214811975574987,8.177203845575352,8.344330587777938,8.374393945806908,8.389240295772284
2022,2,2022_02_ARI_LV,ARI,1,K,00-0023853,8.2116414583901,8.061569,8.062194527736443,9.164279954101891,7.873337816195325,8.484198397680618,7.8523615471824995,8.057861131509656,7.867880776398728,8.192689318986137,8.004013973385343,8.118859158552812,8.05065258928941,8.22897974946263,7.893301156829816,8.565522529139484,7.695366636109722,7.840002497739778,7.66619504296211,8.402546262727126,7.222225230672064,8.865820143722287,7.660614769699015,8.658738016957265,8.270619307196279,7.908472921962417,7.949279299329673,8.034042072593445,7.908274390877437,7.999700556199087,7.924958083152549,7.611842,7.480931772038725,7.712426144998659,7.8842471219605805,8.626345265486243,8.20401957342817,7.877136291323054,8.229291349593563,8.249659034012444,8.15822996152589,8.225763564829121,8.239885671268143
2022,2,2022_02_ARI_LV,LV,13,K,00-0034161,9.844759484153784,9.131073,10.37537161734638,8.976246110006741,10.332036758869434,9.581869336818212,9.900191244824228,9.85719735897016,9.566451595143466,9.404658740108989,9.85932390714241,9.403428320637836,9.453963168557712,9.250755523638809,9.398417596912983,8.973398541515172,9.452455580555863,9.261048263186504,9.617559259676414,9.473917495649266,9.303697233377385,9.387405040926474,9.887978316134513,9.411426822936512,9.228217640033789,10.066239242431038,9.632375891027063,9.232304822220724,9.18296105248453,9.11044343159594,9.180504385724989,9.270901,9.066242583362255,9.3239559550674,9.500229546527146,10.084205616682599,9.617731778032862,9.996175978596566,9.74747802320972,9.737419690310277,9.764174640833707,9.86881412329812,9.89286876244246
2022,2,2022_02_ATL_LA,ATL,5,K,00-0033702,7.5997078429755,7.2407427,7.809008473076007,7.742250612330536,7.8886465859042465,8.061027648335942,7.971669982180015,8.131453126314902,7.985638672969026,8.152270371727862,7.96448219680364,7.948120823628577,7.714033005011476,7.687221896101687,7.335437088968444,7.271559070474916,7.213094783087969,7.272910336287898,7.33118173919472,7.003409098148246,7.514759133946996,7.049715889960196,7.299958002508714,7.107412418961367,7.359376787954222,7.976503042698428,8.068321521416488,8.060307339913452,7.50072969729837,7.656726656765804,7.775826898015024,7.70299,7.010330212697311,7.933362135549437,7.84651901733352,7.6192547091905425,7.568593992351351,7.2059542743204545,7.598615684858083,7.590594823971968,7.591736686801561,7.619186464895259,7.638665086815019
2022,2,2022_02_ATL_LA,LA,7,K,00-0035269,9.90856721215039,9.282524,9.671575952717705,7.105918117419588,9.91796792345557,7.947803170639205,9.782717763975183,9.07309338492283,9.295062669454506,8.851099306044889,9.475673194789769,9.065828345878232,9.174830098954088,9.18565371783066,9.177208341672696,8.84932374850049,9.116770829042656,8.694622137061051,9.412218644797749,9.210910366073696,9.717542120024838,8.676772226983513,8.082780765795793,8.75196865881711,9.002155916804275,9.829613832156726,9.746230108619008,9.144574163190129,9.248718491721096,9.272926603245008,9.24468084780024,9.469313,9.96362381702843,9.10810156786842,9.799010855401571,10.138918715216864,9.588841681496943,9.772061506467388,9.68930887805412,9.731200211764985,9.861985405561523,9.930409884167117,9.952252556183847
2022,2,2022_02_CAR_NYG,CAR,10,K,00-0034173,7.495476190623304,7.6378226,10.034593887978662,11.52850045726784,9.362095118732434,11.005084052951071,8.379643109506357,9.95251411518131,7.98706060327636,8.850252898037624,7.800314504047959,8.642398560590532,7.811150375131075,8.323620963429608,7.8042300872559505,8.502191695392128,7.838355505111522,8.972314887152084,7.681642833372696,9.266733904440018,8.623728757869282,9.790194498963622,10.34372694903888,10.176795282326529,8.38934219427312,9.481581329729543,8.499902361586855,7.963361884746591,7.998031152630077,7.640206372413378,7.6374962800466495,8.529666,8.870930502435787,7.921295869286003,7.768473236507,7.3116435297449485,8.085004386847972,7.1588818454421315,7.481942698620175,7.484823516097281,7.474238951428388,7.516646167476033,7.537816144328762
2022,2,2022_02_CAR_NYG,NYG,17,K,00-0026858,7.939649905839079,7.4433675,8.854009225298949,7.706219423743149,8.161527329074094,7.601024639362493,7.497467799152251,7.820007816382422,7.339531723874597,7.724352081379962,7.7590776294649455,8.081883532613729,7.361329060716665,7.590562448615461,6.932459258258827,7.755179025034184,7.447139166489824,7.956462972570235,7.786131170350234,7.901020343099581,7.392251083866415,6.968332080551463,6.8282794264922,7.397259047476687,7.974599647582895,8.466766184448876,7.709812083929334,7.424741883216312,7.435220811215916,6.9236868599850965,7.210531553099878,7.163185,6.554169484170688,7.4057344536189085,8.073314625356314,7.779598109218396,8.751123129508636,7.653519807969809,7.813892241452612,7.825154789861683,8.005414090766509,7.959960434027209,7.980270962215342
2022,2,2022_02_CHI_GB,CHI,5,K,00-0031203,6.750617153476315,6.3858294,8.551791757881446,8.748389906793077,8.316091500585923,8.365179132954452,7.726492513914512,7.840227323738862,7.586357900433573,7.60831522833986,6.628017256808871,6.802646043738163,6.713167900180912,6.868943710648343,7.111411780636431,6.919615236082466,7.109095411091696,7.203382417344246,6.928958217440234,7.5208249689149795,7.118650236647489,7.32803746608199,8.147168941021588,7.097116577335342,6.715607517200136,8.510240775963673,7.880378345915015,7.638260819242061,7.243350697243526,7.292989110620785,6.796289283439681,7.621307,7.117825255575951,7.318748890086896,7.329647656877896,6.453845530129987,7.466947815113823,6.117449314247843,6.734383870507127,6.812953034465884,6.760501213976261,6.7685355444664665,6.78645393545662
2022,2,2022_02_CHI_GB,GB,10,K,00-0025580,8.613425736736719,8.42761,8.692314793000858,8.750057459967001,8.545254505449986,8.34360562566076,8.520332848351552,8.392776157421869,8.404890802949028,8.330371738840652,8.496861889481552,8.397070637950275,8.381713898076054,8.32121013284125,8.48730647732815,8.509633082017015,8.510436038411434,8.58990823800642,8.579584143537009,8.592525382590258,8.476256855205486,8.498577034009836,7.766885196293251,8.309105075889216,8.386032655371007,8.58274460309638,8.445012163393725,8.24159166749209,8.15598612354027,8.524643069694294,8.29936484314563,8.046373,8.587939531425032,8.32292594335676,8.700741480159671,8.538396107257093,8.592657085350732,8.642895706254539,8.50463475902209,8.521924029640989,8.627147608234697,8.625908436699241,8.638391136661761
2022,2,2022_02_CIN_DAL,CIN,13,K,00-0036854,9.30748038184166,8.689622,8.201386164630687,6.973602058499271,8.657058006123748,7.818161299152448,8.931409077670605,8.785221619744247,8.799118913728847,8.657221702622712,8.489355461286488,8.698752549684837,8.69081836643104,8.60903573445588,8.842512887637827,8.92379139024495,8.427963202419747,9.185759815077386,8.045115816283332,8.696767021019918,8.332630776486337,9.005490246253743,6.0745071703960045,9.043406993949135,8.549937679344312,8.194237501184992,8.78232508302234,8.715126562619194,8.424587146318553,8.388923554702375,8.764889930673347,8.69562,8.21205745013907,8.717767905310051,9.500759678876477,9.482313305286857,9.249192894861071,8.697039332889334,9.105729084735069,9.150557396317202,9.256498689981285,9.337817258332004,9.368154134822348
2022,2,2022_02_CIN_DAL,DAL,12,K,00-0030332,6.997715478403654,7.231207,7.019454570770956,6.040741669135763,7.116664525012658,6.643064719960105,7.526322254304368,7.43473901652474,7.779076504323904,7.956301396158522,7.348362566092486,7.067342769418006,7.443566654743125,7.349948328147447,7.037716553689885,7.436738480961468,7.268252793445026,7.132132785528837,7.333635615325571,7.351525611215628,7.516488180253738,6.766801545795993,5.851746502958891,7.262557362819967,7.006219820568505,6.4858318125334575,7.424776936542551,7.872121803976206,7.364379598972125,7.617778112846904,7.342503086285613,7.272612,6.909433766638789,7.312420016219912,6.640625642474969,7.005840241706794,8.16156615751018,6.935175366137132,7.212455757795306,7.300445912023935,7.044675958655466,7.014824820290673,7.031934162177692
2022,2,2022_02_HOU_DEN,DEN,12,K,00-0029822,9.79031305129326,8.695361,11.85949316278781,12.477478802617952,10.858511447180812,11.229930847048426,9.49879172115477,9.836790255832696,8.964870163769355,9.069740255843108,9.58642652158803,9.462727768272735,9.104905878231508,9.194566696284204,8.966033040136585,9.223839579217891,9.670294954001028,9.151824938653574,9.056014651362789,9.386248618599677,9.364457571131478,9.428018741348684,10.522538542141852,8.95276146395267,8.873198852066306,10.894181430378309,9.62381385449802,8.884876179621628,9.354243977730643,9.58951917369735,9.419416141798491,9.447072,10.180488173138922,9.125341772133927,8.902149951627077,10.254157308122693,9.853951456248847,10.163049984655869,9.844868317185515,9.886464581879158,9.674617304083334,9.804891686613391,9.819470321933526
2022,2,2022_02_HOU_DEN,HOU,11,K,00-0032726,6.422633883182714,6.6535797,6.993009375667025,6.361825027621499,6.706762055487418,6.401599224056453,6.616981659028181,6.637718006399482,6.868671637032239,7.137892585316853,5.983074921786255,6.288033593946934,6.388302485016402,6.6903770198088095,6.532430396010967,7.019604382278487,6.0669290360281485,6.894710501446919,6.519990960584392,6.924699118357687,6.552706081497028,7.154620228450166,6.5101336690657154,6.913196287602086,6.461715488744828,7.177541276958003,6.669379119213578,6.89402531845027,6.534941544797029,6.325198921746742,6.22354037659841,6.6906815,6.773401796403559,6.783423703117516,6.891666231881093,6.126678307689538,6.919834999619094,6.062395952903306,6.36032523439393,6.343988361810911,6.418873808349856,6.437326047643582,6.452018212104449
2022,2,2022_02_IND_JAX,IND,0,K,00-0035358,8.672041952103323,7.7988095,10.722866470829684,12.207307892470856,10.107088702149092,11.17985563482616,9.049203580069111,9.863098822686572,8.5632767784013,8.880038214436507,8.13633579367458,8.648600909937494,8.034608065499539,8.456770399047064,7.973075702690707,8.880042544191005,7.902704369372383,9.143031031265192,7.662962761229659,9.074505148697368,8.471709619940608,8.77787897079289,10.152525338199265,8.997620092998043,8.746363427321807,10.733233804588618,9.202825563613784,8.463865463176743,7.947641361052505,8.167881268485822,8.081615336049815,8.040135,8.275042132501945,8.4701915942033,9.047091598777211,8.462115449478482,9.541240432353975,8.094721247216839,8.505719982360123,8.560458193730248,8.63588903103901,8.701537619919142,8.73103328773496
2022,2,2022_02_IND_JAX,JAX,8,K,00-0036816,7.749729992701017,7.215443,8.906773021374944,8.742687079102607,8.592559871046902,8.299907632781666,8.16243949331287,8.024142439081764,8.022185072497518,8.070380240113439,7.411027379327726,8.01588362416307,7.430232634666994,7.6899718006017,7.727054680414544,8.193049847693224,7.827594484071704,8.35735024045847,7.850114808965367,8.362565085046278,8.58095583293113,8.461562898939977,7.49374583114222,8.036739092739072,7.59997750770116,8.224292843449534,8.072711598585352,7.970956584239802,7.685868422468101,7.867050616431587,7.547802986423053,8.540938,8.582551281216853,7.902681213631095,7.705168126951455,7.508961865744039,8.510878227716901,7.91753492773137,7.749472026407176,7.7402637186839165,7.6829998917163165,7.775340936645015,7.8009518805890155
2022,2,2022_02_LAC_KC,KC,9,K,00-0036469,8.036664818665695,8.498475,9.24184341186081,7.391632354155386,9.09249796448982,7.947030030365364,8.879310385315527,8.536153499777733,8.787502298572694,8.614172649341995,8.768667780619605,8.503828984863064,8.549454398161359,8.569786066643724,8.810674455211654,9.260708564159572,8.734331364462818,9.068322824983266,8.776385715547413,8.792809924930195,8.674540287655772,8.701316320688973,7.625072921446298,8.746589124205702,8.294447354359347,8.727074133055654,8.882620753330919,8.903196643579202,8.873990388055532,9.144636511802185,8.84899024072652,9.290431,8.881888588065353,8.74507286685996,7.620881300629714,8.060936941159413,8.487411753785386,8.386422383172386,8.373438611969643,8.409355381332254,8.179752116228027,8.063678584818671,8.090692350971647
2022,2,2022_02_LAC_KC,LAC,6,K,00-0030098,8.143943598665428,7.7206535,10.691143334449832,9.54517689364256,9.95328282829197,9.139546972978671,8.85103074788811,8.318741188648609,8.526852925918664,7.971197201960872,7.8081675823048435,7.994369614419849,7.869365931058209,7.851109069411468,8.248654364252667,7.743729747491693,7.949005436635793,7.694414035521288,7.595215391461705,7.753041068423109,8.381582705767821,8.14642154571394,8.456488756836032,7.997804700501698,7.6392166101475265,9.807904393674033,8.664526888617944,8.310998020742023,7.994355826573805,7.798210156011865,7.645747571097595,7.895663,8.043575045296324,8.088595315272148,8.577815408690766,7.997156129722278,8.753290677368302,7.4820372821622865,8.110586252609911,8.153722986709267,8.084544166834098,8.156333240842503,8.168722883019578
2022,2,2022_02_MIA_BAL,BAL,10,K,00-0029597,8.620709248235654,7.8322783,10.567207161162475,11.25129777866011,9.66477926295383,10.263344962242584,8.407316565060379,8.890447169644851,8.040500087513239,8.14894488300503,7.610457294770852,7.80500296597327,7.562823023659785,7.832204954490212,7.8666167710733745,8.3799032440109,7.75140580836568,8.4707687497486,7.720082627934084,8.280496982258724,8.237040102329582,8.49049149571753,9.54485035981102,7.4986796416083665,7.66437962750001,9.688906897899663,8.380193735741344,7.848001430484095,7.794542886188823,8.074402736439975,7.592498957402193,8.367447,8.416206594804134,7.660587453913218,8.555153034633038,9.03155880615625,9.333115255031874,7.54114144940027,8.57865962010409,8.618445162731687,8.64508663324029,8.63777107435862,8.654832900481587
2022,2,2022_02_MIA_BAL,MIA,6,K,00-0034794,7.578757320754071,7.248912,9.16240708902303,8.759008185464626,8.741257288300497,8.706895434617632,8.119709233182972,8.29452030984557,7.969981185015618,8.079597936387824,7.190535681997373,7.638094282583586,7.177333308460784,7.613619429082349,7.70671418745614,7.891777468388192,7.7848468293513235,7.976048954094649,7.908725758940945,7.869338168869128,8.698228990847957,8.45618416731398,8.601030666972655,7.953869130527395,7.322719558116758,8.695783504876548,8.20988105729266,7.997788319075889,7.736967517838713,7.80080505570945,7.241616739016553,8.265536,8.446405174238121,7.882601716589843,7.704224152326951,7.800390431529998,8.190832568683732,6.641253227878071,7.551260459256523,7.565454553478243,7.558524431648789,7.594782692693188,7.610808064632302
2022,2,2022_02_MIN_PHI,MIN,1,K,00-0034450,7.557346930001928,7.6656823,7.5138287536304995,7.083581494205555,7.425785628959563,7.09368676648576,7.511651088286245,7.371454007963105,7.723886818730543,7.658698300500124,6.661500673293666,6.8246455263298245,6.8879504007613255,7.039382264824649,7.525039646727804,7.6196201290154,7.0297961964602615,7.275675328768276,7.147848315232021,7.531940252483634,7.63851720674436,7.021195594930916,7.295136643440145,8.584056097783602,7.045628277664302,7.324357039268737,7.26082920356232,7.61697546149966,7.27862837025863,7.106410658531038,6.685424732267718,7.024323,6.977392436553182,7.512187155193263,8.069536221233228,7.170887501506598,7.809202743082366,7.4360539436054145,7.45585174467277,7.404098765505647,7.536941254974151,7.576777884629585,7.596208839257241
2022,2,2022_02_MIN_PHI,PHI,6,K,00-0033787,7.997912250344561,8.151821,7.989133853284548,8.837408703623087,7.945655103544512,8.409426998752974,8.105311121770395,8.290779753516436,8.275089146117656,8.411959775845567,7.918949428308788,8.474338523653403,7.970340640580154,8.183649257161317,8.073150135213412,8.974702243788762,7.814425313729852,8.960779168945182,7.949958136281659,8.707765356666755,8.141026542247594,8.911723504463614,6.744931099776854,7.964439673862407,8.010260015930848,7.496323464530816,8.126681866301604,8.405881398402906,8.545708850403068,8.35440777883373,8.304885994604915,8.608559,9.034791774471945,8.382087720163089,8.303613591017584,7.882279195540505,7.99322676223383,7.772969092998508,7.994515881873835,7.991988422932739,7.941328079490439,8.012866212649023,8.027820174953485
2022,2,2022_02_NE_PIT,NE,5,K,00-0025565,7.833654156203272,7.564528,8.74357509347871,9.584813572948237,8.564518663485378,9.066652211922468,8.18514698375643,8.54463782731523,8.018372669800248,8.260152252836306,7.745049893557537,8.293842913468367,7.802697876742155,8.045067329298396,7.304426131868386,8.226041736647447,7.278536975573425,8.369195817976667,7.332281747516005,8.207043354035592,7.8829096630272595,8.627680380030911,7.6297703391444625,8.39067453480651,8.189662456921187,9.062346923423856,8.465772899218603,8.108367335811664,7.301802998974503,7.742280267356224,7.748827439859127,7.892131,7.364320638968348,8.176938707913326,8.096893344707832,7.988607264003264,8.088065844079548,7.001683313908307,7.83204139675868,7.8848775228698935,7.829587239356111,7.853720554827648,7.873786953452024
2022,2,2022_02_NE_PIT,PIT,8,K,00-0031136,7.666357183430623,6.981162,7.861936644992703,8.239716850940983,7.714182546926898,7.599693019059618,7.67040838498708,7.12823178076266,7.828447234448322,7.456180743202422,7.481834708851365,7.119575706549622,7.383330701291955,7.175480779116032,7.434324909434887,6.393026169441738,7.130984985970061,6.618174339181,7.616234254956331,6.701717683654582,7.9256196772025,6.755283817989316,7.751234064450957,7.201029627344709,6.97699227704028,7.8446268528260115,7.583088596732119,7.758891588338176,7.204490673548512,7.646602059779924,7.139441644297611,7.8651047,8.208523860097877,7.67296988419397,8.26833178796495,7.213550140495897,7.821310873136293,7.59153251764575,7.439526411363211,7.456823078642554,7.637332014699517,7.685667503803247,7.704977824175869
2022,2,2022_02_NYJ_CLE,CLE,6,K,00-0038097,8.299197300509043,7.8044186,8.570151587852274,8.714086479423628,8.53676441087647,8.235556536788962,8.663939069095651,8.413101099354453,8.80199958246758,8.719897874245428,8.889167428516007,8.893908439356524,8.686683688660361,8.681256692288207,9.190319704297258,8.768509379020914,9.434547070726332,8.826121158554376,8.793559291816312,9.070776503503163,9.619554221944892,8.154542271530408,7.563721934771975,8.357544192515668,8.471435540059177,8.818406921002365,8.514108977821627,8.573698534536291,9.448978406110935,9.847314974210557,8.658568593213586,8.963796,9.02461544194508,8.106920272650441,8.146134891736327,7.620598116565723,8.757529243898388,9.656823309860076,8.35238588733958,8.431426293057303,8.311861591315878,8.326699948805718,8.354202597102393
2022,2,2022_02_NYJ_CLE,NYJ,9,K,00-0029621,6.944853236830452,6.5404587,7.498952001975569,7.152364304328513,7.475763049981746,7.179740190195354,7.334708684652527,7.281386497427948,7.340819284486778,7.409699258996931,6.687202760483375,6.717626153648548,6.755582044806945,6.684219402672022,6.804160027983267,6.9302935266174925,6.6257574889586,7.116392247383833,6.764579129385885,7.039252413907353,6.819802939129449,7.487439117914385,6.960425763697923,7.308441624069822,6.546804652787436,7.267361151765601,7.138540219925119,7.254313290615457,6.875054445484448,6.254498534625481,6.955223989368137,6.869805,7.497078451649468,7.018657629147341,7.773939048429864,6.169468942616933,7.324458799866558,7.062190326340324,6.627775916197514,6.658038289491502,6.857775622698368,6.95912406715587,6.973394897481287
2022,2,2022_02_SEA_SF,SEA,1,K,00-0031492,6.101681934807093,6.4464097,5.854678385045592,5.84599286304211,5.967751334503194,5.945791270726899,6.424647455893829,6.248894723243722,6.829584189874024,6.906274916738009,6.579965409650498,7.057625967837815,6.602929329585974,7.121794412426577,6.64953514017075,6.99686569341514,6.763808489582347,6.764454462916658,7.038482256088809,7.430681309293302,7.095606741485585,6.984982700906183,5.146966694383534,7.189763384021857,6.903585681277503,6.509106343279688,6.653984605065928,7.065253655664532,6.717124334266282,7.120505980060196,6.867008555794693,6.9693575,7.061158272295285,6.769928542379186,6.494852153154275,5.491629102906494,6.983324058550884,6.291211209215621,6.126925772157248,6.115179252972743,6.094570451202962,6.114583066032862,6.1274841972586325
2022,2,2022_02_SEA_SF,SF,9,K,00-0023252,8.38232950399391,8.09928,8.682537281415378,6.784236625042053,8.565720765382643,6.974353347314774,8.430554746432923,7.440340729748235,8.359390185581637,7.857398642435125,8.616324489349974,8.16974752809278,8.433522532873276,8.297092178652207,8.451674677609788,8.706464736449039,8.309484553250467,8.784425725919075,8.348075695483873,8.487349385315012,8.626463031391165,8.380692244735103,6.840081205125621,7.871156363130907,8.137953996084006,8.788117503452904,8.496280840435075,8.305030103417252,8.537562213589537,8.671927425436522,8.528834686056458,8.976105,8.615484055797262,8.419151810826467,8.731637035398691,8.019127631630942,8.339498803391697,8.606187301913774,8.199225819910561,8.202357518642662,8.39470249291622,8.398205645173057,8.414081786352208
2022,2,2022_02_TB_NO,NO,4,K,00-0032569,7.982792529571258,7.8512206,8.270834847952148,10.827098416833945,8.085668213771392,9.547498065318656,7.722981547523298,8.180161788735708,7.718607164281905,7.71255547623926,7.678914362443061,7.917825381484944,7.641617465056528,7.686060427945808,7.069877825635524,7.589492863889083,6.68993067968816,7.775114963852346,6.7245808065542505,7.518638985974677,6.89387494338516,8.073932631567013,9.004738953846923,7.106213987057471,7.802823319708469,7.96928961242821,7.711349158429915,7.7321102847335315,7.2236862464163,6.814668313857297,7.759475314672223,7.230304,6.963546101136709,7.975101255738812,8.412892725335855,7.694876312039988,7.491123306776518,8.15930928238427,7.748159962283321,7.672575777462101,7.876989468326922,7.999957030678884,8.01712153178651
2022,2,2022_02_TB_NO,TB,10,K,00-0026968,8.196680553970632,8.337358,9.082260183884534,8.25298764146431,9.004585063886628,8.293585986815625,8.927639331738364,8.705770901978442,8.828078016296653,8.90343987425302,8.83645563962347,8.801694750425847,8.533005181354513,8.750809492868774,8.27061373463875,8.368272300467307,8.346729082769036,8.360725789697929,8.122218844417047,8.381029352196057,8.604735331409533,8.227293746942344,8.832862402637641,8.752755567923616,8.853547335555257,9.261013472536291,9.158659017955806,9.011934281515396,8.439373309099658,8.399546765992381,8.45894792433805,8.445661,8.71456531469786,9.304194924284726,8.33041199731692,8.096967629163327,7.813831698434927,8.386933666333663,8.06855449532375,8.033673086068914,8.163628194599955,8.211026847623286,8.22537314127594
2022,2,2022_02_TEN_BUF,BUF,12,K,00-0036162,9.466238682038814,8.747153,12.57980732450196,11.69330745742406,11.476698181301265,10.728098154147478,9.802008371477926,9.277395103915266,9.160118436805686,8.502266205697254,8.724627722574928,8.469373079227704,8.786403210199568,8.397064275367923,8.632335072502055,8.129617471825128,8.710891941635737,8.045924468098002,8.776226238812253,8.006210925088457,8.458855891172876,8.005796763689212,10.151124149982708,8.097819111273443,8.392172735198377,11.372938511321356,9.747196139757811,8.932729610138574,8.664676312044266,8.800088205680328,8.550415845871823,8.60966,8.832817424646898,8.797658058649239,9.205216498797041,9.675307787537712,9.64503087692086,9.350237648462649,9.502498540512487,9.569171371575957,9.41330229887464,9.486266911056413,9.506295140074014
2022,2,2022_02_TEN_BUF,TEN,1,K,00-0029421,6.202798830372242,6.8026,7.246414910602472,7.365299002982644,6.865740347245334,7.175382633589308,6.833862163619009,7.053195220265192,7.114286263543421,7.191521192579925,6.46441018569061,6.680800231461154,6.7140909586202655,6.82220519615366,6.617524484838045,6.262017957394166,6.457547649806783,6.776082577466439,6.24028081207035,6.699549520139097,6.904242370070667,6.557739481990263,5.847164415098328,6.120094269428151,6.384622234666026,7.065069875773007,6.753571046691778,7.095868154497442,6.705035684598705,6.678622794638954,6.685475974403522,6.4792876,6.922219930619084,7.145820873920844,7.028101481806755,5.669615247973668,5.96283329014266,6.151194788132405,6.098365816427469,6.078451740157871,6.22417523278396,6.215180989639225,6.22756314890621
2022,2,2022_02_WAS_DET,DET,11,K,00-0035145,7.8788882351838865,8.298281,8.220571676043209,8.761176127341562,8.112899052590901,8.69946685950783,8.184948430889959,8.822922636092317,8.154420769497024,8.535928792202835,8.249531043623204,8.283980012535249,8.211120145175682,8.33203798867221,8.49214325733015,8.530554644779805,8.373860254601187,8.593324707964795,8.671589957576114,8.624027468090862,8.799679137824334,9.061076286659196,8.706906492856225,8.711550679527132,8.32153111210776,8.011046307334814,8.070620416918588,8.033078458008806,8.209719284291468,8.176827678520052,8.088101676801985,8.730496,8.730109697550352,7.953748444903771,7.747995506668602,7.554582435443898,7.35972353751197,8.983421276272749,7.899228805071034,7.896682064741573,8.00796935699158,7.901874443666668,7.924860652149449
2022,2,2022_02_WAS_DET,WAS,1,K,00-0035192,8.733744126167913,8.492737,10.37235020159423,9.465395908626986,9.83186961160308,9.09328245728578,8.89116542257082,8.460025813468516,8.484215490365914,8.103738640680518,8.37059870698433,8.023627672286853,8.413675165513592,8.07244702370222,8.283677378358876,8.117361837935334,8.220467585687775,8.079472579491798,8.442278778347951,8.025098575874908,8.17975299750749,7.959204277798977,9.14936600579964,8.327981552819551,8.304194492078578,9.605222774300936,8.737086193297287,8.325555886846798,8.394623817674576,8.436767613266648,8.383152988441202,8.462796,8.755201665970821,8.060304709993606,8.637685829583264,8.968844377968594,8.467211888760598,8.540897186147182,8.679864502477017,8.732248421183819,8.736864782610569,8.751370229522214,8.768996332876513
2022,3,2022_03_ATL_SEA,ATL,12,K,00-0033702,8.086820892091758,7.37643,9.53478901481174,7.35376853467131,9.250457160723236,7.7220881740806835,8.622805118407953,8.009626689990128,8.362176369224375,8.151558459682246,7.981438468339444,8.12650187783469,8.024638257503653,8.08287290242354,7.98226732913268,8.677511431059598,8.19592999331876,8.514116626365619,8.517884843877386,8.528785535011146,8.374515252343597,8.929239643092867,7.552652096769683,7.25672778261551,8.059623755935762,9.196942159925978,8.70145466811991,8.411399657907108,8.259861906433763,8.355337141459893,8.148940745704175,8.514129,8.918129888355713,8.297225982679464,8.103587491288632,8.27381239005972,8.58170222330639,7.440247331753212,8.09415683870854,8.11426169189022,8.021243212366908,8.10708481367132,8.12734873525088
2022,3,2022_03_ATL_SEA,SEA,11,K,00-0031492,7.943674080552234,7.570885,7.990119923846698,7.707448463615242,7.930767160365472,7.518697296696887,7.991698140144405,7.778598148520322,7.920858541599828,7.88217309908582,7.218767258167922,7.3318411320766685,7.325664952661409,7.479812231956908,7.312295516780802,7.247134969417218,7.454080202237479,7.331194974388632,7.158426526498149,7.264461210568413,7.241932122533701,6.963430768897768,7.377503301992765,7.452064302845536,7.03294278660187,8.779170224195841,8.419771541866158,8.09074750842829,7.467428144576743,7.451259382085693,7.050588717281836,7.7063365,7.889949294372535,7.753976061407727,8.234699475183541,8.252467848546036,8.699398054144046,6.511686465821761,7.778179207478818,7.80757675873891,7.901657397183054,7.960998318279243,7.978322556006252
2022,3,2022_03_BAL_NE,BAL,9,K,00-0029597,8.859479159058532,7.884071,11.09999259152643,11.814555846048702,10.237801638929271,10.557730116067471,8.760317634746594,8.836521414298073,8.24989523688752,8.105711739990332,8.004792803338168,8.131940443732693,7.952084932201016,8.040963912610566,7.909153541504434,8.40115894410389,7.841026319809115,8.636608900934805,7.961377135273515,8.33515993029797,8.478329179806696,8.565853067450565,10.141357342837695,8.316411905096894,8.008485136314581,10.303547932272323,8.680398318508516,7.991738247848014,7.623431701473742,7.875343708420051,8.001817114421254,8.110308,8.001518257830416,7.698851902741843,8.78652871562132,9.354995157001339,9.343622092948593,7.735801361383709,8.81856847733021,8.886023211830457,8.849358406050667,8.878000660018927,8.896522160979321
2022,3,2022_03_BAL_NE,NE,10,K,00-0025565,7.961814801781399,7.397932,8.673336427205053,8.13403337187315,8.321183997572865,7.951522420151093,8.015532884401946,7.915698601403115,8.012616528460976,8.036516094825615,7.61143396005958,7.610065437184553,7.80562446980255,7.676035332822463,7.733659442406068,7.534982476158038,7.935723113965403,7.538367946911114,7.668499916850464,7.317817274266848,8.365978250507272,7.145261262207393,7.082159889131529,7.599622776883673,7.538965409381555,8.458636955364149,8.09742541844426,7.942962318984676,7.798650907187709,7.732260369502944,7.798662494159224,8.086845,7.881623863520812,7.838198774462912,8.455593115666089,7.747082413394315,8.680872423048339,7.291083297095065,7.912519439232462,7.957922851457897,7.963711765213521,7.981951570505343,8.002088339229287
2022,3,2022_03_BUF_MIA,BUF,5,K,00-0036162,8.939706214075319,8.598882,12.284860493636629,12.545444790955596,11.11660868646165,11.373055016758965,9.484494469557395,9.61722607230778,8.942236302381703,8.703966149916244,8.295406889176078,8.403950449343828,8.251664392343148,8.403810269583648,8.760628849824673,8.4821806012933,8.690999354185413,8.461392248783612,8.74720755212795,8.582144342945584,8.995993542456612,8.93551384665918,10.782871603417645,8.654200227154021,8.203166842900389,10.751742754981464,9.322378017933138,8.694932243464342,8.345052614165994,8.616991608593757,8.269281357783214,9.192584,8.93660683123027,8.42699208540459,8.938544275329804,9.180626570210286,9.53725075783272,8.160836138044955,9.02978216722612,9.061928927683123,8.892744667616967,8.959519557097522,8.979332900119722
2022,3,2022_03_BUF_MIA,MIA,3,K,00-0034794,7.559760681840388,7.8210597,9.017662674931843,8.669190308454098,8.593083815726136,8.58040823729437,7.778623175576347,7.957374544853867,7.623034491901101,7.502407325217376,7.666612838980607,7.88959454790624,7.764324883278724,7.974740035803549,7.796797625959286,7.823123751540853,8.011807944639951,7.719607027418848,7.7300562810901186,7.7570409032466,8.543012622721402,7.908161041776794,7.839099312593439,7.348296943270082,7.727341406363153,8.461415892545933,7.589986264014828,7.425822492867708,7.58682507398689,7.975062086023105,7.79149527370194,8.23532,8.366173074638947,7.358109719572932,7.674325157829077,7.562343107071083,7.224862294953342,7.550198310839486,7.591495812078544,7.563869336433071,7.590844172216182,7.574307020913936,7.588853359987485
2022,3,2022_03_CIN_NYJ,CIN,10,K,00-0036854,9.8639189714976,8.30645,10.007659903501224,9.939934900990291,9.85391297316375,9.514084719422724,9.49765554248446,9.483994858328195,9.22849999286896,9.199053098744043,10.0594048502769,9.958431229406903,9.625065472787275,9.398655584948653,9.689125438417197,9.50305802010184,10.52863568964968,9.833711422216329,10.363030412278055,10.23407913917446,10.496629449524224,9.902253252024044,7.547968064497255,9.308234198754588,9.270724923873502,9.28601170878071,9.23067116282964,8.977840781237592,9.549429868109293,10.101231692003894,9.554348187656627,10.109637,9.913445230251265,8.894005993887967,9.834269242367144,9.393746498739587,10.316417028416677,10.622489482249765,9.68745812866834,9.739345697936667,9.753779426216063,9.896429078833759,9.928939186169917
2022,3,2022_03_CIN_NYJ,NYJ,18,K,00-0029621,7.206083298927908,7.04249,8.04812415286468,9.367111140422924,7.801778578105902,8.544120620131434,7.611174801848994,7.978656170439349,7.637584431091835,7.944033845412406,6.639625368624267,6.655655779312197,6.52408489251995,6.818917201068197,7.255188892424511,7.342288607996103,7.422045647020394,6.729753322477589,7.087657039614129,7.368061406757134,6.6482511135329725,7.436709695588358,7.403186912456093,7.165010213872097,6.786689468775745,7.863192764326161,7.590366964715405,7.61217154534752,7.044404021759079,6.779707810171385,6.704457110269234,6.703751,7.678668841986759,7.312220858560156,7.934579493845301,6.7055708513887815,7.977101926722978,6.728854587732531,7.011639800989883,7.031507085331491,7.109819795226892,7.221143400383923,7.23620350183994
2022,3,2022_03_DAL_NYG,DAL,12,K,00-0030332,7.170942148598146,7.075211,9.34261164326011,8.415508257211673,8.653919070044287,8.54919519574607,8.049466342120743,8.496531225024922,7.986065502592656,8.493040301660493,7.100823800322595,7.647518217247436,7.154779833517206,7.53982029887182,7.224938873514265,7.600527573046166,7.144670359772047,7.668533734373002,7.576185467286772,7.836270982665567,6.528051035164667,7.060841213044029,7.653035911302813,8.275516192842332,7.277252437236124,8.162008356310054,8.048408802495311,8.105071648916336,7.751995595363994,7.546896487725369,7.250492364313832,7.322942,6.597726187910788,7.627702590717177,7.096498083122824,7.102503061741691,8.38038866303166,6.8147631633072825,7.2888666922456355,7.377486920939482,7.173181312601584,7.190295857811902,7.209649567025656
2022,3,2022_03_DAL_NYG,NYG,15,K,00-0026858,7.894547545254235,7.269666,8.963141486645647,6.830210673226614,8.098611426022039,6.61650454812357,7.435025987262494,7.068289956537458,7.344621592392134,7.225657843285127,7.564897807223903,7.350686071343307,7.53586451793816,7.267772742230642,6.990394976963788,7.310584104160608,7.165665950744892,7.329044903724672,7.377711634845795,7.508602604362881,6.713192651848733,6.966409560270618,5.236395479385042,6.435831835769112,7.258555161165163,7.9142956910792925,7.437729223058164,7.32442742723401,7.2573930261280974,7.103164413506097,7.514946686227567,6.903774,5.796656259879411,7.303165961032367,8.106357414693523,7.801438186315637,8.568021822232353,7.426314320483437,7.7246375946662305,7.754915289414817,7.9214566708301275,7.915419838977194,7.936292132700156
2022,3,2022_03_DET_MIN,DET,7,K,00-0035145,7.617967227655983,7.9978104,7.565648596141698,8.58243996771442,7.406552704025611,8.461581496460997,7.625009875560258,8.343621982014383,7.791932779915767,8.194642744799928,8.375920596601608,8.212226536667128,8.217293065412283,8.208177505816733,8.06452294374599,8.34709458143738,8.241952704136407,8.855080263351793,8.185510392428393,8.783604512850747,8.610044858386557,8.574073886594324,7.828211515258365,8.239400670436924,8.270063874065864,7.474070983108923,7.697797395995225,7.88220750313114,8.133052374444244,8.139444966705728,8.24081364060282,8.531934,8.946958022633627,7.805967025612468,7.402848396078609,7.340269541193871,6.929401762539605,8.840323580504455,7.654972719477073,7.617673015784618,7.692683172123372,7.63928081983963,7.6605944120232765
2022,3,2022_03_DET_MIN,MIN,4,K,00-0034450,9.143756597470896,9.26177,8.359873831527251,8.248882437219063,8.463997200932369,8.202931764780773,8.580260284115036,8.149783825741697,8.456098904248448,7.974724809702452,8.810853010106676,8.45316554770743,8.817844681306221,8.463335286475708,8.426029855855976,8.13542238466405,8.553278526963737,8.10678799334698,8.63373274945095,8.135307040848167,8.433378328813411,7.478239660489631,8.525244077900473,8.64962055664402,8.492609181598738,8.783255776654263,8.653935761505549,8.409184245478432,8.619953737209265,8.759642354948202,8.725377222298281,8.765974,9.250781148199597,8.47759116308297,8.931558284346357,9.232646976983222,8.280294211627997,9.7160045010545,8.989154572855469,8.950633727330631,9.11996896181038,9.165746788702833,9.18773697993477
2022,3,2022_03_GB_TB,GB,2,K,00-0025580,7.354539605864295,7.2760234,7.31610055342642,7.406431161262866,7.252246348499041,7.148725569940348,7.451940433968698,7.470748558887032,7.6055678311900445,7.66285981282553,7.7552819836745295,7.851873935143746,7.77693087470992,7.616760464415941,7.275569400988047,7.614349904207627,7.58932335530477,7.856481282201898,7.993549555439144,7.747762440294699,8.238680085374082,7.768721852921121,6.635760673318369,7.032687826309606,7.67202274906806,7.1694134638147045,7.512676621214658,7.666433564746896,7.417370105899969,7.708657805677315,7.883124136639788,7.8937016,7.877695502622128,7.574415035397632,7.535845069848952,7.359903180760874,7.512518098237278,6.992865013907658,7.289581054376335,7.305110802292026,7.364201159073376,7.366276682586864,7.378013759309431
2022,3,2022_03_GB_TB,TB,8,K,00-0026968,7.723436284374874,7.470479,8.726278996857715,8.230305080528272,8.515525953774285,7.793921614966727,8.475115884721168,7.853347442706159,8.493114982504597,8.071535568016255,7.884829293709684,7.72076334068416,7.982125480880753,7.719076925367687,7.894214542942484,6.874417101176646,8.165537780321134,6.899934701410168,7.969177440266363,7.006382092245608,8.240492496045265,6.409250363027462,8.065503405087174,7.782221465996972,7.703049394479988,8.744134828129006,8.52268423697696,8.50870421977855,8.022001247311513,7.927536007727247,7.851829326367532,8.154787,8.173435190077152,8.355938684959348,8.127351013964105,7.467836280709825,7.918951044285833,7.531006817365642,7.593236466602677,7.595484722064689,7.649090612806654,7.739956593547444,7.756476902720014
2022,3,2022_03_HOU_CHI,CHI,14,K,00-0031203,7.516972622815589,7.564528,9.31384476273127,9.815276679378314,9.052213788665725,9.57519105469455,8.388544113874921,8.98833497749315,8.066690478029228,8.3667547295028,7.632794144837391,7.964689932840411,7.575156706260885,8.02610147963495,7.550505291070552,8.24952049448698,7.730924967078534,8.87406349376904,7.801196873453391,9.066695690261785,7.602130528374235,8.361854916817544,8.861925826213465,8.628833229097784,8.069849127807316,9.626990443989886,8.82400953548029,8.2169731999218,8.00753642268062,7.839768115305872,8.015479319732329,8.371396,7.701245563746114,8.185608256254131,7.823284740904502,7.61239451194536,7.880333385587685,6.684980286036627,7.517710508710221,7.537857781206321,7.552767416066589,7.535086721262587,7.553200819709586
2022,3,2022_03_HOU_CHI,HOU,8,K,00-0032726,7.075246060332855,6.981162,7.583522373151093,7.518756609923171,7.471911760100196,7.481147805692501,7.344814632795358,7.490941553836848,7.413273392332373,7.644860378506102,7.746225642679682,7.61257297909604,7.48494274063735,7.487447475385461,7.306793738312616,7.342218018522547,7.608207686355273,7.906473495420438,7.888602875141331,7.742854301751798,8.210177228253286,7.997366941427716,7.096576415009471,7.831997607484326,7.538046470810879,7.640484797401267,7.322517237628165,7.362585133779887,6.947916734076541,7.88441601440149,7.515941859796593,7.6855187,7.673335094476792,7.351936704478235,7.340739566202531,6.478936865836167,7.440301436840411,7.687096502267938,6.9919424153763945,6.9597252724181455,7.059951857461858,7.0905234150303915,7.105800769727928
2022,3,2022_03_JAX_LAC,JAX,12,K,00-0036816,7.659681373258418,7.5961847,8.20871795727661,6.560582494809592,8.215956635699795,6.970873672290512,8.227637943140849,7.576850309814551,8.127061335490518,7.865399887263512,7.806866185336562,7.541703684648479,7.80370694553901,7.514660188506502,7.389721454506963,7.7377447274980495,7.5039281345044255,7.883743035015204,7.192189879709828,7.648204015915027,7.16160602768883,7.492130514927237,7.300452923511208,7.585713052465952,7.641802339494485,8.053883570325837,8.14289778145328,8.097704194287745,7.236310705144563,7.56815117641263,7.827622462782917,7.0611825,6.998254549482003,7.885570896081756,7.681884020572987,7.481757126824359,8.297482019940151,7.663325571813816,7.70787116247475,7.736022003587714,7.5961535685799655,7.686989615111245,7.7142978569640706
2022,3,2022_03_JAX_LAC,LAC,4,K,00-0030098,9.008044439154014,8.860145,10.086437945038975,10.636538647531866,9.656263144964036,10.00180263487275,9.167588532476367,9.400851833138702,8.853937367368331,8.83910407213682,8.594041197892873,8.804801614519265,8.596757543337004,8.727805908332352,8.923921952378883,9.046125808554766,8.636389167649401,9.389023129995396,8.26277270673895,9.389474897608912,9.06532886829868,9.494133978862545,9.869978268394595,9.23048435822787,8.66852862908374,9.549269248282023,8.918524147852198,8.590638210132632,8.59073654491163,8.217614058098784,8.617924503045108,8.90089,8.695387122911061,8.440134394253832,9.37798272479358,8.884726558927955,8.690452389301164,8.858568796073204,8.847549347373937,8.913664558772032,8.940332293495414,9.020485870170276,9.032927301186538
2022,3,2022_03_KC_IND,IND,11,K,00-0035358,7.905245418807014,7.5716333,9.65430375347124,9.36137086497335,9.121457691773932,8.967488914971272,8.177791351566123,8.27871658672498,7.780952455306836,7.542906335404384,7.196224756287755,7.229622833966555,7.272254558230705,7.414968082027499,7.780507367463151,7.662369863397955,7.713526685069613,7.637100503383714,7.550790144379885,7.528009569411389,7.98454159978356,7.85106825338785,7.798523894808887,7.663145929518872,7.290937723500425,9.538787793163014,8.30876717111926,7.674875856357564,7.796814074448248,7.84958942512533,7.275362284122711,7.876227,8.074965499774587,7.721109029955278,8.132305428785589,7.921935690565887,8.380773041613025,7.2935110489184005,7.800012601101206,7.797943455610981,7.920347176045577,7.932113886348494,7.958982353889977
2022,3,2022_03_KC_IND,KC,3,K,00-0036469,8.135478025123046,8.446683,8.656144757514376,8.056739349966596,8.462480170583373,8.19389831083347,8.382323095199865,8.485003154737543,8.37449805890372,8.649954812061033,9.200746144499195,9.26511186832959,8.945026531471992,8.983507180944265,8.942253378991104,9.186990063877086,8.909813974183992,9.481218959547418,8.91566914377437,9.911436455748364,9.403446560094237,9.183365140621868,7.674761840909709,9.103961294795694,8.692317014984905,7.964010773865348,8.29340884750747,8.367339560622012,8.756471400770542,8.701270900920589,8.934761006309264,8.782904,8.415330199443858,8.361721206901649,7.844223918147859,7.787136769790884,7.929818334562592,9.371871541530371,8.336025560176598,8.33994598424934,8.160671269429809,8.152701854593005,8.169925684062967
2022,3,2022_03_LA_ARI,ARI,14,K,00-0023853,8.652413038922363,8.08868,8.5144674159297,8.2676337359957,8.248970224360715,8.094759328584129,8.05273903111362,7.926053013171982,7.94437084356512,7.912595022102122,8.153735379462885,8.238836105282317,8.002125702672469,8.03666667052136,7.7956116206533315,7.762773201357848,7.872175577306383,7.869126510046612,7.75517162566493,7.403191831091426,7.212608810977914,7.737989082002567,6.757345656838956,7.9263050856772095,8.025954331726854,8.605153066808239,8.296176115925476,8.109136637393336,8.031730772420625,8.280430226757819,7.964860911023534,7.948496,7.761779109514606,7.728829159971569,8.686165092722609,9.132173294645838,8.35360636771042,7.791667782381015,8.509566862386702,8.579092276724719,8.602519393003295,8.668479422097356,8.684545805272347
2022,3,2022_03_LA_ARI,LA,9,K,00-0035269,9.212804232431406,8.769275,9.413174804818093,9.866693649120457,9.440722405911105,9.550360625882483,9.247587025399111,9.332851578465414,8.924409293558666,8.71981863712888,8.71095658308753,8.600759741144238,8.461958467216059,8.501873145144833,8.625904876328502,9.338938556471025,8.689110978924024,9.401236264381996,8.736413560371828,9.145815703475128,8.946380330657982,9.96739003486726,9.96902138777562,8.330892266846698,8.731424603955196,9.653654073751724,9.231165415420747,8.756183692938965,8.543142798618605,8.418404927003985,8.432758009947273,8.598886,8.492038006578497,8.576153367465183,8.866703492151872,9.613770088547206,9.347080393854423,8.862885549907606,9.187721665463238,9.221037469213538,9.173117078953258,9.23260119745777,9.252398162484132
2022,3,2022_03_LV_TEN,LV,10,K,00-0034161,8.495216437354413,7.786843,10.164202798848592,8.718308127147939,9.813167958770949,9.088510766583466,9.045684754829502,9.031652893313591,8.78790882463207,8.77524632404091,8.430431595644638,8.844494851790667,8.513210344424788,8.677346436211407,8.383233674130846,8.42927217502139,8.599936901935743,8.574256081884373,8.45799013063627,8.61055760643825,8.377990236861619,8.789966448853953,8.993443288090058,8.963062736843465,8.677415019182725,9.700425217332404,8.918605903274793,8.621411056994749,8.280296937702252,7.948443938392993,8.29916727385662,8.728513,8.71125032449467,8.47713619503072,8.504248241327128,8.599670787355985,8.837701450547867,8.101517524795472,8.4313695991452,8.443261341288936,8.433185578863222,8.517478281511638,8.539740125668864
2022,3,2022_03_LV_TEN,TEN,7,K,00-0029421,7.222011069047529,7.49516,8.101390961574177,9.192686671754684,7.636806181183799,8.357677658832028,7.490159540716759,7.774289470514514,7.579124037307862,7.80772643910649,6.635809428432471,6.86014461151153,6.816348802179832,7.109161887560202,7.706045014360106,7.682967882556526,7.527085134433625,7.359373928972335,7.084430907392881,7.553654190037081,7.997057496780404,7.735327081569109,7.82195429788877,7.981070720660134,7.02308293343892,7.762693230868542,7.415405549907153,7.512412107547248,7.651480063780045,7.207018735322943,6.683844577360521,7.932972,8.162606493677263,7.429043648281402,7.767849393202003,7.062172509892319,7.323203515745753,6.67233447777712,7.065555353203775,7.0635598320373845,7.248393192754614,7.236774033826728,7.251536998605927
2022,3,2022_03_NO_CAR,CAR,12,K,00-0034173,6.959315043310472,7.145327,9.178579202600885,10.093263977179197,8.379145773097047,9.156651455932474,7.608436295911228,8.365076775742091,7.467878820949448,8.044158840526327,6.980286824624182,7.632665093603694,7.030600359908276,7.347691429860497,7.349366467894355,8.062295928356185,7.362178340902451,8.41541198035319,7.370060763963924,8.242592769235786,7.249741776500135,8.350699123372497,8.815323217188572,8.637011824386716,7.249980097090903,8.549217159454239,7.820212277841466,7.585215474972435,7.61781453609673,7.540085690440484,7.176825150256905,7.5668416,7.372987087645581,7.516351714331789,7.032854395703648,6.71608683495867,7.5414809739148865,7.044379466122107,6.991269171338654,6.9735385433950485,6.960334478436087,6.977600903058255,6.995886762806035
2022,3,2022_03_NO_CAR,NO,2,K,00-0032569,8.142608421156941,7.534238,9.688336263068091,10.388722271261049,9.180682068834711,9.611260991560464,8.241931945629991,8.79394274116166,7.980207413508757,8.432927462039979,7.39762111329705,8.498393730291992,7.570415414401524,8.224170620183793,7.481609216721747,8.467659790354563,7.479125499788749,8.814907995465651,6.792396714719003,8.87045251745745,7.629166819496339,8.183944842701115,8.83189066986897,8.718961680369313,8.327211453815147,9.383541894927744,8.496818427201278,8.202273387237895,7.839836620098488,7.669439276896531,7.892672351312908,8.095737,7.529305541407875,8.370859115160133,8.599704719685088,7.828010749279297,8.48248799024815,7.9162195325744085,7.957115729781149,7.918407266155947,8.08882534749286,8.161280610660244,8.179952800163544
2022,3,2022_03_PHI_WAS,PHI,6,K,00-0033787,8.303210233387333,8.324774,8.792074650966141,8.408192415544564,8.837671617408887,8.519670311991643,8.716415457126026,8.686833933472066,8.637000127882423,8.698409588231701,8.354225402125088,8.480878691839793,8.433265744969612,8.583505558230137,8.893283775471934,8.608341310404779,8.640179060631388,8.851401472613256,8.517758731735508,8.404213216531407,8.495031007736658,8.2658388830245,7.639978272016361,8.495579637427001,8.54588354880878,8.399088943220724,8.67690682108122,8.652131155291421,9.014910906804944,8.689928284249241,8.50060094226246,9.104472,9.033050224579242,8.602256115927567,8.842673331430186,7.784030342537529,8.514190445512128,8.426885261960262,8.224385769749377,8.249758011063179,8.293841411571401,8.317989068096644,8.332767902805958
2022,3,2022_03_PHI_WAS,WAS,0,K,00-0035192,7.579783267808844,7.1580415,9.928138629769402,9.3884815426455,8.95587143258345,8.40521452791654,7.7056314840228595,7.376927713904316,7.496309482315713,7.257682088218108,6.783234226317572,6.810885270617539,6.7588067741410045,6.880411446733427,6.994303208705708,6.655554293526326,6.71785807571301,7.071056988042362,7.366763079025576,6.77864633191909,7.0652114390419545,6.759610869295647,7.49881435529161,7.11198468663188,6.679650781349947,8.798948128890498,7.464723806604883,7.281805978041193,6.910369185262764,6.538908133081844,6.650582864952304,6.8759027,6.756235354207405,6.8872768802615045,7.909126273744953,7.665993363612459,8.125519654654784,6.6404803738744835,7.506992065008131,7.578388065217809,7.626265231068578,7.597123686801382,7.614464105793918
2022,3,2022_03_PIT_CLE,CLE,5,K,00-0038097,7.89690524585658,7.576494,9.106658668568445,11.501389242418885,8.813659582483105,9.818249726935488,8.481890152841443,8.781028275389245,8.497740142655676,8.560703250170798,7.922098213270988,8.217284576947833,7.968344598141003,8.037912840419452,8.577873219194288,9.67247891537066,8.64955073877201,9.709945759601316,8.25600170590895,9.129503658733068,9.075556667468636,9.47329363271206,9.05193445575782,8.842879966564393,8.1388632361686,9.134367008563958,8.481755754436024,8.41848844471813,8.70131021298464,8.837464576734435,7.941304859594446,8.344941,8.306293515837282,7.980180808398847,7.816589243884936,7.865647548616158,8.08547261580091,7.985610958322726,7.948352224141749,8.045389362661407,7.921928368981185,7.923850241862784,7.950795237868987
2022,3,2022_03_PIT_CLE,PIT,5,K,00-0031136,7.582618446258706,6.7014456,8.174192155973794,7.423616798317753,8.120464525176999,7.069692353714458,7.8438630186268545,6.9601632312962725,7.838035624733289,7.466148086992543,7.710522133091453,7.27892040352759,7.602910611283501,7.337626426019275,7.760827191309576,6.896307175601261,7.797696948983919,6.81755053144314,7.9712229636054674,6.949720553871412,8.682525510919213,6.4949730696245815,7.35792762098242,7.063288505037874,7.055113935596935,7.968807590281571,7.677890075352058,7.751500074098018,7.823938178630365,7.511198187158769,7.614369021400704,8.310339,8.596981102939008,7.656229192102089,7.890048767262359,6.88728010294288,7.778672730974618,8.414122509026921,7.424995245825123,7.446089687139678,7.561573087222679,7.601191485757061,7.619764525255416
2022,3,2022_03_SF_DEN,DEN,5,K,00-0029822,7.9440448630521425,7.4433675,9.688559007429658,9.156205633704916,8.922062224889114,8.620068844240077,7.988371992249508,7.962778411101756,7.7973023056981585,7.769077959665197,7.546041353761677,7.949746008150617,7.718301557359717,7.860689893036838,7.615907917675972,8.442092387738283,7.405095499746049,8.012158205007328,7.5612952481730415,8.223001687804144,8.078438985023682,8.963608205570512,8.128729281186066,8.09746237190632,7.631320123866653,8.996817214529182,7.873062123989807,7.603917946432119,7.495133874465689,7.698416060200749,7.553137285630257,7.649623,7.871118091835949,7.437259535231456,7.693456673593223,8.43645608467748,8.178530983535012,7.217861643748412,7.996834267624597,8.049558090080774,7.856166648890533,7.956988869888981,7.969932876725822
2022,3,2022_03_SF_DEN,SF,6,K,00-0023252,7.485527138808072,7.6378226,8.077501941471553,6.296666305694718,8.016177295295217,6.661337690532825,7.846156213200868,7.186797270073665,7.896916304614697,7.830285313540213,7.808768853807775,8.083138620665672,7.746446909462906,8.010722619506279,7.686663033582111,7.681443355047494,7.421832450730584,7.545008054939119,7.470946373482253,7.617302511598368,7.59097067146853,7.452377425788733,7.033457989902345,7.934036038535074,8.156354266976717,8.405177633593057,7.922767857994977,7.839776527715712,7.65004510015642,7.814473088622614,7.971605903198069,7.9118776,7.473473668150156,7.972141749829149,7.923836502571071,7.293518124823541,7.630420605404564,7.139634387834386,7.416915370718942,7.404706134653232,7.485934169223359,7.498819350315318,7.5121115618225645
2022,4,2022_04_ARI_CAR,ARI,8,K,00-0023853,8.55605318188978,7.4433675,9.954080237292557,8.889880450190246,9.274707374735042,8.588146320833491,8.529884762090424,8.604102531180736,8.285289746780105,8.696357592926596,8.439001338638953,8.592931197230332,8.078700783029404,8.284406174548163,8.338837231187327,8.732487076933838,8.357844746742757,8.575986622557277,8.14327689690361,8.691296094322674,8.005059807454247,8.917130141844092,7.510145317443519,8.82029341738205,8.289920592029627,10.146572848159964,9.019860537585668,8.595020732229244,8.411612496839227,8.441041814432863,8.296488140536958,8.435974,8.825068239857645,8.27968840461381,8.508639179482689,8.580149630185453,9.344667950654227,8.184673904526848,8.432551764738015,8.504762606094609,8.517657429127288,8.572531548536416,8.589009915183052
2022,4,2022_04_ARI_CAR,CAR,6,K,00-0034173,7.662565937165697,7.6378226,9.711103621387696,10.812330665351222,8.91667763927138,9.95398012163487,8.349788405636053,9.116978156500142,8.247383358063399,8.462609282112778,7.925997840479052,8.1219522556926,7.660359340485012,8.117454126588301,8.155988565917177,8.140056213407874,7.962950215320821,8.952700414112709,8.288235629317919,8.825363250224337,8.8755654723753,8.549943785582684,9.463353129806732,9.124945751903702,7.8806375252638,8.45247297239208,8.141630340285255,8.073233874742622,8.02701352287291,7.800760810279601,7.658051103929688,8.182005,8.738088282606379,8.005424687037157,7.926735034439926,7.378060166815295,8.686598863560334,7.323307368757835,7.674759823903955,7.642557949344418,7.6281162226735315,7.683596883366634,7.7046278295675705
2022,4,2022_04_BUF_BAL,BAL,11,K,00-0029597,7.945626177299362,7.6505375,9.672821502158618,9.473479303775507,9.03909505212242,9.2195297957863,7.8693408430828145,8.079872075122221,7.662584383572968,7.529607830280475,7.745890561110542,7.844179334438768,7.69118078364776,7.707206689928274,7.754722809961605,7.5576607611668,7.744002455205063,7.623714705562514,8.045413555130962,7.832722405123882,7.92140908486996,7.875459458824488,8.297987139601693,7.185307315079541,7.498462021555112,8.787242792662827,7.528782466093044,7.323079330262256,7.583255252167357,7.7962254686644785,7.636012267753748,7.784473,7.828924920619936,7.051617705768866,7.994526508867169,8.20726297557023,8.560851849729746,7.041389247190717,8.028956758807846,8.040525869210791,7.971035831097847,7.962533271759686,7.97944036622001
2022,4,2022_04_BUF_BAL,BUF,11,K,00-0036162,9.136549937776133,8.233904,11.97767336025315,10.56697934255482,11.088403686493557,10.093875449083836,9.69130767891222,9.195837827407528,9.126028253320731,8.704800993845957,8.30216305606136,7.979075071478607,8.237953286286878,8.054170291280203,8.630754298937275,8.291329197638628,8.327566683327616,8.32862812086093,8.277715838898903,8.288033713334285,9.090984161169777,8.401027414885672,9.557187140154394,8.169949777026325,7.938833969189982,10.64363048208537,9.6047725336407,8.983593528693635,8.39768195747453,8.569025626044512,8.122148666580472,8.875359,8.57942482920344,8.635755194114497,9.370078784300826,9.35215582965952,10.112225786806828,7.867206959706961,9.113464845877381,9.201359880800762,9.082258218208207,9.157725560259456,9.178901182742779
2022,4,2022_04_CHI_NYG,CHI,13,K,00-0034084,6.968461939343381,6.914224,9.583627835566242,9.011347476187794,8.950047775316275,8.509327350629965,8.113600127653044,8.361077068249903,7.914898070416137,8.321745135577636,6.559258781098621,6.994817269051471,6.9392518455550345,7.286866283539563,7.353730123828559,7.834736796625491,7.200785332320093,8.17409163336945,7.052933465608665,8.243021050648977,7.338659760066767,7.7199866921245155,8.110218512659186,8.577904956338571,7.488179605250576,9.31068057587429,8.462683748666207,8.109795059477772,7.375767251504773,7.292065990125868,6.740080592278081,7.4960437,7.327158959044796,8.064129254932599,7.38556291015624,7.006365494094389,7.217025669147466,6.142721508720037,6.901307356429509,6.911897369672591,7.040443271296491,6.985657676768906,7.002853414194428
2022,4,2022_04_CHI_NYG,NYG,10,K,00-0026858,8.205434045124166,7.4975905,9.314733499103536,8.848577769663725,8.667939113654375,8.180344519324233,8.114335447618984,8.038285770427152,7.968102242309307,8.001318660117908,8.08484098019903,8.015149867784093,8.038579770681634,7.945518480172588,8.230368669789783,8.502712124717018,8.1352464790907,9.005269237633188,7.860108590604619,8.298730925379045,8.389663860369007,8.954510976992408,7.873108305881838,8.979231958512587,8.222674816126549,8.33268169652565,8.006781684894033,7.781917607756475,7.92601842693366,7.856978022322815,7.922723226567515,8.26014,7.508107576028232,7.735029533821164,8.592761423314247,8.096699070647471,9.145834474133613,7.3717127122877075,8.089112853557108,8.120905187445498,8.208875638982557,8.228397209435377,8.25136037374659
2022,4,2022_04_CLE_ATL,ATL,12,K,00-0033702,8.312033660927842,7.7111177,9.686443104531378,7.904087981398884,9.249422223507318,8.053057752373375,8.626063707667456,8.231536459356505,8.44291240852284,8.29017110200524,8.157605424354369,8.41397982455802,8.275476301075882,8.553338668616437,8.239744718807314,8.272981725754597,8.4559501445432,8.385006072419717,8.392206395173016,8.379467177774748,8.533066782426141,8.381973157937715,8.302414677066212,8.155015859290627,8.299790580029532,9.249724026749416,8.666739620495234,8.393536364321037,8.35565738880837,8.17508436684037,8.171867759277943,8.619452,8.366870153421367,8.278708838479771,8.192265635983588,8.554349641384498,8.413241901363966,7.95644961721285,8.351195383089374,8.3445117828946,8.241949455434945,8.332431441007351,8.352829221086862
2022,4,2022_04_CLE_ATL,CLE,9,K,00-0038097,8.664301497656869,7.905573,9.91562045335006,11.30305363258611,9.563086612838385,9.790316650764003,8.933104626107639,8.782079436249298,8.754891938215014,8.547557298593018,8.886002725022204,8.579422393435092,8.688016039976683,8.273415229969347,9.368805584106132,9.154802022014904,9.675091611219436,9.084898125787795,8.889285960496,8.342337488189951,9.57823425679684,9.109914799907951,9.48117477170417,8.09952781702356,7.894879295894558,9.482389099387,8.68383509461381,8.523532995111989,9.397545793112794,9.208457589486322,8.611367402313238,8.568973,9.133645019196273,8.045195910643564,8.688833603115649,8.251195235060099,8.742603828601919,9.41456469918971,8.606063616307047,8.692276378790389,8.684014144588826,8.691908536368006,8.719515575079145
2022,4,2022_04_DEN_LV,DEN,5,K,00-0029822,8.517210825401161,7.951627,8.836249923504958,9.42427628606804,8.602020795953065,8.944485955689126,8.118567249224593,8.386565369151683,7.937047605560103,8.108416130061016,7.776959172416059,7.707607524724808,7.7680839350069055,8.12623275392721,7.892719087066194,8.297329639182953,7.7384751916622685,8.034049603731447,7.731393789788969,8.233832502399844,8.397073457401593,8.302677587545643,9.066992095463402,8.01852311720571,8.30070183023516,8.481378336523814,7.934230138386013,7.753967260520063,7.884875867995968,7.831197987371027,7.71717150333849,7.61695,7.7639987961060495,7.651972349310925,8.140507847453698,8.947478703442343,8.603691265402526,8.178489316239313,8.498418733458651,8.538789497265933,8.435268249734701,8.53163079375922,8.546050762117279
2022,4,2022_04_DEN_LV,LV,14,K,00-0034161,8.530385271466656,8.437765,8.352250858621986,7.140007162007562,8.590319667429288,7.752321061677186,8.660829689216975,8.466449479393908,8.599797482085998,8.735312253917812,8.303847437826494,8.806368136077849,8.29476139076673,8.690722612402856,8.285401359948256,8.704082959457336,8.300094962534262,8.441534170296682,8.193690158521605,8.604720815386766,8.249206855370181,8.290416057848388,8.422400854200998,9.565713866516637,8.932575526025202,8.351034010460847,8.503218542747117,8.472672577323006,8.220524846628146,7.845397476472643,8.22916375348882,8.276109,7.746586953255369,8.444172657921454,8.262185894725594,8.755027131241839,8.121631072719898,8.68777771640125,8.493035950337074,8.46321124775422,8.490773675864626,8.54906854169131,8.567751811915969
2022,4,2022_04_JAX_PHI,JAX,3,K,00-0036816,7.275097085328992,6.908615,8.185221818308165,7.044110198945055,8.020179473574334,6.976191847664631,7.788659515307398,7.130443549047936,7.802533117883876,7.501636432519298,7.130972319687947,7.025626130358492,7.016692768391323,6.946159599797597,7.209486807908864,7.069695892136268,7.52839706202405,7.131482406688267,7.411619590398331,7.3371715105859,7.406078104311521,6.953029957826696,6.2651025882725495,6.916794945320669,6.930369715407197,7.322362724464617,7.402347415099808,7.588551177171913,7.174486982584038,7.078553460768724,7.0857843550264885,7.3871894,7.069480596751508,7.402793273379028,7.19788654067721,7.051735115282753,8.283350462656967,7.333510153735147,7.394174294403178,7.428501754098366,7.204003931299891,7.298503403394868,7.321909721460745
2022,4,2022_04_JAX_PHI,PHI,5,K,00-0033787,8.047268237061811,8.172575,8.024473399458428,9.194645990055038,7.922360912356851,8.480371775857103,7.989716165182913,7.960126898261847,8.090116789667906,7.978875420161271,8.086377876565994,7.880164300512027,8.092090397437433,8.301995189109327,8.408317689216181,8.267234930238537,8.149748373931283,8.51608989200148,8.423671254556014,8.213728942161284,8.879041744111198,8.210306555022214,7.709157462071061,8.431153076308862,8.24385657671696,7.633875151509729,7.826570903869928,7.994181596441632,8.464652028991855,8.618132559890665,8.118285285165504,8.543014,8.543292283838637,7.771921927692555,8.45604949329423,7.818486831109512,7.862714710375517,7.983935927960927,7.927450973118109,7.957462615929662,8.028477531159742,8.061767268036252,8.076266299010692
2022,4,2022_04_KC_TB,KC,12,K,00-0035189,7.305374458191771,7.610711,7.723349694472683,6.866659767268959,7.656955962270263,7.145107985323706,7.727215263034411,7.512103365727307,7.809130824971185,7.748580476155993,8.242498051208026,8.16758925347478,7.874623942401766,8.011075879185315,7.820256488605381,8.154802234463403,8.084945038481658,8.391742884655049,8.088279527385899,8.697300298985544,8.335068399427431,8.053175044926656,7.204683777040292,8.447033766191687,7.994460014527515,7.198382124560512,7.5543220236405775,7.758205658058113,7.959899588374964,8.486660607837887,7.974878069220048,8.473727,8.070657259043033,7.607635313230706,6.969520576678691,7.154995095091499,7.5167486505000625,8.004226910507795,7.526131218859312,7.5282731805196175,7.395214991945055,7.32356973518741,7.34176501218305
2022,4,2022_04_KC_TB,TB,8,K,00-0026968,7.944549576292304,7.8051667,9.795391584946174,8.816555053907102,9.38556638997462,8.466408159694646,8.804989686234542,8.104735783774089,8.595529294873169,8.004296814761622,7.931021033485804,7.553229762281367,7.843418269815955,7.750168785823183,8.165946420829888,7.227644769153511,8.267601683128705,7.259483447310169,8.585895035586093,7.467659527415399,8.539273843784633,7.001828467823068,7.42317057697749,7.00332096803978,7.486930301405872,9.649327300509166,8.862549320703726,8.534177155845866,8.138131691440702,8.44518839067556,7.748551384985631,8.468113,8.323185343353469,8.509466397790264,8.166940549941295,7.8985409657389996,8.03196339144628,7.6592734293484375,7.7913623401351755,7.752078873346517,7.886366552599472,7.961507534052696,7.97846549181309
2022,4,2022_04_LAC_HOU,HOU,7,K,00-0032726,7.469018977159622,7.626475,6.264057925962435,4.829892535377968,6.611223413216781,5.820064852910133,7.237628176955237,7.142421922916921,7.511167455993402,7.698477359977796,7.662783844731224,7.501175082886772,7.67235868357638,7.5905369802465295,7.115593260560189,7.184069703582934,7.085528684605047,7.2430616067424545,7.141346720565068,7.140465832939943,7.437896999547279,6.877729728996488,5.782773966828774,6.94622889216088,7.791977206271571,6.858372723706607,7.37009967474498,7.69023063440904,7.020843024189896,7.108909884070496,7.725782352287741,7.1774387,7.213632708095134,7.592324555612131,7.693400608727478,6.961413914852376,7.39619269716174,8.18406979442127,7.3398246407426235,7.29889838800486,7.447854845855643,7.482868998942466,7.496719020725312
2022,4,2022_04_LAC_HOU,LAC,10,K,00-0030098,9.143786412516384,8.695979,10.62660304216206,11.211404802988012,10.158152514905725,10.78120613268313,9.346964397470998,10.00925840871868,8.811087583493983,9.126262325895912,8.555097360950946,9.092459631752195,8.62823713517518,8.981900941488762,8.795590495342346,9.11432685005146,8.632940440638071,9.43138966579426,8.531964442515008,9.373872604919438,9.0473313828021,9.415287765802846,10.910969395072671,9.231918830305483,8.814705316008716,10.004923151790994,9.28093865845798,8.742768267647103,8.840272955940126,8.553246029578549,8.957502967794854,9.265642,9.107602738823974,8.789123140228213,9.301165817648918,9.192137360329895,8.574856764566459,9.095480233165523,8.95805569768321,9.02406644060589,9.089844315172092,9.15635924091729,9.168932069318199
2022,4,2022_04_LA_SF,LA,9,K,00-0035269,7.330656607603667,7.309492,8.798537329316881,7.67240212807866,8.375108216609018,7.35461896263389,7.889862787777082,7.397863217922074,7.766254187886884,7.577253637877626,7.771899984576287,7.764713909651935,7.753419588633958,7.737875810263396,7.01096981958209,7.550071428485035,7.1841069659840775,7.639364042500313,7.204645758874536,7.973555606039394,7.57504961830033,7.834654824614063,7.794512958803105,7.529609604362358,7.688317602941147,8.265443745309394,7.761805236751935,7.652808101551694,7.160134277829677,7.270964492158184,7.742550940040501,7.606499,7.762740498065062,7.45203092246696,7.362085145871293,7.650223903887252,7.512478438869551,6.553468292002115,7.338597785026516,7.350626227608633,7.338392226050144,7.34738198114115,7.364107354678635
2022,4,2022_04_LA_SF,SF,6,K,00-0023252,7.598975486492392,7.5039477,8.087692555169697,7.35425810853128,7.874208307191072,7.313463679184068,7.626801702447736,7.264314961925017,7.664642736258343,7.547974742229932,7.209108476217251,7.064084028378713,7.200196246001192,7.218610718210971,7.456087196456911,7.006889301862591,7.207973522184613,6.713681908258779,6.917849917031552,6.276108100745156,7.675701824086331,6.389814813235047,6.3359438142544,6.825036386268948,7.028171717377728,7.905587946229939,7.693427662089975,7.678140416944811,7.441861594468891,7.793123771409214,7.455133085645277,7.6654835,6.805465952099247,7.7799514603539475,7.994159975342676,7.534067996516626,7.2957620894443895,7.287620431692494,7.440620415284105,7.43584932417251,7.6017340717286395,7.61479481456939,7.630614142646387
2022,4,2022_04_MIA_CIN,CIN,11,K,00-0036854,8.991690152205042,8.230724,9.482774772756144,9.571477767289938,9.288654188656846,8.984280292150133,9.011064370078904,8.794807515583924,8.896144700589996,8.568898665900997,8.985016939032892,8.891169133222924,8.950307207161773,8.67408995174786,8.852944511667616,8.690268799445965,8.916857982732223,8.86770506695882,9.072893417994788,8.790715573446889,9.06017072565544,8.781912095918383,6.766494788789224,8.071775273409088,8.433693298972315,8.424567486383568,8.64588832374364,8.623890011964443,8.664197068851001,8.263005135396705,8.51862402700457,8.87823,9.145206168403387,8.586353573220068,9.138788830942872,8.919034680620598,9.562696196065772,8.630850055336815,8.918326152983562,8.933232261095494,8.921106588524308,9.020790658570975,9.04989116493691
2022,4,2022_04_MIA_CIN,MIA,10,K,00-0034794,7.061610436036168,7.4529033,8.634373763395255,8.997874105812523,8.29502256660567,8.488397672800001,7.63250510569964,7.749146211665788,7.554738181358141,7.711913950797431,7.163720691916069,7.167307099108812,7.128088450590075,7.307437158678399,7.0056279832166695,7.153367460410623,7.213011578655984,6.932007962879679,7.244665077235642,7.695154331652433,7.592641474974213,7.1070768869338,8.00473179960843,7.767852393398583,6.810791570042477,8.57846111331806,7.810243604409514,7.693383908866298,7.153729554537255,7.282845570315369,7.08192642051153,7.356653,8.006174158936226,7.574220529972271,7.487786378959007,7.042330954025934,7.637844590733525,6.172788408323703,7.096564459047099,7.090824063922379,7.093670247622327,7.075750822317931,7.089891208599692
2022,4,2022_04_MIN_NO,MIN,18,K,00-0034450,7.991756682889068,7.795631,9.484645242729014,10.406056969764276,9.09288184918537,9.681653335018826,8.16797999487008,8.455090811801412,7.882431092065073,8.068064564975614,7.604975979732573,7.93351227039137,7.512181143639631,7.87184584255443,7.782673738675815,8.085332438494408,7.632899723231717,7.708678777061816,7.1328708642858665,7.96475347827984,7.7599274734659875,8.894079920446027,10.033515287556757,8.52514955838922,7.853195497558041,9.716364378807317,8.452156903161168,7.956636526364136,8.045470580467754,7.798264560723839,7.859966161710548,7.711221,7.777695933849693,7.86961729939063,7.8223851996111,8.065431771330314,8.037118317752638,8.075782913491743,7.929775713586251,7.9489801194527825,8.053311914380897,8.01522717618682,8.038697669484572
2022,4,2022_04_MIN_NO,NO,7,K,00-0032569,7.653011154855281,7.0178094,8.385857210993896,10.055623663943432,8.079411996402744,9.158933332622706,7.521948293272065,8.157250743579045,7.489986499170401,7.855486580490352,6.481057318809306,7.17607402973303,6.809602714360199,7.084728884470104,6.7380490232603885,7.928483554513832,7.020825180406391,8.38740920530102,6.872427819472155,8.04927426767214,7.503685077903058,8.565606510084367,8.382979393665682,7.786059042663483,6.994843600544444,8.32823341403249,7.764545677576653,7.684804580213603,7.031324341984519,6.813758551219278,6.794387549528326,7.1692715,7.38596414597272,7.776059183781637,8.016857887573712,7.52957745699646,7.73416861565405,7.313529721095891,7.500952784081789,7.477195000165282,7.652431707592894,7.6719373383606495,7.69086352186602
2022,4,2022_04_NE_GB,GB,9,K,00-0025580,8.621679831190463,8.27859,8.28194648915543,8.789076204501814,8.090581724943489,7.946091711768815,8.244376779930116,7.966305105115726,8.244622281894262,7.994062448229143,8.357962547586263,8.209525501082977,8.404414565098246,8.127711615011533,8.152115590287098,7.748397076761762,8.14220261406687,7.830926015983745,8.495959508854266,7.357939216569285,8.798268226067515,8.05510111313289,7.521708164349728,8.449023583834892,8.187713033601623,8.266595711856432,8.262149959438762,8.157326827188152,7.962579816481608,8.306023369811083,8.156716939476935,8.46168,8.571909025235676,8.106986070691125,9.034640497354431,8.32081316276058,8.59638011840494,8.616622025197032,8.38684951504488,8.421905570356166,8.610641793762106,8.635026020337463,8.648372209484462
2022,4,2022_04_NE_GB,NE,6,K,00-0025565,6.605391901608078,6.334037,7.169280698188219,7.480303933047976,6.919872114738325,6.896967917752681,6.886481127911536,6.7617168494674695,7.165424433352753,7.232211317333919,6.37022020759362,6.717301016087834,6.498583278906439,6.749407363716118,6.832562878480317,7.080023910597826,6.537340899687052,6.8403395297050285,6.48142350509166,6.970488169025945,6.661480088072821,7.208448072143613,6.703473604613714,7.2386195466035375,6.805280713999804,6.702558994772498,6.811487570129555,7.185121112003508,7.047027440210802,7.2734094140381425,6.587290223716934,6.972319,6.777263995660958,6.975970203088687,7.122240490571003,6.198502291361116,7.133687911416942,6.379750233753181,6.630979409355589,6.6606373595913855,6.621823148021313,6.62301166444153,6.6406314272749825
2022,4,2022_04_NYJ_PIT,NYJ,6,K,00-0029621,7.708649448512577,7.0480995,9.469227681295248,10.441581078193511,8.945535052399615,9.71605006657166,8.261726791160111,8.847724178571301,8.024091491834238,8.348741745663105,7.347687556326461,7.538860300586066,7.2914247741365505,7.393182361612522,8.234307326250017,8.744390462509156,7.993019749651951,8.447882761070119,7.366539033130968,8.166846196389972,6.942172847101182,8.100378311119272,8.759515708996213,8.538623605736536,7.441487527063544,9.257664204544302,8.396546286424703,8.018298741709222,8.067623634994558,7.7378632067824356,7.30005077194786,7.561761,7.974170791442315,7.757459698357894,8.26360413236918,7.242387168713261,8.028785050090352,7.648674181537413,7.44804234799871,7.47678122286041,7.588402479703596,7.7266513509722845,7.744653253431995
2022,4,2022_04_NYJ_PIT,PIT,12,K,00-0031136,8.203756061947711,7.6314654,8.737325501125667,8.365388835607591,8.656494793150891,8.261944055166273,8.385963019333671,8.195154445636577,8.323228883091135,8.395680904225214,8.225534392197563,8.35432159142266,7.996345151478803,8.163978555522533,8.105833493361597,8.053341484728941,8.143272477209505,8.128367807731996,8.109443505464206,8.888395514799756,8.440656317061014,8.437172275783356,8.0830393713359,8.995400375895551,8.403960562968582,8.774916012598554,8.453102049413557,8.341116982762967,8.251889854539526,8.091062152324787,8.054354502415572,8.219072,8.937135383018248,8.335425805003666,8.471002896087835,7.977951202299556,8.664396756041485,8.024175182986946,8.080387637319172,8.076387607923555,8.213732798769854,8.222632971351933,8.241509880756155
2022,4,2022_04_SEA_DET,DET,6,K,00-0036168,9.130885000691382,8.687192,7.669623662370958,9.097255614149296,8.001180516064773,9.045803332332731,8.496192937913271,8.87648655721975,8.658899119907272,8.672915591140509,9.099796275569714,9.162120612938358,8.95457382423753,8.891428573238443,8.866592194654705,9.19588182377246,8.838244379447465,9.427581278940949,9.071460634228528,9.261518253320464,9.108253752291008,8.982089482934414,8.183940321874106,8.315638222576704,8.971800860184679,7.758459062829348,8.297043481449242,8.51644446410018,8.853318357998171,9.53338582362872,9.064009816543091,8.925055,8.866942490790922,8.679121227316802,8.855359612119244,9.509732527298066,8.638637660189826,9.032601700586993,9.230514635414119,9.243378631132877,8.873129922257847,9.175972640815754,9.221060280940128
2022,4,2022_04_SEA_DET,SEA,14,K,00-0031492,8.151361798165679,8.103826,6.761461183336037,7.17549434302724,7.145474659545087,7.233462398173232,7.825469213149988,7.711848864543788,7.953068977480854,7.850358359285205,8.365429726530595,8.435747730757509,8.260413283528584,8.139661824152435,8.045228779637402,7.913337488037027,8.05348930179903,7.798926140593469,7.813514792691974,8.128009351651935,8.478275787838312,7.965778414853768,7.256811971980894,8.171856235948516,8.274250481729911,7.882056592250223,8.153412644586416,8.1333307829803,8.195238689176913,8.22320660971385,8.214300677491602,8.48736,9.058286937715437,7.983606561275449,7.99056158383737,8.107546948449656,8.215442711293322,8.448151362526362,8.065818469751584,8.03426002378848,8.10509353042556,8.16450897901018,8.177656159854683
2022,4,2022_04_TEN_IND,IND,5,K,00-0035358,8.768654578988365,7.911182,10.6787920024801,10.930781175051855,10.058703587092367,10.265132433872813,8.983861448199587,9.35221070669551,8.468915995212837,8.403784360515191,8.541477322209007,8.432929358804786,8.364687511152113,8.535034820827015,8.904615810818047,8.720259405851488,9.011719318528106,8.986048672639432,8.704682930015398,8.965117094217439,9.16222184028962,9.032205635152216,9.571397003878143,8.704039589494673,8.358680048999275,10.311839501347915,9.191348015074476,8.415094865575492,8.744992340295129,8.575063489648981,8.388238102506683,9.05982,9.21892042755209,8.409351635560665,8.776824206254949,8.766624192703663,9.175300564048902,8.55713791812762,8.642175883400435,8.691110130483464,8.725908355717,8.801077848377119,8.833501117765875
2022,4,2022_04_TEN_IND,TEN,7,K,00-0029421,6.874687479141391,7.036133,8.147181938766,9.007194333410077,7.901429877561227,8.421988007502948,7.647757123567464,8.054237585472418,7.626532455826835,7.988877393785955,6.746324976991925,7.23098301810813,6.763333778099299,7.251613812655272,7.089804879564794,7.368410193247096,7.249455596163177,7.660577719466056,6.82388252275555,7.94334838048758,7.319953286248757,8.26211775957926,7.957999753800458,8.032479993297658,6.884056587066064,8.062886638346587,7.643061037302522,7.56163580884037,6.937623988336831,6.753650404221618,6.879285669694614,7.130767,6.910346276004622,7.461684694975315,7.602949030328643,6.77444051516817,6.998424863211578,5.920920388271858,6.701170830823626,6.732004229617811,6.910430018373969,6.88980098769941,6.90491449625743
2022,4,2022_04_WAS_DAL,DAL,16,K,00-0030332,8.196393181560346,8.151691,9.208285684459485,9.46822218644869,8.764491039760848,9.377419470805036,8.60985046133056,9.03811143196712,8.594804843828852,8.803718214340234,8.396149108277346,8.569262151288145,8.204063100841365,8.505506515943516,8.396640511539404,7.791882943332071,8.367747962065174,7.763807203424176,8.63281953049351,8.329506959580575,8.471130518335166,7.644440726183786,8.871908483654492,8.74878854668908,8.504823391737236,8.10105335552069,8.423180585110059,8.540685479708113,8.865388675893449,8.99504749254134,8.212142613854173,8.578852,8.511463572842906,8.16728183714741,7.913903473367613,8.382830743793331,8.87787775602429,7.9065103321515044,8.261703826586782,8.33305156234665,8.162708167504006,8.216576890062527,8.236760598564707
2022,4,2022_04_WAS_DAL,WAS,5,K,00-0035192,7.76934507021707,7.568325,9.841525719185126,7.735429141809729,8.910941784347223,7.375627005380176,7.730756442066917,7.111902972228927,7.370407343537402,7.109273882988036,7.249571767281101,6.65909830992212,7.252399357857877,6.892219628567056,6.784592381649022,5.919703696514906,7.200473258179495,6.345613557884241,7.566295723630094,5.58218636018448,6.934173267557957,5.948785543696759,5.824473015344017,6.063496329505792,7.130251261977148,9.291854200997312,7.840054431544778,7.375796504301652,6.983438599616293,7.469701732680358,7.146386125574472,7.01909,6.715828005221045,7.162003445568917,8.058431246312555,7.911508440848166,7.48193025357097,7.195096473134705,7.554715684876143,7.652816534208167,7.81770716765304,7.787096530889844,7.804847991562619
2022,5,2022_05_ATL_TB,ATL,1,K,00-0033702,6.953305097713976,6.6535797,7.685099471117764,5.394727117247096,7.515962603756683,6.220023241535904,7.353452174177247,7.014141780727986,7.500246615576587,7.55098867879705,7.295043637835598,7.583764591237537,7.310862291720658,7.3155097174355905,7.2216885257215235,7.167180720138752,7.249670392831065,7.429314599212198,7.849309448242815,7.192888951127212,7.500575910951078,7.3409755524678,6.199631068180552,6.668255258963212,6.88181012022604,7.375675207260862,7.415532059499037,7.62845792017795,7.585660258070755,8.041637216090061,7.475076138578035,7.544869,7.842320089347308,7.4521529365430546,7.084638258612873,6.896564440872208,7.134479273577826,6.779199582117237,7.017887546075314,6.991874319564022,6.9304773666246575,6.9700698197633075,6.986834541812638
2022,5,2022_05_ATL_TB,TB,8,K,00-0026968,9.35888773993525,8.695361,11.580407853006376,10.909069599680766,11.189871718087222,10.493077335174002,10.158943432221037,9.69365137790856,9.556421138628544,9.122462379904649,9.1561632831761,9.151879152999872,8.917545845466446,9.079403847332864,9.050690382718845,8.585123004493875,8.8623406812379,8.388095967600938,9.29307711956418,8.301934138803453,8.3240232023833,7.717163104262462,9.537834385464516,8.429054129758013,8.880385164296465,11.705636480674222,10.361968778535688,9.475547432946918,9.16399425301426,9.095101793233766,9.30363785602134,9.557085,9.403966722847182,9.573301618613405,9.223693644174986,9.601944505047681,9.29118952751673,9.109414459560043,9.185650026719438,9.188792314009497,9.310238661747974,9.379188676085121,9.39948961223499
2022,5,2022_05_CHI_MIN,CHI,15,K,00-0031203,7.259064878177897,7.1220126,8.130665094400545,8.465263433233833,7.987527524243572,8.287805284418848,7.785435783070367,8.024955496147527,7.720110496200761,7.869740389092479,7.437267751834547,7.30545263220783,7.4787176014281025,7.386641628510709,7.271309406667683,7.108605580639402,7.302602963284491,7.409076189707625,7.599060166157221,7.500031179457098,7.321134322941762,6.932629676302794,7.774100954500444,6.582284588368283,7.525062682996135,8.514881689075938,8.098675095057377,7.888635364529398,7.244077641588191,7.551745488246201,7.670171116599286,7.3070593,6.992743784767348,7.849002090729956,7.696259962434911,6.843775188147758,6.894556441165615,7.616105850358796,7.141114698951592,7.132917200932084,7.219715631777767,7.276537500280515,7.294010122383133
2022,5,2022_05_CHI_MIN,MIN,3,K,00-0034450,9.117074037167102,9.066566,9.277947392620405,9.41354053254597,9.367376443262527,9.238473196356338,9.215197369874664,8.980444606895421,8.979955714636295,8.788710303126798,8.348334056194723,8.948389802862682,8.630437946253304,8.8669365696891,8.791104906529762,9.056867837909344,8.777836230806749,9.190254551257592,8.959379861831895,8.956710694919966,8.66418578066071,9.364243918941591,9.259358029231777,9.186306247125486,8.835346064898642,9.515639545706277,9.209052376786383,8.826939115247612,8.704061919420644,8.546827326514137,8.488208160858022,9.020548,8.880191424796683,8.95201641800256,9.1262488013636,9.670524284886152,8.892258935106394,8.108818946464607,8.97088463165561,8.999017228505233,9.111437592234045,9.141341161646517,9.165608286125932
2022,5,2022_05_CIN_BAL,BAL,16,K,00-0029597,8.980847380307996,8.06656,10.923965939697604,9.966086928190403,10.222764302325016,9.602981221905091,8.871945496859613,8.724661220899355,8.4208253636097,8.350550673533792,7.957054264998352,8.272309142144469,8.115473263306939,8.369799632302842,8.239311437398792,8.76449340432335,8.359167879610325,8.439601797034081,8.504842021306743,8.497331991899234,8.38623490854003,8.153658094127906,8.655534325813512,8.326393998224649,8.20412110919932,10.45072011352678,9.042307342178797,8.40380989364081,8.077438816603637,7.930229030469594,8.367568354948407,8.384345,8.186172155774223,8.124500745052371,8.822235782524041,9.37578734066634,9.979333490170626,7.9296418013359204,9.017446999261955,9.066034009317681,8.965918091389018,9.000735486343434,9.020623592378874
2022,5,2022_05_CIN_BAL,CIN,6,K,00-0036854,8.302486229673029,7.4831934,7.795161170882438,6.291778121086272,7.704437807859279,6.39157795707422,8.01093634284364,7.468099560777893,8.245301962764316,8.145363512681973,7.8373319238737,8.213490408856776,7.913679701844376,8.301325830436289,8.231537441456071,8.28566566524477,8.486045451776276,8.400639644093713,8.504351893560402,7.76344887415869,9.086035217353194,8.804666921630082,5.122939015977447,8.534813214184734,7.858933741064323,6.861389618553583,7.719786572609268,8.183261937555205,8.087865687829744,8.160349161877702,7.8592941272697745,8.082101,8.202053658458299,7.979655102482383,8.55844363286905,7.93391885127076,8.93300235158351,8.34042682072829,8.306814071742668,8.345180212542157,8.204193919188675,8.32540051174059,8.348314793808154
2022,5,2022_05_DAL_LA,DAL,11,K,00-0030332,7.5930015250067475,7.4256625,8.100226461377968,6.317185887845967,7.710806672357429,6.99381570411698,7.754977846103709,7.550309507523459,7.959687807152921,8.056549491465868,8.023219175056584,7.686831263235737,7.656811762226469,7.603384730762053,7.217806247788792,6.793754462985403,7.150332216469581,6.877478394951271,7.201428965597659,6.895220652760176,7.49999879984801,6.721488493401273,5.926018349940496,7.15335425040285,7.5459225547326305,7.7980578227325905,7.808678122317529,8.054003823518944,7.618429907966863,7.450922482445216,7.875499491477221,7.500379,7.179709304281298,7.769278391961254,7.363348474227213,7.574332170856266,7.901111709343101,7.820764717308836,7.630250074468473,7.698363489025086,7.520436787115336,7.611897231213206,7.630792937419664
2022,5,2022_05_DAL_LA,LA,4,K,00-0035269,8.80650838808011,8.495167,8.958860291991739,7.016830101014369,9.064117777241815,7.654169668334215,8.925431475340291,8.53568768018942,8.59647786308874,8.391661376983935,8.452806779091668,8.556746126811563,8.375420223197922,8.630122318056365,8.753371164191746,8.510888926975532,8.461105116802058,8.408998616794776,8.784405485043306,8.535199690377585,8.471515167140884,8.77370652409836,6.935473090848871,8.360398986354728,8.322396766252966,9.243475081622728,9.060355508861251,8.601805890791933,8.3300678579706,8.700348356886096,8.396228811066495,8.7949,8.538981897475354,8.70771844816156,8.673460645505973,9.46699974195576,8.47535406426124,7.850674456099452,8.656154178133106,8.681851568784879,8.790073927218188,8.823336277959232,8.840164167838353
2022,5,2022_05_DET_NE,NE,18,K,00-0025565,8.253608470924462,7.999622,8.808860064884481,8.96653477876727,8.410681322231545,8.290511767805993,8.199283502751198,8.006881798227786,8.269881968991726,8.074149488811189,8.023174619389774,8.105840745943379,8.072040774417395,7.935466102012375,8.167113572774335,8.388606837856948,8.264780032120067,8.381479809652433,8.150648183574297,8.874233303496357,8.03900068248934,7.244835726307786,7.200240337437791,7.94869316665465,7.936520380634579,8.571287807791316,8.226116217071509,8.25649502476406,8.420006999741114,8.714374019415736,8.38459973394656,8.307251,8.539699775994531,8.2243868945225,8.865401507034452,7.979579129541415,8.759504523566449,7.631029573204575,8.187751212283207,8.193442136958662,8.234189134540102,8.272571818055159,8.291535165185856
2022,5,2022_05_HOU_JAX,HOU,11,K,00-0032726,6.719740269051835,6.8600016,7.275901675762077,7.968301660867045,7.14885847455991,7.738780671985088,7.0094948013958565,7.44891619764651,7.167067494681202,7.4701261694925,6.538308515715011,6.760240143975661,6.633908178590643,6.908994662712558,6.726424626614778,6.941612469276425,6.695843056658636,6.983390760840644,7.22331709012193,7.346634115526895,6.880876874030605,6.948069597378621,7.559719936639285,6.797503387440253,6.810264118067581,7.06943394243718,6.897987190825162,7.1455805723715695,6.6555530340292535,6.689455288693536,6.638829851037048,6.8078356,6.807128015469948,7.0320260428616175,6.973705610498535,6.465585486336557,7.040405324487911,6.686769294594302,6.670139878271233,6.628443051186167,6.6908834401721515,6.734099842946776,6.748459416841717
2022,5,2022_05_HOU_JAX,JAX,7,K,00-0036816,8.821214765944951,8.221189,10.035689590933728,9.310549729636056,9.68945311528845,9.270977227996276,9.00162713085745,8.900139807760846,8.61596893385768,8.558557359469305,8.744211114266834,9.039353101306906,8.691226239469282,8.914860569420329,8.951478165527941,9.04234810695431,9.050008203427272,8.766105109207112,9.283786342476652,8.923630248325185,9.425429422405196,9.172413192685768,9.285500521578102,8.501344580800684,8.824872607109869,9.21725771696317,8.838669824452884,8.494382421992816,9.03313411004361,9.167783295938593,8.981125843171704,9.889822,9.941690827312682,8.461577236120426,8.335143522799354,9.064262937583194,9.313732699503664,8.817966320607498,8.892604538364983,8.945604939996102,8.727243710984835,8.848660345219875,8.876105924494798
2022,5,2022_05_IND_DEN,DEN,11,K,00-0029822,8.173120389358795,7.747017,9.0791530275799,9.01441200370546,8.640975811396197,8.832593071416383,7.80641112039949,8.254972049283975,7.651213706422612,7.967312577459896,7.3680016745281565,7.748816510297585,7.575197224233416,7.745723057722986,7.475207684759123,8.010637249136858,7.70353394825553,8.340531762648387,7.369892790210207,7.984486303967871,7.56795088062437,8.12833921084336,8.427436298873143,8.032390748125938,7.782419685721422,8.485702964810438,7.696749423953331,7.542147373462257,7.557758333385273,7.452399138954087,7.335831698524273,7.061091,7.235886876484336,7.44991995945748,7.922068502651552,8.629550517472522,8.405963399966174,7.520416457888517,8.181369726062957,8.213448086076369,8.127686423177892,8.186754606063806,8.200388822768817
2022,5,2022_05_IND_DEN,IND,17,K,00-0035358,7.616626685488452,7.066423,9.759689621979124,9.89866103523648,9.010944200926566,9.152615298496878,8.026517994969613,8.368302537942943,7.756792804145777,8.054328424269729,7.051796694924589,7.602311734406544,7.243115235494159,7.557272149212751,7.43775009910821,7.904776681537993,7.372682579835852,7.9789990989605935,7.242562378218119,8.09259672595922,7.539090477510357,8.37707910922725,9.095846493326611,8.482632218973823,7.725792193883945,9.24153579086079,8.267457856851474,7.826977675809848,7.220870473638162,7.577928362257864,7.216440183236136,7.6487823,7.539817959838273,7.686042354036355,7.473088269749772,7.919955456669874,8.011154336341592,7.028012941307053,7.625756261773793,7.6679428960422875,7.59121752876486,7.644966132278071,7.673305579067691
2022,5,2022_05_LAC_CLE,CLE,4,K,00-0038097,8.092048712590113,7.6441803,8.97083062900116,8.670372161422325,8.833197586718821,8.265624926043893,8.557907903211316,8.320908027154982,8.523607294103165,8.355449662124363,8.613886609013475,8.411470917773922,8.309708317981308,8.033723347841594,9.338041929826968,8.855916389975421,9.331386256408445,8.678896629204258,9.07876778656163,8.913790744045683,9.113962730369456,8.35119715293167,7.772067712436844,9.004224245464824,7.926876119160021,9.00620354372705,8.444398542072223,8.413671776289615,9.13348368265554,9.224342928776853,8.439613223263628,8.267819,8.250593812047919,7.976622524240184,8.469060144259956,7.254220091004263,8.713003031813235,8.891711648645483,8.039403861616613,8.097553980594448,8.129505382658557,8.118005619926421,8.143962527262733
2022,5,2022_05_LAC_CLE,LAC,12,K,00-0032669,8.07175374883135,7.8386354,8.50699674824426,7.315163932990294,7.948151714096477,7.226414504441882,7.259180797612771,7.065447936385616,7.086652872727044,6.9820928600196455,7.781965766325682,8.129593830011823,7.8526705138137824,7.909155867583722,7.965860856899798,8.160963952253585,7.920194557679083,8.279027531909934,8.167587256922777,8.066081710153298,7.591040210866672,7.565533095964713,7.434322249039317,7.781573020376872,7.736252277484392,7.34039717925674,6.901809657669866,6.876757094608093,7.819174661832322,7.698847340510752,7.502585366477263,7.1850677,6.825083285821955,6.479327833934381,8.24841258897026,8.071669261069538,8.275265650817541,7.705178513153516,8.114429501605002,8.157242291857443,8.123996524480736,8.106963207434466,8.142172666037577
2022,5,2022_05_LV_KC,KC,8,K,00-0035189,8.485864461207028,8.771834,9.208980841890485,8.218949749409159,9.07917054260058,8.592447697196715,9.032274062952125,8.8066539712369,8.974673742731108,8.791029099791078,9.034730042929,8.828608879348979,8.821996545756125,8.848743682207889,9.174349371571644,9.001933928995124,9.04340443479382,8.846176953573668,8.744283392255275,9.1685079759014,9.524058479863902,8.472074185361244,7.961106582111756,9.2908081718635,8.846800256690436,8.343393300040724,8.639744358509386,8.761832324180626,8.910562609102538,8.91577925996002,8.783806417589945,9.169851,8.558124638071996,8.603888774367208,8.562654717283378,8.197404036803931,9.44145211017457,8.46980610141492,8.656326327900821,8.67348169067979,8.486290473995107,8.506757511072246,8.527650560937465
2022,5,2022_05_LV_KC,LV,16,K,00-0034161,7.953760886470046,7.3134193,8.298693186679351,7.081113438658238,8.312350399642833,7.814310251279661,8.116673224359547,8.03373404194842,8.227924820387452,8.180930498030841,7.6175140519119955,7.971530376135882,7.615637237655334,7.768167904298171,7.861516963936633,7.604580238408163,7.276501193172097,7.250092357035482,7.6335778847303315,7.818460693932465,7.543861167327111,7.543459638957244,7.294742034307046,7.895480141729078,7.903456521729106,7.854261752689707,7.85643656049759,8.144230017671783,7.949757358269831,7.587770264945711,7.533122098003958,7.8605638,7.30073078188688,7.992031874297543,7.916116452514661,7.86183095240181,8.38783936610289,7.977048165723172,7.9493457589491445,7.91815385238703,7.932530075241536,7.970899841173343,7.98803879587664
2022,5,2022_05_MIA_NYJ,MIA,6,K,00-0034794,8.357464297993554,7.966153,9.541341728811371,8.94379119738512,9.34176600144432,8.90981551189671,8.654975369113775,8.712671114608932,8.376188738239817,8.534676958243585,8.065521484013864,8.409124829654239,8.162952237932062,8.416136561740664,8.188147571317469,8.597687153839457,8.266193556891276,8.57440464913166,8.293659548169071,8.654725734501586,8.014204376482686,9.050951800119602,8.4397166413732,8.508389033981329,8.124999997617241,9.438500619985538,8.64959550545109,8.33788367610982,8.078494972265238,8.279574999796933,8.140610191009259,8.270338,8.087905914685885,8.299755547381496,8.831398334807348,8.048665780304871,8.569277842678172,8.158253505807917,8.225467454515453,8.241313535022627,8.381138858975172,8.372349036108904,8.387233774224258
2022,5,2022_05_MIA_NYJ,NYJ,8,K,00-0029621,7.751887431352183,7.382787,9.36669234677061,9.044735434637753,8.693365367167772,8.305667443807353,8.087486670566857,7.924912389102673,7.957927412216414,7.881634564565682,7.430922871900239,7.3460745057602495,7.3278249461389855,7.444451030385595,7.692050514171698,7.904169792151071,7.8770303707310525,7.859658000250753,7.503142671943316,7.683294862711352,7.665313601106963,8.08054535630092,7.24012677179946,7.018151079955792,7.1631866872210885,8.558056069755981,7.957473747762854,7.799660622571567,7.64679568030655,7.394247314413339,7.521314320000626,7.735162,8.276155467441821,7.529110449087562,8.350084339965692,7.190154664014468,7.97084670950801,7.868577964029433,7.526204469364573,7.536555858565184,7.655711067967611,7.768505839807486,7.785124248262787
2022,5,2022_05_NYG_GB,GB,10,K,00-0025580,8.069945765240766,8.233155,7.246049277393535,7.660055236331991,7.144635985903774,7.319354851087535,7.603792795936924,7.9782622548593,7.862654501165745,8.350784618547221,8.419929271581818,8.586490596497764,8.285581779469474,8.640692154063617,8.369588287679722,9.055206028723951,8.379889736930934,8.768926748459684,8.592204372251722,8.746881532569063,8.73894243190954,9.332746406952886,6.59370296875194,8.765816957189505,8.677555151848104,7.436077919143519,7.91078688078146,8.122179309226102,8.321747339486551,8.512295431100705,8.166437911255231,8.311262,8.074586260254245,8.35903732656039,8.330128291441955,7.607823664495063,8.094141226602876,8.591818446749333,7.936005995092069,7.917100648927843,8.072010267228574,8.080684300836412,8.091422836432058
2022,5,2022_05_NYG_GB,NYG,10,K,00-0026858,7.031241665376044,6.5802846,7.460518821814687,7.492062271586274,6.902923351853288,6.702309464016392,6.863069391982079,6.758456983421189,7.132653187646974,7.103187617980158,7.05898380745917,7.10849165046954,6.992032714309036,7.016612338463119,7.015608360452455,7.235126652932035,7.359689011817511,7.502427508545656,7.03537879087551,7.227458743055495,7.57378893364902,7.375915438104152,6.919486952678488,7.146782472366944,6.6862232755538855,6.696368620683969,6.827005867376855,7.107320478828617,7.137221307210713,7.032664000434716,6.981850941342396,7.6751027,7.284208214211579,7.09472350942476,7.080816360760181,6.645352089298426,7.88780065933924,7.300379277473477,7.08233571555799,7.081611333686265,7.047258673981414,7.050534493144248,7.069827320912453
2022,5,2022_05_PHI_ARI,ARI,5,K,00-0036469,7.530467823526097,7.8607564,6.4170697082706525,6.408137659806864,6.79050900205682,6.768786667610179,7.418537965575038,7.347474628741199,7.633834986775287,7.591697020415356,7.774517949081576,7.928780801386442,7.758678741680799,7.848665645480858,8.063722063312053,7.657797781050237,8.196942020736019,7.383298119964854,8.15476244550124,7.797504722610282,8.371112982690079,8.311702454824893,6.257919955338633,7.469235161570589,8.00774280523811,6.979768807247196,7.495485823009942,7.700671859797336,8.038811162664793,7.7254340691392,7.862384839636826,7.7406363,7.576436750005763,7.662352252861931,7.533478594719806,7.449599881276599,7.338117544513883,7.783862690740631,7.574903320573032,7.570126296449889,7.468167431468265,7.546914670098353,7.563361516670609
2022,5,2022_05_PHI_ARI,PHI,9,K,00-0037224,8.421287803479986,8.930261,6.949299262773346,7.677718304054804,7.025396794045833,7.728932007267881,7.198304054347201,7.357280048160388,7.257640024078344,7.076817561265826,8.297613470867512,8.464770534723629,8.546767537491196,8.29459996127601,8.552207300818111,9.021807086029275,8.235318534698928,8.375959382424915,8.363668041158595,8.457707250909435,7.456216144809111,7.827335935308902,7.455416698892433,8.181028683814477,8.440271985287906,6.294724371305938,6.763873346963639,6.967664281164826,8.56383343549077,7.870499144187715,8.418863995240358,7.3980155,7.207678343870906,6.699589224538348,8.489015857236813,8.382498039485924,8.156165348363949,8.529836478390887,8.514751654561348,8.560431626343862,8.457845850476211,8.454219645667363,8.487151487854742
2022,5,2022_05_PIT_BUF,BUF,8,K,00-0036162,9.59636903848953,8.901783,12.795999934658088,12.829012313660812,11.866424446119495,11.838133690039664,10.312007286231644,10.287056957189316,9.563512379940986,9.400894903997926,8.328310464104371,9.097042317778309,8.479686847586011,9.051898507292863,8.8651152650176,9.719443777024098,8.585516496076828,9.571659220116588,8.532919326516573,9.259075226425791,8.782050040089542,9.310350783656595,10.83352955534549,9.25564719148537,8.955016956933134,11.47819160483925,10.259835494466572,9.398136976231722,8.858339593175847,8.574059136594817,8.356557796027673,9.133349,8.879399060141317,9.389865968772728,9.77438281743695,10.141915276767458,10.136488306922125,7.9681962592962545,9.503462771602969,9.589733459601305,9.545424925314574,9.615755898984853,9.635142759480175
2022,5,2022_05_PIT_BUF,PIT,3,K,00-0031136,6.612204778197377,6.1794076,7.749476853774757,6.02166954272967,7.55389163274858,6.543418029886581,7.100133257006493,6.7410075504853175,7.162685361564273,7.002746411113749,6.245328131847866,6.425628726912599,6.627173122871726,6.695533091034155,6.6092210839461,7.002300774796583,5.799391799752234,6.873014240693326,6.400993527410887,6.60269667539366,7.239767854071537,7.215337208240465,6.518787142374788,6.993203391503713,6.069323613338019,7.247203545864312,6.781056540651138,6.988409889798419,6.722759264083087,6.408708631769503,6.640607585578817,6.878237,6.965890187382247,6.937964543550391,7.089960388120062,6.374206116170465,6.527540330571074,6.413900911180327,6.541484014671479,6.545225019928913,6.637374701670209,6.629722682771988,6.647240587346597
2022,5,2022_05_SEA_NO,NO,9,K,00-0032569,9.282349512821964,8.729448,10.717676495334343,11.269783877593063,10.41247525229078,10.07546355247746,9.474106273093136,9.198607990110444,8.94742813277185,8.497190502711456,9.032534252533036,8.660817184017521,8.890180231915433,8.517587447324651,10.23799061083976,9.79671955102057,10.381167711767796,10.26090293917482,9.578234626168946,9.80590109677568,8.26587818374662,8.00889161421952,10.665255023097732,9.547044220607244,8.437491231720541,10.506851207140176,9.504230320465314,8.791280701213285,10.119421994781526,10.12742951810016,8.9604408796139,8.7575,8.67859801371973,9.484608703730308,9.138990568217602,9.630884785704115,9.506804945706328,8.688089667522018,9.205742278823255,9.214282991308208,9.243459576415004,9.298109522788591,9.313869532755216
2022,5,2022_05_SEA_NO,SEA,10,K,00-0031492,7.406411923018151,7.6599436,6.318891553316065,6.155097421009051,6.616845709740312,6.203857639866897,7.333819801869867,7.269383355478391,7.615032681869391,8.00008897136047,7.903543819456454,7.71654894019843,7.93945859357095,7.824925751152087,7.443562145531713,7.713303430490438,7.830376948878909,7.822383097795146,8.05328628248705,8.248583980772429,7.170626879614813,7.690021070042417,6.230617906684249,7.742358418581191,7.736636179356318,7.544754014977074,7.946415337633256,8.06466965299881,7.570719618248682,8.431383129844312,7.956533724021258,7.5502467,7.566174546579633,7.972676093948804,7.31324317140461,7.1274575569421135,7.532760410806013,8.040899538696602,7.406502321952967,7.385527312534194,7.388992972945822,7.418300456081248,7.430188989144348
2022,5,2022_05_SF_CAR,CAR,10,K,00-0034173,6.748550875895559,6.689479,8.952802667442864,8.411177827781545,8.155037001021459,7.653588830591795,7.258598092977722,7.086276266871238,7.1193670513017455,6.995870084840829,7.1055720956264,6.992608855756651,7.032131117322959,6.914123334138858,6.602316819715477,6.70313110938714,6.809263572041471,6.85973232781192,6.981477968263013,6.610431263894876,7.673479144467865,6.779747352667162,7.111739214363008,6.394897629580191,6.586197704036628,7.392636701020755,6.870348834431918,6.890143552816422,6.973570349510654,6.920452649488351,7.241977443692654,7.038691,7.767821662141572,6.898209368120547,6.438629008920671,6.842143961123678,6.94107660404136,6.929984641828755,6.8077593571561135,6.771230390207574,6.746018620738045,6.769923030576003,6.791295185256448
2022,5,2022_05_SF_CAR,SF,7,K,00-0023252,7.969026241520934,7.856211,8.645767862932479,8.215910800542133,8.307662987962487,7.866260037954287,7.976892673176938,7.778611658344583,7.945311981019475,8.116905340893444,8.43332444633607,8.568704864540491,8.179106027173791,8.318842950283711,7.979143580443725,7.574951879183839,8.129409019964049,7.803682733912575,7.7254116743249375,7.373186028320348,7.952723488885759,6.769809989187655,8.16373879360017,8.281448311954545,8.454305356281436,8.616491436195886,8.209142473135856,8.101070530227263,8.524965927303697,8.534606065382436,8.59715798586191,8.477596,8.492172058845659,8.333025592765445,8.075443633115484,7.52750844661646,7.638998685303886,8.857449522046583,7.846260424352545,7.82192699171007,7.954549204761776,7.983805726745329,7.998585211969724
2022,5,2022_05_TEN_WAS,TEN,3,K,00-0029421,7.147043259274186,7.570885,8.828657474174648,10.305934012274363,8.573836718825412,9.80338619614806,8.11845048474594,8.936267771628202,7.986264968179757,8.42050966606213,7.453117152161899,7.656595279786392,7.430275056236822,7.5668364871375875,7.609073713062271,7.382397365035191,7.3654469781825185,7.7601306039379745,7.015067895615499,7.988862923612661,7.443436922488203,7.997679696571079,9.654962525292309,8.20681766140832,7.392969117128383,8.77819855409192,8.243660528512583,8.02596019411721,7.583341651036373,7.34562503973389,7.364044827180415,7.634982,7.411636570523532,7.954383433485932,7.794820283937735,6.979976910845775,7.528604140835605,6.318729978354976,7.042541200086599,7.068756054202656,7.171318768601952,7.162468919817156,7.1778945803601255
2022,5,2022_05_TEN_WAS,WAS,7,K,00-0035192,8.223341844874604,7.37643,10.67212586589954,10.263933005853074,9.646683286264988,9.11309443374257,8.135353490044931,7.888595187061987,7.689636849717741,7.408434224709112,7.854530669896938,7.278450548607207,7.578256645109654,7.1311052215202,7.377232032601245,7.299569527439285,7.520611419710609,7.67814117104688,7.996979749006636,7.7901116645974575,7.937025582501626,7.861991394266481,8.604991867999491,7.153760142816484,7.129781155837316,10.096371136701,8.225523073881673,7.573582862873861,7.479511154384941,7.526601510836425,7.382968884231793,7.6508207,7.844829881103103,7.287804662593951,8.30134547027966,8.041080799013763,8.66629398154892,8.249382430151545,8.053000236654213,8.142906545939837,8.270805755015573,8.243260693625547,8.263179542376491
2022,6,2022_06_ARI_SEA,ARI,3,K,00-0036469,8.628846857523767,8.185289,10.047784380177395,8.072295092009417,9.608750800658388,7.921169996428102,9.021672906436873,8.163869128719453,8.723260936403882,8.292716340031284,9.025067977243058,8.75880221788,9.034997722605546,8.693756173858326,8.981855206927335,8.848121894947527,9.016356477800056,8.647833146668264,8.939567904335881,8.397764846651143,9.237627202877947,8.659792089340415,7.339915277395813,8.68507101797927,8.60121999769255,10.083404920235411,9.33309560855556,8.83776005687691,9.005412955396954,9.142821231113158,8.877121462886507,9.032814,8.777927760877207,8.95285107355118,8.79615531901769,8.26020250316229,8.98234867267092,8.938421966432255,8.603271857662602,8.640722812545524,8.563961191350144,8.649792456720842,8.670738055917917
2022,6,2022_06_ARI_SEA,SEA,13,K,00-0031492,7.38732688164059,7.699151,7.011880115461768,8.18718709426862,6.89723443762056,7.82594707739069,7.258360338512023,7.864805660646507,7.636121808220594,8.00559422071467,7.874426814720368,8.287278248534397,7.915807016265714,8.10976809661726,8.056920605864581,8.322093804964537,8.425255681846721,8.72644033110946,8.097856032807984,8.593077011892168,8.01779165432844,9.594318736448642,7.405976191351945,8.454807022741374,7.826307888158368,7.343943697371014,7.383159955307461,7.727784026119109,7.824236409229233,8.201303522314014,7.891058264145139,8.201753,8.554307285917302,7.594467608057251,7.498434319453236,7.091308343390416,8.133991750055557,7.439370367214481,7.444890691369981,7.381572389252565,7.354355683699341,7.399465511149385,7.411604140658184
2022,6,2022_06_BAL_NYG,BAL,8,K,00-0029597,9.54443956150904,8.209223,11.90021818977588,10.637402800753888,11.082978684174744,10.397636310812764,9.49756878914078,9.388291731065095,8.891080325756795,8.833676672696605,8.593693004487276,9.220731001739724,8.80640220444889,9.135736625253726,8.97521131245275,9.355159392700852,8.876215976565828,8.88204996674392,8.63923608983184,9.056462972960457,8.165086156316276,9.136780061797928,9.377285640806411,9.325714842636426,9.09407396947981,11.308237049154217,9.7283149142298,8.853762507788455,8.72332723823896,8.531188087890445,8.915414390865614,8.614299,7.85632907829434,8.85910621120918,9.066682326023754,9.77724760899423,10.100664106248132,9.517347047397044,9.565341958396733,9.585069832579304,9.534420423090342,9.563314514618341,9.582189467727638
2022,6,2022_06_BAL_NYG,NYG,6,K,00-0026858,7.780724279997754,7.139718,8.0652147695761,7.32285269804276,7.582599458604273,6.967307997757129,7.61173300264308,7.449047626547333,7.799730454644965,7.84282229534957,7.529150544344734,7.885867979754262,7.519602285477671,7.799774928349232,7.815899822903375,8.30229249171097,7.893733853170241,8.046401010722727,7.458867453886328,7.432261295285756,8.976871282639454,8.330772791506904,6.486559418144406,7.810046632820427,7.435476765818354,7.232519353074479,7.59754418824521,7.789843972673916,7.640888431510858,7.6469370915566595,7.245908672327617,8.363009,8.011862702526779,7.594164332853473,8.008752556838495,7.692000197690803,8.87212292854038,7.070430705079234,7.784488116594916,7.8182521999420125,7.764012599355992,7.801627472608183,7.82253066521861
2022,6,2022_06_BUF_KC,BUF,6,K,00-0036162,8.24171117388493,8.45304,10.732447314924316,9.595724074330468,9.991445774797969,9.33326804506312,8.901678082409196,8.537001271744506,8.646894881156443,8.306547958726068,8.10721053393862,8.126775138890247,8.15820539998901,8.134037699326178,8.687068633553055,7.9752105348096896,8.507476852630383,8.05760254638197,8.843303456744078,7.999676270505124,8.735409373463511,7.756141021599956,9.065046555598595,8.261630151263395,8.057656440201415,9.6091392778623,8.739104359238718,8.56104936472738,8.60306469164024,8.370642315933216,8.05664108506588,8.337546,8.233985957486633,8.394996142695163,8.475644990946865,8.179587200685011,8.910693908434613,7.680567027417026,8.3439440834366,8.308794238142958,8.238355562230467,8.255931917910406,8.270152661935878
2022,6,2022_06_BUF_KC,KC,11,K,00-0033303,8.19280983190126,7.9669013,8.309957960587715,8.09716333496757,8.21628583710513,8.252684795179977,7.947467413966929,8.186599323464696,7.988969512671762,7.982127612158091,8.054770553190021,8.00829850031394,7.983464430351057,7.873289065542355,7.948892417215883,7.9249424768312,7.939155402879701,7.961416349115253,8.048707065005077,7.846973802916627,8.125529386919982,7.722381867794305,7.192956578622025,8.140619969021756,8.030175020762805,7.705337085798125,7.75207432674986,7.926514313255102,8.02474298576956,7.928927679647026,8.042513793736303,8.013076,7.592613238572967,7.907014794568373,8.260527159335476,8.257821351860127,7.927185280698912,8.094023076433372,8.217021187720002,8.185327935044969,8.132771459243862,8.209299381334612,8.225788930767964
2022,6,2022_06_CAR_LA,CAR,5,K,00-0034173,7.051439654029943,6.954669,8.10609296081563,7.578777933282413,7.913007214169506,7.69150657858586,7.7344557824795555,7.82581227645921,7.655814505752288,7.832852397252891,7.586111351350869,7.559878350670092,7.672175069845653,7.505088978478865,7.847056797133188,7.549081749832542,7.8629988010804,7.577130963124279,8.035956837678281,7.89288858781096,7.943966009678808,7.747617294032952,6.916782356849172,7.6482880236150015,7.285200786463053,7.878185400005245,7.695021535770609,7.623603052259262,7.827673949472566,8.18263197230243,7.859970150877113,7.805135,7.876140063978971,7.6116304699207715,7.139585255832478,6.646369033149131,7.003251698898408,7.75345647065353,6.98282463894553,6.96701636521562,7.040687508854837,7.072521934480427,7.093604214930913
2022,6,2022_06_CAR_LA,LA,6,K,00-0035269,9.479257901876531,8.899222,9.668796950461688,9.74175053498156,9.635968895207306,9.872010539289182,9.39885975133481,9.887928497699631,8.990263659443576,9.253645321668587,9.432003014704806,9.597695116218786,9.077994152095984,9.5188918655351,9.515748029069115,9.578416196081935,9.398938306938492,9.47042658484516,9.355374327297325,9.969774278379727,9.323564922187671,9.905138325735216,10.093022108974315,9.84835008733237,9.246665631524598,10.107174617630523,9.68661432839693,9.05274118169283,9.51565800391108,9.846135585342193,9.441987869452616,9.974992,10.089731364569182,9.22103136191994,9.311933690397403,9.767518442187505,9.452084452797504,9.1673098630128,9.301384200308272,9.322773662604487,9.47433886161805,9.497272633065114,9.515287364253693
2022,6,2022_06_CIN_NO,CIN,8,K,00-0036854,8.526631606029932,8.285566,8.316721214676967,7.143713076865224,8.476296481723573,7.270904442426611,8.675436731251825,8.138010254479155,8.612844945489245,8.481022497813685,8.653835226173253,8.447542263555645,8.467230840023936,8.600660777105848,8.512776750441438,8.493931775733522,8.552792740392958,8.813842716946558,9.002378933253773,9.144544251285971,8.524711128625277,9.000334752626587,6.515687263286624,8.933500822639735,8.720223555831819,8.14796031993918,8.700939081857095,8.659316479187495,8.456559808731116,8.647980564062813,8.550314387401485,8.681466,8.030799000880029,8.588900200582193,8.81358244378765,8.399079724805294,8.590441279115451,8.319404275299869,8.47012854851625,8.50721811994454,8.484295164137393,8.549742051702665,8.5728524973754
2022,6,2022_06_CIN_NO,NO,14,K,00-0032569,8.209789672347643,7.7022004,8.421672440980936,9.783269841550824,8.52678744660627,9.350332222456172,8.202165695069908,8.851462964476104,8.025306183657673,8.379288621814737,7.95972435852662,7.985218451065407,7.688924834938948,7.862063183666059,7.3236452747654015,8.014244494932921,7.614331712400728,8.091766205184621,7.771672431560904,7.745725634385865,7.672351136052765,8.6635328853438,9.218343872878275,7.904074197541125,7.97725293447381,9.15197416656476,8.487673376823693,8.110070645367816,7.368606033544539,7.5126720182047055,7.798692794852395,7.018405,7.478144110569409,8.242596058923496,7.948315386682158,8.444601937495019,8.449942956117663,8.012299928666101,8.218266224275451,8.269697750119619,8.193852630484345,8.226482691813466,8.243175711279289
2022,6,2022_06_DAL_PHI,DAL,5,K,00-0030332,7.047187171378608,6.808209,8.511541005881625,7.749376695117472,7.650884246136663,7.534224647679216,7.224384185897522,7.061103745999425,7.484478740374151,7.35133411501576,7.061517245448695,7.143436520429762,6.999341242628001,6.845639861170517,6.596758239169665,6.888332861710268,6.031004667469796,6.704430996482838,6.3666889210342354,6.086858539370822,6.891482078152764,6.499354070999879,6.225737824573303,6.258563841212748,6.42865689694153,7.412271403017208,7.028500620554964,7.431370720273453,7.140995449571815,7.03482892484604,6.948675511020562,6.8297167,6.782709280951146,7.147439639035839,6.814100548046686,7.07012697090283,7.634661474001628,7.057200356016538,7.134456907547594,7.163286364949079,6.9491344106506014,7.06468912402874,7.08219107667887
2022,6,2022_06_DAL_PHI,PHI,10,K,00-0033787,8.01661768230456,8.072168,8.164118029220099,6.859595383046385,8.169463062314284,7.462867154075005,7.991451477000165,7.684593246037912,7.963272381683664,7.867735004469095,8.225814892201049,8.255940648037077,8.175927221520716,8.279151864361241,8.087077118909718,7.917993918757134,7.8782063267840945,7.690759513695586,8.027484418371333,7.726268549965659,8.221313639268272,7.516287419374294,5.738595910577859,7.697943853415176,8.131757105078888,8.36812182211203,8.175354974483806,8.08405687173782,7.732980660921346,7.481233978222483,8.219962813091968,7.9967685,8.235383393777175,8.137699335017047,8.54232463724511,7.623575540051247,7.732060524665036,8.156420113220118,7.8150023344761825,7.8319105332042644,8.0237219119308,8.030126269102254,8.043634855899949
2022,6,2022_06_DEN_LAC,DEN,13,K,00-0029822,8.612903786678306,7.854399,8.742791661573131,7.177829583296051,8.69193615480371,7.701844444969614,8.258052519136433,8.03240123073952,8.085374340743824,7.972958610988264,7.857025202497992,7.864525607917405,7.944855392849902,7.900257449247561,7.845471642280511,7.827296963588113,7.90804929159967,8.040028628595655,7.697821460216137,7.448966698318981,8.054560843687966,7.650224124307464,7.498237081710891,7.962414772475379,8.236434348609281,8.62815226235712,8.273944147189237,8.127838859432654,8.067209969551397,8.398308570189773,7.945770176456093,7.942682,7.679974963146316,7.902713251315853,8.442306081164272,9.023065107056896,8.73152208674614,7.989168554158262,8.550728469277738,8.599810843490339,8.55226757334691,8.627889141493212,8.642874496308117
2022,6,2022_06_DEN_LAC,LAC,13,K,00-0030098,8.342216989548653,8.534993,9.88856102889381,10.249966532324796,9.31972838853219,9.659287921106383,8.710809764357082,9.016348677892328,8.478817836208405,8.811592549903795,7.898547008400687,9.0307084334732,7.974475900782274,8.63744749900822,8.089794318517601,8.745468117236287,7.932041279780218,8.78116466639803,7.776360996932099,8.451599313165227,8.213117094669002,8.849854355746817,9.675839837558907,9.302015406209332,8.59720118759178,9.265234709820138,8.754077736318022,8.528492118431222,8.3464218145499,8.57947115699566,8.145151012994585,8.377648,7.9142452860268175,8.76354366975334,8.762591199795832,8.3922726749936,8.102665563934593,7.731320016095015,8.197762988270348,8.209773928292039,8.28270668016096,8.352312516283304,8.362408043017954
2022,6,2022_06_JAX_IND,IND,9,K,00-0035358,8.464923436663327,7.4370103,10.566912470873811,12.23295917815292,9.621008576687982,10.744345422601462,8.610291793085658,9.42740790871754,8.28313565021258,8.558811966005685,8.076256116296562,8.290760866223856,7.824607177225488,8.235018993642798,8.251904157390937,8.600723132684728,8.22687955363084,9.308666439935408,8.359222280240303,9.51919699395394,8.40707150684932,8.939566563975102,10.62196688964252,9.084299713927956,8.298247709500012,9.530834223846314,8.529081305632646,8.105103833022858,8.228395825601028,8.81359133996855,7.928812540479837,8.65398,8.743239627433233,7.846553126008568,8.417399008088886,8.624857642947276,8.512146687196841,8.192730041690332,8.37569535282047,8.454668764177452,8.397121907195626,8.496107506402254,8.527291576141181
2022,6,2022_06_JAX_IND,JAX,3,K,00-0036816,7.832683675808037,7.2425547,9.533221068875932,8.162410117967466,9.243367713232011,8.054478727673736,8.523683390692469,8.127653848285608,8.140111345057568,8.138130277040661,7.300886650385984,7.699427205671541,7.492293107364955,7.640813228587949,7.5192558152372,8.077263777262065,7.784805091757184,8.227371114328806,7.628735453882702,8.539776022272271,7.626625274487114,8.03545754089421,8.017301744524115,8.426012392565928,7.676688777276703,8.369071315456369,8.244326608112946,7.9547668655017345,7.276241723680909,7.397347574079391,7.478174544735133,7.7859397,7.5581152514415395,7.937664859507318,7.870971443393216,7.8959948346751,8.678933181787487,7.225504953706424,7.807105790943296,7.842526901349468,7.818915823408585,7.858267364370905,7.88385105293377
2022,6,2022_06_MIN_MIA,MIA,5,K,00-0034794,7.44605862946677,7.31585,8.492437714325922,8.922746018992434,8.405573328040322,8.932612967756198,7.929444241150742,8.213657260626833,7.867348238633445,8.004530172669678,7.310690741533825,7.517982188094969,7.525061330800784,7.426269427152388,7.791373594903472,7.717491015425345,7.870096471418434,7.815265455923465,7.856241213869083,7.926778450785835,8.063778426898004,8.130096366673744,8.391228064936698,7.745853646745379,7.29678576441725,8.689470099762401,7.971860313321359,7.919300614236588,7.62493330285726,7.65790982013981,7.306933168507159,8.22414,8.27329270851141,7.856389899360296,7.836460679941939,7.294207666857286,7.970732081206516,6.901820753103109,7.414692677701994,7.404276693238089,7.488327765644882,7.460948102488707,7.475837575510644
2022,6,2022_06_MIN_MIA,MIN,4,K,00-0034450,8.438399003773883,7.8992157,9.796896693381512,9.877871331044084,9.719602179239844,9.77629886102597,8.989044106202261,8.962037520623198,8.710136779373162,8.551383483944031,8.197460684867576,7.987409497910384,8.281609147920197,8.11900852356275,8.745224533147896,8.266484339493692,8.70379395426783,8.416541011260186,8.070500511334142,8.513347320942676,8.590269325098552,8.12431081056052,9.166283630024235,8.160484128792762,8.016709836704925,9.725029379865129,8.898713415188523,8.549690855630763,8.558144648794087,8.579374838028048,8.09225922505063,8.552973,8.813171578027328,8.347430199805576,8.551881325330829,8.391694421040945,9.120886554263112,8.020340911659726,8.38230291617296,8.431169836009202,8.467952325604413,8.462177991342923,8.485956978911965
2022,6,2022_06_NE_CLE,CLE,12,K,00-0038097,8.152307717292372,7.716727,9.969745617647323,11.857247333880174,9.576244779313184,10.279529251018714,8.788135293543084,8.911111897490347,8.562989684513138,8.401049582422148,8.124595501255225,8.438283331034459,8.126754755981926,8.058409826630253,8.910493574436716,8.843767857204325,9.156538301779507,8.998472829396748,8.36124991552407,8.687175560240753,8.66809788703181,9.53421804851522,10.78120741865133,8.501799328932549,8.04013307610437,9.853400311230397,8.700528313100664,8.337791556438606,8.579361226109787,8.68798279486935,8.010960167746351,8.181171,8.300864047294965,7.99730262588429,8.167286237671762,7.942359312220039,8.410440282022645,8.420670464502818,8.148854385302462,8.2123332611742,8.211570208814743,8.179635744028984,8.206963770765594
2022,6,2022_06_NE_CLE,NE,8,K,00-0025565,7.748685646788412,7.2305884,8.229998299735566,6.587544072735733,7.83057475139541,6.382718979799892,7.7537251716421824,7.099676417481047,7.976946768504034,7.870199253112015,7.73353543372409,7.609159049633342,7.809271954185293,7.636226264303645,7.6809725700931155,7.553118785569574,7.77544053819639,7.475131173359753,7.778472561008185,7.6819447387894435,8.47898897198744,7.092809207835456,6.166336145867229,7.7054948160490015,7.62326667004189,7.91374974612413,7.77401015219074,8.026212561573946,7.809718898645115,8.147366815223421,7.868097089401131,8.0382595,7.737774978696914,7.935365881101857,7.847974377508213,7.595765187465864,7.773689646213088,7.893091469641468,7.749602799915865,7.760166761400106,7.680499152547267,7.7647645420070965,7.780843437225782
2022,6,2022_06_NYJ_GB,GB,4,K,00-0025580,8.688488077133147,8.303271,8.193546447910876,8.645477403025307,8.145113297321782,8.029240100426888,8.399021271967431,8.425615514978707,8.41882265111164,8.535376013327241,8.823259485496102,8.714711488786737,8.719753778940891,8.694910616991246,8.711623961710414,8.710099493089897,8.861146112623747,8.37169119709074,8.663132355749555,8.447061598015642,9.352548316510491,9.12732707109409,7.476936110927042,8.465370834775117,8.430680550756579,8.000585708409416,8.394684060410933,8.410405866991285,8.533323724233298,8.843936151298111,8.645468307828663,8.931462,8.884368354569977,8.375183137489412,9.02960311138656,8.359029780527155,8.897711092835108,8.73112061111403,8.494259143933341,8.514729840379697,8.660121383875001,8.702627509261475,8.716766941389803
2022,6,2022_06_NYJ_GB,NYJ,9,K,00-0029621,6.886011148935045,6.8448563,8.377487240690794,6.844154908802553,7.6546758650926945,6.482355796599959,7.164115297821279,6.594366924937193,7.30299537100152,7.139775314671109,6.650927456581441,6.685841957826319,6.558282272692847,6.768484943461401,6.7719455746282575,6.91664410463534,7.160386218111451,7.034888890785877,7.184357044941514,6.7368206556989785,7.126284899082899,6.778766445876344,6.118642181334845,7.027004185219353,6.386772979903702,7.582621526543526,7.092794298861,7.28514871503526,7.059462070819646,6.94581197881072,6.788289973359654,7.2018976,7.562645060578575,6.9856193871413055,7.185452939935866,6.518710652504973,7.034074681828759,7.097417688847099,6.85605271681059,6.863787294224542,6.80198381633668,6.900574269424086,6.915137389913127
2022,6,2022_06_SF_ATL,ATL,4,K,00-0033702,7.245885274936985,7.334173,8.10510553235403,5.538773292323889,7.843116998687102,6.152156121741269,7.4401977795178675,6.851622467403883,7.457282137992726,7.256869185691289,7.490340586438634,7.960525982708426,7.612409453723753,7.828269857842615,7.386673419595591,7.322501615193311,7.467605056143207,7.552994083884469,7.73907306161688,7.296744311512487,8.137698544145628,7.934578099790736,5.530841837164921,6.973155248540071,7.675100947711821,7.630558684874992,7.492503691738376,7.551561475148407,7.6239878885126275,8.007535554937764,7.732298807077183,7.844231,7.989562506748965,7.654796502632983,7.513842468730319,7.131450611738915,7.047142753163676,7.172190071529772,7.2526776050601915,7.201807704020307,7.256081242845336,7.262586987186415,7.279288699435846
2022,6,2022_06_SF_ATL,SF,2,K,00-0023252,8.045703562507777,8.014767,8.85574610034173,8.929468545785216,8.728103199832375,8.466240632129361,8.377371293375834,8.003275974469288,8.290484356243857,8.169085276618258,7.944320462689326,7.754052123359111,8.014901905653716,7.848315863420131,8.01993124423458,7.501410382988133,7.824876416586986,7.442490263713162,7.785872822532814,7.394249294315399,8.1970024719173,6.797746026388312,8.148881780464668,7.54283978466324,7.853663002600179,8.586102246617461,8.370999919399663,8.245589895165633,8.20333745460538,8.093601259775275,8.145621938004489,8.307398,8.340224717748534,8.401726739059438,8.316588038436288,7.866852221572805,7.8924588733062855,8.073701875085698,7.974910161533667,7.960673775763247,8.063860323620185,8.061098957509312,8.076494352510847
2022,6,2022_06_TB_PIT,PIT,10,K,00-0031136,7.233799611893874,6.7691307,8.222812019975244,7.979815862485995,8.047841840937297,7.791065561205652,7.494958664803055,7.404734281316071,7.463529340359625,7.429701271367542,6.931616096606155,7.076172919990086,7.001494138587195,7.310778699795087,7.2518443345492125,7.178333305560116,6.817028003268398,7.063819968529455,7.350083678475383,7.087229098346627,8.053344216668561,7.4270269402179805,7.509802645986814,6.736995860792323,6.6631519635268255,8.097718129039269,7.400029847522719,7.404236881777194,6.984525960217883,7.398091991610928,7.025627506086931,7.7172046,7.840925354612675,7.439305540221864,7.35433036939868,7.226824963342985,7.296066190781788,7.035819483294483,7.164211258806057,7.134044522861963,7.268605542687464,7.250807755144292,7.26781589839471
2022,6,2022_06_TB_PIT,TB,14,K,00-0026968,9.606117093050194,8.713684,12.223264144167704,13.136111273800154,11.852759021883076,12.649973396493094,10.569165371539809,11.146730440098406,9.772719094987712,9.820030764354572,9.610888579452425,9.482863229863826,9.273401816058035,9.433994765288476,9.313379133057245,8.950190828994618,9.451430445388276,9.006265314081732,9.76987382686428,8.523475088941149,9.325673447457648,8.834027169268465,11.73669517947424,9.28990883276539,9.261289708956456,12.272823760676992,10.79803318466455,9.651918634326549,9.185673717577888,9.61667496363271,9.347692702615406,10.045398,9.801847511243526,9.860998898508836,9.810784868317349,9.337503096696251,9.601915834059154,9.838444052352864,9.349696557380696,9.366278048922492,9.57730288261373,9.626266974418298,9.646416855786402
2022,6,2022_06_WAS_CHI,CHI,1,K,00-0031203,7.036732780790646,7.075211,9.743007009651286,10.140618863965374,9.091353523865768,9.420480712497232,8.240037736487988,8.627185770019056,8.060303804565846,8.346255066237976,7.308168960469366,7.956798206993126,7.457216707598849,7.971108922732768,7.642272188745427,8.07345998658171,7.672167984902035,8.287795036228406,7.985121212365794,8.064108551807417,7.272038752660063,8.449386443344109,8.501083105899031,8.64122262175673,7.973859879387416,8.883454827161389,8.301697781166373,8.103272023947481,7.825894949258645,7.327450313657403,7.277852895117816,7.860093,7.415293041639746,8.011932054015636,7.5335648177388865,6.680718609967694,7.341859562210842,6.8509496763040945,7.033284636068255,7.029725598492466,6.961795602686103,7.05603258729623,7.075332393801814
2022,6,2022_06_WAS_CHI,WAS,6,K,00-0035192,8.064081990405423,7.269666,10.8381635910037,9.227890465761996,9.671142580373814,8.178204569564043,8.054272857211497,7.259340929851048,7.60000963356504,7.355538927856422,7.350622572010296,6.843058124559809,7.181158424146717,6.857549525975583,6.620960992628074,7.028029057464956,6.747481994676281,6.745168316902149,7.43657028159085,6.354022619630887,6.1150713979766085,6.921535258827529,7.658970050024293,7.394176669762398,7.34099312857429,10.483208174782826,8.184650371110324,7.462721998748512,6.774168537288425,6.886646352579724,7.117772528810852,6.390513,6.157109942843307,7.162361103627099,8.303256862473875,7.844997162353969,8.507372999329077,7.92184383394383,7.856810643526705,7.943144080523976,8.11220195441284,8.085548203053445,8.107014415701467
2022,7,2022_07_ATL_CIN,ATL,6,K,00-0033702,7.316787764189549,7.1428967,8.013720786870328,6.09682549999512,7.688041015705916,6.582130692900134,7.388561775368132,7.148004707734846,7.468423655448122,7.63367394607671,7.2767487984336094,7.385116435796143,7.173061954620542,7.235790573543602,7.070256049069445,7.16419467711503,7.187343184486591,7.173856405453678,7.976559093372024,7.667838597315886,8.047691128423018,7.397109454224777,6.224310025897076,7.354159510319285,7.114337149321761,8.237399557795355,7.819660247194585,7.8034925565057955,7.4439471068309615,7.669404307078275,7.193889500180947,7.4253454,7.262493075264518,7.691280644927575,7.665790759454663,7.286088494322187,7.6613812263373005,6.68238507995272,7.314134934076325,7.326612514528099,7.2882787354945044,7.335166832051706,7.353545899913863
2022,7,2022_07_ATL_CIN,CIN,5,K,00-0036854,9.209846162937165,8.406857,9.640032586814842,9.429907218404496,9.48682302652392,9.26380578877019,9.08900255173213,9.102096168896086,8.861909521165584,8.806769033873834,9.240363693107575,8.918682832586482,8.899361048686181,8.839664903456821,8.846402658804683,9.200506693141792,9.086566187457192,9.1947928077409,9.39963600209064,9.148637279740134,8.954239955921462,8.895655954558984,7.697774485945909,8.988528395845535,8.525471040874864,8.842958862221549,8.861817473119922,8.667037743038014,8.6803938440352,8.671503463030067,8.912595494289391,8.999677,8.765474730837,8.540635180563307,9.200189973332819,9.275490389260426,9.637909989161333,8.879010081585081,9.208092413122513,9.235522288959952,9.15732096222501,9.234809441988407,9.25977272103965
2022,7,2022_07_CHI_NE,CHI,18,K,00-0031203,6.681682906449492,6.349182,8.878924684840158,9.729532166576458,8.33216493997885,8.851263420717737,7.60465785434293,7.785735929922444,7.428128543310103,7.440949518376751,6.884725805343928,6.939967509597447,7.007546013611408,6.988712735606941,7.169371823011233,7.3947250877130974,6.999214278051675,7.260971038589662,7.52185193272109,7.028553967809865,7.769010492402108,7.279198312894167,7.889588422633259,7.0987934180442585,6.711224572949301,8.324200752412652,7.733007686043553,7.4785529249642,7.121113599542396,7.225505560416637,6.935503607565302,7.4616356,7.551801879507312,7.286890240171844,7.223610410356443,6.242747055094764,6.567933752305976,6.803537930370282,6.597928309088754,6.65490650465871,6.649588824968147,6.701858285702933,6.722033664956373
2022,7,2022_07_CHI_NE,NE,2,K,00-0025565,8.293860251007462,8.196507,8.566216378103679,7.551667225496016,8.05256205150464,7.047908432493664,7.945290234836468,7.27204088609899,8.215549475027299,8.092364322925151,8.387619472018452,8.28308390720488,8.454460418076799,8.447391680942502,8.36136925400107,8.484662155293414,8.1812517916881,8.393086608102935,8.281991087318675,8.012225124381553,7.842017384783429,8.36776395435356,6.525670496682784,8.189601695964152,8.50714699136582,8.240548458600527,7.992968958457863,8.260908209363233,8.501830472711951,8.296562396709938,8.440664910731769,8.359483,7.727052529654717,8.517808517249785,8.597646781333395,8.022413208316888,7.9830579368172545,8.536475697994813,8.243737894300441,8.249873974256392,8.159542453015781,8.30501043009508,8.316160609182699
2022,7,2022_07_CLE_BAL,BAL,13,K,00-0029597,9.877257156175196,8.30645,12.16307583609051,11.028617791132278,11.338807125400418,10.42624951991422,9.780564400639562,9.391576216444957,9.170300130516363,8.908129700607523,9.18092592828646,8.944826915163524,8.88561788048955,8.787164952398713,9.15024295532634,8.883683373212836,9.4737161685902,8.94252082013432,9.317189608092033,9.107396069299956,9.57203177806512,9.194497467898051,10.272219638903016,8.949482962789185,8.78480134788879,11.292157706788323,9.790824242393333,8.98898904179011,8.969924049672967,9.112726990543004,9.077966714306456,9.286811,9.123394268654984,8.856900382831427,9.363745187227346,10.286517573035,10.572102769887591,9.48158146902117,9.907681141629874,9.959422225826842,9.885912557862271,9.896624514184795,9.915991872194393
2022,7,2022_07_CLE_BAL,CLE,9,K,00-0038097,7.586994702034245,7.04249,9.438874040011472,9.801289719919843,9.06062587518834,9.137221606408554,8.349717864713147,8.312954227382857,8.19821770891618,8.134794512456883,7.671074320986762,7.836226958395914,7.474144068674583,7.569715821310186,8.229218800052392,8.503938019528185,8.690664015426394,8.586032791022761,8.254015021014249,7.923128309324878,7.593291419397929,8.774568595790896,8.772317765424745,7.9251738124206,7.276139895735299,9.123987837235129,8.20528254134921,8.031697595315316,8.218074853056082,8.589615390314178,7.439353323866823,7.2684674,7.536242687482623,7.69959659645558,7.9552621142783435,7.193855746293852,8.189683007800861,7.519527342265574,7.514639627609652,7.553893722627855,7.603232630882323,7.614511103941137,7.642027505848029
2022,7,2022_07_DET_DAL,DAL,6,K,00-0030332,9.499553723406256,9.14304,10.479131994002344,9.365160223609854,9.98026491359049,9.828445461547483,9.428795684120336,9.646770384350049,9.173591349225928,9.096340956366973,9.476774723283253,9.232164762528177,9.21677533536428,9.047045718914712,9.255053985191244,8.570817276621389,9.566277471303644,8.634928913241795,9.50832502926216,8.698116033132223,9.296018323137467,8.82868315493479,9.444030979432409,8.8918666800362,9.065117486155058,10.226700993190097,9.459482693874389,9.093195392390935,9.579559437236478,10.37797749077832,9.347181194130128,9.744473,9.53459332766059,8.991900504883935,9.040090249185637,9.843549640377745,9.693020550147306,9.404023687423688,9.49733485314729,9.529855482654455,9.341378351445814,9.5205628300488,9.54157193669134
2022,7,2022_07_DET_DAL,DET,9,K,00-0034084,7.2824906186242995,7.7818522,7.858685844824593,7.961767397668392,7.835281882938677,8.08674146962623,7.782788285693986,7.951346921882068,7.782392457726853,8.01217200208083,8.09195820897979,7.90932350158358,7.964515877385074,7.964018550402968,7.375240898822214,7.430575185972567,7.831962223544266,7.42716859524021,7.487172204095563,7.940323034780793,7.877677509790296,7.155426333725213,7.567403874821099,7.39703957025782,8.006591764362199,7.715332038111693,7.769633162764879,7.81749068954537,7.49897190490601,7.583923129692491,7.833549301529493,7.840508,8.38608443587462,7.73219565756284,6.937662501036288,7.660814560385169,6.218850656933662,7.574904892329897,7.332645006351489,7.313342687770273,7.389206656182708,7.297173312117591,7.311856005610882
2022,7,2022_07_GB_WAS,GB,3,K,00-0025580,7.837672568070913,7.7621617,7.679072076233191,9.03967598308207,7.730362862712772,8.683060143784541,7.812375848865833,8.625944856221368,7.834169167726985,8.37229697323911,8.11854436168676,8.2248418132318,7.936863570114986,8.06827649973582,7.843648705473937,8.154328291320267,7.735902455848673,8.214461996128415,7.602090840195875,8.321169151660602,7.748505153232384,8.076969441390474,8.31006204379879,8.321014543899258,8.197067165049493,7.658198653261664,7.801632772252613,7.80877977440945,8.012000229525466,8.021370568399444,7.90551009591004,8.300571,8.30854894455081,7.923340054348356,8.026607538694606,7.487280652481436,8.21625144645292,8.065764504123326,7.737267053426323,7.720195493482762,7.831357468120136,7.849779226786336,7.861885885501759
2022,7,2022_07_GB_WAS,WAS,11,K,00-0035192,7.37284722237149,6.9843407,9.810090051856314,9.044146526278666,8.831330631363828,8.200059537290452,7.567423437403436,7.186926736509029,7.354618971534448,7.15211711431146,7.599780625644885,7.351228338804984,7.220214424813007,7.133903201183703,7.1585839274283005,6.442028510262632,7.19683213726468,6.40623141709154,7.265124183544293,6.433923614027012,7.874140320381563,6.114104596036225,7.482404305624291,7.488522426835015,7.119421077458347,9.491220101186428,7.695717502127274,7.292716552230791,7.001862473775638,7.559873872110343,7.212616857738173,7.207864,7.853494458045059,7.113944292455596,7.539346526828472,6.890105247185584,7.874300550558407,7.8378555519643704,7.304774339744497,7.3560992075034255,7.411651735074764,7.390376416762344,7.407905611153196
2022,7,2022_07_HOU_LV,HOU,10,K,00-0032726,7.240735622759548,7.547571,6.734435497987739,6.463236625048716,6.859294847350501,6.558575680372652,7.165386979255853,6.96185293830737,7.39691589335646,7.425497115207838,7.521905526261156,7.283357442175355,7.4393146217122545,7.38450906965246,6.6663470100752535,7.114336704613527,6.3604259667809,6.851874032125998,6.825883557325472,7.260856610943708,7.386843865310242,7.342343433848725,6.976580376264072,7.044767574119125,7.616460430228334,6.558313099684641,6.932414117735062,7.320565071009566,6.932111195098062,6.551876439589475,7.419602957360886,6.8453727,7.070806421515294,7.29694738884432,7.1688142836103665,6.982488993021869,7.146382773752255,7.91228731546232,7.216124977141353,7.141730456984613,7.185864041089262,7.255933020798949,7.271130418838348
2022,7,2022_07_HOU_LV,LV,10,K,00-0034161,8.93914874173009,8.908758,8.5673077206392,8.53502683051359,8.921489550375705,9.166087669783572,9.13446469681705,9.736518326333163,9.057410594090337,9.545031231902367,8.909388376378967,9.298235322172358,8.80114894102579,9.21777262057003,8.96260003926516,8.917003385952398,8.852182680610776,8.999002851820894,8.423905352841759,9.01483392887126,8.184220908628175,9.06495507344862,9.2519965367579,9.17403108813962,9.132128382967458,8.744074630855337,9.116913776874105,9.065074064443008,8.925173071298653,9.146041221386309,9.051279959829277,9.137975,8.636806635015681,9.235103776077889,8.928011413912696,8.984852723024247,8.784393181587305,8.941824550939252,8.935717882069753,8.908819601826972,8.871540074491495,8.957862045864621,8.976575349999152
2022,7,2022_07_IND_TEN,IND,6,K,00-0035358,8.18487021017194,7.2305884,10.223663199964127,10.975803966341893,9.4781549109732,9.827370718725986,8.565204162096734,8.850366994852243,8.295295959693636,8.295625594870799,7.976078529314146,7.93902280027356,7.797946057141305,8.040863836796152,8.17583244376539,8.341709592922506,8.341233718074774,8.433220661198117,8.295928269027243,9.023729975962937,8.725159798577486,8.986102470933432,9.68851058851339,8.20592460652924,8.093150715873273,9.714660254956367,8.807485477723153,8.356798100308952,8.207757673250892,8.542503618978548,7.904075499522654,8.804999,8.912581686561664,8.119287781844683,8.094505023286922,8.159000676247208,8.647229455270821,8.140977435799492,8.198188154018322,8.26551328891995,8.124599900486531,8.213048461470445,8.241226712768949
2022,7,2022_07_IND_TEN,TEN,14,K,00-0029421,7.270547840102089,7.716727,7.820875469073005,8.701009144731678,7.592664903773023,8.159335440707096,7.449078234377652,7.702940553466304,7.530062709387172,7.606541075950727,6.887809143815683,6.776481762962194,7.076349696833522,6.981347764542609,6.991987016523148,6.869528646163913,6.460237066558486,6.864460070576189,6.632731746209011,7.0977781288390505,6.707261664826159,7.482392280377136,6.992533264436647,7.4376541236729885,6.7357953315305,7.632121186322108,7.438012549781148,7.47565672445769,7.030977596403047,6.692847723404505,6.854965594431248,6.8790884,6.1547330404059455,7.483579618331348,7.812907488000562,6.979757583483334,7.197949421372841,7.07488809085651,7.136754555620164,7.136394634358957,7.309491352118259,7.285687730440009,7.3008276207779295
2022,7,2022_07_KC_SF,KC,6,K,00-0033303,8.353200207227607,7.972511,9.516578951243112,8.986387470583558,9.065798892937984,8.531264016449493,8.44676585403132,8.236669273867829,8.330160316027598,8.148657501183298,8.124635565293401,8.072746701886132,8.022192598591857,8.040890033915726,8.883824887800348,8.706333684148397,8.590060056234318,8.865584145222229,8.708432452024187,8.535452850115249,8.599364848551962,8.538497535609636,8.193091203093392,8.135631253241641,8.148543867293519,8.474001091941918,8.20301512519523,8.198418740004414,8.555361605269447,8.666491909143698,8.037841251116177,8.07759,8.273366902988549,8.22656261869832,8.214568825926246,8.502000263580765,8.469252305937925,8.205521117118172,8.359737605474349,8.339735771552942,8.299099055870446,8.369207037693439,8.385213868159266
2022,7,2022_07_KC_SF,SF,14,K,00-0023252,7.729998693352647,7.778055,8.682165364820595,8.077107127542922,8.422665066704,7.78092594304483,7.963802557913864,7.364834248717519,7.9108774329205245,7.50307515033604,7.623121626263533,7.540878716282927,7.763517466998751,7.492939125977791,7.807901398661863,7.151128848585786,7.820522105856249,7.096548240421753,7.628571131328213,6.965937964051433,7.785141934018263,6.868280619190062,7.406718697353453,6.909106634504786,7.449331129417871,7.988530470011528,7.768182397869478,7.752745376291666,7.691062803977781,7.753858305981685,7.594577642153427,7.894551,7.975669629718173,7.789719739696926,7.740837343865037,7.9634575629846465,7.626473118909472,7.298585765541652,7.714822306267583,7.68605364292089,7.770293320802787,7.745567790428857,7.761136887505066
2022,7,2022_07_NO_ARI,ARI,10,K,00-0035849,8.370955658766114,7.783664,9.510374657609916,8.133862305576699,9.428215202416148,8.52685837920648,9.079634528887375,8.853259949104388,8.848515429309508,8.718718965646413,8.482760560125731,8.564981807924902,8.448193184519939,8.391711137680186,8.685915352170449,8.605908274871398,8.947699743156175,8.330239404870845,9.46917196026885,9.191978870155342,8.364115412352918,9.359972611674412,8.243877901513684,8.300214062260718,8.450441206477256,10.076849975934117,9.485719581412884,8.98245277195029,8.426928523141251,8.728839391539719,8.41084238111352,8.839049,9.289729689413418,8.885722829915116,8.545015010592934,8.340318543259185,9.206404362597873,7.753416510123859,8.3155091692453,8.325100998492818,8.331602215078867,8.39499553453535,8.419035410304588
2022,7,2022_07_NO_ARI,NO,11,K,00-0032569,7.721007676248615,7.297526,8.305226137704667,10.31364607274242,8.346903618528184,9.79790929074498,8.02399033077569,9.069057169321871,7.984367453164755,8.536611475408728,7.426067803556621,8.250653326567877,7.4623438533993,7.888650962778221,7.677558816042307,9.007651438395818,7.711765270616902,8.753165750439598,7.644131548707317,8.664203971915633,8.227374665847936,8.774878206788545,9.030606104811609,8.39294683866286,7.870787909047408,8.490760197655181,8.043365947895987,7.947229579898634,7.621045377808065,7.928274727761895,7.443212838649646,7.6217537,8.060518084347231,8.003749101865893,7.638774817810413,7.655081573718263,8.354031919061295,7.659697047560282,7.811567686096121,7.826800396577067,7.679487297705607,7.734620012097292,7.748232347945968
2022,7,2022_07_NYG_JAX,JAX,3,K,00-0036816,8.160217304807064,7.8322783,9.89809548605878,9.062075255977218,9.326006202847957,9.075692226803437,8.481246376828402,8.599626317679261,8.195457468140303,8.266074088301831,8.089139366376944,8.503893168520893,7.988943981887115,8.086724713503799,8.07640410535368,8.537226226698598,8.312065310315655,8.833122012354199,8.056122711043379,8.58997271730428,8.487131120402191,9.644880350292537,8.676891619005323,8.687263519155579,8.22194281752335,9.275883171432715,8.610251422626307,8.220261547203123,8.062465635669737,8.309673413210097,8.285956845059275,8.683141,8.735733892149048,8.264637642057407,7.8536853858689,8.370195326396525,8.967334642356292,7.79650047126077,8.24084090406916,8.228281887889537,8.1808528107718,8.184839986958984,8.209462669110902
2022,7,2022_07_NYG_JAX,NYG,11,K,00-0026858,7.730882831604629,7.248912,8.251879459546009,9.56982477600582,7.723053059162618,8.492348737600375,7.573193405676136,8.150180322715538,7.670197273333571,8.014840983439807,7.504159392169989,8.105287685477524,7.48885777654814,7.773753279091957,7.820385555153937,8.326351380791408,7.715112671744782,8.437869133896749,7.499888666883335,7.955337789692765,8.51060197408537,8.664916361137829,8.782648641099229,8.237910277201152,7.772245624644435,7.201010113159112,7.473587503092482,7.634514645325996,7.62273497789265,7.671271631312768,7.302627596960309,8.4329815,7.594092767077285,7.360313230874992,7.729886570359566,7.838274723720441,8.94105330284325,6.912508203621284,7.788775793101585,7.833549021118088,7.696627293868547,7.751095810872057,7.771308790139486
2022,7,2022_07_NYJ_DEN,DEN,4,K,00-0029822,7.726371037759945,6.877577,8.469006419306684,6.328444418369752,7.995278664298738,6.29607068066159,7.463382645700603,6.6730233452691365,7.466057404410778,7.337870172951452,7.749383005513638,7.618129370202749,7.502103271429974,7.502736750954673,7.318694271115556,7.583550010543124,7.472026877970245,7.500900322695801,7.176185948299571,6.77000931471113,8.746530199796773,7.50473471066576,5.507275660480106,7.187860444542044,7.310772226755026,8.32968540127646,7.637271892255798,7.60546683545763,7.180774729535493,7.388292269345102,7.510553595261713,7.4388256,7.821612812637609,7.345133259556384,7.6335138069148165,7.659643317384227,8.058546452892378,7.833024617212852,7.678277215598105,7.756009928488035,7.651006666028548,7.740945250967782,7.755519464175617
2022,7,2022_07_NYJ_DEN,NYJ,12,K,00-0029621,6.945926273350775,7.2664876,8.458920985852178,6.829390164049442,7.69459078163681,6.70703394230021,7.2279088632392465,6.950387889406918,7.34731389950953,7.60566688239543,6.80407641611071,7.135336457840123,7.056711208193348,7.066916082798478,6.493909234088218,6.83536099892004,6.6043855858829845,6.983751669839725,6.579005268335297,6.4238188082144365,6.792505826423162,5.783027257485384,6.152388162674485,7.086243961681398,7.037927907007815,7.845977629509038,7.4444786611151965,7.579170955765118,6.422850651973976,6.340232412393503,7.160267814371652,6.640336,7.002858166723746,7.469869769813162,7.346487403693359,6.823665975793436,6.882620548431056,6.621258035411435,6.8664996986976385,6.858953193757304,6.862239462208731,6.9595467564607,6.973167239570625
2022,7,2022_07_PIT_MIA,MIA,12,K,00-0034794,9.118059593879645,8.303271,10.880363937179578,11.032752130751645,10.386484317469831,10.757016398330732,9.19056715760636,9.734217597816308,8.701853523700182,8.950999181951467,9.4362853529203,9.590351334517372,9.143367234304897,9.37635704880516,8.99223584875799,9.464518271567773,9.30774716562952,9.577129174442188,9.371826315063675,9.179659540737648,9.844482674975495,10.029783491111072,10.143213968561025,9.75035159029258,9.153126481393816,10.535461317132569,9.26096957635952,8.60146415375593,8.782152338799206,8.806908541147953,9.14409226015485,9.232221,10.132969792416546,8.691505560727258,9.21712714421842,8.812339980195038,9.23876286727518,9.520545859042922,8.938783340638542,8.948297564764667,9.18148927458191,9.136487810544537,9.15491602720943
2022,7,2022_07_PIT_MIA,PIT,5,K,00-0031136,7.263174234550735,6.8448563,8.290915010089893,7.493493616934341,8.141631848416578,7.5643987105793,7.737426700939675,7.524446638063464,7.719200097602217,7.778168503284403,7.26059231803564,7.188144984492053,7.186484042872186,7.480679092547547,7.394656477716873,7.326637574245445,7.407770010082062,7.268644102222669,7.728437835607304,7.512811877671672,8.721717004890161,7.640919057503548,7.132578974266807,7.010352700885523,7.1015395332414695,7.966858524030064,7.627390616155201,7.681452916805828,7.488808608213151,7.414889983064086,7.012199412950748,7.81133,8.272520367542835,7.606152137727106,7.717286965336218,6.6734568856662175,7.764403562733497,7.51082517205017,7.187057270954778,7.200864193096606,7.25528262695507,7.280087462498569,7.297000690446401
2022,7,2022_07_SEA_LAC,LAC,3,K,00-0032669,9.435151777821234,9.131073,9.34767000136718,8.800712153448403,9.436111293918945,9.156042121742562,9.507024639462635,9.34572816775801,9.283973044039149,8.971248669833326,9.239970338495205,9.386165525356285,9.2433099776174,9.09769575952321,9.717085612983436,9.910455139729825,9.347951701943918,10.105659051624489,9.37842415113289,9.26037538550537,10.015659491943046,9.806325401065802,8.58048544784427,8.822922888738985,9.082528210701284,9.085609710657163,9.201999589834667,9.044308569506248,9.925287536685468,9.657553390078204,9.287469666247013,9.442436,9.209741764799196,9.363679822306942,9.501413783076583,9.024263436072081,10.399600850972417,9.675310916860925,9.388616445247234,9.40954200419128,9.222034343271128,9.447359228862936,9.459566679904636
2022,7,2022_07_SEA_LAC,SEA,16,K,00-0031492,7.607610013296209,8.061569,6.153850768487123,5.510286318591546,6.470684196174626,6.177528424581286,7.31277289238649,7.394370275558318,7.711872052205119,7.880880334797114,8.02921556940467,8.202262525137284,8.233598419893301,8.037264851953223,7.89153956334844,7.92710922699296,7.845057242645015,8.129956878980634,7.898348798638865,8.007749900142372,7.466764503981837,7.916292126491782,5.977189173946261,8.063034954439713,8.014979195612666,6.983604096534688,7.630324589751726,8.028864937951644,7.862097142843473,8.070051339809842,8.117863546702896,7.7553773,7.588368738326589,7.951034066596463,7.671633423660725,7.3662430373608725,7.584555792952737,8.005835959791844,7.575140644428068,7.510051688798926,7.558011956043453,7.618247020860463,7.628884028424718
2022,7,2022_07_TB_CAR,CAR,3,K,00-0034173,6.345396580160254,5.975416,8.229733190840381,8.690331603533368,7.511308612180678,7.664600239583219,6.87025797821945,6.932026357963205,6.9012906351088485,6.950129527129944,7.388369608038454,7.179298120601657,7.113295362492956,7.044522196753234,7.210664225882311,7.253515458005221,7.417425628418528,7.633490287791357,7.612395863734734,7.49333187353944,8.355749119436078,8.159790000009476,7.272913775327395,7.451915719340591,6.249555217229736,7.271015414213487,6.707385646535639,6.860876843791148,7.149000661313771,7.099519666909762,7.240834985127133,7.657188,8.019917468805307,6.85687012838181,6.073451127528644,5.936050481833347,6.62092211437426,7.434244188654483,6.372888626746701,6.336417091601333,6.349655935856633,6.36630362585133,6.387210671542405
2022,7,2022_07_TB_CAR,TB,3,K,00-0026968,9.355902219046062,8.503336,11.443531220911725,10.535267843443702,11.144011047323373,10.838490004400544,10.17057901622683,10.470199902805046,9.57396940641818,9.76483717783764,9.64183595000564,9.903023611129276,9.422047571558863,9.504961473294344,9.558238561405611,9.014558062196173,9.967310063621294,9.240805929093844,9.854909758985428,9.12561944735539,9.462628606118288,8.571506016916757,10.01321507818328,9.475352604765003,9.461460541473237,11.468151086852949,10.370068723748377,9.537268790402482,9.505238678340632,9.619318400617091,9.586093230628167,10.10031,10.101150317215293,9.849832597698622,9.553022770849987,8.946100941524081,9.5486149006203,9.783467605597012,9.080447831418986,9.076746147933532,9.296116119241274,9.374776599151765,9.393650979257469
2022,8,2022_08_ARI_MIN,ARI,9,K,00-0023853,8.246024863545186,8.0065975,8.722199171369827,8.157593590460387,8.307178378689146,7.656647381401181,8.098279496208924,7.753239464429683,8.030989712210934,7.949053712832272,8.24350104136193,7.898646683840237,8.216186448759009,8.088251566002592,7.746343339670743,7.759338216711984,7.863306305255001,7.32307718113853,7.532062923781835,7.160744418371565,7.138216234208684,7.375337599622775,8.242356541849515,7.674459540234645,7.948100691842707,8.809071889177652,8.395320565936576,8.238003550893941,8.00980950606918,7.67971859070555,8.14822929556444,7.789626,7.597525155329635,7.927824512590222,7.811021191683954,8.817044384256604,7.972212717199387,7.893397403087103,8.29331794586514,8.331678757244608,8.213755363292254,8.26021938711288,8.274413910680575
2022,8,2022_08_ARI_MIN,ARI,0,K,00-0035849,8.106220311176394,8.0065975,7.932090299479265,7.039160338744703,8.264461140067647,7.519507129903452,8.510305449594346,8.110754675997082,8.446139321161061,8.258736371005343,8.128481537862342,7.946655141622267,8.414361188258408,8.199967515490256,8.070730253492354,7.871323932865893,7.9865928773196035,7.651622546904049,8.102453736346627,7.6944725384507855,7.353343339307599,8.11387762531567,8.132015154221131,7.721603058853853,8.139852784955126,8.548046561706414,8.758400959140271,8.59458324369942,8.026200151195537,8.130858867945534,8.395715262156974,8.114639,8.01611019591534,8.516569589843694,8.041750050195601,8.24714311111962,7.929278607496743,8.00955095460095,8.112975293272376,8.105072634163665,8.02516552149368,8.128305772603053,8.150391234029714
2022,8,2022_08_ARI_MIN,MIN,4,K,00-0034450,8.378339975987464,8.784419,7.606000944131153,8.476616734155456,7.838977540936789,8.571333991907604,8.017468387683829,8.579564932851923,8.115899274094753,8.306279633321727,8.30041770358309,8.173676969122628,8.193566115752729,8.210812411208222,7.627925170492646,8.089970917092336,7.526586573071862,8.12655279511473,7.511585691015209,8.132739987483452,7.112729293915059,7.673428640553181,8.516286885191645,7.938608447366037,8.358490073886419,7.751306132917418,7.973316357334083,8.124258074032781,7.551312430562088,7.705476922708257,8.100150211186348,7.0802007,6.958596952197195,8.094604140521128,8.520579031109534,8.271929820143937,8.020943481626258,8.556499952172015,8.261251326934257,8.235182258636808,8.435418676414436,8.398657738602527,8.418975501217588
2022,8,2022_08_BAL_TB,BAL,9,K,00-0029597,8.557198072263114,7.480015,11.122991389881047,11.97117210425846,10.270552777068245,11.010407052348471,8.784143938260707,9.335761659311537,8.366864779455385,8.520892610073004,8.173165965484316,8.549633231040703,8.055154478962804,8.267748305330564,7.998241315026463,8.409343062725759,7.95698650657211,8.640111449606712,7.959283863823002,8.662151774136527,8.17414328344751,8.814513202431774,10.981766794204091,8.879876929645926,8.369805062769828,10.11266881247564,8.620696122925397,8.121493382022242,8.139556744562158,7.71333286202421,8.000034927268887,8.064178,8.009864257399883,7.874213543801067,8.1147870603339,9.09861872017291,9.129114515266464,7.852015072835666,8.674923811965453,8.721120886303911,8.535611616197789,8.574160787193954,8.59112350212479
2022,8,2022_08_BAL_TB,TB,10,K,00-0026968,8.237211285770549,7.8689256,9.872249173570792,8.404423708084858,9.689011071713605,8.938255001496861,8.967730534457232,8.706375874165987,8.59483739414089,8.40351339754695,8.223877672692957,7.942471542136976,8.173246302288794,8.069361106014373,8.538679891041397,8.40518136300651,8.350011158393878,8.176451743828833,8.757122429968462,7.973300137762492,8.475104197355423,8.780766111633515,7.8996907057857,8.367705333939954,7.942331554732362,9.879078766275406,9.028197939338956,8.536003401422517,8.227837050276161,8.660586135662614,7.912190551784029,8.280925,8.784148810040172,8.570302924020401,8.60324353521185,7.939856377117971,8.263077368398088,8.269939687599981,8.025403708810902,7.986468738390149,8.223089012322056,8.253997433303578,8.270783580836607
2022,8,2022_08_CAR_ATL,ATL,14,K,00-0033702,8.043350734122829,8.331001,7.457459466149265,7.1087652734870765,7.5553175155429155,7.481226205485646,7.793251489419508,7.999399344913232,7.876478819652354,8.158449891205583,7.788683422595748,8.053498035101317,7.761197644889147,8.05225400748509,7.45006023660641,7.849763079318753,7.37707350591227,8.226160930082187,7.814841841277643,8.601341223819002,7.701659151896754,7.748780738648873,7.377749123411664,8.395270082661433,8.339972815483762,8.113632008460858,8.126137472828825,8.029564046148508,7.69396348172801,7.985409937591582,7.98741909492549,7.845228,7.7775546746680195,8.046043525355199,8.069657838673526,8.28856167027773,7.7974782552732,7.636404444411796,8.019464594550694,8.018379249274039,8.025209437146524,8.062069356652788,8.080787979182745
2022,8,2022_08_CAR_ATL,CAR,9,K,00-0034173,7.465049505918764,7.4559526,7.81726308942785,7.841894640859816,7.5075695292972195,7.417373233186949,7.50770782209294,7.494147026195275,7.555411543823147,7.578462184048236,7.799240846797698,7.431440902694706,7.5282220929386225,7.327707537765347,6.705831827068902,6.528292457717375,6.887586646973381,6.942909410555107,7.323425911475563,7.448042366918114,7.149283203385089,6.735292907056771,7.49481981472462,6.945944202782217,7.697993730950822,7.5735317157537185,7.455992406969436,7.470990542812839,6.727802119157287,7.041764153945268,7.664691559638409,6.838007,7.023774909879252,7.370527782140042,7.3454855129472545,7.157722795925504,7.2495176682730325,8.366814834185417,7.390216271531139,7.357938232872965,7.464867469851881,7.487183998685256,7.509318491451746
2022,8,2022_08_CHI_DAL,CHI,5,K,00-0031203,6.461974620813083,6.452767,8.95110424677816,9.62742238125956,8.301181986438301,8.711518413866237,7.495220751543783,7.622155925282673,7.451163986117335,7.547302938198656,6.56375798659369,6.885014731694196,6.948870238791365,7.181940225165086,6.668007222923804,6.684790102691368,6.559968081183108,6.543071432920346,6.962967956249365,6.835783359305427,7.595849611682359,6.353841669296262,7.198806153983125,6.245728255850073,6.7322902640208975,8.705143905767013,7.80925784760966,7.651193099739856,6.679615864947598,6.491917434077506,6.9102504855211055,7.0227895,7.065938128245423,7.545927069032434,6.950156500857502,6.461775289354824,6.196034835583611,5.863070356277711,6.462371124857296,6.493340315000238,6.410786192968635,6.480601319382403,6.499228017951723
2022,8,2022_08_CHI_DAL,DAL,7,K,00-0030332,8.935010928432627,8.494548,11.23175531852721,9.82069395757759,10.090108332252193,9.490024935451064,8.839845588286414,8.404417110613723,8.520187531459511,8.162530471319752,8.599175573575055,8.441505137938133,8.63990267997483,8.580816191853794,8.516929930781536,8.33551833191827,8.484971104693187,8.729957197198042,8.03397818952327,8.34489854825332,8.354253297095175,7.911884200736588,8.9827027498147,9.037240651401827,8.559109281597472,10.32078882298368,8.837929572423144,8.376002412084857,8.552708418954273,8.574707309239658,8.54513250954824,8.228644,8.34301207839526,8.11844597092462,8.653343852547984,9.341441110195856,9.069859713654147,8.477226786122372,8.892773550149709,8.958841082762287,8.816865935458985,8.955737271522931,8.976463614613236
2022,8,2022_08_CIN_CLE,CIN,1,K,00-0036854,7.855055310033933,7.8992157,7.05154385374802,5.589730839255071,7.306722384068191,6.283440516401325,7.6967795104761665,7.395077808257114,7.874451156564841,7.990048173515209,7.727181730225382,8.177093454588231,7.952105865778946,8.032123303817066,7.857522147167099,7.916386211559661,8.006617524862722,7.846591046062409,8.262211326600012,7.878021435590032,7.87441948175185,7.773660151739078,6.500371049262032,7.6828737953099875,7.947069255760648,6.700025090562631,7.498299369381304,7.919965643317125,7.848409095475191,7.949660146967757,7.949699202702601,7.58833,8.404957843757703,7.7103045709607105,8.197704760496816,7.783743252101312,8.163377975729317,7.329543917357156,7.915731909709446,7.919334547806585,7.926606223724908,7.875961286700496,7.89686726336706
2022,8,2022_08_CIN_CLE,CLE,8,K,00-0038097,7.589881985359835,7.31585,8.049912319520672,8.92982231454138,8.05856101803774,8.707572738624812,7.909463969673573,8.176812972564795,7.925489377503771,7.993788779886325,7.7994408827606625,7.9787125730961,7.712742030552455,7.73826561180527,7.601707556540537,7.887041462341885,7.568539764110187,8.148441509075496,7.385701508927286,7.963256552324235,8.20732496983801,8.339570395598745,8.772538294131643,8.148861667755478,7.75223379471253,8.34104174913539,7.934387298237389,7.949913745609817,7.579942658449484,7.756727671113182,7.647235751448467,7.603572,7.966630935751449,7.794840770573975,7.601420178702352,7.509558218984187,7.53331362920347,7.7615064061755294,7.599288254061146,7.591678672233786,7.612491680991964,7.614625401490099,7.6393688176203645
2022,8,2022_08_DEN_JAX,DEN,3,K,00-0029822,8.465991047321564,7.2425547,9.84710926642774,10.014373072002536,9.26484281097284,9.537033711382636,8.141214654007863,8.646333653874946,7.834257890128406,8.101350110469351,8.030996684094413,8.160036607766523,7.61216234293307,7.9902632519723165,7.654345856998509,7.87827803747482,7.79348407082871,7.9762051906577796,7.574923402496426,8.128027314943576,9.151630002904186,8.378439153201647,9.502367545627642,8.087923255155273,7.983159040525982,9.005497992560954,7.992651557851877,7.700768985183493,7.387029030800797,7.554128204220218,7.7737019672624,7.8278446,8.557615516425876,7.504563512854657,8.162842798745848,8.685253433264425,9.027380011664441,8.201494166127983,8.406439518585616,8.465951408210136,8.415829253798604,8.48246396027513,8.498936873228693
2022,8,2022_08_DEN_JAX,JAX,5,K,00-0036816,7.596925168853582,7.4370103,9.15526193586111,8.092174212920145,8.692279295746582,8.146336193690125,8.019670908771706,8.120603967929465,7.763404658511635,8.142329350926563,7.250015983352236,8.223559504849208,7.589078125018059,7.763936684451287,7.613140122279143,8.128707846763445,7.835977677711281,8.42269355010847,7.951470375716292,8.03878304987078,7.800190764599111,7.884850857666299,7.953891328419925,8.369723256062777,8.1146965715773,8.23237218260736,8.099836142258201,7.833588468881248,7.393858451857072,7.819807864066423,7.645114780193526,8.132187,8.198781399942506,7.842407638749585,7.587405698853013,7.393727990459236,8.289717958341056,7.6712023358993955,7.603405302724321,7.60784391281874,7.660111922726815,7.618934902179984,7.6409446355063855
2022,8,2022_08_GB_BUF,BUF,10,K,00-0036162,9.02095356710751,8.762299,11.542153112175242,10.3245657037001,10.67740222865316,9.920637605108316,9.477035594406512,9.154627000921623,9.04531620887168,8.795776184547044,8.584452788999998,8.475996702545679,8.644931322001087,8.564529334288132,8.956990919916429,8.810347619420455,8.94214659197395,8.560749679514625,8.830807227638244,8.457306788490829,8.963476546741262,8.352212221071728,9.857678414050572,8.666581689392403,8.262580017244561,10.743504103104758,9.624471114019656,9.045706007726295,8.961470771470006,9.02159269013441,8.641953891926697,9.192128,8.762958863295031,8.917166093149524,9.054027091438893,9.04501122958799,9.333183934669146,8.767112771868652,9.014090314571913,9.043798634138692,8.993624839358127,9.036718666220366,9.052483765333221
2022,8,2022_08_GB_BUF,GB,5,K,00-0025580,6.810644335016254,6.720517,6.704478245491198,8.091040996568085,6.640837478750309,7.642819409792368,6.742652462847314,7.403156992605024,6.919913026028586,7.171020936904032,5.968352347111719,6.413282420607193,6.198716480935088,6.5921208225899415,6.449770717771042,6.80564962311983,6.039540580029585,7.092076338691663,5.98218977322308,7.037507104237447,6.3833989720878215,7.266860842320544,7.489277717065738,6.183181827690555,6.139321130216487,6.4658174426015655,6.545079051022891,6.857967380799704,6.200096708921791,6.403182051127073,6.211655994237689,6.0522537,6.304634476854587,6.888022131935147,7.09491279497643,6.874717090760345,6.789814059701676,6.266511271245095,6.7380763973624775,6.727968242074103,6.80569858668573,6.822598594122772,6.834552853229289
2022,8,2022_08_LV_NO,LV,0,K,00-0034161,8.63716267222843,8.492737,9.17226720751206,8.995740933466724,9.300382214747836,9.245263532034086,9.045567845956532,8.981561441173932,8.903229310575625,8.897572648832826,8.914768869935347,9.106790080409716,8.748670753819532,8.82644876999958,8.40441012527051,8.480468521316723,8.201734997142461,8.772048880019161,8.424325780849049,8.46565773468633,8.069190095376426,7.939128766355086,9.621946913089047,9.392416814113853,8.91721421371049,9.19161849859438,9.057946235014349,8.928368774248135,8.637217181570804,8.648649328788002,8.867473935610938,8.601456,8.187772895904624,8.929004963011938,8.509290465560513,8.687975530027657,8.581563933326388,8.755144636082868,8.704567271999672,8.68140977516382,8.604785576287552,8.655864663951064,8.6745666556737
2022,8,2022_08_LV_NO,NO,6,K,00-0032569,8.62919118986481,8.298281,8.044560267807123,9.386080734333367,8.502150298823771,9.164211087116888,8.64905836235319,8.95402148756252,8.581930440499114,8.613748180204903,8.838613745995845,8.344646898028328,8.520724509879082,8.462339010411768,8.300341003469928,8.58505445339893,8.520022561810507,8.67241870393853,8.46287061031562,8.311197392083624,8.694342025003284,8.143086208557513,8.755665345442374,8.358841149242306,8.600643373738892,8.67447498936894,8.558571760418587,8.433224761457318,8.205047378961684,8.394282955479337,8.530717430582538,8.30458,8.328562029704127,8.526471559243667,8.379319077728294,8.972052821649793,8.807907496119347,8.228917941372353,8.705977860982115,8.722095346263838,8.591978334509298,8.643437552421114,8.657683914977417
2022,8,2022_08_MIA_DET,DET,10,K,00-0034084,8.232331557536604,8.289494,9.803771536264849,10.4769314905306,9.589717898800522,9.908419923359435,8.946100802983223,9.17997954676582,8.568523769098466,8.632756893956298,8.415193114059893,8.46398869036047,8.572962235899784,8.560958990556788,8.45195004260325,8.682792657794394,8.784544112468728,8.764770109722026,8.755849507001022,8.815025177577175,7.922660893176997,8.862081273788707,10.207938237996808,8.566768107559149,8.46222367081204,9.301074115581834,8.774156196834145,8.29247347722848,8.334504678425843,8.327376709690427,8.354594404390895,8.444093,8.691937492278457,8.199010616950067,7.755540570782417,8.831431753639913,7.401499599041907,8.164733624708617,8.239837959423431,8.220868845571651,8.327634152306887,8.250521635468749,8.268711713400894
2022,8,2022_08_MIA_DET,MIA,8,K,00-0034794,9.237464830923663,8.970087,9.820542659881031,9.130019069759204,9.67141993550906,9.169146159827482,9.19489345835144,9.19830069966724,8.880289257191551,8.923217879967122,9.000856567395655,9.260059471795362,8.998751978974015,9.031890951855162,8.534362114655938,8.748600817658966,8.991864830260809,8.969188954191559,9.09931376863894,9.08063911443655,9.519173455646651,9.442290571038283,9.640099295591378,8.911859253186076,9.312803631038369,9.712048720460103,9.206053402042944,8.801422854925088,8.825980670513975,9.314479893418072,9.275291207880494,9.334791,9.95929436868353,9.094938896566504,9.461844408159527,8.887383292923333,8.801784706349867,9.818898603357423,9.033307004140845,8.99016125856098,9.267202360685683,9.253927571329513,9.270390311735364
2022,8,2022_08_NE_NYJ,NE,21,K,00-0025565,7.456767638516391,7.564528,8.026544392878222,6.6299021668415765,7.555604147850034,6.130413558406697,7.366322291797092,6.566442489966794,7.55918484440595,7.470147581776139,7.6625428083498175,7.3140646535934275,7.648412170150039,7.717990709200188,7.0363235280065,7.464179496653242,7.022860737975396,7.501013971823557,6.889498339105563,7.1846595686835615,7.286801169957673,6.871060842159534,5.431340824878463,7.005079511153204,7.499265604963597,7.711694647707843,7.411120447358514,7.616763635120651,7.185144879292368,7.527124762769064,7.669847303764103,7.2686877,6.638619072703793,7.67611969811053,7.802471071685636,7.496252303513715,7.238180186684267,6.968536884683944,7.422452770263108,7.446644905092148,7.368794257229933,7.467811369363554,7.478855100210714
2022,8,2022_08_NE_NYJ,NYJ,5,K,00-0029621,6.79323992044394,6.981162,8.193168843281573,7.381408910317496,7.402942607838087,6.899887126535006,7.123709533355277,6.915466759548225,7.361641748870746,7.359166485332967,6.461426629364134,6.2629161778182985,6.678323881429869,6.590868817599462,6.896202004722926,6.2939843015032615,6.920347869342023,6.582445759654914,7.042176225441209,6.369135133570804,6.945416789171828,5.657328527330479,5.961311981036653,6.821463680106066,6.42274913559972,7.342036155718338,7.196116692514996,7.541584193384557,7.032079047962514,6.991882372606329,6.618840464698457,6.838429,6.818650106665562,7.378435466087343,7.617095133892742,6.424996381351603,6.65047381482382,6.36532723126547,6.636860274024651,6.627478647212437,6.713437158920667,6.807000269227209,6.82076061801048
2022,8,2022_08_NYG_SEA,NYG,8,K,00-0026858,7.777143536461937,7.282381,7.90807505179525,8.24608396600073,7.598482162510042,7.394212559067212,7.740020061518891,7.306701392081783,7.899415201215193,7.659704711922681,8.031644280744626,7.855969825586224,7.894680987023889,7.924831822923587,8.02776124642714,8.519669376357974,8.039263579354248,8.148575627748285,7.717300642308844,7.641916683975522,8.656623241254533,8.739408257612823,7.238081852038654,7.432313930360785,7.758700312278772,7.187379314380117,7.762964750317207,7.950972126909078,7.762620961895005,7.989513183073067,7.741336604271716,8.535806,8.166371662388604,7.678490766209787,7.986816786721584,7.448650329608659,8.942812417299002,7.536785634360486,7.806258953526739,7.856324277092231,7.747879148697597,7.794833487936732,7.812523439411528
2022,8,2022_08_NYG_SEA,SEA,11,K,00-0031492,8.058355538601552,7.865747,7.893282935354094,7.794962010212316,7.739578017791932,7.996796225673848,7.960022937965109,8.246012821741935,8.22222765607111,8.35644571360982,8.128085952292608,8.26053606389424,8.35586417291403,8.341772053773106,7.950665941470668,7.899326616537099,7.997303107467621,7.703680655397255,7.886798537299559,7.824026608669471,8.497952797528095,8.121905930296334,7.402601083470451,8.590849435839752,8.214276911888279,8.336346153606417,8.39172257459354,8.523218417761163,8.297885482552475,8.778580765461424,8.792702186060149,8.524835,8.755249957737865,8.510654943327054,7.83321282827769,7.992893466722738,8.50712730263751,8.302607865826987,8.073704472583339,8.027173048269184,7.97040071405719,8.070966555554945,8.083577572508338
2022,8,2022_08_PIT_PHI,PHI,5,K,00-0033787,8.715432190885554,8.543162,9.156306277331971,10.246980864232803,9.110960020975565,10.035492705638593,8.812570897047568,9.484049783116042,8.663941523450108,9.006148556358601,8.820756117136611,8.95921363017857,8.671171555937798,8.902749645389706,8.70174253550932,9.05087988984106,8.630638854724637,8.7406656176459,8.658941106398819,8.625200513015546,9.34377325085379,9.182028496023015,9.212884515140228,9.133401409504366,8.783967753724045,9.26696571678647,9.009729636076717,8.710736026773443,8.657996441667152,8.467192755148336,8.602158070379721,8.697204,8.459016095004493,8.670590364761791,9.215117748177438,8.327037818551695,8.97388515307247,8.613466118521995,8.539346297878106,8.576690309347685,8.672386893965736,8.730802588968194,8.74617298705083
2022,8,2022_08_PIT_PHI,PIT,7,K,00-0037645,7.006515283736949,6.404153,6.360576578465965,5.060302179506374,6.283519646363628,5.658130218025262,6.009596208967956,5.942911290091269,6.036895649196073,6.061328834998167,6.405881485179326,6.842866804473244,6.568869900917223,6.895153160235185,6.985327727167463,6.925577413076769,6.852227667900971,6.910911666539647,6.306245110859964,6.837210457877064,6.960632888961256,7.154040399383934,5.7120074478009935,6.079057174187124,6.419265601489419,5.970874404945818,5.71799222777514,5.86237851621578,7.057620917923856,7.003187206239309,6.88281687727679,6.6139493,6.487702184461926,5.701347202339477,7.2319703404381865,6.865754518414981,7.272293147826174,6.816965297284414,6.999418926334785,7.0465726870874565,6.957106650534355,7.0401925745523055,7.073869865367662
2022,8,2022_08_SF_LA,LA,2,K,00-0035269,8.143981490527118,7.863187,8.595998472057978,8.459964654527862,8.331804463990403,8.208585178747969,8.210526436865985,8.24926347174863,8.140983001793932,8.042851026738727,8.014512769876616,7.782426404957621,7.948730402560383,7.816756156654039,7.681998125420836,7.505886480840665,7.960149036556422,7.454690711501061,7.85082005475427,7.415854786876952,8.004543179045411,7.92352573209032,9.007557032517663,7.8503468858973,7.938910094598095,8.505309795576798,8.166548330821387,8.026221637260806,7.6010829106993905,8.036676969188479,7.953294746402327,7.929653,7.788523062191663,7.827373561158944,8.294885430850707,8.652071388828539,8.015713527392425,6.965579765006239,8.016422416117587,8.060492819709658,8.163016900971238,8.160475942510743,8.176970394494367
2022,8,2022_08_SF_LA,SF,7,K,00-0023252,7.882047855967099,8.057642,8.450023503678876,7.886481961760611,8.571888032144091,8.058573815427522,8.429105618768178,8.025281594578658,8.228981231656137,8.058857776179991,7.945638653182823,7.717258251359559,7.913735745929148,7.789305020027518,7.687946576010932,7.608758324371459,7.547391982855204,7.2078029747007,7.332168462651086,7.081286051331669,7.867030300460376,7.052061716560631,7.825034126050135,7.401830158655564,7.856792653840941,8.867187787249307,8.590038424454391,8.178040690490764,7.192165782449215,7.256258767122556,8.012198950698627,8.062945,7.861629859368515,8.261342886029782,8.139517246970989,8.05210434741175,7.166531184806307,7.513489122152354,7.71767529968906,7.739087185448478,7.897569509313364,7.898995479536665,7.9159431031062315
2022,8,2022_08_TEN_HOU,HOU,5,K,00-0032726,7.5087587574127985,7.662374,7.090805725486722,6.946820173587121,7.283911234368178,7.035970517838118,7.617486944936832,7.547609177415405,7.745608630450548,7.80201502583547,8.025290749274905,7.884049150629931,7.773741536376583,7.701037602241178,7.31727607795019,7.954328525550456,7.427296940756462,8.064514937890678,7.296975977480532,7.733451158803599,7.109520155340691,7.518252396141099,7.557869281568245,7.533251597261871,7.774889880328431,7.636227220648438,7.668707788198962,7.722674729396198,7.472806424192153,7.5768230458414525,7.842787860380768,7.5803127,7.359682159262426,7.623745847643653,7.5285175475131005,7.47837961867981,7.426138786174127,7.5811888353476595,7.4212940311639946,7.394129535769018,7.450295931568525,7.52438156399046,7.54000437056812
2022,8,2022_08_TEN_HOU,TEN,5,K,00-0029421,7.75169033254255,7.8568296,7.322943000037821,7.495558498698219,7.6107213790086625,7.618543083901828,8.061429779725982,7.959990497920282,8.123101095265026,8.116440709201541,7.940251561934315,7.194961818385007,7.702881767003202,7.252672996068063,7.275463982792182,7.306449842580938,7.351280582841008,7.546225049592928,7.3232905189463375,7.528561820224267,7.765522359853008,6.980339222096285,7.366239095679575,7.0389177708852,7.576852999513264,8.060239943519106,8.214331995527868,8.137424545316424,7.343206979336082,7.416406350572364,7.774613001615747,7.315229,7.203852063189333,8.155940425300951,8.259271125674438,7.554029147433452,7.529646954233469,7.496663202217456,7.540306899167848,7.558447253555242,7.755051835361206,7.765708803396518,7.779727274250485
2022,8,2022_08_WAS_IND,IND,11,K,00-0035358,8.49149394202356,8.151691,9.54700239263863,9.95160890739014,9.17635696903594,9.776802908943289,8.73066792995881,9.35321598646751,8.437598065701705,8.671824534980415,8.23616758259148,8.561843908613383,8.027963365088365,8.374476158989848,8.569629876083916,8.773970661359924,8.434939689063748,9.217948586072197,8.416746504774562,9.864130341694308,8.685792610218538,9.635136421717124,9.968535425344935,9.22029776032615,8.503760332147596,9.305443440485783,8.789828508863222,8.303118767617477,8.523610382849336,8.67875747232168,8.045668747938073,8.697318,8.289768519784703,8.142144545064685,8.40422758632645,8.967623870838654,8.455815971474072,7.687972603213778,8.460466152005395,8.514953592719916,8.452938902365506,8.520709517914458,8.549925093805358
2022,8,2022_08_WAS_IND,WAS,5,K,00-0035192,7.559929584183067,7.568325,8.97118370155691,9.170164483569332,8.380689770213351,8.306264514908776,7.702543466929741,7.771312994564226,7.624777725821068,7.764714425771922,7.876217366706598,7.613906586307014,7.69535053685297,7.582203056880068,7.176597755456851,6.943828672309035,7.475378334113573,7.584443857580097,7.893623978246147,7.468433215132633,8.184539282124812,8.041389877308722,7.561276527224459,7.283649841743322,7.708185385554159,8.887079973259645,7.823489820997636,7.606628214230359,7.2055184644413455,7.647823189305842,7.816274638906443,6.989599,7.317870020767394,7.570228375384304,7.586402095087495,7.484291597693672,7.347649707552378,7.7776367291205535,7.526722393520018,7.574254775386608,7.538170834922527,7.569565033555998,7.579200482928927
2022,9,2022_09_BAL_NO,BAL,10,K,00-0029597,8.866979868948244,8.325393,10.211365752073965,11.722640050411387,9.74025496605628,10.885017148734097,8.802093884481074,9.195650664408817,8.513829868498146,8.48722867703324,8.182713316013102,8.38097746960456,8.330233643465558,8.369414701257698,7.979682550362056,8.658439377503168,7.522849136401687,8.677285811370679,8.191545317217246,8.971224210298889,7.698445217891661,8.98719375769337,11.088028326549887,8.737795145297374,8.55445397062042,9.963732397325836,8.878723935002196,8.439017007352303,8.135683266328446,7.606321957622483,8.235239955092506,8.22572,7.84094063698677,8.269646495174356,8.52673700210242,9.800338433324313,8.951687183898798,7.4682733829895644,8.909045985044692,8.94929009358858,8.847678685532506,8.882980631178626,8.898981393409008
2022,9,2022_09_BAL_NO,NO,7,K,00-0032569,8.258679965214636,8.130937,7.707084213289376,8.05699195009102,8.243091942164723,8.455700539226827,8.490714188292008,8.488698128690494,8.420351112758217,8.358960634775872,8.4253850889624,8.542380201032659,8.298315231864919,8.273007187691796,7.93048816106357,8.12537429664892,8.069830370484807,7.835776682191078,7.845857725598769,7.912319912663939,7.921493274315594,7.796692872071497,7.469838172539374,8.191455614949389,8.323851574705644,8.407272167501247,8.541100616849144,8.408270893503566,7.971870151032833,8.092903442910535,8.363314127505996,8.0103655,7.817832768555331,8.497700193737021,7.986014102400526,8.61392440907645,8.2662428075662,7.953408450536393,8.364898919994895,8.402149541528496,8.221819410602269,8.27162224851085,8.284564531807062
2022,9,2022_09_BUF_NYJ,BUF,7,K,00-0036162,8.649752069341623,8.743975,9.808604779718744,8.8151784710677,9.302045548701926,8.532787477148952,8.586858293475283,8.15184557288333,8.287483104701245,8.212990963098868,8.471671541131608,8.545241779636063,8.5418235326461,8.645235273896619,8.188190610527775,8.6751025906319,8.290206988315235,8.430513015952144,8.46958253993985,8.478922154085431,8.431716151310981,8.643260076886584,7.936033897352794,8.137887498280858,8.321801973278406,9.6747483005245,8.875856294386745,8.4670882116064,8.481983626164812,8.895371076507974,8.710747414851882,8.4724655,8.390197040878805,8.553141540709207,8.438123718852479,9.138790482707824,8.002373745051873,8.312806930487813,8.715575474567194,8.709415666241533,8.589718360231425,8.664717216307784,8.679682363273946
2022,9,2022_09_BUF_NYJ,NYJ,10,K,00-0029621,6.425781002850256,6.6049657,5.9816879847379525,5.334906943396611,5.553981813376145,5.380193660898586,5.818080480621831,5.889379235847239,6.341906536114919,6.421001172353993,6.124625889591876,6.429165770299133,6.4121848240825,6.46473896854132,6.132984064628252,5.80546957332729,5.961212316271061,6.168513373834639,6.455639489649093,5.83578071714888,6.3728218264749446,6.212811467565233,5.6282655243711215,6.191559758848664,6.249753815120405,5.332938961516864,5.663588546506691,6.45190812408876,6.381343010202757,6.256742182114991,6.409757451686831,6.045735,6.220733733776935,6.4855839306984775,6.604008427025638,6.612980401143614,5.2783217969421905,6.3577706729545005,6.384711752862964,6.329685590926282,6.34915261294811,6.4380498505162125,6.450318698182168
2022,9,2022_09_CAR_CIN,CAR,3,K,00-0034173,6.405969282662424,6.7930636,6.600551992911655,5.346642330294115,6.406040334407743,5.692918548143325,6.553492540876548,6.365885260726049,6.856115539740049,6.996899631494832,6.578977773855153,6.27764541750519,6.586404975086558,6.533064694459686,6.301048740783939,6.557721811199174,5.865400972938127,6.374715847188087,6.584001517746569,6.610118382470355,6.3667113976865,6.205964593673636,5.975676761542236,6.54708270248768,6.3669909625894725,6.571412425622807,6.664822079229936,7.07970221273192,6.586596547898376,6.483395766329052,6.559558245350137,6.496497,6.391930267080487,7.085084863435073,6.921367936152148,6.083709547095712,6.534480755414857,6.213135037185044,6.368071179817518,6.316848785920299,6.446036424813274,6.424157251095434,6.442345219528446
2022,9,2022_09_CAR_CIN,CIN,6,K,00-0036854,8.523665306759913,8.154251,7.496616305399124,7.747065245073406,7.807303071363213,8.024331409214648,8.042057414335027,8.321703204889973,8.033048271263493,8.284913968023687,8.561738123012656,8.61516823253031,8.381540983606142,8.590098836478301,8.282134054664299,8.170139713902891,8.373303896165934,8.055941898500642,8.262925148432576,7.939811344166591,8.324140342311122,8.305685600033703,7.471923600031291,8.210815113718596,8.34044496206375,7.613579900167127,8.040631970525485,8.063454739362927,8.318471692548888,8.51890857489916,8.59668681127103,8.485663,8.227763866159307,7.977720650036718,8.598638163168117,8.615998153625792,8.559431888451066,8.208657037570276,8.491195940428204,8.504763541548687,8.62743958280614,8.547027586882315,8.570389867004717
2022,9,2022_09_GB_DET,DET,1,K,00-0034084,8.195766236436144,8.073536,9.627351174323913,8.9457335174283,9.445919433257972,9.114325773415295,8.978905561693862,9.082260002956527,8.675832111289422,8.704378441625757,8.469084290308343,8.405995154823772,8.585691211469056,8.616101449327104,8.430183487207302,8.332925337660475,8.564226849762697,8.939828943472016,8.82685130149595,8.63529411929556,8.336226337863417,8.879940270953837,10.005244509390604,9.175764652321256,8.67709335724853,9.192854706989271,8.887854086271812,8.534278084491842,8.28954518645967,8.429032293148882,8.380222281187194,8.432976,9.195385909136364,8.439944533708577,7.890440116394423,8.59245314473382,7.503962757496804,8.206283339373048,8.207384774027917,8.21025934821949,8.26477955192946,8.21360884370107,8.231451450965992
2022,9,2022_09_GB_DET,GB,3,K,00-0025580,8.711774554253848,8.8513565,7.439534043803033,8.634478147944252,7.839401201362638,8.283001995753475,8.366685479003499,8.549615831189145,8.372912373057789,8.43766078221549,8.820748729176902,8.74699548867316,8.691047264276598,8.549420222411612,8.579632762670432,8.56932258645436,8.95735712346018,8.226591916941675,8.974890336829741,8.346653857039552,8.721909353099372,8.716434410348516,8.994184368328414,8.100789875841931,8.650931835256946,7.695289736106266,8.231881921589604,8.245556490766164,8.629252158857136,8.537149543340872,8.76051135881037,8.721308,9.294532461299744,8.47851589463789,8.859624400256546,8.57048239090334,8.594128626947226,8.831407075604133,8.598220332550783,8.55113764058899,8.706447626429277,8.724994437724733,8.738214321195617
2022,9,2022_09_IND_NE,IND,4,K,00-0035358,7.538445016365755,6.7867064,7.74817193250577,7.943607918732387,7.492578034859408,7.719264418453551,7.445460281536,7.649868506481546,7.4581567061784355,7.642854458609926,7.536467687325344,7.400409897187493,7.446997463807668,7.370834692508729,7.335690621173525,7.203992358708813,7.485837341281396,7.080121947520616,7.931115476108505,7.391723902796855,7.883606173010111,6.908305786918128,8.553845140823324,7.607766846025298,7.5633551657014735,7.53007874377368,7.616253096516385,7.646469381618345,7.254040612107113,7.982695757804257,7.277338514976527,7.383182,7.928386581736727,7.517458961143404,7.608843735588691,7.499539821509329,7.169896055058186,7.69493180789799,7.538321822875817,7.612521569130641,7.560952081512606,7.562400891645834,7.586356766925912
2022,9,2022_09_IND_NE,NE,17,K,00-0025565,7.945699886529208,7.758983,6.947997872411855,6.272771578249512,6.891762402641826,6.396586920048472,7.367113784056299,7.30906816702889,7.78667618656729,7.91904041261613,8.206770830146644,8.114264049970982,8.367806945042787,8.28337758145079,8.07526304565411,7.696191228530516,7.558114657126226,7.948440711699284,8.327348044208684,8.077440986471457,8.201177875033048,7.763662571402958,5.75759361871653,7.968746555973951,8.31239937551783,6.921310583630558,7.327853827380799,7.811259564894276,7.977445045770461,7.973271376094591,8.129653346311166,7.8328633,7.537489231548282,8.003594196957566,8.269574412425015,7.939739499347628,7.404957404578074,7.742180113024224,7.884325854181269,7.876673286406718,7.821851519965937,7.9588705364006485,7.97204118627209
2022,9,2022_09_LAC_ATL,ATL,5,K,00-0033702,7.798492443896663,7.6656823,7.999631506190648,6.98375426762676,7.814474645639584,7.509551383092448,7.707115162135868,7.959142970437095,7.876880070029507,8.110163400873995,7.5421513513881715,7.940891576151182,7.448178738734838,7.794045025348276,7.970773466528609,7.912008064569322,8.196040224403914,8.482933172969334,8.135500254499156,8.437816409753149,8.817950403398818,8.332486522033598,6.98548295321303,7.821239544699591,7.554048737795511,8.446387759770099,8.024263151741136,8.108926496336766,7.975149486667989,7.970651268124798,7.513286742612053,8.415012,8.54146017446178,7.950737279181785,8.325549318055819,7.319213530187083,7.981110232065184,7.8751560659928295,7.74028814026228,7.749864522533366,7.7517524016791235,7.816188050670206,7.833883657443751
2022,9,2022_09_LAC_ATL,LAC,8,K,00-0037224,9.148393294691486,8.151821,10.389554651018212,9.813480047656174,10.046787634259378,10.00969995014516,9.52933329668696,9.687049419232668,9.15484317756964,9.10467574811921,8.853635644929822,8.66037960511447,9.050768149705467,8.51067605320319,8.892641668069771,8.33182627398135,8.81590237249283,8.560169332324412,9.198724118795791,8.757400037823617,9.527836272900242,8.606609456846543,9.636087513741618,8.106628039676956,8.117055260063301,9.653074486800424,9.267489930439408,8.894335921107942,8.880462468087583,8.753329238728154,8.711031143078483,9.163941,9.077336257229469,8.57151723529832,9.33498004893767,8.933573399973751,9.950060494468127,8.89731935286936,9.041528435662272,9.11744292409357,9.10373583648679,9.189647440281092,9.230901585870695
2022,9,2022_09_LA_TB,LA,7,K,00-0035269,7.336529539134661,7.1819744,7.681872566421418,9.280092100683206,7.292950490912624,8.549953617430372,7.226663769654625,7.934332751750656,7.255357919067931,7.655128549339009,7.61113035973105,7.485690290423933,7.257361290586009,7.295038439736701,7.173680237068143,7.306735343072602,7.176365704098469,7.572891150378124,7.5019121766477905,7.68238369753586,7.325271974779225,7.731194858983857,9.582639651876445,8.41532764958181,7.368465570394308,7.405828490086215,7.180899604871506,7.227931416750607,7.0042898426682205,7.515989292323897,7.303434400328872,6.992501,7.338930153193952,7.20805198477979,7.488316844088605,7.40361974207493,7.093309852375037,7.0962780192030195,7.225951093509871,7.2435357611762194,7.398007802974291,7.350582103142181,7.3646346671497005
2022,9,2022_09_LA_TB,TB,12,K,00-0026968,7.986933941759044,7.765341,8.457056635633405,7.638752118758296,8.639654838117476,8.738651247976032,8.487671699326972,8.932294758051448,8.289974000810117,8.512086989460741,8.301349238095773,8.326308194575637,8.14546668389792,8.172253671246093,8.330116827378989,8.273760148756432,8.403153277900875,8.482961296198837,8.338302406106616,8.511700296907675,8.164794070548508,8.57375698656889,8.54427224947759,9.699321258413846,8.268487534856956,9.23876479630626,8.683590934991726,8.290502951700766,8.194284327072497,8.786579634880862,8.048333336604147,8.015773,8.246688934043998,8.51009137944454,8.596461239410717,7.473567357816442,7.490625305525663,8.347530481283423,7.716301495651869,7.66509107073194,8.000916715279907,8.000452506009893,8.013971070260743
2022,9,2022_09_LV_JAX,JAX,11,K,00-0036816,7.705576267723172,7.5318074,7.708752037202746,7.451258837507859,7.393248206426392,7.296817644738236,7.309295610440926,7.370659962191085,7.3426743249421635,7.50719852203474,7.577234022049075,7.726334266055033,7.488408955121771,7.54814241683868,7.647393351058985,7.612571640355154,7.471199638671737,7.618731983823504,7.781941520449314,7.492695037642109,7.692414031247611,8.011583130038796,7.812492692633004,8.053799448119982,7.607583531298692,6.9515549407798805,7.134255390245665,7.278940754743018,7.546015599694965,7.189523505781117,7.37785141553113,7.538206,7.717078900170426,7.233160184228214,7.579592148373592,7.880263078711954,8.17513933961856,7.310397288822284,7.7759375389723475,7.7490379218799506,7.7462541839596515,7.726546700878219,7.7475171340332665
2022,9,2022_09_LV_JAX,LV,8,K,00-0034161,8.46269586270292,8.017946,8.089722727092965,8.937720168301768,8.294898857077346,9.181296889703034,8.084209510078058,8.79191972949025,7.907526360910464,8.291033102539178,8.42347176578441,8.671623734995602,8.313734923578163,8.371241332314844,8.109101723571781,8.59974758389295,8.138584297879532,8.726562125324609,8.140171115536218,8.44042171614116,7.946719165312982,8.32488463353187,10.107258060012438,8.322907458153486,8.56160440146401,8.118648473072069,7.891568323202653,7.762507240092351,7.963678205411913,7.668267134101562,8.147124979263559,7.604418,7.158595453372658,7.714816443041453,8.203287880078879,8.8456094849094,8.158099698621147,8.238278674266914,8.484832726491739,8.473215146731695,8.541232888925354,8.481984518074626,8.501273173446329
2022,9,2022_09_MIA_CHI,CHI,6,K,00-0031203,7.30192226779815,7.2855597,7.265085471569982,8.58633257707842,7.159054573162542,7.936462841220709,7.114827317172939,7.490184337493717,7.309547703501029,7.545878562202433,7.277809321375245,7.400772392645874,7.512749714094519,7.768891717890906,7.435691073427067,7.571896818794815,7.505252965304635,7.312094916615384,7.471111777655068,7.503413729874765,8.019306993959965,7.714456113934672,6.830365060419791,7.57876108118439,7.707987214538871,6.603724057520203,7.06738801222009,7.383688360837359,7.625200216676043,7.32423170584376,7.380959343603722,7.458961,7.188389132023179,7.268587840377478,7.392473957250748,7.266582187440807,6.971900748362378,7.401785654051829,7.4132181695583315,7.4062374814890815,7.235560958616366,7.319545362951265,7.337168458104378
2022,9,2022_09_MIA_CHI,MIA,5,K,00-0034794,8.717152856595906,8.063381,9.051596633162688,8.454963961835409,8.895298398400904,8.492751562741866,8.386244518665785,8.163643871135202,8.171331447478693,8.124789408355209,8.29780136162939,8.185040359121512,8.221731729829946,8.252860281443702,8.131777036925497,8.397888050198208,8.01477889027585,8.328032608343337,7.953872833295509,8.36065503883947,8.048561642521806,7.792266401383525,9.01296332140666,9.233680220702398,8.46331428633897,9.311932477935446,8.363756132533933,8.016650186456156,7.882810696668759,7.826678622085314,8.05313630287178,7.7495027,7.364010973001854,7.926904431867422,8.85347526800513,8.861448330418323,8.214580235247668,8.47536460251135,8.607257131206808,8.614939524683718,8.759417581237548,8.734745874336676,8.752338892077443
2022,9,2022_09_MIN_WAS,MIN,8,K,00-0034450,7.40565125780565,7.7988095,6.429539873369547,6.635971446921976,6.773125487239196,7.339854159128453,6.941497140364735,7.374246786828177,7.166117286131203,7.431501912746324,7.348153767791651,7.298749271368547,7.387311608915597,7.340248806250412,6.922882880380393,7.47605790716847,6.6185885368611626,7.478218159035642,7.178483239052785,7.248754575300492,6.700431278455643,7.521242227938117,8.03703033256665,7.622705924743418,7.441532605335222,6.553835998378928,6.6915280680233575,7.1210790008713545,7.055413964225483,6.985442601618181,7.340430660728709,6.170025,6.562895264014793,7.132648708097112,7.288983389267662,7.231240824538684,7.122622943496127,8.070988084301323,7.453265008111725,7.427040394700177,7.523088556145518,7.423581824354481,7.441512390903314
2022,9,2022_09_MIN_WAS,WAS,6,K,00-0035192,7.383461556268735,7.215443,8.233361728714097,9.130055835090747,7.516165839443885,7.959555044413868,6.926233208590224,6.963601920424067,7.026556183137096,7.071331116357928,7.225101672916536,7.037326649084965,7.0934147999894535,6.829046344917094,6.862444062226527,6.291910175153862,6.7030328620521225,6.05088456101573,7.118436622339929,5.998518350712023,6.52996649474297,6.608719004646081,8.005107429808678,6.769309281382643,6.867804196556596,8.157581907531206,7.094710492898069,7.143447017328063,6.931148395727912,6.862659132360651,7.0784314875406045,6.501007,6.394053185153945,7.084852219876845,7.280045226082908,7.528475770425656,6.966794091982697,7.456891355376651,7.4080280344909255,7.455278467233704,7.383687439462815,7.392750427531767,7.402039298794799
2022,9,2022_09_PHI_HOU,HOU,5,K,00-0032726,6.77281899420609,6.8335085,5.355606193116988,5.072706124840416,5.582323347864693,5.256017334031393,6.183388112292803,6.004844676661417,6.599315708837821,6.663065558143376,7.096547281494384,7.083019653527731,7.320096968013629,7.140475671893221,6.418865403837426,6.657714022314075,6.403397701815245,6.756013847657414,6.524402822333452,6.509261957398497,7.316442262478052,7.079679113391458,5.225096607790677,6.467005409713057,7.225072901256983,5.877760398847299,6.232581917039051,6.690748773579355,6.612911756017462,6.559163448927122,7.373633305167641,6.5943947,6.879807885838438,6.697898875568702,6.588238608596027,6.371922150448498,5.888917525931428,8.293433994273698,6.678686699986529,6.614985602102916,6.739643540802757,6.787108869686027,6.801398745165966
2022,9,2022_09_PHI_HOU,PHI,3,K,00-0033787,8.913026339575637,9.555883,8.553654413867823,8.304598759546268,8.82267324365816,8.72295404941969,8.869288145018084,8.916115424246474,8.715482271723163,8.720956081835109,8.561522564805067,8.429714748162771,8.656257255717827,8.574461856063184,8.264652621809475,8.600993209586843,8.340004191378997,8.773174775923433,8.361182578527847,8.78088742256049,8.470100001300622,8.920038994454801,8.871397549469318,8.843130105999252,8.55011977852758,9.02570736010455,8.899351130682938,8.635476469119762,8.250795898869027,8.24897235809704,8.604158270379358,8.081343,8.560863321818484,8.824314002724464,9.412064748339706,8.619640789089306,8.302051561884412,9.056727216247813,8.748105287153765,8.741797748260527,8.897149530023155,8.927096475627247,8.941166611678856
2022,9,2022_09_SEA_ARI,ARI,3,K,00-0023853,8.425839361378825,8.054593,10.309010355937584,8.882873684682114,9.338816813105742,7.95453002157118,8.377617533913199,7.331657361780146,8.18030465791716,7.591997224349704,8.288533695763542,8.115453808074403,8.120996683556784,7.996331297514466,8.235297202270239,8.254673095531006,8.13829157380732,7.903461675652873,8.019698844609788,7.61721180781988,8.527838468759326,8.12268343804114,7.291236665970393,7.600817172421584,8.04157184016369,9.510613750560006,8.537190218911661,8.224974652437398,8.095831206143016,7.913976393463932,8.125926988711024,8.335326,8.591554452575101,7.853149219194064,8.04149685936055,8.94322863187348,8.647423808533286,7.856782349839699,8.456112163236208,8.489586290993957,8.386562368752642,8.440820093579106,8.455800825779388
2022,9,2022_09_SEA_ARI,SEA,8,K,00-0031492,7.900459870358688,7.76291,7.938141092943745,7.908202213210381,7.677960136471186,7.999270915406978,7.753180499511027,8.295326562294072,7.981024829993661,8.280348680045186,7.763502074347446,8.082795415753408,7.893061813954229,8.02070470225043,7.985981732823133,7.78668646287712,8.270458340175416,7.827046895430117,7.972592011800502,7.896229827502941,8.48140312445228,7.663425034665067,7.552579611676955,8.284949451465245,7.640156733861247,7.664477322244326,7.838170000279405,8.114034780668062,8.115914846119015,8.337760625908182,7.936212215149981,8.227873,8.106273985915488,7.9032973698712095,7.8345036723800545,7.861050713049973,8.399731370390413,7.828576731928207,7.899144850706337,7.867153859452271,7.80056389724221,7.914111540258716,7.9277632101587425
2022,9,2022_09_TEN_KC,KC,6,K,00-0033303,8.749359811368198,8.96872,7.458849818822353,7.164270012356764,7.931090198969654,7.29896588378336,8.399954231393396,8.00433833543429,8.467563792374747,8.324654939002164,8.395290095407578,8.21907569762136,8.252467415966064,8.356321502521089,8.852769366764155,8.833782903063934,8.65159667810407,8.947642924325388,8.422250401352713,8.91122485605711,8.714048557467127,9.321399449885485,7.556119997192278,8.494339223670835,8.197957114892722,7.587571709430038,8.224399648091078,8.389482313643104,8.609413470477461,8.67857987788098,8.349972115441528,8.560855,8.7803320632976,8.64308322438411,8.56365057393265,9.004239829705993,8.86849063616362,8.458598218448218,8.823179353970744,8.806313848501642,8.707925813806547,8.763602222542566,8.777844633716933
2022,9,2022_09_TEN_KC,TEN,6,K,00-0029421,5.852767448092362,6.246345,4.785621597904887,3.0609339727352243,5.071416525174972,3.727565388458802,5.912293147208754,5.050637751805832,6.506234739585676,6.216098422022871,6.403785210176019,6.059422187141701,6.525277027265314,6.249230558960152,6.745166734384388,5.909438214644228,6.436430667375952,5.885968679106632,6.697068124657706,6.145759599317136,6.318111478876832,5.76015884811143,2.4303100380145617,6.015761300800092,5.93789266746118,5.206097210905357,5.979571692196641,6.7246871165828175,6.9907799892554126,6.414439418650726,6.314390616280523,6.3387713,6.084000156154636,6.878841267604889,6.224136502387858,5.389999668241369,5.5721140249658285,6.361576137914375,5.8502499815437625,5.801721624857548,5.899488692686577,5.862680504198111,5.8725935603038595
2022,10,2022_10_ARI_LA,ARI,10,K,00-0034909,7.5305813241014254,7.3523674,8.280957495845504,7.016181297944293,8.06460116483555,7.077751227779448,7.93002139646415,7.302484331071636,7.802300773507111,7.666765710581414,7.27807844521707,7.100488591638439,7.368827378522417,7.211692445169216,7.165625053970223,7.377688185936341,7.353347864419651,7.233060320655608,6.800732675209844,6.937750359677604,6.789277721536685,7.693483304592796,7.23045410230849,7.368117175751794,7.526887044556451,8.637908132286366,8.204226482975058,7.937823828313935,7.14019374268693,7.520036092567219,7.481870005356112,7.072169,6.712477497621142,7.641488888652782,7.823759794173396,7.375541318233454,7.614942556034213,7.358713014763015,7.348890865806021,7.408687714401821,7.554504941373216,7.557802811487718,7.58502429887401
2022,10,2022_10_ARI_LA,LA,5,K,00-0035269,7.946346613024209,8.032961,7.212673601056808,8.37059834106318,7.072534034667628,8.240643201805064,7.518749395271788,8.414164506360663,7.700474645188464,8.144878070091186,7.51190149555794,7.689309740533301,7.651964221749055,7.740248675837988,7.347129710955649,7.734559810973842,7.308011664115863,7.752205500954396,7.419749289192732,7.7859109095479635,7.482646635157913,7.558467997079382,8.557914961216445,7.909883957311186,8.005474294458564,7.228168534517485,7.593829167395936,7.737324729295596,7.170038402161333,7.434908058082463,7.576805771633071,7.487467,7.0789659220682175,7.626733729957865,8.33176217773685,7.889359002294898,7.737739726027485,7.58650193091223,7.710362852896507,7.729344640351698,7.954701482960473,7.960664812090862,7.974983011157516
2022,10,2022_10_ATL_CAR,ATL,3,K,00-0033702,7.6624275424769985,7.6163206,6.218759794486847,5.512560330726609,6.59945295086039,6.335309957611365,7.099252476969466,7.127449575844942,7.390605689941144,7.658701820683513,7.572215605985292,7.630791558642724,7.610394804860229,7.580832977353101,7.534181524429762,7.272402753081227,7.674078851335509,7.307937487205128,7.801660355631081,7.3066977696549635,7.946260673174856,6.592971307828435,6.920542484815174,7.626831817292277,7.587005126509814,7.436285710864368,7.531739432893254,7.668452400493775,7.711412124700602,8.195566672878943,7.617638877050356,7.604119,7.307183520324272,7.661668078145528,7.9835985732787265,7.390710494840752,7.71546180737134,7.697587959099727,7.669655713511153,7.662416656805934,7.732756579764326,7.678547990306736,7.694668438136475
2022,10,2022_10_ATL_CAR,CAR,16,K,00-0034173,6.59269559242423,7.1301823,6.101529514466333,6.381839231096945,6.114653965032828,6.285617547556479,6.536173012424035,6.683795678445099,6.879164001648073,7.150931326447207,6.294800341543523,6.212156596874231,6.404899072010021,6.494627530635436,6.183675224770841,6.236313536291569,6.065990098583829,6.49693702554071,6.113464480241751,6.441922863642699,6.098832920347977,6.044625536531416,5.898172461688301,6.483482315220742,6.752983814974308,6.413610247710138,6.603376104412218,6.978171084981794,6.199856835144598,6.329185860514151,6.326206677269642,6.0424523,5.47467364974515,6.907409637415721,6.958680081728451,6.517134003849016,7.078837251497877,5.951771206081498,6.607601462724334,6.572188627616196,6.6099983470036605,6.611836676133039,6.630977759841846
2022,10,2022_10_CLE_MIA,CLE,5,K,00-0038097,7.992028293684632,7.5836,8.82439311893859,10.150832272448149,8.838263531281175,9.246395552259829,8.363756287617926,8.24844165994654,8.209255982274604,8.019380202099873,8.574142126908201,8.011860587222927,8.204168943548227,7.964170648091743,8.205216953634343,7.985303767635687,8.304923190103693,7.935943669533247,8.150738603650584,8.369768034064569,7.496929465528481,7.749845882075923,10.10302931756884,7.928707138953226,8.052530582715603,8.698879518243269,8.168060289803432,8.037885309444414,8.12604526543086,8.379040888899597,8.238863502481193,7.739811,7.872136042943636,7.823104859014673,8.07070334270668,7.924054185286645,7.847401472601451,8.082277347489121,7.988451859991843,7.994229370048272,8.014371627533926,8.017867726362942,8.043707159041253
2022,10,2022_10_CLE_MIA,MIA,9,K,00-0034794,8.033574905527026,8.1669655,8.226117073916164,7.632331294651588,8.282407577780035,7.93579617048359,8.062300642375229,8.028376849435713,7.978143737571294,8.056321775201505,8.251589793375464,8.252200721787515,8.156401821646433,8.121196073187058,8.595575022864805,8.845024540815878,8.56004441371179,8.836609264473138,8.429170867655802,8.59531866164914,8.479179550041955,8.092872277693354,8.30628649593371,8.492319684721911,8.220828066378061,7.996999682385033,7.962262266202433,7.9715482712406995,8.313328917656897,8.307682282906024,8.339745664915416,8.316788,8.37586422685127,8.296193992131274,8.097153663511648,7.959211422414253,7.783346924776952,8.212047725150677,8.053180499142025,8.021301851205326,8.074855675817838,8.04709486258478,8.060614819642534
2022,10,2022_10_DAL_GB,DAL,4,K,00-0030332,7.884677470034141,7.9143605,8.763536707800238,8.701792138855943,7.999521546373975,8.590776640827569,7.477717673169687,8.027910292444902,7.601805174600308,7.840969123337169,7.804170872176063,7.878069037057409,7.884533736548036,7.859752326314541,7.562500452188806,7.75528008401146,7.637894305294469,8.095459445079316,7.524955775974793,7.935274662909099,7.808038655589328,7.908828329942688,9.310862546242022,8.578288783108432,8.015879945980945,8.138969694196152,7.496771468036204,7.651318204487325,7.492863251615619,7.661392289482224,7.747472308809324,7.78933,7.561322832597419,7.231923987851412,7.262498228947693,8.426318357354322,8.167481635173742,7.593262474453655,8.083003115410305,8.13154241651221,7.806203948379314,7.9023085142730976,7.919939558512055
2022,10,2022_10_DAL_GB,GB,7,K,00-0025580,7.045142353275125,7.233767,5.373563556118049,6.438540805265619,5.745348040032807,6.055617985004449,6.372060469114627,6.245546450619884,6.662372630553177,6.6825681478926136,7.317866530887352,7.20059449805103,7.432704587281416,6.94191181244346,7.077773817997019,6.379507155949407,6.956659863598217,6.941740395219187,7.039765992830981,5.939812131960826,7.211451287097416,6.2876468169143465,5.192254688266701,5.50620192183448,7.06719635687025,5.753315956591655,6.431239596418003,6.843605515882418,6.912248637731195,7.342184591302857,7.34764212381177,6.82766,7.199129452651903,7.118830881028607,6.99969500066587,7.073641767544701,6.447955254232166,7.354908103171337,7.015496834476378,6.936622008818537,7.1007632268638154,7.055513124868998,7.065883896462871
2022,10,2022_10_DAL_GB,GB,0,K,00-0035761,7.082005728589215,7.233767,4.684395065474211,4.735391085496694,5.107729603618489,4.968576141683383,5.559312732667074,5.12706008219684,5.804875476492653,5.552364583681077,6.578125596282296,6.954470888776982,7.073579134691624,6.887687548992632,7.117522450280655,6.5723482513237865,6.8139429103078495,6.754612884042963,6.655089224392634,6.103272035716059,6.488881498819153,5.418883400342544,3.957868190239626,5.611344050230066,6.956264754688466,4.902840532482362,5.3690174491284015,5.800096806751736,7.08304669310338,7.171796971093984,6.99692461114033,6.373333,6.190013565433651,5.737702058406349,6.920825609792646,7.333269590308901,6.578674667151183,7.07291371406371,7.191406154954061,7.1556000592219595,7.034533862961758,7.110930704188725,7.1398556797882335
2022,10,2022_10_DEN_TEN,DEN,4,K,00-0029822,7.326693996951471,7.0297756,7.413292914009795,6.8200800752934985,7.12249172491547,6.765735302336456,6.712896692162326,6.727838714539928,6.751932213678288,6.954921894434405,6.5842089957699095,6.6872934326189855,6.819054723027113,7.044937151302653,6.326027782831004,6.831123267754176,6.029524892009487,6.956391431876097,6.439294292291638,6.583569151240448,6.5654572891679095,6.637144322431111,7.034152575956688,7.0008509486108,6.973221425678412,6.764471054973658,6.565377192057271,6.755085811233624,6.3886050878702285,6.565954293639693,6.907445469089362,6.3805037,6.886948881605576,6.631646010345444,6.985482360175457,7.955736113758776,7.504433138137955,6.491557647907644,7.3917187309635075,7.438918606211654,7.304550530752323,7.341142644524751,7.355591292098031
2022,10,2022_10_DEN_TEN,TEN,5,K,00-0029421,6.427859798500473,7.515914,5.641610954600683,5.696404040752155,5.810341979813186,6.006643144034805,6.338724653906686,6.495211405651561,6.7045616836940525,6.984888512392516,6.40440372611406,6.530062749693419,6.78441960016518,6.853667472183991,6.253285049114339,6.682866649677506,6.05550505934112,6.998682195200065,6.398050715426631,6.58207596579057,5.814288310059062,6.519853239202884,5.234691650182338,7.384678284259396,7.046224705429563,6.446449033616625,6.715336959735758,6.968933944945071,6.575322569688727,6.552441185300001,6.899838059514543,6.180338,5.897879585726416,7.495703247411317,6.928479938553753,6.281454803143757,5.77814931079349,6.294594822987472,6.34534073229171,6.263898270161924,6.492299373142407,6.43822208945317,6.448584380405868
2022,10,2022_10_DET_CHI,CHI,6,K,00-0031203,8.087046076241254,8.133497,7.879478296143364,10.028932665189252,7.876247525559323,9.408646996609502,7.820164253884483,8.635742854305436,7.852203016621757,8.202994482634542,8.370042259352402,8.408362711187785,8.176751592393153,8.244839830886184,7.904132998277177,8.269305618850943,8.092512004767768,8.131035578162098,8.493771290809875,8.364968906706434,8.784902679040323,8.730131769583501,8.72418859088262,8.201768746139242,8.286716881326011,7.471538412386034,7.792921391596059,7.906512191825024,8.130527537434164,8.052927396373084,8.424769870044095,8.705092,8.174244842226447,7.82200863821409,7.926949074434044,8.043541177256497,7.881136881936236,8.517155974074088,8.257992506730961,8.247465039514456,8.011831885636703,8.104148741572441,8.121251406903626
2022,10,2022_10_DET_CHI,DET,7,K,00-0034084,7.839819901382535,7.550131,9.443429835936604,8.90250091840827,9.056376778361638,8.605271884639732,8.367645389276756,7.983167099475972,8.054567046706156,7.834087234825631,7.6500398396823615,7.694358147551942,7.655518975765156,7.588282972310281,7.715124899969022,7.1510874737752,7.337793431331607,7.276871622816134,7.909518373458573,7.497933166014243,7.653453747277016,6.867729153475913,8.98137812297051,8.057858310632271,7.614087674750356,8.998595522359437,8.210739798896443,7.840101710956452,7.441403816371787,7.304799181276103,7.449269589075458,7.245359,7.229403754499736,7.628389126048823,7.6442207842129815,8.878627158708165,7.402808143381524,6.274109941486105,7.865759648684033,7.883190720589333,7.821080151464987,7.858663606393938,7.877507311405344
2022,10,2022_10_HOU_NYG,HOU,11,K,00-0032726,6.59713592575611,6.838499,5.920631843588518,6.7089942307556285,5.945327901231142,6.943661222792937,6.205801824732767,6.860769220046147,6.559073298350208,7.059204820691915,6.7171914048313095,6.643489781920133,6.814396879883054,6.808545453692933,6.418384491582224,6.560750308895559,6.558892077559557,6.626221686918084,6.676767312065374,6.520866350859693,6.931253338113362,6.704102361104992,6.898689860289677,6.641772858273029,6.9638527722377646,6.769381857678454,6.637841362309666,6.915618865714566,6.527336970454719,6.378070286740087,6.404301936379217,6.177533,6.891870883171765,6.959438150824026,6.492412310869692,6.872431696501861,6.316271062767155,6.344062238088711,6.606843118309957,6.545316017678187,6.577313628970264,6.610922883267345,6.62470984077858
2022,10,2022_10_HOU_NYG,NYG,7,K,00-0026858,8.293423292937764,7.9080033,6.184782821631883,7.355685917123652,6.359620867899154,7.370867963277865,7.239117931589604,7.866695656895191,7.608669694328879,8.036545942698393,9.058211137187776,8.80904181524391,8.856394697369584,8.698967253901086,8.610667835932238,8.66178911793862,8.852399243525733,8.926869822485566,8.657800072201116,8.791350926216715,8.918622832666594,8.792870276059741,7.767156705770128,8.796042588490817,8.848129057217578,6.300822033902709,7.297926301834821,7.718606806492249,8.216702908133023,8.540607264071799,8.760050629234868,8.758267,8.535093432369534,7.60805261597593,8.299259779818252,8.097065137352045,8.665599123320778,8.491296958596962,8.295987783394448,8.311256815095248,8.302088646488153,8.310798016253313,8.328172739568863
2022,10,2022_10_IND_LV,IND,9,K,00-0035358,7.990114801639658,7.4559526,8.28764852374898,8.266389859920844,7.984922874173305,8.164346632369524,7.852499446687154,8.26985358664079,7.820259734235384,8.077964249539797,8.065575520233006,8.30952591719991,7.842782030543885,8.141923472486377,8.013432515883611,7.733527068922381,8.15351952575844,7.979083819975602,8.187354950575006,8.365472931645675,9.046213883022489,8.827577054667477,8.377706218934783,8.357711505460149,8.26806154764232,7.925551299123097,7.884725168611878,7.83756957984652,7.5364557691135134,8.095823268513476,8.001091857982244,8.137139,8.456310809580694,7.738572320047079,7.572342011866152,8.098667643520526,8.041198408407151,8.374126499154436,7.988509274130714,7.996603796463368,7.9702076863892595,8.013804360520243,8.037493919400829
2022,10,2022_10_IND_LV,LV,2,K,00-0034161,8.115349972474037,8.331001,7.918573023253807,7.180441395899743,8.115317089295639,7.864945011224244,8.221801736180872,8.507579056954816,8.161235346225798,8.60742634130851,7.9345986476499855,8.617775833058458,8.065648088339836,8.541311340609518,8.257526937092074,8.985499740441238,7.96657625872338,8.959877215484518,7.986082623795289,9.077861253914737,8.380845537021342,8.851782721057534,7.852298928483679,9.44614849013224,8.770484544868427,8.336229236235308,8.30492404357098,8.17768813306207,8.193978564259256,7.832956393876179,8.027348429428287,8.167679,7.982008622440452,8.187373927060582,8.08111200186897,8.497332156212682,7.9545335670518105,7.483150763615465,8.080347344626926,8.061624657307652,8.120359061134097,8.133288164216612,8.151226355959187
2022,10,2022_10_JAX_KC,JAX,5,K,00-0036816,6.832143948392465,7.0703497,7.431380557381668,7.178299165582768,7.128708603032559,7.1631190892001735,7.083318474062357,7.109212846280858,7.217242098485214,7.249339640622469,6.800218507687723,7.191166245555446,6.958802243691436,7.0784816962578345,7.196266863630871,7.119776640629621,7.0982566505339415,7.051809385143012,7.01274069283692,7.342015994411383,6.654508769169451,7.423409264955739,6.431785663217573,6.979110323734574,6.980271842833776,6.472733000608231,6.8650243414386205,7.214675963244638,7.280618497655315,7.175370421460854,6.938175577023357,7.188809,6.737512034712652,7.146630811834638,6.743465161094409,6.749396811922494,7.382277361754417,6.855589695598517,7.000276592512996,6.954242936005864,6.887087220817057,6.8531749101727994,6.874205871953132
2022,10,2022_10_JAX_KC,KC,3,K,00-0033303,8.948475190262597,9.014904,7.307639192144821,7.334687347130676,7.8149393299728755,7.960274037184398,8.371621365120523,8.70179095491259,8.490023218205593,8.669447385948866,8.251954248422683,8.04590445113373,8.29360941374337,8.40219477460711,8.435544165040866,8.385546146905265,8.12369772254454,8.530571351133602,7.923865892327815,8.039551608985978,8.264750981568296,8.533448258339602,7.602387323101358,8.230537532428169,8.316918447539264,7.625115796763182,8.243521773896683,8.419983992192899,8.110370570151321,7.851820428963354,8.299135499109694,7.985045,8.120208750049942,8.745850642437507,9.125113625216613,9.152083242364673,9.38669384173321,8.057192107892105,8.902712154008414,8.853465064145652,8.919397804260738,8.962408777887035,8.976342365511476
2022,10,2022_10_LAC_SF,LAC,12,K,00-0037224,7.115666981270022,6.814566,7.330779919963238,6.976304713000781,7.3101255622121,7.204131279609433,7.524104981144116,7.369502719879693,7.622361195212367,7.494063844283053,7.214577805618725,7.132950256687554,7.082354475888063,7.073326394105252,7.332370314630767,7.097247506374602,7.357207011214223,7.239348384225239,7.446147467319307,7.512402465654588,6.713287122892742,6.724150454496032,7.711299859162201,7.014182724510392,6.830149946528821,6.742942232831119,7.054246157960856,7.413760701893024,7.1391889450157135,7.07423435958652,7.334853019719346,6.8633885,6.799755808732009,7.156776773403232,7.343306450935322,6.897293263273921,7.654472611920238,6.941552397439164,7.124735390850652,7.153132920716007,7.110796822032427,7.145942400900228,7.176217820530435
2022,10,2022_10_LAC_SF,SF,10,K,00-0023252,8.406108502057965,8.467437,8.14365833071732,7.87190584540607,8.197359299493046,8.115353792498686,8.196317605167433,8.24180326338982,8.19658672753232,8.213219120362544,8.48565707381046,8.530922251472264,8.44826443524716,8.340963012465151,8.727593874368251,8.744205996533392,9.02834686350278,8.28836535896713,8.710447563364376,8.453751293200533,8.962019336339864,7.840988658457221,8.20204043338344,8.006578252281079,8.395457261566559,8.318245553369824,8.31888079470055,8.28571098918717,8.808903796997246,8.750817621984071,8.80925925759594,8.734601,8.600070309476509,8.43388395751812,8.292956620779243,8.450087227627268,7.891944102884233,8.744961072424305,8.376608511929936,8.34271249989167,8.435212466860488,8.420940737625248,8.435772973192531
2022,10,2022_10_MIN_BUF,BUF,13,K,00-0036162,8.402365536936276,8.373387,9.69336572413458,10.278615317430797,9.27701017987478,9.883850179026922,8.58237355882141,8.79943283028183,8.289000433637046,8.239390837876856,8.07492600026454,8.07010183622819,8.39272377747108,8.252068867793673,7.8997252602467105,8.119037054536523,8.085565931505755,7.6276269484521455,8.011094956306929,7.773600415148333,8.279437891378562,7.850544884956866,8.892565123554474,7.809255243527888,8.096504618207378,9.71305325116151,8.813086189318708,8.360451899309668,8.221297427435355,8.533246359858659,8.343988575458297,7.952921,8.324157980597064,8.301038594602183,8.098387229684045,9.052031980370089,8.185567540382062,7.667399109224104,8.535947872545245,8.525522805927272,8.357924586870835,8.420754949669066,8.439144362401857
2022,10,2022_10_MIN_BUF,MIN,9,K,00-0034450,6.9607138447292245,7.109428,5.487118107980693,4.6656074067241775,5.782997294667594,5.505238092932888,6.199990428779355,6.206103070904747,6.61588366677858,6.674550512739952,6.408565358465157,6.576852005354582,6.539436223299155,6.59328587279243,5.861117437706223,6.261474177831559,5.443292924904421,6.054163854747684,6.488831945950446,6.175393349349033,5.880494658879993,6.043286864439635,5.907884835064452,5.866183164931635,6.41658183033575,5.358080053233495,5.878471243461513,6.637042225317256,6.272213785904395,6.2701489396228185,6.544845418928998,5.6134276,5.7078763738982845,6.655305717700581,6.902650009055905,6.941554744814621,6.437253056596718,7.347858192134668,6.977721558550144,6.940308321931986,7.023623887759396,6.977056237473746,6.993398630218269
2022,10,2022_10_NO_PIT,NO,5,K,00-0032569,7.4670544287536815,7.1421485,7.330050364884883,9.672142335274057,7.649344547361718,9.556482436931654,7.771900714631629,9.074704997073626,7.756253175523402,8.483743745354381,6.910616139744829,7.411965350317887,7.193365004352367,7.332199396553416,7.110849726147816,7.711088152345411,7.345005345666805,8.233165708116978,7.264055239415886,8.052928266628047,7.16195703814755,7.531756869057071,9.233493089765965,8.120733864756849,7.499975448262468,8.162260528131595,8.0320064866642,7.856793145917572,7.230419674702258,7.236689263766528,7.281558974530584,7.111417,7.731694960938517,7.80122340307201,7.103244774553754,8.38309695381045,8.11914870279855,5.854636722917603,7.68622922294671,7.731571619813004,7.438989795989047,7.479606125914111,7.492157823074537
2022,10,2022_10_NO_PIT,PIT,8,K,00-0035189,7.304404554986165,7.3366036,5.640987759025816,4.69931879528381,6.21495989645385,6.148998475411498,6.954574827052457,7.052593913711821,7.250146784432081,7.406237271184466,7.274304366943364,7.374312408283252,7.396346329916625,7.440158880080971,7.103488072732362,7.383908936260084,6.9811753737555255,7.504013425743323,6.7956703545807695,7.397953650330042,7.285169259695594,7.878292973487112,5.925492309523559,7.27953413962195,7.809194245260032,6.517481805993143,7.1686846064914285,7.4316852457693745,7.104459998018895,7.339885091313061,7.628972842455512,7.826895,8.197352736872205,7.3452051299875585,7.072814857961747,7.325056623673367,7.892192109079975,7.316591186101478,7.414590815749807,7.3832817421852495,7.236231131341758,7.326369660057567,7.348334765128969
2022,10,2022_10_SEA_TB,SEA,6,K,00-0031492,7.495646521910772,7.3644633,7.779792326959591,7.807125605129383,7.560138737486319,7.860971257970129,7.560688635896993,7.963147163841392,7.747537786394155,7.975343028130382,8.019795654767771,8.25277197155275,7.927903400079155,8.093775405521654,7.55492028164282,7.926759097919989,7.541741034014594,7.877197969685589,7.67952831364815,8.087179774862015,7.484469664732912,8.620868673803539,7.781806285748985,8.677076291274938,8.018007696048086,7.441238799546911,7.562098900210768,7.808989065768839,7.641140918023429,7.791355378168118,8.031434372623627,7.712564,7.7260675740211315,7.557443332289051,7.2561393026334144,7.396797075450564,7.970893329986582,7.814982839709319,7.5207923231668925,7.516454142761031,7.454544528443053,7.509304972497079,7.522963423083386
2022,10,2022_10_SEA_TB,TB,3,K,00-0026968,7.997649203851664,7.8506017,9.509417749609543,9.40041399743711,9.309455556121804,9.632922398250663,8.622154972604031,8.693901357671141,8.38040851762585,8.208652577140983,8.370390223477921,7.81822814449426,8.087906249326196,7.809686873679974,8.41073505201699,8.153760866225703,8.275094514910839,8.285440280365016,8.592188060828532,8.132785085638076,8.238941228417566,8.140211524363854,8.771890659866017,8.251107788078105,7.556333117763685,9.48688712627948,8.622679425210457,8.28963556708833,8.45955591665366,8.103756083936364,7.892754921215133,8.696571,8.562468165293579,8.311595102676666,8.367698023107392,7.5804392437899155,7.921039176571211,8.31530090873179,7.798174382452581,7.752537063074874,7.940173950322251,8.01290162386713,8.028154043882598
2022,10,2022_10_WAS_PHI,PHI,3,K,00-0033787,7.857653548262667,8.543162,7.433719994967141,6.819962021990781,7.540880656497618,7.441056295482905,7.618332087380191,7.759269085250136,7.723913419495239,7.899930918823018,8.001080148908732,8.127170835522946,8.124283325765527,8.224624246986604,8.321048174590397,8.324308128993415,8.032807109749388,8.20934808554429,8.030738037735809,8.37326904710115,8.480473149868486,8.575697633724234,7.751884678152032,8.277367462833865,8.120516112346749,7.324277086809069,7.504710300498278,7.681218746121715,8.273869135866068,7.955407005400552,8.051046301815713,7.656893,8.041117458120345,7.755422073897627,8.013979278520782,7.762855699444817,7.534132645736982,7.974521101774034,7.819418668824251,7.781575655293726,7.892652036287602,7.870772139993536,7.883890731724406
2022,10,2022_10_WAS_PHI,WAS,19,K,00-0035192,6.465368505753219,6.404153,7.84310980219009,6.826017158260034,7.154390424150479,6.054026579547529,6.472068950958785,5.79935473539979,6.54072745826586,6.309404508891006,6.27550498782529,6.524528592938864,6.497314421860516,6.562716879334716,6.36235645106404,6.113290961051139,5.955812150482625,6.52096641102402,6.529903717546239,6.465225013147362,6.526277417756813,6.4109361615094,6.120181389035747,6.244274177330119,6.302470058920054,7.376588517411619,6.318893825282821,6.42164809725829,6.3441193619255465,6.410553063956032,6.51212505606546,6.0736713,6.609773337330495,6.385210965495682,6.455723483767595,6.545294186363425,6.182468063905901,6.4614348984348995,6.520244963453084,6.5767462431488015,6.474066614465917,6.475129725827924,6.484890945902629
2022,11,2022_11_CAR_BAL,BAL,7,K,00-0029597,9.604637984101611,8.67068,10.243560958655882,10.301842517898738,9.904621825471338,10.116546748384655,9.155599157324117,9.31753152153599,8.829947567415514,8.819638779225652,8.735190886163627,8.53654148955867,8.696459287531976,8.642963872325495,8.865416874305305,8.895027018955476,8.70738813710702,8.786348184274527,8.628687644329872,8.954511016452196,9.133652264101531,8.814374293750692,9.89906466951505,8.899829685447202,8.803451274658443,10.40046555876828,9.370126416560256,8.784570847769162,8.594629407514944,8.64392488858922,8.796206369264475,9.136067,8.486079479646468,8.803954099617323,9.09403531805026,10.31805733303295,9.89542599845324,8.798309278140156,9.663494777995405,9.710019628516347,9.601709575426547,9.620434022022824,9.636230059944037
2022,11,2022_11_CAR_BAL,CAR,3,K,00-0034173,5.416932082170015,6.1427603,5.112512263369222,4.55985158688372,5.116656781735801,4.788346036610444,5.83561656347193,5.488263977860349,6.457923073013687,6.543295195274122,6.003956470114709,6.396534942845044,6.300100104681021,6.5758184484432025,5.893458171171488,6.312552346972344,5.601993912188682,6.121809195507363,5.918719691780176,6.488956663933398,4.588901770029413,5.921194776466482,3.444676498393477,5.9612646663634505,6.052945129666353,5.578132484053675,5.981637089111055,6.706844746463874,6.287075636984777,5.929836063788129,6.178018067309451,5.85135,5.4211112384635625,6.740637061748089,5.920667667437941,4.7102288399792895,5.726396159559908,5.920003149954625,5.455230781669679,5.376649159660367,5.454103275978048,5.4321796488832,5.447427215596386
2022,11,2022_11_CHI_ATL,ATL,12,K,00-0033702,8.555306541779196,8.687192,7.267373221637343,6.711374207998599,7.771993742916491,7.4990706673201055,8.142271878280718,7.985190467182285,8.189685952553816,8.076543767168932,8.564190927334778,8.342604207853931,8.49085163504102,8.133066774777403,8.261497917486071,8.153363171043942,8.587804133952773,8.41527680603627,8.751250326365138,8.0124738594417,9.502974803103848,8.841015703461082,8.1188090948376,8.467530128334447,8.402289597721516,8.46401252670589,8.293600536074983,8.123481493365297,8.117753864995505,8.672592562518497,8.354134132279988,8.379509,8.201849798516555,8.101926533618352,9.044098892092498,8.110900810893334,8.230984683004396,8.873090407468357,8.429298069693946,8.418094974757292,8.607614871475054,8.572185636402244,8.589064731025294
2022,11,2022_11_CHI_ATL,CHI,7,K,00-0031203,7.964002972791415,8.103826,8.430379318960707,9.447937084036178,8.429910988693242,9.29894004328022,8.213265876482373,8.896303658787042,8.115261171735424,8.585912387706369,8.621778552789387,8.32172793074096,8.29585179687856,8.30882632696712,8.067527188569313,7.942556569951643,8.437574835330029,8.223612087925808,8.378646130526652,7.960612865119238,8.970179072461699,7.998536291964855,8.028156178091809,8.657349964996943,8.348513700913362,8.331149249145817,8.350434343296731,8.167395607799333,8.153805234538568,8.34344786722003,8.322950902689737,8.692892,9.20351642288924,8.109990271661598,8.052473695608127,7.4922328556316415,7.760219531152551,8.876728843705324,8.051797793776142,8.074603797330726,7.978990264184356,7.980304740268485,7.996606507745552
2022,11,2022_11_CIN_PIT,CIN,17,K,00-0036854,7.601383171240465,7.546204,6.360813563079395,8.188827698234872,6.748740305361552,8.044959692183728,7.293838268301491,7.813783012314262,7.571146497167034,7.949050988270275,7.5274899931024,7.963288176702806,7.604626686306468,7.931814842163185,7.196710907860254,7.848598528743907,7.194858990426454,8.259507028670397,7.554281786881118,7.71453168864155,7.191746401673231,7.702593091062331,7.444775868835419,8.064613135144976,8.127077973547522,6.538344446599064,7.200474472669756,7.596777350429622,6.999137420277103,7.555459718855326,7.525200769755878,7.0878224,7.008538923076073,7.203423234722956,7.712308416801732,7.513135831093521,8.379710839596601,7.222326149014383,7.703645805313941,7.738350152410511,7.715638692434858,7.6238501718223946,7.646317172404325
2022,11,2022_11_CIN_PIT,PIT,13,K,00-0035189,7.081069661657048,6.8656106,5.516501943027672,2.7705633486569763,6.099775099639677,4.864745407926425,7.003561252633819,6.638267030196243,7.369759250609227,7.360053890295438,7.268378556371289,7.171125180897983,7.208505751561262,7.25260463111968,7.304470549004344,7.358494335230353,7.238369543670499,7.331462271649253,7.369406703117145,7.270993654754973,6.839618092136753,7.040074073368636,4.461674210509203,7.399731888842416,7.559625417009539,6.15372992096009,7.077755488289391,7.5701308371429725,7.260842051157968,7.29391196877356,7.345456865477153,7.4617968,7.2616703146002095,7.409765123355518,7.220981959219933,6.653642655121992,7.775379747551757,7.378900185435476,7.1092725251935995,7.126689780667464,7.044337142716255,7.101783745910611,7.122497830164174
2022,11,2022_11_CLE_BUF,BUF,23,K,00-0036162,9.290935750161143,9.258592,11.30497843655959,10.665637095733665,10.68124746498138,10.311840532026531,9.73835124003576,9.510501214469624,9.306330572365358,8.97467758156936,8.529849133369508,8.365231883550772,8.738309681948559,8.56568562390516,8.887607250391639,8.770247380427653,8.92113290614558,8.852865564110834,8.969887345145327,8.513155823630877,8.530160733639239,8.67953953945275,9.585559016218031,8.740586586335908,8.762604523773131,10.837116351226133,9.939909095267874,9.31437826188677,9.226632923461906,9.177092666340863,8.693598648378678,9.02295,8.98502255078217,9.440375248911094,9.165943472915142,9.911462467835335,9.238663365566731,8.26350692297898,9.305208189267201,9.290785263539494,9.254037652284124,9.310477310372635,9.330018870584125
2022,11,2022_11_CLE_BUF,CLE,5,K,00-0038097,8.0678855797257,7.800176,9.173180205720088,9.929463259444749,9.222436103942158,9.771963048042652,8.688953832264447,9.118091428576228,8.360747454897707,8.3830929396282,7.734468305694954,7.691309298303854,7.740597523884229,7.973305418193372,7.497624151223256,7.93070838335004,7.806390126057263,7.784579555531939,7.448905138406189,8.495779017959794,8.198296620968664,8.374013138449312,10.199883081816749,7.920254176824673,7.876518715709822,9.22260847183378,8.540031780027613,8.1668019369321,7.583290212592321,7.867393160472767,7.710962667240586,7.717171,8.369658049057328,7.954209552063501,7.948187250982281,8.29631002455835,7.6221882562110785,8.01343284493284,8.079720747751526,8.099355578919546,8.075490916489475,8.0945617889867,8.121237998247699
2022,11,2022_11_DAL_MIN,DAL,22,K,00-0030332,8.4044681459475,8.54135,9.723970545534184,10.727354420225163,8.82081108211319,10.354533174018162,8.1527111969751,9.07149039218325,8.09439921981481,8.296269985195995,8.214930744361423,8.03204969904594,8.264905294859178,8.050914500429501,7.856039023386553,8.35955832958973,7.8519912296747005,8.148379353920209,8.088395408166251,7.981942611547167,8.040819013777435,9.17420442907632,9.577938140336602,7.9571201549009505,8.10755019630937,8.648425302663117,8.164403130090015,8.158907164185205,8.006164352071707,8.141934365659917,8.290974331219576,8.346189,8.331726373342416,7.727451249937708,8.29401306665002,8.85340131234193,8.588934771872633,7.580051119142296,8.419045609535381,8.493276402560513,8.313443985969265,8.424048789415913,8.443629432884324
2022,11,2022_11_DAL_MIN,MIN,3,K,00-0034450,7.517628786715153,8.249667,6.171368672298239,6.195510958717115,6.6228454592717,6.970124480781083,7.216873713764178,7.158501056179853,7.515590725792817,7.339008096031556,7.6257225037013,7.507224564657364,7.715679817470441,7.520204315690306,7.284430348498546,7.517729444433336,7.162520701914912,7.439490922407012,6.953031638395276,7.173900610663456,7.314287092008914,6.671613816217264,6.479277575917778,7.081169512289676,7.599630823324475,6.710075977698681,7.179512587574888,7.618262037255673,7.423763560448509,7.463891847122598,7.597976803280232,7.0913296,7.095678967157853,7.615166195632918,8.064804583455228,7.273559028366263,7.046643238934849,7.420497382192971,7.388052247071831,7.35410360870324,7.577224101870953,7.533577650691356,7.54952651466756
2022,11,2022_11_DET_NYG,DET,7,K,00-0034084,7.222154007553096,7.248912,8.246854116643457,8.466566078183908,7.677129422014171,7.977474762008915,7.275583958035902,7.290027026936348,7.325198913178395,7.344813676879362,7.658585070927332,7.377288178732573,7.479207837345229,7.413580580191392,7.157264376684783,7.306097884851948,7.268996963617571,7.303973489441168,7.306162702680064,8.090704127732286,7.357086295397129,7.200047689728382,8.331987295266405,7.552861680860632,7.583202285072846,7.865392423373247,7.522944787703758,7.555685819524969,7.288471929805298,6.945617414688599,7.471949757780141,7.103204,7.059257758331931,7.45794187643313,6.544752316152359,8.554078258080185,6.470765913640136,5.9501020905564985,7.38095179202396,7.379828291003478,7.143603323140089,7.238588193117154,7.255022378681212
2022,11,2022_11_DET_NYG,NYG,0,K,00-0026858,7.831558075581958,7.8322783,5.284088845823801,5.698901526047907,5.501073273738095,5.9179459841898,6.67308088909717,6.807682847576607,7.249377053536233,7.316088321831158,7.918358473018511,7.750074194722691,7.990673429728178,7.761992902097131,7.4166391756499,7.764608196008303,7.300524100177716,7.511639179088862,7.696315246464723,7.817482460050544,8.25895330993695,7.297108228807455,6.312300053110048,7.89239031145728,7.875385986761759,5.24282287382885,6.6734577141055365,7.392415354651087,7.715637628780544,7.161277892988231,7.973739182989197,8.386271,7.147749584381465,7.167262680768031,8.052209505646365,7.66668250806673,8.38001311015448,7.556104548229544,7.854246640075005,7.880691437780449,7.848595464967975,7.8488050332561725,7.866051990930387
2022,11,2022_11_KC_LAC,KC,14,K,00-0033303,9.354439858414192,9.198011,7.90566069595286,8.89840422728193,8.355873814223813,9.119813589820556,8.789657265210533,9.398392916894652,8.770480376527575,9.076479476298234,9.096324599763468,8.618739824646848,8.832062810961059,8.753550347524897,8.672964059694948,9.130161205342782,8.526891197871835,9.012309462384817,8.348447012851656,8.737874992626644,8.523768368179951,8.997484946183315,9.375899490060162,8.614825799131035,8.69083659982501,8.22296276202305,8.912060608169282,8.909416491644397,8.86233791514819,8.904926300674411,8.973384024448194,8.937976,8.99850223107848,9.114780142969794,9.143747187023546,9.413329176482112,9.25185109525362,9.603994610944614,9.303418307440243,9.29248135930244,9.315161963274655,9.369571437056852,9.384703015699507
2022,11,2022_11_KC_LAC,LAC,10,K,00-0037224,8.058395891393108,8.128507,7.860467540338687,7.583585075267461,7.940356975996089,8.431707831817423,8.24574153005759,8.636802966009258,8.28120338088835,8.231283641013334,8.268296932584805,8.33009995080953,8.317102508987038,8.067080006204879,8.089094355878464,7.715252565863952,7.8269914684343425,7.809557667394669,7.991805709602682,8.101955112393936,8.341412165567844,8.534500721820244,8.402223938731858,8.084522362520753,8.274356020996306,7.428673202101977,8.005251489287831,8.235205798686842,8.054797330227982,8.017657223530342,8.298005658691622,8.174162,8.702705005570573,8.044887588009514,8.055485601214063,7.772032169506485,8.085015592063927,8.62217892009951,8.039666639291118,8.006453887550414,8.00358667566862,8.088380949263879,8.118366007134652
2022,11,2022_11_LA_NO,LA,10,K,00-0035269,7.096960836110829,7.5500016,7.091078576342853,8.388914836500138,6.918277231598113,7.898718503999644,7.043745015110661,7.524960300792499,7.189537209159243,7.488062936690857,6.9332147829495945,7.088782390703296,7.100610882383955,7.0941142257572105,6.634610002441262,7.131165667513066,6.696620295259066,6.7371181965988,6.79550966955517,7.328117142294884,6.30941395091974,6.84125099930746,8.332920699796746,7.119870519907254,7.507241313974095,7.351717833020271,7.3473831682727715,7.401288492060747,6.6865758261506425,6.953960439711175,7.106137462604654,6.9948664,6.343048206458614,7.409487544592648,7.167719494701938,7.256630195717322,6.685259617204881,6.877334738464151,6.999418439063162,6.987048410818317,7.145915442494666,7.109335249604895,7.121709663098962
2022,11,2022_11_LA_NO,NO,10,K,00-0032569,8.128629963003242,8.0361395,8.330272426677514,9.058411559232283,8.591994203362548,9.031051963505442,8.481129520988024,8.853326055674133,8.195520705345066,8.377319355895752,7.77362149572533,8.270504333894799,7.903133219585262,7.997592314269785,7.482676743928947,7.72055194383661,7.877541835714259,7.821746652736103,7.572596285161035,8.24192815751964,8.067982219803358,7.84050573034972,8.68141499729388,8.906515375292932,8.249193850476098,8.73560327320013,8.675813865219116,8.219491688099573,7.961377942808303,7.6852479770708975,7.810080922890787,8.246235,7.782085329478948,8.289818043983246,7.744692867515111,8.971976369339057,8.0209128622958,7.071701343917523,8.167340325125648,8.205452990449324,8.111840698540615,8.142256490909162,8.155883018815084
2022,11,2022_11_LV_DEN,DEN,14,K,00-0029822,8.244695637618735,7.6163206,7.951802299883899,7.832619029795,7.552631312251121,7.675828410616322,7.19514966077607,7.4374159934665505,7.2022330832203565,7.385507611210787,7.51334421757112,7.765006292824337,7.309384852188952,7.5333137182349885,7.375929312450976,7.366986221092493,7.71985177950015,7.298171246440765,7.301219077795405,7.560194913042227,7.159778707786535,7.445491742657873,7.637109797547186,7.694549362779703,7.780380251182234,6.969514429110532,6.9042334279391175,7.110642309519873,7.066105931517895,7.544475168913478,7.560084782585415,7.1272063,7.292454904328316,6.935991376227042,8.063611954940157,8.63296361453766,8.631293472855393,7.546486290180415,8.196862876308721,8.246506966577266,8.210838964312664,8.259847841085552,8.275000044552373
2022,11,2022_11_LV_DEN,LV,14,K,00-0034161,7.05880347849042,7.1301823,6.525674765845915,7.716237200600591,6.700462126812099,7.9326435568709375,6.76587995398136,7.649362328888045,6.882364542232742,7.662853357314665,7.124639431857731,7.566012702045943,7.071134196648103,7.438046184105148,6.986091907037377,7.507702381010617,6.948894586219597,7.662032050945585,7.005647969646631,7.652037858269353,6.5516705699990245,7.543042939912541,8.449474456843285,8.086846825185743,7.623128875994362,7.149856493224224,6.97962117624073,7.059802119482717,7.114152909117514,7.473802878268577,7.066715429050335,6.710193,6.820092609773705,7.025915938393851,7.208057265949925,7.107046164982145,6.9076460793083,6.814016123908774,7.032381235417297,7.016389807173688,7.175901082483886,7.074789523641494,7.0907755687925675
2022,11,2022_11_NYJ_NE,NE,4,K,00-0025565,7.673085284205881,7.5127354,6.77230403650549,6.467383656039102,6.812586230979373,6.23213552459103,7.412809936756868,6.983921899160002,7.828862075461877,7.826506652243896,7.600219586307644,7.434755814559435,7.72064608191836,7.718448134942147,7.282052392743904,6.872073180401812,7.186679430987703,6.903942934545346,6.9277643917618414,6.567278551557773,7.310192011143718,6.500064302000132,4.993344952489663,7.030732699753127,7.399041703554411,6.936789132562662,7.391286452091371,7.929553916029898,7.615349115341243,7.706798308599208,7.856916788214477,7.545311,6.9496491581643145,8.119448829529968,8.223326919814895,7.4814230093670595,7.259705462538951,7.437737291303468,7.523922103656948,7.5055459279820615,7.561981942047937,7.68644374075465,7.699802197303421
2022,11,2022_11_NYJ_NE,NYJ,4,K,00-0029621,6.398221977993167,6.832142,7.207199448731518,6.527778742435439,6.916839653671565,6.3731794213006046,6.891478745122736,6.506676645530627,7.028141370550415,6.956878802977892,6.198770845052595,6.446117160919961,6.552308223859747,6.584497837617573,6.251227525081825,6.1652860093065485,6.216302205782871,6.951347009340783,6.391652551912289,6.997904798293547,6.340994130971535,6.377708140793013,5.721415620380432,6.6229912774667605,6.309549486084499,6.840267479619293,6.965118541732791,7.203838707442982,6.652177952033525,6.626172263497368,6.515869911627922,6.3266773,6.393170731657908,7.248018345510137,6.8625308779999346,6.369578098843523,5.868977103237754,6.023668823660006,6.316392818927044,6.308547956126522,6.369535802832816,6.410235025666145,6.422248073339123
2022,11,2022_11_PHI_IND,IND,12,K,00-0035358,7.867426416343569,7.562716,8.350986167135988,7.794044124346606,8.053791517437617,7.465008889994377,7.9069315889221725,7.806687107723248,7.885388802448798,7.83926179595689,7.989402939882954,7.722790986341638,7.781848686123276,7.622215450243859,7.602844243914967,7.47312512665362,7.436608945237944,7.645581700105842,7.725090017932251,7.666106758955199,8.242081861379459,7.164752463065844,7.530484752186288,7.774476558884067,7.817774820874343,8.012555156462358,7.901172229435363,7.88308685406006,7.475298528404595,8.142389037779738,7.865453020309926,7.825631,8.36519793797954,7.822767312139829,7.784134292576434,7.774911019797892,7.202970902165573,8.50962315217462,7.808876684477855,7.812161734231497,7.860054180231872,7.89019458829164,7.9129627602397115
2022,11,2022_11_PHI_IND,PHI,5,K,00-0033787,7.863687566844718,8.826675,8.011933707100697,8.038529775461168,8.180689406944515,8.250238963718193,8.134926418516365,8.16440011518207,8.03561473883019,8.058722381820536,8.129207574647824,8.494953022946316,8.338270897469696,8.425291001286025,7.9104463628836355,8.053568129925031,8.180439671107932,8.15023038011146,7.790306331069525,8.150432533490951,7.757749575763629,7.981849222650698,7.911708750266722,8.340452031554399,8.413171713497158,7.947075661980352,8.066938116877482,7.94932445703816,8.041985202919726,7.659992602940844,8.288520077700397,7.4501495,7.5712973059188196,8.07604096461102,8.093807915800827,8.017659539872684,7.429781493821687,7.427516133866142,7.826536099987709,7.8084131451716,7.9043305682691765,7.877550033364457,7.891412499884196
2022,11,2022_11_SF_ARI,ARI,5,K,00-0023853,6.734021262167552,6.5348496,8.399079325631796,7.10926914034801,7.399205555658517,6.306008080945636,6.851115333551114,6.0686689032025365,7.032798031141728,6.770351983964151,6.602697406211306,6.328936851437062,6.428588786484622,6.4430246944228085,6.952547559320179,6.284163250490796,6.729238449806894,6.236149805884601,6.684858280016711,6.052839399018581,6.737140122742155,5.801932044708924,5.122799814693487,6.071563647565813,6.29622817419934,7.767735351290506,6.950907394181341,7.146584601998043,6.797382635647064,6.975888603017502,6.649822411480487,6.615153,6.719170164912594,6.729225853271966,6.888079356841613,6.636843490168822,7.384757642900089,6.371921473787649,6.746943849372529,6.826921019376359,6.739265891252637,6.747629561300438,6.761237860433326
2022,11,2022_11_SF_ARI,SF,8,K,00-0023252,8.587274749607605,8.4794035,9.310807014287867,8.078187068282784,9.21438232806064,8.534984782113444,8.806195001683822,8.637384184352216,8.63919168879551,8.533363163742772,8.507235980846978,8.501562368106885,8.516390842574976,8.547382375324313,8.680499177466023,8.40480428490509,8.656585694193646,8.28383070022137,8.521110492119407,7.889851237555224,8.339382356500545,7.90775953435656,8.133752634900967,8.33147693613269,8.411412021071925,8.913523340656997,8.610187814772397,8.423077372776868,8.432485014869801,8.381860775452308,8.492794425435989,8.094716,8.3417097835988,8.706762989915468,8.84403404356874,8.498859885270111,8.517611019094588,8.41379740259739,8.45552888185015,8.445113022496205,8.58078613729515,8.601398561311914,8.615522373016226
2022,11,2022_11_TEN_GB,GB,3,K,00-0025580,7.1378169591650105,7.5979967,5.339833735606311,6.106920658851379,5.525070887359153,5.485430155625062,6.2629205503983645,6.158268575644385,6.7110583303238585,6.908051642868227,7.612875182065031,7.751643425114834,7.582829700908922,7.591938011813525,7.144782378624244,6.634818062181493,6.953568860039632,6.770182650962884,7.284795790014288,6.474864709139937,7.015874287672458,6.471122119357854,5.053885317806496,6.107601622527172,7.648578223666135,5.4658247074412,6.146998537615544,6.711629546412836,6.96794040307291,6.98310381029065,7.720673015861632,6.8797007,6.523836200976388,6.984939786565132,6.965741980403086,7.33114652904411,6.734009782016644,7.211173876123878,7.197526815406977,7.141165921200915,7.155725242764376,7.148907987358272,7.159999015551534
2022,11,2022_11_TEN_GB,TEN,3,K,00-0032087,6.121126701387833,7.014631,4.402197441548497,4.148045167678926,4.925808266337931,4.53754440588295,5.704742965993466,5.27223967158996,6.2107982636478365,6.134440061853171,5.654089383170277,5.911186861536449,6.015997643986995,6.2001386308282775,5.393731161619134,5.450601925549929,4.724075120317155,5.546630521629321,5.182761748362052,5.491014978676525,4.853913044641015,4.756633481557245,4.33992053812125,5.60096399267136,6.22737338556415,5.639447033956264,5.926737551726138,6.377661123474343,5.646173423879308,5.087893233180681,5.903558020179903,5.129812,5.08667009636418,6.488016912559224,6.89993702389175,5.96957973253575,6.287924263697338,5.172606374181372,6.1185145911249785,6.077347683497788,6.2031840574754815,6.140833595937278,6.1605404904867225
2022,11,2022_11_WAS_HOU,HOU,4,K,00-0032726,7.54999443355434,7.601794,7.543355681610824,8.010002956981948,7.33977998150633,7.862067046946273,7.38846796334481,7.77270450156865,7.545259475507495,7.8048071131779615,7.686974292840816,7.716147645508358,7.597275357943895,7.670481144383971,7.190881125118324,7.458314882557616,7.04122755785496,7.67398366951172,7.038446159522059,7.767856773604912,7.5271455852017075,8.16704491350658,8.677096784712164,8.005577512854817,7.889935389150483,7.621271579373403,7.498046212667206,7.569853972635874,7.285926114049236,6.967738278293751,7.744241448172057,7.412006,7.46698776977332,7.467062344066276,7.490323723677654,7.743440933575788,7.12368019147218,7.4657646193675555,7.386905610700664,7.3410632625818835,7.53478900236356,7.564741157860407,7.579487882166473
2022,11,2022_11_WAS_HOU,WAS,12,K,00-0035192,8.32488508221376,8.18516,10.373431746443805,10.40394057758566,9.55081554724648,9.581893780740648,8.650616641416262,8.714935434202506,8.40016180924123,8.412583584274962,8.795750732587878,8.477999216575078,8.364995039863503,8.369785886817981,7.984962178639009,8.404146298699738,8.323033420692022,8.917587879787042,8.19437091213893,8.503124411330068,8.138664277425098,7.920713459699296,9.550615713881966,8.710807143239888,8.576935793933405,9.72321900884936,8.494477142540125,8.1177849540229,7.776171949731344,7.712981897680181,8.264066771533946,7.6522937,7.272860286729248,7.966581934370345,8.499178307646323,8.30320311766916,8.253030722796346,8.142736352862824,8.28271550380745,8.368470665128715,8.22840874851018,8.340004614057468,8.355124145901177
2022,12,2022_12_ATL_WAS,ATL,9,K,00-0033702,6.468764978693459,6.966017,5.597286354180559,5.828724686747323,6.037116893325117,6.66443728550591,6.46211224866519,7.019843799670998,6.781245058801478,7.235920165887391,6.412529984343879,7.101064544682244,6.73754053520134,7.024429584860289,6.810380943034736,7.378196340217971,6.720381755701485,7.643562407081445,6.671106361348145,7.30491152160992,6.816064258746628,7.612569797759433,7.543689145490851,7.831791871037619,7.028886047340047,6.560599043670725,6.589868474934592,6.861245579249353,6.735790277588411,6.965528561168691,6.8246193789486025,6.7454643,6.509406647746498,6.857528753117221,6.816108544879184,6.550194435461014,6.450975238814162,5.7937855858194105,6.546216745679647,6.530449211565527,6.5469439314510165,6.483705289326169,6.498645599958875
2022,12,2022_12_ATL_WAS,WAS,8,K,00-0035192,7.986561237654545,7.6466107,9.2173981327977,7.627945545533277,8.544838324144813,7.122529276442897,7.97436816788929,7.14476929723913,7.919875548758526,7.691076318285572,7.990886043739741,7.632625414734799,7.936612576797216,7.761783539299328,7.819885575289288,7.054420299503951,7.993767146554288,7.262168720113525,7.929003578324693,7.635817328358237,8.368789850646118,6.46191895006804,7.047902180677544,7.863976634787903,7.883196234524013,8.516246877491803,7.828297815019741,7.777959269307261,7.901137234301558,8.217363607395946,7.8756458129973375,7.5883746,7.496164222659338,7.624285333684701,7.9859109871004765,8.270260128125285,8.304171842025815,7.261333530358534,8.037908756618492,8.129191711548872,7.908315146758298,8.000919505812544,8.015277773970546
2022,12,2022_12_BAL_JAX,BAL,15,K,00-0029597,8.854981739092779,7.8139544,8.92433031109508,9.321083030740969,8.627226793752834,9.115791237830113,8.007481364053666,8.28788314380523,7.888435465276697,7.944845491947464,8.231103166877633,8.173126821455622,8.085479982031606,8.12559154910238,7.882208454796716,7.950078150144363,7.939148425999268,8.217190948719804,8.110349362556478,8.144929823574964,8.255105900294142,8.030473468038902,10.32026899017824,8.17354173313835,8.372859043040265,8.841912171695816,8.058226038587021,7.844513009794237,7.749290647637664,7.902414944479703,7.983400053400846,7.6150737,7.382444570158198,7.650968400139465,8.5143756453597,9.45720199303376,8.892256120187273,8.142813181263184,8.88484975645603,8.937387226705377,8.94486933492404,8.86973477880947,8.884487818526164
2022,12,2022_12_BAL_JAX,JAX,8,K,00-0036816,6.95096290608683,7.133361,7.097016303652378,7.0476717067425385,6.715805764655991,6.651534716757844,6.7958625033336535,6.532551823399473,7.024107767232931,6.957097960970911,6.490959920564145,6.994989479933579,6.896033310081358,7.121273663122062,6.65085071041157,6.516511829448228,6.561788349377491,6.848486754331052,6.382972228235694,6.564309518590616,6.211736713184305,6.218000081999098,6.355569282032101,6.654207394742743,7.160814876851704,6.5646579098816655,6.737236318948801,7.078065888729703,6.794975424530964,6.936141890065723,6.885599168915466,6.4953823,6.775622183051583,7.035241707062276,6.882947950571586,7.3438602953072305,6.9226260178301295,6.281359005047242,7.055694482691864,7.0554538014400805,6.919545717396842,6.9759202177106,7.000877529334369
2022,12,2022_12_BUF_DET,BUF,10,K,00-0036162,9.88662735934023,9.735942,12.107051110293725,12.43090415087674,11.406387201612558,11.88708301222385,10.44262573248774,10.626357025407517,9.915360578266515,9.578193114688643,8.871987597494554,9.156770398867057,9.077884346576628,8.92751774847251,8.660001648591008,8.51806684245717,8.546628079570358,8.262395741376999,8.929066361596627,8.787738924553048,8.543089125161588,8.750667808425769,11.471307385749055,8.735479469332988,8.658140595648002,11.410753932309198,10.44340560100311,9.72658038972236,8.989342617928722,9.174147954670325,9.053154436862132,9.141742,8.98341449651976,10.135152564995732,9.751408786124191,10.516084254699269,9.468532877231796,9.039588669500425,9.879423114324444,9.854260370478958,9.767824430879326,9.906787355318858,9.926947351297487
2022,12,2022_12_BUF_DET,DET,7,K,00-0034084,7.606927128418871,7.7913885,8.535101224050146,7.623643962901571,8.098645242152578,7.609296406820698,7.694841104319543,7.43934799466134,7.689786512349585,7.541363333914701,7.769678780912183,7.748017333489253,7.976093753606789,7.522765866502531,7.637819390249519,7.450479053223271,7.593693515423209,7.558471935163998,7.930363184643188,8.00977900064048,8.258378563406099,8.276883110214575,8.33679492624729,7.541863410021521,7.634597804842572,7.771316548859061,7.703479375493081,7.715896611130198,7.69945099847015,7.667771032453129,7.846977571527448,7.9031467,8.0345625387522,7.59505056081176,7.31118209319918,8.016214523779464,6.654025817232212,7.708420546120547,7.651191680034842,7.649909416127927,7.663183368176007,7.621826445031591,7.6367257616443105
2022,12,2022_12_CHI_NYJ,CHI,4,K,00-0031203,6.006347861895575,6.2121286,6.498167888718497,7.061925337372139,6.409250868746148,6.618915834542291,6.432302019212645,6.696672877430746,6.703341229300738,7.284182082528427,6.669323992276989,6.796041138546864,6.606022996115202,7.0215983537720925,6.338026549232357,6.889211024776742,6.539086273424826,6.801498835526535,7.144064517021555,7.435752073049996,6.635969351346381,6.43611926133703,5.02780628482827,6.905135382552499,6.982453658479226,6.635361729149014,6.650717136288118,6.997387179043424,6.645525807039021,6.81348439842112,6.53636282019635,6.686706,7.145813436305201,6.969222203552545,6.250888622280071,5.769503238071094,5.868367504348865,6.182216147741149,6.172450242610028,6.219781238412735,6.016961904102423,6.021461447408914,6.0365750329222525
2022,12,2022_12_CHI_NYJ,NYJ,9,K,00-0029621,8.18333980292253,7.864999,7.948490141733772,7.679486455182234,7.673457271497512,7.3074279132619155,7.649421018301685,7.201547948633994,7.658599828558724,7.362405560047907,8.797175457920808,8.366529370763706,8.537117107093666,8.326611181943365,7.932944134140962,7.153724168234606,8.722691103412998,6.987770322601215,7.95174086019867,7.354236831188629,8.854655774120745,6.878257163006008,6.83124974984937,8.25651147558208,8.070982505026322,7.347088222324908,7.480871366747704,7.54025906925173,7.7876127212429935,8.384722148388608,8.405831932059137,8.3359,8.703074904324835,7.529011270164302,8.351545900779275,7.700498556019911,7.53563435677608,9.220565873015879,7.963568275351906,7.942306052071765,8.113780099028642,8.197831496232213,8.212323189541898
2022,12,2022_12_CIN_TEN,CIN,9,K,00-0036854,7.641130886501215,7.570885,6.558958658081819,6.857029569126214,6.713391693705424,6.742459715319833,7.128956645660945,7.13950020800939,7.456041364355231,7.588399217446078,7.6052469587960285,7.58779378745028,7.787561706406173,7.808899517559772,7.85951544995439,7.71721683455582,7.753863530261874,7.684981330514483,8.045863217410185,7.511921846952006,7.145335187414969,7.286230017290631,6.884020617343213,7.565375759032963,7.660295449922449,6.302874997919155,6.93870500854293,7.4390165608185885,7.676976709427012,7.973564111728934,7.745588823153289,7.496473,7.478495322991971,7.205174056888073,7.538869312472924,7.598311388337118,7.662959987605394,7.869247693319756,7.7266006935149925,7.72841193131932,7.713863994736295,7.663560950562941,7.6859910146246655
2022,12,2022_12_CIN_TEN,TEN,10,K,00-0037606,6.694426773976038,7.37643,3.8387438685028448,2.381848485898736,4.140626539811048,3.0472968740276647,4.924298845872846,4.113196050912997,5.527395481452271,5.184325077265169,6.235028562268762,6.270923563873029,6.464521819008701,6.427895165303949,6.42290190476386,6.1398450933997175,6.320832660663761,5.868415562981655,6.031343158370876,6.789774224923872,5.126445939817324,5.185019156662268,2.189816625444802,6.328394714131241,6.388671859484267,4.237268044668324,4.936020523714789,5.651969462731943,6.561738907872815,6.203638170291432,6.246889357169209,5.267624,4.877551609908744,5.602936087593035,6.745803336750139,6.661122928298205,5.906680350349124,7.077842832984005,6.881083350466619,6.909183306458801,6.691219440711719,6.7226457119298715,6.750864649883702
2022,12,2022_12_DEN_CAR,CAR,12,K,00-0034173,6.713250266573143,6.9413357,6.544241948451232,6.865486912639151,6.497184267486175,6.79624560718087,6.675811873713762,7.113037586377384,6.888345426984913,7.393013273460911,7.352925232816681,7.171594374722503,7.242118547036986,7.461678017419638,6.749404452197348,7.055454121485684,7.282140391050985,7.702329472458017,7.75730199440854,7.8306252387430115,6.776573163766157,7.5544795245838,7.680506711884931,8.015395959896486,7.519730270015962,7.531370411059527,7.136165460544017,7.136612084835866,7.11442093637934,7.358142556338446,7.263845869015373,7.07616,7.303662335873079,7.261210545587136,6.803552353819195,6.462851249645509,6.734905748392226,7.067767428649787,6.697260083689903,6.639488056749396,6.755487911396207,6.731755473269493,6.7502606799658444
2022,12,2022_12_DEN_CAR,DEN,4,K,00-0029822,7.982126505209701,7.1357913,8.226108956033091,8.957625399225385,7.77445593342044,8.477255686192123,7.275702690013162,7.79822035790131,7.25478023294843,7.674877902959444,7.72899643804067,7.797195386161702,7.507701049770469,7.931577866852044,7.069394596381407,7.553534102981735,7.183919291260692,7.699660819064427,7.294951818249376,7.660066589903673,7.642925542899815,7.577013497813794,8.366418861968748,7.886378258406323,7.695848693620746,7.695253783554918,7.26847077981767,7.27592920485897,7.17347533180491,7.195791402447007,7.587850485061473,7.172235,7.279602654164535,7.136937059656626,7.758504402791829,8.374900933116722,8.064670213662033,7.490738948796295,7.951366094095322,8.025917944729924,7.926301032722505,7.998372167971047,8.01461783073239
2022,12,2022_12_GB_PHI,GB,9,K,00-0025580,6.678321489824111,7.04249,4.17041246016136,4.652424123518129,4.618971949164408,4.453829722462109,5.525381882552253,5.291935046861772,6.074951957100119,6.225682174509122,6.376405009442532,6.475786491244593,6.591103189112551,6.617218415227443,5.900853784056887,6.386307176566001,5.665317037357088,6.311681038010893,6.008425350695398,6.160734434733191,6.125033854881533,6.751026581120031,4.66200536433985,5.593954634940854,6.5449386630515125,4.5846462955024325,5.376665965889304,6.221182653578001,6.085144514778388,6.098530075523049,6.539392372580415,6.0420513,5.789379083065452,6.407000732803343,6.719231976748035,6.872126853606755,5.755508781831917,6.690751385869033,6.735396175410779,6.686645062426928,6.691838008177109,6.6889849270015524,6.699648364178994
2022,12,2022_12_GB_PHI,PHI,12,K,00-0033787,8.144092311383236,8.30645,6.722238745928662,7.590593763596382,6.646596485175426,7.20765127004376,6.9202843260302425,6.935774767890079,7.161380136040608,7.045879436154405,8.16006772569501,7.949223180185643,8.110100653652118,8.01933047620279,7.820713764999688,7.666262512804259,7.828937944461857,7.649290295745533,7.7543004956642685,7.453764219761066,8.512363087877171,7.821340547329456,7.596588207641956,7.411797633927551,7.896840017943633,6.272933657933123,6.675087414902984,7.084393393223716,7.772789703892691,7.5351721726180925,8.085832906614883,7.465015,7.926598009110863,7.062260399692525,7.889186705962688,8.40567876881027,6.995834502422163,8.577406709140527,8.168998677512095,8.147501925586662,8.105192078641078,8.15833384507733,8.172575378771421
2022,12,2022_12_HOU_MIA,HOU,3,K,00-0032726,6.224839018770914,6.3802204,5.337747208701289,4.970010620244299,5.327058834640145,4.902444871208763,5.657906704175993,5.305860444498896,6.104567020148585,6.089169348480679,6.660542142100331,7.000105263501049,6.801620903021053,6.776979307014691,6.737999726882221,6.651377144694706,7.066704511054741,6.427236080542173,7.144855721110417,6.564451487263721,7.199162320057838,6.710962244354572,5.053160125865942,5.937621280090058,6.387538346842204,5.387783066544824,5.659222472051929,6.244667060485112,6.665211350607228,6.748843307393372,6.728060230615676,6.5953555,6.73837025950289,6.389903111079342,6.202181957662001,6.194409630901337,5.791806545918538,6.536199622599628,6.205658447374548,6.130241305875203,6.229028342031837,6.236684169348553,6.248529319926193
2022,12,2022_12_HOU_MIA,MIA,13,K,00-0034794,8.826592039157651,9.102595,8.9242376463985,8.879775823859317,9.021194229252432,9.335470827684654,8.71519288325012,9.11091145030728,8.54918323232642,8.902084255175357,8.231489409399373,8.724709826367297,8.268174436225502,8.697534309172319,8.20211350274612,9.103975240662256,8.116912902097306,9.300566980196884,8.191219764205018,9.722674289197355,8.549756634248382,9.302410467617566,9.826464601473472,9.463038616959878,8.765008481106296,8.968739240053853,8.72377136068504,8.527049743126812,8.011547306510957,8.08693873979064,8.333963090546852,8.100327,8.198847338200629,8.920841762185411,8.810312223266756,9.21189052134438,8.578348838934751,8.204536398731985,8.86169073536691,8.844977947179718,8.866219479989365,8.840040326124463,8.853488613091276
2022,12,2022_12_LAC_ARI,ARI,7,K,00-0023853,8.470975271626273,8.152439,9.20940900357051,8.674311421907117,8.545315759427908,8.265413518172593,8.131535309612874,8.133555490466856,8.031038255716831,8.08665878302946,8.330543926828085,8.09061830716485,8.211909634324666,8.179053468336027,8.244660870806046,7.876533468115692,8.266730534387397,7.688402616275895,7.983035878588392,8.053662376577073,8.794406207923375,7.801156371701213,7.724171766755505,7.987536676448562,8.15852756048591,9.430371079916,8.638282892292287,8.309132632857784,8.412407161212649,8.11458631017937,8.26375524375524,8.584008,9.209879452443388,7.878056993269944,8.150963651804448,8.957277751924735,8.663980182871043,7.8818852851396946,8.424401542399442,8.477811324739463,8.452095664231438,8.487214883475417,8.50345449532456
2022,12,2022_12_LAC_ARI,LAC,5,K,00-0037224,9.050915523884491,8.638577,9.189747505698108,8.350796692679113,9.21989625474752,9.437822874666788,9.24969691247868,9.921561459503833,9.030318513478193,9.253558714202637,9.064295911358782,8.984126298104412,8.95855715016326,8.928253221787944,8.87561919261909,9.17482037732786,8.904032127624447,9.405525053099964,9.027464514349152,9.483187418529823,9.449401179399132,10.211380537549708,9.708097826992658,8.945437895433589,8.9933227450733,9.119439198575186,9.089194420989209,8.799742143792026,8.612289538147683,8.682032522223619,8.503628327610787,9.081723,9.120095209160716,8.604986895956305,9.042416128924804,8.99152709962857,9.336787141665523,9.039505655945355,8.973763142256361,8.98809793237882,8.97090680035246,9.084583218130524,9.118250912376556
2022,12,2022_12_LA_KC,KC,14,K,00-0033303,8.862153327572399,9.010977,7.227696864980277,5.970430118307415,7.70984416809205,6.538003884807711,8.401900494183911,7.7362436643834895,8.545306742300678,8.46879943503358,8.304744300337973,8.015713343068011,8.2533383577399,8.24166224603199,8.663926012958113,8.685476665934003,8.456663410855109,8.182367698213529,8.406818654420961,8.223425037985013,8.103121441055489,8.148565727683014,6.052325577143365,8.283206062168802,8.258865572033017,7.795901262478737,8.510262640156515,8.635275898609626,8.620614803772128,8.491996886769087,8.285592178201139,8.523152,8.121253384840417,8.93215541210623,8.973503353114543,9.091747074589303,8.917530838769082,8.20825203962703,8.80671277187872,8.774794739435636,8.833423270897022,8.87586303368127,8.88957273979014
2022,12,2022_12_LA_KC,LA,5,K,00-0035269,5.385506707651231,5.802463,4.343915608939373,4.296062428229938,4.369569007743394,4.56394380966646,5.167141307161243,5.280771519051703,5.87046415910474,6.128697285779385,5.759168148368295,6.155931235948366,6.060549273885571,6.28654583025149,6.093381973220161,6.275858434197928,5.410149640613247,5.872735239215287,5.615914556262227,6.2742892392412974,5.158141464965538,5.352052869567046,4.223528229544946,5.998710384051935,6.058746755594738,4.4815795924114425,5.224510792741608,6.164043648150546,6.05726918973597,5.873014885105015,5.911943034460331,5.656764,5.753127118340947,6.179728777695149,5.699727035673283,4.871214938580346,5.390386690643317,5.94031976226388,5.406861163055974,5.38140218732554,5.446095733648764,5.396035088749195,5.40656346984716
2022,12,2022_12_LV_SEA,LV,10,K,00-0034161,7.37185445786387,7.385966,7.063002457962805,7.323647120436783,7.071257827803434,7.218377496330738,7.088183092180082,6.9703668363296805,7.238606426639547,7.318046324887352,7.5733827215130365,7.743783444490727,7.505464102231749,7.686249751732055,7.542285767746472,7.81627667629806,7.58517034225184,7.961256478512224,7.563618130885695,7.256175247893508,6.967133766931014,7.709793042830557,7.314216915831193,7.445711930245194,7.7301840473798045,7.515098498691328,7.004780448957122,7.172579268427462,7.321642630270032,7.097754494983795,7.493522429301191,6.7692566,7.095619845516981,7.221076603871015,7.697155617791454,7.1065348137421775,7.029529019289116,7.585704725503259,7.311588220228085,7.244521117818765,7.480269460591629,7.387902675636424,7.403950893408977
2022,12,2022_12_LV_SEA,SEA,10,K,00-0031492,8.213811222467909,8.163787,7.183549285329941,6.971233581883134,7.338624639755159,6.994041083088057,7.757264961595505,7.5756974015526,7.904109187168211,7.831740577396441,8.298262247721599,8.30181841318653,8.221793766918191,8.322426045483844,8.604781902743499,8.213407272033281,8.475245756074067,8.064316693504152,8.155744120849029,8.226599346876274,8.022404462942195,8.205258717897614,7.279303753130629,7.912676754299257,7.860175515370215,7.269579387198788,7.815870329605999,8.016786951243256,7.917295256635941,8.127907897774392,8.278633883428714,7.7474775,8.117087341758563,7.924141028709052,7.812932153921539,8.6057367467246,8.305038158594265,7.9856653087108995,8.21248027329388,8.1774497833994,8.234629290051068,8.228007086668523,8.242202950869135
2022,12,2022_12_NE_MIN,MIN,9,K,00-0034450,7.509244150213256,8.236953,7.133596928254796,6.240960758033967,7.329916940635422,6.733311727974362,7.424800327991559,7.177824554084419,7.406080572230887,7.339363175217477,7.5338787234052065,7.515048788061533,7.594201775830888,7.4927650367357,6.844406373942757,7.056768320333091,6.613487934553502,7.469765229248176,7.008519695568115,7.20565399005385,7.090422310953265,6.352937499227468,6.661795590228337,6.873205448398895,7.795674779535681,7.373940443401669,7.476434449122322,7.472990657116394,7.038971689363121,6.759418423160078,7.655183966897976,6.8532157,6.665729792433517,7.621325123227557,7.712984232183432,7.659482780193826,6.904081561257302,7.20573806177483,7.3828718407353655,7.3768947568795245,7.564261730436877,7.52531334318238,7.541382536151507
2022,12,2022_12_NE_MIN,NE,15,K,00-0025565,8.085301389764748,7.750814,7.193930876530461,7.9915762675044,7.2732578577126095,7.760426785921215,7.828589422265159,8.323108505843235,8.174745121190947,8.64229435465476,8.234977752493885,7.567737628923319,7.954250456583959,7.535744067635934,7.733004374108753,7.343885312991976,7.563009922008734,7.575099165164849,7.811645143008286,7.478449587632897,7.886321197275612,6.672267530539567,7.566082853831221,7.343617243638794,7.907199013814017,7.258833953112189,7.835738785877158,8.32138132106758,7.870115284400496,7.830011193953444,7.747877486924005,7.5799937,7.685376721145336,8.492221713171695,8.566447642884505,7.699561649719213,7.638126641254987,8.358648864431062,7.888967393255127,7.871379146770506,7.964185652635672,8.099889190641026,8.114476991517302
2022,12,2022_12_NO_SF,NO,0,K,00-0032569,6.741466477991088,6.616932,7.02264961287799,8.188334683669762,7.095824660561771,7.598753988634828,7.037151793875585,7.138170040784057,7.064396248032541,7.031257882076023,6.280216844283902,6.612406767638134,6.463536526525348,6.771148683280188,6.714119468286766,6.905786728719667,6.847989288515208,7.277676106088643,7.024840879787546,7.286236454691354,6.869906038099834,7.565251628975334,7.138618675007537,6.928693559538702,6.535170789088472,7.126309275259542,7.043967339546504,7.059597016977139,6.8143846370330055,6.899308283590985,6.671780982500138,6.75622,6.670534127309211,7.073232550772646,6.329861341570935,7.203695877202274,6.647703787886676,6.481296729251146,6.903574622445761,6.927230471928404,6.77007596162211,6.752910138263971,6.764353798536854
2022,12,2022_12_NO_SF,SF,8,K,00-0023252,7.711697638109157,8.464258,7.425548622265775,6.401806681623878,7.607512792632731,6.681099285811754,7.793118225981308,7.208645346212561,7.94241386998554,7.804562508127822,8.172463229821789,8.041756647934625,8.291000409292028,8.22140522078284,8.42450880574252,7.914779222425306,8.604064619252458,7.778754893983403,8.194667700136945,7.868491681365646,8.512454649145281,7.558664673183254,6.547659996795796,7.654373809500569,8.164618755001902,7.558867034706804,7.757377095194656,7.93297009413575,8.45589604558094,8.332259630765458,8.25643641918411,8.239878,8.144257333599112,8.52365648287467,7.812644102720646,7.580592373843487,7.359708904340032,7.998482836607832,7.741183684731398,7.674871878431459,7.76756942645472,7.721772661407151,7.731847684705142
2022,12,2022_12_NYG_DAL,DAL,4,K,00-0030332,9.42052789240604,9.215587,10.740765608053191,10.868449487870322,9.6661151943571,10.575813734289287,9.011180524652604,9.64402578262045,8.95045993246547,9.02029858563036,8.391102114038489,8.351798029060472,8.50785118945409,8.532130777373748,8.854543198950125,8.860301851144428,8.937031389244513,8.619161025160485,8.56605205360232,8.22977376981082,9.119982619425953,8.419125009835998,9.890931818533463,8.547959089564756,8.478868386866287,9.97890287567693,9.202968769918687,8.972952413390743,9.354478407033792,9.403141929677163,8.733527687059153,9.475715,9.265133492650218,8.736969698112873,8.922634949892233,9.885028654594874,10.139360257490289,8.878949599256948,9.46235055371613,9.539901048548744,9.23342563118469,9.43978339447239,9.459038896538738
2022,12,2022_12_NYG_DAL,NYG,11,K,00-0026858,6.796403638222099,7.173805,5.08724283987322,4.514513208371214,5.353763810312487,4.703503382224141,6.267637098273441,5.579383258897913,6.742207846925631,6.4774647825198,7.524548312924908,7.249886477387446,7.480417253047054,7.355631057379211,6.931767016203128,7.243224131368178,7.405928636317102,7.575781326637723,7.107425420583695,7.770470559460272,7.967488412468057,7.781299919545018,4.373494575740617,6.602550187569102,7.295754394448756,5.731387257116957,6.519332138673001,6.959426300459025,7.0779991773139415,7.70824797107428,7.485385129929106,7.433176,7.312544621195976,6.929798565768658,7.027077382466074,6.39469466293639,6.855614294365892,7.2242056443556555,6.7481334175601715,6.7448933270110984,6.844728800646634,6.8115503489303135,6.826697059638528
2022,12,2022_12_PIT_IND,IND,7,K,00-0035358,8.589986693431062,8.069609,9.617242379937204,11.069134794994495,9.13937996080963,10.439505870183496,8.842173932726686,9.756078058664333,8.678578885629493,9.065403349374916,8.621563705245695,8.842634706630493,8.482014725079678,8.654356358166702,8.627017078435872,8.72417442065809,8.578662277443774,9.230808132266793,8.556898686523521,8.917627162764418,9.112701211069718,9.166191677665656,10.076344801788256,8.936347299464218,8.803820801525264,9.343327433928998,8.973642838273513,8.640032224156647,8.362721310014072,8.541058454593422,8.461730168976457,8.43452,8.428561695086234,8.606794404826761,8.671797556420326,8.603307801437506,8.56922213741105,8.45101046094428,8.503220175988107,8.544935716341273,8.54436277085601,8.614537391300255,8.63908808916945
2022,12,2022_12_PIT_IND,PIT,13,K,00-0035189,7.04571356033501,7.5834703,6.231677011659031,4.298266087469395,6.635605414076651,5.804592247861343,7.42391523158594,7.337442916505124,7.747150073375153,8.033729867576799,7.300539080036374,7.616344656770503,7.556251882046884,7.723151265386199,7.107023803709403,8.095306033997229,7.171453516113431,7.993047332288005,6.924430391568749,8.255158860956124,7.040684019570315,7.907066612654957,5.591052882489397,8.2806157681064,8.037516741675166,6.63899836823042,7.477927038350583,7.850541039629227,7.363584782385282,7.198080557532449,7.546230106287756,7.2891417,7.340170434082735,7.797051323533534,7.426267736326335,6.594269711355484,7.421472905736163,7.189890321606495,7.030016666036943,7.015795287026879,6.998848991638594,7.064844525151475,7.083975489967941
2022,12,2022_12_TB_CLE,CLE,7,K,00-0038097,7.191980738774498,7.115037,7.812453449756298,10.133318072137463,7.790405005422489,9.386622764770456,7.510209781938115,8.324180573633704,7.53205391718499,7.9035511560964755,7.076941136071962,7.675308566658525,7.165347852243472,7.563716895573278,6.955904974281309,7.526137577029246,7.070456371990116,7.967966808338073,6.49451050641931,7.460510788307344,6.6901461540846086,7.228252280287493,10.72171272224075,8.059797204337292,7.508522090896834,8.054382411136462,7.439405646049972,7.481515723883946,7.055509568902035,7.049703215944001,7.246957016537928,6.554731,6.65650714149916,7.338793982467748,7.0499770217985,7.776649603892928,7.067057317889522,6.298110294444117,7.285556443375176,7.282334404663381,7.202068120341111,7.2158412687074405,7.2397017986403815
2022,12,2022_12_TB_CLE,TB,6,K,00-0026968,8.015242182013395,7.698403,8.513023588492226,7.793335691915851,8.411778380662742,8.464777517620986,8.122772036832584,8.559458943174732,8.053214452297148,8.355461977853928,8.11446050590515,8.270087573958923,8.256683585665783,8.40088235128577,7.979047866176698,8.195319252043983,8.020902299141678,8.171928457073324,8.182250407233335,8.288824764821104,7.807160558820049,8.386523747579302,9.234953865917555,8.317666829883285,8.469956003961189,8.610365229996546,8.309824562439468,8.246632218592872,8.4391923306911,8.912992766886646,8.475335851884106,8.405892,7.913535992400592,8.20636870330235,8.10945833786952,8.085941645953831,7.576450101524063,7.951915060593006,7.899802652664709,7.886513321342806,7.949255098582502,8.031795751790664,8.048349321567928
2022,13,2022_13_BUF_NE,BUF,7,K,00-0036162,8.41802919938582,7.847423,10.243824748166654,9.03054684067886,9.713109967415823,8.962159233272411,8.9595434405786,8.506646280161606,8.649902943521942,8.434747548137462,8.331543287751591,8.316245926265085,8.35748002725638,8.367140959715677,7.832398495997833,7.762537399800854,7.833643499289638,7.997143021512018,7.838981144804659,7.912521727312183,7.667918112513295,7.50574914044397,7.400082765886851,8.274851490356397,8.220753913082119,9.91785007370102,9.243790249721137,8.80276338858867,8.156671831239656,8.22667716642564,8.399542747868738,8.262759,7.893812715626851,8.764796198777578,8.282757492996263,8.452888075326106,8.055297053333065,8.732585080115966,8.395483224467018,8.41118449904728,8.446970898177259,8.437015622012025,8.456002044638229
2022,13,2022_13_BUF_NE,NE,4,K,00-0025565,7.186158895749867,7.1668296,6.077620402127017,5.464534201962859,6.319711194620279,5.9961265378125095,7.0919051299024485,7.025826518637242,7.655331272367276,7.727775150835367,6.9398509543714,6.719960184738752,7.177502399207239,6.86783556040437,7.217708913897657,6.6118268491733385,7.59431072172922,6.932398678353819,7.613936045771712,6.510600491672658,7.366772806703909,6.77862783452024,5.398135117739995,6.897670304043932,6.882765804790905,6.20025046954671,6.968593373631482,7.738725492519168,7.084673622595947,7.314844309561645,7.179463842963394,7.3064322,6.943297365969386,8.017575234497711,7.616365793931481,7.040103197374311,6.902136844815038,6.974970970695973,7.103013162573876,7.0180799385830115,7.110077617310247,7.19745361018234,7.208748324614812
2022,13,2022_13_BUF_NE,NE,0,K,00-0034909,7.261952807955202,7.1668296,7.3537492865228336,6.873456601418348,7.427778404548326,7.270326008512095,7.525613219270392,7.503344723388062,7.63137885047303,7.630556910772409,6.690904890874632,6.724603644371637,6.765300387283316,6.766838283133023,6.962192494384446,6.56449740556406,7.235945388685038,6.519913925123481,7.064263670912885,6.4824104427088525,6.909790596962111,6.19596159736189,7.104741804779851,6.667687242515667,6.659308972862392,7.681581015045656,7.513132292218535,7.693422944720273,6.80322203989812,7.2938361309039585,6.898282357301623,7.19975,7.072023008132699,7.804118420817935,8.001429920738103,6.927574899441383,7.391979400459925,6.756479659556131,6.993486752075091,6.935639096733121,7.243855208084005,7.284669412151274,7.307386016347346
2022,13,2022_13_CLE_HOU,CLE,11,K,00-0038097,9.097994952779914,9.02431,10.215447454383831,12.588006151445878,10.112252644205798,11.9864317848562,9.432891825536863,10.603675693608835,8.960416558506093,9.4579849478344,9.031409234205118,9.50260294888559,8.972201475861244,9.423137855504152,8.877948789953102,9.445540035637928,8.722842168669162,9.691696386827964,8.802559238562965,9.814381656485589,8.568473893331223,8.602157763121813,12.35521431787491,9.843387531891732,9.202751782226397,10.552651586912177,9.49299676421372,8.78728577480071,8.75936429849541,9.145324915956202,8.900978820947245,8.632802,8.60828865386982,8.926895808883755,9.053613324805506,9.055807830510108,8.611111903552324,9.492383163894932,9.012961583784243,9.016419890874868,9.081398321325945,9.12495988325108,9.151924813722248
2022,13,2022_13_CLE_HOU,HOU,7,K,00-0032726,7.189361490334223,7.5658946,6.838097644962623,7.377308969215564,6.771341022430882,7.253083631620298,6.822734871287655,7.357264150799587,7.020468977732572,7.385733917699729,6.764326577193916,7.292151540051901,7.197793338553812,7.448348570001245,7.07615546416569,7.457753525855628,6.907823551511683,7.307881966562522,6.767824243410393,7.980721725679309,6.867026861940327,8.026712826420164,7.407160254440996,7.425427963079882,7.518444850107804,6.908059631404004,6.94268051091105,7.187516077955673,7.02051172715848,6.775798748083191,7.219336631745847,7.2163744,6.618995723109319,7.287300703303611,7.1984411980021985,7.21776111848063,6.837127589626206,7.295059622893453,7.075734735772883,7.004817922770862,7.162439287432116,7.201939412730946,7.21451733512767
2022,13,2022_13_DEN_BAL,BAL,4,K,00-0029597,9.57403514372446,8.229977,10.1754808024496,10.601388552035242,9.797353837899225,10.08941209752644,8.918822203142494,9.287231965294763,8.57166442680176,8.93061831167326,9.164388061391344,9.31843553644008,8.921742245079479,9.173486913364227,8.797584081959775,9.313199650924986,8.746888901141432,9.258348522563866,8.64823696401457,9.724646056121642,8.772137055619952,10.360623166464858,11.035093466910611,9.445978904202596,9.338360244095927,10.51945835322768,9.352333366400524,8.666519639484951,8.65526909429767,8.569351829767713,8.714564495212967,8.804877,8.374149186338009,8.873184928587273,8.790673225767186,9.918714295243937,9.527084567344895,10.083195005811197,9.60378465199143,9.657832944343165,9.597611411815556,9.586293071033662,9.598550998342864
2022,13,2022_13_DEN_BAL,DEN,14,K,00-0029822,6.916759127572314,6.382651,7.182456324944116,6.859586349889485,6.757234658672369,6.595673345442887,6.326977070452935,6.205941605448009,6.4572048516724925,6.56393364516776,7.426176284568175,7.3739498976665985,7.15817756407069,7.202245643091463,6.917284660680235,6.525532196455285,7.437705430538673,6.575822425617629,7.277208467769775,6.768151932374111,7.291403396910457,7.525394132379732,6.1858326111781405,6.88109657366861,6.598546239486412,6.7387092150136425,6.275899942036309,6.524020763734122,6.573955102132411,6.76063088853261,7.176103069259748,7.2596855,7.397281938127326,6.53064770181961,6.7605228493919824,6.6369102443712364,6.838340173338319,7.750020788361963,6.933491383025129,6.979050591793442,6.910109128944036,6.930046131283115,6.943333134993916
2022,13,2022_13_GB_CHI,CHI,8,K,00-0031203,6.972265173936454,7.2186217,7.201272669807056,9.021917958628828,6.899659986685004,7.780448103856437,6.851395805614632,7.160916433818091,7.065283754237489,7.346976799846351,6.884577818262146,7.219097093330768,7.011118411523104,7.142123553425565,6.843991025787502,7.091870955716926,7.200759439137758,7.389856873659589,7.3545989972571615,7.156159915499652,7.679316281505169,7.865060208194888,7.166757456562618,7.283710737684232,7.159559945210935,6.669132723975082,6.792273534851676,7.131926156895151,7.060503142865341,6.819060653198096,7.023666178635531,6.8500776,7.150326691069977,7.075183451274154,7.113610311806005,7.173274550356459,6.808543542691611,6.440089529914536,7.11037983176215,7.1025228321646106,6.960776775376929,6.988345649419287,7.00442612490212
2022,13,2022_13_GB_CHI,GB,8,K,00-0025580,7.692954435245902,7.9964433,6.083389990373322,6.551921752201968,6.469622825230957,6.399030764315139,7.103048116117186,7.078556415369801,7.430292549133589,7.655738343255241,8.083378948616213,7.97961796447347,8.066333575827906,7.925370151152154,7.498667555660997,7.61949551759839,7.554078030464443,7.479269277070913,7.86041924787439,7.576938650044672,6.904040362197366,6.91338708601983,5.901890507780674,8.719203169076119,8.007691007356735,6.299995669092458,6.795295168557956,7.300678148382545,7.486629502417295,7.293823054916955,7.841721045647831,6.907305,6.905803494885167,7.438062978189571,7.702970461508054,7.857543945729947,7.578010625365563,7.406223279824748,7.757968621595015,7.696735999707055,7.6963321098694095,7.702956268516278,7.712958101786656
2022,13,2022_13_IND_DAL,DAL,6,K,00-0030332,9.23899127061088,9.197263,10.153001099813276,9.050546695068212,9.333275289514027,9.076442776195396,8.75546278751133,8.733819301315567,8.67185201949182,8.628117941774484,8.439291619361194,8.767740921760902,8.431401406145993,8.707241426775687,8.524228560960818,9.034078274306417,8.686035509884505,8.697700179671513,8.08912522929644,8.792244525028213,8.210703487495937,9.2051923666188,8.8273140412738,8.685473525005715,8.637192560279832,9.4446335495858,8.77949827135767,8.57906684925886,8.604856173368026,8.333271175991223,8.525425589854303,8.100513,8.20455737441054,8.309846477877532,8.61323309368451,9.756768836655818,9.732617010610937,8.89526053391053,9.2838712815814,9.352785883354615,9.088212088557617,9.258361846926263,9.277732423241646
2022,13,2022_13_IND_DAL,IND,9,K,00-0035358,7.122798357422143,7.058254,8.00194899110439,8.538392234597781,7.728733449278334,8.254321776809377,7.426953281946959,7.592084607803124,7.460013772092306,7.362336852067294,7.791310533349399,7.880257625662865,7.600059938854259,7.690817078345587,7.586711099341834,7.4719393165498,7.543478944156635,7.92553944882701,7.228134849223306,7.996536576862496,8.046294838107963,8.234305124837938,7.514918329350725,6.989489036461254,7.754474818692095,8.015847972941017,7.599970586790027,7.5828334563595,7.569547533530603,7.372654427964298,7.818229636569529,7.9742393,8.332807053326162,7.607282771349644,6.695966983921421,7.322879464286327,6.356868661089283,7.745848052111288,7.236975525728161,7.221757301526981,7.106239661645328,7.143238444173864,7.163678530925585
2022,13,2022_13_JAX_DET,DET,19,K,00-0034084,8.772998664392368,8.693549,9.63629571784046,9.412369741409035,9.44547071974007,9.421219734169275,8.855379366784083,8.825605649341925,8.550257423689425,8.412252082909298,8.298026046400087,8.480651872168654,8.445672633732203,8.509378800738755,8.440410872308696,8.199067606631623,8.515720554631729,8.209710468295333,8.976024483152766,8.27880678119764,8.632512901080743,8.347322174279247,10.0881115217279,8.158079101945015,8.511550736499645,9.34225262555895,8.896970781047798,8.472979921444079,8.306521081118033,8.137700243610201,8.571122666572448,8.413734,8.39906659453836,8.504352717406688,8.425492485495585,9.04760237969491,8.19740205842437,9.032848805116462,8.73183217788256,8.733850900795806,8.805326005882577,8.78992698978771,8.80685531518305
2022,13,2022_13_JAX_DET,JAX,7,K,00-0036816,8.623462892790727,8.499094,9.299087739510986,10.117603957762269,9.022666913305482,9.65889053411102,8.674387685864042,9.002745684642035,8.455000032881328,8.400816790497657,8.548806274236306,8.775776217319926,8.624777647068683,8.504348173471058,8.456946242592773,8.534465339240622,8.561938309351195,8.57713936940137,9.046502184185227,8.626586228755627,9.025888996931688,9.04419996148702,10.019812587323528,8.568907637587168,8.73842331453237,8.720058290378665,8.465238052107706,8.257824358466124,8.443668758976738,8.408527242202215,8.513381992414471,8.952629,9.244360911986496,8.303519243053861,8.41050883160961,8.621523465076255,8.51644277288703,9.000282899943198,8.610076483506873,8.59720958004978,8.603031837061996,8.648349979767003,8.67323706674328
2022,13,2022_13_KC_CIN,CIN,10,K,00-0036854,7.680669873498298,7.899964,6.621727757986803,6.5769977950371175,6.735510477702883,6.791560979479616,7.309272710640672,7.387896094513664,7.651890901729073,7.695336880790562,7.843320839953684,7.669234556459873,7.981525868225119,7.894272438039016,8.275456104018472,7.741763949478284,7.707594913401864,7.749289212166773,7.952115594754171,7.620058820989047,7.920171082804332,7.371222744785264,5.994895690168286,7.699466451923896,7.615702041943555,6.2873887709678735,7.080555197183754,7.650253085939912,8.034314031128726,7.675708020701802,7.80214793273645,7.6896424,7.315463772512124,7.596869513878104,8.129803429907456,7.334979775217634,7.485518644436434,7.795925349976822,7.63892166654804,7.58564070910867,7.722983503450077,7.700793446020176,7.720917018542053
2022,13,2022_13_KC_CIN,KC,6,K,00-0033303,8.601970709506928,8.386103,6.791360514019911,5.738112992217273,7.5320315000168865,6.715500324305175,8.32231465631669,7.954849289855242,8.461738771152548,8.47989648148765,8.137178777193146,8.012116963016828,8.321516570975321,8.327161109541668,8.46902706284381,8.723167404334438,8.427373614553971,8.426945081435981,8.42387117584446,7.97644679620719,8.042322036317772,8.599878685570888,6.666390862889115,8.270862073823166,8.333152610928652,7.284340503342594,8.416346366549858,8.667234329012418,8.471282432421942,8.378900881955763,8.39384385728601,8.568578,8.273930874322101,8.890725704841568,8.761228794358633,8.610774062740655,8.591827530183823,8.350548465423465,8.556974547627837,8.544134652534279,8.520784793046504,8.613547376809317,8.625124044111706
2022,13,2022_13_LAC_LV,LAC,8,K,00-0037224,8.488531974014084,8.185908,8.957576866668989,8.203101319976852,8.890701397912444,8.729922043662276,8.78830953564041,8.972739464694772,8.619480136411378,8.623768905005935,8.359769900210821,8.176758763893275,8.272928038596506,8.190726316121323,8.594042048390722,8.012581845838449,8.57643576429209,8.278148693396345,8.541137134262133,8.363862218149068,8.707910242490103,8.466909520868102,9.195014937690264,8.366563477024116,8.571490326924799,8.82170537353125,8.742267650725477,8.600331047378553,8.787907222161044,8.821789419811743,8.5064318836136,8.828107,9.357773556727135,8.298152225472553,8.388957739190573,8.58311639020074,8.97680286045571,8.204589050655226,8.484766461618321,8.501993295227836,8.447676022482916,8.519886477627281,8.55124098124048
2022,13,2022_13_LAC_LV,LV,11,K,00-0034161,8.644232274572932,8.672047,8.149174070588002,8.163868626698228,8.139741970702127,8.408838636955128,8.218179954158455,8.567383623585439,8.349125184902789,8.651160674451047,8.782486893997023,8.5304166696948,8.663878904933444,8.698532349775675,8.544454194324116,9.00074209939649,8.761993899507745,9.02814700325732,8.696301112531625,8.567643518707616,8.755226126013634,8.59973052204011,8.981081428633221,8.797069030157608,8.807050378895884,8.952114441406144,8.413655530013878,8.41906542245585,8.708440800408304,8.6695460827566,8.854799326939858,8.770643,8.606011871616781,8.445500073434875,8.859629250712493,8.51566246559938,8.579029792088987,8.610877669552663,8.576826526337955,8.537574719605546,8.6579536726996,8.662244273593103,8.680256272613274
2022,13,2022_13_MIA_SF,MIA,6,K,00-0034794,7.196392241337996,7.2369456,7.032199045528092,7.079001344170851,7.018151347369007,6.925361634634636,7.026633095585963,6.859690891812395,7.243583561363621,7.243488121589514,7.579398136072747,7.741458336752348,7.579979955161797,7.659604950506015,7.355049178855697,7.472424524558057,7.567713899471755,7.477851090918896,7.647384469183912,7.979510854580324,7.600454257440658,7.900472301664774,7.607469896199943,7.379302636486033,7.808468697320315,6.860848053972713,6.924361848618436,7.260226537710691,7.389889773981611,7.710338278783428,7.723801335665221,7.965454,8.235405524769387,7.248629554339502,6.870647194276365,7.342433176822341,6.79182192723531,7.595213098013093,7.256390404068189,7.22461532276777,7.240967528147551,7.20741366162939,7.218435081920784
2022,13,2022_13_MIA_SF,SF,18,K,00-0023252,7.64600703962923,8.111995,7.161566638744504,6.497138372753591,7.361674348470992,6.483190858130515,7.607696471192418,6.785563196482281,7.745875118163957,7.315932931076687,8.073682295942925,7.92009564751787,8.04668599636608,7.618098101589532,8.138686765657022,7.556881141487813,7.815360621659995,7.529193226891819,7.842967922429574,6.889772630728537,8.537130814516486,7.27037920908112,6.248859348798804,7.370836020145051,7.829667570334996,7.12609655351393,7.443497265546667,7.634802813500178,7.742796460889164,7.820175771837828,7.913704608170553,8.141307,7.819709069112262,7.795847942184586,7.860955786383945,7.643630405710628,7.369755188476981,7.466463112910483,7.608136735149305,7.558420101668198,7.67043211591971,7.657136163491223,7.668265287353218
2022,13,2022_13_NO_TB,NO,10,K,00-0032569,7.149718672128736,6.9994855,7.758941165929218,9.459158766133353,7.926136351504511,9.137988123312596,7.64499437876401,8.432684400851151,7.413380715293644,7.7544381182149555,7.063482608036617,7.458437884166567,7.036270531780021,7.363245407475437,7.052631317983765,7.223174798358829,7.620378753102631,7.526713547158643,7.411928140403847,7.507874183771664,7.692122047208802,7.726849584766559,9.419044466935388,7.715076284699493,7.234392542146358,7.821101918372701,7.756686705503373,7.459593382025558,7.214722537234873,7.212146709407487,7.286612876105208,7.481453,7.898292221965187,7.6156098980786755,6.806640694311221,7.587856457227603,7.333991900796357,6.695923454323459,7.258694412363808,7.253375260186982,7.219177009372021,7.161729440919051,7.173740209709365
2022,13,2022_13_NO_TB,TB,5,K,00-0026968,7.33321795826075,7.6800795,7.543915984964196,7.655631887894846,7.514091707891133,8.120302201645426,7.542058571433382,8.090429421528592,7.597456577299776,8.021144169405826,7.716132304255645,8.044042188147808,7.604327862396975,8.10103523587875,7.435145152296438,7.916175376483253,7.30865636900303,7.989002752341344,7.270581957313533,7.825475940624785,7.550313443207809,8.03878600909101,7.778467425468298,7.591893812190757,8.052935111381961,7.949273551535518,7.759873741539188,7.725621094364152,7.40518440558963,7.684128066615941,7.608564842951339,7.6300445,7.707265851089277,7.909788893566143,7.7884765334157535,6.906134755644777,6.716056813926989,7.813077072927071,7.129149812968128,7.06796736002993,7.347522495849335,7.34723348663228,7.361249015003814
2022,13,2022_13_NYJ_MIN,MIN,12,K,00-0034450,7.764173549622759,8.385973,7.300005344677983,6.496268294344644,7.459100805569866,6.9153826059316055,7.654262911002791,7.689663255722352,7.707609948228982,7.856706855781166,7.45908267471383,8.131623182147417,7.657345133868024,7.773212441069464,6.942002548685595,7.883217467905318,6.873618357576121,8.004961312784934,7.255695182736269,7.82090420628714,7.350391662936363,8.079560924491824,6.8926441804858944,7.689722067744407,7.7836826171213565,7.596963379481657,7.70628120639382,7.782272376860731,7.385232847867593,7.437212627013469,7.722093068027433,7.4069967,7.077159226487568,7.774470689985938,7.864152408728258,8.141933380171691,7.130322932610698,7.1756109083726765,7.672107726480663,7.667668540220072,7.773500749041867,7.7796268689623,7.795080188301839
2022,13,2022_13_NYJ_MIN,NYJ,19,K,00-0029621,7.604952906614001,7.8026066,8.487600877080524,8.912889341178978,8.183875727224429,8.509104174124436,7.91776260437561,8.268764916042384,7.874011119231078,8.135842263156833,7.795326131865166,7.459100318622381,7.597770461109667,7.579778278824583,7.108937075298225,7.174537094224251,7.343827178152878,7.492450982386442,7.563089948916649,7.388671342324669,7.588242187990539,6.642353392110275,8.63134600304553,6.937093839743859,8.057942082911131,8.43572101828122,8.137535490434592,8.038400653864352,7.622242980784143,7.398136144505891,7.676094761884044,7.378221,7.526752875453025,7.987970569628042,7.77116099144741,7.382465107678512,7.1078662327996,8.049159714142062,7.520637845925092,7.513674319870471,7.548165381946882,7.619784713341726,7.634616520069451
2022,13,2022_13_PIT_ATL,ATL,14,K,00-0033702,7.85147803407729,7.9301243,7.273335058857493,8.074030015617122,7.6743167420277025,8.322829586698289,7.998802407474555,8.40961987715268,8.066259264219292,8.398179827908285,8.280713400930521,8.154993408566854,8.166224637180338,8.211648625085063,7.916371374416998,8.328634280249199,7.816283375323759,8.207829916379513,8.037119417163069,8.37488752026257,8.723501175069183,9.281068390296316,8.59644081050714,8.452243325464071,8.214318504504472,8.083346514243464,8.19972564994165,8.12815939984207,7.800842373091504,8.040809178175865,8.100825585123872,8.127039,8.044823680277595,8.099974650571188,8.324289488734411,7.52832223192916,7.802951898946695,7.81283552395317,7.7704590948402945,7.7651608321335575,7.903360569934303,7.86951529949688,7.887552564916467
2022,13,2022_13_PIT_ATL,PIT,16,K,00-0035189,8.209296104724881,8.124579,7.79336754297012,5.772387761726318,8.035772307504942,6.82267327252351,8.465452256762127,8.114064427837137,8.507303213258819,8.580866919624956,8.228681864326798,8.281775778708957,8.256442298771898,8.404223382715069,8.158080338001916,8.078836130055926,8.270467820436975,8.093031430755993,8.341294513090077,8.337315825582728,8.747086698250152,7.960840246676657,6.0678763243004346,8.527809231397349,8.502802432982016,7.986344164021938,8.511638974869443,8.528857473928344,8.183058333895596,8.136249164907051,8.367026021069979,8.645039,8.991613396106532,8.440290179845684,8.450889803657393,7.90881808873688,8.485412959872782,8.309803160728158,8.139078949768354,8.16131710869543,8.11828797662964,8.23240768930524,8.2555192738856
2022,13,2022_13_SEA_LA,LA,14,K,00-0035269,7.242198971419747,7.212883,6.959274375555066,7.810227316883293,7.00649737017516,7.312034586076335,7.264531949655033,7.285123021687228,7.375650226297298,7.390618666388362,6.849058771405562,6.854906149499916,6.943904549715836,6.936036695833519,6.816774241062874,7.801229543137365,6.473288475272829,7.300131379520341,6.866201695629774,7.061512350962228,6.804053719129457,8.046428072312352,7.914508078255353,6.5569862098401615,7.162289917293595,7.209200381622216,7.231693361049031,7.305133285886928,6.7568966374871176,6.628142331838684,6.879338629417593,7.0254936,7.273058514125064,7.15220379562245,7.508009918316512,7.281696139321149,7.130127139115053,6.82052413142414,7.100913835320036,7.142450219169598,7.281189559446592,7.2575057263960385,7.272812481372331
2022,13,2022_13_SEA_LA,SEA,10,K,00-0031492,8.6441731459502,8.574071,7.88422021751379,7.348283433116637,8.035436438924762,7.529157280322254,8.362990584621414,8.292709616050177,8.396080808863838,8.479814522464634,8.35495129499112,8.52759248199145,8.379687202624044,8.495470350656351,8.396759346878312,8.512619777644463,8.629011923773014,8.479304712023879,8.224891575149803,8.04174248124796,8.246216056985917,8.396573300161077,7.661383036972537,8.328415033279512,8.377955594018388,8.445648152402205,8.684792039744925,8.573880291687825,8.57741251191411,8.537631688615496,8.401306533854365,8.523799,8.215056158223538,8.505898398671096,8.443020212087923,8.97878306644887,8.448171279296062,8.374683639073345,8.493431455955816,8.481906155573476,8.624240137282074,8.658619113610587,8.673065081270973
2022,13,2022_13_TEN_PHI,PHI,5,K,00-0033787,7.232912375270979,8.060203,6.089475980727363,6.028560616717035,6.353299986537587,6.532126813923028,6.954197470370188,7.086789716119575,7.286095223785521,7.470051560590491,7.88595018629956,7.924616040069479,7.920139177137418,7.766055321991961,8.290814854127444,7.789226108145486,8.257188420610056,7.996241399742547,8.016955396501938,7.446313857624937,7.771333769573771,7.456709651925012,6.342546416925694,7.462761439749576,7.678382368421285,6.144257484825903,6.805229861427314,7.234576391303504,8.16065119013293,7.943989914720968,7.777169156682548,7.7102056,7.976284928482158,7.371551715414384,7.72672535945462,6.8964454458622875,7.034113211876457,7.264526339510161,7.222610201579235,7.179439195263329,7.333119898463693,7.244821628439922,7.256730881608867
2022,13,2022_13_TEN_PHI,TEN,4,K,00-0029421,6.551557698625732,7.0879254,6.482104009430657,4.884797404566368,6.490605249332003,5.314594036507423,6.757285568148506,6.161488618559957,6.9670904813310575,6.7785808558340825,6.330006851858434,6.322346450096524,6.594771789344674,6.438172664700609,6.710641645117363,6.350895408428463,6.4891743319549136,6.620439290924331,6.760045958669164,6.429788509706876,6.03276745304737,6.373657127630062,5.538700401629429,6.44244966302586,6.28885965020417,6.568071687578516,6.839648958129246,7.143140721660791,6.540032674396848,6.505446089184212,6.369386569888665,6.1874228,5.852483411121179,7.295070955700227,7.630717336672106,6.251212208285852,5.812402319209045,5.9030869119442695,6.310810836052579,6.283105347416483,6.581159359936698,6.563123667501549,6.574689636377365
2022,13,2022_13_WAS_NYG,NYG,9,K,00-0026858,7.016354611836231,7.0297756,5.2681211358103965,4.971848702868399,5.569577223266714,5.506197802423494,6.496545313724156,6.643357157278927,6.920014436954022,7.234350227782631,7.144938343232559,7.372204485952588,7.126418626615067,7.435398090806206,7.135334602156282,7.7410145255400815,7.2252061467459345,7.530955242237284,7.451265790605221,7.51590108195401,7.09945387814811,7.479722338189447,5.94262187080565,7.857050052282848,7.5490853883181614,5.387792624026456,6.402477195511086,6.922367556190331,7.206832277431029,7.416494141808072,7.0670288635570735,7.0032854,7.052830209825942,6.799022067896447,7.459669896926552,6.911319757871452,7.851717824557272,6.143769785769791,6.959366566949546,6.975885787249054,7.116950034596414,7.033440984178773,7.050527356521313
2022,13,2022_13_WAS_NYG,WAS,9,K,00-0035192,7.936016673879921,7.515914,9.712605181846165,9.245160432858766,9.138092142353427,8.8493069057242,8.346909939007139,8.267782386710218,8.132809824105,8.123137044483453,8.142857722693753,7.8722630601811,8.044773173394482,7.765307655627645,7.619823644014279,7.379863565716967,7.888781691753701,7.754734210883599,8.425431974151014,7.42259746383317,8.344279934737145,7.164191460565739,8.991490211183768,8.229663388989955,7.903117896844387,9.183855637845989,8.29725548923514,8.017816258895909,7.846092993904887,8.140258901333803,8.075384063253567,8.030362,8.137924538335763,7.904765805114365,7.880017318078481,8.166740676562927,8.26978633119368,7.39168287355919,8.02632326692342,8.113409043873993,7.8970585800866795,7.950021278879074,7.964025883878227
2022,14,2022_14_BAL_PIT,BAL,11,K,00-0029597,7.959876494728008,6.926191,8.293749376791844,10.032711940506433,8.084962256062635,9.267915866441903,7.648977269083919,8.34807041140104,7.574783446426332,8.054309775826553,7.564781394194192,7.643432626005319,7.43455188164056,7.51749060163579,7.261756203673098,7.71020881494088,7.303914735914617,7.565814042519198,7.678104134119954,7.432941451476552,7.2032536250864245,7.059946919033195,9.773592514390398,7.828027134706048,7.790310614091237,8.167856387938865,7.663242205222575,7.620275831360217,7.453066477785004,7.127878923404501,7.542332988264091,7.044389,6.55319405239423,7.380442939840421,7.77063619762901,8.471035418466828,8.73145273756674,6.835630971479499,8.016471603950976,8.118941197758454,7.999177433268446,7.972023778113086,7.984171061498165
2022,14,2022_14_BAL_PIT,PIT,2,K,00-0031136,7.314799092846057,7.2178736,7.211867115159586,7.003679863277497,7.246427221541393,7.061750470223746,7.361752467391061,7.253677968205608,7.478901823109178,7.692068724868745,7.608612347626012,7.746437221628933,7.601182922119298,7.876619467087671,7.159398869550199,7.322358656238523,7.250480626957029,7.223953522348996,7.302772466560538,7.383596701954904,7.305395839252715,6.557926050822965,6.196047628787369,7.937121978785271,7.941379068458294,7.900918838019274,7.684675810876757,7.733513794618406,7.203042526632914,7.4979719323759,7.720148871684981,7.5169597,6.721404058145641,7.985101139316248,7.725509050926223,7.250128720562412,7.096524351307706,6.937212271062271,7.2299003699896405,7.220079628267092,7.380436483122947,7.330278888023758,7.345758683201462
2022,14,2022_14_CAR_SEA,CAR,13,K,00-0034173,6.904138657179075,7.233767,7.546955789620639,7.959328204526826,7.341940604618566,7.361541988360774,7.3373356085142705,7.177596438756065,7.426928097924432,7.375154103018805,6.374928280730348,6.390303091235553,6.790319447869561,6.843418990467117,7.064100846059141,7.416354426534971,6.719595574123692,7.253821330937635,7.231945282428959,7.112286371665361,6.4320700916146425,6.860803977851736,7.447157763018586,6.973664838875691,7.11258882809915,7.560424641416445,7.305902403020745,7.404005800540607,7.309595964116327,6.863222465923128,6.798385410365222,6.738239,6.505359151080676,7.4517033001653425,7.453042447348791,6.747285769994238,6.941202495327625,6.375956827219904,6.832025954863953,6.792198888167638,6.903202778812528,6.9221716075549224,6.94020455793077
2022,14,2022_14_CAR_SEA,SEA,6,K,00-0031492,7.946063856120642,7.9143605,6.713330576349344,6.90675720575884,6.95576636945048,7.154857817514333,7.571673160819179,7.7094461717497405,7.795270485873811,7.947731395032232,8.25316879201121,8.312108682098364,8.154379978475706,8.386542184657083,8.021433558744855,8.204827875484378,8.07416414636165,8.263153105149406,7.915056739668623,8.408361452600325,8.100694011678955,8.781353076478625,6.944937634181641,7.970003048794923,8.310854666376317,7.491590768847397,7.892955890447733,8.0016420809205,7.958724286977794,8.153148318767826,8.231545397586942,8.121059,7.972589507401178,7.984340714007616,7.732330100837527,8.096043011724724,7.785104228222977,8.047185991785984,7.8699786797711555,7.842413861708892,7.960486308686251,7.958682623790164,7.9713013914596855
2022,14,2022_14_CLE_CIN,CIN,5,K,00-0036854,8.291891398857206,8.178932,7.565713585373718,7.606237598067028,7.6346546685714225,7.300465162785614,8.06797439241649,8.041750768112847,8.242375046747183,8.436129108390162,8.244614284723271,8.157514452273885,8.423524605105886,8.206507490647022,8.38311883450769,8.441177495032914,8.134775873056087,8.186712847368112,7.935436505138712,7.989702304099286,8.251659236365285,8.407851025789306,7.216761335649531,8.004639314701118,7.950611880835518,7.306716088968215,8.11125876592115,8.38589956203438,8.152448578091349,7.984258788220415,8.50913929721553,8.061259,8.142144876317435,8.222510269660681,8.473153135630827,8.310861134261206,8.540750646843023,7.857629698895871,8.304630509263918,8.31590445795709,8.312644120790484,8.314054494867495,8.336217590877782
2022,14,2022_14_CLE_CIN,CLE,4,K,00-0038097,7.695284575554574,7.303883,8.364870547256587,8.044208423209604,8.170535992474232,7.867569332285229,7.902111871300477,7.776267098986824,7.812195566446129,7.716412794600669,7.6263603628432675,7.062502453746007,7.349986033245624,7.227275297652785,7.550901418545285,7.393004205487498,7.713239376956228,7.405845022442058,7.386718977846991,7.500765539377377,7.421670416568359,7.6294473406014385,8.497038084860698,7.357167277739036,7.415105034822659,8.609835164707553,8.034437807931653,7.867135898730629,7.559782956477181,7.160838862862102,7.158391666194963,7.3563967,7.282891470619068,7.714297009378767,7.780261170148886,7.783169462599423,7.685530780015419,7.396926807342986,7.697705693939747,7.698961428562055,7.674697175600465,7.721734332715785,7.748184089876995
2022,14,2022_14_HOU_DAL,DAL,11,K,00-0030332,9.587757391409486,9.780629,9.81357775247188,9.743373619399884,9.393928328467698,10.02682556775832,8.971221162655306,9.496680432200035,8.849093232436537,9.10477540524782,8.521541928602039,8.800912928553185,8.487383547317053,8.687798738464389,8.470285422182952,8.674305394856278,8.606919909068559,8.09440225114036,8.092509553886106,8.165722540925863,8.843979069570187,9.136652988529894,9.735669341765837,8.467782375770492,8.687220678821456,9.275280680358632,8.949427848585684,8.748387537823993,8.621192622212051,8.20459087214514,8.481785410924028,8.261556,8.405661909620935,8.459421395113173,9.19165084384863,9.91554641846983,10.088893179956527,9.275771264356555,9.614130058118374,9.693742576554664,9.424956817494841,9.607426070684527,9.627094749959571
2022,14,2022_14_HOU_DAL,HOU,16,K,00-0032726,6.575404836879333,6.474888,6.321509612108409,6.081126841499141,6.147527579835222,5.829727807904593,5.987658870787991,5.687078795995275,6.226080878703568,6.078899607305482,7.3420024275645,7.41694925450834,7.420227521821709,7.185820045209352,6.805690779072723,6.576545208722098,7.23110721848692,6.234393977435139,7.374379866493391,6.67616049123892,8.015224467033946,6.822925214066768,5.708995143175752,6.167915483902659,7.230509936164762,6.554577116278225,6.214345549558892,6.464854453119035,7.0350140445452345,7.563243755122299,7.60996661443552,7.5517163,8.040805152453558,6.656198328029815,6.299630054251347,6.224971597732491,5.474142680191949,8.24056456745868,6.4314294467145015,6.370417311024265,6.580843772027983,6.587206155690126,6.599007474500918
2022,14,2022_14_JAX_TEN,JAX,13,K,00-0036816,7.31652269913187,7.115037,8.107229584653467,8.035054001167273,7.940953631660293,7.820133036043529,7.682884141045855,7.737593073723826,7.59092492933017,7.760303280866294,7.305484717724812,7.447368625043008,7.386136313804048,7.520579102829435,7.9210396195431985,7.710544142812724,7.960107811228566,8.024325185932367,7.693981943512191,8.017349992887212,8.066355679999207,8.302968439176945,8.38457692892581,8.027503178325784,7.520036930530382,7.562074560864426,7.478955703795906,7.424322637493681,7.65846147373973,7.912120168544953,7.410350433999924,7.8505993,7.915280708965192,7.497146093891785,7.19145563755459,7.516441626664781,7.769705082707318,6.877694244644242,7.372438876784535,7.345194670551759,7.312131663171174,7.338648092714395,7.360773486296918
2022,14,2022_14_JAX_TEN,TEN,2,K,00-0029421,7.267437351960653,7.698403,6.769061396116327,6.872700893267643,6.747438691802452,7.07463665359581,7.018088561416652,7.408136444730937,7.231487704559491,7.531186334776667,7.025329720562469,7.436646641076247,7.24926934078871,7.281099365181659,7.050501146493979,7.29656916045165,6.907440073384502,7.040069644862043,6.865845905218647,7.566931169256369,5.706075343339187,7.572640120685815,6.492270588029319,7.394854015999121,7.248478324983655,6.96014540023871,7.210033026965636,7.41045445139442,7.197803490213671,7.472773943597591,7.161305037547372,6.653472,5.957236037853207,7.610796721522554,7.807279197276095,7.099040523730705,6.843119825751415,7.006627003552005,7.065454008028004,6.997717021940714,7.3070179030547475,7.278921362088505,7.290405372216358
2022,14,2022_14_KC_DEN,DEN,4,K,00-0029822,7.119450694796445,6.7476287,8.483852230548083,8.003310259248185,7.490652493894768,7.252693312236186,6.683850701052664,6.488637475195301,6.771598818553191,6.689180463903146,7.072083252956912,7.049992012266518,6.947956386570412,6.9611029991371804,7.102953477341657,6.851369523243428,6.622569791882497,6.339829886903424,6.858375622631214,6.362290160659896,7.350970364206443,6.5228725689303815,7.208825415156296,6.504604696246256,6.656414013933298,7.067689188887332,6.438465283722454,6.728633653214412,6.796903145397905,6.583831598286687,6.816323780549168,6.733575,6.87855132850658,6.817607740850395,6.856103345938912,7.3081126665214455,6.764657626470363,7.314544308795782,7.1604655946243465,7.173853899082708,7.077456391508713,7.132093691239717,7.14473668768299
2022,14,2022_14_KC_DEN,KC,11,K,00-0033303,8.600628219961699,8.400499,7.228185179348341,6.602705203130837,7.780018645014675,7.202792919897088,8.288842183681167,8.279943635772032,8.328327154582444,8.779395738342727,8.303424065603197,8.963601134872153,8.247377107419583,8.856029510593972,8.438298000712534,9.2011556600173,8.545688573509755,9.204766969255274,7.988874921065557,9.256423597730548,8.363900675070537,8.952066466689034,7.641862039331749,9.22314260356058,8.885117170816406,7.790668533289195,8.478352256744165,8.47728252955922,8.560406925807516,8.372278061261197,8.353854554370328,8.629707,8.594632347460621,8.897715371146372,8.165459144673978,9.08478292012264,8.56225619088762,8.304258447108445,8.685670632626382,8.674383901857677,8.540005071306997,8.61256323664413,8.624498253326557
2022,14,2022_14_LV_LA,LA,7,K,00-0035269,7.0569121544121565,7.361903,6.540555471644519,6.3255664302842725,6.674891301959281,6.444511048275727,7.185762834146355,7.096459664160191,7.471096559292548,7.51027552947438,7.290805607979914,6.720110597939454,7.372045543650304,7.01113128678778,7.0038884721008365,7.0520882034087,7.027628246820596,6.709584265891844,6.456021998065308,6.998366457057842,6.884670150063294,6.850626338043067,6.612931206540077,7.062474201600461,7.387103475366569,6.8019105831128375,7.28577845701115,7.609061626191666,7.1858988565486985,6.998910522834935,7.05267152075838,7.05964,7.061987194421141,7.488680406847234,7.293071035280043,6.957097168954711,7.0303832806437505,6.91556824090942,7.001999050695645,6.994286037836246,7.08706215447439,7.0717001433739215,7.0864881323356865
2022,14,2022_14_LV_LA,LV,12,K,00-0034161,8.882952461342759,8.625863,8.55624756256145,7.856300037139396,8.579658627044157,8.001263083634276,8.454026278770902,8.241205695333505,8.46013513583292,8.58762982562371,8.706708062755979,8.999085366317074,8.689409614115013,8.759819435429746,8.65171743717786,8.642646117244041,8.72803739910503,7.999765348553916,9.224967251596926,8.233477675886963,8.556351819981474,7.943597839836165,7.971399572586746,8.614746283134984,8.769098127265657,9.435708878218836,8.607689234025095,8.439248756015743,8.972526794127363,8.637504770067528,8.801420205670622,8.81089,8.271733200451507,8.621199594859167,8.891157211084721,8.870259809656789,8.278958822935452,9.198027459305406,8.791521686955374,8.764486908853039,8.888504023560671,8.901242552767664,8.919532644192572
2022,14,2022_14_MIA_LAC,LAC,11,K,00-0037224,8.74832137990859,8.505451,9.250426182409331,8.39172411093738,9.135244661739682,8.484281781624816,8.847324173835688,8.54148912626114,8.586541980145912,8.320243026830564,8.661896435867618,8.516607080373515,8.542202788850396,8.64363938720368,8.722038929091179,8.409903138498338,8.68352235326582,8.518908471927618,8.877630619135223,8.2662795434473,9.02771176156238,8.492545355119969,8.520648218314525,7.939245285490181,8.647418057788535,9.12043619701408,8.777826258074848,8.472628007072776,8.669284930757152,8.366820686839278,8.486340576481322,9.038242,8.7486230626399,8.237738470904674,8.68785999529921,8.816786436169574,8.58087150239636,8.785808283056808,8.687955061513705,8.687272793957936,8.713156817490594,8.778954592266496,8.809587804624403
2022,14,2022_14_MIA_LAC,MIA,7,K,00-0034794,9.19130086501087,9.088817,10.25971174676569,10.135863716147254,10.078003479028244,10.09726839780003,9.296533627665088,9.617928665347696,8.866229535617448,8.948225736532706,8.546434624425533,8.873684944307307,8.73170798187685,8.862135910543953,8.711982776745968,8.649157493618288,8.871171080546576,8.627637920156252,8.797192030503764,8.683423039826323,9.166224603338623,8.679494395935345,11.481564619738633,8.833251637417629,8.914272161003797,10.110272243765822,9.451067951671996,8.891811424053962,8.664807545452675,8.748867152457615,8.796309701112078,9.025212,9.077981690978463,9.142175538002906,8.917734269907516,9.598580929554998,8.737456352837441,9.014012884664359,9.137595954252827,9.110799444865897,9.212640702399705,9.205515368959052,9.21972987290723
2022,14,2022_14_MIN_DET,DET,12,K,00-0034084,9.017702187668588,8.839391,10.413575714774373,10.232933317143967,10.162135691883895,10.07611821613988,9.608806898165255,9.772183181271606,9.255040598523117,9.364417318782646,8.412394055021906,8.922748375547684,8.626144670390378,8.775397163348481,9.011090469672505,9.140176523546504,9.04811825484095,9.153660216549396,9.145031825408658,9.174470529143802,8.896760497439313,9.067121067065273,10.577996513187912,8.932062574746006,8.820566477545707,10.134204452824855,9.843228163345133,9.395004495302633,9.23377262081106,9.376858458277244,9.141638855830678,9.447641,9.34958899560347,9.502525760115812,8.87818385274036,9.32608281221698,8.682354314809185,8.777892377393842,8.967426672761421,9.013504925800513,9.02164009338831,9.035856890253518,9.05401159283845
2022,14,2022_14_MIN_DET,MIN,6,K,00-0034450,7.733669374475534,8.353252,7.3131538013045025,7.378453333962058,7.424509677705519,7.8800361713849725,7.681452115406228,8.088311286440744,7.804382070326537,7.844816038106624,7.726478327392298,7.81370933212883,7.738244833774935,7.628548993374179,7.119278163140318,8.172440272749668,6.8306193484846816,7.952835514453389,7.195274076243666,7.767949198331693,6.772869643514951,7.710683446182703,8.68189585347806,7.707349191877205,8.013088216458852,7.216463181596552,7.562700611030198,7.773007715821567,7.3820044820380115,6.954159588188028,7.981614582250889,7.012949,6.56703153921883,7.595503300307056,8.044572104249585,7.799828012660056,7.349202352565095,7.3272315144006335,7.656348642261573,7.641827001489938,7.700355291071846,7.7511008498048195,7.768532325134105
2022,14,2022_14_NE_ARI,ARI,7,K,00-0023853,7.988804027500397,7.899834,8.903220654181686,7.048537935902734,8.230989474294644,6.980063782344965,7.74536412942444,7.173800645197945,7.674664076735983,7.61927577808825,8.248821601212686,7.797981909671526,8.050566762134645,7.758149016398035,7.696680463537708,7.141915802945405,7.923497765888003,6.989272919322104,7.529021548992329,7.675946279726291,8.166299092361196,6.525450262383684,5.853420590216523,7.678314064133711,7.908285735927413,8.924078372842205,8.074279230565189,7.808468306768527,7.825510321715179,7.728921616169451,8.121736890937497,8.299367,8.357782178449298,7.420842756514999,7.720973140192526,8.306139678854944,7.868494305206422,7.816033916900097,7.917577030651061,7.9740579692550915,7.997517365312006,8.00522678577095,8.0216495440415
2022,14,2022_14_NE_ARI,NE,11,K,00-0025565,8.400504541146557,8.288745,7.443456888240715,7.901748743426388,7.695797120022308,8.116742667594005,8.137328377045714,8.463659618198777,8.347428851064278,8.475212380149769,8.30217939522145,8.33906503810195,8.315226556418658,8.185549744151333,8.257433561167261,7.908026495687449,8.219348788393177,8.159391135270285,8.43090228596898,8.227894064689918,8.13103162821963,8.034509364947382,7.327857146809982,8.208522532688374,8.422222708344215,7.904558640090069,8.142202875177691,8.286893782862364,7.721113357438601,7.828080266537965,7.931037779663823,7.699223,7.795058261541349,8.675426436932167,8.40374611450334,8.088039091317135,7.813709428275137,9.313970637205935,8.287205773227436,8.203295827362227,8.299168857421378,8.413402947539524,8.42630135393249
2022,14,2022_14_NYJ_BUF,BUF,9,K,00-0036162,9.01488100685752,8.4794035,10.331591731269633,10.436384690439375,9.821446204798995,9.752575534181954,9.125149268101133,9.040254643544024,8.802079042992244,8.722629855424538,8.561150439308982,8.90377556682843,8.491263537050083,8.788743560177537,8.333022677862955,8.723783356852971,7.881402158828327,8.566999454510956,7.744917821948875,8.86973016646968,8.376691416099622,8.596187310129446,8.197007907446846,8.286030656748482,8.575025434042935,10.172992378206354,9.371566368088477,8.878683586722499,8.413045896342352,8.52126415676809,8.326798644850026,8.453569,8.340477932296944,8.857800615633442,8.68390379443409,9.717313253213145,8.629470165247769,8.299187753586287,9.024417934659505,9.058395226853138,8.95841685055672,9.036490287860497,9.058099568863478
2022,14,2022_14_NYJ_BUF,NYJ,4,K,00-0029621,6.508475981405716,6.5348496,7.002407277008301,6.022720313002687,6.467376724996236,6.111037554180584,6.554538564307242,6.554192860393443,6.927244378252624,7.044040151030661,6.113074447572955,6.584905613606624,6.611315024033209,6.805923033577578,6.53663041576347,6.564682263452712,6.395343148092763,6.396316724630916,6.632154363340412,6.807094635278052,6.532523398430739,6.929443256626204,5.985079483828593,6.430916456876412,6.560266286850556,6.393597333339342,6.590576213926848,7.070442112434538,6.83061745960387,7.1050322947642535,6.5250946218359225,6.662676,6.8474701045257,6.979576312060928,6.648411214724739,6.46132650281539,6.587785332336552,6.3532174131424135,6.487889898902538,6.46761742319043,6.44118647199381,6.519314108877854,6.530152236349991
2022,14,2022_14_PHI_NYG,NYG,2,K,00-0026858,6.477740292566017,6.8448563,4.728773894987604,3.4237124377179304,5.098706759733108,4.070721487931616,6.14511358431974,5.436171765509176,6.697468640554939,6.461713449647286,6.27246251008254,6.284405869605817,6.494270468076271,6.533196261108354,6.278505893791485,6.08219919882797,6.300240425096616,6.210552725319932,6.444229169850263,6.238099353963698,5.505624560308583,5.712716525332737,3.826924626984746,6.461788602196194,6.315248815274274,4.821234609789115,6.049974496664492,6.816186713741679,6.393625096888683,6.200794313274496,6.386518055131157,6.1258407,6.027368951596292,6.792072129537957,7.2874725017577235,6.2168000559133985,7.094416503008818,5.476684346862288,6.413316617896511,6.402314205131953,6.566051978030259,6.4934191683905755,6.5090980442151345
2022,14,2022_14_PHI_NYG,PHI,12,K,00-0033787,7.581211902468177,8.303271,6.448411064106063,6.250152359455517,6.596122057762658,6.79099050412393,7.192277570385926,7.371609116610798,7.504632617772873,7.750673049612589,8.226843033793163,8.09531022051675,8.392626845712979,8.310793252130537,7.9872315227616575,7.526900869920962,7.929627581388694,7.67175295280629,7.508509202875609,7.632627555642934,7.464697058832163,7.860062239214999,6.29529508419005,7.836585195862138,8.139137625648365,6.353731251670738,7.1421019508090335,7.607150660390932,8.255962714057178,8.03920977771477,8.273752916864877,8.488626,7.885937360158797,7.689302809597262,8.065897218193273,7.137480664021014,7.402748004061172,7.830878354978358,7.545193564905312,7.511966418461701,7.651814959042299,7.59377395936784,7.6063360162675036
2022,14,2022_14_TB_SF,SF,5,K,00-0023252,7.5550856237005,7.4792666,7.085866261120488,6.960044751461533,7.146900030721428,7.096899596023784,7.597074332149646,7.633486609753385,7.884471070418188,8.028492255401185,8.016537645947121,8.162258725940053,7.986972670525327,7.9217421239076335,7.653049507498259,7.733521684473983,7.628933174248741,7.496694057038414,7.19985837322036,7.811070457276426,7.316003179843157,7.787408438316213,7.760737336067789,7.4155494544149185,7.985010829105463,6.933034713038883,7.538726456825508,7.919912095035827,7.698320031506507,7.515464592275862,8.178086945462773,7.628255,7.962045228209912,7.942034979698693,7.805539969118929,7.412600964188895,7.511382646575154,7.486224913158738,7.4542503062165535,7.458538183860805,7.544368514374877,7.567921660829083,7.580757697957668
2022,14,2022_14_TB_SF,TB,1,K,00-0026968,6.964744626175313,6.7986727,7.404778462772392,7.367713094743395,7.235792674253169,7.626631790179159,7.083524765301667,7.340682870955375,7.111542556817056,7.209045657199281,7.019336105310552,7.185799040996997,6.910915126923234,7.050209906999955,6.908012835627391,7.290693384848881,6.936047866263499,7.119006255169229,7.30236884291998,7.742604628678518,6.759941844876603,7.704077587080806,8.099961569823964,7.498984574146618,6.909569219620073,7.949772472881705,7.248043365832985,7.098998256945777,6.926575488085254,6.835327640802906,7.043787727245777,6.7238274,6.57937903617717,7.083105458717352,7.386797421325948,6.706588054490186,6.2985514105759295,7.181075184619305,6.74973942899294,6.764937842597864,6.962704537312162,6.979969579274026,6.995194532372738
2022,15,2022_15_ARI_DEN,ARI,14,K,00-0023853,7.515643115430612,6.9596596,8.657156562901076,7.423135581997835,8.064148493618365,7.347124425504539,7.534657133736181,7.447192111644273,7.436717768309442,7.784887158245109,7.544821719718628,7.416388447557414,7.511422840510434,7.414951324866148,7.236076680625234,7.622283202012986,7.272737726590322,7.55813943961466,7.587192312716711,7.420341796953906,7.335338874826058,7.329991165121027,6.877014790399093,7.447387201996196,7.653550298407161,8.841319839064058,7.956753820563314,7.638491655242621,7.175395208285038,7.595849322571657,7.58898580705857,7.084661,7.270444584966903,7.352300902183678,7.417411291419416,7.88104218646207,7.8443582822293365,6.767835125985125,7.439167038294313,7.509310178432399,7.5404687975094635,7.531077342246138,7.546511569061664
2022,15,2022_15_ARI_DEN,DEN,8,K,00-0029822,7.596446842747719,7.251343,8.230903686403819,7.615297373939828,7.700378992526018,7.647959887781559,7.210428453922166,7.382466527941293,7.246796589834414,7.438737422602066,7.105038883241098,7.401807997919962,7.167628854700098,7.403013949693816,6.875795055116011,7.239494682785416,6.898829456491779,6.960425400746728,6.951719614133491,7.341597052315063,7.170693721972445,6.910943451536683,7.327928325360419,7.1107353470512455,7.494325588977463,7.63940601013208,7.01618572668202,7.0960779753813785,6.793105940870504,6.583930247514621,6.974434240993974,6.5425863,6.845435720761284,6.945576127375696,7.713339448029892,7.86345046183515,7.974681427365403,6.697983404340755,7.566885755250263,7.640252167481596,7.550582766371577,7.6108587853337974,7.625270727919876
2022,15,2022_15_ATL_NO,ATL,4,K,00-0033702,7.30677553045154,7.574682,6.819303371435519,6.562251205547408,7.134587900072213,7.061098281777301,7.411425028954082,7.612227544000807,7.566039120369847,7.972535874721578,8.434641053232323,8.112853080102008,8.130501700494925,7.953504173967088,7.381882771108826,7.859820564721016,7.482191298369474,8.038564776745345,7.194447919340569,8.387240019150479,7.449964228207695,8.118761386554056,8.047851887014332,7.923532109092669,8.19133195225977,7.554167811859306,7.662084573653991,7.666284866033089,7.370082628384125,7.93965172814229,8.136567761907814,7.613571,7.993048058716167,7.829320679202914,7.191315484178986,7.26215418241901,6.637398448329323,7.9038968369865445,7.3715636566974245,7.303530347284681,7.338392942270621,7.322418101187982,7.338060671924424
2022,15,2022_15_ATL_NO,NO,3,K,00-0032569,8.86021201484383,8.546959,8.829955519666578,8.460881257225383,8.875273517687155,8.448125045807126,8.69544412307724,8.71341939397791,8.408909199712365,8.515967010885776,8.372531376402955,9.023102572743364,8.468522666548806,8.545093630731527,8.466427757454625,8.27766368682141,8.67397311666809,8.464719693342838,8.61365870777699,8.509107773005464,8.6361650779257,8.774681799096351,8.063594846000768,8.41876722272956,8.395848325799902,9.05912617783179,8.904712758525902,8.417688862423427,8.44985490033011,8.612158771644078,8.575780112627626,8.777365,8.582180859951212,8.658465224368097,8.384758967527652,9.370336373225499,8.359226660646957,8.803635546153197,8.804781961671374,8.80820332877669,8.833119773053873,8.872986296123155,8.885760577402479
2022,15,2022_15_BAL_CLE,BAL,5,K,00-0029597,7.682568999650791,6.996307,7.852261445015528,8.078539466496249,7.770093639728932,7.820605945086029,7.493438105715057,7.6871831116126685,7.504123486793198,7.826522835685743,7.599620274005028,7.667847963197623,7.482103546309141,7.652972540677856,7.368252483782489,7.335346820766169,7.44317788704453,7.71434295502484,7.629851861325837,7.239850467335817,7.028758992394033,6.810230295228655,8.2351882230745,7.35925619960536,7.655199132382038,7.6488273612327,7.52375801945651,7.590461152538774,7.3198522982534335,7.14653891517187,7.532358541876521,7.219017,6.4771208837309375,7.461481616007799,7.353114808256622,8.096862925574534,8.137479405146028,7.120707232146937,7.810386121923226,7.86505581109886,7.711593728161643,7.693407001275348,7.704245002899905
2022,15,2022_15_BAL_CLE,CLE,8,K,00-0038097,7.781958691007287,7.4824452,8.055452912639241,8.616957473277472,7.865749154916574,8.200471615942675,7.675718068624968,7.858720958684263,7.590581245526251,7.657738794969225,7.065749694990709,7.600922245801268,7.281006246924356,7.618094823690282,7.0829408953194,7.665160568937416,6.771842171358962,7.725387615779581,6.571837657272358,7.933675237811911,6.993507519096873,7.349756389185114,8.831557992065752,7.890023445339137,7.97631017526107,8.40181892696209,7.725860405343566,7.527646500208166,6.9988438046224095,7.0662389204068345,7.5068939180751855,7.090465,6.643311479299987,7.497818978368227,7.612666058332897,8.269812645797264,7.476137774484739,7.21310018870019,7.791012120131543,7.800241121333255,7.764058538966501,7.808785215204422,7.835611739401555
2022,15,2022_15_CIN_TB,CIN,9,K,00-0036854,7.982307325718841,8.081705,7.603792766068819,8.431949561103245,7.641687915971687,8.274118878773868,7.881302278399697,8.405969104900867,8.01239936161203,8.34832380946019,7.804823431075643,8.265858079067007,8.015637633928241,8.173094588381232,8.478075846471253,8.44399967051328,8.229389552738741,8.91403252671645,8.858731915701112,8.779613480319592,8.368534509819792,9.060281837128448,9.009904917146422,8.82609876886469,8.094945115790788,7.250966637691695,7.8381397086865,8.028380077585851,8.281321668275156,8.31352957789058,7.864694468025905,8.469355,8.384997248087375,7.911923279288574,8.2667614403634,8.066690691615914,8.280045540786286,7.237990314424137,7.9979506878167985,7.985947722501345,8.057186868140487,8.002655759725915,8.023004193732987
2022,15,2022_15_CIN_TB,TB,5,K,00-0026968,7.689051559063776,7.4011106,8.063139289802056,8.222572184581168,7.867226707807278,8.499771666817322,7.532057362869922,7.987165040743305,7.423749966848777,7.6398081390148675,7.817068153423773,7.915762392466711,7.631287505004978,7.537483638496833,8.119637257311215,8.08512804905036,7.890277517993617,7.998413703265245,7.60067803824563,8.043081037706731,7.457845587433106,7.954878235761327,8.260632267441977,7.897952880664554,7.536650345199602,8.573184828449577,7.830611716418869,7.557814694582836,8.076138282403413,8.167756006501405,7.6904320820496785,8.089126,8.005247910915827,7.515753720076005,7.877233256074987,7.3697532756520525,6.919144078119462,8.430329320842558,7.487051304160044,7.468786508378581,7.694102612973554,7.705761589698541,7.722471620333308
2022,15,2022_15_DAL_JAX,DAL,12,K,00-0030332,8.468492943104952,8.230724,8.204993968194277,7.449253121258821,7.77775185260468,7.769080357797439,7.591922642288293,7.807084446668193,7.779260824625659,7.883490856525202,8.123944921733044,8.324239590202952,8.062739868769512,8.179422288385512,8.304078198798683,8.208950804037931,8.422450848593826,8.266411240920952,8.608019275938048,8.240161958073761,8.577632800731314,8.785504858507913,7.781130232277215,8.279284691206277,8.158924251920288,7.413117417408607,7.536614094217517,7.848731918542681,8.243866110844513,8.656451500873791,8.014031602238365,8.167559,8.671826234068101,7.40732003156889,8.035902881725226,8.919995787975955,9.35425872986759,7.7714894520512106,8.59566571972604,8.639856254422618,8.362218482652567,8.486694004485699,8.504895065866446
2022,15,2022_15_DAL_JAX,JAX,11,K,00-0036816,7.461439521125922,7.4529033,7.567187716002269,7.312215032583105,7.421756156203202,7.170491946853367,7.34530104041948,7.076309844654281,7.436895377070533,7.325248784854193,7.737333222329706,7.650138994858583,7.578202509663244,7.796188394507479,7.734415205623587,7.580367232522308,7.798088781699783,7.592152730270541,7.566965354746701,7.991039397398738,7.774097204738858,8.125476822882092,7.411031593161772,8.33672787199563,7.861190629970306,7.091416107708796,7.284165890313157,7.542241141986842,7.724101559152884,7.664477067244937,7.667007105816838,7.5547013,8.538970665108732,7.587206664441084,7.274100145916932,7.471887983867578,7.053300258722006,7.925621289658058,7.506796465899771,7.447098590181418,7.436162091031939,7.481317159788277,7.501194798450631
2022,15,2022_15_DET_NYJ,DET,8,K,00-0034084,7.572548659867222,7.34614,8.781353053316195,9.238631386026174,8.486880585359838,8.857703576631188,8.133614555092317,8.268560748641322,8.09640170323762,8.287916575668563,8.040095874301553,8.172799439338398,7.968346106544776,8.006103299262085,7.40499902074235,7.787371201700803,7.392000987909647,7.904161691926385,7.60612184038518,7.996624530061986,7.359365349621435,7.377934399672901,8.631395676721365,8.046179275208548,8.179173649107613,8.366508741542063,8.138802735684816,8.156975640573922,7.604447334058632,7.419541089952804,7.998143488029982,7.4217463,7.354060370273058,7.987898906974507,7.362742231798826,7.764418248180415,7.245029510437837,7.667278700058115,7.609652505300506,7.653011507587781,7.555725472343349,7.58886774447115,7.605186829075079
2022,15,2022_15_DET_NYJ,NYJ,5,K,00-0029621,7.942287495588893,7.7350507,7.869972082200662,7.594287071097287,7.418442956984702,7.552670324458413,7.448479057267112,7.565196158495455,7.580742006851219,7.433418926348469,7.579436924086109,7.124346147938101,7.819039585671345,7.316039844399346,7.522933900547659,6.994314471916001,7.160179898416986,6.871849948326211,7.183094830254958,7.680308020242848,7.083451090321683,7.097397439172481,7.674457535419959,7.373025045317497,7.227447415478781,7.327907829601064,7.348301519183133,7.52175677623648,7.1735628124028,7.58794950157779,7.727133317353386,7.215862,7.211624070041126,7.443539947990613,7.8293974835464635,8.157262455323696,7.655885616969437,7.82487353349265,7.869575206925761,7.860679688010004,7.838259647419136,7.95463087081423,7.96697424603957
2022,15,2022_15_IND_MIN,IND,21,K,00-0035358,8.541960892409772,7.9213367,9.335462268825056,10.146410062117765,9.030860693494756,9.852614397949516,8.607418688168302,9.541390961317228,8.403439224398499,8.945716540374601,8.718766631121138,8.741628672901589,8.525591792328923,8.833181562814234,8.953044617830697,9.069195717903554,8.860787682456293,9.681100563224184,8.766777038290092,9.017290081492732,9.76684748139962,9.231191157046474,9.49803095224918,8.955135878909342,8.955225773550648,8.987647189861132,8.798931754672894,8.543608919600365,8.886164459205297,8.535877984834764,8.535406708194843,9.372521,9.733822182211943,8.462026268664317,8.296809772303629,8.845242713956502,8.213548482871161,8.467330134244836,8.551786288916038,8.592765160246675,8.472873456339798,8.566238848500245,8.590516804590717
2022,15,2022_15_IND_MIN,MIN,8,K,00-0034450,8.148472154175085,8.601931,8.171146378553264,7.904927821333082,8.25420495856386,8.41576109137904,8.286936826147274,8.640384063017473,8.25292154484616,8.509374730652487,8.28037406626544,8.613133294567465,8.115030398403185,8.357323105698992,7.925617721729492,8.80161323677822,7.669285783632418,8.689996816921948,7.980368543987412,8.719494282346202,7.851208521550234,8.801179220462586,8.736059356853183,8.822234250364845,8.505778844830816,8.047213076673263,8.223851337509888,8.20736313544055,7.8772524074749235,7.900203309261214,8.249107181930619,8.120891,8.02511983221014,8.14285696105346,8.649521930630392,8.018686157878133,7.808310425249383,7.826550346548876,7.959298280253182,7.944673384515502,8.141486390667685,8.167186849392207,8.18590154460933
2022,15,2022_15_KC_HOU,HOU,6,K,00-0032726,6.840354517102329,6.9857073,6.857996952438682,6.57042927663128,6.558520776635226,6.25640351322595,6.479798657550247,6.309791816028159,6.768838795004207,6.7128847786174735,6.781776607223148,7.096410323293873,7.296405128746067,7.205032646890824,6.678354606228483,6.79206140748714,6.631399646487171,6.543946726454149,6.349739557899756,6.471817179208325,7.380659678883851,6.712279558336864,5.880519709290843,6.383807831915611,7.233039512981144,6.735026366541619,6.440633634021252,6.792591476671774,6.803471168813903,6.616219246956759,7.375887302875901,6.977322,6.430324961240971,6.82096574382058,6.9073744690381575,6.755671457962729,5.998611015144749,7.330062458456577,6.706465386655571,6.656943257602625,6.8014453838090585,6.854534460538585,6.8687144039748445
2022,15,2022_15_KC_HOU,KC,4,K,00-0033303,9.725996329238498,9.80531,8.589587804274855,9.187664732217389,9.095831017352843,9.466761432659093,9.517189051076564,9.783170062314356,9.349959146037856,9.613555093119484,8.358188290536837,9.387893246773269,8.520304593014815,9.076791076723044,8.708309486661813,9.568564759400664,8.469811612983067,9.519303312550871,8.42335728483291,9.368560552392958,8.173848928657875,9.22340478987967,9.708597502579812,9.6069887762662,9.037478662565563,8.804597089697804,9.494100475011782,9.302308499566571,8.698953993980226,8.427714824078771,8.559313712028368,8.876455,8.286562530204334,9.817863814568192,9.61308818872349,10.219085022877302,9.411618755303667,9.066369939700824,9.677283393165943,9.678582844301655,9.553422195703833,9.740029545054146,9.754062760869793
2022,15,2022_15_LA_GB,GB,6,K,00-0025580,7.851055199123461,8.017198,5.817841195846942,5.707376331092775,6.2794614972910106,5.50089335819583,7.103909659740007,6.692065780147142,7.450825523364704,7.643877070728912,8.670522732990369,8.537443012918242,8.348081503634994,8.456255718182259,8.19779668516303,7.979350374053736,8.098051345143206,7.904082207553069,8.253031030221425,8.149059103489687,8.016413104321643,7.824746778495886,5.037031262190285,7.884313788031627,8.339805970867578,6.178701844845553,6.990715476646151,7.509783147198899,8.18095354977129,8.529635929780005,8.290420273978608,8.075461,7.550139868102365,7.839957758074466,7.718209087147638,7.77419948013514,7.439502927250795,8.409811941000173,7.855629393540145,7.798210914514192,7.8396450734725125,7.8598432767927715,7.868631354462078
2022,15,2022_15_LA_GB,LA,8,K,00-0035269,6.48704771890962,6.4615545,6.6491677442433375,6.3338835706223175,6.728851710442325,6.018126224748579,6.960213727306376,6.551196286823596,7.12813388091718,7.04745195706301,6.193501464453952,6.484853333810411,6.4111376479924855,6.646648939822929,6.899879112681308,7.117286654227259,6.7667909304865725,7.0221419901628295,6.294838074467013,7.00548136884099,6.995165345308376,6.642345367474935,7.435945200574131,7.257849072606908,6.756747017152213,7.039891366135167,6.91793299048448,7.084715289199544,6.842723885773859,6.88435896031605,6.122786020299727,6.477015,6.475584609296444,6.987771044683728,6.74101596456207,6.3860725786376324,6.937907229277708,6.08261587579088,6.501641908034898,6.528212471298372,6.524159607322732,6.500400791337073,6.513753863764526
2022,15,2022_15_MIA_BUF,BUF,6,K,00-0036162,8.55766680929489,8.221189,9.638136476592637,9.05073201422482,9.132422875670244,8.383778784776208,8.631900579044332,8.066828606391528,8.453590464436283,8.094127620092511,8.86364086100349,8.4239516503419,8.771311887794205,8.536608734021476,8.52877730131788,8.431206963221502,8.332358743508696,8.03337655491428,8.383303048469235,8.436628910669725,8.412401286288594,8.170728907082065,6.317728775812764,8.179201210229575,8.332877354640043,9.214467231994282,8.807120915841034,8.561402463502384,8.750835280852888,8.694699191185828,8.627058662153088,8.830929,8.585191748861964,8.564064183073121,8.333083067348142,8.672852066050124,8.226330415979032,8.82984010536247,8.548583810899713,8.53906956377396,8.56354137652305,8.576533917263756,8.59540102523262
2022,15,2022_15_MIA_BUF,MIA,12,K,00-0034794,6.576405752555367,6.8600016,6.881924394802888,5.843765435062521,6.882145035692487,6.235540197081867,6.781730780260122,6.438708823309131,6.893220320562036,6.792425584488765,6.239506212989257,6.685627910857934,6.383239667324031,6.649730845961863,6.382610682183522,6.33383756222241,6.271598859074563,6.739773700166743,6.628413717605966,6.317158010043402,6.677180775492266,6.175283189336901,7.089492319236564,6.469570778614411,6.736350729338062,6.733375985531929,6.835709427980994,6.982802996472129,6.555983752792594,6.66702920515536,6.5966219195318425,6.163795,6.839503890923703,7.044129256797724,6.532870131167368,6.913592099475081,6.507959190622869,6.001559771764181,6.615742427080518,6.563469705334501,6.6485886180484695,6.588308263238642,6.600210773921918
2022,15,2022_15_NE_LV,LV,7,K,00-0034161,7.92777665992766,8.258455,7.490215820282867,6.401140366255347,7.489218768822866,6.666834127975172,7.571807258282764,7.203301821965337,7.754363220294673,7.839626117981124,7.921125576446302,8.127313092800504,8.082600615312742,8.197337715329544,7.768986256108549,8.076107305464479,7.700514466746394,7.804635767557532,7.9094559101886,8.074802194372491,8.02946986076007,8.004277932287318,6.233220341567137,7.941125828321858,8.296764225468413,8.019804011028093,7.640967921670999,7.790401812141055,7.828939413946731,7.362722801154763,7.968622925474989,7.728941,8.129859301573253,7.885926208391427,7.911101011150179,8.17653940672144,7.161409939841352,7.838447999549472,7.943912444551164,7.891539324592311,7.9099354679954255,7.94379694862938,7.959817237331101
2022,15,2022_15_NE_LV,NE,13,K,00-0025565,7.874972703286146,8.063999,7.236256858920772,8.385310907543692,7.375730846763631,7.909654529589725,7.687557872901332,7.734532979352753,7.946418333736728,7.952746269164972,7.773871429948796,7.496944352010842,7.836817506117421,7.596449196938318,7.659531745807379,7.442234271733918,7.403688773404563,7.203656847120223,7.7526061456149105,7.199507492151339,7.782710248019311,7.44366944395743,7.518997813652345,7.510980990337935,7.967403320518523,7.409943237037382,7.712317650545408,8.061601272722186,7.514866335074118,7.723110281665019,7.704052721321204,7.460367,7.603032545522852,8.374606399635885,7.612129728182222,7.854627053505218,7.21762993627952,8.638599849007198,7.878545085051855,7.798780947023765,7.766383338769143,7.887781213219675,7.900589723153205
2022,15,2022_15_NYG_WAS,NYG,12,K,00-0026858,6.79285059755391,6.868789,5.057894926634797,5.574920929854899,5.269372243283185,5.808635687541556,5.999174955412143,6.360304770032071,6.4608810739976965,6.821266456339641,6.492719806805709,6.732632354660573,6.594467225533307,6.846833073241418,6.326697565068718,7.538690542750294,6.248162257566796,7.358141270556472,7.157576964967218,7.24834878212348,5.988007887066918,7.396214972364461,6.103030682533024,7.156439218622378,6.7154196738688645,4.934831441395051,5.875309646295799,6.523461460199522,6.622697740876229,6.190317396527119,6.692626378751763,6.346986,5.759969751840114,6.547202694117673,6.896021157359476,6.840902021123638,7.4747724038570516,6.201031007554533,6.803404667222598,6.7932811204228365,6.8950560798545695,6.809515201420606,6.8261798052873
2022,15,2022_15_NYG_WAS,WAS,9,K,00-0035192,8.023365813329152,7.7438383,8.994435570639528,8.768255906439265,8.435037546074225,8.448702129929487,7.92770140143183,7.952688862872952,7.978730869184636,8.04789794096119,8.293349385558985,8.267594314283201,8.276182992586731,8.227229594852597,8.165108579371575,7.686077151073478,8.099451004444676,8.0563165730912,8.680919361086486,7.865287520200709,8.210819705904239,7.497220764943453,8.112237594205205,8.007573953425094,8.301509233599647,8.928280027242142,8.04751735184734,7.99200521069428,8.455788198205015,8.698453839187856,8.381047795438532,8.614239,8.661113257482052,7.855571755229316,8.058312424323317,8.083378318269858,8.358097627593942,7.683554979824095,8.09522289352595,8.156190857872737,7.980952159431039,8.03821063989213,8.053055466455106
2022,15,2022_15_PHI_CHI,CHI,2,K,00-0031203,6.067225011581459,6.9819098,5.614983524717472,5.329145245777948,5.655563633929467,5.014736854940626,5.937923688301819,5.1861305835568,6.4110889539200056,6.108599401395574,6.515429671507,6.745094306663591,6.624129401315125,6.804020320046693,6.316779493217354,6.339738970565941,6.164592460488141,6.120951466621516,7.014375461804613,6.387228921171429,6.214564370651557,6.58214678199597,4.265805499606806,6.430971538193191,6.783659497692024,5.607656627187721,5.938261586225672,6.609840249525288,6.412032249911509,6.22937462865648,6.508141850126889,6.3519664,6.300750514314443,6.74342061645437,5.913191486552568,6.44881406532272,5.276698137365325,5.930360628750336,6.366716117270365,6.277294663810589,6.045528746696128,6.079671664960284,6.09211831833911
2022,15,2022_15_PHI_CHI,PHI,5,K,00-0033787,7.8006030897923475,8.634781,6.156776424701363,5.805402923748494,6.48126964621859,6.274548209005516,7.210655718401816,6.952321536462208,7.628866427729943,7.595042606301318,8.193807751813795,8.019256719477067,8.222552601441611,8.172009449864685,8.203935685899562,7.238977466475525,8.599030947382383,7.421848489463068,8.412522036983312,7.438262759404687,8.67558951781388,7.316772326715704,5.706384370772262,7.599085921978546,7.966770938107436,6.184881064028344,6.972486352742137,7.589293261695423,8.043088881385664,7.721617141951054,8.252324616121095,8.054787,8.421298591558031,7.478340718799505,8.000622899377756,7.6489088679239625,7.87758454315512,7.765471092469619,7.931852681978982,7.877578460476248,7.801157501950072,7.812054900702335,7.82350671161232
2022,15,2022_15_PIT_CAR,CAR,12,K,00-0034173,7.105856771767828,7.2816324,7.2764889342125425,8.181024068224616,7.163488943446239,7.827780249294616,7.490301323386859,7.926594814252245,7.716595948198538,8.062074392043073,7.21340646760698,7.426009580349153,7.372728399105863,7.573906227885812,7.232190765981024,7.718113268815776,7.178477240688302,7.492350615528094,7.479341055158968,7.737829814842015,6.960077269364663,7.70536422850362,7.693010725443525,8.12169297974501,7.856393415795683,7.580675277801788,7.604369674292428,7.790472691660621,7.654912796240344,7.385094319124665,7.498492073009286,7.1779656,7.090984383110518,7.76141917191963,7.374895817323246,6.901941718938852,7.599017008591101,6.863548190681009,7.10849967707267,7.103942996061585,7.086970302188174,7.123726527696169,7.14159628362451
2022,15,2022_15_PIT_CAR,PIT,8,K,00-0031136,7.210010076078234,6.795494,7.243788153221432,7.456703456369921,7.436960146482255,7.581946663720907,7.449279686449441,7.546506403838806,7.444734864504428,7.714475925235733,7.478165510842372,7.867953836320884,7.474720035040987,7.679814724117056,7.592024562197194,7.659635852272056,7.721629379081903,7.654567721630645,7.51936059703154,7.831201726424671,8.307990709096202,7.431294716480571,7.550348574510354,7.406619243955463,7.722741488383973,8.21839487211305,7.846895447618767,7.685819664042445,7.500941405365803,7.94667736103326,7.485640089629208,7.759564,8.007071336544781,7.756591151810455,7.351754789501077,7.258617035634689,7.054269189323639,6.978049530208358,7.163903942505171,7.196285248273295,7.281555755466375,7.226145395569895,7.242280715061555
2022,15,2022_15_SF_SEA,SEA,9,K,00-0031492,7.495527996716012,7.1819744,7.371183033785134,6.873422214275707,7.17121210437642,6.768770126653573,7.241002513964525,7.0167192941313,7.415164755641448,7.213790115311951,7.726017641518593,7.578848783398309,7.673220087140999,7.516485327870072,7.334211746555421,7.5338808766583805,7.687986158282085,7.601130263307526,7.702589398699665,7.657811789185699,7.265137426098027,7.402495208692584,7.263562333066368,7.266256108838591,7.344956997361336,7.422446433395847,7.359876114631721,7.449305272844159,6.873890400976856,7.436069497723026,7.633833360134792,7.341505,7.529500246533158,7.181800070846212,7.447703815977182,7.77903327611228,7.69722766631877,6.899403874230347,7.378239665656199,7.383862398888079,7.485821466300168,7.50890632003256,7.522284643349105
2022,15,2022_15_SF_SEA,SF,3,K,00-0023252,8.11468914065489,7.765341,9.51224747999521,8.523586065862164,9.121642393124652,8.164440911705132,8.51717345421639,7.809207335460268,8.406302128246004,8.090132541619608,8.257407499394498,8.041352921183943,8.27396255964077,8.199106728513424,8.157465723362824,8.412883823057689,8.055581702658817,8.20342884606054,8.052393361763949,8.142835046772998,8.203881186815076,8.26944599213406,7.948041077015119,7.7314717337726,7.935133907007048,8.671006446601035,8.336658773259016,8.308040434669884,8.14658603459834,8.144866726820261,8.233102250534046,8.221846,8.096357575430556,8.183370441451618,8.575993177775045,7.838526267823623,8.094656693214464,7.985075054357407,7.964005883867275,8.00264149208172,8.120758826156344,8.129471097915019,8.144253055175147
2022,15,2022_15_TEN_LAC,LAC,6,K,00-0037224,9.098903631031304,8.553316,9.544089235964606,8.969620315873913,9.579177842241029,9.347102721279246,9.401844098970097,9.576091924574984,9.100033782896306,9.12886151437927,8.664618876504594,8.526990342874416,8.6145692503972,8.684117940103755,8.876314248082824,8.513997345256609,8.945810516662343,8.882084503406167,9.22178504141368,9.088066630962748,8.844576756729392,8.983599491974061,10.167521470525124,8.689844191205713,8.686361940676163,9.661784534019183,9.42485610063892,8.964802289227944,8.62818571514872,8.688275687247756,8.447254252603118,8.914588,8.473425434568231,8.782776967631968,9.243920030885842,9.09754552989563,9.619804464503957,8.62364481678452,8.971394542559802,9.008584347948828,9.05237711343351,9.128890703299934,9.15887777556856
2022,15,2022_15_TEN_LAC,TEN,2,K,00-0029421,7.498731459403224,7.9699507,7.728254586920511,8.818256788894944,7.737850860304478,8.711977442560618,7.632230681510252,8.280105215829893,7.572977859512233,7.845185472263943,7.495158622980164,7.434221460263098,7.47397528689801,7.320834705517874,7.106686847381722,6.975040094469782,7.03771051171306,7.037687905790545,6.902722296170085,7.469154653888269,6.38336011682896,7.613883071960641,9.07705753333705,6.936453632381848,7.641831999736183,8.41093904718266,7.890936944746401,7.631856160327435,7.076546000754716,6.733111368190624,7.569941905282147,6.971786,6.677857785747401,7.704847907746338,7.9212952972943365,7.123837634616145,6.771984612791094,7.9780467754467725,7.283281158338648,7.252608387433195,7.563128701551499,7.510881051783931,7.52303064416464
2022,16,2022_16_ATL_BAL,ATL,9,K,00-0033702,6.190194418055883,6.306177,4.736780625338944,3.888467208135301,5.2524384664787735,4.931086484408197,5.981806591286444,5.999400013629516,6.457954345726078,6.849208608833566,6.842747166048309,7.366500747438007,6.931539503647036,7.129137471399477,6.6243898554330185,7.152865164203586,6.425213048518083,7.803087995215357,6.546769578306549,7.295487171218611,6.663490548491881,7.613381517846522,4.968399435394602,7.632407514321952,7.162181868868353,5.551312255194791,6.243510897131789,6.766593344308437,6.205768001231471,6.25082250068353,6.8602119208416505,6.9013743,5.9961832380851,6.8694503330443615,6.274797721231189,5.92781480510188,6.087533702917297,6.639379046770224,6.3016291935791635,6.267459167867035,6.276461819046596,6.204100923842526,6.2180074296291705
2022,16,2022_16_ATL_BAL,BAL,9,K,00-0029597,8.806797932340233,7.570137,8.663515682890853,8.621381512198093,8.914043139350186,8.791989801552042,8.491607290894299,8.304150455685384,8.19806948469367,8.151992778462699,9.045814605227076,8.831601500549512,8.658241787311605,8.688856240568969,8.472862905279916,8.034988068346314,8.782216081750436,8.78159075679732,8.967805061994698,8.985882759830755,8.672360999521853,8.57679970201488,8.23486687171723,8.925270579089256,8.614180968826723,9.02972840267952,8.5142467585099,8.09781292181932,7.996604076952953,8.464665632797391,8.658879243605183,8.37244,8.454052010130887,8.031446355442897,7.999122205245229,9.304135795599464,9.11309874278331,8.870485391242738,8.884320293910719,8.928610905804872,8.848923527893813,8.819543875076969,8.832289817813704
2022,16,2022_16_BUF_CHI,BUF,3,K,00-0036162,8.576149082255224,8.050667,9.005150500162653,9.005453729528352,8.567568971678249,8.39265866168995,8.243734664997584,7.870397623487923,8.204197142896492,7.958272785513978,8.495213173272237,8.418658007303288,8.361968564069018,8.332164600363486,8.122261659767151,7.949569871639724,8.171208456005859,8.349963883686685,8.209647966885543,8.340645725478026,7.776022415113971,7.844353443659763,8.187201137775862,8.348778004511836,8.287014023189759,8.897126656779532,8.41088456373543,8.300046136784744,7.913639302792228,8.165085225075325,8.500846440079142,8.100003,7.592842224064744,7.919515650728078,8.27190894531194,9.023902288866976,8.581583753206862,8.134285538970829,8.632486224243609,8.665342611010416,8.53390012737287,8.596500385453947,8.616851688652666
2022,16,2022_16_BUF_CHI,CHI,7,K,00-0031203,5.969543925308701,6.4950233,5.411895541444452,5.810336406337323,5.3082109015392005,5.465020405086586,5.632314214898684,5.390608845804941,6.182595690029084,6.16591856652935,6.340192808616035,6.441027713646265,6.2482014093565335,6.464672829209866,6.227357182111807,6.459469685779892,5.967945722638946,6.273641748447881,6.459611506154996,6.259670671836994,5.925825489672271,6.270147881271447,5.042780059742245,6.442522321985429,6.49937979702967,5.4169120735451095,5.787013576266059,6.461652921359077,6.313422166053,6.214048834406015,6.278500721327902,6.2203894,6.3108743445096005,6.479795874187445,5.608929090184723,6.273669323545037,5.546501744629741,6.11373647186147,6.222662927803313,6.190165045869641,5.954680432165855,5.983015862092618,5.996487798876538
2022,16,2022_16_CIN_NE,CIN,4,K,00-0036854,7.976555524804763,7.698403,7.885932972415572,7.189361471943705,7.933001688920066,6.990663883761957,7.885835013757734,7.256438114310468,7.9066716114081395,7.67499582059282,8.233005554049834,8.007849934140582,8.140195446239774,8.27437456575354,7.958114043532912,7.810489935794953,7.656894889318131,8.242609037570741,7.58699431091787,7.903188815916846,8.285176744861225,7.850763242156423,6.14202462774163,7.668954164610239,7.8648356767967105,7.6287140013203905,7.880727796341975,7.978453464760386,7.759775849359731,7.765199898722626,8.088866283075319,8.0759945,8.66134776729532,7.812960979447564,7.953928700326708,7.908091947858587,8.011286163962062,8.13005759583554,7.982679959664258,7.994770109986582,8.003202665071576,7.996492110265272,8.016428695725784
2022,16,2022_16_CIN_NE,NE,0,K,00-0025565,7.182532586882164,7.115037,6.278110610763894,7.168848133091652,6.545472617971224,6.980699586321805,7.060458452579303,7.019130358083585,7.467520962037866,7.438858642247911,6.880560553374552,6.591749732661447,7.00443490750332,6.769891727529998,6.896852620118791,6.875110112332565,7.087184814448194,7.140348755568788,7.284634735999301,6.9514413773159305,6.865522342752978,6.608442214291315,6.4868600601604,7.035733164948827,6.811998177170408,6.532340563332424,7.145869795634204,7.64277156622585,6.856348854752912,7.098134403680539,6.738315082111401,6.7211475,6.867185718253165,7.850805593538279,7.520091513907669,7.151185093030535,7.050768302530898,6.804771326222795,7.111954978489611,7.024450234312289,7.1285639877726235,7.194997328095298,7.207462069308433
2022,16,2022_16_CIN_NE,NE,0,K,00-0034909,7.164622852114959,7.115037,7.32000647141886,8.814278335133857,7.419155906227891,8.12830755509587,7.396113986263527,7.360294375297432,7.412639743650157,7.312686696575763,6.3937697791983314,6.352213163800329,6.59586481207426,6.629291617340682,6.631992604130562,6.86642561441681,6.948235264303929,6.886610059100706,6.614041781175736,6.681511842360543,6.710150176741497,6.5193146842291565,8.02104006391058,6.845207672198818,6.616727538053379,7.661490795419778,7.533948532701644,7.56564487726614,6.740121930489052,7.041778233939047,6.492308611350677,6.8278365,6.974233650008528,7.657186013239734,7.625390390232644,7.081825648084662,7.331406328111637,6.555674215000686,6.982572310681397,6.923165225755187,7.211355669724562,7.187650561586131,7.210678271057302
2022,16,2022_16_DEN_LA,DEN,9,K,00-0029822,8.555160032442464,7.883941,9.907200509458516,8.246643929476537,9.395815534808364,7.972077692564845,8.353815289042545,7.729404233950239,7.999010606875962,7.8400038600734785,7.595357145192752,7.891873451691676,7.57112435562413,7.706765583475315,7.097816560356868,7.524361594559933,7.426127055255407,7.995581707202136,6.656656040890953,7.838111700512232,6.956426368340932,7.044924282473319,7.65622037427164,7.869170391011826,8.114360935729355,9.458463149892072,8.347703880015764,7.911430807995815,7.479824192510874,7.284460709020052,7.591654704704723,6.947262,7.243565705420941,7.642034951033078,8.359554353723517,9.310016366562408,8.47099537897804,7.380938209013206,8.466940712846746,8.597356593900981,8.48209096375875,8.571744917524459,8.588329802606452
2022,16,2022_16_DEN_LA,LA,19,K,00-0035269,7.427144804248118,7.300575,7.379956948464986,7.921366819829089,7.618005277058556,7.6529213671967105,7.728239677231524,7.820294573198462,7.646313940218321,7.915898533226603,7.278979416505052,6.824280776797299,7.368476184204642,7.287923371975004,7.111668246319854,7.460082749101075,7.4604001689600254,7.407947035565501,7.023899382801673,7.007245248165936,7.139988110806998,7.782130681820641,8.348192093590132,7.701578184666654,7.529804576385332,8.167534132067692,7.95827382676481,7.676699411591573,7.341001084379933,7.257186291421134,7.333039841066854,7.207543,6.851285831452299,7.639395995827586,7.426434847540659,7.52823831137998,6.9459845126953015,7.466602870821992,7.335679930404095,7.389740308598538,7.438631053630309,7.4425837197850395,7.45802263532196
2022,16,2022_16_DET_CAR,CAR,14,K,00-0034173,6.611976466335659,7.264057,6.21930368629961,5.755115259306455,6.203730151753856,5.934602316470372,6.807705184751992,6.605477706806699,7.246146360229942,7.115102427953076,6.844683710179515,6.746666340287448,7.05140560092182,7.033965672952578,6.618913541488179,7.025343031741778,6.726680966523369,6.708721634656474,7.035698168952182,7.121615756571584,6.549779195341641,7.227944476679556,6.16749467981414,7.254294456415725,6.957309936060081,6.256958860703948,6.753150242404194,7.310070119286892,6.971529803324575,6.643871168005478,6.922016270327135,6.4478383,6.184903434946383,7.316430404707056,6.475752862435257,6.6351146866635595,6.532550226825951,6.809748551285314,6.790610657383812,6.716088531050708,6.547297040136675,6.627453178399646,6.642929890463635
2022,16,2022_16_DET_CAR,DET,5,K,00-0034084,8.056554677584387,7.7501955,8.983659431103412,9.325557897666386,8.693625771450618,8.710902532840084,8.370359903366587,8.027897068550452,8.280310775695494,8.131353903125834,8.179774082500439,8.165817864689059,8.18355162762825,8.110813331786469,7.827700342236685,7.733004822179557,7.930766922186855,7.749795478039837,7.975546085534238,7.867612898542175,8.292330498345533,7.839181500013385,9.400410703574403,8.340693387985826,8.377154508331753,8.820944095659405,8.370465403554949,8.241147107711893,7.890462916169856,7.766853329308359,7.913344140094817,7.939164,7.861953774569996,8.077497049286837,7.5401579316989045,8.641035128007665,7.84648757080395,7.767222448956269,8.119201643450763,8.142092868996938,8.002966984268415,8.07378016852875,8.091005659473113
2022,16,2022_16_GB_MIA,GB,15,K,00-0025580,7.261401278346569,7.534986,5.924619327150908,6.29875948914608,6.103853405273336,5.68313416703276,6.589012400669748,6.220823888819881,6.971717824287238,7.055114504238286,7.74811097347941,7.45527962600594,7.708876655797109,7.47047208317587,7.4562396088724,7.221196294243214,7.24629561719407,7.308294650248674,7.4971209774431165,7.0445366224863015,7.02370989706457,6.910427386058747,5.198624184783794,7.466461207756361,7.376649675764774,5.646280655717249,6.393041224410897,7.038984991157394,7.352870992114823,7.147722066172424,7.654293735592001,6.7210035,6.809311309881854,7.192431114268059,6.931744993176266,7.753426330184393,6.659450577327399,7.0728109529359555,7.398674654255671,7.343390979496893,7.23848528573768,7.269998503864796,7.2785957293830235
2022,16,2022_16_GB_MIA,MIA,9,K,00-0034794,7.937193187367289,8.21558,7.7823208624485,7.543679425234847,7.714631401152134,7.4497349056937345,7.501317778295814,7.456416414103889,7.553570859175664,7.551999022293162,8.158336270080657,8.058169515007984,8.011391542741613,7.74484184454266,7.760244687513138,7.997173489576259,7.597646502920178,8.08206694655735,8.086669012306196,7.550870896901232,7.819042898758271,8.29772172456576,8.678024913510281,8.47505276092502,7.842372067713445,7.509907560711796,7.379343707257435,7.542434345801489,7.53174910664548,7.4246343910419395,7.828336567510242,7.4080963,7.4906234010970945,7.707831682267567,7.937929811375225,8.092478762178116,7.324645299070301,7.931791045882224,7.941187997790794,7.859943413198642,7.999158695675127,7.949184162541784,7.961175137716279
2022,16,2022_16_HOU_TEN,HOU,7,K,00-0032726,6.665816564153534,6.5795364,6.371574000988486,7.560896192833987,6.128935514286859,6.587181128271391,6.121610573716756,6.280658758457378,6.465694664293104,6.719815153597954,6.946227666262221,7.044421479803684,6.812205594546178,6.93319394787344,6.503620149157593,6.284208477057827,6.599121957973779,6.748688973200932,7.177842848265921,6.498378209532251,6.798630617647807,6.422503492278813,7.110528898858829,6.938689889043867,6.866001265989829,6.132636580754146,6.156704888897784,6.555956513101109,6.358526078044907,6.801457438772588,6.809039571093957,6.5111556,6.390883516714402,6.563659430370503,6.381105864993552,6.929056275259382,6.872526637903199,6.46304815380698,6.690530214447467,6.680876163213647,6.647769735416771,6.679623606614829,6.693430649076124
2022,16,2022_16_HOU_TEN,TEN,2,K,00-0029421,6.76495661990437,7.162903,6.55212908810673,7.63752654427585,6.441775386945672,7.168208927940381,6.520850598198112,6.76297078535626,6.760762878669514,6.9947184894498005,6.416618837626053,6.657412585985736,6.706749991716123,6.574611161396606,6.098603842804398,6.81194854264121,5.757523466474575,7.118878242073162,6.570301079677884,6.718805466863143,5.621228962200458,6.364675306040378,7.40514063528314,7.23216504779893,6.9644500592712895,6.844706340470981,6.75719107930736,6.9505270196409095,6.143130531168904,6.163765257313695,6.684770657792662,5.71946,5.684022463596818,7.029698359033749,6.909470847168514,7.083734095058,6.325052495356079,6.130582390975036,6.66982019568701,6.643881770181199,6.8158957503202044,6.77882641194722,6.79269620399007
2022,16,2022_16_JAX_NYJ,JAX,15,K,00-0036816,7.036359881937962,6.795494,7.335631996779645,6.653874544528611,7.172651891314888,6.581013627455707,7.203282453583744,6.823489752735494,7.372089855364537,7.510004881087551,7.134233244724956,7.38264115180492,7.296641595015509,7.4123640834855555,6.95629948652172,7.297871130625667,7.060996123419503,7.165452916012626,6.568782090983064,7.104304172026864,6.820576718395459,7.069639729711894,6.710720411884259,7.423481127810949,7.465304579306374,6.883475794341014,7.042523785852376,7.404298987574813,7.088195728272243,7.280605859009814,7.265212658155966,6.9650993,7.289982309964156,7.268781606492861,6.92619154620831,7.243606356432075,7.247206130657308,6.681696312184541,7.10992662758507,7.115164177827591,6.995993545207304,7.057802400498421,7.079244919058879
2022,16,2022_16_JAX_NYJ,NYJ,3,K,00-0029621,7.486700484384681,7.2816324,7.092901928666295,7.100817331745492,6.699002138376718,6.970811264825827,6.931103507534504,7.238845732713035,7.220538231940033,7.433703535466016,7.172844818664138,6.966953147806984,7.312303268450935,7.1503718738039,6.728688177637212,6.899293089203795,6.758355666316266,6.678886391642108,6.760676456756325,6.967899075486412,6.343985651634231,6.445408275991081,7.321296396026239,7.051063943058345,7.207374299264356,6.5731058412416,6.865765639674787,7.299975079623271,6.616563882751975,6.77999810170552,7.362479613410117,6.182183,6.152804458610361,7.133829554109222,7.646285224175669,7.8461543151730995,7.2197862007817015,6.661872854922845,7.356073139247318,7.374801360089965,7.387317898432332,7.499640433906576,7.512580383428469
2022,16,2022_16_LAC_IND,IND,4,K,00-0035358,8.399855233541889,7.7874613,8.074082457265964,10.0031511147323,7.817216696536785,9.340082756407702,8.034352190574749,8.94200498096766,8.216231823370352,8.57459140444481,8.603974410796706,8.33864190370604,8.211056216071151,8.303932765124578,8.09462528084224,7.831487761652277,7.552187539496895,8.030278260728139,8.409145169676558,8.229235881530629,8.257807089227605,8.793688163017515,9.09650834627718,8.269744291390403,8.392942049366189,8.000589020299937,8.053161081056196,8.197938815133101,8.088216433040358,7.731419247373034,8.326598732558047,8.373369,8.382543728752838,8.135774796574859,8.138232941502078,8.668847810934249,7.927640805304178,8.490410730935734,8.40018549546985,8.451162835885764,8.280833200142032,8.421832183689247,8.443809133836606
2022,16,2022_16_LAC_IND,LAC,8,K,00-0037224,8.945747852736458,8.468056,9.620520226308312,8.61053348062852,9.577289721476491,9.032068190216927,9.28647039885443,9.113883859513882,8.929490294140155,8.813325585560914,8.394243200950388,8.746396298669698,8.478518623863943,8.562127173927562,8.64892760332964,8.532878402361902,8.762435330558944,8.684875079149919,8.70153838422173,8.619396242701448,8.718296439803453,8.460469920350873,9.03437927812602,8.777505657477352,8.844999874102577,9.291612416004236,9.166124073248788,8.783623457319784,8.90398809282565,8.947918119590891,8.690565880647757,9.274496,9.378099449662695,8.623703237672956,9.20389945206712,8.74345735701161,9.129762429469643,8.871094156823567,8.77163332268049,8.810452478320453,8.93858102114336,8.976179457524676,9.006611062312894
2022,16,2022_16_LV_PIT,LV,5,K,00-0034161,6.595003222316761,6.9293694,4.770615344784405,3.8981662677494624,5.069045876805397,4.567822235322457,5.797654350324013,5.474620161738677,6.464118182145819,6.611046010251398,6.660250998307214,7.196494352204114,6.902506045266765,7.14462019674627,6.097304129115642,7.299948463194259,5.883729990719063,6.617269973180245,6.302307411296141,7.4997609453425,5.765208626203183,7.114042650739209,4.797687122393958,8.21776701788543,7.377914964385594,5.547666120795693,5.806924751943254,6.694927803454206,6.2725605789328185,6.275029115962608,6.780827894973842,6.078178,5.439766703768317,6.59481528780379,6.638651723130869,6.64300888129439,6.524230448174597,6.468905540211418,6.743170219052145,6.70393588887124,6.697082723327233,6.609998259590864,6.624993296864968
2022,16,2022_16_LV_PIT,PIT,9,K,00-0031136,7.163100837424331,7.415508,6.296893123458733,6.155507195003273,6.624130315663527,6.430181141726685,6.970993039627853,6.675025138625284,7.220138353892851,7.228169805471783,7.623008923469732,7.936337296011936,7.634952579581967,7.955717876862483,7.094640786405285,7.907198602831638,7.082284413166681,7.442117913355364,7.0530207395423545,7.970396608731684,7.737148413756786,7.451902268983576,6.000438129509038,7.801228550236457,7.910815932167896,7.333676075111642,7.347625528429816,7.550562261091646,7.226951876317607,7.320093133818065,7.845210013061154,7.637386,7.6798821769663155,7.545231561626744,6.919437948370284,7.612005671903276,7.23446966918188,6.595101086168732,7.344159979541298,7.3471648826701585,7.259732739764873,7.178966223538725,7.194831609653121
2022,16,2022_16_NO_CLE,CLE,4,K,00-0038097,7.171804893783413,7.0290275,7.253757636098832,8.241615172986986,6.982246436730652,7.294336837651194,6.992230888759298,6.539563126485355,7.208396230295633,6.84349356981116,7.0689314560398,7.361748088760621,7.259116695656758,7.45547327676426,6.526625854314581,6.88802727576076,6.215899028008463,6.922606021241433,6.345746585573757,6.947831650824093,6.499269699700021,6.942131275887888,7.34933825627524,7.406134559854195,7.477813343322952,7.434934287146953,7.090686130571832,7.277034238326762,6.46395992773496,6.780106088403768,7.315868568313191,7.1417623,6.512851546981344,7.319313113651034,6.438002254230268,8.043975844204658,6.944518907104795,6.641809945609946,7.3424436442420795,7.340744013798982,7.122032728963065,7.196886614325177,7.221968334866942
2022,16,2022_16_NO_CLE,NO,5,K,00-0032569,6.23757377648005,6.4456615,5.884632868502841,6.8762786563256775,5.731480969631135,6.31265292928547,5.935358586600888,6.03229123381517,6.29939905444826,6.37821523650617,6.413427425144819,6.449084495567815,6.542212013680413,6.750134237843159,4.91537507979041,6.323867947337678,5.236863538321037,6.651198441839957,5.978052163816363,6.867814458982966,5.47461837311308,6.428989047927926,6.468190285181659,6.873462957190023,6.684620461532509,6.185768216438723,6.218568525668468,6.63935310976776,5.4964303919750295,5.123964046506705,6.726356628684002,5.5968013,5.309034013453164,6.573521767975304,5.3985794553961295,7.214891956569163,6.194064706847998,5.563183432743728,6.534803644841537,6.5772075883891805,6.202857133406047,6.248414514612784,6.259255252745519
2022,16,2022_16_NYG_MIN,MIN,12,K,00-0034450,8.59636564001433,8.799564,8.321679378752275,7.2773162561163165,8.24576416864162,7.868755153614173,8.257785947080121,8.427673547830238,8.298902284894208,8.375701199916499,8.392886574919842,8.746783111809277,8.410428333487763,8.457992446132506,8.423660341936595,8.942546473611939,8.526500335272699,8.907722937597962,8.417363691032094,8.853249269233977,8.133170039605446,9.366844813376153,7.862709298269122,8.777113149369296,8.39102623664546,7.993166561134282,8.327087146441409,8.38820233248089,8.781260460176862,8.697729102780654,8.737369866396302,9.077183,8.418518959131301,8.228933695534534,8.786176779434633,8.59677842129105,8.143696331282676,8.537158022696257,8.410999350383326,8.40587818415758,8.56582253758658,8.617061668704089,8.637757697393846
2022,16,2022_16_NYG_MIN,NYG,14,K,00-0026858,8.209536725060751,7.9245152,6.66145142475556,7.392669815277141,6.916277172581056,7.31651536919987,7.522966026705524,7.786846288743431,7.679191712959113,8.032731575664124,8.340570330568061,7.990099882562666,7.865767039465664,7.936468860752978,8.001182332952903,8.765055833809527,8.10382908478368,8.837430440896439,8.180722590355503,7.851059566740041,7.616274275401226,8.839873686096784,6.864636003684672,7.634654240046337,8.126163623411355,6.287582332065889,7.603842596202998,7.888288061035687,8.189819070954988,7.834420658690043,7.843825810715355,7.6994004,7.879425628299669,7.821846412914022,8.373083277532608,7.726865664189178,8.7145752691764,8.677039746038279,8.11948711414167,8.129755802784622,8.223504242048758,8.229131017073733,8.248725309086717
2022,16,2022_16_PHI_DAL,DAL,18,K,00-0030332,8.668194902347146,8.750951,8.781057858212023,6.35418676960534,8.211573515622813,6.697616912792548,7.927229647108628,7.030843185536006,8.057336538629778,7.371911417565994,8.424029813167838,8.151399121419704,8.44107954004177,8.00152509850038,8.246927315344697,7.784904915514911,8.430216743737434,7.860441749762152,8.639344818336932,8.353987279546692,8.294768477026045,7.606564254195701,6.455830022796169,8.147343374961581,8.107305316657467,7.92452189610121,7.805071069293483,8.007148902339821,8.227028673558102,8.409705683342757,8.533351411491134,8.131652,7.934133761095782,7.561511594234446,8.231518971281925,9.098691884613709,8.731159004384667,8.430732783393081,8.731198351095829,8.797239135878957,8.507064199089022,8.687057455767867,8.705920009188592
2022,16,2022_16_PHI_DAL,PHI,11,K,00-0033787,7.499657114162366,7.9731293,5.971389793047576,5.962795742947311,6.322807360681401,6.480598554958524,7.03890101895512,7.075187934700223,7.419160388586251,7.5202111582571165,8.248652733492648,8.280309454992642,8.232496066108688,8.177731738200418,7.828745280513412,7.524349334736782,7.9434967610765215,7.199027351853294,8.422460807171946,7.075904854096008,7.903989702893788,6.999186535445978,6.0824933959151135,7.406779649659581,8.130608140210684,6.153309124621415,7.069336894949706,7.599059306491227,7.987541159927796,8.390519708203406,8.251657559800254,8.0840435,8.177548779704408,7.584466110211141,7.924075511503339,6.847638051747247,6.898239980322215,8.467776209901215,7.420195087273282,7.384748798946269,7.535722689921958,7.509854783033295,7.520052451904225
2022,16,2022_16_SEA_KC,KC,7,K,00-0033303,8.958101072938856,8.99658,7.653960780621001,7.082259821107108,8.034540706199497,7.230587374081285,8.349895822120677,7.670286873948385,8.417018023512194,8.169491895441448,8.259078235636785,8.30354650566964,8.334205453177606,8.472161438398187,8.404659082644345,8.464055709558933,8.350801905639532,8.545750112348037,8.010970703928825,8.217148865499217,8.340698518944768,8.36858352073752,6.902476774642327,8.437202066277194,8.514563024611535,7.759241139897326,8.246390603183995,8.403314011319427,8.128452400633577,8.194376282003557,8.382598927303906,8.160525,8.4034511820492,8.59696608790955,8.601844431132244,9.68594348904143,8.867104019809002,8.082299730008552,9.036004243048936,9.005387487579199,8.913665932189215,8.971192110114309,8.984283147289762
2022,16,2022_16_SEA_KC,SEA,4,K,00-0031492,6.583224924874253,6.9547987,4.979279408403576,3.998199032809708,5.202043958425211,4.6047820342194585,5.97899559911812,5.629164835216127,6.490114422221282,6.419282856865805,6.3198234801238735,6.467805314221338,6.420853980091739,6.550388848932598,6.604617592269415,6.399211853395938,6.39113633696365,6.658260813613032,6.380944316497464,6.734673257128098,5.77013733404899,5.710760608206678,4.167935579428477,6.4264449209336005,6.384119115430484,5.239229180360533,6.035187374314671,6.736577104163844,6.612192841194857,6.403852425219995,6.373823583447456,6.1946363,5.741124446501186,6.604280616289364,6.485990079168081,6.7423350298266085,6.495773525925307,6.45458268300327,6.584786448948286,6.503771942770008,6.630763767295752,6.594500830090015,6.6057767353057795
2022,16,2022_16_TB_ARI,ARI,14,K,00-0023853,7.547546308613057,6.6440434,9.72325697313191,9.268504405166665,8.560866656636213,8.428688589462626,7.577697184168739,7.743329692539567,7.552388602089905,7.766076503549031,7.518289893341507,7.588954787445897,7.217625060772598,7.334655939598832,7.648643588999461,7.449575445480367,7.77140319496194,7.302484485190274,7.452047311329153,7.2314057902939455,8.273250320739065,6.880092787867042,7.859566079458796,7.0933545985910245,7.088258473869228,8.61734709842052,7.703592239342207,7.636219187099664,7.542941164592389,7.655336072296721,7.0831471513884265,7.566805,7.635505684978488,7.289025775695283,7.477536674290475,7.4076510483515285,8.119162133386878,7.6465433682330755,7.468865064547746,7.52935680259608,7.518676400351113,7.56484583927237,7.582145369931681
2022,16,2022_16_TB_ARI,TB,15,K,00-0026968,8.750623774308952,8.102459,11.110960070094954,10.272491651801152,10.412632405711596,10.259553999910484,9.087927762425934,9.317962217901515,8.561990450967444,8.67894013643882,9.149724965433023,8.902988142747118,8.939550972499337,8.88847943497365,8.900798405472242,9.299059978359896,9.089502162287715,8.902645872799964,8.843703654914936,8.837493665015385,8.438797194539982,8.80364131030303,10.29262041270071,8.76216246420924,9.081678527613548,10.549541984796766,9.06387370458197,8.366993166392168,8.848228261170132,9.00724689154458,8.768951311967957,8.901218,8.478834859791322,8.384270237154002,8.817807356002799,8.582743418771008,8.067426771434796,9.327207614281143,8.512571840103256,8.530423068009938,8.722946170152355,8.770740655536356,8.79085753676376
2022,16,2022_16_WAS_SF,SF,13,K,00-0023252,7.672775465578212,7.737481,7.263187239621247,6.760133327136874,7.173463428698386,6.761484982844729,7.40482151521105,7.174624934517441,7.637001537398675,7.740730583011075,7.981289817422012,7.974910354701013,7.9466914719983315,8.103767884692541,8.208423468054422,7.960797222713512,7.965332508998411,7.933374018947835,7.781551818906196,7.486015987702538,8.150563516805523,7.933486957037225,7.31495526224227,8.804741211017726,8.10173489188673,7.058894227985889,7.215986665421632,7.536385322635059,8.092244031714236,7.865893234341176,8.08415062800471,8.095677,7.825274235830943,7.6013553738315025,7.936126705475635,7.299280775874545,7.36155593136153,8.180347752247755,7.512032857204735,7.499406414708732,7.741751106987241,7.685335527025678,7.697895588473142
2022,16,2022_16_WAS_SF,WAS,2,K,00-0035192,6.801844578409804,6.473521,8.880342808770266,8.701438620696639,8.225802005005484,7.841662452111946,7.381608512267604,6.920052632588784,7.266552131781363,7.012635838175148,6.905616330081978,6.698680073449713,6.975797306546544,6.843372108622318,7.15554124805595,6.957963138964281,7.017262604333869,7.071429531131493,7.270204904319908,6.746003351454982,7.311477717224752,6.966322589641548,7.984079637354445,6.467491062810906,6.715074731863142,8.583053963610636,7.345614490045746,7.088829191666834,6.879812362722785,6.8762536000978205,7.002398822592675,6.847917,7.271204494640609,7.015998922656779,6.840596815976129,6.759600789481249,6.879024274449111,6.789613951897774,6.851944117533653,6.920560601074959,6.8436265446085445,6.815942907183889,6.830041235957974
2022,17,2022_17_ARI_ATL,ARI,15,K,00-0023853,7.921636779529596,7.212883,8.62911686084514,7.302427678361442,7.876183494010002,7.083989752947664,7.571106820821746,7.472107915838674,7.633060424243067,7.901452357317859,7.925191444991027,7.623677965566627,7.673339666820892,7.6400107738268765,7.583335644842389,7.616044193688992,7.730492042053404,7.50340950427876,7.966729628152622,7.692032063252445,7.961192774385295,8.132306249004023,6.759269738168306,8.005223307093738,7.580823729412907,8.375967852725122,7.770943719418277,7.724624628161402,7.195914307569782,7.627634173844041,7.782745138926163,7.2727633,7.865960401059092,7.425783742470999,7.830575519306814,7.839792308798964,7.742870484416378,8.311300758881643,7.7698448708676775,7.8215314337004855,7.891684947424849,7.939077407135509,7.956518034741423
2022,17,2022_17_ARI_ATL,ATL,8,K,00-0033702,8.701884520126784,8.574071,7.505460865232259,6.868270247004208,8.032137186784576,7.773480887792688,8.433567325031605,8.836559157794056,8.38642282324809,8.854015412510599,9.418697681767693,9.67005649681426,8.974198079922232,9.316208557236894,8.934736063019873,9.455218837584528,8.846262758474353,9.328853381038822,8.780862467280565,9.59024853496584,8.992541211964562,9.687080903405269,8.446468324342012,9.377264450563016,9.16554039882759,8.080304135875316,8.625709073407343,8.433264504164915,8.858201969645876,9.048065285503794,9.14215543737757,9.138403,8.76389040275289,8.693192181597649,8.992126910979666,8.200640757060714,8.0039088111463,9.617996314469837,8.545810764778492,8.528987200429587,8.688043035633546,8.717739996852094,8.733595473577402
2022,17,2022_17_CAR_TB,CAR,7,K,00-0034173,6.490605708960101,6.966017,6.498026929327935,7.111015242736622,6.506055495787736,7.217400937392864,7.102157575396567,7.792313044922864,7.521328092647189,8.172850985264674,7.095961482104637,7.729397235533478,7.150900770922914,7.542220129625865,7.442659793212172,7.82854858090428,7.591059611262494,8.34043524340465,7.90329300017569,8.559857758432436,7.053828317049328,7.895978796345814,8.25314725494949,8.336317028827647,7.3602692659657,6.790328695594777,7.2515876961792705,7.702576008369901,7.653666790426018,7.720452041595346,7.428001037019453,7.4613857,7.868676732735712,7.723571488927501,7.025970996439669,5.847005495829957,6.446211407410281,6.996955354775943,6.475300080020873,6.427943965648455,6.484173988473326,6.504829560561883,6.519053412163665
2022,17,2022_17_CAR_TB,TB,4,K,00-0026968,8.027348624995005,7.6466107,9.06871619953338,8.854710611973813,8.804361323044409,8.779768415574964,8.414270171157796,8.304519519046332,8.2365638335085,8.145593513107007,8.450267056291342,8.494858493717345,8.340899919481227,8.289853586959921,8.561957713229694,8.40946144784769,8.615297283092959,8.410087103898945,8.583638158276296,8.279595922383752,8.102646252040687,8.916620587944418,9.03419416492426,8.60917159259438,8.254294600288471,9.110614598959929,8.412605072662936,8.14356435562296,8.475309315093584,8.655442779983346,8.152213872698907,8.739596,8.165386225737215,8.142856863544264,8.538390355574071,7.851058553938534,7.50573287667561,7.874174045399049,7.7394015537841465,7.7513414404172405,8.02210553125135,8.044625770724792,8.061902916454576
2022,17,2022_17_CHI_DET,CHI,4,K,00-0031203,7.955104435236531,8.225735,8.493669845441005,9.928442399498811,8.32673503779194,9.255453306564734,7.937929085388419,8.402292446657578,7.828362145350337,7.892001392810632,8.305935356443264,7.933327792258468,8.034090818197292,7.935010612986288,7.9263252150048835,7.858684791127001,8.13639423222791,7.782200949722352,8.252068818358115,7.831137387018536,7.915446706050261,8.331054549626018,9.14473709014001,8.352388228520775,8.205842449598476,8.179100143802318,7.892209588123043,7.780164859714893,7.742000637365651,7.827557672961912,8.173517842893583,7.823765,7.991811887974759,7.925105462799247,7.736716915036334,7.86302203938241,7.2200466297884365,8.83437940996912,8.02806214846448,7.987748382357915,7.942394077729336,7.9694796072517535,7.983854779266975
2022,17,2022_17_CHI_DET,DET,12,K,00-0034084,9.276671733330378,9.100783,10.346016437590537,10.473939363079683,10.210440937674903,10.328406337753492,9.767617175514578,9.907622935546463,9.356981422059071,9.369865417907365,8.575172270514619,8.609142434785456,8.780084949714052,8.767688975569836,9.110435892006503,9.024719175321398,9.023553748156743,9.052817935217494,9.45069866877446,9.544066487022974,9.270356657274649,9.574434412704308,11.49686528319311,9.44264483361028,8.989489684685308,10.09677969382888,9.71132868757354,9.180163522454198,9.109724418529536,9.102107884447015,8.871014583492391,9.4656315,9.245840270425836,9.142239205837686,9.47738979822249,9.353135324918247,8.891507941255819,9.01524934885376,9.123550036238566,9.157564132580653,9.29497383452697,9.294816459202265,9.312961185074148
2022,17,2022_17_CLE_WAS,CLE,6,K,00-0038097,7.706281886333571,7.2760234,8.729421249356763,9.531213745060771,8.46733988988437,9.11954296839692,8.03553940674896,8.52555247023152,7.798053881894397,8.054621743941595,7.82218412842441,7.843579237955805,7.669882090082518,7.582785454097965,7.931251037552676,7.710585780215583,8.089802984049749,7.578649890236605,8.14327589816111,7.601893166143431,7.929337222678752,7.864261143020217,10.462251111911012,8.375987276695344,7.923430288897545,8.66044376166714,7.976222969886358,7.692436489076664,7.685325756060551,7.595629504228285,7.613864569218792,7.7633896,7.701587398531353,7.718566007906312,7.854086093950112,7.676058635114155,7.515864817164902,7.640230611931923,7.646251546202591,7.677009500748665,7.712805235254247,7.731207477892842,7.756133069452115
2022,17,2022_17_CLE_WAS,WAS,5,K,00-0035192,7.913302191144687,7.470479,9.645209273777164,9.648760021386042,8.829747252336302,9.026430490599015,7.783974560007765,8.233176513698035,7.558485534559553,7.9352059689212355,7.83397481680049,7.760865279914152,7.637587421481054,7.887473490476177,7.5973975596582894,7.848664940272789,7.735964179503155,7.851837920700413,7.424991166543748,8.065288525212566,8.063889596316542,7.692178044942352,9.54830486155246,8.10112787268154,7.666981364122728,9.526682690064114,7.910606449926955,7.483177840295323,7.537089051152063,7.420711752387817,7.743224066102876,7.167681,7.493327423749423,7.299342371871484,7.689927542706618,8.260981860612937,7.51789612325954,7.750707858807862,7.927109051743222,8.023649394281215,7.90562633132985,7.9296877162966695,7.9460732414486515
2022,17,2022_17_DAL_TEN,DAL,10,K,00-0030332,9.441382033166912,8.70097,10.006665493263272,8.412183284533132,9.337416481083862,8.231417515556128,8.825928835710602,8.414875496079063,8.74188230458849,8.605100906285935,8.006743040942826,8.31389619092982,8.261291171473218,8.368857475006887,8.619032521740793,8.245512250368163,8.362813315048932,8.258461521348796,8.201261842333414,8.454132089315918,8.697478310413974,8.807688663215279,8.336049487554366,8.850273512384614,8.065818544446916,8.82520459636887,8.686955942223095,8.623265576573244,8.45965921717696,8.575438394490899,8.083349534215962,8.0317955,8.212013984036469,8.267497467188887,8.893779898144363,10.272296154477667,10.340969119101407,8.151163450111975,9.431840911214373,9.543183105997185,9.253384083185788,9.462234676051537,9.483087318936164
2022,17,2022_17_DAL_TEN,TEN,7,K,00-0029421,5.849855750183679,5.978595,5.369355415370254,4.766804176907838,5.379639876035457,4.932087782481975,5.651123079912864,5.348009488623118,6.026215544585231,6.051049802566304,5.907067583278472,6.050238870901586,5.995639655802649,6.035950781478181,5.9906679731651336,6.129611188134499,5.550964020436897,6.010297012502329,5.696757688152278,6.033431515427174,5.674911721766594,6.330840673905212,4.120439530139793,5.963052973627648,6.056074062219427,5.750577125225459,5.802929980751442,6.219268168743493,6.207200085621272,5.895037720537385,5.861676046114745,5.5859556,5.745553551319709,6.388315056915677,6.258264327750068,5.361259294626372,5.11941601023449,6.579655664923306,5.722119207832864,5.715459380197104,5.961914733644662,5.862020477245004,5.87418520430633
2022,17,2022_17_DEN_KC,DEN,7,K,00-0029822,6.758930372365074,6.3618965,7.862294563003485,6.348361964269747,7.536889852976366,6.353238188061052,6.753456309246147,6.208189793555253,6.678525530884809,6.519151199832246,6.420879455119583,6.549168333894838,6.696495531272709,6.7503340357278905,7.072999832162592,6.895097556857793,6.658301815934252,6.95769429648003,6.919509669631989,6.356835888261037,6.931775836970722,6.054893491727523,5.061223258374355,6.217428844449643,6.237589951512349,6.961932570394011,6.3771312060486665,6.539200934308384,7.064113573412893,6.441971969129856,6.423002728584185,6.230964,7.14954894254922,6.4867554499879,6.528595696954634,7.030674420523467,6.720005289191059,6.580406830750952,6.831033590308919,6.877799931073425,6.7611522038175265,6.771856108392693,6.784781844420312
2022,17,2022_17_DEN_KC,KC,3,K,00-0033303,9.097426554528024,8.987044,8.025993676372265,8.114207145032621,8.317722892777175,8.147125042856109,8.551674182088783,8.669663725970846,8.519479270521886,8.969917950504582,8.268266707171211,8.933563790015896,8.38461006918184,8.944103741778495,8.661182366385562,9.285724786916989,8.643898174563201,9.31833828092334,8.199571635132708,9.268788603792007,8.911555199746804,8.749931215554314,7.909754944295471,9.34771851360184,8.951222322967865,8.112891411611532,8.572412941158188,8.593658479047532,8.707820000077108,8.476252375416374,8.403350533047497,8.83619,9.119680629497845,8.944828974370893,9.24428015147191,9.423922619704646,9.096884968878634,8.224424821583645,8.982110523403902,8.967464163817759,9.082644164123481,9.111363166487084,9.125299778446145
2022,17,2022_17_IND_NYG,IND,4,K,00-0035358,7.472135310337066,6.6376867,7.16683707426167,6.942133699120529,7.12236321427095,6.907995437967719,7.208005347569947,7.251596376017608,7.346206564559787,7.446358819496019,7.799839928234051,7.78966415274214,7.551659792244697,7.46778225584056,8.16079950441541,7.662679316745088,8.913959422330803,7.92533304710347,8.897686108451122,8.14062862645903,7.936689928555165,7.25382290857807,6.322300536369767,8.191660934180819,7.629907293736889,7.429996348393727,7.428167624761492,7.546138984370749,8.1393091195973,8.170160798702028,7.1868978672432045,8.012214,7.957326344340647,7.566471556744521,6.880504577637645,7.655682148741001,7.264663404563997,8.09622368546486,7.610910874434097,7.645591328451916,7.462525962580607,7.492087611797082,7.512039913257098
2022,17,2022_17_IND_NYG,NYG,8,K,00-0026858,8.184775483314695,7.707191,6.253377166631696,5.5971673764817504,6.495172879120034,5.870464127781574,7.279918531581363,6.945960715108661,7.5915365949977405,7.725291732182423,8.736374094248609,8.42012477280066,8.435300456866063,8.181734197111002,8.71435521362906,8.124245393854226,8.916808003487137,8.48989280558432,8.603784807451193,7.899520041170144,8.451364078883312,7.503756142528814,5.241666946159877,8.7363032434621,8.352369081100742,5.378522659280375,6.932623106544458,7.514411386403802,8.74707294865297,8.99293167941587,8.321121929023896,8.064111,7.575295211014541,7.447563369160161,8.584122082600139,7.721757805989197,8.620591199447103,8.293883080971318,8.059891633976548,8.06220419644151,8.270969374868264,8.204731081734328,8.22468668015396
2022,17,2022_17_JAX_HOU,HOU,5,K,00-0032726,7.474779935659839,7.687055,6.797426347182883,8.364740579328389,6.805683450862636,7.987536693973859,6.997575844237333,7.510397810837715,7.18227297945857,7.351751883051641,7.414142483201396,7.217744811193342,7.545130053520194,7.312864708813155,6.980995068243691,7.23125269440737,6.9206560873047325,6.782596753302139,6.899690472024645,7.079382494064227,6.4015401057839645,7.130695172232319,8.10888049839448,7.178709001637289,7.55052425164323,6.792281681283033,7.003129792246358,7.223396312503381,6.918740435588065,7.19374450639702,7.297822561830232,7.306102,6.568304823893541,7.247030347422047,7.53711676398564,7.494641396647629,7.04745227951091,7.555215599270017,7.355432282009859,7.336746475905118,7.404133642454376,7.487692777674351,7.500605619688862
2022,17,2022_17_JAX_HOU,JAX,9,K,00-0036816,8.734652193446829,8.367649,9.367707971832248,9.775468063256824,9.254822622683726,9.635015562009505,9.169435058777792,9.285177257378653,8.990756665742108,9.06130460678933,8.592131113788124,8.728147342886766,8.438017392450138,8.628365618349846,8.373756670353938,8.895521877785816,8.551870322674054,8.752035665587233,8.306306626842176,9.197958225900871,8.461808218981721,8.4046561736937,10.450525070862904,9.26663713833397,8.969368313553389,9.248379838954332,9.067205930464931,8.809632895385072,8.258509266387556,8.3217512943133,8.258492360349905,8.2697935,8.356772292928655,8.91603197979374,8.791223905597422,8.587530105264086,8.644735148783859,8.988997323917907,8.614383294693283,8.614392339101958,8.692584425295232,8.758122684206079,8.78159317496533
2022,17,2022_17_LA_LAC,LA,4,K,00-0035269,7.140553076334777,7.2949657,6.786422619402309,7.648660688879399,7.121626959524908,7.459246878993141,7.483501901349639,7.458201302841561,7.636374299920496,7.650498811076947,7.25505926811299,7.114706154549781,7.23214809106698,7.322760663958455,7.222192080501199,7.356024516996327,6.744514802892849,7.034490754336833,6.762165289536075,7.512547553581803,6.498978627411523,7.392670041366391,8.56861494751331,7.240950021758187,7.119834321493722,7.564268875565311,7.533169917671657,7.612154907426159,7.215911260234695,7.490284563381465,7.412611391813659,7.0598,6.699015718882019,7.406529606389144,6.91418376696945,7.247000955072791,6.49688512808714,7.589045257030556,7.248312451686169,7.3008613821944905,7.093364098354866,7.155752432158642,7.170951787982508
2022,17,2022_17_LA_LAC,LAC,8,K,00-0037224,9.137578518864084,8.558926,9.273916731737856,7.439182290200366,9.30875700139208,7.8531186312997665,9.182855290808128,8.516118122322203,8.846259534753854,8.451702162060814,8.535033017580831,8.275316938437054,8.577555758511092,8.480932870759535,8.969654402292177,8.337129585361351,8.993906767748639,8.59995418134958,9.028112496308871,8.270046404822848,8.58025123926263,8.480384004559646,8.061298181123128,8.49798993829354,8.477267441372847,9.01565823133469,8.978476806871624,8.664747556115236,8.83531781786195,8.80902062266086,8.651140250311938,9.360891,8.637100717277216,8.528550978042185,9.224906689042784,9.303328830847038,8.964290211305944,8.761729793409202,8.972709924214428,9.039451506958281,9.094453210267556,9.167195544890097,9.196812570916109
2022,17,2022_17_MIA_NE,MIA,3,K,00-0034794,7.077210858632719,7.0815682,8.685050958628826,8.518692693802741,8.397273722932733,8.0972924272561,7.769848840000744,7.723541654986228,7.6517811903061,7.766428672595588,7.246474023836901,7.598227684743289,7.2880672598992,7.70142085871221,7.414617996012863,7.503761032566562,7.446153007187233,7.859529303710612,7.653601199059504,7.82358079676553,6.879390025001547,7.753912905105707,8.609068201810489,8.406993545670119,7.6477632431131966,8.367342184488583,7.810843010621563,7.720456867682298,7.302106276545343,7.327648781162202,7.326721927699791,7.190458,7.308616605872167,7.973401474139444,7.213152272194289,7.312935327537882,6.7724819051406975,6.554214277226045,7.04850684284549,6.994365623124039,7.190428504706408,7.088383336742216,7.099555814851714
2022,17,2022_17_MIA_NE,NE,6,K,00-0025565,7.565086727668536,7.664934,6.358830066005078,6.645410990009362,6.797971929369383,6.453604333808733,7.239358278039127,6.649899709274456,7.482499875045319,7.249078019909596,7.32169363463815,7.278473042109945,7.571654407411572,7.49987987717522,7.515478871895898,7.169720529619525,7.5477282208546495,6.710420523326687,7.120899492699724,7.014919680466864,6.455126526413611,6.809607382031462,5.754135777104054,6.960586880783318,7.163177350001397,6.925526392981087,7.357775549809578,7.622927394817874,7.393253766672059,7.358934187086783,7.387484219728817,7.1367555,6.706317371526631,8.007686172461801,8.09404847911664,7.16466926015849,7.020337499138293,7.844853649781592,7.388953305969433,7.312784092166562,7.561778396943349,7.577583396389618,7.5900800651107
2022,17,2022_17_MIN_GB,GB,13,K,00-0025580,7.887241022910734,8.06656,6.044913104771634,6.34400482672636,6.500566033157317,6.35813800870332,7.375798381928965,7.408375845671457,7.734950636989126,8.12720253429631,8.271739794731817,8.34697018479634,8.260042331102369,8.35799229134093,7.971872351249312,8.5417444158456,7.720896186076039,8.626706421446926,7.5241947789882655,8.039109616991931,7.657057428210149,8.304427126691747,5.72791662209533,7.954634343157653,8.398161084674577,6.051311513800715,7.361015826843102,7.9673894693618115,8.121619498540467,8.26107250451328,8.567425389069415,8.077195,7.722119108996936,8.426817626010763,7.801604351165068,7.946872987990078,7.726947865890898,7.9765786788804585,7.932483706669922,7.877812044891996,7.81258005364427,7.895743755900114,7.904246488889491
2022,17,2022_17_MIN_GB,MIN,5,K,00-0034450,7.913663670751816,7.4831934,8.144857974302559,7.206895355350492,7.776863736919427,7.301315214746521,7.588227168559385,7.643782945250646,7.626201116091631,7.649410803422637,7.779185629646901,7.835769874455268,7.50527062309858,7.522691188171619,7.552665823086721,7.715844003503049,7.333250425371123,7.66032839894021,7.578393442764379,7.63677601581227,6.899679247491655,6.846063180343533,8.058029774245108,8.10930426404533,7.274177562604618,7.425806036411199,7.444113793258774,7.604264751278484,7.432785089327453,7.091428321631408,7.493223008338909,7.0307617,6.858219965465772,7.228779470603766,8.019266144482264,7.914236824477711,7.954678960398516,7.733606007881006,7.80328166610653,7.860440803502563,7.90131797644864,7.9328680502124715,7.952072429673127
2022,17,2022_17_NO_PHI,NO,10,K,00-0032569,6.2983669987427895,6.838499,6.641505903808329,6.287585291181838,6.394055316805285,6.118100759199413,6.336670932291646,6.141164581027453,6.558853783411749,6.376567165962872,6.4296742835275,6.356387579746458,6.472409974755132,6.303370758157273,6.040886055551017,5.694837512350146,6.197284689247628,6.257866781666056,6.586306628013228,5.931587212895284,6.351915705234688,5.964705327475023,6.421727840930288,6.420133093397206,6.382665041985798,6.649112545166283,6.489906764237855,6.751274166906685,6.078030946560656,5.844555632157794,6.429475524524912,5.4532723,5.803352512863719,6.899540290320186,6.214687106549432,6.6565273732308805,5.930023802515997,5.891737686170042,6.479966555137571,6.489478133981896,6.308688229845098,6.3076189012871176,6.316870803831442
2022,17,2022_17_NO_PHI,PHI,6,K,00-0033787,7.384046934139883,7.9080033,5.464964676024261,6.53879836472904,5.7502725236332,6.539231609031784,6.633841985304432,6.862369370900725,7.139099576044575,7.440430734054169,8.18958052676942,8.003089870988196,8.075663609982914,7.968894226823473,8.087749632036417,7.423171564116801,8.27209381688751,7.724914534356665,8.397491983954199,7.953989067294401,8.755123754873386,7.192439511912887,7.064685207055672,8.133067971604556,8.097093807850804,5.534705175279877,6.524106532562684,7.211383712832059,7.80861130865048,8.246697934133145,8.068758243483893,7.823953,8.260887158429794,7.342427379656647,7.312633735225223,7.5146657783412465,6.7239619321150865,7.559971545121544,7.39130819032129,7.343235651851633,7.35228857710619,7.394390594420553,7.404734254701225
2022,17,2022_17_NYJ_SEA,NYJ,8,K,00-0029621,7.6894768104268785,7.570885,8.034339618243836,7.845121334007161,7.773942697687015,7.923360969184241,7.572660938350556,7.9262799084226545,7.434130781274892,7.721687750593558,7.760970555193276,8.224147750068157,7.747690913068304,7.882972668903002,7.850840339916592,7.8900245703227005,7.499530593182777,7.629639018566306,7.881947489648809,7.901523416704416,7.841835087149587,6.97809839563011,8.223161127666911,7.839359821093262,7.847658155185719,7.299256742450393,7.326098272927543,7.294187313468818,7.264402373536343,7.404980068978888,7.890541514319374,7.2515697,7.058511794490806,7.3061657486576,7.823985007918807,7.3516643789403275,7.363802302327208,8.326176631211927,7.5263975467609985,7.502650221372008,7.6513180823586815,7.700705712424822,7.7119346144227645
2022,17,2022_17_NYJ_SEA,SEA,11,K,00-0031492,7.527429915918415,7.37643,6.233281944218517,5.996874136642287,6.32244761441379,6.425776678572247,6.880371102668721,7.509156992256859,7.1077356710029695,7.844827130886602,7.558612762693488,7.829981056123905,7.413156112219156,7.67194277174804,7.475178332845047,8.138387758810136,7.540187886213332,8.155225860727374,7.600806538570627,8.324310420619188,8.030506735422465,8.70840791024262,5.913872190959536,8.593202961494457,7.615869710720461,6.642985752105584,7.156803516864223,7.376371713190851,7.761305781452673,7.688244476928787,7.572166114547741,7.796683,8.533071868563136,7.3797620169533875,7.673281285797105,7.321486770399346,7.435381724795423,7.766563247700016,7.311036778423396,7.265747019910504,7.590495844410069,7.539198045617251,7.550966175316089
2022,17,2022_17_PIT_BAL,BAL,9,K,00-0029597,7.841334933610977,7.0688534,8.119466828661393,9.028361547936177,8.419838283545333,9.209319159317811,8.075484668283734,8.56617579438994,7.850136225780099,8.180133886286116,7.72744761208143,7.8873132038431,7.640722786119617,7.885958859761189,7.744047916940747,8.318623208777495,7.307631633753375,7.912835211454985,7.157911452280917,8.130710544619637,7.728432837846515,7.782484092090878,9.017218384394074,8.602489709309724,8.192263716746861,8.532494616319312,8.070909805653336,7.823296255947974,7.499526232583603,7.141365870915804,7.817574303953688,7.5865045,7.351093264294954,7.915379061615757,7.521180580310943,8.434036663089538,8.053298777206622,7.0301810828060765,7.927766456727616,7.973771504842762,7.8568183793248725,7.851918975606852,7.862503017602729
2022,17,2022_17_PIT_BAL,PIT,12,K,00-0031136,7.0398196674108,6.874398,7.369681913706431,6.903619629439981,7.53171934655974,7.207898522213224,7.58976627419037,7.516944483100414,7.607219956568903,7.886794872869466,7.402169369140906,7.719213574691206,7.492635485757626,7.790544643541541,7.52818031917863,7.657624374384033,7.8393959380077245,8.03197493422808,7.66850462968336,7.625194620406309,7.863831866888563,7.307470142130591,6.806802121727229,7.928851891829651,7.980505757405347,7.8165168481745875,7.798807119823778,7.782138330645972,7.286958439364484,6.690145710748258,7.531728521723799,7.5805864,7.552080539358051,7.978741295613195,7.149339889598265,7.1035569336145485,6.947994270300018,6.793977500277496,7.0259243799747235,7.045245060173328,7.093424975516316,7.055955655677235,7.072091643943673
2022,17,2022_17_SF_LV,LV,12,K,00-0034161,7.079487548170024,6.954669,6.014484972755598,4.741090662053631,6.131466808909718,4.917265518656109,6.500978630392559,5.71585381956246,6.861831118111033,6.639477847648089,6.958147685576061,7.327518205549885,7.050445000768335,7.173180980974945,6.992262510225749,7.302023498874322,6.659895244578196,7.265544836748644,6.624797700998492,7.165906568716673,7.262624123521258,7.566838476265988,5.591795748831246,6.345665303759475,7.1252000221908185,6.20981032901207,6.358641810611053,6.786665994031278,6.844336695529605,7.468354161332901,7.144039497325937,7.0017223,6.686558379199028,6.721200012434918,7.004271426861196,7.222361893982698,6.462478349350576,7.215067637917637,7.033815248908179,7.018773591297568,7.089835177048811,7.096650956766631,7.113814365363238
2022,17,2022_17_SF_LV,SF,14,K,00-0023252,8.10037911208001,8.899222,8.293360864606797,7.600964946673994,8.217652874196084,7.908374378107095,8.269756249317798,8.18179371286178,8.360342721159203,8.414417871171283,7.9945740624984865,8.231815291098895,8.113427320309492,8.43162287382153,8.49022759955065,8.244026741940965,7.96358120158656,7.701699848501626,8.179200985523378,7.527227495385233,8.512594585568477,7.968034391194011,8.068036625769459,7.675211423979572,8.120005230526315,8.04962757249116,8.160750618178838,8.3406028658379,8.334478040685514,8.288930882531995,8.349078616048804,8.408228,8.357224792168164,8.74172219562693,8.239460146581697,8.193949284243693,7.836601597203572,7.8365059734383244,8.056162241017725,8.012937758527276,8.078460004887145,8.111457658613373,8.122536205146737
2022,18,2022_18_ARI_SF,ARI,1,K,00-0023853,7.059782856738332,5.9116573,7.864998997229176,5.854570459388883,7.154349789158748,5.517941790573222,6.984692036385813,6.155318984877169,7.175602307887695,6.975500415454572,7.284625162637562,7.261538679263728,7.217188711038372,7.08735559149764,7.580222916650172,6.648932174408273,7.340930882715438,6.945847351351093,7.457194519835597,6.840149828038056,8.028630692154925,7.090029913193914,5.620246793761962,6.804106734527461,6.598974689258903,7.522614750438088,7.119515649993895,7.264857493450413,7.596990887293872,7.470935866216732,7.304534420526148,7.978551,8.304249547830494,7.02387228510166,6.947890456332935,6.977600908278216,7.200740498599778,7.321506533335931,7.00695942103642,7.075447558190154,7.073255691398407,7.074844478957487,7.089906101176641
2022,18,2022_18_ARI_SF,SF,8,K,00-0023252,8.416607857987664,8.634032,8.090947786703278,6.109711766040032,8.190827444319444,6.959427569946048,8.440371773971496,7.944682208638557,8.583159385684576,8.578935592672531,8.449368210069343,8.8122902198004,8.485849298942306,8.78233826094198,8.798770195518028,8.66580971382107,8.48517211006021,8.30897533225273,8.301670704342815,7.97377943717917,8.807177726736382,8.470733390455718,6.280829939375572,8.380089937069815,8.673236042653508,7.965348057122613,8.317109525136507,8.536311033859382,8.737325130407958,8.478388587370366,8.477202160293967,8.639655,8.67486101135386,9.222930191129583,8.640540153160185,8.28651633447127,7.95544789569847,8.571472443406266,8.319487838899782,8.282180149039764,8.420797714209469,8.427212466291103,8.437817074594541
2022,18,2022_18_BAL_CIN,BAL,12,K,00-0029597,6.870659465473191,6.136403,7.485894369764952,8.92228725165131,7.539571091635891,8.597641699254218,7.144183316427114,7.531759102298878,7.107567845695408,7.3239490621936865,6.379288256805987,6.963954028771852,6.552613840487986,6.931510343721479,7.1093736005534165,7.496368485073543,7.003212118583411,7.3139233334643965,6.816782716669885,7.4607845904844545,7.016422229973867,7.1404709308040895,8.486134528076102,7.284090164842029,6.795596693486994,7.731799978788695,7.284558373308772,7.228549437306057,6.976428225808397,6.7616345072683774,6.646170511510914,7.1803727,6.413116735226356,7.1922745698253845,6.296247667605044,7.368897807376074,6.9546539197648,6.693803251323835,7.094737132813204,7.1446954740039335,6.880639646013086,6.880710249618104,6.890761033763017
2022,18,2022_18_BAL_CIN,CIN,9,K,00-0036854,8.490134787769506,8.275412,7.898670136754177,7.249250550410425,8.042636479981024,7.569808024316303,8.176674819852934,8.046903281377908,8.191473777421276,8.197285613043693,8.228703723452377,8.578367597334179,8.316036500487339,8.695954890186837,8.41560993653429,8.484788463583472,7.868104816252961,8.462949176834428,7.97469626587889,8.125234515550742,7.8301633337561185,8.033961296458505,6.919929433302537,8.25892206680103,8.608584960782233,8.077186142081882,8.349284493357812,8.351618410122347,7.68337067391303,7.872953530166296,8.188338447960565,8.166078,7.647639966700911,8.424528255517927,8.450946437286865,8.728035205145575,8.55986825291444,8.038249746168868,8.448210517538236,8.463226570200707,8.558062304420535,8.510509341163267,8.530883894557029
2022,18,2022_18_CAR_NO,CAR,5,K,00-0034173,6.7958477447669,7.586649,6.699875057233645,8.18746532380505,6.773114738761955,7.7674498116952995,7.224715935606501,7.63186171074481,7.530991843023697,7.85772067762773,7.741073558445537,7.737789940158006,7.829132562813487,7.832084223932499,7.024356526417424,6.9502062367217325,7.166246243491862,6.961425044604911,6.913063964657967,7.258319017814305,6.581896812067097,6.438232414854464,8.626399332128019,7.250932926280386,7.9740251848983,6.780982013640852,7.112708743460617,7.468269833180904,7.104808628862661,7.282813328265259,7.994281012020116,6.6927195,6.759015921877216,7.519052989714771,6.844877719165798,6.413474768327687,6.025985236971477,7.871979989944692,6.7835750670057395,6.719306717257919,6.77256811626889,6.810929110519252,6.826010476271604
2022,18,2022_18_CAR_NO,NO,1,K,00-0032569,8.346678136187212,8.267242,8.88203563377204,9.701159052460303,8.545221907012461,9.004559362351667,8.190786368865576,8.229170721525822,8.036053969380731,7.817207693938488,7.990217452165608,7.433759680751965,7.78063909781876,7.600707141150713,7.58884993888101,7.528076044298154,7.554819603239448,7.784497985841288,7.8111178311378495,8.059161935370684,7.662637638301845,6.955238381615969,9.689274338907584,7.628720907742047,7.781464203677935,9.149780516325109,8.446045155778798,8.053000198177305,7.812037640405679,7.83208925344166,7.886777642939496,7.8309565,7.709108936850601,8.055629015308174,7.987237314059412,8.768681532126578,7.88437830062257,8.272982495282497,8.344904094308424,8.394106383200919,8.320083126199476,8.360009103664652,8.373340071142092
2022,18,2022_18_CLE_PIT,CLE,2,K,00-0038097,6.694798339080889,7.0297756,7.574175419553579,7.926287014208214,7.274208271463654,7.519262493155985,7.116983736826889,7.347522189380012,7.158438386372724,7.4028473903778,6.340238815077321,7.12826774596431,6.56171606717,6.9301579186774855,6.672195615939406,7.194568596484224,6.335962145074705,7.16469399505155,6.301442987015314,7.30838528278312,6.37604924030156,6.515435309401313,8.065005550712211,7.407909993728935,7.245961691357456,7.689772172985075,7.182824410211223,7.207240382998924,6.766000553362486,6.894427588672649,6.7466361601536144,6.2918844,6.539189698155105,7.126979792559258,6.901387712028519,6.9420569093350615,6.52062588901342,5.977483364184834,6.721758302535922,6.7238989143029135,6.708126767429753,6.716080957742111,6.737363576403332
2022,18,2022_18_CLE_PIT,PIT,9,K,00-0031136,7.709276434408885,7.515914,7.200203596231032,6.753178336172373,7.501787821586145,7.0694867767908445,7.80061059553543,7.7771863488521396,7.8623370480894685,8.196613371279767,7.919343260982132,8.443060399683842,7.886767972898982,8.169591969069268,7.920929815168131,8.107044941954083,8.193761544641625,8.280083423961889,7.881697528757456,8.230484818324213,8.290424505052746,8.31290477940882,7.078773234890955,8.103648506904559,8.339675183116022,7.903042586647077,7.919691910964865,7.918360978491039,7.639033617079175,7.637776547316229,7.826057058476237,7.8748965,7.507116705664944,8.095756123114064,7.889344025491662,7.742385841107135,7.317160700015945,7.569014101584689,7.665909161450571,7.680010383119223,7.762096416651703,7.7253647851063585,7.741453135803831
2022,18,2022_18_DAL_WAS,DAL,0,K,00-0030332,8.711677727161554,8.0355215,9.098044872512173,7.57731929222928,8.499222247023283,7.962923368907886,8.211649284638067,8.222107001207188,8.299843922407801,8.360734009450772,8.365075801572148,8.39368702262288,8.439913869043076,8.49757708702789,8.23698638812597,8.164733780104642,8.0974406214531,8.332168376636494,8.098486171127021,8.93539704536816,7.813078882199433,8.35957999279722,8.080510243554269,8.857290162794776,8.403434328287096,8.119018578467736,8.063958374304079,8.272818263318946,8.09929416140911,8.27366277584071,8.280621385511957,7.7599096,7.266156383627575,7.751654679075876,8.234926025996561,9.242935482223366,9.620966766994826,7.909645248868773,8.760245829643335,8.87178679401859,8.5661798648065,8.731399957357468,8.751122187553385
2022,18,2022_18_DAL_WAS,WAS,8,K,00-0035192,7.030633344708907,6.577106,8.786961770669643,7.993888344935403,8.192376807361896,7.866462202937604,7.367270208133248,7.361763055154245,7.227760717092315,7.269193033583781,7.2686115296528975,7.044522046078564,7.068875960682751,6.900814931250302,7.019237426664218,7.170377862324065,7.305160633390108,6.553555127564644,7.413211713451821,7.223272755634294,8.153270401825086,6.966550865057233,7.345012612153191,6.894356135792105,6.8865180508309205,8.684145312755568,7.503700558174988,7.203347075447776,7.05348497215223,6.848421607935533,6.771158361647578,7.2223134,7.160734640512138,7.059781121499067,7.052579866367833,7.199691021534882,7.175446600562886,6.587191580641576,7.094464440442399,7.199104748459797,7.025440792668215,7.046401747519274,7.06217015032964
2022,18,2022_18_DET_GB,DET,8,K,00-0034084,7.582207851786473,7.3405304,8.06816983432864,7.380775767537606,7.923496105567639,7.333169531199987,7.781756204593953,7.426545863641859,7.829123876246244,7.721332317265103,8.067652679349697,7.514651228060547,7.763370721882865,7.575650114672033,7.7206268187753,7.515885677410191,7.584408526679225,7.147701532798229,8.02949941979205,8.080574593400774,7.12857233358225,7.202909075534278,9.222258910158493,8.204867045071623,7.798042046093055,7.799487769936592,7.759731182729112,7.924645739048535,7.717136158643523,7.630511372547728,7.700576754518328,7.640217,6.928977136496397,7.669924806261726,7.538651303754985,7.547865573545733,7.012675580194816,8.000993366111013,7.569265914187671,7.595600657460851,7.621989014919892,7.597268692938053,7.612329534089632
2022,18,2022_18_DET_GB,GB,12,K,00-0025580,7.847500134352085,8.410035,6.004959566766421,5.8070892333601325,6.4936846431167945,5.945561184263235,7.452838476156189,6.7693331288396426,7.809583825677441,7.398880740527042,8.273184426947653,7.920923237436328,8.371394564790043,7.9740487985846675,8.266537524113803,8.151846093940556,8.171548562061998,7.918655364304408,8.060865111423455,7.638818900805072,8.076322871374142,7.708084991652625,5.55675024662974,7.749032331090141,8.08794414264877,5.937005221815733,7.012474426787415,7.646232783145371,7.572987147617228,7.621474220585626,8.20401983007406,7.504008,7.156234199947413,8.143354965530756,7.550074627304646,8.024760226340229,7.591377315486751,8.06717962037962,8.017610521992182,7.954202565035884,7.732802290167167,7.856388616765818,7.865277099179551
2022,18,2022_18_HOU_IND,HOU,6,K,00-0032726,7.607089265665277,7.4009814,7.847530772336285,8.222154787614365,7.786654254173256,8.051073526684197,7.476027836008104,7.772632530918642,7.392912209021705,7.739101190275155,7.251590849290075,7.555912344249324,7.401454186424951,7.525564510934396,7.64369734843793,7.728368046694847,7.8214841332525635,7.307810947805538,7.480697919169549,7.194265406224141,7.292494510157827,7.779617885943936,7.392989889746469,8.205120247338412,7.672260675451723,8.235154556000175,7.61773897151022,7.375523134978274,7.473902308913919,7.596612439699476,7.295409902869519,7.8149877,6.985468525787536,7.407963729204535,7.82279915596528,7.625002121964183,7.7154644731279625,7.193511113886116,7.412016281841471,7.396802733146662,7.580383789106068,7.621806536587124,7.636523807508971
2022,18,2022_18_HOU_IND,IND,9,K,00-0035358,8.707811634088499,7.9843473,9.359502147161898,10.9668111359286,9.024531796125194,10.19857490372294,8.70434895007017,9.56830943263654,8.433475666237031,8.824505054444394,8.482827311263215,8.424346599938332,8.305312239890277,8.484695146940592,8.615115483113584,8.948559927129843,8.856648661848542,9.25439065068801,8.927419631697502,9.163478939434908,9.092200854579168,9.759931312297788,10.175190861887998,9.389621435543628,8.682336148696123,9.08882810959715,8.654073583391142,8.253561598525012,8.413972183620213,8.529733162053617,8.319866456098472,8.627478,9.041368806374342,8.308034530041732,8.43052340995175,9.26902268324818,8.111335225966883,8.29956007603507,8.650354428373676,8.722303987724656,8.634229216578145,8.730923211707243,8.754034789325985
2022,18,2022_18_KC_LV,KC,8,K,00-0033303,9.31998970716197,9.471371,8.532445531901441,8.298184023235324,8.793042790716001,8.67924888937984,8.730773592054119,8.84750383997851,8.625442082717127,8.751037136363458,8.664282374693109,8.643828488720978,8.49028447786253,8.80990471093732,8.510049860985337,9.0635600134043,8.468041414858543,9.03661025704192,8.138044146607081,8.588641096817607,8.494769805176535,8.593687478229574,9.1357043097728,8.804792286716145,8.608762621587879,8.324327260447852,8.706193732325291,8.722689717906484,8.799104500184923,8.863208985493333,8.613897754057184,8.847438,8.638549672165462,9.12006050641277,8.955595983464269,9.837958738691965,9.115780767048,8.932746699705518,9.294916457858967,9.247586707504393,9.29073404278249,9.33404380371742,9.348097900272867
2022,18,2022_18_KC_LV,LV,9,K,00-0034161,7.396511955434017,7.721272,6.388385107522851,4.610768590078793,6.458694166368521,5.2576793668778485,6.738894189903282,6.297680408243448,7.121094444043628,7.16190820500486,7.451465847143466,7.628684604535421,7.477362778833537,7.582069174245386,7.377511281356188,7.352470615042815,7.166718022188844,6.842248093669147,7.325309476781615,6.902279673074277,7.529642918430805,6.704767134358341,5.649304481374541,6.796623684858462,7.813865320669452,6.520848913299324,6.570923334885855,7.081418504837758,7.30097743301191,7.555204018337426,7.569973416950559,7.37301,7.267482937035552,7.05237856664936,7.39967024485772,7.526539966487807,6.338595967912783,7.660676492951494,7.390885428055116,7.324316546475707,7.4194374756888735,7.412546808990788,7.428581662547561
2022,18,2022_18_LAC_DEN,DEN,7,K,00-0029822,8.434555532588353,7.7558045,9.465548861080014,9.11584391669737,8.982500711841531,8.754207481656668,7.9620101920080275,7.883955822978543,7.623430057987725,7.383137696182751,8.272086291567167,7.710968080482397,7.99374165033696,7.722831280303471,8.253991121597346,7.705803926799203,7.972036992990906,7.731281143797906,8.124440465196487,7.951969168302733,7.51768733202884,7.209694174573437,8.124609544384727,8.093861274812948,7.94940753565748,8.954901605928859,7.762321279851835,7.372594385895698,7.824979062045899,7.556656593360048,8.028861906491702,7.5146494,7.457827158195847,7.178029986756562,7.76370430928578,9.244832368861818,8.244931783783063,7.915090569397931,8.455901661598093,8.534052985835716,8.41231759658227,8.450722652418534,8.466889772248717
2022,18,2022_18_LAC_DEN,LAC,9,K,00-0037224,7.209163752415666,6.5890727,7.540588554758037,7.620429930631001,7.547008965680706,7.932976095399243,7.6759871661383965,8.174040272190046,7.731556185802174,8.329185225539632,6.974426086970161,7.035762203246532,6.863946821461488,7.0055731189539525,7.4528772029117105,7.4500034757241345,7.361517326129364,7.198888522318479,7.335904956343564,7.4651911697527,6.906333670204895,7.055454545877852,8.299865773618635,7.602362881341874,6.938334619556185,7.37643068508677,7.656503987098674,7.845744702070815,7.578025032052625,7.161038865560992,6.819842131895658,7.439593,7.313863158227811,7.410718891263147,7.6155747984122995,6.953505422007622,8.098846749959286,6.666022345464994,7.190741921158182,7.266365196189193,7.22582742487489,7.234971280782801,7.260778809149937
2022,18,2022_18_LA_SEA,LA,11,K,00-0035269,6.387576903638923,6.838499,5.578191085794424,6.502642375998335,5.976179596950774,6.395819629777575,6.629282821947433,6.682376199190367,6.946702106547434,7.191104838240898,6.303053966248784,6.470398564112083,6.602888143873368,6.634563136868552,6.713427629683509,7.059002858827098,6.476254829357857,6.881334468030548,6.5369672489898285,6.505220267729002,5.918392450672012,6.305541706798191,6.976398224287757,6.590773688263178,6.590305415112199,6.613318237452443,6.766386675068921,7.037168562037024,6.78207279445324,6.579721208827954,6.620305332279114,6.1651187,6.208190507545743,7.036656406039851,6.617339382866601,6.648858540685479,6.065204787638511,5.681555968704499,6.467651265495805,6.461871985614386,6.416369209949982,6.4002223294374305,6.412867755235938
2022,18,2022_18_LA_SEA,SEA,13,K,00-0031492,8.535253045884058,7.9080033,6.768592400933068,5.252433652615391,6.991830891322378,5.9145420448928645,7.650685584228216,7.326087272357649,7.825493164356147,7.856863722186572,8.778368427497139,8.730485418689987,8.609513551158065,8.466377938642767,8.640360943370869,7.90074686041958,8.518082019547261,7.927885809215331,8.619293771338073,8.341581467342259,8.515384359966447,7.830260737524116,5.78736216175213,8.54401083719464,8.298299405244858,7.174270641694215,7.727061947605629,7.911908673213395,8.293859890183583,8.510327489444283,8.57298320107487,8.871603,8.781784110822521,7.848165891555122,8.68690894809936,8.345920004923824,8.241718738265865,8.833202428290663,8.254866424134086,8.24826870979624,8.543003794430652,8.54773219192289,8.560211337961723
2022,18,2022_18_MIN_CHI,CHI,1,K,00-0031203,6.207348777971784,6.808209,6.301854521949065,7.28381950513061,6.046984415475402,6.875112863638214,6.175081465991189,6.747862795962165,6.512100427394948,7.154093344082225,6.269968560337435,6.319827804596708,6.30087452038473,6.444963993306417,6.155507631669081,6.877190370321203,6.071425597995945,6.512226682925808,6.201458052181804,7.113769572696088,5.704585260772639,6.085626620584256,5.159038841945129,6.322710223949893,6.682709630621147,6.2179709490377375,6.344508740327895,6.826135905609104,6.643847345309754,6.313824261767488,6.285327811382418,5.8797226,6.437509301708503,6.972173938841324,6.560399294617607,6.14465841726035,6.204902547169931,5.804376839826843,6.259060253332532,6.206814633529342,6.245882437398139,6.219209581133917,6.231070384296052
2022,18,2022_18_MIN_CHI,MIN,14,K,00-0034450,8.817474303189021,8.072168,9.392121908621569,7.948862728609826,9.120520181103782,8.114063057906014,8.785300499796952,8.471926394315393,8.570590829915798,8.530827231066953,8.706209907389129,8.766962674225248,8.7517700422968,8.723181615371562,8.559047271261115,8.580091257785824,8.538521712113479,8.58661880536105,8.865609370435816,8.842201988786666,8.737356730849037,8.598009186688786,8.269171247732915,8.462891712070412,8.635888714623443,8.639061808196907,8.625446622306237,8.46754079498345,8.830493132203454,8.651851029652894,8.73579895479039,9.159767,9.337572860459924,8.22814275018759,8.547875780462167,9.01427849200989,9.187787859942087,8.643106931261036,8.728810468331686,8.786337797777245,8.82438269113462,8.838593843379725,8.859713383570428
2022,18,2022_18_NE_BUF,BUF,5,K,00-0036162,8.350563649964101,8.318417,9.481159169535577,10.286326324064532,9.057152151326637,9.622150408805656,8.3219237346153,8.666737233902246,8.109027276701617,8.200980517676344,8.580016316110367,8.439738165044163,8.53336604557355,8.320686497401649,8.337230113808765,8.41083666972536,8.308665843351612,8.007927953135084,7.973895663237132,8.23931338086415,8.959880425368178,7.979662713132943,9.208662207538971,8.23431555987119,8.267150356646658,9.429884636834934,8.59000228166831,8.244493145379314,8.289045590910469,8.197071242636602,8.316142312197927,8.4049015,8.270206501442367,8.326755451925683,8.339953331007637,8.395985014234515,8.068132718770444,8.4168518654548,8.36428439192064,8.347347681017892,8.42945867496869,8.367027260941104,8.383490871918104
2022,18,2022_18_NE_BUF,NE,5,K,00-0025565,6.269993238103937,6.7627735,4.8455988731273045,5.078866029878788,5.476307554552544,5.328857052990578,6.107380276836461,5.557559593517331,6.5559735430907935,6.298252101456929,6.582331853821438,6.199779864714978,6.542649387110648,6.271693643253769,6.431438236376698,5.868013010327319,6.025715957445182,5.706077152955068,6.478893209833615,5.537062086680951,6.489709354531951,5.173798330325028,5.019617136950368,5.631294616032071,5.898427047288312,5.249859653254107,6.136309666504132,6.753468389618882,6.587791560216669,6.211022368848191,6.491953216534003,6.297467,6.748588929698635,6.960367447353532,6.794798150351091,6.066680523506295,6.030717373312454,6.009049231324227,6.2052910088741475,6.124641469473336,6.263226760624732,6.281632575716363,6.293271913328788
2022,18,2022_18_NYG_PHI,NYG,4,K,00-0026858,5.591621194236991,5.835932,3.142851691500403,1.0519094326263805,3.59191958376282,1.8884504677456952,5.032274352511491,4.167032903022882,5.956277496190001,6.0043625308834345,6.685326248665045,6.216346877494031,6.706043078122716,6.661815868468196,6.677508717726573,6.565478598821287,7.463457666060502,6.277614483534715,7.382290894720053,6.011414300456883,5.640291558591324,6.451104419202661,2.0203784715306803,6.578462594182703,6.567415408570503,2.3696356570894093,4.682182790731382,6.176804622119399,6.517772536540978,6.462819831093148,6.749270855718235,6.3340106,6.205508710287591,6.1364286110595465,5.752577839107749,5.0238778165674205,6.183025339485168,6.189970909645908,5.814360128350622,5.787726732686316,5.657568090807668,5.605575701009319,5.619530207781647
2022,18,2022_18_NYG_PHI,PHI,20,K,00-0033787,8.373035542681535,9.044445,7.153987649421548,6.750033018722265,7.297557897462018,6.975453968895545,7.718995523319489,7.268867763954802,7.826348031735229,7.506518520838935,8.280253708360172,7.9440887044259805,8.180397318177372,8.113902047398263,8.107679682531591,7.213240644849671,8.050089166267801,7.108130153268229,8.240195981831128,7.26404221118278,8.563572293521338,7.52147712914107,6.740477279413073,7.675334350403026,8.042999468197591,7.106839967862996,7.716550322984085,7.860048585657577,8.185649652992037,8.271490937525712,8.213218088051311,8.245521,8.772364013886236,8.20895370044937,8.284034137938377,8.881230704879474,7.780578474939418,7.786375859271447,8.307119745567487,8.24251715449624,8.321316065664446,8.386197792816034,8.399360042950534
2022,18,2022_18_NYJ_MIA,MIA,11,K,00-0034794,7.551829695082026,7.445798,8.339114427712522,7.852689409250034,8.123909027017264,7.725282323578405,7.639467699187644,7.871946602809475,7.583161503963044,8.09554805980007,7.661093278118537,8.354393659262866,7.607192486929775,8.160770156464421,7.4452621020335075,8.223014757047661,7.3995789621432895,8.426830181240392,7.294146593220232,8.592568734464933,7.679512144966775,9.261615103416627,8.172363897431302,9.246364684728407,8.303098601544232,8.387042257437415,7.851858510247716,7.768350784312759,7.32290650186841,7.568303777414661,8.06831227023022,7.399271,7.930343916463827,8.018792977732987,7.496584218857601,7.888909829318974,7.197114046986506,7.137895464992522,7.504674182776838,7.488445621651745,7.6292046427794,7.5649686200622845,7.578107545042544
2022,18,2022_18_NYJ_MIA,NYJ,6,K,00-0029621,7.324432172656339,6.765204,7.815750764872235,7.511592707350677,7.541619521587141,7.174740937317471,7.281802742071032,7.048889856300521,7.193699649948837,7.197758613494576,7.647253245764627,7.747770653264421,7.540306009145952,7.564111820118649,7.714068554639658,7.211252905255508,7.99271711120578,7.118073551812305,7.868006429644096,7.038656042043135,7.823875566645871,7.273145388639374,7.246345145745252,7.207008555078879,7.46008701439103,7.06328627196375,7.1015988778286765,7.166934143062064,7.244664791052108,7.253974850652356,7.609301928313354,6.875533,7.267543203756319,7.126369404494612,7.127188619112302,7.102445184803265,6.935507376198629,8.2587338769074,7.206530493455789,7.207174838154559,7.279570850971182,7.337209122020963,7.349986071385586
2022,18,2022_18_TB_ATL,ATL,15,K,00-0033702,8.59773905524194,8.443375,7.988470694443036,8.788945884134012,8.356284343973362,9.14399364307585,8.490815194832136,9.216028323463064,8.389933752320392,8.76414028989187,9.226563069034636,9.273805087426522,8.804080140300137,9.04705256602008,8.964952160219418,9.01381016375229,8.847826484134274,9.47523702320134,9.291542930397226,9.16178078804917,9.046072809839783,9.732639988967334,10.324310595372207,9.55309285838904,8.888672024291973,8.376022492111542,8.617898694469751,8.359749304628595,8.758545686496033,8.604016665106812,8.670377290248878,9.030668,9.219342810375082,8.621553768406127,8.666869449056371,8.362122528164118,8.174931554765635,9.176680268914089,8.515157640843238,8.512474354388944,8.604280352713051,8.612563312220093,8.627387569198248
2022,18,2022_18_TB_ATL,TB,6,K,00-0026968,7.507380586290367,7.2766423,7.913188665591417,7.105685685178818,7.885273238358303,7.60284791844063,7.77397401197188,7.895821727384436,7.850088677347733,8.241997576805662,8.052271955168338,7.949867449858504,7.773882491538299,7.879653561123609,7.462843963145291,7.874586951800024,7.608985958937289,8.11244459638189,7.335047984155432,7.748227921663478,7.9227158440427585,8.3476183006331,7.36017563612348,8.434652773704872,7.975811535242803,8.228123105897533,7.911280410266206,7.982541979672715,7.340078858718377,7.629827566413953,7.791477164027834,7.4245143,7.367168764669556,7.870467502671557,7.872233171633522,7.11750300609577,6.830730414000222,8.078181954809898,7.262791689091664,7.275005741695682,7.510533559852428,7.524108805098054,7.54083702390574
2022,18,2022_18_TEN_JAX,JAX,8,K,00-0036816,8.449273085297763,7.822742,8.70309569783414,7.782136446094527,8.594594208872458,7.91719307994394,8.551274652725125,8.334033117877361,8.440692320623256,8.491889157724632,8.694934542561636,8.61458214872267,8.457737089396044,8.664688287525284,8.613521207949685,8.28770648936488,8.679303210648856,8.336036301719911,8.904278725439164,8.498669199569811,8.07958956948676,7.949577188547102,8.239600758455184,8.848105495134336,8.73381368802829,8.229061903648528,8.380649354935722,8.272373660114562,8.391255070340065,7.990417130047822,8.146684053483275,7.945928,7.54031581137138,8.263250650025576,8.233943040372369,8.356719382415113,8.661218713244574,8.85140274447775,8.395786946541776,8.412278832068885,8.433000037915829,8.473565233182011,8.497857381066261
2022,18,2022_18_TEN_JAX,TEN,13,K,00-0029421,5.998099710697248,6.65601,5.544112657260014,5.82639511310998,5.6691750986086245,5.735054638823099,5.986455654106269,5.853475112807837,6.26180706943394,6.287187049094693,6.1258978681608935,5.8967095139090695,6.379488960763458,6.20615881463594,6.2635041038833394,6.320934912189966,5.816419860157062,5.950215531365625,5.747039611634563,5.54207843895335,5.574613619646349,6.0584419121650095,6.061668669695175,5.559851617932372,6.313593647242346,5.613344387049518,5.830541380536079,6.218019906028292,6.264450228094054,5.912693158806772,6.184741269075344,5.6354127,5.823969793398364,6.500618945447757,6.4358895076894225,5.655515641437557,5.333878183766147,6.358693917193914,5.856981411417266,5.820225456024591,6.0994781245678995,6.008214809604933,6.018329908512619
