college_season,source_date,teamrankings_team,team_key,points_per_play_margin,points_per_play_margin_rank,source_url
2004,2005-01-05,Louisville,louisville,0.367,1,https://www.teamrankings.com/college-football/stat/points-per-play-margin?date=2005-01-05
2004,2005-01-05,Utah,utah,0.337,2,https://www.teamrankings.com/college-football/stat/points-per-play-margin?date=2005-01-05
2004,2005-01-05,USC,usc,0.336,3,https://www.teamrankings.com/college-football/stat/points-per-play-margin?date=2005-01-05
2004,2005-01-05,Fresno St,fresnost,0.308,4,https://www.teamrankings.com/college-football/stat/points-per-play-margin?date=2005-01-05
2004,2005-01-05,Auburn,auburn,0.297,5,https://www.teamrankings.com/college-football/stat/points-per-play-margin?date=2005-01-05
2004,2005-01-05,California,california,0.279,6,https://www.teamrankings.com/college-football/stat/points-per-play-margin?date=2005-01-05
2004,2005-01-05,Bowling Green,bowlinggreen,0.268,7,https://www.teamrankings.com/college-football/stat/points-per-play-margin?date=2005-01-05
2004,2005-01-05,Boise St,boisest,0.231,8,https://www.teamrankings.com/college-football/stat/points-per-play-margin?date=2005-01-05
2004,2005-01-05,Miami,miami,0.228,9,https://www.teamrankings.com/college-football/stat/points-per-play-margin?date=2005-01-05
2004,2005-01-05,Oklahoma,oklahoma,0.205,10,https://www.teamrankings.com/college-football/stat/points-per-play-margin?date=2005-01-05
2004,2005-01-05,Texas,texas,0.204,11,https://www.teamrankings.com/college-football/stat/points-per-play-margin?date=2005-01-05
2004,2005-01-05,Virginia Tech,virginiatech,0.184,12,https://www.teamrankings.com/college-football/stat/points-per-play-margin?date=2005-01-05
2004,2005-01-05,Purdue,purdue,0.169,13,https://www.teamrankings.com/college-football/stat/points-per-play-margin?date=2005-01-05
2004,2005-01-05,Florida,florida,0.167,14,https://www.teamrankings.com/college-football/stat/points-per-play-margin?date=2005-01-05
2004,2005-01-05,UTEP,utep,0.163,15,https://www.teamrankings.com/college-football/stat/points-per-play-margin?date=2005-01-05
2004,2005-01-05,N Illinois,nillinois,0.155,16,https://www.teamrankings.com/college-football/stat/points-per-play-margin?date=2005-01-05
2004,2005-01-05,Virginia,virginia,0.154,17,https://www.teamrankings.com/college-football/stat/points-per-play-margin?date=2005-01-05
2004,2005-01-05,LSU,lsu,0.139,18,https://www.teamrankings.com/college-football/stat/points-per-play-margin?date=2005-01-05
2004,2005-01-05,Florida St,floridast,0.136,19,https://www.teamrankings.com/college-football/stat/points-per-play-margin?date=2005-01-05
2004,2005-01-05,Troy,troy,0.134,20,https://www.teamrankings.com/college-football/stat/points-per-play-margin?date=2005-01-05
2004,2005-01-05,Ohio St,ohiost,0.132,21,https://www.teamrankings.com/college-football/stat/points-per-play-margin?date=2005-01-05
2004,2005-01-05,Oklahoma St,oklahomast,0.122,22,https://www.teamrankings.com/college-football/stat/points-per-play-margin?date=2005-01-05
2004,2005-01-05,Georgia,georgia,0.121,23,https://www.teamrankings.com/college-football/stat/points-per-play-margin?date=2005-01-05
2004,2005-01-05,Navy,navy,0.115,24,https://www.teamrankings.com/college-football/stat/points-per-play-margin?date=2005-01-05
2004,2005-01-05,West Virginia,westvirginia,0.113,25,https://www.teamrankings.com/college-football/stat/points-per-play-margin?date=2005-01-05
2004,2005-01-05,Texas A&M,texasaandm,0.101,26,https://www.teamrankings.com/college-football/stat/points-per-play-margin?date=2005-01-05
2004,2005-01-05,Minnesota,minnesota,0.101,27,https://www.teamrankings.com/college-football/stat/points-per-play-margin?date=2005-01-05
2004,2005-01-05,Texas Tech,texastech,0.096,28,https://www.teamrankings.com/college-football/stat/points-per-play-margin?date=2005-01-05
2004,2005-01-05,Iowa,iowa,0.096,29,https://www.teamrankings.com/college-football/stat/points-per-play-margin?date=2005-01-05
2004,2005-01-05,UCLA,ucla,0.091,30,https://www.teamrankings.com/college-football/stat/points-per-play-margin?date=2005-01-05
2004,2005-01-05,Tennessee,tennessee,0.087,31,https://www.teamrankings.com/college-football/stat/points-per-play-margin?date=2005-01-05
2004,2005-01-05,Boston College,bostoncollege,0.081,32,https://www.teamrankings.com/college-football/stat/points-per-play-margin?date=2005-01-05
2004,2005-01-05,Miami OH,miamioh,0.075,33,https://www.teamrankings.com/college-football/stat/points-per-play-margin?date=2005-01-05
2004,2005-01-05,Alabama,alabama,0.072,34,https://www.teamrankings.com/college-football/stat/points-per-play-margin?date=2005-01-05
2004,2005-01-05,UAB,uab,0.071,35,https://www.teamrankings.com/college-football/stat/points-per-play-margin?date=2005-01-05
2004,2005-01-05,Michigan,michigan,0.065,36,https://www.teamrankings.com/college-football/stat/points-per-play-margin?date=2005-01-05
2004,2005-01-05,Arkansas,arkansas,0.064,37,https://www.teamrankings.com/college-football/stat/points-per-play-margin?date=2005-01-05
2004,2005-01-05,New Mexico,newmexico,0.054,38,https://www.teamrankings.com/college-football/stat/points-per-play-margin?date=2005-01-05
2004,2005-01-05,Wisconsin,wisconsin,0.053,39,https://www.teamrankings.com/college-football/stat/points-per-play-margin?date=2005-01-05
2004,2005-01-05,Pittsburgh,pittsburgh,0.053,40,https://www.teamrankings.com/college-football/stat/points-per-play-margin?date=2005-01-05
2004,2005-01-05,UConn,uconn,0.052,41,https://www.teamrankings.com/college-football/stat/points-per-play-margin?date=2005-01-05
2004,2005-01-05,Clemson,clemson,0.046,42,https://www.teamrankings.com/college-football/stat/points-per-play-margin?date=2005-01-05
2004,2005-01-05,Penn St,pennst,0.045,43,https://www.teamrankings.com/college-football/stat/points-per-play-margin?date=2005-01-05
2004,2005-01-05,Hawai'i,hawaii,0.045,44,https://www.teamrankings.com/college-football/stat/points-per-play-margin?date=2005-01-05
2004,2005-01-05,Arizona St,arizonast,0.036,45,https://www.teamrankings.com/college-football/stat/points-per-play-margin?date=2005-01-05
2004,2005-01-05,Kent St,kentst,0.028,46,https://www.teamrankings.com/college-football/stat/points-per-play-margin?date=2005-01-05
2004,2005-01-05,Marshall,marshall,0.028,47,https://www.teamrankings.com/college-football/stat/points-per-play-margin?date=2005-01-05
2004,2005-01-05,Southern Miss,southernmiss,0.026,48,https://www.teamrankings.com/college-football/stat/points-per-play-margin?date=2005-01-05
2004,2005-01-05,Stanford,stanford,0.023,49,https://www.teamrankings.com/college-football/stat/points-per-play-margin?date=2005-01-05
2004,2005-01-05,Kansas,kansas,0.021,50,https://www.teamrankings.com/college-football/stat/points-per-play-margin?date=2005-01-05
2004,2005-01-05,Toledo,toledo,0.018,51,https://www.teamrankings.com/college-football/stat/points-per-play-margin?date=2005-01-05
2004,2005-01-05,Colorado,colorado,0.018,52,https://www.teamrankings.com/college-football/stat/points-per-play-margin?date=2005-01-05
2004,2005-01-05,Memphis,memphis,0.017,53,https://www.teamrankings.com/college-football/stat/points-per-play-margin?date=2005-01-05
2004,2005-01-05,N Texas,ntexas,0.011,54,https://www.teamrankings.com/college-football/stat/points-per-play-margin?date=2005-01-05
2004,2005-01-05,Georgia Tech,georgiatech,0.011,55,https://www.teamrankings.com/college-football/stat/points-per-play-margin?date=2005-01-05
2004,2005-01-05,Michigan St,michiganst,0.008,56,https://www.teamrankings.com/college-football/stat/points-per-play-margin?date=2005-01-05
2004,2005-01-05,Missouri,missouri,0.006,57,https://www.teamrankings.com/college-football/stat/points-per-play-margin?date=2005-01-05
2004,2005-01-05,Notre Dame,notredame,0.003,58,https://www.teamrankings.com/college-football/stat/points-per-play-margin?date=2005-01-05
2004,2005-01-05,Oregon St,oregonst,0.003,59,https://www.teamrankings.com/college-football/stat/points-per-play-margin?date=2005-01-05
2004,2005-01-05,South Carolina,southcarolina,-0.001,60,https://www.teamrankings.com/college-football/stat/points-per-play-margin?date=2005-01-05
2004,2005-01-05,Washington St,washingtonst,-0.019,61,https://www.teamrankings.com/college-football/stat/points-per-play-margin?date=2005-01-05
2004,2005-01-05,TCU,tcu,-0.019,62,https://www.teamrankings.com/college-football/stat/points-per-play-margin?date=2005-01-05
2004,2005-01-05,Middle Tenn,middletenn,-0.02,63,https://www.teamrankings.com/college-football/stat/points-per-play-margin?date=2005-01-05
2004,2005-01-05,NC State,ncstate,-0.022,64,https://www.teamrankings.com/college-football/stat/points-per-play-margin?date=2005-01-05
2004,2005-01-05,Syracuse,syracuse,-0.03,65,https://www.teamrankings.com/college-football/stat/points-per-play-margin?date=2005-01-05
2004,2005-01-05,Maryland,maryland,-0.031,66,https://www.teamrankings.com/college-football/stat/points-per-play-margin?date=2005-01-05
2004,2005-01-05,Oregon,oregon,-0.033,67,https://www.teamrankings.com/college-football/stat/points-per-play-margin?date=2005-01-05
2004,2005-01-05,Wyoming,wyoming,-0.034,68,https://www.teamrankings.com/college-football/stat/points-per-play-margin?date=2005-01-05
2004,2005-01-05,BYU,byu,-0.038,69,https://www.teamrankings.com/college-football/stat/points-per-play-margin?date=2005-01-05
2004,2005-01-05,Nebraska,nebraska,-0.04,70,https://www.teamrankings.com/college-football/stat/points-per-play-margin?date=2005-01-05
2004,2005-01-05,Northwestern,northwestern,-0.042,71,https://www.teamrankings.com/college-football/stat/points-per-play-margin?date=2005-01-05
2004,2005-01-05,Cincinnati,cincinnati,-0.044,72,https://www.teamrankings.com/college-football/stat/points-per-play-margin?date=2005-01-05
2004,2005-01-05,Louisiana Tech,louisianatech,-0.05,73,https://www.teamrankings.com/college-football/stat/points-per-play-margin?date=2005-01-05
2004,2005-01-05,North Carolina,northcarolina,-0.052,74,https://www.teamrankings.com/college-football/stat/points-per-play-margin?date=2005-01-05
2004,2005-01-05,Iowa St,iowast,-0.056,75,https://www.teamrankings.com/college-football/stat/points-per-play-margin?date=2005-01-05
2004,2005-01-05,Tulane,tulane,-0.062,76,https://www.teamrankings.com/college-football/stat/points-per-play-margin?date=2005-01-05
2004,2005-01-05,Akron,akron,-0.073,77,https://www.teamrankings.com/college-football/stat/points-per-play-margin?date=2005-01-05
2004,2005-01-05,San Diego St,sandiegost,-0.077,78,https://www.teamrankings.com/college-football/stat/points-per-play-margin?date=2005-01-05
2004,2005-01-05,Wake Forest,wakeforest,-0.078,79,https://www.teamrankings.com/college-football/stat/points-per-play-margin?date=2005-01-05
2004,2005-01-05,Indiana,indiana,-0.083,80,https://www.teamrankings.com/college-football/stat/points-per-play-margin?date=2005-01-05
2004,2005-01-05,Rutgers,rutgers,-0.087,81,https://www.teamrankings.com/college-football/stat/points-per-play-margin?date=2005-01-05
2004,2005-01-05,Colorado St,coloradost,-0.088,82,https://www.teamrankings.com/college-football/stat/points-per-play-margin?date=2005-01-05
2004,2005-01-05,Mississippi,mississippi,-0.09,83,https://www.teamrankings.com/college-football/stat/points-per-play-margin?date=2005-01-05
2004,2005-01-05,Kansas St,kansasst,-0.09,84,https://www.teamrankings.com/college-football/stat/points-per-play-margin?date=2005-01-05
2004,2005-01-05,Army,army,-0.094,85,https://www.teamrankings.com/college-football/stat/points-per-play-margin?date=2005-01-05
2004,2005-01-05,Louisiana,louisiana,-0.099,86,https://www.teamrankings.com/college-football/stat/points-per-play-margin?date=2005-01-05
2004,2005-01-05,Tulsa,tulsa,-0.108,87,https://www.teamrankings.com/college-football/stat/points-per-play-margin?date=2005-01-05
2004,2005-01-05,Air Force,airforce,-0.109,88,https://www.teamrankings.com/college-football/stat/points-per-play-margin?date=2005-01-05
2004,2005-01-05,Ohio,ohio,-0.114,89,https://www.teamrankings.com/college-football/stat/points-per-play-margin?date=2005-01-05
2004,2005-01-05,S Florida,sflorida,-0.115,90,https://www.teamrankings.com/college-football/stat/points-per-play-margin?date=2005-01-05
2004,2005-01-05,Mississippi St,mississippist,-0.123,91,https://www.teamrankings.com/college-football/stat/points-per-play-margin?date=2005-01-05
2004,2005-01-05,Vanderbilt,vanderbilt,-0.127,92,https://www.teamrankings.com/college-football/stat/points-per-play-margin?date=2005-01-05
2004,2005-01-05,UNLV,unlv,-0.141,93,https://www.teamrankings.com/college-football/stat/points-per-play-margin?date=2005-01-05
2004,2005-01-05,Illinois,illinois,-0.148,94,https://www.teamrankings.com/college-football/stat/points-per-play-margin?date=2005-01-05
2004,2005-01-05,Arizona,arizona,-0.149,95,https://www.teamrankings.com/college-football/stat/points-per-play-margin?date=2005-01-05
2004,2005-01-05,Buffalo,buffalo,-0.151,96,https://www.teamrankings.com/college-football/stat/points-per-play-margin?date=2005-01-05
2004,2005-01-05,E Michigan,emichigan,-0.152,97,https://www.teamrankings.com/college-football/stat/points-per-play-margin?date=2005-01-05
2004,2005-01-05,UL Monroe,ulmonroe,-0.167,98,https://www.teamrankings.com/college-football/stat/points-per-play-margin?date=2005-01-05
2004,2005-01-05,Nevada,nevada,-0.175,99,https://www.teamrankings.com/college-football/stat/points-per-play-margin?date=2005-01-05
2004,2005-01-05,C Michigan,cmichigan,-0.179,100,https://www.teamrankings.com/college-football/stat/points-per-play-margin?date=2005-01-05
2004,2005-01-05,Arkansas St,arkansasst,-0.18,101,https://www.teamrankings.com/college-football/stat/points-per-play-margin?date=2005-01-05
2004,2005-01-05,Utah St,utahst,-0.189,102,https://www.teamrankings.com/college-football/stat/points-per-play-margin?date=2005-01-05
2004,2005-01-05,Kentucky,kentucky,-0.194,103,https://www.teamrankings.com/college-football/stat/points-per-play-margin?date=2005-01-05
2004,2005-01-05,New Mexico St,newmexicost,-0.196,104,https://www.teamrankings.com/college-football/stat/points-per-play-margin?date=2005-01-05
2004,2005-01-05,San Jose St,sanjosest,-0.199,105,https://www.teamrankings.com/college-football/stat/points-per-play-margin?date=2005-01-05
2004,2005-01-05,Duke,duke,-0.2,106,https://www.teamrankings.com/college-football/stat/points-per-play-margin?date=2005-01-05
2004,2005-01-05,Rice,rice,-0.2,107,https://www.teamrankings.com/college-football/stat/points-per-play-margin?date=2005-01-05
2004,2005-01-05,Houston,houston,-0.204,108,https://www.teamrankings.com/college-football/stat/points-per-play-margin?date=2005-01-05
2004,2005-01-05,Ball St,ballst,-0.231,109,https://www.teamrankings.com/college-football/stat/points-per-play-margin?date=2005-01-05
2004,2005-01-05,Washington,washington,-0.238,110,https://www.teamrankings.com/college-football/stat/points-per-play-margin?date=2005-01-05
2004,2005-01-05,E Carolina,ecarolina,-0.246,111,https://www.teamrankings.com/college-football/stat/points-per-play-margin?date=2005-01-05
2004,2005-01-05,UCF,ucf,-0.247,112,https://www.teamrankings.com/college-football/stat/points-per-play-margin?date=2005-01-05
2004,2005-01-05,SMU,smu,-0.248,113,https://www.teamrankings.com/college-football/stat/points-per-play-margin?date=2005-01-05
2004,2005-01-05,Baylor,baylor,-0.254,114,https://www.teamrankings.com/college-football/stat/points-per-play-margin?date=2005-01-05
2004,2005-01-05,Idaho,idaho,-0.279,115,https://www.teamrankings.com/college-football/stat/points-per-play-margin?date=2005-01-05
2004,2005-01-05,Temple,temple,-0.306,116,https://www.teamrankings.com/college-football/stat/points-per-play-margin?date=2005-01-05
2004,2005-01-05,W Michigan,wmichigan,-0.336,117,https://www.teamrankings.com/college-football/stat/points-per-play-margin?date=2005-01-05
2005,2006-01-05,Texas,texas,0.454,1,https://www.teamrankings.com/college-football/stat/points-per-play-margin?date=2006-01-05
2005,2006-01-05,USC,usc,0.304,2,https://www.teamrankings.com/college-football/stat/points-per-play-margin?date=2006-01-05
2005,2006-01-05,Penn St,pennst,0.279,3,https://www.teamrankings.com/college-football/stat/points-per-play-margin?date=2006-01-05
2005,2006-01-05,Virginia Tech,virginiatech,0.272,4,https://www.teamrankings.com/college-football/stat/points-per-play-margin?date=2006-01-05
2005,2006-01-05,Ohio St,ohiost,0.271,5,https://www.teamrankings.com/college-football/stat/points-per-play-margin?date=2006-01-05
2005,2006-01-05,Louisville,louisville,0.27,6,https://www.teamrankings.com/college-football/stat/points-per-play-margin?date=2006-01-05
2005,2006-01-05,Georgia,georgia,0.219,7,https://www.teamrankings.com/college-football/stat/points-per-play-margin?date=2006-01-05
2005,2006-01-05,Auburn,auburn,0.216,8,https://www.teamrankings.com/college-football/stat/points-per-play-margin?date=2006-01-05
2005,2006-01-05,West Virginia,westvirginia,0.202,9,https://www.teamrankings.com/college-football/stat/points-per-play-margin?date=2006-01-05
2005,2006-01-05,Miami,miami,0.2,10,https://www.teamrankings.com/college-football/stat/points-per-play-margin?date=2006-01-05
2005,2006-01-05,LSU,lsu,0.199,11,https://www.teamrankings.com/college-football/stat/points-per-play-margin?date=2006-01-05
2005,2006-01-05,California,california,0.186,12,https://www.teamrankings.com/college-football/stat/points-per-play-margin?date=2006-01-05
2005,2006-01-05,TCU,tcu,0.183,13,https://www.teamrankings.com/college-football/stat/points-per-play-margin?date=2006-01-05
2005,2006-01-05,Boise St,boisest,0.168,14,https://www.teamrankings.com/college-football/stat/points-per-play-margin?date=2006-01-05
2005,2006-01-05,Fresno St,fresnost,0.167,15,https://www.teamrankings.com/college-football/stat/points-per-play-margin?date=2006-01-05
2005,2006-01-05,Wisconsin,wisconsin,0.155,16,https://www.teamrankings.com/college-football/stat/points-per-play-margin?date=2006-01-05
2005,2006-01-05,Texas Tech,texastech,0.149,17,https://www.teamrankings.com/college-football/stat/points-per-play-margin?date=2006-01-05
2005,2006-01-05,Iowa,iowa,0.146,18,https://www.teamrankings.com/college-football/stat/points-per-play-margin?date=2006-01-05
2005,2006-01-05,Alabama,alabama,0.141,19,https://www.teamrankings.com/college-football/stat/points-per-play-margin?date=2006-01-05
2005,2006-01-05,Boston College,bostoncollege,0.137,20,https://www.teamrankings.com/college-football/stat/points-per-play-margin?date=2006-01-05
2005,2006-01-05,Navy,navy,0.134,21,https://www.teamrankings.com/college-football/stat/points-per-play-margin?date=2006-01-05
2005,2006-01-05,N Illinois,nillinois,0.133,22,https://www.teamrankings.com/college-football/stat/points-per-play-margin?date=2006-01-05
2005,2006-01-05,Toledo,toledo,0.127,23,https://www.teamrankings.com/college-football/stat/points-per-play-margin?date=2006-01-05
2005,2006-01-05,Tulsa,tulsa,0.124,24,https://www.teamrankings.com/college-football/stat/points-per-play-margin?date=2006-01-05
2005,2006-01-05,Iowa St,iowast,0.124,25,https://www.teamrankings.com/college-football/stat/points-per-play-margin?date=2006-01-05
2005,2006-01-05,UCLA,ucla,0.122,26,https://www.teamrankings.com/college-football/stat/points-per-play-margin?date=2006-01-05
2005,2006-01-05,Clemson,clemson,0.12,27,https://www.teamrankings.com/college-football/stat/points-per-play-margin?date=2006-01-05
2005,2006-01-05,Southern Miss,southernmiss,0.114,28,https://www.teamrankings.com/college-football/stat/points-per-play-margin?date=2006-01-05
2005,2006-01-05,Oregon,oregon,0.112,29,https://www.teamrankings.com/college-football/stat/points-per-play-margin?date=2006-01-05
2005,2006-01-05,Notre Dame,notredame,0.107,30,https://www.teamrankings.com/college-football/stat/points-per-play-margin?date=2006-01-05
2005,2006-01-05,Florida,florida,0.103,31,https://www.teamrankings.com/college-football/stat/points-per-play-margin?date=2006-01-05
2005,2006-01-05,Miami OH,miamioh,0.083,32,https://www.teamrankings.com/college-football/stat/points-per-play-margin?date=2006-01-05
2005,2006-01-05,South Carolina,southcarolina,0.072,33,https://www.teamrankings.com/college-football/stat/points-per-play-margin?date=2006-01-05
2005,2006-01-05,Michigan,michigan,0.07,34,https://www.teamrankings.com/college-football/stat/points-per-play-margin?date=2006-01-05
2005,2006-01-05,Arizona St,arizonast,0.066,35,https://www.teamrankings.com/college-football/stat/points-per-play-margin?date=2006-01-05
2005,2006-01-05,Virginia,virginia,0.059,36,https://www.teamrankings.com/college-football/stat/points-per-play-margin?date=2006-01-05
2005,2006-01-05,Bowling Green,bowlinggreen,0.058,37,https://www.teamrankings.com/college-football/stat/points-per-play-margin?date=2006-01-05
2005,2006-01-05,UTEP,utep,0.057,38,https://www.teamrankings.com/college-football/stat/points-per-play-margin?date=2006-01-05
2005,2006-01-05,UAB,uab,0.056,39,https://www.teamrankings.com/college-football/stat/points-per-play-margin?date=2006-01-05
2005,2006-01-05,Utah,utah,0.053,40,https://www.teamrankings.com/college-football/stat/points-per-play-margin?date=2006-01-05
2005,2006-01-05,Oklahoma,oklahoma,0.051,41,https://www.teamrankings.com/college-football/stat/points-per-play-margin?date=2006-01-05
2005,2006-01-05,Minnesota,minnesota,0.05,42,https://www.teamrankings.com/college-football/stat/points-per-play-margin?date=2006-01-05
2005,2006-01-05,Florida St,floridast,0.049,43,https://www.teamrankings.com/college-football/stat/points-per-play-margin?date=2006-01-05
2005,2006-01-05,W Michigan,wmichigan,0.046,44,https://www.teamrankings.com/college-football/stat/points-per-play-margin?date=2006-01-05
2005,2006-01-05,Louisiana Tech,louisianatech,0.041,45,https://www.teamrankings.com/college-football/stat/points-per-play-margin?date=2006-01-05
2005,2006-01-05,Rutgers,rutgers,0.038,46,https://www.teamrankings.com/college-football/stat/points-per-play-margin?date=2006-01-05
2005,2006-01-05,Nebraska,nebraska,0.037,47,https://www.teamrankings.com/college-football/stat/points-per-play-margin?date=2006-01-05
2005,2006-01-05,Michigan St,michiganst,0.034,48,https://www.teamrankings.com/college-football/stat/points-per-play-margin?date=2006-01-05
2005,2006-01-05,Purdue,purdue,0.026,49,https://www.teamrankings.com/college-football/stat/points-per-play-margin?date=2006-01-05
2005,2006-01-05,San Diego St,sandiegost,0.024,50,https://www.teamrankings.com/college-football/stat/points-per-play-margin?date=2006-01-05
2005,2006-01-05,Texas A&M,texasaandm,0.023,51,https://www.teamrankings.com/college-football/stat/points-per-play-margin?date=2006-01-05
2005,2006-01-05,Memphis,memphis,0.022,52,https://www.teamrankings.com/college-football/stat/points-per-play-margin?date=2006-01-05
2005,2006-01-05,Colorado,colorado,0.022,53,https://www.teamrankings.com/college-football/stat/points-per-play-margin?date=2006-01-05
2005,2006-01-05,NC State,ncstate,0.014,54,https://www.teamrankings.com/college-football/stat/points-per-play-margin?date=2006-01-05
2005,2006-01-05,Wyoming,wyoming,0.009,55,https://www.teamrankings.com/college-football/stat/points-per-play-margin?date=2006-01-05
2005,2006-01-05,Washington St,washingtonst,0.009,56,https://www.teamrankings.com/college-football/stat/points-per-play-margin?date=2006-01-05
2005,2006-01-05,S Florida,sflorida,0.0,57,https://www.teamrankings.com/college-football/stat/points-per-play-margin?date=2006-01-05
2005,2006-01-05,UConn,uconn,-0.007,58,https://www.teamrankings.com/college-football/stat/points-per-play-margin?date=2006-01-05
2005,2006-01-05,Tennessee,tennessee,-0.01,59,https://www.teamrankings.com/college-football/stat/points-per-play-margin?date=2006-01-05
2005,2006-01-05,Middle Tenn,middletenn,-0.011,60,https://www.teamrankings.com/college-football/stat/points-per-play-margin?date=2006-01-05
2005,2006-01-05,Kansas St,kansasst,-0.012,61,https://www.teamrankings.com/college-football/stat/points-per-play-margin?date=2006-01-05
2005,2006-01-05,Houston,houston,-0.012,62,https://www.teamrankings.com/college-football/stat/points-per-play-margin?date=2006-01-05
2005,2006-01-05,Pittsburgh,pittsburgh,-0.013,63,https://www.teamrankings.com/college-football/stat/points-per-play-margin?date=2006-01-05
2005,2006-01-05,C Michigan,cmichigan,-0.013,64,https://www.teamrankings.com/college-football/stat/points-per-play-margin?date=2006-01-05
2005,2006-01-05,Missouri,missouri,-0.023,65,https://www.teamrankings.com/college-football/stat/points-per-play-margin?date=2006-01-05
2005,2006-01-05,Kansas,kansas,-0.024,66,https://www.teamrankings.com/college-football/stat/points-per-play-margin?date=2006-01-05
2005,2006-01-05,Nevada,nevada,-0.024,67,https://www.teamrankings.com/college-football/stat/points-per-play-margin?date=2006-01-05
2005,2006-01-05,UCF,ucf,-0.027,68,https://www.teamrankings.com/college-football/stat/points-per-play-margin?date=2006-01-05
2005,2006-01-05,SMU,smu,-0.029,69,https://www.teamrankings.com/college-football/stat/points-per-play-margin?date=2006-01-05
2005,2006-01-05,Maryland,maryland,-0.03,70,https://www.teamrankings.com/college-football/stat/points-per-play-margin?date=2006-01-05
2005,2006-01-05,Akron,akron,-0.032,71,https://www.teamrankings.com/college-football/stat/points-per-play-margin?date=2006-01-05
2005,2006-01-05,Arkansas,arkansas,-0.033,72,https://www.teamrankings.com/college-football/stat/points-per-play-margin?date=2006-01-05
2005,2006-01-05,BYU,byu,-0.034,73,https://www.teamrankings.com/college-football/stat/points-per-play-margin?date=2006-01-05
2005,2006-01-05,New Mexico,newmexico,-0.037,74,https://www.teamrankings.com/college-football/stat/points-per-play-margin?date=2006-01-05
2005,2006-01-05,Northwestern,northwestern,-0.039,75,https://www.teamrankings.com/college-football/stat/points-per-play-margin?date=2006-01-05
2005,2006-01-05,Air Force,airforce,-0.043,76,https://www.teamrankings.com/college-football/stat/points-per-play-margin?date=2006-01-05
2005,2006-01-05,Georgia Tech,georgiatech,-0.043,77,https://www.teamrankings.com/college-football/stat/points-per-play-margin?date=2006-01-05
2005,2006-01-05,E Carolina,ecarolina,-0.048,78,https://www.teamrankings.com/college-football/stat/points-per-play-margin?date=2006-01-05
2005,2006-01-05,Arkansas St,arkansasst,-0.049,79,https://www.teamrankings.com/college-football/stat/points-per-play-margin?date=2006-01-05
2005,2006-01-05,E Michigan,emichigan,-0.052,80,https://www.teamrankings.com/college-football/stat/points-per-play-margin?date=2006-01-05
2005,2006-01-05,Colorado St,coloradost,-0.055,81,https://www.teamrankings.com/college-football/stat/points-per-play-margin?date=2006-01-05
2005,2006-01-05,Arizona,arizona,-0.06,82,https://www.teamrankings.com/college-football/stat/points-per-play-margin?date=2006-01-05
2005,2006-01-05,Stanford,stanford,-0.065,83,https://www.teamrankings.com/college-football/stat/points-per-play-margin?date=2006-01-05
2005,2006-01-05,Hawai'i,hawaii,-0.07,84,https://www.teamrankings.com/college-football/stat/points-per-play-margin?date=2006-01-05
2005,2006-01-05,Louisiana,louisiana,-0.076,85,https://www.teamrankings.com/college-football/stat/points-per-play-margin?date=2006-01-05
2005,2006-01-05,Wake Forest,wakeforest,-0.088,86,https://www.teamrankings.com/college-football/stat/points-per-play-margin?date=2006-01-05
2005,2006-01-05,San Jose St,sanjosest,-0.098,87,https://www.teamrankings.com/college-football/stat/points-per-play-margin?date=2006-01-05
2005,2006-01-05,Washington,washington,-0.102,88,https://www.teamrankings.com/college-football/stat/points-per-play-margin?date=2006-01-05
2005,2006-01-05,Baylor,baylor,-0.103,89,https://www.teamrankings.com/college-football/stat/points-per-play-margin?date=2006-01-05
2005,2006-01-05,Vanderbilt,vanderbilt,-0.103,90,https://www.teamrankings.com/college-football/stat/points-per-play-margin?date=2006-01-05
2005,2006-01-05,North Carolina,northcarolina,-0.116,91,https://www.teamrankings.com/college-football/stat/points-per-play-margin?date=2006-01-05
2005,2006-01-05,Troy,troy,-0.127,92,https://www.teamrankings.com/college-football/stat/points-per-play-margin?date=2006-01-05
2005,2006-01-05,Florida Intl,floridaintl,-0.129,93,https://www.teamrankings.com/college-football/stat/points-per-play-margin?date=2006-01-05
2005,2006-01-05,Ohio,ohio,-0.133,94,https://www.teamrankings.com/college-football/stat/points-per-play-margin?date=2006-01-05
2005,2006-01-05,Army,army,-0.136,95,https://www.teamrankings.com/college-football/stat/points-per-play-margin?date=2006-01-05
2005,2006-01-05,Mississippi,mississippi,-0.138,96,https://www.teamrankings.com/college-football/stat/points-per-play-margin?date=2006-01-05
2005,2006-01-05,UL Monroe,ulmonroe,-0.146,97,https://www.teamrankings.com/college-football/stat/points-per-play-margin?date=2006-01-05
2005,2006-01-05,Kentucky,kentucky,-0.159,98,https://www.teamrankings.com/college-football/stat/points-per-play-margin?date=2006-01-05
2005,2006-01-05,Syracuse,syracuse,-0.166,99,https://www.teamrankings.com/college-football/stat/points-per-play-margin?date=2006-01-05
2005,2006-01-05,Marshall,marshall,-0.167,100,https://www.teamrankings.com/college-football/stat/points-per-play-margin?date=2006-01-05
2005,2006-01-05,Oklahoma St,oklahomast,-0.17,101,https://www.teamrankings.com/college-football/stat/points-per-play-margin?date=2006-01-05
2005,2006-01-05,Mississippi St,mississippist,-0.184,102,https://www.teamrankings.com/college-football/stat/points-per-play-margin?date=2006-01-05
2005,2006-01-05,Utah St,utahst,-0.185,103,https://www.teamrankings.com/college-football/stat/points-per-play-margin?date=2006-01-05
2005,2006-01-05,Oregon St,oregonst,-0.186,104,https://www.teamrankings.com/college-football/stat/points-per-play-margin?date=2006-01-05
2005,2006-01-05,Indiana,indiana,-0.191,105,https://www.teamrankings.com/college-football/stat/points-per-play-margin?date=2006-01-05
2005,2006-01-05,Tulane,tulane,-0.196,106,https://www.teamrankings.com/college-football/stat/points-per-play-margin?date=2006-01-05
2005,2006-01-05,Kent St,kentst,-0.21,107,https://www.teamrankings.com/college-football/stat/points-per-play-margin?date=2006-01-05
2005,2006-01-05,Ball St,ballst,-0.212,108,https://www.teamrankings.com/college-football/stat/points-per-play-margin?date=2006-01-05
2005,2006-01-05,N Texas,ntexas,-0.214,109,https://www.teamrankings.com/college-football/stat/points-per-play-margin?date=2006-01-05
2005,2006-01-05,UNLV,unlv,-0.214,110,https://www.teamrankings.com/college-football/stat/points-per-play-margin?date=2006-01-05
2005,2006-01-05,Cincinnati,cincinnati,-0.229,111,https://www.teamrankings.com/college-football/stat/points-per-play-margin?date=2006-01-05
2005,2006-01-05,Idaho,idaho,-0.235,112,https://www.teamrankings.com/college-football/stat/points-per-play-margin?date=2006-01-05
2005,2006-01-05,Florida Atlantic,floridaatlantic,-0.244,113,https://www.teamrankings.com/college-football/stat/points-per-play-margin?date=2006-01-05
2005,2006-01-05,New Mexico St,newmexicost,-0.279,114,https://www.teamrankings.com/college-football/stat/points-per-play-margin?date=2006-01-05
2005,2006-01-05,Buffalo,buffalo,-0.289,115,https://www.teamrankings.com/college-football/stat/points-per-play-margin?date=2006-01-05
2005,2006-01-05,Rice,rice,-0.322,116,https://www.teamrankings.com/college-football/stat/points-per-play-margin?date=2006-01-05
2005,2006-01-05,Illinois,illinois,-0.33,117,https://www.teamrankings.com/college-football/stat/points-per-play-margin?date=2006-01-05
2005,2006-01-05,Duke,duke,-0.362,118,https://www.teamrankings.com/college-football/stat/points-per-play-margin?date=2006-01-05
2005,2006-01-05,Temple,temple,-0.471,119,https://www.teamrankings.com/college-football/stat/points-per-play-margin?date=2006-01-05
2011,2012-01-10,Alabama,alabama,0.38,1,https://www.teamrankings.com/college-football/stat/points-per-play-margin?date=2012-01-10
2011,2012-01-10,LSU,lsu,0.375,2,https://www.teamrankings.com/college-football/stat/points-per-play-margin?date=2012-01-10
2011,2012-01-10,Oklahoma St,oklahomast,0.325,3,https://www.teamrankings.com/college-football/stat/points-per-play-margin?date=2012-01-10
2011,2012-01-10,Wisconsin,wisconsin,0.314,4,https://www.teamrankings.com/college-football/stat/points-per-play-margin?date=2012-01-10
2011,2012-01-10,Houston,houston,0.306,5,https://www.teamrankings.com/college-football/stat/points-per-play-margin?date=2012-01-10
2011,2012-01-10,Boise St,boisest,0.296,6,https://www.teamrankings.com/college-football/stat/points-per-play-margin?date=2012-01-10
2011,2012-01-10,Oregon,oregon,0.29,7,https://www.teamrankings.com/college-football/stat/points-per-play-margin?date=2012-01-10
2011,2012-01-10,Stanford,stanford,0.259,8,https://www.teamrankings.com/college-football/stat/points-per-play-margin?date=2012-01-10
2011,2012-01-10,TCU,tcu,0.238,9,https://www.teamrankings.com/college-football/stat/points-per-play-margin?date=2012-01-10
2011,2012-01-10,Temple,temple,0.236,10,https://www.teamrankings.com/college-football/stat/points-per-play-margin?date=2012-01-10
2011,2012-01-10,Michigan,michigan,0.231,11,https://www.teamrankings.com/college-football/stat/points-per-play-margin?date=2012-01-10
2011,2012-01-10,Florida St,floridast,0.212,12,https://www.teamrankings.com/college-football/stat/points-per-play-margin?date=2012-01-10
2011,2012-01-10,Oklahoma,oklahoma,0.196,13,https://www.teamrankings.com/college-football/stat/points-per-play-margin?date=2012-01-10
2011,2012-01-10,Arkansas,arkansas,0.192,14,https://www.teamrankings.com/college-football/stat/points-per-play-margin?date=2012-01-10
2011,2012-01-10,Southern Miss,southernmiss,0.185,15,https://www.teamrankings.com/college-football/stat/points-per-play-margin?date=2012-01-10
2011,2012-01-10,USC,usc,0.176,16,https://www.teamrankings.com/college-football/stat/points-per-play-margin?date=2012-01-10
2011,2012-01-10,Michigan St,michiganst,0.167,17,https://www.teamrankings.com/college-football/stat/points-per-play-margin?date=2012-01-10
2011,2012-01-10,Cincinnati,cincinnati,0.154,18,https://www.teamrankings.com/college-football/stat/points-per-play-margin?date=2012-01-10
2011,2012-01-10,South Carolina,southcarolina,0.144,19,https://www.teamrankings.com/college-football/stat/points-per-play-margin?date=2012-01-10
2011,2012-01-10,Texas A&M,texasaandm,0.14,20,https://www.teamrankings.com/college-football/stat/points-per-play-margin?date=2012-01-10
2011,2012-01-10,N Illinois,nillinois,0.132,21,https://www.teamrankings.com/college-football/stat/points-per-play-margin?date=2012-01-10
2011,2012-01-10,Notre Dame,notredame,0.116,22,https://www.teamrankings.com/college-football/stat/points-per-play-margin?date=2012-01-10
2011,2012-01-10,Arkansas St,arkansasst,0.111,23,https://www.teamrankings.com/college-football/stat/points-per-play-margin?date=2012-01-10
2011,2012-01-10,Tulsa,tulsa,0.11,24,https://www.teamrankings.com/college-football/stat/points-per-play-margin?date=2012-01-10
2011,2012-01-10,Florida Intl,floridaintl,0.104,25,https://www.teamrankings.com/college-football/stat/points-per-play-margin?date=2012-01-10
2011,2012-01-10,West Virginia,westvirginia,0.099,26,https://www.teamrankings.com/college-football/stat/points-per-play-margin?date=2012-01-10
2011,2012-01-10,Utah,utah,0.099,27,https://www.teamrankings.com/college-football/stat/points-per-play-margin?date=2012-01-10
2011,2012-01-10,Louisiana Tech,louisianatech,0.093,28,https://www.teamrankings.com/college-football/stat/points-per-play-margin?date=2012-01-10
2011,2012-01-10,Toledo,toledo,0.085,29,https://www.teamrankings.com/college-football/stat/points-per-play-margin?date=2012-01-10
2011,2012-01-10,Florida,florida,0.079,30,https://www.teamrankings.com/college-football/stat/points-per-play-margin?date=2012-01-10
2011,2012-01-10,Ohio,ohio,0.077,31,https://www.teamrankings.com/college-football/stat/points-per-play-margin?date=2012-01-10
2011,2012-01-10,Mississippi St,mississippist,0.075,32,https://www.teamrankings.com/college-football/stat/points-per-play-margin?date=2012-01-10
2011,2012-01-10,Miami,miami,0.07,33,https://www.teamrankings.com/college-football/stat/points-per-play-margin?date=2012-01-10
2011,2012-01-10,Virginia Tech,virginiatech,0.07,34,https://www.teamrankings.com/college-football/stat/points-per-play-margin?date=2012-01-10
2011,2012-01-10,Georgia,georgia,0.065,35,https://www.teamrankings.com/college-football/stat/points-per-play-margin?date=2012-01-10
2011,2012-01-10,Missouri,missouri,0.064,36,https://www.teamrankings.com/college-football/stat/points-per-play-margin?date=2012-01-10
2011,2012-01-10,Utah St,utahst,0.061,37,https://www.teamrankings.com/college-football/stat/points-per-play-margin?date=2012-01-10
2011,2012-01-10,Kansas St,kansasst,0.06,38,https://www.teamrankings.com/college-football/stat/points-per-play-margin?date=2012-01-10
2011,2012-01-10,W Michigan,wmichigan,0.059,39,https://www.teamrankings.com/college-football/stat/points-per-play-margin?date=2012-01-10
2011,2012-01-10,Georgia Tech,georgiatech,0.058,40,https://www.teamrankings.com/college-football/stat/points-per-play-margin?date=2012-01-10
2011,2012-01-10,Iowa,iowa,0.055,41,https://www.teamrankings.com/college-football/stat/points-per-play-margin?date=2012-01-10
2011,2012-01-10,Baylor,baylor,0.053,42,https://www.teamrankings.com/college-football/stat/points-per-play-margin?date=2012-01-10
2011,2012-01-10,Ohio St,ohiost,0.053,43,https://www.teamrankings.com/college-football/stat/points-per-play-margin?date=2012-01-10
2011,2012-01-10,North Carolina,northcarolina,0.052,44,https://www.teamrankings.com/college-football/stat/points-per-play-margin?date=2012-01-10
2011,2012-01-10,Texas,texas,0.051,45,https://www.teamrankings.com/college-football/stat/points-per-play-margin?date=2012-01-10
2011,2012-01-10,Vanderbilt,vanderbilt,0.049,46,https://www.teamrankings.com/college-football/stat/points-per-play-margin?date=2012-01-10
2011,2012-01-10,SMU,smu,0.047,47,https://www.teamrankings.com/college-football/stat/points-per-play-margin?date=2012-01-10
2011,2012-01-10,Louisiana,louisiana,0.045,48,https://www.teamrankings.com/college-football/stat/points-per-play-margin?date=2012-01-10
2011,2012-01-10,Nebraska,nebraska,0.037,49,https://www.teamrankings.com/college-football/stat/points-per-play-margin?date=2012-01-10
2011,2012-01-10,S Florida,sflorida,0.037,50,https://www.teamrankings.com/college-football/stat/points-per-play-margin?date=2012-01-10
2011,2012-01-10,San Diego St,sandiegost,0.037,51,https://www.teamrankings.com/college-football/stat/points-per-play-margin?date=2012-01-10
2011,2012-01-10,Rutgers,rutgers,0.031,52,https://www.teamrankings.com/college-football/stat/points-per-play-margin?date=2012-01-10
2011,2012-01-10,BYU,byu,0.03,53,https://www.teamrankings.com/college-football/stat/points-per-play-margin?date=2012-01-10
2011,2012-01-10,UCF,ucf,0.027,54,https://www.teamrankings.com/college-football/stat/points-per-play-margin?date=2012-01-10
2011,2012-01-10,Clemson,clemson,0.025,55,https://www.teamrankings.com/college-football/stat/points-per-play-margin?date=2012-01-10
2011,2012-01-10,Nevada,nevada,0.024,56,https://www.teamrankings.com/college-football/stat/points-per-play-margin?date=2012-01-10
2011,2012-01-10,Air Force,airforce,0.02,57,https://www.teamrankings.com/college-football/stat/points-per-play-margin?date=2012-01-10
2011,2012-01-10,Penn St,pennst,0.013,58,https://www.teamrankings.com/college-football/stat/points-per-play-margin?date=2012-01-10
2011,2012-01-10,Arizona St,arizonast,0.012,59,https://www.teamrankings.com/college-football/stat/points-per-play-margin?date=2012-01-10
2011,2012-01-10,Louisville,louisville,0.011,60,https://www.teamrankings.com/college-football/stat/points-per-play-margin?date=2012-01-10
2011,2012-01-10,Pittsburgh,pittsburgh,0.004,61,https://www.teamrankings.com/college-football/stat/points-per-play-margin?date=2012-01-10
2011,2012-01-10,Hawai'i,hawaii,0.0,62,https://www.teamrankings.com/college-football/stat/points-per-play-margin?date=2012-01-10
2011,2012-01-10,California,california,-0.014,63,https://www.teamrankings.com/college-football/stat/points-per-play-margin?date=2012-01-10
2011,2012-01-10,Washington,washington,-0.024,64,https://www.teamrankings.com/college-football/stat/points-per-play-margin?date=2012-01-10
2011,2012-01-10,NC State,ncstate,-0.024,65,https://www.teamrankings.com/college-football/stat/points-per-play-margin?date=2012-01-10
2011,2012-01-10,W Kentucky,wkentucky,-0.024,66,https://www.teamrankings.com/college-football/stat/points-per-play-margin?date=2012-01-10
2011,2012-01-10,Navy,navy,-0.029,67,https://www.teamrankings.com/college-football/stat/points-per-play-margin?date=2012-01-10
2011,2012-01-10,Illinois,illinois,-0.031,68,https://www.teamrankings.com/college-football/stat/points-per-play-margin?date=2012-01-10
2011,2012-01-10,Auburn,auburn,-0.033,69,https://www.teamrankings.com/college-football/stat/points-per-play-margin?date=2012-01-10
2011,2012-01-10,Miami OH,miamioh,-0.033,70,https://www.teamrankings.com/college-football/stat/points-per-play-margin?date=2012-01-10
2011,2012-01-10,UConn,uconn,-0.046,71,https://www.teamrankings.com/college-football/stat/points-per-play-margin?date=2012-01-10
2011,2012-01-10,Northwestern,northwestern,-0.053,72,https://www.teamrankings.com/college-football/stat/points-per-play-margin?date=2012-01-10
2011,2012-01-10,Syracuse,syracuse,-0.058,73,https://www.teamrankings.com/college-football/stat/points-per-play-margin?date=2012-01-10
2011,2012-01-10,Wyoming,wyoming,-0.059,74,https://www.teamrankings.com/college-football/stat/points-per-play-margin?date=2012-01-10
2011,2012-01-10,Purdue,purdue,-0.06,75,https://www.teamrankings.com/college-football/stat/points-per-play-margin?date=2012-01-10
2011,2012-01-10,UTEP,utep,-0.062,76,https://www.teamrankings.com/college-football/stat/points-per-play-margin?date=2012-01-10
2011,2012-01-10,Wake Forest,wakeforest,-0.066,77,https://www.teamrankings.com/college-football/stat/points-per-play-margin?date=2012-01-10
2011,2012-01-10,Marshall,marshall,-0.066,78,https://www.teamrankings.com/college-football/stat/points-per-play-margin?date=2012-01-10
2011,2012-01-10,Virginia,virginia,-0.068,79,https://www.teamrankings.com/college-football/stat/points-per-play-margin?date=2012-01-10
2011,2012-01-10,N Texas,ntexas,-0.068,80,https://www.teamrankings.com/college-football/stat/points-per-play-margin?date=2012-01-10
2011,2012-01-10,Bowling Green,bowlinggreen,-0.071,81,https://www.teamrankings.com/college-football/stat/points-per-play-margin?date=2012-01-10
2011,2012-01-10,San Jose St,sanjosest,-0.082,82,https://www.teamrankings.com/college-football/stat/points-per-play-margin?date=2012-01-10
2011,2012-01-10,UCLA,ucla,-0.089,83,https://www.teamrankings.com/college-football/stat/points-per-play-margin?date=2012-01-10
2011,2012-01-10,Tennessee,tennessee,-0.09,84,https://www.teamrankings.com/college-football/stat/points-per-play-margin?date=2012-01-10
2011,2012-01-10,UL Monroe,ulmonroe,-0.092,85,https://www.teamrankings.com/college-football/stat/points-per-play-margin?date=2012-01-10
2011,2012-01-10,Boston College,bostoncollege,-0.095,86,https://www.teamrankings.com/college-football/stat/points-per-play-margin?date=2012-01-10
2011,2012-01-10,Ball St,ballst,-0.106,87,https://www.teamrankings.com/college-football/stat/points-per-play-margin?date=2012-01-10
2011,2012-01-10,Iowa St,iowast,-0.109,88,https://www.teamrankings.com/college-football/stat/points-per-play-margin?date=2012-01-10
2011,2012-01-10,E Michigan,emichigan,-0.11,89,https://www.teamrankings.com/college-football/stat/points-per-play-margin?date=2012-01-10
2011,2012-01-10,Fresno St,fresnost,-0.113,90,https://www.teamrankings.com/college-football/stat/points-per-play-margin?date=2012-01-10
2011,2012-01-10,Kent St,kentst,-0.116,91,https://www.teamrankings.com/college-football/stat/points-per-play-margin?date=2012-01-10
2011,2012-01-10,Troy,troy,-0.124,92,https://www.teamrankings.com/college-football/stat/points-per-play-margin?date=2012-01-10
2011,2012-01-10,Oregon St,oregonst,-0.126,93,https://www.teamrankings.com/college-football/stat/points-per-play-margin?date=2012-01-10
2011,2012-01-10,E Carolina,ecarolina,-0.133,94,https://www.teamrankings.com/college-football/stat/points-per-play-margin?date=2012-01-10
2011,2012-01-10,Rice,rice,-0.135,95,https://www.teamrankings.com/college-football/stat/points-per-play-margin?date=2012-01-10
2011,2012-01-10,New Mexico St,newmexicost,-0.145,96,https://www.teamrankings.com/college-football/stat/points-per-play-margin?date=2012-01-10
2011,2012-01-10,Kentucky,kentucky,-0.15,97,https://www.teamrankings.com/college-football/stat/points-per-play-margin?date=2012-01-10
2011,2012-01-10,Arizona,arizona,-0.15,98,https://www.teamrankings.com/college-football/stat/points-per-play-margin?date=2012-01-10
2011,2012-01-10,C Michigan,cmichigan,-0.151,99,https://www.teamrankings.com/college-football/stat/points-per-play-margin?date=2012-01-10
2011,2012-01-10,Maryland,maryland,-0.153,100,https://www.teamrankings.com/college-football/stat/points-per-play-margin?date=2012-01-10
2011,2012-01-10,Washington St,washingtonst,-0.155,101,https://www.teamrankings.com/college-football/stat/points-per-play-margin?date=2012-01-10
2011,2012-01-10,Minnesota,minnesota,-0.156,102,https://www.teamrankings.com/college-football/stat/points-per-play-margin?date=2012-01-10
2011,2012-01-10,Colorado St,coloradost,-0.161,103,https://www.teamrankings.com/college-football/stat/points-per-play-margin?date=2012-01-10
2011,2012-01-10,Texas Tech,texastech,-0.165,104,https://www.teamrankings.com/college-football/stat/points-per-play-margin?date=2012-01-10
2011,2012-01-10,Duke,duke,-0.169,105,https://www.teamrankings.com/college-football/stat/points-per-play-margin?date=2012-01-10
2011,2012-01-10,Buffalo,buffalo,-0.171,106,https://www.teamrankings.com/college-football/stat/points-per-play-margin?date=2012-01-10
2011,2012-01-10,Army,army,-0.178,107,https://www.teamrankings.com/college-football/stat/points-per-play-margin?date=2012-01-10
2011,2012-01-10,Idaho,idaho,-0.186,108,https://www.teamrankings.com/college-football/stat/points-per-play-margin?date=2012-01-10
2011,2012-01-10,Middle Tenn,middletenn,-0.188,109,https://www.teamrankings.com/college-football/stat/points-per-play-margin?date=2012-01-10
2011,2012-01-10,UAB,uab,-0.221,110,https://www.teamrankings.com/college-football/stat/points-per-play-margin?date=2012-01-10
2011,2012-01-10,Colorado,colorado,-0.239,111,https://www.teamrankings.com/college-football/stat/points-per-play-margin?date=2012-01-10
2011,2012-01-10,Indiana,indiana,-0.26,112,https://www.teamrankings.com/college-football/stat/points-per-play-margin?date=2012-01-10
2011,2012-01-10,Florida Atlantic,floridaatlantic,-0.262,113,https://www.teamrankings.com/college-football/stat/points-per-play-margin?date=2012-01-10
2011,2012-01-10,Memphis,memphis,-0.278,114,https://www.teamrankings.com/college-football/stat/points-per-play-margin?date=2012-01-10
2011,2012-01-10,Mississippi,mississippi,-0.28,115,https://www.teamrankings.com/college-football/stat/points-per-play-margin?date=2012-01-10
2011,2012-01-10,Tulane,tulane,-0.286,116,https://www.teamrankings.com/college-football/stat/points-per-play-margin?date=2012-01-10
2011,2012-01-10,UNLV,unlv,-0.304,117,https://www.teamrankings.com/college-football/stat/points-per-play-margin?date=2012-01-10
2011,2012-01-10,Kansas,kansas,-0.351,118,https://www.teamrankings.com/college-football/stat/points-per-play-margin?date=2012-01-10
2011,2012-01-10,Akron,akron,-0.385,119,https://www.teamrankings.com/college-football/stat/points-per-play-margin?date=2012-01-10
2011,2012-01-10,New Mexico,newmexico,-0.42,120,https://www.teamrankings.com/college-football/stat/points-per-play-margin?date=2012-01-10
2012,2013-01-08,Alabama,alabama,0.381,1,https://www.teamrankings.com/college-football/stat/points-per-play-margin?date=2013-01-08
2012,2013-01-08,Oregon,oregon,0.303,2,https://www.teamrankings.com/college-football/stat/points-per-play-margin?date=2013-01-08
2012,2013-01-08,Utah St,utahst,0.299,3,https://www.teamrankings.com/college-football/stat/points-per-play-margin?date=2013-01-08
2012,2013-01-08,N Illinois,nillinois,0.27,4,https://www.teamrankings.com/college-football/stat/points-per-play-margin?date=2013-01-08
2012,2013-01-08,Georgia,georgia,0.269,5,https://www.teamrankings.com/college-football/stat/points-per-play-margin?date=2013-01-08
2012,2013-01-08,Florida St,floridast,0.265,6,https://www.teamrankings.com/college-football/stat/points-per-play-margin?date=2013-01-08
2012,2013-01-08,Kansas St,kansasst,0.251,7,https://www.teamrankings.com/college-football/stat/points-per-play-margin?date=2013-01-08
2012,2013-01-08,Boise St,boisest,0.224,8,https://www.teamrankings.com/college-football/stat/points-per-play-margin?date=2013-01-08
2012,2013-01-08,UCF,ucf,0.222,9,https://www.teamrankings.com/college-football/stat/points-per-play-margin?date=2013-01-08
2012,2013-01-08,Texas A&M,texasaandm,0.22,10,https://www.teamrankings.com/college-football/stat/points-per-play-margin?date=2013-01-08
2012,2013-01-08,Cincinnati,cincinnati,0.214,11,https://www.teamrankings.com/college-football/stat/points-per-play-margin?date=2013-01-08
2012,2013-01-08,Ohio St,ohiost,0.205,12,https://www.teamrankings.com/college-football/stat/points-per-play-margin?date=2013-01-08
2012,2013-01-08,South Carolina,southcarolina,0.199,13,https://www.teamrankings.com/college-football/stat/points-per-play-margin?date=2013-01-08
2012,2013-01-08,Notre Dame,notredame,0.177,14,https://www.teamrankings.com/college-football/stat/points-per-play-margin?date=2013-01-08
2012,2013-01-08,Stanford,stanford,0.175,15,https://www.teamrankings.com/college-football/stat/points-per-play-margin?date=2013-01-08
2012,2013-01-08,Florida,florida,0.171,16,https://www.teamrankings.com/college-football/stat/points-per-play-margin?date=2013-01-08
2012,2013-01-08,LSU,lsu,0.17,17,https://www.teamrankings.com/college-football/stat/points-per-play-margin?date=2013-01-08
2012,2013-01-08,Oklahoma St,oklahomast,0.167,18,https://www.teamrankings.com/college-football/stat/points-per-play-margin?date=2013-01-08
2012,2013-01-08,Wisconsin,wisconsin,0.167,18,https://www.teamrankings.com/college-football/stat/points-per-play-margin?date=2013-01-08
2012,2013-01-08,Michigan,michigan,0.166,20,https://www.teamrankings.com/college-football/stat/points-per-play-margin?date=2013-01-08
2012,2013-01-08,San Jose St,sanjosest,0.164,21,https://www.teamrankings.com/college-football/stat/points-per-play-margin?date=2013-01-08
2012,2013-01-08,Kent St,kentst,0.162,22,https://www.teamrankings.com/college-football/stat/points-per-play-margin?date=2013-01-08
2012,2013-01-08,USC,usc,0.16,23,https://www.teamrankings.com/college-football/stat/points-per-play-margin?date=2013-01-08
2012,2013-01-08,North Carolina,northcarolina,0.148,24,https://www.teamrankings.com/college-football/stat/points-per-play-margin?date=2013-01-08
2012,2013-01-08,Fresno St,fresnost,0.14,25,https://www.teamrankings.com/college-football/stat/points-per-play-margin?date=2013-01-08
2012,2013-01-08,Vanderbilt,vanderbilt,0.126,26,https://www.teamrankings.com/college-football/stat/points-per-play-margin?date=2013-01-08
2012,2013-01-08,San Diego St,sandiegost,0.126,27,https://www.teamrankings.com/college-football/stat/points-per-play-margin?date=2013-01-08
2012,2013-01-08,Clemson,clemson,0.121,28,https://www.teamrankings.com/college-football/stat/points-per-play-margin?date=2013-01-08
2012,2013-01-08,Rutgers,rutgers,0.119,29,https://www.teamrankings.com/college-football/stat/points-per-play-margin?date=2013-01-08
2012,2013-01-08,Arizona St,arizonast,0.118,30,https://www.teamrankings.com/college-football/stat/points-per-play-margin?date=2013-01-08
2012,2013-01-08,BYU,byu,0.118,31,https://www.teamrankings.com/college-football/stat/points-per-play-margin?date=2013-01-08
2012,2013-01-08,Louisiana Tech,louisianatech,0.114,32,https://www.teamrankings.com/college-football/stat/points-per-play-margin?date=2013-01-08
2012,2013-01-08,Penn St,pennst,0.113,33,https://www.teamrankings.com/college-football/stat/points-per-play-margin?date=2013-01-08
2012,2013-01-08,Louisiana,louisiana,0.108,34,https://www.teamrankings.com/college-football/stat/points-per-play-margin?date=2013-01-08
2012,2013-01-08,Texas,texas,0.1,35,https://www.teamrankings.com/college-football/stat/points-per-play-margin?date=2013-01-08
2012,2013-01-08,Northwestern,northwestern,0.097,36,https://www.teamrankings.com/college-football/stat/points-per-play-margin?date=2013-01-08
2012,2013-01-08,Oklahoma,oklahoma,0.087,37,https://www.teamrankings.com/college-football/stat/points-per-play-margin?date=2013-01-08
2012,2013-01-08,Arkansas St,arkansasst,0.086,38,https://www.teamrankings.com/college-football/stat/points-per-play-margin?date=2013-01-08
2012,2013-01-08,Oregon St,oregonst,0.081,39,https://www.teamrankings.com/college-football/stat/points-per-play-margin?date=2013-01-08
2012,2013-01-08,Mississippi St,mississippist,0.072,40,https://www.teamrankings.com/college-football/stat/points-per-play-margin?date=2013-01-08
2012,2013-01-08,Baylor,baylor,0.071,41,https://www.teamrankings.com/college-football/stat/points-per-play-margin?date=2013-01-08
2012,2013-01-08,UCLA,ucla,0.066,42,https://www.teamrankings.com/college-football/stat/points-per-play-margin?date=2013-01-08
2012,2013-01-08,Tulsa,tulsa,0.066,43,https://www.teamrankings.com/college-football/stat/points-per-play-margin?date=2013-01-08
2012,2013-01-08,Louisville,louisville,0.044,44,https://www.teamrankings.com/college-football/stat/points-per-play-margin?date=2013-01-08
2012,2013-01-08,Pittsburgh,pittsburgh,0.041,45,https://www.teamrankings.com/college-football/stat/points-per-play-margin?date=2013-01-08
2012,2013-01-08,Bowling Green,bowlinggreen,0.039,46,https://www.teamrankings.com/college-football/stat/points-per-play-margin?date=2013-01-08
2012,2013-01-08,Miami,miami,0.037,47,https://www.teamrankings.com/college-football/stat/points-per-play-margin?date=2013-01-08
2012,2013-01-08,Ohio,ohio,0.037,48,https://www.teamrankings.com/college-football/stat/points-per-play-margin?date=2013-01-08
2012,2013-01-08,UL Monroe,ulmonroe,0.032,49,https://www.teamrankings.com/college-football/stat/points-per-play-margin?date=2013-01-08
2012,2013-01-08,Toledo,toledo,0.018,50,https://www.teamrankings.com/college-football/stat/points-per-play-margin?date=2013-01-08
2012,2013-01-08,Middle Tenn,middletenn,0.017,51,https://www.teamrankings.com/college-football/stat/points-per-play-margin?date=2013-01-08
2012,2013-01-08,Mississippi,mississippi,0.014,52,https://www.teamrankings.com/college-football/stat/points-per-play-margin?date=2013-01-08
2012,2013-01-08,SMU,smu,0.014,53,https://www.teamrankings.com/college-football/stat/points-per-play-margin?date=2013-01-08
2012,2013-01-08,Syracuse,syracuse,0.012,54,https://www.teamrankings.com/college-football/stat/points-per-play-margin?date=2013-01-08
2012,2013-01-08,Michigan St,michiganst,0.012,55,https://www.teamrankings.com/college-football/stat/points-per-play-margin?date=2013-01-08
2012,2013-01-08,W Kentucky,wkentucky,0.01,56,https://www.teamrankings.com/college-football/stat/points-per-play-margin?date=2013-01-08
2012,2013-01-08,Texas Tech,texastech,0.007,57,https://www.teamrankings.com/college-football/stat/points-per-play-margin?date=2013-01-08
2012,2013-01-08,Iowa St,iowast,0.005,58,https://www.teamrankings.com/college-football/stat/points-per-play-margin?date=2013-01-08
2012,2013-01-08,Arizona,arizona,0.002,59,https://www.teamrankings.com/college-football/stat/points-per-play-margin?date=2013-01-08
2012,2013-01-08,TCU,tcu,0.002,60,https://www.teamrankings.com/college-football/stat/points-per-play-margin?date=2013-01-08
2012,2013-01-08,Nebraska,nebraska,-0.001,61,https://www.teamrankings.com/college-football/stat/points-per-play-margin?date=2013-01-08
2012,2013-01-08,Utah,utah,-0.006,62,https://www.teamrankings.com/college-football/stat/points-per-play-margin?date=2013-01-08
2012,2013-01-08,C Michigan,cmichigan,-0.01,63,https://www.teamrankings.com/college-football/stat/points-per-play-margin?date=2013-01-08
2012,2013-01-08,Georgia Tech,georgiatech,-0.01,64,https://www.teamrankings.com/college-football/stat/points-per-play-margin?date=2013-01-08
2012,2013-01-08,Ball St,ballst,-0.012,65,https://www.teamrankings.com/college-football/stat/points-per-play-margin?date=2013-01-08
2012,2013-01-08,Nevada,nevada,-0.012,66,https://www.teamrankings.com/college-football/stat/points-per-play-margin?date=2013-01-08
2012,2013-01-08,Virginia Tech,virginiatech,-0.016,67,https://www.teamrankings.com/college-football/stat/points-per-play-margin?date=2013-01-08
2012,2013-01-08,Houston,houston,-0.017,68,https://www.teamrankings.com/college-football/stat/points-per-play-margin?date=2013-01-08
2012,2013-01-08,Tennessee,tennessee,-0.022,69,https://www.teamrankings.com/college-football/stat/points-per-play-margin?date=2013-01-08
2012,2013-01-08,West Virginia,westvirginia,-0.025,70,https://www.teamrankings.com/college-football/stat/points-per-play-margin?date=2013-01-08
2012,2013-01-08,E Carolina,ecarolina,-0.026,71,https://www.teamrankings.com/college-football/stat/points-per-play-margin?date=2013-01-08
2012,2013-01-08,UConn,uconn,-0.028,72,https://www.teamrankings.com/college-football/stat/points-per-play-margin?date=2013-01-08
2012,2013-01-08,NC State,ncstate,-0.028,73,https://www.teamrankings.com/college-football/stat/points-per-play-margin?date=2013-01-08
2012,2013-01-08,Rice,rice,-0.037,74,https://www.teamrankings.com/college-football/stat/points-per-play-margin?date=2013-01-08
2012,2013-01-08,Memphis,memphis,-0.04,75,https://www.teamrankings.com/college-football/stat/points-per-play-margin?date=2013-01-08
2012,2013-01-08,Texas St,texasst,-0.041,76,https://www.teamrankings.com/college-football/stat/points-per-play-margin?date=2013-01-08
2012,2013-01-08,Troy,troy,-0.054,77,https://www.teamrankings.com/college-football/stat/points-per-play-margin?date=2013-01-08
2012,2013-01-08,Navy,navy,-0.055,78,https://www.teamrankings.com/college-football/stat/points-per-play-margin?date=2013-01-08
2012,2013-01-08,Iowa,iowa,-0.056,79,https://www.teamrankings.com/college-football/stat/points-per-play-margin?date=2013-01-08
2012,2013-01-08,Washington,washington,-0.061,80,https://www.teamrankings.com/college-football/stat/points-per-play-margin?date=2013-01-08
2012,2013-01-08,W Michigan,wmichigan,-0.063,81,https://www.teamrankings.com/college-football/stat/points-per-play-margin?date=2013-01-08
2012,2013-01-08,Minnesota,minnesota,-0.071,82,https://www.teamrankings.com/college-football/stat/points-per-play-margin?date=2013-01-08
2012,2013-01-08,Air Force,airforce,-0.074,83,https://www.teamrankings.com/college-football/stat/points-per-play-margin?date=2013-01-08
2012,2013-01-08,Indiana,indiana,-0.074,84,https://www.teamrankings.com/college-football/stat/points-per-play-margin?date=2013-01-08
2012,2013-01-08,Colorado St,coloradost,-0.075,85,https://www.teamrankings.com/college-football/stat/points-per-play-margin?date=2013-01-08
2012,2013-01-08,Purdue,purdue,-0.075,86,https://www.teamrankings.com/college-football/stat/points-per-play-margin?date=2013-01-08
2012,2013-01-08,UTSA,utsa,-0.077,87,https://www.teamrankings.com/college-football/stat/points-per-play-margin?date=2013-01-08
2012,2013-01-08,Wyoming,wyoming,-0.085,88,https://www.teamrankings.com/college-football/stat/points-per-play-margin?date=2013-01-08
2012,2013-01-08,Florida Intl,floridaintl,-0.093,89,https://www.teamrankings.com/college-football/stat/points-per-play-margin?date=2013-01-08
2012,2013-01-08,Maryland,maryland,-0.107,90,https://www.teamrankings.com/college-football/stat/points-per-play-margin?date=2013-01-08
2012,2013-01-08,UTEP,utep,-0.11,91,https://www.teamrankings.com/college-football/stat/points-per-play-margin?date=2013-01-08
2012,2013-01-08,Temple,temple,-0.11,92,https://www.teamrankings.com/college-football/stat/points-per-play-margin?date=2013-01-08
2012,2013-01-08,S Florida,sflorida,-0.115,93,https://www.teamrankings.com/college-football/stat/points-per-play-margin?date=2013-01-08
2012,2013-01-08,Missouri,missouri,-0.117,94,https://www.teamrankings.com/college-football/stat/points-per-play-margin?date=2013-01-08
2012,2013-01-08,Boston College,bostoncollege,-0.123,95,https://www.teamrankings.com/college-football/stat/points-per-play-margin?date=2013-01-08
2012,2013-01-08,Marshall,marshall,-0.123,96,https://www.teamrankings.com/college-football/stat/points-per-play-margin?date=2013-01-08
2012,2013-01-08,New Mexico,newmexico,-0.124,97,https://www.teamrankings.com/college-football/stat/points-per-play-margin?date=2013-01-08
2012,2013-01-08,Arkansas,arkansas,-0.124,98,https://www.teamrankings.com/college-football/stat/points-per-play-margin?date=2013-01-08
2012,2013-01-08,California,california,-0.132,99,https://www.teamrankings.com/college-football/stat/points-per-play-margin?date=2013-01-08
2012,2013-01-08,UNLV,unlv,-0.134,100,https://www.teamrankings.com/college-football/stat/points-per-play-margin?date=2013-01-08
2012,2013-01-08,Virginia,virginia,-0.144,101,https://www.teamrankings.com/college-football/stat/points-per-play-margin?date=2013-01-08
2012,2013-01-08,N Texas,ntexas,-0.146,102,https://www.teamrankings.com/college-football/stat/points-per-play-margin?date=2013-01-08
2012,2013-01-08,Duke,duke,-0.146,103,https://www.teamrankings.com/college-football/stat/points-per-play-margin?date=2013-01-08
2012,2013-01-08,Buffalo,buffalo,-0.151,104,https://www.teamrankings.com/college-football/stat/points-per-play-margin?date=2013-01-08
2012,2013-01-08,Auburn,auburn,-0.152,105,https://www.teamrankings.com/college-football/stat/points-per-play-margin?date=2013-01-08
2012,2013-01-08,Wake Forest,wakeforest,-0.174,106,https://www.teamrankings.com/college-football/stat/points-per-play-margin?date=2013-01-08
2012,2013-01-08,Miami OH,miamioh,-0.177,107,https://www.teamrankings.com/college-football/stat/points-per-play-margin?date=2013-01-08
2012,2013-01-08,S Alabama,salabama,-0.19,108,https://www.teamrankings.com/college-football/stat/points-per-play-margin?date=2013-01-08
2012,2013-01-08,Florida Atlantic,floridaatlantic,-0.191,109,https://www.teamrankings.com/college-football/stat/points-per-play-margin?date=2013-01-08
2012,2013-01-08,E Michigan,emichigan,-0.192,110,https://www.teamrankings.com/college-football/stat/points-per-play-margin?date=2013-01-08
2012,2013-01-08,Tulane,tulane,-0.195,111,https://www.teamrankings.com/college-football/stat/points-per-play-margin?date=2013-01-08
2012,2013-01-08,Washington St,washingtonst,-0.199,112,https://www.teamrankings.com/college-football/stat/points-per-play-margin?date=2013-01-08
2012,2013-01-08,Kentucky,kentucky,-0.206,113,https://www.teamrankings.com/college-football/stat/points-per-play-margin?date=2013-01-08
2012,2013-01-08,Akron,akron,-0.216,114,https://www.teamrankings.com/college-football/stat/points-per-play-margin?date=2013-01-08
2012,2013-01-08,UAB,uab,-0.23,115,https://www.teamrankings.com/college-football/stat/points-per-play-margin?date=2013-01-08
2012,2013-01-08,Southern Miss,southernmiss,-0.242,116,https://www.teamrankings.com/college-football/stat/points-per-play-margin?date=2013-01-08
2012,2013-01-08,Hawai'i,hawaii,-0.281,117,https://www.teamrankings.com/college-football/stat/points-per-play-margin?date=2013-01-08
2012,2013-01-08,Army,army,-0.288,118,https://www.teamrankings.com/college-football/stat/points-per-play-margin?date=2013-01-08
2012,2013-01-08,Illinois,illinois,-0.29,119,https://www.teamrankings.com/college-football/stat/points-per-play-margin?date=2013-01-08
2012,2013-01-08,Kansas,kansas,-0.299,120,https://www.teamrankings.com/college-football/stat/points-per-play-margin?date=2013-01-08
2012,2013-01-08,New Mexico St,newmexicost,-0.345,121,https://www.teamrankings.com/college-football/stat/points-per-play-margin?date=2013-01-08
2012,2013-01-08,Idaho,idaho,-0.362,122,https://www.teamrankings.com/college-football/stat/points-per-play-margin?date=2013-01-08
2012,2013-01-08,UMass,umass,-0.378,123,https://www.teamrankings.com/college-football/stat/points-per-play-margin?date=2013-01-08
2012,2013-01-08,Colorado,colorado,-0.45,124,https://www.teamrankings.com/college-football/stat/points-per-play-margin?date=2013-01-08
2013,2014-01-07,Florida St,floridast,0.551,1,https://www.teamrankings.com/college-football/stat/points-per-play-margin?date=2014-01-07
2013,2014-01-07,Alabama,alabama,0.321,2,https://www.teamrankings.com/college-football/stat/points-per-play-margin?date=2014-01-07
2013,2014-01-07,Oregon,oregon,0.302,3,https://www.teamrankings.com/college-football/stat/points-per-play-margin?date=2014-01-07
2013,2014-01-07,Louisville,louisville,0.283,4,https://www.teamrankings.com/college-football/stat/points-per-play-margin?date=2014-01-07
2013,2014-01-07,Ohio St,ohiost,0.276,5,https://www.teamrankings.com/college-football/stat/points-per-play-margin?date=2014-01-07
2013,2014-01-07,Baylor,baylor,0.274,6,https://www.teamrankings.com/college-football/stat/points-per-play-margin?date=2014-01-07
2013,2014-01-07,Stanford,stanford,0.24,7,https://www.teamrankings.com/college-football/stat/points-per-play-margin?date=2014-01-07
2013,2014-01-07,Wisconsin,wisconsin,0.216,8,https://www.teamrankings.com/college-football/stat/points-per-play-margin?date=2014-01-07
2013,2014-01-07,Bowling Green,bowlinggreen,0.209,9,https://www.teamrankings.com/college-football/stat/points-per-play-margin?date=2014-01-07
2013,2014-01-07,Oklahoma St,oklahomast,0.206,10,https://www.teamrankings.com/college-football/stat/points-per-play-margin?date=2014-01-07
2013,2014-01-07,Missouri,missouri,0.203,11,https://www.teamrankings.com/college-football/stat/points-per-play-margin?date=2014-01-07
2013,2014-01-07,N Illinois,nillinois,0.202,12,https://www.teamrankings.com/college-football/stat/points-per-play-margin?date=2014-01-07
2013,2014-01-07,Kansas St,kansasst,0.202,13,https://www.teamrankings.com/college-football/stat/points-per-play-margin?date=2014-01-07
2013,2014-01-07,UCF,ucf,0.198,14,https://www.teamrankings.com/college-football/stat/points-per-play-margin?date=2014-01-07
2013,2014-01-07,Marshall,marshall,0.197,15,https://www.teamrankings.com/college-football/stat/points-per-play-margin?date=2014-01-07
2013,2014-01-07,LSU,lsu,0.189,16,https://www.teamrankings.com/college-football/stat/points-per-play-margin?date=2014-01-07
2013,2014-01-07,UCLA,ucla,0.188,17,https://www.teamrankings.com/college-football/stat/points-per-play-margin?date=2014-01-07
2013,2014-01-07,Michigan St,michiganst,0.184,18,https://www.teamrankings.com/college-football/stat/points-per-play-margin?date=2014-01-07
2013,2014-01-07,Ball St,ballst,0.183,19,https://www.teamrankings.com/college-football/stat/points-per-play-margin?date=2014-01-07
2013,2014-01-07,N Texas,ntexas,0.179,20,https://www.teamrankings.com/college-football/stat/points-per-play-margin?date=2014-01-07
2013,2014-01-07,E Carolina,ecarolina,0.177,21,https://www.teamrankings.com/college-football/stat/points-per-play-margin?date=2014-01-07
2013,2014-01-07,Texas A&M,texasaandm,0.157,22,https://www.teamrankings.com/college-football/stat/points-per-play-margin?date=2014-01-07
2013,2014-01-07,Auburn,auburn,0.153,23,https://www.teamrankings.com/college-football/stat/points-per-play-margin?date=2014-01-07
2013,2014-01-07,Washington,washington,0.146,24,https://www.teamrankings.com/college-football/stat/points-per-play-margin?date=2014-01-07
2013,2014-01-07,Houston,houston,0.143,25,https://www.teamrankings.com/college-football/stat/points-per-play-margin?date=2014-01-07
2013,2014-01-07,Clemson,clemson,0.14,26,https://www.teamrankings.com/college-football/stat/points-per-play-margin?date=2014-01-07
2013,2014-01-07,Utah St,utahst,0.133,27,https://www.teamrankings.com/college-football/stat/points-per-play-margin?date=2014-01-07
2013,2014-01-07,USC,usc,0.13,28,https://www.teamrankings.com/college-football/stat/points-per-play-margin?date=2014-01-07
2013,2014-01-07,Fresno St,fresnost,0.123,29,https://www.teamrankings.com/college-football/stat/points-per-play-margin?date=2014-01-07
2013,2014-01-07,Oklahoma,oklahoma,0.12,30,https://www.teamrankings.com/college-football/stat/points-per-play-margin?date=2014-01-07
2013,2014-01-07,Boise St,boisest,0.118,31,https://www.teamrankings.com/college-football/stat/points-per-play-margin?date=2014-01-07
2013,2014-01-07,South Carolina,southcarolina,0.109,32,https://www.teamrankings.com/college-football/stat/points-per-play-margin?date=2014-01-07
2013,2014-01-07,Miami,miami,0.109,33,https://www.teamrankings.com/college-football/stat/points-per-play-margin?date=2014-01-07
2013,2014-01-07,Notre Dame,notredame,0.099,34,https://www.teamrankings.com/college-football/stat/points-per-play-margin?date=2014-01-07
2013,2014-01-07,Iowa,iowa,0.086,35,https://www.teamrankings.com/college-football/stat/points-per-play-margin?date=2014-01-07
2013,2014-01-07,Toledo,toledo,0.084,36,https://www.teamrankings.com/college-football/stat/points-per-play-margin?date=2014-01-07
2013,2014-01-07,Navy,navy,0.082,37,https://www.teamrankings.com/college-football/stat/points-per-play-margin?date=2014-01-07
2013,2014-01-07,Michigan,michigan,0.079,38,https://www.teamrankings.com/college-football/stat/points-per-play-margin?date=2014-01-07
2013,2014-01-07,North Carolina,northcarolina,0.07,39,https://www.teamrankings.com/college-football/stat/points-per-play-margin?date=2014-01-07
2013,2014-01-07,Arizona St,arizonast,0.069,40,https://www.teamrankings.com/college-football/stat/points-per-play-margin?date=2014-01-07
2013,2014-01-07,Colorado St,coloradost,0.066,41,https://www.teamrankings.com/college-football/stat/points-per-play-margin?date=2014-01-07
2013,2014-01-07,Arizona,arizona,0.064,42,https://www.teamrankings.com/college-football/stat/points-per-play-margin?date=2014-01-07
2013,2014-01-07,Cincinnati,cincinnati,0.059,43,https://www.teamrankings.com/college-football/stat/points-per-play-margin?date=2014-01-07
2013,2014-01-07,Duke,duke,0.058,44,https://www.teamrankings.com/college-football/stat/points-per-play-margin?date=2014-01-07
2013,2014-01-07,Vanderbilt,vanderbilt,0.057,45,https://www.teamrankings.com/college-football/stat/points-per-play-margin?date=2014-01-07
2013,2014-01-07,Nebraska,nebraska,0.055,46,https://www.teamrankings.com/college-football/stat/points-per-play-margin?date=2014-01-07
2013,2014-01-07,Boston College,bostoncollege,0.054,47,https://www.teamrankings.com/college-football/stat/points-per-play-margin?date=2014-01-07
2013,2014-01-07,Buffalo,buffalo,0.053,48,https://www.teamrankings.com/college-football/stat/points-per-play-margin?date=2014-01-07
2013,2014-01-07,Georgia,georgia,0.052,49,https://www.teamrankings.com/college-football/stat/points-per-play-margin?date=2014-01-07
2013,2014-01-07,S Alabama,salabama,0.045,50,https://www.teamrankings.com/college-football/stat/points-per-play-margin?date=2014-01-07
2013,2014-01-07,Middle Tenn,middletenn,0.044,51,https://www.teamrankings.com/college-football/stat/points-per-play-margin?date=2014-01-07
2013,2014-01-07,Florida Atlantic,floridaatlantic,0.043,52,https://www.teamrankings.com/college-football/stat/points-per-play-margin?date=2014-01-07
2013,2014-01-07,Tulane,tulane,0.039,53,https://www.teamrankings.com/college-football/stat/points-per-play-margin?date=2014-01-07
2013,2014-01-07,Texas,texas,0.038,54,https://www.teamrankings.com/college-football/stat/points-per-play-margin?date=2014-01-07
2013,2014-01-07,Minnesota,minnesota,0.036,55,https://www.teamrankings.com/college-football/stat/points-per-play-margin?date=2014-01-07
2013,2014-01-07,Mississippi,mississippi,0.035,56,https://www.teamrankings.com/college-football/stat/points-per-play-margin?date=2014-01-07
2013,2014-01-07,Louisiana,louisiana,0.034,57,https://www.teamrankings.com/college-football/stat/points-per-play-margin?date=2014-01-07
2013,2014-01-07,Rice,rice,0.034,58,https://www.teamrankings.com/college-football/stat/points-per-play-margin?date=2014-01-07
2013,2014-01-07,Oregon St,oregonst,0.023,59,https://www.teamrankings.com/college-football/stat/points-per-play-margin?date=2014-01-07
2013,2014-01-07,BYU,byu,0.02,60,https://www.teamrankings.com/college-football/stat/points-per-play-margin?date=2014-01-07
2013,2014-01-07,Penn St,pennst,0.017,61,https://www.teamrankings.com/college-football/stat/points-per-play-margin?date=2014-01-07
2013,2014-01-07,Georgia Tech,georgiatech,0.008,62,https://www.teamrankings.com/college-football/stat/points-per-play-margin?date=2014-01-07
2013,2014-01-07,TCU,tcu,0.001,63,https://www.teamrankings.com/college-football/stat/points-per-play-margin?date=2014-01-07
2013,2014-01-07,San Diego St,sandiegost,-0.003,64,https://www.teamrankings.com/college-football/stat/points-per-play-margin?date=2014-01-07
2013,2014-01-07,Maryland,maryland,-0.005,65,https://www.teamrankings.com/college-football/stat/points-per-play-margin?date=2014-01-07
2013,2014-01-07,W Kentucky,wkentucky,-0.006,66,https://www.teamrankings.com/college-football/stat/points-per-play-margin?date=2014-01-07
2013,2014-01-07,UTSA,utsa,-0.01,67,https://www.teamrankings.com/college-football/stat/points-per-play-margin?date=2014-01-07
2013,2014-01-07,Mississippi St,mississippist,-0.016,68,https://www.teamrankings.com/college-football/stat/points-per-play-margin?date=2014-01-07
2013,2014-01-07,Arkansas St,arkansasst,-0.02,69,https://www.teamrankings.com/college-football/stat/points-per-play-margin?date=2014-01-07
2013,2014-01-07,Northwestern,northwestern,-0.02,70,https://www.teamrankings.com/college-football/stat/points-per-play-margin?date=2014-01-07
2013,2014-01-07,Ohio,ohio,-0.022,71,https://www.teamrankings.com/college-football/stat/points-per-play-margin?date=2014-01-07
2013,2014-01-07,Texas Tech,texastech,-0.026,72,https://www.teamrankings.com/college-football/stat/points-per-play-margin?date=2014-01-07
2013,2014-01-07,Texas St,texasst,-0.031,73,https://www.teamrankings.com/college-football/stat/points-per-play-margin?date=2014-01-07
2013,2014-01-07,Virginia Tech,virginiatech,-0.032,74,https://www.teamrankings.com/college-football/stat/points-per-play-margin?date=2014-01-07
2013,2014-01-07,Pittsburgh,pittsburgh,-0.034,75,https://www.teamrankings.com/college-football/stat/points-per-play-margin?date=2014-01-07
2013,2014-01-07,Indiana,indiana,-0.037,76,https://www.teamrankings.com/college-football/stat/points-per-play-margin?date=2014-01-07
2013,2014-01-07,Utah,utah,-0.047,77,https://www.teamrankings.com/college-football/stat/points-per-play-margin?date=2014-01-07
2013,2014-01-07,C Michigan,cmichigan,-0.056,78,https://www.teamrankings.com/college-football/stat/points-per-play-margin?date=2014-01-07
2013,2014-01-07,Temple,temple,-0.057,79,https://www.teamrankings.com/college-football/stat/points-per-play-margin?date=2014-01-07
2013,2014-01-07,Rutgers,rutgers,-0.061,80,https://www.teamrankings.com/college-football/stat/points-per-play-margin?date=2014-01-07
2013,2014-01-07,Washington St,washingtonst,-0.061,81,https://www.teamrankings.com/college-football/stat/points-per-play-margin?date=2014-01-07
2013,2014-01-07,Florida,florida,-0.065,82,https://www.teamrankings.com/college-football/stat/points-per-play-margin?date=2014-01-07
2013,2014-01-07,UNLV,unlv,-0.07,83,https://www.teamrankings.com/college-football/stat/points-per-play-margin?date=2014-01-07
2013,2014-01-07,Memphis,memphis,-0.074,84,https://www.teamrankings.com/college-football/stat/points-per-play-margin?date=2014-01-07
2013,2014-01-07,Wake Forest,wakeforest,-0.075,85,https://www.teamrankings.com/college-football/stat/points-per-play-margin?date=2014-01-07
2013,2014-01-07,Wyoming,wyoming,-0.079,86,https://www.teamrankings.com/college-football/stat/points-per-play-margin?date=2014-01-07
2013,2014-01-07,Kent St,kentst,-0.083,87,https://www.teamrankings.com/college-football/stat/points-per-play-margin?date=2014-01-07
2013,2014-01-07,West Virginia,westvirginia,-0.092,88,https://www.teamrankings.com/college-football/stat/points-per-play-margin?date=2014-01-07
2013,2014-01-07,San Jose St,sanjosest,-0.093,89,https://www.teamrankings.com/college-football/stat/points-per-play-margin?date=2014-01-07
2013,2014-01-07,Louisiana Tech,louisianatech,-0.098,90,https://www.teamrankings.com/college-football/stat/points-per-play-margin?date=2014-01-07
2013,2014-01-07,Illinois,illinois,-0.098,91,https://www.teamrankings.com/college-football/stat/points-per-play-margin?date=2014-01-07
2013,2014-01-07,Syracuse,syracuse,-0.106,92,https://www.teamrankings.com/college-football/stat/points-per-play-margin?date=2014-01-07
2013,2014-01-07,New Mexico,newmexico,-0.114,93,https://www.teamrankings.com/college-football/stat/points-per-play-margin?date=2014-01-07
2013,2014-01-07,Troy,troy,-0.115,94,https://www.teamrankings.com/college-football/stat/points-per-play-margin?date=2014-01-07
2013,2014-01-07,Tennessee,tennessee,-0.117,95,https://www.teamrankings.com/college-football/stat/points-per-play-margin?date=2014-01-07
2013,2014-01-07,SMU,smu,-0.119,96,https://www.teamrankings.com/college-football/stat/points-per-play-margin?date=2014-01-07
2013,2014-01-07,Hawai'i,hawaii,-0.124,97,https://www.teamrankings.com/college-football/stat/points-per-play-margin?date=2014-01-07
2013,2014-01-07,Akron,akron,-0.132,98,https://www.teamrankings.com/college-football/stat/points-per-play-margin?date=2014-01-07
2013,2014-01-07,Arkansas,arkansas,-0.139,99,https://www.teamrankings.com/college-football/stat/points-per-play-margin?date=2014-01-07
2013,2014-01-07,UConn,uconn,-0.139,100,https://www.teamrankings.com/college-football/stat/points-per-play-margin?date=2014-01-07
2013,2014-01-07,Iowa St,iowast,-0.142,101,https://www.teamrankings.com/college-football/stat/points-per-play-margin?date=2014-01-07
2013,2014-01-07,Tulsa,tulsa,-0.148,102,https://www.teamrankings.com/college-football/stat/points-per-play-margin?date=2014-01-07
2013,2014-01-07,UL Monroe,ulmonroe,-0.155,103,https://www.teamrankings.com/college-football/stat/points-per-play-margin?date=2014-01-07
2013,2014-01-07,NC State,ncstate,-0.17,104,https://www.teamrankings.com/college-football/stat/points-per-play-margin?date=2014-01-07
2013,2014-01-07,Nevada,nevada,-0.177,105,https://www.teamrankings.com/college-football/stat/points-per-play-margin?date=2014-01-07
2013,2014-01-07,S Florida,sflorida,-0.185,106,https://www.teamrankings.com/college-football/stat/points-per-play-margin?date=2014-01-07
2013,2014-01-07,Army,army,-0.195,107,https://www.teamrankings.com/college-football/stat/points-per-play-margin?date=2014-01-07
2013,2014-01-07,Air Force,airforce,-0.195,108,https://www.teamrankings.com/college-football/stat/points-per-play-margin?date=2014-01-07
2013,2014-01-07,Kentucky,kentucky,-0.196,109,https://www.teamrankings.com/college-football/stat/points-per-play-margin?date=2014-01-07
2013,2014-01-07,Georgia St,georgiast,-0.224,110,https://www.teamrankings.com/college-football/stat/points-per-play-margin?date=2014-01-07
2013,2014-01-07,Colorado,colorado,-0.228,111,https://www.teamrankings.com/college-football/stat/points-per-play-margin?date=2014-01-07
2013,2014-01-07,Kansas,kansas,-0.237,112,https://www.teamrankings.com/college-football/stat/points-per-play-margin?date=2014-01-07
2013,2014-01-07,W Michigan,wmichigan,-0.245,113,https://www.teamrankings.com/college-football/stat/points-per-play-margin?date=2014-01-07
2013,2014-01-07,Virginia,virginia,-0.28,114,https://www.teamrankings.com/college-football/stat/points-per-play-margin?date=2014-01-07
2013,2014-01-07,Purdue,purdue,-0.306,115,https://www.teamrankings.com/college-football/stat/points-per-play-margin?date=2014-01-07
2013,2014-01-07,UTEP,utep,-0.307,116,https://www.teamrankings.com/college-football/stat/points-per-play-margin?date=2014-01-07
2013,2014-01-07,Miami OH,miamioh,-0.312,117,https://www.teamrankings.com/college-football/stat/points-per-play-margin?date=2014-01-07
2013,2014-01-07,UAB,uab,-0.312,118,https://www.teamrankings.com/college-football/stat/points-per-play-margin?date=2014-01-07
2013,2014-01-07,Southern Miss,southernmiss,-0.318,119,https://www.teamrankings.com/college-football/stat/points-per-play-margin?date=2014-01-07
2013,2014-01-07,UMass,umass,-0.341,120,https://www.teamrankings.com/college-football/stat/points-per-play-margin?date=2014-01-07
2013,2014-01-07,New Mexico St,newmexicost,-0.365,121,https://www.teamrankings.com/college-football/stat/points-per-play-margin?date=2014-01-07
2013,2014-01-07,California,california,-0.37,122,https://www.teamrankings.com/college-football/stat/points-per-play-margin?date=2014-01-07
2013,2014-01-07,Idaho,idaho,-0.388,123,https://www.teamrankings.com/college-football/stat/points-per-play-margin?date=2014-01-07
2013,2014-01-07,Florida Intl,floridaintl,-0.418,124,https://www.teamrankings.com/college-football/stat/points-per-play-margin?date=2014-01-07
2013,2014-01-07,E Michigan,emichigan,-0.424,125,https://www.teamrankings.com/college-football/stat/points-per-play-margin?date=2014-01-07
2014,2015-01-13,Marshall,marshall,0.327,1,https://www.teamrankings.com/college-football/stat/points-per-play-margin?date=2015-01-13
2014,2015-01-13,TCU,tcu,0.325,2,https://www.teamrankings.com/college-football/stat/points-per-play-margin?date=2015-01-13
2014,2015-01-13,Ohio St,ohiost,0.29,3,https://www.teamrankings.com/college-football/stat/points-per-play-margin?date=2015-01-13
2014,2015-01-13,Georgia,georgia,0.282,4,https://www.teamrankings.com/college-football/stat/points-per-play-margin?date=2015-01-13
2014,2015-01-13,Oregon,oregon,0.272,5,https://www.teamrankings.com/college-football/stat/points-per-play-margin?date=2015-01-13
2014,2015-01-13,Alabama,alabama,0.231,6,https://www.teamrankings.com/college-football/stat/points-per-play-margin?date=2015-01-13
2014,2015-01-13,Louisiana Tech,louisianatech,0.229,7,https://www.teamrankings.com/college-football/stat/points-per-play-margin?date=2015-01-13
2014,2015-01-13,Michigan St,michiganst,0.203,8,https://www.teamrankings.com/college-football/stat/points-per-play-margin?date=2015-01-13
2014,2015-01-13,Georgia So,georgiaso,0.177,9,https://www.teamrankings.com/college-football/stat/points-per-play-margin?date=2015-01-13
2014,2015-01-13,Mississippi St,mississippist,0.166,10,https://www.teamrankings.com/college-football/stat/points-per-play-margin?date=2015-01-13
2014,2015-01-13,Memphis,memphis,0.162,11,https://www.teamrankings.com/college-football/stat/points-per-play-margin?date=2015-01-13
2014,2015-01-13,Oklahoma,oklahoma,0.16,12,https://www.teamrankings.com/college-football/stat/points-per-play-margin?date=2015-01-13
2014,2015-01-13,Baylor,baylor,0.158,13,https://www.teamrankings.com/college-football/stat/points-per-play-margin?date=2015-01-13
2014,2015-01-13,Boise St,boisest,0.154,14,https://www.teamrankings.com/college-football/stat/points-per-play-margin?date=2015-01-13
2014,2015-01-13,Kansas St,kansasst,0.152,15,https://www.teamrankings.com/college-football/stat/points-per-play-margin?date=2015-01-13
2014,2015-01-13,Nebraska,nebraska,0.15,16,https://www.teamrankings.com/college-football/stat/points-per-play-margin?date=2015-01-13
2014,2015-01-13,Utah St,utahst,0.145,17,https://www.teamrankings.com/college-football/stat/points-per-play-margin?date=2015-01-13
2014,2015-01-13,USC,usc,0.142,18,https://www.teamrankings.com/college-football/stat/points-per-play-margin?date=2015-01-13
2014,2015-01-13,Wisconsin,wisconsin,0.139,19,https://www.teamrankings.com/college-football/stat/points-per-play-margin?date=2015-01-13
2014,2015-01-13,Mississippi,mississippi,0.133,20,https://www.teamrankings.com/college-football/stat/points-per-play-margin?date=2015-01-13
2014,2015-01-13,Stanford,stanford,0.132,21,https://www.teamrankings.com/college-football/stat/points-per-play-margin?date=2015-01-13
2014,2015-01-13,Colorado St,coloradost,0.132,22,https://www.teamrankings.com/college-football/stat/points-per-play-margin?date=2015-01-13
2014,2015-01-13,Georgia Tech,georgiatech,0.129,23,https://www.teamrankings.com/college-football/stat/points-per-play-margin?date=2015-01-13
2014,2015-01-13,Duke,duke,0.128,24,https://www.teamrankings.com/college-football/stat/points-per-play-margin?date=2015-01-13
2014,2015-01-13,W Michigan,wmichigan,0.119,25,https://www.teamrankings.com/college-football/stat/points-per-play-margin?date=2015-01-13
2014,2015-01-13,Florida St,floridast,0.109,26,https://www.teamrankings.com/college-football/stat/points-per-play-margin?date=2015-01-13
2014,2015-01-13,Clemson,clemson,0.101,27,https://www.teamrankings.com/college-football/stat/points-per-play-margin?date=2015-01-13
2014,2015-01-13,Cincinnati,cincinnati,0.101,28,https://www.teamrankings.com/college-football/stat/points-per-play-margin?date=2015-01-13
2014,2015-01-13,Missouri,missouri,0.101,29,https://www.teamrankings.com/college-football/stat/points-per-play-margin?date=2015-01-13
2014,2015-01-13,Arizona St,arizonast,0.096,30,https://www.teamrankings.com/college-football/stat/points-per-play-margin?date=2015-01-13
2014,2015-01-13,Washington,washington,0.095,31,https://www.teamrankings.com/college-football/stat/points-per-play-margin?date=2015-01-13
2014,2015-01-13,Auburn,auburn,0.094,32,https://www.teamrankings.com/college-football/stat/points-per-play-margin?date=2015-01-13
2014,2015-01-13,Florida,florida,0.087,33,https://www.teamrankings.com/college-football/stat/points-per-play-margin?date=2015-01-13
2014,2015-01-13,Arkansas,arkansas,0.074,34,https://www.teamrankings.com/college-football/stat/points-per-play-margin?date=2015-01-13
2014,2015-01-13,LSU,lsu,0.071,35,https://www.teamrankings.com/college-football/stat/points-per-play-margin?date=2015-01-13
2014,2015-01-13,Miami,miami,0.071,36,https://www.teamrankings.com/college-football/stat/points-per-play-margin?date=2015-01-13
2014,2015-01-13,UCLA,ucla,0.067,37,https://www.teamrankings.com/college-football/stat/points-per-play-margin?date=2015-01-13
2014,2015-01-13,Arizona,arizona,0.067,38,https://www.teamrankings.com/college-football/stat/points-per-play-margin?date=2015-01-13
2014,2015-01-13,Houston,houston,0.067,39,https://www.teamrankings.com/college-football/stat/points-per-play-margin?date=2015-01-13
2014,2015-01-13,UCF,ucf,0.067,40,https://www.teamrankings.com/college-football/stat/points-per-play-margin?date=2015-01-13
2014,2015-01-13,W Kentucky,wkentucky,0.064,41,https://www.teamrankings.com/college-football/stat/points-per-play-margin?date=2015-01-13
2014,2015-01-13,Louisville,louisville,0.063,42,https://www.teamrankings.com/college-football/stat/points-per-play-margin?date=2015-01-13
2014,2015-01-13,BYU,byu,0.061,43,https://www.teamrankings.com/college-football/stat/points-per-play-margin?date=2015-01-13
2014,2015-01-13,Utah,utah,0.057,44,https://www.teamrankings.com/college-football/stat/points-per-play-margin?date=2015-01-13
2014,2015-01-13,Texas A&M,texasaandm,0.053,45,https://www.teamrankings.com/college-football/stat/points-per-play-margin?date=2015-01-13
2014,2015-01-13,Temple,temple,0.051,46,https://www.teamrankings.com/college-football/stat/points-per-play-margin?date=2015-01-13
2014,2015-01-13,San Diego St,sandiegost,0.05,47,https://www.teamrankings.com/college-football/stat/points-per-play-margin?date=2015-01-13
2014,2015-01-13,Air Force,airforce,0.046,48,https://www.teamrankings.com/college-football/stat/points-per-play-margin?date=2015-01-13
2014,2015-01-13,Notre Dame,notredame,0.046,49,https://www.teamrankings.com/college-football/stat/points-per-play-margin?date=2015-01-13
2014,2015-01-13,Nevada,nevada,0.045,50,https://www.teamrankings.com/college-football/stat/points-per-play-margin?date=2015-01-13
2014,2015-01-13,Boston College,bostoncollege,0.041,51,https://www.teamrankings.com/college-football/stat/points-per-play-margin?date=2015-01-13
2014,2015-01-13,E Carolina,ecarolina,0.039,52,https://www.teamrankings.com/college-football/stat/points-per-play-margin?date=2015-01-13
2014,2015-01-13,Arkansas St,arkansasst,0.039,53,https://www.teamrankings.com/college-football/stat/points-per-play-margin?date=2015-01-13
2014,2015-01-13,Minnesota,minnesota,0.039,54,https://www.teamrankings.com/college-football/stat/points-per-play-margin?date=2015-01-13
2014,2015-01-13,Navy,navy,0.034,55,https://www.teamrankings.com/college-football/stat/points-per-play-margin?date=2015-01-13
2014,2015-01-13,N Illinois,nillinois,0.031,56,https://www.teamrankings.com/college-football/stat/points-per-play-margin?date=2015-01-13
2014,2015-01-13,Ball St,ballst,0.028,57,https://www.teamrankings.com/college-football/stat/points-per-play-margin?date=2015-01-13
2014,2015-01-13,Texas St,texasst,0.028,58,https://www.teamrankings.com/college-football/stat/points-per-play-margin?date=2015-01-13
2014,2015-01-13,Toledo,toledo,0.027,59,https://www.teamrankings.com/college-football/stat/points-per-play-margin?date=2015-01-13
2014,2015-01-13,App State,appstate,0.023,60,https://www.teamrankings.com/college-football/stat/points-per-play-margin?date=2015-01-13
2014,2015-01-13,C Michigan,cmichigan,0.011,61,https://www.teamrankings.com/college-football/stat/points-per-play-margin?date=2015-01-13
2014,2015-01-13,Maryland,maryland,0.01,62,https://www.teamrankings.com/college-football/stat/points-per-play-margin?date=2015-01-13
2014,2015-01-13,Virginia Tech,virginiatech,0.008,63,https://www.teamrankings.com/college-football/stat/points-per-play-margin?date=2015-01-13
2014,2015-01-13,NC State,ncstate,0.008,64,https://www.teamrankings.com/college-football/stat/points-per-play-margin?date=2015-01-13
2014,2015-01-13,Louisiana,louisiana,0.004,65,https://www.teamrankings.com/college-football/stat/points-per-play-margin?date=2015-01-13
2014,2015-01-13,Tennessee,tennessee,0.0,66,https://www.teamrankings.com/college-football/stat/points-per-play-margin?date=2015-01-13
2014,2015-01-13,Penn St,pennst,-0.005,67,https://www.teamrankings.com/college-football/stat/points-per-play-margin?date=2015-01-13
2014,2015-01-13,Texas,texas,-0.006,68,https://www.teamrankings.com/college-football/stat/points-per-play-margin?date=2015-01-13
2014,2015-01-13,Michigan,michigan,-0.008,69,https://www.teamrankings.com/college-football/stat/points-per-play-margin?date=2015-01-13
2014,2015-01-13,Iowa,iowa,-0.01,70,https://www.teamrankings.com/college-football/stat/points-per-play-margin?date=2015-01-13
2014,2015-01-13,Rice,rice,-0.012,71,https://www.teamrankings.com/college-football/stat/points-per-play-margin?date=2015-01-13
2014,2015-01-13,New Mexico,newmexico,-0.014,72,https://www.teamrankings.com/college-football/stat/points-per-play-margin?date=2015-01-13
2014,2015-01-13,Pittsburgh,pittsburgh,-0.019,73,https://www.teamrankings.com/college-football/stat/points-per-play-margin?date=2015-01-13
2014,2015-01-13,West Virginia,westvirginia,-0.02,74,https://www.teamrankings.com/college-football/stat/points-per-play-margin?date=2015-01-13
2014,2015-01-13,UAB,uab,-0.021,75,https://www.teamrankings.com/college-football/stat/points-per-play-margin?date=2015-01-13
2014,2015-01-13,South Carolina,southcarolina,-0.022,76,https://www.teamrankings.com/college-football/stat/points-per-play-margin?date=2015-01-13
2014,2015-01-13,Virginia,virginia,-0.037,77,https://www.teamrankings.com/college-football/stat/points-per-play-margin?date=2015-01-13
2014,2015-01-13,Middle Tenn,middletenn,-0.038,78,https://www.teamrankings.com/college-football/stat/points-per-play-margin?date=2015-01-13
2014,2015-01-13,Rutgers,rutgers,-0.044,79,https://www.teamrankings.com/college-football/stat/points-per-play-margin?date=2015-01-13
2014,2015-01-13,Oklahoma St,oklahomast,-0.046,80,https://www.teamrankings.com/college-football/stat/points-per-play-margin?date=2015-01-13
2014,2015-01-13,UMass,umass,-0.057,81,https://www.teamrankings.com/college-football/stat/points-per-play-margin?date=2015-01-13
2014,2015-01-13,S Alabama,salabama,-0.06,82,https://www.teamrankings.com/college-football/stat/points-per-play-margin?date=2015-01-13
2014,2015-01-13,California,california,-0.063,83,https://www.teamrankings.com/college-football/stat/points-per-play-margin?date=2015-01-13
2014,2015-01-13,Old Dominion,olddominion,-0.065,84,https://www.teamrankings.com/college-football/stat/points-per-play-margin?date=2015-01-13
2014,2015-01-13,Buffalo,buffalo,-0.068,85,https://www.teamrankings.com/college-football/stat/points-per-play-margin?date=2015-01-13
2014,2015-01-13,UTEP,utep,-0.069,86,https://www.teamrankings.com/college-football/stat/points-per-play-margin?date=2015-01-13
2014,2015-01-13,Florida Intl,floridaintl,-0.069,87,https://www.teamrankings.com/college-football/stat/points-per-play-margin?date=2015-01-13
2014,2015-01-13,Akron,akron,-0.071,88,https://www.teamrankings.com/college-football/stat/points-per-play-margin?date=2015-01-13
2014,2015-01-13,Bowling Green,bowlinggreen,-0.072,89,https://www.teamrankings.com/college-football/stat/points-per-play-margin?date=2015-01-13
2014,2015-01-13,Kentucky,kentucky,-0.082,90,https://www.teamrankings.com/college-football/stat/points-per-play-margin?date=2015-01-13
2014,2015-01-13,Ohio,ohio,-0.084,91,https://www.teamrankings.com/college-football/stat/points-per-play-margin?date=2015-01-13
2014,2015-01-13,Northwestern,northwestern,-0.089,92,https://www.teamrankings.com/college-football/stat/points-per-play-margin?date=2015-01-13
2014,2015-01-13,Oregon St,oregonst,-0.094,93,https://www.teamrankings.com/college-football/stat/points-per-play-margin?date=2015-01-13
2014,2015-01-13,Illinois,illinois,-0.099,94,https://www.teamrankings.com/college-football/stat/points-per-play-margin?date=2015-01-13
2014,2015-01-13,UL Monroe,ulmonroe,-0.1,95,https://www.teamrankings.com/college-football/stat/points-per-play-margin?date=2015-01-13
2014,2015-01-13,Hawai'i,hawaii,-0.101,96,https://www.teamrankings.com/college-football/stat/points-per-play-margin?date=2015-01-13
2014,2015-01-13,Indiana,indiana,-0.105,97,https://www.teamrankings.com/college-football/stat/points-per-play-margin?date=2015-01-13
2014,2015-01-13,Florida Atlantic,floridaatlantic,-0.106,98,https://www.teamrankings.com/college-football/stat/points-per-play-margin?date=2015-01-13
2014,2015-01-13,North Carolina,northcarolina,-0.109,99,https://www.teamrankings.com/college-football/stat/points-per-play-margin?date=2015-01-13
2014,2015-01-13,Syracuse,syracuse,-0.109,100,https://www.teamrankings.com/college-football/stat/points-per-play-margin?date=2015-01-13
2014,2015-01-13,UTSA,utsa,-0.11,101,https://www.teamrankings.com/college-football/stat/points-per-play-margin?date=2015-01-13
2014,2015-01-13,Miami OH,miamioh,-0.113,102,https://www.teamrankings.com/college-football/stat/points-per-play-margin?date=2015-01-13
2014,2015-01-13,Texas Tech,texastech,-0.117,103,https://www.teamrankings.com/college-football/stat/points-per-play-margin?date=2015-01-13
2014,2015-01-13,Purdue,purdue,-0.12,104,https://www.teamrankings.com/college-football/stat/points-per-play-margin?date=2015-01-13
2014,2015-01-13,S Florida,sflorida,-0.139,105,https://www.teamrankings.com/college-football/stat/points-per-play-margin?date=2015-01-13
2014,2015-01-13,Kent St,kentst,-0.14,106,https://www.teamrankings.com/college-football/stat/points-per-play-margin?date=2015-01-13
2014,2015-01-13,Fresno St,fresnost,-0.146,107,https://www.teamrankings.com/college-football/stat/points-per-play-margin?date=2015-01-13
2014,2015-01-13,N Texas,ntexas,-0.148,108,https://www.teamrankings.com/college-football/stat/points-per-play-margin?date=2015-01-13
2014,2015-01-13,Army,army,-0.149,109,https://www.teamrankings.com/college-football/stat/points-per-play-margin?date=2015-01-13
2014,2015-01-13,Wake Forest,wakeforest,-0.166,110,https://www.teamrankings.com/college-football/stat/points-per-play-margin?date=2015-01-13
2014,2015-01-13,Iowa St,iowast,-0.173,111,https://www.teamrankings.com/college-football/stat/points-per-play-margin?date=2015-01-13
2014,2015-01-13,UConn,uconn,-0.179,112,https://www.teamrankings.com/college-football/stat/points-per-play-margin?date=2015-01-13
2014,2015-01-13,Colorado,colorado,-0.203,113,https://www.teamrankings.com/college-football/stat/points-per-play-margin?date=2015-01-13
2014,2015-01-13,Troy,troy,-0.205,114,https://www.teamrankings.com/college-football/stat/points-per-play-margin?date=2015-01-13
2014,2015-01-13,UNLV,unlv,-0.21,115,https://www.teamrankings.com/college-football/stat/points-per-play-margin?date=2015-01-13
2014,2015-01-13,Vanderbilt,vanderbilt,-0.213,116,https://www.teamrankings.com/college-football/stat/points-per-play-margin?date=2015-01-13
2014,2015-01-13,Washington St,washingtonst,-0.216,117,https://www.teamrankings.com/college-football/stat/points-per-play-margin?date=2015-01-13
2014,2015-01-13,Wyoming,wyoming,-0.22,118,https://www.teamrankings.com/college-football/stat/points-per-play-margin?date=2015-01-13
2014,2015-01-13,Tulane,tulane,-0.223,119,https://www.teamrankings.com/college-football/stat/points-per-play-margin?date=2015-01-13
2014,2015-01-13,Kansas,kansas,-0.227,120,https://www.teamrankings.com/college-football/stat/points-per-play-margin?date=2015-01-13
2014,2015-01-13,New Mexico St,newmexicost,-0.234,121,https://www.teamrankings.com/college-football/stat/points-per-play-margin?date=2015-01-13
2014,2015-01-13,Tulsa,tulsa,-0.245,122,https://www.teamrankings.com/college-football/stat/points-per-play-margin?date=2015-01-13
2014,2015-01-13,Idaho,idaho,-0.249,123,https://www.teamrankings.com/college-football/stat/points-per-play-margin?date=2015-01-13
2014,2015-01-13,San Jose St,sanjosest,-0.25,124,https://www.teamrankings.com/college-football/stat/points-per-play-margin?date=2015-01-13
2014,2015-01-13,Southern Miss,southernmiss,-0.258,125,https://www.teamrankings.com/college-football/stat/points-per-play-margin?date=2015-01-13
2014,2015-01-13,Georgia St,georgiast,-0.275,126,https://www.teamrankings.com/college-football/stat/points-per-play-margin?date=2015-01-13
2014,2015-01-13,E Michigan,emichigan,-0.351,127,https://www.teamrankings.com/college-football/stat/points-per-play-margin?date=2015-01-13
2014,2015-01-13,SMU,smu,-0.382,128,https://www.teamrankings.com/college-football/stat/points-per-play-margin?date=2015-01-13
2015,2016-01-12,Ohio St,ohiost,0.303,1,https://www.teamrankings.com/college-football/stat/points-per-play-margin?date=2016-01-12
2015,2016-01-12,North Carolina,northcarolina,0.273,2,https://www.teamrankings.com/college-football/stat/points-per-play-margin?date=2016-01-12
2015,2016-01-12,Oklahoma,oklahoma,0.259,3,https://www.teamrankings.com/college-football/stat/points-per-play-margin?date=2016-01-12
2015,2016-01-12,W Kentucky,wkentucky,0.245,4,https://www.teamrankings.com/college-football/stat/points-per-play-margin?date=2016-01-12
2015,2016-01-12,Stanford,stanford,0.229,5,https://www.teamrankings.com/college-football/stat/points-per-play-margin?date=2016-01-12
2015,2016-01-12,App State,appstate,0.224,6,https://www.teamrankings.com/college-football/stat/points-per-play-margin?date=2016-01-12
2015,2016-01-12,Alabama,alabama,0.218,7,https://www.teamrankings.com/college-football/stat/points-per-play-margin?date=2016-01-12
2015,2016-01-12,Houston,houston,0.215,8,https://www.teamrankings.com/college-football/stat/points-per-play-margin?date=2016-01-12
2015,2016-01-12,Mississippi,mississippi,0.209,9,https://www.teamrankings.com/college-football/stat/points-per-play-margin?date=2016-01-12
2015,2016-01-12,Florida St,floridast,0.208,10,https://www.teamrankings.com/college-football/stat/points-per-play-margin?date=2016-01-12
2015,2016-01-12,San Diego St,sandiegost,0.195,11,https://www.teamrankings.com/college-football/stat/points-per-play-margin?date=2016-01-12
2015,2016-01-12,Baylor,baylor,0.193,12,https://www.teamrankings.com/college-football/stat/points-per-play-margin?date=2016-01-12
2015,2016-01-12,Toledo,toledo,0.192,13,https://www.teamrankings.com/college-football/stat/points-per-play-margin?date=2016-01-12
2015,2016-01-12,Michigan,michigan,0.191,14,https://www.teamrankings.com/college-football/stat/points-per-play-margin?date=2016-01-12
2015,2016-01-12,Navy,navy,0.169,15,https://www.teamrankings.com/college-football/stat/points-per-play-margin?date=2016-01-12
2015,2016-01-12,Marshall,marshall,0.167,16,https://www.teamrankings.com/college-football/stat/points-per-play-margin?date=2016-01-12
2015,2016-01-12,Iowa,iowa,0.157,17,https://www.teamrankings.com/college-football/stat/points-per-play-margin?date=2016-01-12
2015,2016-01-12,Notre Dame,notredame,0.15,18,https://www.teamrankings.com/college-football/stat/points-per-play-margin?date=2016-01-12
2015,2016-01-12,Georgia So,georgiaso,0.148,19,https://www.teamrankings.com/college-football/stat/points-per-play-margin?date=2016-01-12
2015,2016-01-12,Wisconsin,wisconsin,0.147,20,https://www.teamrankings.com/college-football/stat/points-per-play-margin?date=2016-01-12
2015,2016-01-12,Tennessee,tennessee,0.147,21,https://www.teamrankings.com/college-football/stat/points-per-play-margin?date=2016-01-12
2015,2016-01-12,LSU,lsu,0.146,22,https://www.teamrankings.com/college-football/stat/points-per-play-margin?date=2016-01-12
2015,2016-01-12,Southern Miss,southernmiss,0.146,23,https://www.teamrankings.com/college-football/stat/points-per-play-margin?date=2016-01-12
2015,2016-01-12,Washington,washington,0.143,24,https://www.teamrankings.com/college-football/stat/points-per-play-margin?date=2016-01-12
2015,2016-01-12,Bowling Green,bowlinggreen,0.14,25,https://www.teamrankings.com/college-football/stat/points-per-play-margin?date=2016-01-12
2015,2016-01-12,Temple,temple,0.139,26,https://www.teamrankings.com/college-football/stat/points-per-play-margin?date=2016-01-12
2015,2016-01-12,S Florida,sflorida,0.134,27,https://www.teamrankings.com/college-football/stat/points-per-play-margin?date=2016-01-12
2015,2016-01-12,Clemson,clemson,0.133,28,https://www.teamrankings.com/college-football/stat/points-per-play-margin?date=2016-01-12
2015,2016-01-12,Utah,utah,0.119,29,https://www.teamrankings.com/college-football/stat/points-per-play-margin?date=2016-01-12
2015,2016-01-12,Boise St,boisest,0.119,30,https://www.teamrankings.com/college-football/stat/points-per-play-margin?date=2016-01-12
2015,2016-01-12,Oklahoma St,oklahomast,0.119,31,https://www.teamrankings.com/college-football/stat/points-per-play-margin?date=2016-01-12
2015,2016-01-12,TCU,tcu,0.115,32,https://www.teamrankings.com/college-football/stat/points-per-play-margin?date=2016-01-12
2015,2016-01-12,Georgia,georgia,0.113,33,https://www.teamrankings.com/college-football/stat/points-per-play-margin?date=2016-01-12
2015,2016-01-12,UCLA,ucla,0.111,34,https://www.teamrankings.com/college-football/stat/points-per-play-margin?date=2016-01-12
2015,2016-01-12,Louisiana Tech,louisianatech,0.111,35,https://www.teamrankings.com/college-football/stat/points-per-play-margin?date=2016-01-12
2015,2016-01-12,Mississippi St,mississippist,0.111,36,https://www.teamrankings.com/college-football/stat/points-per-play-margin?date=2016-01-12
2015,2016-01-12,USC,usc,0.109,37,https://www.teamrankings.com/college-football/stat/points-per-play-margin?date=2016-01-12
2015,2016-01-12,Memphis,memphis,0.102,38,https://www.teamrankings.com/college-football/stat/points-per-play-margin?date=2016-01-12
2015,2016-01-12,BYU,byu,0.096,39,https://www.teamrankings.com/college-football/stat/points-per-play-margin?date=2016-01-12
2015,2016-01-12,Michigan St,michiganst,0.086,40,https://www.teamrankings.com/college-football/stat/points-per-play-margin?date=2016-01-12
2015,2016-01-12,Oregon,oregon,0.077,41,https://www.teamrankings.com/college-football/stat/points-per-play-margin?date=2016-01-12
2015,2016-01-12,Florida,florida,0.077,42,https://www.teamrankings.com/college-football/stat/points-per-play-margin?date=2016-01-12
2015,2016-01-12,West Virginia,westvirginia,0.076,43,https://www.teamrankings.com/college-football/stat/points-per-play-margin?date=2016-01-12
2015,2016-01-12,Arkansas,arkansas,0.066,44,https://www.teamrankings.com/college-football/stat/points-per-play-margin?date=2016-01-12
2015,2016-01-12,Arkansas St,arkansasst,0.062,45,https://www.teamrankings.com/college-football/stat/points-per-play-margin?date=2016-01-12
2015,2016-01-12,N Illinois,nillinois,0.044,46,https://www.teamrankings.com/college-football/stat/points-per-play-margin?date=2016-01-12
2015,2016-01-12,Middle Tenn,middletenn,0.042,47,https://www.teamrankings.com/college-football/stat/points-per-play-margin?date=2016-01-12
2015,2016-01-12,Nebraska,nebraska,0.042,48,https://www.teamrankings.com/college-football/stat/points-per-play-margin?date=2016-01-12
2015,2016-01-12,Auburn,auburn,0.042,49,https://www.teamrankings.com/college-football/stat/points-per-play-margin?date=2016-01-12
2015,2016-01-12,Texas A&M,texasaandm,0.042,50,https://www.teamrankings.com/college-football/stat/points-per-play-margin?date=2016-01-12
2015,2016-01-12,Penn St,pennst,0.04,51,https://www.teamrankings.com/college-football/stat/points-per-play-margin?date=2016-01-12
2015,2016-01-12,California,california,0.04,52,https://www.teamrankings.com/college-football/stat/points-per-play-margin?date=2016-01-12
2015,2016-01-12,Utah St,utahst,0.039,53,https://www.teamrankings.com/college-football/stat/points-per-play-margin?date=2016-01-12
2015,2016-01-12,W Michigan,wmichigan,0.038,54,https://www.teamrankings.com/college-football/stat/points-per-play-margin?date=2016-01-12
2015,2016-01-12,Air Force,airforce,0.031,55,https://www.teamrankings.com/college-football/stat/points-per-play-margin?date=2016-01-12
2015,2016-01-12,Texas,texas,0.026,56,https://www.teamrankings.com/college-football/stat/points-per-play-margin?date=2016-01-12
2015,2016-01-12,Louisville,louisville,0.024,57,https://www.teamrankings.com/college-football/stat/points-per-play-margin?date=2016-01-12
2015,2016-01-12,NC State,ncstate,0.023,58,https://www.teamrankings.com/college-football/stat/points-per-play-margin?date=2016-01-12
2015,2016-01-12,Washington St,washingtonst,0.022,59,https://www.teamrankings.com/college-football/stat/points-per-play-margin?date=2016-01-12
2015,2016-01-12,E Carolina,ecarolina,0.014,60,https://www.teamrankings.com/college-football/stat/points-per-play-margin?date=2016-01-12
2015,2016-01-12,Pittsburgh,pittsburgh,0.011,61,https://www.teamrankings.com/college-football/stat/points-per-play-margin?date=2016-01-12
2015,2016-01-12,Duke,duke,0.007,62,https://www.teamrankings.com/college-football/stat/points-per-play-margin?date=2016-01-12
2015,2016-01-12,Georgia St,georgiast,0.006,63,https://www.teamrankings.com/college-football/stat/points-per-play-margin?date=2016-01-12
2015,2016-01-12,C Michigan,cmichigan,-0.001,64,https://www.teamrankings.com/college-football/stat/points-per-play-margin?date=2016-01-12
2015,2016-01-12,Troy,troy,-0.003,65,https://www.teamrankings.com/college-football/stat/points-per-play-margin?date=2016-01-12
2015,2016-01-12,Akron,akron,-0.007,66,https://www.teamrankings.com/college-football/stat/points-per-play-margin?date=2016-01-12
2015,2016-01-12,Virginia Tech,virginiatech,-0.011,67,https://www.teamrankings.com/college-football/stat/points-per-play-margin?date=2016-01-12
2015,2016-01-12,New Mexico,newmexico,-0.013,68,https://www.teamrankings.com/college-football/stat/points-per-play-margin?date=2016-01-12
2015,2016-01-12,Nevada,nevada,-0.014,69,https://www.teamrankings.com/college-football/stat/points-per-play-margin?date=2016-01-12
2015,2016-01-12,Indiana,indiana,-0.017,70,https://www.teamrankings.com/college-football/stat/points-per-play-margin?date=2016-01-12
2015,2016-01-12,Minnesota,minnesota,-0.021,71,https://www.teamrankings.com/college-football/stat/points-per-play-margin?date=2016-01-12
2015,2016-01-12,Arizona,arizona,-0.028,72,https://www.teamrankings.com/college-football/stat/points-per-play-margin?date=2016-01-12
2015,2016-01-12,UConn,uconn,-0.03,73,https://www.teamrankings.com/college-football/stat/points-per-play-margin?date=2016-01-12
2015,2016-01-12,Kansas St,kansasst,-0.032,74,https://www.teamrankings.com/college-football/stat/points-per-play-margin?date=2016-01-12
2015,2016-01-12,Northwestern,northwestern,-0.033,75,https://www.teamrankings.com/college-football/stat/points-per-play-margin?date=2016-01-12
2015,2016-01-12,Miami,miami,-0.034,76,https://www.teamrankings.com/college-football/stat/points-per-play-margin?date=2016-01-12
2015,2016-01-12,Texas Tech,texastech,-0.034,77,https://www.teamrankings.com/college-football/stat/points-per-play-margin?date=2016-01-12
2015,2016-01-12,Ohio,ohio,-0.038,78,https://www.teamrankings.com/college-football/stat/points-per-play-margin?date=2016-01-12
2015,2016-01-12,Arizona St,arizonast,-0.041,79,https://www.teamrankings.com/college-football/stat/points-per-play-margin?date=2016-01-12
2015,2016-01-12,Kentucky,kentucky,-0.043,80,https://www.teamrankings.com/college-football/stat/points-per-play-margin?date=2016-01-12
2015,2016-01-12,Georgia Tech,georgiatech,-0.044,81,https://www.teamrankings.com/college-football/stat/points-per-play-margin?date=2016-01-12
2015,2016-01-12,Syracuse,syracuse,-0.045,82,https://www.teamrankings.com/college-football/stat/points-per-play-margin?date=2016-01-12
2015,2016-01-12,Colorado St,coloradost,-0.048,83,https://www.teamrankings.com/college-football/stat/points-per-play-margin?date=2016-01-12
2015,2016-01-12,South Carolina,southcarolina,-0.049,84,https://www.teamrankings.com/college-football/stat/points-per-play-margin?date=2016-01-12
2015,2016-01-12,Tulsa,tulsa,-0.05,85,https://www.teamrankings.com/college-football/stat/points-per-play-margin?date=2016-01-12
2015,2016-01-12,Buffalo,buffalo,-0.054,86,https://www.teamrankings.com/college-football/stat/points-per-play-margin?date=2016-01-12
2015,2016-01-12,San Jose St,sanjosest,-0.059,87,https://www.teamrankings.com/college-football/stat/points-per-play-margin?date=2016-01-12
2015,2016-01-12,Missouri,missouri,-0.063,88,https://www.teamrankings.com/college-football/stat/points-per-play-margin?date=2016-01-12
2015,2016-01-12,Illinois,illinois,-0.064,89,https://www.teamrankings.com/college-football/stat/points-per-play-margin?date=2016-01-12
2015,2016-01-12,Cincinnati,cincinnati,-0.068,90,https://www.teamrankings.com/college-football/stat/points-per-play-margin?date=2016-01-12
2015,2016-01-12,Florida Intl,floridaintl,-0.074,91,https://www.teamrankings.com/college-football/stat/points-per-play-margin?date=2016-01-12
2015,2016-01-12,Florida Atlantic,floridaatlantic,-0.086,92,https://www.teamrankings.com/college-football/stat/points-per-play-margin?date=2016-01-12
2015,2016-01-12,Army,army,-0.099,93,https://www.teamrankings.com/college-football/stat/points-per-play-margin?date=2016-01-12
2015,2016-01-12,Boston College,bostoncollege,-0.1,94,https://www.teamrankings.com/college-football/stat/points-per-play-margin?date=2016-01-12
2015,2016-01-12,UMass,umass,-0.101,95,https://www.teamrankings.com/college-football/stat/points-per-play-margin?date=2016-01-12
2015,2016-01-12,Colorado,colorado,-0.104,96,https://www.teamrankings.com/college-football/stat/points-per-play-margin?date=2016-01-12
2015,2016-01-12,Louisiana,louisiana,-0.121,97,https://www.teamrankings.com/college-football/stat/points-per-play-margin?date=2016-01-12
2015,2016-01-12,Old Dominion,olddominion,-0.128,98,https://www.teamrankings.com/college-football/stat/points-per-play-margin?date=2016-01-12
2015,2016-01-12,Maryland,maryland,-0.132,99,https://www.teamrankings.com/college-football/stat/points-per-play-margin?date=2016-01-12
2015,2016-01-12,Virginia,virginia,-0.144,100,https://www.teamrankings.com/college-football/stat/points-per-play-margin?date=2016-01-12
2015,2016-01-12,UTSA,utsa,-0.146,101,https://www.teamrankings.com/college-football/stat/points-per-play-margin?date=2016-01-12
2015,2016-01-12,Vanderbilt,vanderbilt,-0.152,102,https://www.teamrankings.com/college-football/stat/points-per-play-margin?date=2016-01-12
2015,2016-01-12,Iowa St,iowast,-0.16,103,https://www.teamrankings.com/college-football/stat/points-per-play-margin?date=2016-01-12
2015,2016-01-12,UNLV,unlv,-0.168,104,https://www.teamrankings.com/college-football/stat/points-per-play-margin?date=2016-01-12
2015,2016-01-12,Wake Forest,wakeforest,-0.173,105,https://www.teamrankings.com/college-football/stat/points-per-play-margin?date=2016-01-12
2015,2016-01-12,Ball St,ballst,-0.179,106,https://www.teamrankings.com/college-football/stat/points-per-play-margin?date=2016-01-12
2015,2016-01-12,Rutgers,rutgers,-0.192,107,https://www.teamrankings.com/college-football/stat/points-per-play-margin?date=2016-01-12
2015,2016-01-12,Kent St,kentst,-0.194,108,https://www.teamrankings.com/college-football/stat/points-per-play-margin?date=2016-01-12
2015,2016-01-12,E Michigan,emichigan,-0.201,109,https://www.teamrankings.com/college-football/stat/points-per-play-margin?date=2016-01-12
2015,2016-01-12,Purdue,purdue,-0.205,110,https://www.teamrankings.com/college-football/stat/points-per-play-margin?date=2016-01-12
2015,2016-01-12,New Mexico St,newmexicost,-0.208,111,https://www.teamrankings.com/college-football/stat/points-per-play-margin?date=2016-01-12
2015,2016-01-12,Hawai'i,hawaii,-0.213,112,https://www.teamrankings.com/college-football/stat/points-per-play-margin?date=2016-01-12
2015,2016-01-12,Miami OH,miamioh,-0.214,113,https://www.teamrankings.com/college-football/stat/points-per-play-margin?date=2016-01-12
2015,2016-01-12,Idaho,idaho,-0.217,114,https://www.teamrankings.com/college-football/stat/points-per-play-margin?date=2016-01-12
2015,2016-01-12,S Alabama,salabama,-0.224,115,https://www.teamrankings.com/college-football/stat/points-per-play-margin?date=2016-01-12
2015,2016-01-12,Fresno St,fresnost,-0.224,116,https://www.teamrankings.com/college-football/stat/points-per-play-margin?date=2016-01-12
2015,2016-01-12,Oregon St,oregonst,-0.233,117,https://www.teamrankings.com/college-football/stat/points-per-play-margin?date=2016-01-12
2015,2016-01-12,Texas St,texasst,-0.236,118,https://www.teamrankings.com/college-football/stat/points-per-play-margin?date=2016-01-12
2015,2016-01-12,UL Monroe,ulmonroe,-0.245,119,https://www.teamrankings.com/college-football/stat/points-per-play-margin?date=2016-01-12
2015,2016-01-12,Wyoming,wyoming,-0.248,120,https://www.teamrankings.com/college-football/stat/points-per-play-margin?date=2016-01-12
2015,2016-01-12,UTEP,utep,-0.256,121,https://www.teamrankings.com/college-football/stat/points-per-play-margin?date=2016-01-12
2015,2016-01-12,Tulane,tulane,-0.268,122,https://www.teamrankings.com/college-football/stat/points-per-play-margin?date=2016-01-12
2015,2016-01-12,N Texas,ntexas,-0.283,123,https://www.teamrankings.com/college-football/stat/points-per-play-margin?date=2016-01-12
2015,2016-01-12,Rice,rice,-0.287,124,https://www.teamrankings.com/college-football/stat/points-per-play-margin?date=2016-01-12
2015,2016-01-12,SMU,smu,-0.293,125,https://www.teamrankings.com/college-football/stat/points-per-play-margin?date=2016-01-12
2015,2016-01-12,Charlotte,charlotte,-0.295,126,https://www.teamrankings.com/college-football/stat/points-per-play-margin?date=2016-01-12
2015,2016-01-12,UCF,ucf,-0.335,127,https://www.teamrankings.com/college-football/stat/points-per-play-margin?date=2016-01-12
2015,2016-01-12,Kansas,kansas,-0.386,128,https://www.teamrankings.com/college-football/stat/points-per-play-margin?date=2016-01-12
2016,2017-01-10,Alabama,alabama,0.345,1,https://www.teamrankings.com/college-football/stat/points-per-play-margin?date=2017-01-10
2016,2017-01-10,Washington,washington,0.34,2,https://www.teamrankings.com/college-football/stat/points-per-play-margin?date=2017-01-10
2016,2017-01-10,Michigan,michigan,0.328,3,https://www.teamrankings.com/college-football/stat/points-per-play-margin?date=2017-01-10
2016,2017-01-10,W Kentucky,wkentucky,0.28,4,https://www.teamrankings.com/college-football/stat/points-per-play-margin?date=2017-01-10
2016,2017-01-10,Ohio St,ohiost,0.28,5,https://www.teamrankings.com/college-football/stat/points-per-play-margin?date=2017-01-10
2016,2017-01-10,San Diego St,sandiegost,0.233,6,https://www.teamrankings.com/college-football/stat/points-per-play-margin?date=2017-01-10
2016,2017-01-10,W Michigan,wmichigan,0.23,7,https://www.teamrankings.com/college-football/stat/points-per-play-margin?date=2017-01-10
2016,2017-01-10,Penn St,pennst,0.218,8,https://www.teamrankings.com/college-football/stat/points-per-play-margin?date=2017-01-10
2016,2017-01-10,Louisville,louisville,0.214,9,https://www.teamrankings.com/college-football/stat/points-per-play-margin?date=2017-01-10
2016,2017-01-10,Oklahoma,oklahoma,0.204,10,https://www.teamrankings.com/college-football/stat/points-per-play-margin?date=2017-01-10
2016,2017-01-10,S Florida,sflorida,0.201,11,https://www.teamrankings.com/college-football/stat/points-per-play-margin?date=2017-01-10
2016,2017-01-10,LSU,lsu,0.194,12,https://www.teamrankings.com/college-football/stat/points-per-play-margin?date=2017-01-10
2016,2017-01-10,Miami,miami,0.192,13,https://www.teamrankings.com/college-football/stat/points-per-play-margin?date=2017-01-10
2016,2017-01-10,Louisiana Tech,louisianatech,0.185,14,https://www.teamrankings.com/college-football/stat/points-per-play-margin?date=2017-01-10
2016,2017-01-10,Clemson,clemson,0.185,15,https://www.teamrankings.com/college-football/stat/points-per-play-margin?date=2017-01-10
2016,2017-01-10,Boise St,boisest,0.176,16,https://www.teamrankings.com/college-football/stat/points-per-play-margin?date=2017-01-10
2016,2017-01-10,App State,appstate,0.153,17,https://www.teamrankings.com/college-football/stat/points-per-play-margin?date=2017-01-10
2016,2017-01-10,Auburn,auburn,0.153,18,https://www.teamrankings.com/college-football/stat/points-per-play-margin?date=2017-01-10
2016,2017-01-10,Pittsburgh,pittsburgh,0.152,19,https://www.teamrankings.com/college-football/stat/points-per-play-margin?date=2017-01-10
2016,2017-01-10,Wisconsin,wisconsin,0.15,20,https://www.teamrankings.com/college-football/stat/points-per-play-margin?date=2017-01-10
2016,2017-01-10,Memphis,memphis,0.146,21,https://www.teamrankings.com/college-football/stat/points-per-play-margin?date=2017-01-10
2016,2017-01-10,Temple,temple,0.138,22,https://www.teamrankings.com/college-football/stat/points-per-play-margin?date=2017-01-10
2016,2017-01-10,Oklahoma St,oklahomast,0.126,23,https://www.teamrankings.com/college-football/stat/points-per-play-margin?date=2017-01-10
2016,2017-01-10,Troy,troy,0.123,24,https://www.teamrankings.com/college-football/stat/points-per-play-margin?date=2017-01-10
2016,2017-01-10,Iowa,iowa,0.122,25,https://www.teamrankings.com/college-football/stat/points-per-play-margin?date=2017-01-10
2016,2017-01-10,Texas A&M,texasaandm,0.117,26,https://www.teamrankings.com/college-football/stat/points-per-play-margin?date=2017-01-10
2016,2017-01-10,Stanford,stanford,0.112,27,https://www.teamrankings.com/college-football/stat/points-per-play-margin?date=2017-01-10
2016,2017-01-10,Virginia Tech,virginiatech,0.111,28,https://www.teamrankings.com/college-football/stat/points-per-play-margin?date=2017-01-10
2016,2017-01-10,USC,usc,0.111,29,https://www.teamrankings.com/college-football/stat/points-per-play-margin?date=2017-01-10
2016,2017-01-10,Toledo,toledo,0.111,30,https://www.teamrankings.com/college-football/stat/points-per-play-margin?date=2017-01-10
2016,2017-01-10,Kansas St,kansasst,0.109,31,https://www.teamrankings.com/college-football/stat/points-per-play-margin?date=2017-01-10
2016,2017-01-10,Washington St,washingtonst,0.104,32,https://www.teamrankings.com/college-football/stat/points-per-play-margin?date=2017-01-10
2016,2017-01-10,Minnesota,minnesota,0.104,33,https://www.teamrankings.com/college-football/stat/points-per-play-margin?date=2017-01-10
2016,2017-01-10,Arkansas St,arkansasst,0.103,34,https://www.teamrankings.com/college-football/stat/points-per-play-margin?date=2017-01-10
2016,2017-01-10,Old Dominion,olddominion,0.103,35,https://www.teamrankings.com/college-football/stat/points-per-play-margin?date=2017-01-10
2016,2017-01-10,Georgia Tech,georgiatech,0.098,36,https://www.teamrankings.com/college-football/stat/points-per-play-margin?date=2017-01-10
2016,2017-01-10,Florida,florida,0.092,37,https://www.teamrankings.com/college-football/stat/points-per-play-margin?date=2017-01-10
2016,2017-01-10,BYU,byu,0.092,38,https://www.teamrankings.com/college-football/stat/points-per-play-margin?date=2017-01-10
2016,2017-01-10,Navy,navy,0.088,39,https://www.teamrankings.com/college-football/stat/points-per-play-margin?date=2017-01-10
2016,2017-01-10,Tennessee,tennessee,0.088,40,https://www.teamrankings.com/college-football/stat/points-per-play-margin?date=2017-01-10
2016,2017-01-10,West Virginia,westvirginia,0.087,41,https://www.teamrankings.com/college-football/stat/points-per-play-margin?date=2017-01-10
2016,2017-01-10,Tulsa,tulsa,0.087,42,https://www.teamrankings.com/college-football/stat/points-per-play-margin?date=2017-01-10
2016,2017-01-10,North Carolina,northcarolina,0.077,43,https://www.teamrankings.com/college-football/stat/points-per-play-margin?date=2017-01-10
2016,2017-01-10,Florida St,floridast,0.075,44,https://www.teamrankings.com/college-football/stat/points-per-play-margin?date=2017-01-10
2016,2017-01-10,Middle Tenn,middletenn,0.067,45,https://www.teamrankings.com/college-football/stat/points-per-play-margin?date=2017-01-10
2016,2017-01-10,Houston,houston,0.06,46,https://www.teamrankings.com/college-football/stat/points-per-play-margin?date=2017-01-10
2016,2017-01-10,Colorado,colorado,0.054,47,https://www.teamrankings.com/college-football/stat/points-per-play-margin?date=2017-01-10
2016,2017-01-10,Colorado St,coloradost,0.052,48,https://www.teamrankings.com/college-football/stat/points-per-play-margin?date=2017-01-10
2016,2017-01-10,Air Force,airforce,0.05,49,https://www.teamrankings.com/college-football/stat/points-per-play-margin?date=2017-01-10
2016,2017-01-10,Northwestern,northwestern,0.047,50,https://www.teamrankings.com/college-football/stat/points-per-play-margin?date=2017-01-10
2016,2017-01-10,Ohio,ohio,0.046,51,https://www.teamrankings.com/college-football/stat/points-per-play-margin?date=2017-01-10
2016,2017-01-10,Utah,utah,0.044,52,https://www.teamrankings.com/college-football/stat/points-per-play-margin?date=2017-01-10
2016,2017-01-10,Notre Dame,notredame,0.044,53,https://www.teamrankings.com/college-football/stat/points-per-play-margin?date=2017-01-10
2016,2017-01-10,UCF,ucf,0.039,54,https://www.teamrankings.com/college-football/stat/points-per-play-margin?date=2017-01-10
2016,2017-01-10,TCU,tcu,0.038,55,https://www.teamrankings.com/college-football/stat/points-per-play-margin?date=2017-01-10
2016,2017-01-10,New Mexico,newmexico,0.03,56,https://www.teamrankings.com/college-football/stat/points-per-play-margin?date=2017-01-10
2016,2017-01-10,NC State,ncstate,0.029,57,https://www.teamrankings.com/college-football/stat/points-per-play-margin?date=2017-01-10
2016,2017-01-10,Nebraska,nebraska,0.015,58,https://www.teamrankings.com/college-football/stat/points-per-play-margin?date=2017-01-10
2016,2017-01-10,N Illinois,nillinois,0.01,59,https://www.teamrankings.com/college-football/stat/points-per-play-margin?date=2017-01-10
2016,2017-01-10,UCLA,ucla,0.006,60,https://www.teamrankings.com/college-football/stat/points-per-play-margin?date=2017-01-10
2016,2017-01-10,Baylor,baylor,0.003,61,https://www.teamrankings.com/college-football/stat/points-per-play-margin?date=2017-01-10
2016,2017-01-10,Miami OH,miamioh,-0.005,62,https://www.teamrankings.com/college-football/stat/points-per-play-margin?date=2017-01-10
2016,2017-01-10,Texas,texas,-0.007,63,https://www.teamrankings.com/college-football/stat/points-per-play-margin?date=2017-01-10
2016,2017-01-10,UTSA,utsa,-0.008,64,https://www.teamrankings.com/college-football/stat/points-per-play-margin?date=2017-01-10
2016,2017-01-10,Wyoming,wyoming,-0.016,65,https://www.teamrankings.com/college-football/stat/points-per-play-margin?date=2017-01-10
2016,2017-01-10,Indiana,indiana,-0.024,66,https://www.teamrankings.com/college-football/stat/points-per-play-margin?date=2017-01-10
2016,2017-01-10,Wake Forest,wakeforest,-0.025,67,https://www.teamrankings.com/college-football/stat/points-per-play-margin?date=2017-01-10
2016,2017-01-10,Vanderbilt,vanderbilt,-0.035,68,https://www.teamrankings.com/college-football/stat/points-per-play-margin?date=2017-01-10
2016,2017-01-10,Idaho,idaho,-0.036,69,https://www.teamrankings.com/college-football/stat/points-per-play-margin?date=2017-01-10
2016,2017-01-10,Georgia,georgia,-0.038,70,https://www.teamrankings.com/college-football/stat/points-per-play-margin?date=2017-01-10
2016,2017-01-10,Mississippi St,mississippist,-0.04,71,https://www.teamrankings.com/college-football/stat/points-per-play-margin?date=2017-01-10
2016,2017-01-10,Iowa St,iowast,-0.041,72,https://www.teamrankings.com/college-football/stat/points-per-play-margin?date=2017-01-10
2016,2017-01-10,Army,army,-0.044,73,https://www.teamrankings.com/college-football/stat/points-per-play-margin?date=2017-01-10
2016,2017-01-10,S Alabama,salabama,-0.044,74,https://www.teamrankings.com/college-football/stat/points-per-play-margin?date=2017-01-10
2016,2017-01-10,Kentucky,kentucky,-0.049,75,https://www.teamrankings.com/college-football/stat/points-per-play-margin?date=2017-01-10
2016,2017-01-10,Louisiana,louisiana,-0.05,76,https://www.teamrankings.com/college-football/stat/points-per-play-margin?date=2017-01-10
2016,2017-01-10,Maryland,maryland,-0.057,77,https://www.teamrankings.com/college-football/stat/points-per-play-margin?date=2017-01-10
2016,2017-01-10,Oregon St,oregonst,-0.058,78,https://www.teamrankings.com/college-football/stat/points-per-play-margin?date=2017-01-10
2016,2017-01-10,Mississippi,mississippi,-0.058,79,https://www.teamrankings.com/college-football/stat/points-per-play-margin?date=2017-01-10
2016,2017-01-10,Akron,akron,-0.059,80,https://www.teamrankings.com/college-football/stat/points-per-play-margin?date=2017-01-10
2016,2017-01-10,Georgia St,georgiast,-0.065,81,https://www.teamrankings.com/college-football/stat/points-per-play-margin?date=2017-01-10
2016,2017-01-10,E Michigan,emichigan,-0.068,82,https://www.teamrankings.com/college-football/stat/points-per-play-margin?date=2017-01-10
2016,2017-01-10,South Carolina,southcarolina,-0.073,83,https://www.teamrankings.com/college-football/stat/points-per-play-margin?date=2017-01-10
2016,2017-01-10,Missouri,missouri,-0.073,84,https://www.teamrankings.com/college-football/stat/points-per-play-margin?date=2017-01-10
2016,2017-01-10,Oregon,oregon,-0.075,85,https://www.teamrankings.com/college-football/stat/points-per-play-margin?date=2017-01-10
2016,2017-01-10,Nevada,nevada,-0.078,86,https://www.teamrankings.com/college-football/stat/points-per-play-margin?date=2017-01-10
2016,2017-01-10,Georgia So,georgiaso,-0.086,87,https://www.teamrankings.com/college-football/stat/points-per-play-margin?date=2017-01-10
2016,2017-01-10,Ball St,ballst,-0.088,88,https://www.teamrankings.com/college-football/stat/points-per-play-margin?date=2017-01-10
2016,2017-01-10,Hawai'i,hawaii,-0.101,89,https://www.teamrankings.com/college-football/stat/points-per-play-margin?date=2017-01-10
2016,2017-01-10,Cincinnati,cincinnati,-0.101,90,https://www.teamrankings.com/college-football/stat/points-per-play-margin?date=2017-01-10
2016,2017-01-10,Utah St,utahst,-0.102,91,https://www.teamrankings.com/college-football/stat/points-per-play-margin?date=2017-01-10
2016,2017-01-10,N Texas,ntexas,-0.106,92,https://www.teamrankings.com/college-football/stat/points-per-play-margin?date=2017-01-10
2016,2017-01-10,Michigan St,michiganst,-0.111,93,https://www.teamrankings.com/college-football/stat/points-per-play-margin?date=2017-01-10
2016,2017-01-10,UNLV,unlv,-0.111,94,https://www.teamrankings.com/college-football/stat/points-per-play-margin?date=2017-01-10
2016,2017-01-10,C Michigan,cmichigan,-0.114,95,https://www.teamrankings.com/college-football/stat/points-per-play-margin?date=2017-01-10
2016,2017-01-10,Kent St,kentst,-0.116,96,https://www.teamrankings.com/college-football/stat/points-per-play-margin?date=2017-01-10
2016,2017-01-10,Texas Tech,texastech,-0.117,97,https://www.teamrankings.com/college-football/stat/points-per-play-margin?date=2017-01-10
2016,2017-01-10,California,california,-0.118,98,https://www.teamrankings.com/college-football/stat/points-per-play-margin?date=2017-01-10
2016,2017-01-10,Tulane,tulane,-0.118,99,https://www.teamrankings.com/college-football/stat/points-per-play-margin?date=2017-01-10
2016,2017-01-10,Arkansas,arkansas,-0.122,100,https://www.teamrankings.com/college-football/stat/points-per-play-margin?date=2017-01-10
2016,2017-01-10,Boston College,bostoncollege,-0.122,101,https://www.teamrankings.com/college-football/stat/points-per-play-margin?date=2017-01-10
2016,2017-01-10,UTEP,utep,-0.13,102,https://www.teamrankings.com/college-football/stat/points-per-play-margin?date=2017-01-10
2016,2017-01-10,Arizona St,arizonast,-0.14,103,https://www.teamrankings.com/college-football/stat/points-per-play-margin?date=2017-01-10
2016,2017-01-10,SMU,smu,-0.145,104,https://www.teamrankings.com/college-football/stat/points-per-play-margin?date=2017-01-10
2016,2017-01-10,Southern Miss,southernmiss,-0.147,105,https://www.teamrankings.com/college-football/stat/points-per-play-margin?date=2017-01-10
2016,2017-01-10,Arizona,arizona,-0.162,106,https://www.teamrankings.com/college-football/stat/points-per-play-margin?date=2017-01-10
2016,2017-01-10,Florida Intl,floridaintl,-0.165,107,https://www.teamrankings.com/college-football/stat/points-per-play-margin?date=2017-01-10
2016,2017-01-10,Duke,duke,-0.167,108,https://www.teamrankings.com/college-football/stat/points-per-play-margin?date=2017-01-10
2016,2017-01-10,Virginia,virginia,-0.17,109,https://www.teamrankings.com/college-football/stat/points-per-play-margin?date=2017-01-10
2016,2017-01-10,Illinois,illinois,-0.177,110,https://www.teamrankings.com/college-football/stat/points-per-play-margin?date=2017-01-10
2016,2017-01-10,UConn,uconn,-0.179,111,https://www.teamrankings.com/college-football/stat/points-per-play-margin?date=2017-01-10
2016,2017-01-10,UMass,umass,-0.181,112,https://www.teamrankings.com/college-football/stat/points-per-play-margin?date=2017-01-10
2016,2017-01-10,Charlotte,charlotte,-0.184,113,https://www.teamrankings.com/college-football/stat/points-per-play-margin?date=2017-01-10
2016,2017-01-10,Florida Atlantic,floridaatlantic,-0.186,114,https://www.teamrankings.com/college-football/stat/points-per-play-margin?date=2017-01-10
2016,2017-01-10,New Mexico St,newmexicost,-0.193,115,https://www.teamrankings.com/college-football/stat/points-per-play-margin?date=2017-01-10
2016,2017-01-10,Buffalo,buffalo,-0.195,116,https://www.teamrankings.com/college-football/stat/points-per-play-margin?date=2017-01-10
2016,2017-01-10,Marshall,marshall,-0.202,117,https://www.teamrankings.com/college-football/stat/points-per-play-margin?date=2017-01-10
2016,2017-01-10,Fresno St,fresnost,-0.217,118,https://www.teamrankings.com/college-football/stat/points-per-play-margin?date=2017-01-10
2016,2017-01-10,San Jose St,sanjosest,-0.224,119,https://www.teamrankings.com/college-football/stat/points-per-play-margin?date=2017-01-10
2016,2017-01-10,Bowling Green,bowlinggreen,-0.226,120,https://www.teamrankings.com/college-football/stat/points-per-play-margin?date=2017-01-10
2016,2017-01-10,Rice,rice,-0.243,121,https://www.teamrankings.com/college-football/stat/points-per-play-margin?date=2017-01-10
2016,2017-01-10,E Carolina,ecarolina,-0.245,122,https://www.teamrankings.com/college-football/stat/points-per-play-margin?date=2017-01-10
2016,2017-01-10,Syracuse,syracuse,-0.253,123,https://www.teamrankings.com/college-football/stat/points-per-play-margin?date=2017-01-10
2016,2017-01-10,Purdue,purdue,-0.257,124,https://www.teamrankings.com/college-football/stat/points-per-play-margin?date=2017-01-10
2016,2017-01-10,UL Monroe,ulmonroe,-0.262,125,https://www.teamrankings.com/college-football/stat/points-per-play-margin?date=2017-01-10
2016,2017-01-10,Kansas,kansas,-0.28,126,https://www.teamrankings.com/college-football/stat/points-per-play-margin?date=2017-01-10
2016,2017-01-10,Texas St,texasst,-0.335,127,https://www.teamrankings.com/college-football/stat/points-per-play-margin?date=2017-01-10
2016,2017-01-10,Rutgers,rutgers,-0.367,128,https://www.teamrankings.com/college-football/stat/points-per-play-margin?date=2017-01-10
2017,2018-01-09,Alabama,alabama,0.343,1,https://www.teamrankings.com/college-football/stat/points-per-play-margin?date=2018-01-09
2017,2018-01-09,Penn St,pennst,0.342,2,https://www.teamrankings.com/college-football/stat/points-per-play-margin?date=2018-01-09
2017,2018-01-09,UCF,ucf,0.32,3,https://www.teamrankings.com/college-football/stat/points-per-play-margin?date=2018-01-09
2017,2018-01-09,Georgia,georgia,0.304,4,https://www.teamrankings.com/college-football/stat/points-per-play-margin?date=2018-01-09
2017,2018-01-09,Washington,washington,0.286,5,https://www.teamrankings.com/college-football/stat/points-per-play-margin?date=2018-01-09
2017,2018-01-09,Ohio St,ohiost,0.28,6,https://www.teamrankings.com/college-football/stat/points-per-play-margin?date=2018-01-09
2017,2018-01-09,Wisconsin,wisconsin,0.263,7,https://www.teamrankings.com/college-football/stat/points-per-play-margin?date=2018-01-09
2017,2018-01-09,Florida Atlantic,floridaatlantic,0.241,8,https://www.teamrankings.com/college-football/stat/points-per-play-margin?date=2018-01-09
2017,2018-01-09,Oklahoma,oklahoma,0.238,9,https://www.teamrankings.com/college-football/stat/points-per-play-margin?date=2018-01-09
2017,2018-01-09,Memphis,memphis,0.222,10,https://www.teamrankings.com/college-football/stat/points-per-play-margin?date=2018-01-09
2017,2018-01-09,Troy,troy,0.205,11,https://www.teamrankings.com/college-football/stat/points-per-play-margin?date=2018-01-09
2017,2018-01-09,Stanford,stanford,0.203,12,https://www.teamrankings.com/college-football/stat/points-per-play-margin?date=2018-01-09
2017,2018-01-09,Clemson,clemson,0.192,13,https://www.teamrankings.com/college-football/stat/points-per-play-margin?date=2018-01-09
2017,2018-01-09,Auburn,auburn,0.191,14,https://www.teamrankings.com/college-football/stat/points-per-play-margin?date=2018-01-09
2017,2018-01-09,Ohio,ohio,0.189,15,https://www.teamrankings.com/college-football/stat/points-per-play-margin?date=2018-01-09
2017,2018-01-09,Notre Dame,notredame,0.187,16,https://www.teamrankings.com/college-football/stat/points-per-play-margin?date=2018-01-09
2017,2018-01-09,Oklahoma St,oklahomast,0.187,17,https://www.teamrankings.com/college-football/stat/points-per-play-margin?date=2018-01-09
2017,2018-01-09,Iowa,iowa,0.152,18,https://www.teamrankings.com/college-football/stat/points-per-play-margin?date=2018-01-09
2017,2018-01-09,App State,appstate,0.152,19,https://www.teamrankings.com/college-football/stat/points-per-play-margin?date=2018-01-09
2017,2018-01-09,San Diego St,sandiegost,0.149,20,https://www.teamrankings.com/college-football/stat/points-per-play-margin?date=2018-01-09
2017,2018-01-09,Miami,miami,0.149,21,https://www.teamrankings.com/college-football/stat/points-per-play-margin?date=2018-01-09
2017,2018-01-09,TCU,tcu,0.148,22,https://www.teamrankings.com/college-football/stat/points-per-play-margin?date=2018-01-09
2017,2018-01-09,S Florida,sflorida,0.147,23,https://www.teamrankings.com/college-football/stat/points-per-play-margin?date=2018-01-09
2017,2018-01-09,Boise St,boisest,0.131,24,https://www.teamrankings.com/college-football/stat/points-per-play-margin?date=2018-01-09
2017,2018-01-09,Kansas St,kansasst,0.128,25,https://www.teamrankings.com/college-football/stat/points-per-play-margin?date=2018-01-09
2017,2018-01-09,Toledo,toledo,0.118,26,https://www.teamrankings.com/college-football/stat/points-per-play-margin?date=2018-01-09
2017,2018-01-09,Wyoming,wyoming,0.114,27,https://www.teamrankings.com/college-football/stat/points-per-play-margin?date=2018-01-09
2017,2018-01-09,Virginia Tech,virginiatech,0.108,28,https://www.teamrankings.com/college-football/stat/points-per-play-margin?date=2018-01-09
2017,2018-01-09,Arizona,arizona,0.106,29,https://www.teamrankings.com/college-football/stat/points-per-play-margin?date=2018-01-09
2017,2018-01-09,Iowa St,iowast,0.104,30,https://www.teamrankings.com/college-football/stat/points-per-play-margin?date=2018-01-09
2017,2018-01-09,Marshall,marshall,0.104,31,https://www.teamrankings.com/college-football/stat/points-per-play-margin?date=2018-01-09
2017,2018-01-09,Wake Forest,wakeforest,0.102,32,https://www.teamrankings.com/college-football/stat/points-per-play-margin?date=2018-01-09
2017,2018-01-09,Louisville,louisville,0.098,33,https://www.teamrankings.com/college-football/stat/points-per-play-margin?date=2018-01-09
2017,2018-01-09,Northwestern,northwestern,0.097,34,https://www.teamrankings.com/college-football/stat/points-per-play-margin?date=2018-01-09
2017,2018-01-09,Houston,houston,0.092,35,https://www.teamrankings.com/college-football/stat/points-per-play-margin?date=2018-01-09
2017,2018-01-09,Missouri,missouri,0.085,36,https://www.teamrankings.com/college-football/stat/points-per-play-margin?date=2018-01-09
2017,2018-01-09,South Carolina,southcarolina,0.085,37,https://www.teamrankings.com/college-football/stat/points-per-play-margin?date=2018-01-09
2017,2018-01-09,Texas,texas,0.078,38,https://www.teamrankings.com/college-football/stat/points-per-play-margin?date=2018-01-09
2017,2018-01-09,Fresno St,fresnost,0.077,39,https://www.teamrankings.com/college-football/stat/points-per-play-margin?date=2018-01-09
2017,2018-01-09,USC,usc,0.073,40,https://www.teamrankings.com/college-football/stat/points-per-play-margin?date=2018-01-09
2017,2018-01-09,LSU,lsu,0.073,41,https://www.teamrankings.com/college-football/stat/points-per-play-margin?date=2018-01-09
2017,2018-01-09,N Illinois,nillinois,0.072,42,https://www.teamrankings.com/college-football/stat/points-per-play-margin?date=2018-01-09
2017,2018-01-09,Michigan,michigan,0.062,43,https://www.teamrankings.com/college-football/stat/points-per-play-margin?date=2018-01-09
2017,2018-01-09,Arkansas St,arkansasst,0.062,44,https://www.teamrankings.com/college-football/stat/points-per-play-margin?date=2018-01-09
2017,2018-01-09,Purdue,purdue,0.058,45,https://www.teamrankings.com/college-football/stat/points-per-play-margin?date=2018-01-09
2017,2018-01-09,Florida St,floridast,0.054,46,https://www.teamrankings.com/college-football/stat/points-per-play-margin?date=2018-01-09
2017,2018-01-09,Buffalo,buffalo,0.052,47,https://www.teamrankings.com/college-football/stat/points-per-play-margin?date=2018-01-09
2017,2018-01-09,C Michigan,cmichigan,0.046,48,https://www.teamrankings.com/college-football/stat/points-per-play-margin?date=2018-01-09
2017,2018-01-09,Oregon,oregon,0.042,49,https://www.teamrankings.com/college-football/stat/points-per-play-margin?date=2018-01-09
2017,2018-01-09,Utah St,utahst,0.041,50,https://www.teamrankings.com/college-football/stat/points-per-play-margin?date=2018-01-09
2017,2018-01-09,Utah,utah,0.04,51,https://www.teamrankings.com/college-football/stat/points-per-play-margin?date=2018-01-09
2017,2018-01-09,Mississippi St,mississippist,0.039,52,https://www.teamrankings.com/college-football/stat/points-per-play-margin?date=2018-01-09
2017,2018-01-09,NC State,ncstate,0.036,53,https://www.teamrankings.com/college-football/stat/points-per-play-margin?date=2018-01-09
2017,2018-01-09,Louisiana Tech,louisianatech,0.034,54,https://www.teamrankings.com/college-football/stat/points-per-play-margin?date=2018-01-09
2017,2018-01-09,Texas A&M,texasaandm,0.031,55,https://www.teamrankings.com/college-football/stat/points-per-play-margin?date=2018-01-09
2017,2018-01-09,Middle Tenn,middletenn,0.028,56,https://www.teamrankings.com/college-football/stat/points-per-play-margin?date=2018-01-09
2017,2018-01-09,E Michigan,emichigan,0.028,57,https://www.teamrankings.com/college-football/stat/points-per-play-margin?date=2018-01-09
2017,2018-01-09,Boston College,bostoncollege,0.022,58,https://www.teamrankings.com/college-football/stat/points-per-play-margin?date=2018-01-09
2017,2018-01-09,Colorado St,coloradost,0.018,59,https://www.teamrankings.com/college-football/stat/points-per-play-margin?date=2018-01-09
2017,2018-01-09,UTSA,utsa,0.008,60,https://www.teamrankings.com/college-football/stat/points-per-play-margin?date=2018-01-09
2017,2018-01-09,UAB,uab,0.007,61,https://www.teamrankings.com/college-football/stat/points-per-play-margin?date=2018-01-09
2017,2018-01-09,W Michigan,wmichigan,0.007,62,https://www.teamrankings.com/college-football/stat/points-per-play-margin?date=2018-01-09
2017,2018-01-09,Michigan St,michiganst,0.004,63,https://www.teamrankings.com/college-football/stat/points-per-play-margin?date=2018-01-09
2017,2018-01-09,West Virginia,westvirginia,0.003,64,https://www.teamrankings.com/college-football/stat/points-per-play-margin?date=2018-01-09
2017,2018-01-09,Army,army,0.002,65,https://www.teamrankings.com/college-football/stat/points-per-play-margin?date=2018-01-09
2017,2018-01-09,Mississippi,mississippi,-0.003,66,https://www.teamrankings.com/college-football/stat/points-per-play-margin?date=2018-01-09
2017,2018-01-09,Southern Miss,southernmiss,-0.004,67,https://www.teamrankings.com/college-football/stat/points-per-play-margin?date=2018-01-09
2017,2018-01-09,Navy,navy,-0.006,68,https://www.teamrankings.com/college-football/stat/points-per-play-margin?date=2018-01-09
2017,2018-01-09,New Mexico St,newmexicost,-0.007,69,https://www.teamrankings.com/college-football/stat/points-per-play-margin?date=2018-01-09
2017,2018-01-09,Temple,temple,-0.01,70,https://www.teamrankings.com/college-football/stat/points-per-play-margin?date=2018-01-09
2017,2018-01-09,Minnesota,minnesota,-0.012,71,https://www.teamrankings.com/college-football/stat/points-per-play-margin?date=2018-01-09
2017,2018-01-09,Nevada,nevada,-0.013,72,https://www.teamrankings.com/college-football/stat/points-per-play-margin?date=2018-01-09
2017,2018-01-09,Kentucky,kentucky,-0.019,73,https://www.teamrankings.com/college-football/stat/points-per-play-margin?date=2018-01-09
2017,2018-01-09,Miami OH,miamioh,-0.022,74,https://www.teamrankings.com/college-football/stat/points-per-play-margin?date=2018-01-09
2017,2018-01-09,Duke,duke,-0.022,75,https://www.teamrankings.com/college-football/stat/points-per-play-margin?date=2018-01-09
2017,2018-01-09,Texas Tech,texastech,-0.024,76,https://www.teamrankings.com/college-football/stat/points-per-play-margin?date=2018-01-09
2017,2018-01-09,UCLA,ucla,-0.025,77,https://www.teamrankings.com/college-football/stat/points-per-play-margin?date=2018-01-09
2017,2018-01-09,UNLV,unlv,-0.031,78,https://www.teamrankings.com/college-football/stat/points-per-play-margin?date=2018-01-09
2017,2018-01-09,California,california,-0.037,79,https://www.teamrankings.com/college-football/stat/points-per-play-margin?date=2018-01-09
2017,2018-01-09,Arizona St,arizonast,-0.039,80,https://www.teamrankings.com/college-football/stat/points-per-play-margin?date=2018-01-09
2017,2018-01-09,Georgia Tech,georgiatech,-0.042,81,https://www.teamrankings.com/college-football/stat/points-per-play-margin?date=2018-01-09
2017,2018-01-09,SMU,smu,-0.043,82,https://www.teamrankings.com/college-football/stat/points-per-play-margin?date=2018-01-09
2017,2018-01-09,Florida Intl,floridaintl,-0.045,83,https://www.teamrankings.com/college-football/stat/points-per-play-margin?date=2018-01-09
2017,2018-01-09,Washington St,washingtonst,-0.046,84,https://www.teamrankings.com/college-football/stat/points-per-play-margin?date=2018-01-09
2017,2018-01-09,Indiana,indiana,-0.046,85,https://www.teamrankings.com/college-football/stat/points-per-play-margin?date=2018-01-09
2017,2018-01-09,UMass,umass,-0.052,86,https://www.teamrankings.com/college-football/stat/points-per-play-margin?date=2018-01-09
2017,2018-01-09,N Texas,ntexas,-0.054,87,https://www.teamrankings.com/college-football/stat/points-per-play-margin?date=2018-01-09
2017,2018-01-09,Pittsburgh,pittsburgh,-0.058,88,https://www.teamrankings.com/college-football/stat/points-per-play-margin?date=2018-01-09
2017,2018-01-09,Colorado,colorado,-0.06,89,https://www.teamrankings.com/college-football/stat/points-per-play-margin?date=2018-01-09
2017,2018-01-09,Coastal Car,coastalcar,-0.078,90,https://www.teamrankings.com/college-football/stat/points-per-play-margin?date=2018-01-09
2017,2018-01-09,Tulane,tulane,-0.08,91,https://www.teamrankings.com/college-football/stat/points-per-play-margin?date=2018-01-09
2017,2018-01-09,W Kentucky,wkentucky,-0.082,92,https://www.teamrankings.com/college-football/stat/points-per-play-margin?date=2018-01-09
2017,2018-01-09,Georgia St,georgiast,-0.084,93,https://www.teamrankings.com/college-football/stat/points-per-play-margin?date=2018-01-09
2017,2018-01-09,UL Monroe,ulmonroe,-0.086,94,https://www.teamrankings.com/college-football/stat/points-per-play-margin?date=2018-01-09
2017,2018-01-09,Akron,akron,-0.099,95,https://www.teamrankings.com/college-football/stat/points-per-play-margin?date=2018-01-09
2017,2018-01-09,Idaho,idaho,-0.104,96,https://www.teamrankings.com/college-football/stat/points-per-play-margin?date=2018-01-09
2017,2018-01-09,Florida,florida,-0.108,97,https://www.teamrankings.com/college-football/stat/points-per-play-margin?date=2018-01-09
2017,2018-01-09,BYU,byu,-0.114,98,https://www.teamrankings.com/college-football/stat/points-per-play-margin?date=2018-01-09
2017,2018-01-09,Virginia,virginia,-0.115,99,https://www.teamrankings.com/college-football/stat/points-per-play-margin?date=2018-01-09
2017,2018-01-09,North Carolina,northcarolina,-0.118,100,https://www.teamrankings.com/college-football/stat/points-per-play-margin?date=2018-01-09
2017,2018-01-09,Tulsa,tulsa,-0.125,101,https://www.teamrankings.com/college-football/stat/points-per-play-margin?date=2018-01-09
2017,2018-01-09,Vanderbilt,vanderbilt,-0.126,102,https://www.teamrankings.com/college-football/stat/points-per-play-margin?date=2018-01-09
2017,2018-01-09,S Alabama,salabama,-0.136,103,https://www.teamrankings.com/college-football/stat/points-per-play-margin?date=2018-01-09
2017,2018-01-09,Bowling Green,bowlinggreen,-0.145,104,https://www.teamrankings.com/college-football/stat/points-per-play-margin?date=2018-01-09
2017,2018-01-09,Tennessee,tennessee,-0.148,105,https://www.teamrankings.com/college-football/stat/points-per-play-margin?date=2018-01-09
2017,2018-01-09,Old Dominion,olddominion,-0.153,106,https://www.teamrankings.com/college-football/stat/points-per-play-margin?date=2018-01-09
2017,2018-01-09,Louisiana,louisiana,-0.157,107,https://www.teamrankings.com/college-football/stat/points-per-play-margin?date=2018-01-09
2017,2018-01-09,Cincinnati,cincinnati,-0.16,108,https://www.teamrankings.com/college-football/stat/points-per-play-margin?date=2018-01-09
2017,2018-01-09,Nebraska,nebraska,-0.16,109,https://www.teamrankings.com/college-football/stat/points-per-play-margin?date=2018-01-09
2017,2018-01-09,Arkansas,arkansas,-0.169,110,https://www.teamrankings.com/college-football/stat/points-per-play-margin?date=2018-01-09
2017,2018-01-09,Illinois,illinois,-0.176,111,https://www.teamrankings.com/college-football/stat/points-per-play-margin?date=2018-01-09
2017,2018-01-09,Syracuse,syracuse,-0.191,112,https://www.teamrankings.com/college-football/stat/points-per-play-margin?date=2018-01-09
2017,2018-01-09,Rutgers,rutgers,-0.2,113,https://www.teamrankings.com/college-football/stat/points-per-play-margin?date=2018-01-09
2017,2018-01-09,Maryland,maryland,-0.203,114,https://www.teamrankings.com/college-football/stat/points-per-play-margin?date=2018-01-09
2017,2018-01-09,Baylor,baylor,-0.209,115,https://www.teamrankings.com/college-football/stat/points-per-play-margin?date=2018-01-09
2017,2018-01-09,UConn,uconn,-0.209,116,https://www.teamrankings.com/college-football/stat/points-per-play-margin?date=2018-01-09
2017,2018-01-09,Georgia So,georgiaso,-0.21,117,https://www.teamrankings.com/college-football/stat/points-per-play-margin?date=2018-01-09
2017,2018-01-09,Air Force,airforce,-0.221,118,https://www.teamrankings.com/college-football/stat/points-per-play-margin?date=2018-01-09
2017,2018-01-09,New Mexico,newmexico,-0.225,119,https://www.teamrankings.com/college-football/stat/points-per-play-margin?date=2018-01-09
2017,2018-01-09,Charlotte,charlotte,-0.227,120,https://www.teamrankings.com/college-football/stat/points-per-play-margin?date=2018-01-09
2017,2018-01-09,Hawai'i,hawaii,-0.232,121,https://www.teamrankings.com/college-football/stat/points-per-play-margin?date=2018-01-09
2017,2018-01-09,Rice,rice,-0.265,122,https://www.teamrankings.com/college-football/stat/points-per-play-margin?date=2018-01-09
2017,2018-01-09,Texas St,texasst,-0.268,123,https://www.teamrankings.com/college-football/stat/points-per-play-margin?date=2018-01-09
2017,2018-01-09,UTEP,utep,-0.307,124,https://www.teamrankings.com/college-football/stat/points-per-play-margin?date=2018-01-09
2017,2018-01-09,E Carolina,ecarolina,-0.318,125,https://www.teamrankings.com/college-football/stat/points-per-play-margin?date=2018-01-09
2017,2018-01-09,Oregon St,oregonst,-0.322,126,https://www.teamrankings.com/college-football/stat/points-per-play-margin?date=2018-01-09
2017,2018-01-09,San Jose St,sanjosest,-0.335,127,https://www.teamrankings.com/college-football/stat/points-per-play-margin?date=2018-01-09
2017,2018-01-09,Kent St,kentst,-0.372,128,https://www.teamrankings.com/college-football/stat/points-per-play-margin?date=2018-01-09
2017,2018-01-09,Kansas,kansas,-0.393,129,https://www.teamrankings.com/college-football/stat/points-per-play-margin?date=2018-01-09
2017,2018-01-09,Ball St,ballst,-0.449,130,https://www.teamrankings.com/college-football/stat/points-per-play-margin?date=2018-01-09
2018,2019-01-08,Clemson,clemson,0.415,1,https://www.teamrankings.com/college-football/stat/points-per-play-margin?date=2019-01-08
2018,2019-01-08,Alabama,alabama,0.386,2,https://www.teamrankings.com/college-football/stat/points-per-play-margin?date=2019-01-08
2018,2019-01-08,Utah St,utahst,0.33,3,https://www.teamrankings.com/college-football/stat/points-per-play-margin?date=2019-01-08
2018,2019-01-08,Oklahoma,oklahoma,0.278,4,https://www.teamrankings.com/college-football/stat/points-per-play-margin?date=2019-01-08
2018,2019-01-08,App State,appstate,0.276,5,https://www.teamrankings.com/college-football/stat/points-per-play-margin?date=2019-01-08
2018,2019-01-08,UCF,ucf,0.274,6,https://www.teamrankings.com/college-football/stat/points-per-play-margin?date=2019-01-08
2018,2019-01-08,Fresno St,fresnost,0.261,7,https://www.teamrankings.com/college-football/stat/points-per-play-margin?date=2019-01-08
2018,2019-01-08,Georgia,georgia,0.239,8,https://www.teamrankings.com/college-football/stat/points-per-play-margin?date=2019-01-08
2018,2019-01-08,Ohio,ohio,0.219,9,https://www.teamrankings.com/college-football/stat/points-per-play-margin?date=2019-01-08
2018,2019-01-08,Penn St,pennst,0.208,10,https://www.teamrankings.com/college-football/stat/points-per-play-margin?date=2019-01-08
2018,2019-01-08,Michigan,michigan,0.187,11,https://www.teamrankings.com/college-football/stat/points-per-play-margin?date=2019-01-08
2018,2019-01-08,Mississippi St,mississippist,0.18,12,https://www.teamrankings.com/college-football/stat/points-per-play-margin?date=2019-01-08
2018,2019-01-08,Notre Dame,notredame,0.179,13,https://www.teamrankings.com/college-football/stat/points-per-play-margin?date=2019-01-08
2018,2019-01-08,Iowa,iowa,0.175,14,https://www.teamrankings.com/college-football/stat/points-per-play-margin?date=2019-01-08
2018,2019-01-08,Georgia So,georgiaso,0.17,15,https://www.teamrankings.com/college-football/stat/points-per-play-margin?date=2019-01-08
2018,2019-01-08,Ohio St,ohiost,0.164,16,https://www.teamrankings.com/college-football/stat/points-per-play-margin?date=2019-01-08
2018,2019-01-08,Cincinnati,cincinnati,0.161,17,https://www.teamrankings.com/college-football/stat/points-per-play-margin?date=2019-01-08
2018,2019-01-08,Temple,temple,0.152,18,https://www.teamrankings.com/college-football/stat/points-per-play-margin?date=2019-01-08
2018,2019-01-08,Memphis,memphis,0.142,19,https://www.teamrankings.com/college-football/stat/points-per-play-margin?date=2019-01-08
2018,2019-01-08,West Virginia,westvirginia,0.139,20,https://www.teamrankings.com/college-football/stat/points-per-play-margin?date=2019-01-08
2018,2019-01-08,Army,army,0.138,21,https://www.teamrankings.com/college-football/stat/points-per-play-margin?date=2019-01-08
2018,2019-01-08,Washington St,washingtonst,0.136,22,https://www.teamrankings.com/college-football/stat/points-per-play-margin?date=2019-01-08
2018,2019-01-08,UAB,uab,0.132,23,https://www.teamrankings.com/college-football/stat/points-per-play-margin?date=2019-01-08
2018,2019-01-08,Florida,florida,0.131,24,https://www.teamrankings.com/college-football/stat/points-per-play-margin?date=2019-01-08
2018,2019-01-08,Stanford,stanford,0.124,25,https://www.teamrankings.com/college-football/stat/points-per-play-margin?date=2019-01-08
2018,2019-01-08,Auburn,auburn,0.124,26,https://www.teamrankings.com/college-football/stat/points-per-play-margin?date=2019-01-08
2018,2019-01-08,Kentucky,kentucky,0.122,27,https://www.teamrankings.com/college-football/stat/points-per-play-margin?date=2019-01-08
2018,2019-01-08,Boise St,boisest,0.121,28,https://www.teamrankings.com/college-football/stat/points-per-play-margin?date=2019-01-08
2018,2019-01-08,Troy,troy,0.103,29,https://www.teamrankings.com/college-football/stat/points-per-play-margin?date=2019-01-08
2018,2019-01-08,Florida Intl,floridaintl,0.101,30,https://www.teamrankings.com/college-football/stat/points-per-play-margin?date=2019-01-08
2018,2019-01-08,Utah,utah,0.1,31,https://www.teamrankings.com/college-football/stat/points-per-play-margin?date=2019-01-08
2018,2019-01-08,N Texas,ntexas,0.099,32,https://www.teamrankings.com/college-football/stat/points-per-play-margin?date=2019-01-08
2018,2019-01-08,Oregon,oregon,0.097,33,https://www.teamrankings.com/college-football/stat/points-per-play-margin?date=2019-01-08
2018,2019-01-08,LSU,lsu,0.096,34,https://www.teamrankings.com/college-football/stat/points-per-play-margin?date=2019-01-08
2018,2019-01-08,Washington,washington,0.096,35,https://www.teamrankings.com/college-football/stat/points-per-play-margin?date=2019-01-08
2018,2019-01-08,Iowa St,iowast,0.093,36,https://www.teamrankings.com/college-football/stat/points-per-play-margin?date=2019-01-08
2018,2019-01-08,Toledo,toledo,0.093,37,https://www.teamrankings.com/college-football/stat/points-per-play-margin?date=2019-01-08
2018,2019-01-08,Virginia,virginia,0.09,38,https://www.teamrankings.com/college-football/stat/points-per-play-margin?date=2019-01-08
2018,2019-01-08,Marshall,marshall,0.088,39,https://www.teamrankings.com/college-football/stat/points-per-play-margin?date=2019-01-08
2018,2019-01-08,Syracuse,syracuse,0.084,40,https://www.teamrankings.com/college-football/stat/points-per-play-margin?date=2019-01-08
2018,2019-01-08,Missouri,missouri,0.081,41,https://www.teamrankings.com/college-football/stat/points-per-play-margin?date=2019-01-08
2018,2019-01-08,BYU,byu,0.08,42,https://www.teamrankings.com/college-football/stat/points-per-play-margin?date=2019-01-08
2018,2019-01-08,Wisconsin,wisconsin,0.077,43,https://www.teamrankings.com/college-football/stat/points-per-play-margin?date=2019-01-08
2018,2019-01-08,Arizona St,arizonast,0.076,44,https://www.teamrankings.com/college-football/stat/points-per-play-margin?date=2019-01-08
2018,2019-01-08,Houston,houston,0.076,45,https://www.teamrankings.com/college-football/stat/points-per-play-margin?date=2019-01-08
2018,2019-01-08,NC State,ncstate,0.075,46,https://www.teamrankings.com/college-football/stat/points-per-play-margin?date=2019-01-08
2018,2019-01-08,Buffalo,buffalo,0.071,47,https://www.teamrankings.com/college-football/stat/points-per-play-margin?date=2019-01-08
2018,2019-01-08,Miami,miami,0.065,48,https://www.teamrankings.com/college-football/stat/points-per-play-margin?date=2019-01-08
2018,2019-01-08,Vanderbilt,vanderbilt,0.059,49,https://www.teamrankings.com/college-football/stat/points-per-play-margin?date=2019-01-08
2018,2019-01-08,Boston College,bostoncollege,0.054,50,https://www.teamrankings.com/college-football/stat/points-per-play-margin?date=2019-01-08
2018,2019-01-08,Maryland,maryland,0.052,51,https://www.teamrankings.com/college-football/stat/points-per-play-margin?date=2019-01-08
2018,2019-01-08,Miami OH,miamioh,0.051,52,https://www.teamrankings.com/college-football/stat/points-per-play-margin?date=2019-01-08
2018,2019-01-08,South Carolina,southcarolina,0.05,53,https://www.teamrankings.com/college-football/stat/points-per-play-margin?date=2019-01-08
2018,2019-01-08,Texas,texas,0.049,54,https://www.teamrankings.com/college-football/stat/points-per-play-margin?date=2019-01-08
2018,2019-01-08,E Michigan,emichigan,0.042,55,https://www.teamrankings.com/college-football/stat/points-per-play-margin?date=2019-01-08
2018,2019-01-08,Purdue,purdue,0.036,56,https://www.teamrankings.com/college-football/stat/points-per-play-margin?date=2019-01-08
2018,2019-01-08,Oklahoma St,oklahomast,0.033,57,https://www.teamrankings.com/college-football/stat/points-per-play-margin?date=2019-01-08
2018,2019-01-08,Texas A&M,texasaandm,0.032,58,https://www.teamrankings.com/college-football/stat/points-per-play-margin?date=2019-01-08
2018,2019-01-08,Minnesota,minnesota,0.022,59,https://www.teamrankings.com/college-football/stat/points-per-play-margin?date=2019-01-08
2018,2019-01-08,USC,usc,0.02,60,https://www.teamrankings.com/college-football/stat/points-per-play-margin?date=2019-01-08
2018,2019-01-08,Nevada,nevada,0.015,61,https://www.teamrankings.com/college-football/stat/points-per-play-margin?date=2019-01-08
2018,2019-01-08,Arkansas St,arkansasst,0.0,62,https://www.teamrankings.com/college-football/stat/points-per-play-margin?date=2019-01-08
2018,2019-01-08,Duke,duke,-0.001,63,https://www.teamrankings.com/college-football/stat/points-per-play-margin?date=2019-01-08
2018,2019-01-08,Michigan St,michiganst,-0.003,64,https://www.teamrankings.com/college-football/stat/points-per-play-margin?date=2019-01-08
2018,2019-01-08,Wyoming,wyoming,-0.003,65,https://www.teamrankings.com/college-football/stat/points-per-play-margin?date=2019-01-08
2018,2019-01-08,Northwestern,northwestern,-0.009,66,https://www.teamrankings.com/college-football/stat/points-per-play-margin?date=2019-01-08
2018,2019-01-08,Georgia Tech,georgiatech,-0.01,67,https://www.teamrankings.com/college-football/stat/points-per-play-margin?date=2019-01-08
2018,2019-01-08,California,california,-0.011,68,https://www.teamrankings.com/college-football/stat/points-per-play-margin?date=2019-01-08
2018,2019-01-08,N Illinois,nillinois,-0.019,69,https://www.teamrankings.com/college-football/stat/points-per-play-margin?date=2019-01-08
2018,2019-01-08,Southern Miss,southernmiss,-0.019,70,https://www.teamrankings.com/college-football/stat/points-per-play-margin?date=2019-01-08
2018,2019-01-08,Tulane,tulane,-0.021,71,https://www.teamrankings.com/college-football/stat/points-per-play-margin?date=2019-01-08
2018,2019-01-08,Louisiana Tech,louisianatech,-0.023,72,https://www.teamrankings.com/college-football/stat/points-per-play-margin?date=2019-01-08
2018,2019-01-08,Texas Tech,texastech,-0.027,73,https://www.teamrankings.com/college-football/stat/points-per-play-margin?date=2019-01-08
2018,2019-01-08,San Diego St,sandiegost,-0.027,74,https://www.teamrankings.com/college-football/stat/points-per-play-margin?date=2019-01-08
2018,2019-01-08,Middle Tenn,middletenn,-0.028,75,https://www.teamrankings.com/college-football/stat/points-per-play-margin?date=2019-01-08
2018,2019-01-08,Louisiana,louisiana,-0.033,76,https://www.teamrankings.com/college-football/stat/points-per-play-margin?date=2019-01-08
2018,2019-01-08,TCU,tcu,-0.033,77,https://www.teamrankings.com/college-football/stat/points-per-play-margin?date=2019-01-08
2018,2019-01-08,Air Force,airforce,-0.037,78,https://www.teamrankings.com/college-football/stat/points-per-play-margin?date=2019-01-08
2018,2019-01-08,Colorado,colorado,-0.042,79,https://www.teamrankings.com/college-football/stat/points-per-play-margin?date=2019-01-08
2018,2019-01-08,S Florida,sflorida,-0.046,80,https://www.teamrankings.com/college-football/stat/points-per-play-margin?date=2019-01-08
2018,2019-01-08,Pittsburgh,pittsburgh,-0.046,81,https://www.teamrankings.com/college-football/stat/points-per-play-margin?date=2019-01-08
2018,2019-01-08,Florida Atlantic,floridaatlantic,-0.047,82,https://www.teamrankings.com/college-football/stat/points-per-play-margin?date=2019-01-08
2018,2019-01-08,Kansas St,kansasst,-0.051,83,https://www.teamrankings.com/college-football/stat/points-per-play-margin?date=2019-01-08
2018,2019-01-08,Nebraska,nebraska,-0.053,84,https://www.teamrankings.com/college-football/stat/points-per-play-margin?date=2019-01-08
2018,2019-01-08,UL Monroe,ulmonroe,-0.056,85,https://www.teamrankings.com/college-football/stat/points-per-play-margin?date=2019-01-08
2018,2019-01-08,Arizona,arizona,-0.062,86,https://www.teamrankings.com/college-football/stat/points-per-play-margin?date=2019-01-08
2018,2019-01-08,Mississippi,mississippi,-0.064,87,https://www.teamrankings.com/college-football/stat/points-per-play-margin?date=2019-01-08
2018,2019-01-08,Wake Forest,wakeforest,-0.064,88,https://www.teamrankings.com/college-football/stat/points-per-play-margin?date=2019-01-08
2018,2019-01-08,Indiana,indiana,-0.074,89,https://www.teamrankings.com/college-football/stat/points-per-play-margin?date=2019-01-08
2018,2019-01-08,Hawai'i,hawaii,-0.077,90,https://www.teamrankings.com/college-football/stat/points-per-play-margin?date=2019-01-08
2018,2019-01-08,SMU,smu,-0.081,91,https://www.teamrankings.com/college-football/stat/points-per-play-margin?date=2019-01-08
2018,2019-01-08,Kansas,kansas,-0.09,92,https://www.teamrankings.com/college-football/stat/points-per-play-margin?date=2019-01-08
2018,2019-01-08,Virginia Tech,virginiatech,-0.091,93,https://www.teamrankings.com/college-football/stat/points-per-play-margin?date=2019-01-08
2018,2019-01-08,W Kentucky,wkentucky,-0.099,94,https://www.teamrankings.com/college-football/stat/points-per-play-margin?date=2019-01-08
2018,2019-01-08,Texas St,texasst,-0.102,95,https://www.teamrankings.com/college-football/stat/points-per-play-margin?date=2019-01-08
2018,2019-01-08,Liberty,liberty,-0.103,96,https://www.teamrankings.com/college-football/stat/points-per-play-margin?date=2019-01-08
2018,2019-01-08,Tulsa,tulsa,-0.104,97,https://www.teamrankings.com/college-football/stat/points-per-play-margin?date=2019-01-08
2018,2019-01-08,Florida St,floridast,-0.108,98,https://www.teamrankings.com/college-football/stat/points-per-play-margin?date=2019-01-08
2018,2019-01-08,Tennessee,tennessee,-0.117,99,https://www.teamrankings.com/college-football/stat/points-per-play-margin?date=2019-01-08
2018,2019-01-08,North Carolina,northcarolina,-0.117,100,https://www.teamrankings.com/college-football/stat/points-per-play-margin?date=2019-01-08
2018,2019-01-08,Akron,akron,-0.117,101,https://www.teamrankings.com/college-football/stat/points-per-play-margin?date=2019-01-08
2018,2019-01-08,UCLA,ucla,-0.121,102,https://www.teamrankings.com/college-football/stat/points-per-play-margin?date=2019-01-08
2018,2019-01-08,New Mexico,newmexico,-0.124,103,https://www.teamrankings.com/college-football/stat/points-per-play-margin?date=2019-01-08
2018,2019-01-08,Baylor,baylor,-0.136,104,https://www.teamrankings.com/college-football/stat/points-per-play-margin?date=2019-01-08
2018,2019-01-08,Old Dominion,olddominion,-0.143,105,https://www.teamrankings.com/college-football/stat/points-per-play-margin?date=2019-01-08
2018,2019-01-08,Ball St,ballst,-0.156,106,https://www.teamrankings.com/college-football/stat/points-per-play-margin?date=2019-01-08
2018,2019-01-08,San Jose St,sanjosest,-0.164,107,https://www.teamrankings.com/college-football/stat/points-per-play-margin?date=2019-01-08
2018,2019-01-08,W Michigan,wmichigan,-0.183,108,https://www.teamrankings.com/college-football/stat/points-per-play-margin?date=2019-01-08
2018,2019-01-08,Navy,navy,-0.183,109,https://www.teamrankings.com/college-football/stat/points-per-play-margin?date=2019-01-08
2018,2019-01-08,UNLV,unlv,-0.19,110,https://www.teamrankings.com/college-football/stat/points-per-play-margin?date=2019-01-08
2018,2019-01-08,Charlotte,charlotte,-0.193,111,https://www.teamrankings.com/college-football/stat/points-per-play-margin?date=2019-01-08
2018,2019-01-08,C Michigan,cmichigan,-0.194,112,https://www.teamrankings.com/college-football/stat/points-per-play-margin?date=2019-01-08
2018,2019-01-08,Coastal Car,coastalcar,-0.194,113,https://www.teamrankings.com/college-football/stat/points-per-play-margin?date=2019-01-08
2018,2019-01-08,Illinois,illinois,-0.2,114,https://www.teamrankings.com/college-football/stat/points-per-play-margin?date=2019-01-08
2018,2019-01-08,UTEP,utep,-0.2,115,https://www.teamrankings.com/college-football/stat/points-per-play-margin?date=2019-01-08
2018,2019-01-08,New Mexico St,newmexicost,-0.215,116,https://www.teamrankings.com/college-football/stat/points-per-play-margin?date=2019-01-08
2018,2019-01-08,UMass,umass,-0.222,117,https://www.teamrankings.com/college-football/stat/points-per-play-margin?date=2019-01-08
2018,2019-01-08,Rutgers,rutgers,-0.233,118,https://www.teamrankings.com/college-football/stat/points-per-play-margin?date=2019-01-08
2018,2019-01-08,UTSA,utsa,-0.233,119,https://www.teamrankings.com/college-football/stat/points-per-play-margin?date=2019-01-08
2018,2019-01-08,E Carolina,ecarolina,-0.234,120,https://www.teamrankings.com/college-football/stat/points-per-play-margin?date=2019-01-08
2018,2019-01-08,Colorado St,coloradost,-0.247,121,https://www.teamrankings.com/college-football/stat/points-per-play-margin?date=2019-01-08
2018,2019-01-08,Kent St,kentst,-0.248,122,https://www.teamrankings.com/college-football/stat/points-per-play-margin?date=2019-01-08
2018,2019-01-08,Arkansas,arkansas,-0.251,123,https://www.teamrankings.com/college-football/stat/points-per-play-margin?date=2019-01-08
2018,2019-01-08,Bowling Green,bowlinggreen,-0.254,124,https://www.teamrankings.com/college-football/stat/points-per-play-margin?date=2019-01-08
2018,2019-01-08,Georgia St,georgiast,-0.271,125,https://www.teamrankings.com/college-football/stat/points-per-play-margin?date=2019-01-08
2018,2019-01-08,S Alabama,salabama,-0.277,126,https://www.teamrankings.com/college-football/stat/points-per-play-margin?date=2019-01-08
2018,2019-01-08,Rice,rice,-0.286,127,https://www.teamrankings.com/college-football/stat/points-per-play-margin?date=2019-01-08
2018,2019-01-08,Oregon St,oregonst,-0.36,128,https://www.teamrankings.com/college-football/stat/points-per-play-margin?date=2019-01-08
2018,2019-01-08,Louisville,louisville,-0.395,129,https://www.teamrankings.com/college-football/stat/points-per-play-margin?date=2019-01-08
2018,2019-01-08,UConn,uconn,-0.443,130,https://www.teamrankings.com/college-football/stat/points-per-play-margin?date=2019-01-08
2019,2020-01-14,Alabama,alabama,0.407,1,https://www.teamrankings.com/college-football/stat/points-per-play-margin?date=2020-01-14
2019,2020-01-14,Ohio St,ohiost,0.39,2,https://www.teamrankings.com/college-football/stat/points-per-play-margin?date=2020-01-14
2019,2020-01-14,Clemson,clemson,0.386,3,https://www.teamrankings.com/college-football/stat/points-per-play-margin?date=2020-01-14
2019,2020-01-14,LSU,lsu,0.315,4,https://www.teamrankings.com/college-football/stat/points-per-play-margin?date=2020-01-14
2019,2020-01-14,Notre Dame,notredame,0.276,5,https://www.teamrankings.com/college-football/stat/points-per-play-margin?date=2020-01-14
2019,2020-01-14,Oregon,oregon,0.273,6,https://www.teamrankings.com/college-football/stat/points-per-play-margin?date=2020-01-14
2019,2020-01-14,App State,appstate,0.245,7,https://www.teamrankings.com/college-football/stat/points-per-play-margin?date=2020-01-14
2019,2020-01-14,Penn St,pennst,0.245,8,https://www.teamrankings.com/college-football/stat/points-per-play-margin?date=2020-01-14
2019,2020-01-14,Georgia,georgia,0.232,9,https://www.teamrankings.com/college-football/stat/points-per-play-margin?date=2020-01-14
2019,2020-01-14,Wisconsin,wisconsin,0.222,10,https://www.teamrankings.com/college-football/stat/points-per-play-margin?date=2020-01-14
2019,2020-01-14,UCF,ucf,0.218,11,https://www.teamrankings.com/college-football/stat/points-per-play-margin?date=2020-01-14
2019,2020-01-14,Utah,utah,0.215,12,https://www.teamrankings.com/college-football/stat/points-per-play-margin?date=2020-01-14
2019,2020-01-14,Baylor,baylor,0.199,13,https://www.teamrankings.com/college-football/stat/points-per-play-margin?date=2020-01-14
2019,2020-01-14,Florida,florida,0.193,14,https://www.teamrankings.com/college-football/stat/points-per-play-margin?date=2020-01-14
2019,2020-01-14,Louisiana,louisiana,0.192,15,https://www.teamrankings.com/college-football/stat/points-per-play-margin?date=2020-01-14
2019,2020-01-14,Memphis,memphis,0.184,16,https://www.teamrankings.com/college-football/stat/points-per-play-margin?date=2020-01-14
2019,2020-01-14,Washington,washington,0.174,17,https://www.teamrankings.com/college-football/stat/points-per-play-margin?date=2020-01-14
2019,2020-01-14,Iowa,iowa,0.165,18,https://www.teamrankings.com/college-football/stat/points-per-play-margin?date=2020-01-14
2019,2020-01-14,Navy,navy,0.16,19,https://www.teamrankings.com/college-football/stat/points-per-play-margin?date=2020-01-14
2019,2020-01-14,Wyoming,wyoming,0.149,20,https://www.teamrankings.com/college-football/stat/points-per-play-margin?date=2020-01-14
2019,2020-01-14,Oklahoma,oklahoma,0.149,21,https://www.teamrankings.com/college-football/stat/points-per-play-margin?date=2020-01-14
2019,2020-01-14,Auburn,auburn,0.143,22,https://www.teamrankings.com/college-football/stat/points-per-play-margin?date=2020-01-14
2019,2020-01-14,Louisiana Tech,louisianatech,0.139,23,https://www.teamrankings.com/college-football/stat/points-per-play-margin?date=2020-01-14
2019,2020-01-14,Air Force,airforce,0.138,24,https://www.teamrankings.com/college-football/stat/points-per-play-margin?date=2020-01-14
2019,2020-01-14,Michigan,michigan,0.137,25,https://www.teamrankings.com/college-football/stat/points-per-play-margin?date=2020-01-14
2019,2020-01-14,Florida Atlantic,floridaatlantic,0.134,26,https://www.teamrankings.com/college-football/stat/points-per-play-margin?date=2020-01-14
2019,2020-01-14,Boise St,boisest,0.134,27,https://www.teamrankings.com/college-football/stat/points-per-play-margin?date=2020-01-14
2019,2020-01-14,Minnesota,minnesota,0.131,28,https://www.teamrankings.com/college-football/stat/points-per-play-margin?date=2020-01-14
2019,2020-01-14,Cincinnati,cincinnati,0.122,29,https://www.teamrankings.com/college-football/stat/points-per-play-margin?date=2020-01-14
2019,2020-01-14,SMU,smu,0.105,30,https://www.teamrankings.com/college-football/stat/points-per-play-margin?date=2020-01-14
2019,2020-01-14,Ohio,ohio,0.104,31,https://www.teamrankings.com/college-football/stat/points-per-play-margin?date=2020-01-14
2019,2020-01-14,Iowa St,iowast,0.104,32,https://www.teamrankings.com/college-football/stat/points-per-play-margin?date=2020-01-14
2019,2020-01-14,San Diego St,sandiegost,0.097,33,https://www.teamrankings.com/college-football/stat/points-per-play-margin?date=2020-01-14
2019,2020-01-14,Texas,texas,0.088,34,https://www.teamrankings.com/college-football/stat/points-per-play-margin?date=2020-01-14
2019,2020-01-14,Virginia Tech,virginiatech,0.087,35,https://www.teamrankings.com/college-football/stat/points-per-play-margin?date=2020-01-14
2019,2020-01-14,Kansas St,kansasst,0.08,36,https://www.teamrankings.com/college-football/stat/points-per-play-margin?date=2020-01-14
2019,2020-01-14,W Kentucky,wkentucky,0.072,37,https://www.teamrankings.com/college-football/stat/points-per-play-margin?date=2020-01-14
2019,2020-01-14,Buffalo,buffalo,0.069,38,https://www.teamrankings.com/college-football/stat/points-per-play-margin?date=2020-01-14
2019,2020-01-14,W Michigan,wmichigan,0.068,39,https://www.teamrankings.com/college-football/stat/points-per-play-margin?date=2020-01-14
2019,2020-01-14,Kentucky,kentucky,0.058,40,https://www.teamrankings.com/college-football/stat/points-per-play-margin?date=2020-01-14
2019,2020-01-14,USC,usc,0.056,41,https://www.teamrankings.com/college-football/stat/points-per-play-margin?date=2020-01-14
2019,2020-01-14,Fresno St,fresnost,0.054,42,https://www.teamrankings.com/college-football/stat/points-per-play-margin?date=2020-01-14
2019,2020-01-14,Arizona St,arizonast,0.051,43,https://www.teamrankings.com/college-football/stat/points-per-play-margin?date=2020-01-14
2019,2020-01-14,North Carolina,northcarolina,0.043,44,https://www.teamrankings.com/college-football/stat/points-per-play-margin?date=2020-01-14
2019,2020-01-14,Illinois,illinois,0.039,45,https://www.teamrankings.com/college-football/stat/points-per-play-margin?date=2020-01-14
2019,2020-01-14,Oklahoma St,oklahomast,0.038,46,https://www.teamrankings.com/college-football/stat/points-per-play-margin?date=2020-01-14
2019,2020-01-14,Texas A&M,texasaandm,0.03,47,https://www.teamrankings.com/college-football/stat/points-per-play-margin?date=2020-01-14
2019,2020-01-14,Liberty,liberty,0.024,48,https://www.teamrankings.com/college-football/stat/points-per-play-margin?date=2020-01-14
2019,2020-01-14,UAB,uab,0.024,49,https://www.teamrankings.com/college-football/stat/points-per-play-margin?date=2020-01-14
2019,2020-01-14,Washington St,washingtonst,0.023,50,https://www.teamrankings.com/college-football/stat/points-per-play-margin?date=2020-01-14
2019,2020-01-14,Virginia,virginia,0.022,51,https://www.teamrankings.com/college-football/stat/points-per-play-margin?date=2020-01-14
2019,2020-01-14,Indiana,indiana,0.02,52,https://www.teamrankings.com/college-football/stat/points-per-play-margin?date=2020-01-14
2019,2020-01-14,Tulane,tulane,0.02,53,https://www.teamrankings.com/college-football/stat/points-per-play-margin?date=2020-01-14
2019,2020-01-14,Miami,miami,0.018,54,https://www.teamrankings.com/college-football/stat/points-per-play-margin?date=2020-01-14
2019,2020-01-14,Arkansas St,arkansasst,0.011,55,https://www.teamrankings.com/college-football/stat/points-per-play-margin?date=2020-01-14
2019,2020-01-14,California,california,0.01,56,https://www.teamrankings.com/college-football/stat/points-per-play-margin?date=2020-01-14
2019,2020-01-14,Georgia So,georgiaso,0.009,57,https://www.teamrankings.com/college-football/stat/points-per-play-margin?date=2020-01-14
2019,2020-01-14,BYU,byu,0.009,58,https://www.teamrankings.com/college-football/stat/points-per-play-margin?date=2020-01-14
2019,2020-01-14,C Michigan,cmichigan,0.006,59,https://www.teamrankings.com/college-football/stat/points-per-play-margin?date=2020-01-14
2019,2020-01-14,Tennessee,tennessee,0.004,60,https://www.teamrankings.com/college-football/stat/points-per-play-margin?date=2020-01-14
2019,2020-01-14,San Jose St,sanjosest,0.001,61,https://www.teamrankings.com/college-football/stat/points-per-play-margin?date=2020-01-14
2019,2020-01-14,Florida St,floridast,-0.005,62,https://www.teamrankings.com/college-football/stat/points-per-play-margin?date=2020-01-14
2019,2020-01-14,E Michigan,emichigan,-0.005,63,https://www.teamrankings.com/college-football/stat/points-per-play-margin?date=2020-01-14
2019,2020-01-14,Ball St,ballst,-0.008,64,https://www.teamrankings.com/college-football/stat/points-per-play-margin?date=2020-01-14
2019,2020-01-14,Florida Intl,floridaintl,-0.01,65,https://www.teamrankings.com/college-football/stat/points-per-play-margin?date=2020-01-14
2019,2020-01-14,Missouri,missouri,-0.011,66,https://www.teamrankings.com/college-football/stat/points-per-play-margin?date=2020-01-14
2019,2020-01-14,Nebraska,nebraska,-0.013,67,https://www.teamrankings.com/college-football/stat/points-per-play-margin?date=2020-01-14
2019,2020-01-14,Hawai'i,hawaii,-0.016,68,https://www.teamrankings.com/college-football/stat/points-per-play-margin?date=2020-01-14
2019,2020-01-14,Temple,temple,-0.016,69,https://www.teamrankings.com/college-football/stat/points-per-play-margin?date=2020-01-14
2019,2020-01-14,Mississippi,mississippi,-0.019,70,https://www.teamrankings.com/college-football/stat/points-per-play-margin?date=2020-01-14
2019,2020-01-14,Marshall,marshall,-0.022,71,https://www.teamrankings.com/college-football/stat/points-per-play-margin?date=2020-01-14
2019,2020-01-14,Michigan St,michiganst,-0.025,72,https://www.teamrankings.com/college-football/stat/points-per-play-margin?date=2020-01-14
2019,2020-01-14,Army,army,-0.026,73,https://www.teamrankings.com/college-football/stat/points-per-play-margin?date=2020-01-14
2019,2020-01-14,Pittsburgh,pittsburgh,-0.028,74,https://www.teamrankings.com/college-football/stat/points-per-play-margin?date=2020-01-14
2019,2020-01-14,Kent St,kentst,-0.028,75,https://www.teamrankings.com/college-football/stat/points-per-play-margin?date=2020-01-14
2019,2020-01-14,Middle Tenn,middletenn,-0.033,76,https://www.teamrankings.com/college-football/stat/points-per-play-margin?date=2020-01-14
2019,2020-01-14,Oregon St,oregonst,-0.038,77,https://www.teamrankings.com/college-football/stat/points-per-play-margin?date=2020-01-14
2019,2020-01-14,Miami OH,miamioh,-0.039,78,https://www.teamrankings.com/college-football/stat/points-per-play-margin?date=2020-01-14
2019,2020-01-14,Wake Forest,wakeforest,-0.04,79,https://www.teamrankings.com/college-football/stat/points-per-play-margin?date=2020-01-14
2019,2020-01-14,Louisville,louisville,-0.045,80,https://www.teamrankings.com/college-football/stat/points-per-play-margin?date=2020-01-14
2019,2020-01-14,N Texas,ntexas,-0.045,81,https://www.teamrankings.com/college-football/stat/points-per-play-margin?date=2020-01-14
2019,2020-01-14,TCU,tcu,-0.046,82,https://www.teamrankings.com/college-football/stat/points-per-play-margin?date=2020-01-14
2019,2020-01-14,Texas Tech,texastech,-0.048,83,https://www.teamrankings.com/college-football/stat/points-per-play-margin?date=2020-01-14
2019,2020-01-14,Utah St,utahst,-0.051,84,https://www.teamrankings.com/college-football/stat/points-per-play-margin?date=2020-01-14
2019,2020-01-14,Southern Miss,southernmiss,-0.056,85,https://www.teamrankings.com/college-football/stat/points-per-play-margin?date=2020-01-14
2019,2020-01-14,Houston,houston,-0.057,86,https://www.teamrankings.com/college-football/stat/points-per-play-margin?date=2020-01-14
2019,2020-01-14,Purdue,purdue,-0.063,87,https://www.teamrankings.com/college-football/stat/points-per-play-margin?date=2020-01-14
2019,2020-01-14,Charlotte,charlotte,-0.064,88,https://www.teamrankings.com/college-football/stat/points-per-play-margin?date=2020-01-14
2019,2020-01-14,Troy,troy,-0.069,89,https://www.teamrankings.com/college-football/stat/points-per-play-margin?date=2020-01-14
2019,2020-01-14,Boston College,bostoncollege,-0.07,90,https://www.teamrankings.com/college-football/stat/points-per-play-margin?date=2020-01-14
2019,2020-01-14,Syracuse,syracuse,-0.08,91,https://www.teamrankings.com/college-football/stat/points-per-play-margin?date=2020-01-14
2019,2020-01-14,Coastal Car,coastalcar,-0.081,92,https://www.teamrankings.com/college-football/stat/points-per-play-margin?date=2020-01-14
2019,2020-01-14,Mississippi St,mississippist,-0.086,93,https://www.teamrankings.com/college-football/stat/points-per-play-margin?date=2020-01-14
2019,2020-01-14,Duke,duke,-0.088,94,https://www.teamrankings.com/college-football/stat/points-per-play-margin?date=2020-01-14
2019,2020-01-14,West Virginia,westvirginia,-0.094,95,https://www.teamrankings.com/college-football/stat/points-per-play-margin?date=2020-01-14
2019,2020-01-14,Colorado St,coloradost,-0.097,96,https://www.teamrankings.com/college-football/stat/points-per-play-margin?date=2020-01-14
2019,2020-01-14,Stanford,stanford,-0.105,97,https://www.teamrankings.com/college-football/stat/points-per-play-margin?date=2020-01-14
2019,2020-01-14,Northwestern,northwestern,-0.12,98,https://www.teamrankings.com/college-football/stat/points-per-play-margin?date=2020-01-14
2019,2020-01-14,Tulsa,tulsa,-0.122,99,https://www.teamrankings.com/college-football/stat/points-per-play-margin?date=2020-01-14
2019,2020-01-14,Kansas,kansas,-0.125,100,https://www.teamrankings.com/college-football/stat/points-per-play-margin?date=2020-01-14
2019,2020-01-14,Rice,rice,-0.127,101,https://www.teamrankings.com/college-football/stat/points-per-play-margin?date=2020-01-14
2019,2020-01-14,Georgia St,georgiast,-0.128,102,https://www.teamrankings.com/college-football/stat/points-per-play-margin?date=2020-01-14
2019,2020-01-14,Colorado,colorado,-0.131,103,https://www.teamrankings.com/college-football/stat/points-per-play-margin?date=2020-01-14
2019,2020-01-14,UL Monroe,ulmonroe,-0.132,104,https://www.teamrankings.com/college-football/stat/points-per-play-margin?date=2020-01-14
2019,2020-01-14,South Carolina,southcarolina,-0.134,105,https://www.teamrankings.com/college-football/stat/points-per-play-margin?date=2020-01-14
2019,2020-01-14,S Florida,sflorida,-0.139,106,https://www.teamrankings.com/college-football/stat/points-per-play-margin?date=2020-01-14
2019,2020-01-14,Toledo,toledo,-0.139,107,https://www.teamrankings.com/college-football/stat/points-per-play-margin?date=2020-01-14
2019,2020-01-14,N Illinois,nillinois,-0.14,108,https://www.teamrankings.com/college-football/stat/points-per-play-margin?date=2020-01-14
2019,2020-01-14,NC State,ncstate,-0.154,109,https://www.teamrankings.com/college-football/stat/points-per-play-margin?date=2020-01-14
2019,2020-01-14,Arizona,arizona,-0.157,110,https://www.teamrankings.com/college-football/stat/points-per-play-margin?date=2020-01-14
2019,2020-01-14,UCLA,ucla,-0.159,111,https://www.teamrankings.com/college-football/stat/points-per-play-margin?date=2020-01-14
2019,2020-01-14,E Carolina,ecarolina,-0.17,112,https://www.teamrankings.com/college-football/stat/points-per-play-margin?date=2020-01-14
2019,2020-01-14,Maryland,maryland,-0.176,113,https://www.teamrankings.com/college-football/stat/points-per-play-margin?date=2020-01-14
2019,2020-01-14,UNLV,unlv,-0.185,114,https://www.teamrankings.com/college-football/stat/points-per-play-margin?date=2020-01-14
2019,2020-01-14,S Alabama,salabama,-0.19,115,https://www.teamrankings.com/college-football/stat/points-per-play-margin?date=2020-01-14
2019,2020-01-14,Georgia Tech,georgiatech,-0.193,116,https://www.teamrankings.com/college-football/stat/points-per-play-margin?date=2020-01-14
2019,2020-01-14,Nevada,nevada,-0.194,117,https://www.teamrankings.com/college-football/stat/points-per-play-margin?date=2020-01-14
2019,2020-01-14,Texas St,texasst,-0.198,118,https://www.teamrankings.com/college-football/stat/points-per-play-margin?date=2020-01-14
2019,2020-01-14,Arkansas,arkansas,-0.224,119,https://www.teamrankings.com/college-football/stat/points-per-play-margin?date=2020-01-14
2019,2020-01-14,New Mexico,newmexico,-0.229,120,https://www.teamrankings.com/college-football/stat/points-per-play-margin?date=2020-01-14
2019,2020-01-14,Old Dominion,olddominion,-0.247,121,https://www.teamrankings.com/college-football/stat/points-per-play-margin?date=2020-01-14
2019,2020-01-14,UTSA,utsa,-0.258,122,https://www.teamrankings.com/college-football/stat/points-per-play-margin?date=2020-01-14
2019,2020-01-14,Vanderbilt,vanderbilt,-0.276,123,https://www.teamrankings.com/college-football/stat/points-per-play-margin?date=2020-01-14
2019,2020-01-14,New Mexico St,newmexicost,-0.292,124,https://www.teamrankings.com/college-football/stat/points-per-play-margin?date=2020-01-14
2019,2020-01-14,UTEP,utep,-0.292,125,https://www.teamrankings.com/college-football/stat/points-per-play-margin?date=2020-01-14
2019,2020-01-14,Rutgers,rutgers,-0.306,126,https://www.teamrankings.com/college-football/stat/points-per-play-margin?date=2020-01-14
2019,2020-01-14,Akron,akron,-0.331,127,https://www.teamrankings.com/college-football/stat/points-per-play-margin?date=2020-01-14
2019,2020-01-14,UConn,uconn,-0.337,128,https://www.teamrankings.com/college-football/stat/points-per-play-margin?date=2020-01-14
2019,2020-01-14,Bowling Green,bowlinggreen,-0.396,129,https://www.teamrankings.com/college-football/stat/points-per-play-margin?date=2020-01-14
2019,2020-01-14,UMass,umass,-0.451,130,https://www.teamrankings.com/college-football/stat/points-per-play-margin?date=2020-01-14
2020,2021-01-12,Alabama,alabama,0.418,1,https://www.teamrankings.com/college-football/stat/points-per-play-margin?date=2021-01-12
2020,2021-01-12,BYU,byu,0.382,2,https://www.teamrankings.com/college-football/stat/points-per-play-margin?date=2021-01-12
2020,2021-01-12,Buffalo,buffalo,0.357,3,https://www.teamrankings.com/college-football/stat/points-per-play-margin?date=2021-01-12
2020,2021-01-12,Arizona St,arizonast,0.343,4,https://www.teamrankings.com/college-football/stat/points-per-play-margin?date=2021-01-12
2020,2021-01-12,Ohio,ohio,0.342,5,https://www.teamrankings.com/college-football/stat/points-per-play-margin?date=2021-01-12
2020,2021-01-12,Cincinnati,cincinnati,0.288,6,https://www.teamrankings.com/college-football/stat/points-per-play-margin?date=2021-01-12
2020,2021-01-12,Oklahoma,oklahoma,0.255,7,https://www.teamrankings.com/college-football/stat/points-per-play-margin?date=2021-01-12
2020,2021-01-12,Iowa,iowa,0.244,8,https://www.teamrankings.com/college-football/stat/points-per-play-margin?date=2021-01-12
2020,2021-01-12,Clemson,clemson,0.233,9,https://www.teamrankings.com/college-football/stat/points-per-play-margin?date=2021-01-12
2020,2021-01-12,Texas,texas,0.22,10,https://www.teamrankings.com/college-football/stat/points-per-play-margin?date=2021-01-12
2020,2021-01-12,Coastal Car,coastalcar,0.219,11,https://www.teamrankings.com/college-football/stat/points-per-play-margin?date=2021-01-12
2020,2021-01-12,Louisiana,louisiana,0.199,12,https://www.teamrankings.com/college-football/stat/points-per-play-margin?date=2021-01-12
2020,2021-01-12,Ohio St,ohiost,0.193,13,https://www.teamrankings.com/college-football/stat/points-per-play-margin?date=2021-01-12
2020,2021-01-12,Georgia,georgia,0.171,14,https://www.teamrankings.com/college-football/stat/points-per-play-margin?date=2021-01-12
2020,2021-01-12,W Michigan,wmichigan,0.168,15,https://www.teamrankings.com/college-football/stat/points-per-play-margin?date=2021-01-12
2020,2021-01-12,Marshall,marshall,0.167,16,https://www.teamrankings.com/college-football/stat/points-per-play-margin?date=2021-01-12
2020,2021-01-12,App State,appstate,0.165,17,https://www.teamrankings.com/college-football/stat/points-per-play-margin?date=2021-01-12
2020,2021-01-12,San Jose St,sanjosest,0.163,18,https://www.teamrankings.com/college-football/stat/points-per-play-margin?date=2021-01-12
2020,2021-01-12,Notre Dame,notredame,0.143,19,https://www.teamrankings.com/college-football/stat/points-per-play-margin?date=2021-01-12
2020,2021-01-12,Iowa St,iowast,0.143,20,https://www.teamrankings.com/college-football/stat/points-per-play-margin?date=2021-01-12
2020,2021-01-12,Air Force,airforce,0.142,21,https://www.teamrankings.com/college-football/stat/points-per-play-margin?date=2021-01-12
2020,2021-01-12,Boise St,boisest,0.142,22,https://www.teamrankings.com/college-football/stat/points-per-play-margin?date=2021-01-12
2020,2021-01-12,Florida,florida,0.136,23,https://www.teamrankings.com/college-football/stat/points-per-play-margin?date=2021-01-12
2020,2021-01-12,Oregon,oregon,0.134,24,https://www.teamrankings.com/college-football/stat/points-per-play-margin?date=2021-01-12
2020,2021-01-12,Texas A&M,texasaandm,0.127,25,https://www.teamrankings.com/college-football/stat/points-per-play-margin?date=2021-01-12
2020,2021-01-12,North Carolina,northcarolina,0.126,26,https://www.teamrankings.com/college-football/stat/points-per-play-margin?date=2021-01-12
2020,2021-01-12,Liberty,liberty,0.125,27,https://www.teamrankings.com/college-football/stat/points-per-play-margin?date=2021-01-12
2020,2021-01-12,Tulane,tulane,0.123,28,https://www.teamrankings.com/college-football/stat/points-per-play-margin?date=2021-01-12
2020,2021-01-12,Georgia So,georgiaso,0.12,29,https://www.teamrankings.com/college-football/stat/points-per-play-margin?date=2021-01-12
2020,2021-01-12,Indiana,indiana,0.12,30,https://www.teamrankings.com/college-football/stat/points-per-play-margin?date=2021-01-12
2020,2021-01-12,Nevada,nevada,0.114,31,https://www.teamrankings.com/college-football/stat/points-per-play-margin?date=2021-01-12
2020,2021-01-12,UAB,uab,0.109,32,https://www.teamrankings.com/college-football/stat/points-per-play-margin?date=2021-01-12
2020,2021-01-12,Northwestern,northwestern,0.1,33,https://www.teamrankings.com/college-football/stat/points-per-play-margin?date=2021-01-12
2020,2021-01-12,Miami,miami,0.093,34,https://www.teamrankings.com/college-football/stat/points-per-play-margin?date=2021-01-12
2020,2021-01-12,Toledo,toledo,0.092,35,https://www.teamrankings.com/college-football/stat/points-per-play-margin?date=2021-01-12
2020,2021-01-12,TCU,tcu,0.083,36,https://www.teamrankings.com/college-football/stat/points-per-play-margin?date=2021-01-12
2020,2021-01-12,Washington,washington,0.08,37,https://www.teamrankings.com/college-football/stat/points-per-play-margin?date=2021-01-12
2020,2021-01-12,San Diego St,sandiegost,0.079,38,https://www.teamrankings.com/college-football/stat/points-per-play-margin?date=2021-01-12
2020,2021-01-12,Ball St,ballst,0.078,39,https://www.teamrankings.com/college-football/stat/points-per-play-margin?date=2021-01-12
2020,2021-01-12,UCLA,ucla,0.075,40,https://www.teamrankings.com/college-football/stat/points-per-play-margin?date=2021-01-12
2020,2021-01-12,UCF,ucf,0.075,41,https://www.teamrankings.com/college-football/stat/points-per-play-margin?date=2021-01-12
2020,2021-01-12,Miami OH,miamioh,0.074,42,https://www.teamrankings.com/college-football/stat/points-per-play-margin?date=2021-01-12
2020,2021-01-12,Wyoming,wyoming,0.072,43,https://www.teamrankings.com/college-football/stat/points-per-play-margin?date=2021-01-12
2020,2021-01-12,Tulsa,tulsa,0.064,44,https://www.teamrankings.com/college-football/stat/points-per-play-margin?date=2021-01-12
2020,2021-01-12,Wisconsin,wisconsin,0.063,45,https://www.teamrankings.com/college-football/stat/points-per-play-margin?date=2021-01-12
2020,2021-01-12,Oklahoma St,oklahomast,0.063,46,https://www.teamrankings.com/college-football/stat/points-per-play-margin?date=2021-01-12
2020,2021-01-12,USC,usc,0.059,47,https://www.teamrankings.com/college-football/stat/points-per-play-margin?date=2021-01-12
2020,2021-01-12,Army,army,0.049,48,https://www.teamrankings.com/college-football/stat/points-per-play-margin?date=2021-01-12
2020,2021-01-12,NC State,ncstate,0.047,49,https://www.teamrankings.com/college-football/stat/points-per-play-margin?date=2021-01-12
2020,2021-01-12,Utah,utah,0.046,50,https://www.teamrankings.com/college-football/stat/points-per-play-margin?date=2021-01-12
2020,2021-01-12,SMU,smu,0.045,51,https://www.teamrankings.com/college-football/stat/points-per-play-margin?date=2021-01-12
2020,2021-01-12,Kent St,kentst,0.044,52,https://www.teamrankings.com/college-football/stat/points-per-play-margin?date=2021-01-12
2020,2021-01-12,Virginia Tech,virginiatech,0.031,53,https://www.teamrankings.com/college-football/stat/points-per-play-margin?date=2021-01-12
2020,2021-01-12,Troy,troy,0.028,54,https://www.teamrankings.com/college-football/stat/points-per-play-margin?date=2021-01-12
2020,2021-01-12,C Michigan,cmichigan,0.026,55,https://www.teamrankings.com/college-football/stat/points-per-play-margin?date=2021-01-12
2020,2021-01-12,Florida Atlantic,floridaatlantic,0.026,56,https://www.teamrankings.com/college-football/stat/points-per-play-margin?date=2021-01-12
2020,2021-01-12,Auburn,auburn,0.025,57,https://www.teamrankings.com/college-football/stat/points-per-play-margin?date=2021-01-12
2020,2021-01-12,Georgia St,georgiast,0.022,58,https://www.teamrankings.com/college-football/stat/points-per-play-margin?date=2021-01-12
2020,2021-01-12,Louisville,louisville,0.021,59,https://www.teamrankings.com/college-football/stat/points-per-play-margin?date=2021-01-12
2020,2021-01-12,Rice,rice,0.013,60,https://www.teamrankings.com/college-football/stat/points-per-play-margin?date=2021-01-12
2020,2021-01-12,Memphis,memphis,0.009,61,https://www.teamrankings.com/college-football/stat/points-per-play-margin?date=2021-01-12
2020,2021-01-12,Kansas St,kansasst,0.007,62,https://www.teamrankings.com/college-football/stat/points-per-play-margin?date=2021-01-12
2020,2021-01-12,UTSA,utsa,0.007,63,https://www.teamrankings.com/college-football/stat/points-per-play-margin?date=2021-01-12
2020,2021-01-12,Fresno St,fresnost,-0.002,64,https://www.teamrankings.com/college-football/stat/points-per-play-margin?date=2021-01-12
2020,2021-01-12,Mississippi,mississippi,-0.002,65,https://www.teamrankings.com/college-football/stat/points-per-play-margin?date=2021-01-12
2020,2021-01-12,Michigan,michigan,-0.003,66,https://www.teamrankings.com/college-football/stat/points-per-play-margin?date=2021-01-12
2020,2021-01-12,E Michigan,emichigan,-0.004,67,https://www.teamrankings.com/college-football/stat/points-per-play-margin?date=2021-01-12
2020,2021-01-12,Boston College,bostoncollege,-0.01,68,https://www.teamrankings.com/college-football/stat/points-per-play-margin?date=2021-01-12
2020,2021-01-12,Purdue,purdue,-0.013,69,https://www.teamrankings.com/college-football/stat/points-per-play-margin?date=2021-01-12
2020,2021-01-12,Pittsburgh,pittsburgh,-0.018,70,https://www.teamrankings.com/college-football/stat/points-per-play-margin?date=2021-01-12
2020,2021-01-12,Kentucky,kentucky,-0.021,71,https://www.teamrankings.com/college-football/stat/points-per-play-margin?date=2021-01-12
2020,2021-01-12,Maryland,maryland,-0.022,72,https://www.teamrankings.com/college-football/stat/points-per-play-margin?date=2021-01-12
2020,2021-01-12,Hawai'i,hawaii,-0.023,73,https://www.teamrankings.com/college-football/stat/points-per-play-margin?date=2021-01-12
2020,2021-01-12,West Virginia,westvirginia,-0.027,74,https://www.teamrankings.com/college-football/stat/points-per-play-margin?date=2021-01-12
2020,2021-01-12,Penn St,pennst,-0.047,75,https://www.teamrankings.com/college-football/stat/points-per-play-margin?date=2021-01-12
2020,2021-01-12,Houston,houston,-0.05,76,https://www.teamrankings.com/college-football/stat/points-per-play-margin?date=2021-01-12
2020,2021-01-12,Stanford,stanford,-0.054,77,https://www.teamrankings.com/college-football/stat/points-per-play-margin?date=2021-01-12
2020,2021-01-12,Rutgers,rutgers,-0.059,78,https://www.teamrankings.com/college-football/stat/points-per-play-margin?date=2021-01-12
2020,2021-01-12,Arkansas,arkansas,-0.068,79,https://www.teamrankings.com/college-football/stat/points-per-play-margin?date=2021-01-12
2020,2021-01-12,Wake Forest,wakeforest,-0.069,80,https://www.teamrankings.com/college-football/stat/points-per-play-margin?date=2021-01-12
2020,2021-01-12,Colorado,colorado,-0.07,81,https://www.teamrankings.com/college-football/stat/points-per-play-margin?date=2021-01-12
2020,2021-01-12,Texas St,texasst,-0.07,82,https://www.teamrankings.com/college-football/stat/points-per-play-margin?date=2021-01-12
2020,2021-01-12,Texas Tech,texastech,-0.076,83,https://www.teamrankings.com/college-football/stat/points-per-play-margin?date=2021-01-12
2020,2021-01-12,Virginia,virginia,-0.077,84,https://www.teamrankings.com/college-football/stat/points-per-play-margin?date=2021-01-12
2020,2021-01-12,W Kentucky,wkentucky,-0.078,85,https://www.teamrankings.com/college-football/stat/points-per-play-margin?date=2021-01-12
2020,2021-01-12,E Carolina,ecarolina,-0.08,86,https://www.teamrankings.com/college-football/stat/points-per-play-margin?date=2021-01-12
2020,2021-01-12,Oregon St,oregonst,-0.081,87,https://www.teamrankings.com/college-football/stat/points-per-play-margin?date=2021-01-12
2020,2021-01-12,Nebraska,nebraska,-0.086,88,https://www.teamrankings.com/college-football/stat/points-per-play-margin?date=2021-01-12
2020,2021-01-12,Mississippi St,mississippist,-0.088,89,https://www.teamrankings.com/college-football/stat/points-per-play-margin?date=2021-01-12
2020,2021-01-12,Baylor,baylor,-0.09,90,https://www.teamrankings.com/college-football/stat/points-per-play-margin?date=2021-01-12
2020,2021-01-12,Southern Miss,southernmiss,-0.092,91,https://www.teamrankings.com/college-football/stat/points-per-play-margin?date=2021-01-12
2020,2021-01-12,LSU,lsu,-0.103,92,https://www.teamrankings.com/college-football/stat/points-per-play-margin?date=2021-01-12
2020,2021-01-12,Missouri,missouri,-0.104,93,https://www.teamrankings.com/college-football/stat/points-per-play-margin?date=2021-01-12
2020,2021-01-12,Minnesota,minnesota,-0.105,94,https://www.teamrankings.com/college-football/stat/points-per-play-margin?date=2021-01-12
2020,2021-01-12,Tennessee,tennessee,-0.107,95,https://www.teamrankings.com/college-football/stat/points-per-play-margin?date=2021-01-12
2020,2021-01-12,Syracuse,syracuse,-0.117,96,https://www.teamrankings.com/college-football/stat/points-per-play-margin?date=2021-01-12
2020,2021-01-12,Florida Intl,floridaintl,-0.12,97,https://www.teamrankings.com/college-football/stat/points-per-play-margin?date=2021-01-12
2020,2021-01-12,Arkansas St,arkansasst,-0.122,98,https://www.teamrankings.com/college-football/stat/points-per-play-margin?date=2021-01-12
2020,2021-01-12,Georgia Tech,georgiatech,-0.122,99,https://www.teamrankings.com/college-football/stat/points-per-play-margin?date=2021-01-12
2020,2021-01-12,Charlotte,charlotte,-0.126,100,https://www.teamrankings.com/college-football/stat/points-per-play-margin?date=2021-01-12
2020,2021-01-12,S Alabama,salabama,-0.127,101,https://www.teamrankings.com/college-football/stat/points-per-play-margin?date=2021-01-12
2020,2021-01-12,California,california,-0.131,102,https://www.teamrankings.com/college-football/stat/points-per-play-margin?date=2021-01-12
2020,2021-01-12,Colorado St,coloradost,-0.141,103,https://www.teamrankings.com/college-football/stat/points-per-play-margin?date=2021-01-12
2020,2021-01-12,Washington St,washingtonst,-0.144,104,https://www.teamrankings.com/college-football/stat/points-per-play-margin?date=2021-01-12
2020,2021-01-12,Middle Tenn,middletenn,-0.157,105,https://www.teamrankings.com/college-football/stat/points-per-play-margin?date=2021-01-12
2020,2021-01-12,New Mexico,newmexico,-0.161,106,https://www.teamrankings.com/college-football/stat/points-per-play-margin?date=2021-01-12
2020,2021-01-12,Illinois,illinois,-0.172,107,https://www.teamrankings.com/college-football/stat/points-per-play-margin?date=2021-01-12
2020,2021-01-12,South Carolina,southcarolina,-0.173,108,https://www.teamrankings.com/college-football/stat/points-per-play-margin?date=2021-01-12
2020,2021-01-12,N Texas,ntexas,-0.174,109,https://www.teamrankings.com/college-football/stat/points-per-play-margin?date=2021-01-12
2020,2021-01-12,Florida St,floridast,-0.183,110,https://www.teamrankings.com/college-football/stat/points-per-play-margin?date=2021-01-12
2020,2021-01-12,Louisiana Tech,louisianatech,-0.187,111,https://www.teamrankings.com/college-football/stat/points-per-play-margin?date=2021-01-12
2020,2021-01-12,Duke,duke,-0.201,112,https://www.teamrankings.com/college-football/stat/points-per-play-margin?date=2021-01-12
2020,2021-01-12,Navy,navy,-0.202,113,https://www.teamrankings.com/college-football/stat/points-per-play-margin?date=2021-01-12
2020,2021-01-12,Michigan St,michiganst,-0.203,114,https://www.teamrankings.com/college-football/stat/points-per-play-margin?date=2021-01-12
2020,2021-01-12,UTEP,utep,-0.206,115,https://www.teamrankings.com/college-football/stat/points-per-play-margin?date=2021-01-12
2020,2021-01-12,Utah St,utahst,-0.211,116,https://www.teamrankings.com/college-football/stat/points-per-play-margin?date=2021-01-12
2020,2021-01-12,N Illinois,nillinois,-0.268,117,https://www.teamrankings.com/college-football/stat/points-per-play-margin?date=2021-01-12
2020,2021-01-12,Temple,temple,-0.276,118,https://www.teamrankings.com/college-football/stat/points-per-play-margin?date=2021-01-12
2020,2021-01-12,S Florida,sflorida,-0.303,119,https://www.teamrankings.com/college-football/stat/points-per-play-margin?date=2021-01-12
2020,2021-01-12,UNLV,unlv,-0.314,120,https://www.teamrankings.com/college-football/stat/points-per-play-margin?date=2021-01-12
2020,2021-01-12,Vanderbilt,vanderbilt,-0.341,121,https://www.teamrankings.com/college-football/stat/points-per-play-margin?date=2021-01-12
2020,2021-01-12,Arizona,arizona,-0.341,122,https://www.teamrankings.com/college-football/stat/points-per-play-margin?date=2021-01-12
2020,2021-01-12,UL Monroe,ulmonroe,-0.36,123,https://www.teamrankings.com/college-football/stat/points-per-play-margin?date=2021-01-12
2020,2021-01-12,Akron,akron,-0.396,124,https://www.teamrankings.com/college-football/stat/points-per-play-margin?date=2021-01-12
2020,2021-01-12,Bowling Green,bowlinggreen,-0.444,125,https://www.teamrankings.com/college-football/stat/points-per-play-margin?date=2021-01-12
2020,2021-01-12,Kansas,kansas,-0.447,126,https://www.teamrankings.com/college-football/stat/points-per-play-margin?date=2021-01-12
2020,2021-01-12,UMass,umass,-0.506,127,https://www.teamrankings.com/college-football/stat/points-per-play-margin?date=2021-01-12
2021,2022-01-11,Georgia,georgia,0.43,1,https://www.teamrankings.com/college-football/stat/points-per-play-margin?date=2022-01-11
2021,2022-01-11,Cincinnati,cincinnati,0.336,2,https://www.teamrankings.com/college-football/stat/points-per-play-margin?date=2022-01-11
2021,2022-01-11,Ohio St,ohiost,0.324,3,https://www.teamrankings.com/college-football/stat/points-per-play-margin?date=2022-01-11
2021,2022-01-11,Coastal Car,coastalcar,0.271,4,https://www.teamrankings.com/college-football/stat/points-per-play-margin?date=2022-01-11
2021,2022-01-11,Michigan,michigan,0.259,5,https://www.teamrankings.com/college-football/stat/points-per-play-margin?date=2022-01-11
2021,2022-01-11,Notre Dame,notredame,0.212,6,https://www.teamrankings.com/college-football/stat/points-per-play-margin?date=2022-01-11
2021,2022-01-11,Alabama,alabama,0.202,7,https://www.teamrankings.com/college-football/stat/points-per-play-margin?date=2022-01-11
2021,2022-01-11,Utah,utah,0.184,8,https://www.teamrankings.com/college-football/stat/points-per-play-margin?date=2022-01-11
2021,2022-01-11,W Kentucky,wkentucky,0.183,9,https://www.teamrankings.com/college-football/stat/points-per-play-margin?date=2022-01-11
2021,2022-01-11,Texas A&M,texasaandm,0.178,10,https://www.teamrankings.com/college-football/stat/points-per-play-margin?date=2022-01-11
2021,2022-01-11,Louisiana,louisiana,0.176,11,https://www.teamrankings.com/college-football/stat/points-per-play-margin?date=2022-01-11
2021,2022-01-11,Pittsburgh,pittsburgh,0.163,12,https://www.teamrankings.com/college-football/stat/points-per-play-margin?date=2022-01-11
2021,2022-01-11,NC State,ncstate,0.163,13,https://www.teamrankings.com/college-football/stat/points-per-play-margin?date=2022-01-11
2021,2022-01-11,Toledo,toledo,0.158,14,https://www.teamrankings.com/college-football/stat/points-per-play-margin?date=2022-01-11
2021,2022-01-11,Baylor,baylor,0.156,15,https://www.teamrankings.com/college-football/stat/points-per-play-margin?date=2022-01-11
2021,2022-01-11,Houston,houston,0.154,16,https://www.teamrankings.com/college-football/stat/points-per-play-margin?date=2022-01-11
2021,2022-01-11,Kansas St,kansasst,0.153,17,https://www.teamrankings.com/college-football/stat/points-per-play-margin?date=2022-01-11
2021,2022-01-11,Iowa St,iowast,0.147,18,https://www.teamrankings.com/college-football/stat/points-per-play-margin?date=2022-01-11
2021,2022-01-11,Marshall,marshall,0.144,19,https://www.teamrankings.com/college-football/stat/points-per-play-margin?date=2022-01-11
2021,2022-01-11,Oklahoma,oklahoma,0.144,20,https://www.teamrankings.com/college-football/stat/points-per-play-margin?date=2022-01-11
2021,2022-01-11,Kentucky,kentucky,0.142,21,https://www.teamrankings.com/college-football/stat/points-per-play-margin?date=2022-01-11
2021,2022-01-11,App State,appstate,0.137,22,https://www.teamrankings.com/college-football/stat/points-per-play-margin?date=2022-01-11
2021,2022-01-11,UCLA,ucla,0.136,23,https://www.teamrankings.com/college-football/stat/points-per-play-margin?date=2022-01-11
2021,2022-01-11,Oklahoma St,oklahomast,0.135,24,https://www.teamrankings.com/college-football/stat/points-per-play-margin?date=2022-01-11
2021,2022-01-11,Clemson,clemson,0.13,25,https://www.teamrankings.com/college-football/stat/points-per-play-margin?date=2022-01-11
2021,2022-01-11,Michigan St,michiganst,0.128,26,https://www.teamrankings.com/college-football/stat/points-per-play-margin?date=2022-01-11
2021,2022-01-11,Liberty,liberty,0.125,27,https://www.teamrankings.com/college-football/stat/points-per-play-margin?date=2022-01-11
2021,2022-01-11,Boise St,boisest,0.116,28,https://www.teamrankings.com/college-football/stat/points-per-play-margin?date=2022-01-11
2021,2022-01-11,Arizona St,arizonast,0.115,29,https://www.teamrankings.com/college-football/stat/points-per-play-margin?date=2022-01-11
2021,2022-01-11,Tennessee,tennessee,0.111,30,https://www.teamrankings.com/college-football/stat/points-per-play-margin?date=2022-01-11
2021,2022-01-11,San Diego St,sandiegost,0.109,31,https://www.teamrankings.com/college-football/stat/points-per-play-margin?date=2022-01-11
2021,2022-01-11,Wisconsin,wisconsin,0.106,32,https://www.teamrankings.com/college-football/stat/points-per-play-margin?date=2022-01-11
2021,2022-01-11,UCF,ucf,0.105,33,https://www.teamrankings.com/college-football/stat/points-per-play-margin?date=2022-01-11
2021,2022-01-11,Nevada,nevada,0.103,34,https://www.teamrankings.com/college-football/stat/points-per-play-margin?date=2022-01-11
2021,2022-01-11,UTSA,utsa,0.101,35,https://www.teamrankings.com/college-football/stat/points-per-play-margin?date=2022-01-11
2021,2022-01-11,Penn St,pennst,0.098,36,https://www.teamrankings.com/college-football/stat/points-per-play-margin?date=2022-01-11
2021,2022-01-11,UAB,uab,0.098,37,https://www.teamrankings.com/college-football/stat/points-per-play-margin?date=2022-01-11
2021,2022-01-11,Wake Forest,wakeforest,0.096,38,https://www.teamrankings.com/college-football/stat/points-per-play-margin?date=2022-01-11
2021,2022-01-11,Fresno St,fresnost,0.094,39,https://www.teamrankings.com/college-football/stat/points-per-play-margin?date=2022-01-11
2021,2022-01-11,BYU,byu,0.091,40,https://www.teamrankings.com/college-football/stat/points-per-play-margin?date=2022-01-11
2021,2022-01-11,Minnesota,minnesota,0.085,41,https://www.teamrankings.com/college-football/stat/points-per-play-margin?date=2022-01-11
2021,2022-01-11,Iowa,iowa,0.081,42,https://www.teamrankings.com/college-football/stat/points-per-play-margin?date=2022-01-11
2021,2022-01-11,Texas,texas,0.079,43,https://www.teamrankings.com/college-football/stat/points-per-play-margin?date=2022-01-11
2021,2022-01-11,Air Force,airforce,0.078,44,https://www.teamrankings.com/college-football/stat/points-per-play-margin?date=2022-01-11
2021,2022-01-11,Mississippi,mississippi,0.075,45,https://www.teamrankings.com/college-football/stat/points-per-play-margin?date=2022-01-11
2021,2022-01-11,SMU,smu,0.074,46,https://www.teamrankings.com/college-football/stat/points-per-play-margin?date=2022-01-11
2021,2022-01-11,Arkansas,arkansas,0.063,47,https://www.teamrankings.com/college-football/stat/points-per-play-margin?date=2022-01-11
2021,2022-01-11,Louisville,louisville,0.062,48,https://www.teamrankings.com/college-football/stat/points-per-play-margin?date=2022-01-11
2021,2022-01-11,Florida St,floridast,0.055,49,https://www.teamrankings.com/college-football/stat/points-per-play-margin?date=2022-01-11
2021,2022-01-11,Army,army,0.055,50,https://www.teamrankings.com/college-football/stat/points-per-play-margin?date=2022-01-11
2021,2022-01-11,Miami OH,miamioh,0.051,51,https://www.teamrankings.com/college-football/stat/points-per-play-margin?date=2022-01-11
2021,2022-01-11,Wyoming,wyoming,0.051,52,https://www.teamrankings.com/college-football/stat/points-per-play-margin?date=2022-01-11
2021,2022-01-11,Utah St,utahst,0.049,53,https://www.teamrankings.com/college-football/stat/points-per-play-margin?date=2022-01-11
2021,2022-01-11,Purdue,purdue,0.049,54,https://www.teamrankings.com/college-football/stat/points-per-play-margin?date=2022-01-11
2021,2022-01-11,Georgia St,georgiast,0.047,55,https://www.teamrankings.com/college-football/stat/points-per-play-margin?date=2022-01-11
2021,2022-01-11,Oregon St,oregonst,0.046,56,https://www.teamrankings.com/college-football/stat/points-per-play-margin?date=2022-01-11
2021,2022-01-11,Oregon,oregon,0.045,57,https://www.teamrankings.com/college-football/stat/points-per-play-margin?date=2022-01-11
2021,2022-01-11,Washington St,washingtonst,0.038,58,https://www.teamrankings.com/college-football/stat/points-per-play-margin?date=2022-01-11
2021,2022-01-11,Auburn,auburn,0.037,59,https://www.teamrankings.com/college-football/stat/points-per-play-margin?date=2022-01-11
2021,2022-01-11,C Michigan,cmichigan,0.037,60,https://www.teamrankings.com/college-football/stat/points-per-play-margin?date=2022-01-11
2021,2022-01-11,Nebraska,nebraska,0.035,61,https://www.teamrankings.com/college-football/stat/points-per-play-margin?date=2022-01-11
2021,2022-01-11,Florida,florida,0.026,62,https://www.teamrankings.com/college-football/stat/points-per-play-margin?date=2022-01-11
2021,2022-01-11,Middle Tenn,middletenn,0.022,63,https://www.teamrankings.com/college-football/stat/points-per-play-margin?date=2022-01-11
2021,2022-01-11,California,california,0.021,64,https://www.teamrankings.com/college-football/stat/points-per-play-margin?date=2022-01-11
2021,2022-01-11,Memphis,memphis,0.021,65,https://www.teamrankings.com/college-football/stat/points-per-play-margin?date=2022-01-11
2021,2022-01-11,North Carolina,northcarolina,0.019,66,https://www.teamrankings.com/college-football/stat/points-per-play-margin?date=2022-01-11
2021,2022-01-11,Texas Tech,texastech,0.014,67,https://www.teamrankings.com/college-football/stat/points-per-play-margin?date=2022-01-11
2021,2022-01-11,UTEP,utep,0.008,68,https://www.teamrankings.com/college-football/stat/points-per-play-margin?date=2022-01-11
2021,2022-01-11,Washington,washington,0.008,69,https://www.teamrankings.com/college-football/stat/points-per-play-margin?date=2022-01-11
2021,2022-01-11,Miami,miami,-0.001,70,https://www.teamrankings.com/college-football/stat/points-per-play-margin?date=2022-01-11
2021,2022-01-11,Illinois,illinois,-0.005,71,https://www.teamrankings.com/college-football/stat/points-per-play-margin?date=2022-01-11
2021,2022-01-11,Hawai'i,hawaii,-0.008,72,https://www.teamrankings.com/college-football/stat/points-per-play-margin?date=2022-01-11
2021,2022-01-11,E Michigan,emichigan,-0.026,73,https://www.teamrankings.com/college-football/stat/points-per-play-margin?date=2022-01-11
2021,2022-01-11,Old Dominion,olddominion,-0.03,74,https://www.teamrankings.com/college-football/stat/points-per-play-margin?date=2022-01-11
2021,2022-01-11,LSU,lsu,-0.03,75,https://www.teamrankings.com/college-football/stat/points-per-play-margin?date=2022-01-11
2021,2022-01-11,Virginia Tech,virginiatech,-0.03,76,https://www.teamrankings.com/college-football/stat/points-per-play-margin?date=2022-01-11
2021,2022-01-11,E Carolina,ecarolina,-0.032,77,https://www.teamrankings.com/college-football/stat/points-per-play-margin?date=2022-01-11
2021,2022-01-11,Boston College,bostoncollege,-0.033,78,https://www.teamrankings.com/college-football/stat/points-per-play-margin?date=2022-01-11
2021,2022-01-11,Florida Atlantic,floridaatlantic,-0.033,79,https://www.teamrankings.com/college-football/stat/points-per-play-margin?date=2022-01-11
2021,2022-01-11,Tulsa,tulsa,-0.039,80,https://www.teamrankings.com/college-football/stat/points-per-play-margin?date=2022-01-11
2021,2022-01-11,Virginia,virginia,-0.042,81,https://www.teamrankings.com/college-football/stat/points-per-play-margin?date=2022-01-11
2021,2022-01-11,Colorado St,coloradost,-0.06,82,https://www.teamrankings.com/college-football/stat/points-per-play-margin?date=2022-01-11
2021,2022-01-11,Ball St,ballst,-0.061,83,https://www.teamrankings.com/college-football/stat/points-per-play-margin?date=2022-01-11
2021,2022-01-11,S Alabama,salabama,-0.061,84,https://www.teamrankings.com/college-football/stat/points-per-play-margin?date=2022-01-11
2021,2022-01-11,W Michigan,wmichigan,-0.071,85,https://www.teamrankings.com/college-football/stat/points-per-play-margin?date=2022-01-11
2021,2022-01-11,Syracuse,syracuse,-0.071,86,https://www.teamrankings.com/college-football/stat/points-per-play-margin?date=2022-01-11
2021,2022-01-11,South Carolina,southcarolina,-0.072,87,https://www.teamrankings.com/college-football/stat/points-per-play-margin?date=2022-01-11
2021,2022-01-11,West Virginia,westvirginia,-0.081,88,https://www.teamrankings.com/college-football/stat/points-per-play-margin?date=2022-01-11
2021,2022-01-11,N Illinois,nillinois,-0.082,89,https://www.teamrankings.com/college-football/stat/points-per-play-margin?date=2022-01-11
2021,2022-01-11,Ohio,ohio,-0.083,90,https://www.teamrankings.com/college-football/stat/points-per-play-margin?date=2022-01-11
2021,2022-01-11,Maryland,maryland,-0.083,91,https://www.teamrankings.com/college-football/stat/points-per-play-margin?date=2022-01-11
2021,2022-01-11,Mississippi St,mississippist,-0.084,92,https://www.teamrankings.com/college-football/stat/points-per-play-margin?date=2022-01-11
2021,2022-01-11,N Texas,ntexas,-0.09,93,https://www.teamrankings.com/college-football/stat/points-per-play-margin?date=2022-01-11
2021,2022-01-11,Kent St,kentst,-0.093,94,https://www.teamrankings.com/college-football/stat/points-per-play-margin?date=2022-01-11
2021,2022-01-11,San Jose St,sanjosest,-0.093,95,https://www.teamrankings.com/college-football/stat/points-per-play-margin?date=2022-01-11
2021,2022-01-11,Louisiana Tech,louisianatech,-0.098,96,https://www.teamrankings.com/college-football/stat/points-per-play-margin?date=2022-01-11
2021,2022-01-11,Troy,troy,-0.099,97,https://www.teamrankings.com/college-football/stat/points-per-play-margin?date=2022-01-11
2021,2022-01-11,Texas St,texasst,-0.107,98,https://www.teamrankings.com/college-football/stat/points-per-play-margin?date=2022-01-11
2021,2022-01-11,Missouri,missouri,-0.107,99,https://www.teamrankings.com/college-football/stat/points-per-play-margin?date=2022-01-11
2021,2022-01-11,USC,usc,-0.11,100,https://www.teamrankings.com/college-football/stat/points-per-play-margin?date=2022-01-11
2021,2022-01-11,Colorado,colorado,-0.117,101,https://www.teamrankings.com/college-football/stat/points-per-play-margin?date=2022-01-11
2021,2022-01-11,Tulane,tulane,-0.117,102,https://www.teamrankings.com/college-football/stat/points-per-play-margin?date=2022-01-11
2021,2022-01-11,Buffalo,buffalo,-0.125,103,https://www.teamrankings.com/college-football/stat/points-per-play-margin?date=2022-01-11
2021,2022-01-11,Stanford,stanford,-0.128,104,https://www.teamrankings.com/college-football/stat/points-per-play-margin?date=2022-01-11
2021,2022-01-11,Bowling Green,bowlinggreen,-0.13,105,https://www.teamrankings.com/college-football/stat/points-per-play-margin?date=2022-01-11
2021,2022-01-11,Rutgers,rutgers,-0.14,106,https://www.teamrankings.com/college-football/stat/points-per-play-margin?date=2022-01-11
2021,2022-01-11,TCU,tcu,-0.164,107,https://www.teamrankings.com/college-football/stat/points-per-play-margin?date=2022-01-11
2021,2022-01-11,Georgia So,georgiaso,-0.167,108,https://www.teamrankings.com/college-football/stat/points-per-play-margin?date=2022-01-11
2021,2022-01-11,Charlotte,charlotte,-0.171,109,https://www.teamrankings.com/college-football/stat/points-per-play-margin?date=2022-01-11
2021,2022-01-11,UNLV,unlv,-0.172,110,https://www.teamrankings.com/college-football/stat/points-per-play-margin?date=2022-01-11
2021,2022-01-11,Georgia Tech,georgiatech,-0.173,111,https://www.teamrankings.com/college-football/stat/points-per-play-margin?date=2022-01-11
2021,2022-01-11,Navy,navy,-0.182,112,https://www.teamrankings.com/college-football/stat/points-per-play-margin?date=2022-01-11
2021,2022-01-11,UL Monroe,ulmonroe,-0.19,113,https://www.teamrankings.com/college-football/stat/points-per-play-margin?date=2022-01-11
2021,2022-01-11,Northwestern,northwestern,-0.206,114,https://www.teamrankings.com/college-football/stat/points-per-play-margin?date=2022-01-11
2021,2022-01-11,Southern Miss,southernmiss,-0.234,115,https://www.teamrankings.com/college-football/stat/points-per-play-margin?date=2022-01-11
2021,2022-01-11,S Florida,sflorida,-0.238,116,https://www.teamrankings.com/college-football/stat/points-per-play-margin?date=2022-01-11
2021,2022-01-11,Arkansas St,arkansasst,-0.239,117,https://www.teamrankings.com/college-football/stat/points-per-play-margin?date=2022-01-11
2021,2022-01-11,New Mexico,newmexico,-0.252,118,https://www.teamrankings.com/college-football/stat/points-per-play-margin?date=2022-01-11
2021,2022-01-11,Rice,rice,-0.272,119,https://www.teamrankings.com/college-football/stat/points-per-play-margin?date=2022-01-11
2021,2022-01-11,Arizona,arizona,-0.275,120,https://www.teamrankings.com/college-football/stat/points-per-play-margin?date=2022-01-11
2021,2022-01-11,Vanderbilt,vanderbilt,-0.298,121,https://www.teamrankings.com/college-football/stat/points-per-play-margin?date=2022-01-11
2021,2022-01-11,Florida Intl,floridaintl,-0.299,122,https://www.teamrankings.com/college-football/stat/points-per-play-margin?date=2022-01-11
2021,2022-01-11,Duke,duke,-0.301,123,https://www.teamrankings.com/college-football/stat/points-per-play-margin?date=2022-01-11
2021,2022-01-11,Indiana,indiana,-0.305,124,https://www.teamrankings.com/college-football/stat/points-per-play-margin?date=2022-01-11
2021,2022-01-11,Kansas,kansas,-0.317,125,https://www.teamrankings.com/college-football/stat/points-per-play-margin?date=2022-01-11
2021,2022-01-11,Temple,temple,-0.322,126,https://www.teamrankings.com/college-football/stat/points-per-play-margin?date=2022-01-11
2021,2022-01-11,UConn,uconn,-0.326,127,https://www.teamrankings.com/college-football/stat/points-per-play-margin?date=2022-01-11
2021,2022-01-11,New Mexico St,newmexicost,-0.343,128,https://www.teamrankings.com/college-football/stat/points-per-play-margin?date=2022-01-11
2021,2022-01-11,Akron,akron,-0.363,129,https://www.teamrankings.com/college-football/stat/points-per-play-margin?date=2022-01-11
2021,2022-01-11,UMass,umass,-0.395,130,https://www.teamrankings.com/college-football/stat/points-per-play-margin?date=2022-01-11
2022,2023-01-10,Georgia,georgia,0.357,1,https://www.teamrankings.com/college-football/stat/points-per-play-margin?date=2023-01-10
2022,2023-01-10,Michigan,michigan,0.328,2,https://www.teamrankings.com/college-football/stat/points-per-play-margin?date=2023-01-10
2022,2023-01-10,Alabama,alabama,0.327,3,https://www.teamrankings.com/college-football/stat/points-per-play-margin?date=2023-01-10
2022,2023-01-10,Ohio St,ohiost,0.323,4,https://www.teamrankings.com/college-football/stat/points-per-play-margin?date=2023-01-10
2022,2023-01-10,Tennessee,tennessee,0.313,5,https://www.teamrankings.com/college-football/stat/points-per-play-margin?date=2023-01-10
2022,2023-01-10,Penn St,pennst,0.251,6,https://www.teamrankings.com/college-football/stat/points-per-play-margin?date=2023-01-10
2022,2023-01-10,Texas,texas,0.22,7,https://www.teamrankings.com/college-football/stat/points-per-play-margin?date=2023-01-10
2022,2023-01-10,Florida St,floridast,0.193,8,https://www.teamrankings.com/college-football/stat/points-per-play-margin?date=2023-01-10
2022,2023-01-10,Tulane,tulane,0.191,9,https://www.teamrankings.com/college-football/stat/points-per-play-margin?date=2023-01-10
2022,2023-01-10,W Kentucky,wkentucky,0.174,10,https://www.teamrankings.com/college-football/stat/points-per-play-margin?date=2023-01-10
2022,2023-01-10,Oregon St,oregonst,0.157,11,https://www.teamrankings.com/college-football/stat/points-per-play-margin?date=2023-01-10
2022,2023-01-10,Minnesota,minnesota,0.152,12,https://www.teamrankings.com/college-football/stat/points-per-play-margin?date=2023-01-10
2022,2023-01-10,USC,usc,0.139,13,https://www.teamrankings.com/college-football/stat/points-per-play-margin?date=2023-01-10
2022,2023-01-10,Fresno St,fresnost,0.139,14,https://www.teamrankings.com/college-football/stat/points-per-play-margin?date=2023-01-10
2022,2023-01-10,Duke,duke,0.138,15,https://www.teamrankings.com/college-football/stat/points-per-play-margin?date=2023-01-10
2022,2023-01-10,TCU,tcu,0.136,16,https://www.teamrankings.com/college-football/stat/points-per-play-margin?date=2023-01-10
2022,2023-01-10,Air Force,airforce,0.13,17,https://www.teamrankings.com/college-football/stat/points-per-play-margin?date=2023-01-10
2022,2023-01-10,Troy,troy,0.128,18,https://www.teamrankings.com/college-football/stat/points-per-play-margin?date=2023-01-10
2022,2023-01-10,Utah,utah,0.127,19,https://www.teamrankings.com/college-football/stat/points-per-play-margin?date=2023-01-10
2022,2023-01-10,Boise St,boisest,0.123,20,https://www.teamrankings.com/college-football/stat/points-per-play-margin?date=2023-01-10
2022,2023-01-10,Washington,washington,0.122,21,https://www.teamrankings.com/college-football/stat/points-per-play-margin?date=2023-01-10
2022,2023-01-10,Kansas St,kansasst,0.121,22,https://www.teamrankings.com/college-football/stat/points-per-play-margin?date=2023-01-10
2022,2023-01-10,Clemson,clemson,0.121,23,https://www.teamrankings.com/college-football/stat/points-per-play-margin?date=2023-01-10
2022,2023-01-10,Notre Dame,notredame,0.119,24,https://www.teamrankings.com/college-football/stat/points-per-play-margin?date=2023-01-10
2022,2023-01-10,J Madison,jmadison,0.116,25,https://www.teamrankings.com/college-football/stat/points-per-play-margin?date=2023-01-10
2022,2023-01-10,UCLA,ucla,0.108,26,https://www.teamrankings.com/college-football/stat/points-per-play-margin?date=2023-01-10
2022,2023-01-10,Louisville,louisville,0.107,27,https://www.teamrankings.com/college-football/stat/points-per-play-margin?date=2023-01-10
2022,2023-01-10,Illinois,illinois,0.106,28,https://www.teamrankings.com/college-football/stat/points-per-play-margin?date=2023-01-10
2022,2023-01-10,Cincinnati,cincinnati,0.101,29,https://www.teamrankings.com/college-football/stat/points-per-play-margin?date=2023-01-10
2022,2023-01-10,Iowa,iowa,0.1,30,https://www.teamrankings.com/college-football/stat/points-per-play-margin?date=2023-01-10
2022,2023-01-10,LSU,lsu,0.1,31,https://www.teamrankings.com/college-football/stat/points-per-play-margin?date=2023-01-10
2022,2023-01-10,UTSA,utsa,0.091,32,https://www.teamrankings.com/college-football/stat/points-per-play-margin?date=2023-01-10
2022,2023-01-10,San Jose St,sanjosest,0.09,33,https://www.teamrankings.com/college-football/stat/points-per-play-margin?date=2023-01-10
2022,2023-01-10,Oregon,oregon,0.089,34,https://www.teamrankings.com/college-football/stat/points-per-play-margin?date=2023-01-10
2022,2023-01-10,Houston,houston,0.07,35,https://www.teamrankings.com/college-football/stat/points-per-play-margin?date=2023-01-10
2022,2023-01-10,Pittsburgh,pittsburgh,0.067,36,https://www.teamrankings.com/college-football/stat/points-per-play-margin?date=2023-01-10
2022,2023-01-10,Maryland,maryland,0.066,37,https://www.teamrankings.com/college-football/stat/points-per-play-margin?date=2023-01-10
2022,2023-01-10,S Alabama,salabama,0.065,38,https://www.teamrankings.com/college-football/stat/points-per-play-margin?date=2023-01-10
2022,2023-01-10,Ohio,ohio,0.064,39,https://www.teamrankings.com/college-football/stat/points-per-play-margin?date=2023-01-10
2022,2023-01-10,Oklahoma,oklahoma,0.055,40,https://www.teamrankings.com/college-football/stat/points-per-play-margin?date=2023-01-10
2022,2023-01-10,Mississippi St,mississippist,0.051,41,https://www.teamrankings.com/college-football/stat/points-per-play-margin?date=2023-01-10
2022,2023-01-10,Wisconsin,wisconsin,0.051,42,https://www.teamrankings.com/college-football/stat/points-per-play-margin?date=2023-01-10
2022,2023-01-10,Memphis,memphis,0.051,43,https://www.teamrankings.com/college-football/stat/points-per-play-margin?date=2023-01-10
2022,2023-01-10,Wake Forest,wakeforest,0.05,44,https://www.teamrankings.com/college-football/stat/points-per-play-margin?date=2023-01-10
2022,2023-01-10,UAB,uab,0.048,45,https://www.teamrankings.com/college-football/stat/points-per-play-margin?date=2023-01-10
2022,2023-01-10,Washington St,washingtonst,0.048,46,https://www.teamrankings.com/college-football/stat/points-per-play-margin?date=2023-01-10
2022,2023-01-10,South Carolina,southcarolina,0.047,47,https://www.teamrankings.com/college-football/stat/points-per-play-margin?date=2023-01-10
2022,2023-01-10,Liberty,liberty,0.045,48,https://www.teamrankings.com/college-football/stat/points-per-play-margin?date=2023-01-10
2022,2023-01-10,BYU,byu,0.045,49,https://www.teamrankings.com/college-football/stat/points-per-play-margin?date=2023-01-10
2022,2023-01-10,Kansas,kansas,0.044,50,https://www.teamrankings.com/college-football/stat/points-per-play-margin?date=2023-01-10
2022,2023-01-10,N Texas,ntexas,0.042,51,https://www.teamrankings.com/college-football/stat/points-per-play-margin?date=2023-01-10
2022,2023-01-10,UCF,ucf,0.04,52,https://www.teamrankings.com/college-football/stat/points-per-play-margin?date=2023-01-10
2022,2023-01-10,Mississippi,mississippi,0.036,53,https://www.teamrankings.com/college-football/stat/points-per-play-margin?date=2023-01-10
2022,2023-01-10,Louisiana,louisiana,0.033,54,https://www.teamrankings.com/college-football/stat/points-per-play-margin?date=2023-01-10
2022,2023-01-10,Toledo,toledo,0.033,55,https://www.teamrankings.com/college-football/stat/points-per-play-margin?date=2023-01-10
2022,2023-01-10,Marshall,marshall,0.03,56,https://www.teamrankings.com/college-football/stat/points-per-play-margin?date=2023-01-10
2022,2023-01-10,Syracuse,syracuse,0.028,57,https://www.teamrankings.com/college-football/stat/points-per-play-margin?date=2023-01-10
2022,2023-01-10,Texas A&M,texasaandm,0.025,58,https://www.teamrankings.com/college-football/stat/points-per-play-margin?date=2023-01-10
2022,2023-01-10,E Carolina,ecarolina,0.015,59,https://www.teamrankings.com/college-football/stat/points-per-play-margin?date=2023-01-10
2022,2023-01-10,Florida Atlantic,floridaatlantic,0.011,60,https://www.teamrankings.com/college-football/stat/points-per-play-margin?date=2023-01-10
2022,2023-01-10,Army,army,0.009,61,https://www.teamrankings.com/college-football/stat/points-per-play-margin?date=2023-01-10
2022,2023-01-10,Baylor,baylor,0.004,62,https://www.teamrankings.com/college-football/stat/points-per-play-margin?date=2023-01-10
2022,2023-01-10,NC State,ncstate,0.003,63,https://www.teamrankings.com/college-football/stat/points-per-play-margin?date=2023-01-10
2022,2023-01-10,Michigan St,michiganst,0.001,64,https://www.teamrankings.com/college-football/stat/points-per-play-margin?date=2023-01-10
2022,2023-01-10,Arkansas,arkansas,0.001,65,https://www.teamrankings.com/college-football/stat/points-per-play-margin?date=2023-01-10
2022,2023-01-10,Southern Miss,southernmiss,0.0,66,https://www.teamrankings.com/college-football/stat/points-per-play-margin?date=2023-01-10
2022,2023-01-10,North Carolina,northcarolina,-0.004,67,https://www.teamrankings.com/college-football/stat/points-per-play-margin?date=2023-01-10
2022,2023-01-10,San Diego St,sandiegost,-0.007,68,https://www.teamrankings.com/college-football/stat/points-per-play-margin?date=2023-01-10
2022,2023-01-10,Wyoming,wyoming,-0.009,69,https://www.teamrankings.com/college-football/stat/points-per-play-margin?date=2023-01-10
2022,2023-01-10,E Michigan,emichigan,-0.011,70,https://www.teamrankings.com/college-football/stat/points-per-play-margin?date=2023-01-10
2022,2023-01-10,Florida,florida,-0.015,71,https://www.teamrankings.com/college-football/stat/points-per-play-margin?date=2023-01-10
2022,2023-01-10,App State,appstate,-0.016,72,https://www.teamrankings.com/college-football/stat/points-per-play-margin?date=2023-01-10
2022,2023-01-10,Middle Tenn,middletenn,-0.026,73,https://www.teamrankings.com/college-football/stat/points-per-play-margin?date=2023-01-10
2022,2023-01-10,Old Dominion,olddominion,-0.026,74,https://www.teamrankings.com/college-football/stat/points-per-play-margin?date=2023-01-10
2022,2023-01-10,SMU,smu,-0.027,75,https://www.teamrankings.com/college-football/stat/points-per-play-margin?date=2023-01-10
2022,2023-01-10,Miami OH,miamioh,-0.03,76,https://www.teamrankings.com/college-football/stat/points-per-play-margin?date=2023-01-10
2022,2023-01-10,Kentucky,kentucky,-0.034,77,https://www.teamrankings.com/college-football/stat/points-per-play-margin?date=2023-01-10
2022,2023-01-10,Georgia So,georgiaso,-0.034,78,https://www.teamrankings.com/college-football/stat/points-per-play-margin?date=2023-01-10
2022,2023-01-10,Buffalo,buffalo,-0.035,79,https://www.teamrankings.com/college-football/stat/points-per-play-margin?date=2023-01-10
2022,2023-01-10,Missouri,missouri,-0.036,80,https://www.teamrankings.com/college-football/stat/points-per-play-margin?date=2023-01-10
2022,2023-01-10,Georgia St,georgiast,-0.037,81,https://www.teamrankings.com/college-football/stat/points-per-play-margin?date=2023-01-10
2022,2023-01-10,UNLV,unlv,-0.042,82,https://www.teamrankings.com/college-football/stat/points-per-play-margin?date=2023-01-10
2022,2023-01-10,Oklahoma St,oklahomast,-0.043,83,https://www.teamrankings.com/college-football/stat/points-per-play-margin?date=2023-01-10
2022,2023-01-10,Nebraska,nebraska,-0.047,84,https://www.teamrankings.com/college-football/stat/points-per-play-margin?date=2023-01-10
2022,2023-01-10,Ball St,ballst,-0.049,85,https://www.teamrankings.com/college-football/stat/points-per-play-margin?date=2023-01-10
2022,2023-01-10,California,california,-0.052,86,https://www.teamrankings.com/college-football/stat/points-per-play-margin?date=2023-01-10
2022,2023-01-10,Texas Tech,texastech,-0.052,87,https://www.teamrankings.com/college-football/stat/points-per-play-margin?date=2023-01-10
2022,2023-01-10,Kent St,kentst,-0.057,88,https://www.teamrankings.com/college-football/stat/points-per-play-margin?date=2023-01-10
2022,2023-01-10,New Mexico St,newmexicost,-0.06,89,https://www.teamrankings.com/college-football/stat/points-per-play-margin?date=2023-01-10
2022,2023-01-10,Coastal Car,coastalcar,-0.062,90,https://www.teamrankings.com/college-football/stat/points-per-play-margin?date=2023-01-10
2022,2023-01-10,Arizona,arizona,-0.068,91,https://www.teamrankings.com/college-football/stat/points-per-play-margin?date=2023-01-10
2022,2023-01-10,Auburn,auburn,-0.08,92,https://www.teamrankings.com/college-football/stat/points-per-play-margin?date=2023-01-10
2022,2023-01-10,C Michigan,cmichigan,-0.082,93,https://www.teamrankings.com/college-football/stat/points-per-play-margin?date=2023-01-10
2022,2023-01-10,Navy,navy,-0.084,94,https://www.teamrankings.com/college-football/stat/points-per-play-margin?date=2023-01-10
2022,2023-01-10,UConn,uconn,-0.087,95,https://www.teamrankings.com/college-football/stat/points-per-play-margin?date=2023-01-10
2022,2023-01-10,N Illinois,nillinois,-0.091,96,https://www.teamrankings.com/college-football/stat/points-per-play-margin?date=2023-01-10
2022,2023-01-10,Virginia Tech,virginiatech,-0.093,97,https://www.teamrankings.com/college-football/stat/points-per-play-margin?date=2023-01-10
2022,2023-01-10,Tulsa,tulsa,-0.094,98,https://www.teamrankings.com/college-football/stat/points-per-play-margin?date=2023-01-10
2022,2023-01-10,UTEP,utep,-0.095,99,https://www.teamrankings.com/college-football/stat/points-per-play-margin?date=2023-01-10
2022,2023-01-10,Iowa St,iowast,-0.101,100,https://www.teamrankings.com/college-football/stat/points-per-play-margin?date=2023-01-10
2022,2023-01-10,Arizona St,arizonast,-0.101,101,https://www.teamrankings.com/college-football/stat/points-per-play-margin?date=2023-01-10
2022,2023-01-10,Bowling Green,bowlinggreen,-0.103,102,https://www.teamrankings.com/college-football/stat/points-per-play-margin?date=2023-01-10
2022,2023-01-10,Temple,temple,-0.105,103,https://www.teamrankings.com/college-football/stat/points-per-play-margin?date=2023-01-10
2022,2023-01-10,Virginia,virginia,-0.114,104,https://www.teamrankings.com/college-football/stat/points-per-play-margin?date=2023-01-10
2022,2023-01-10,West Virginia,westvirginia,-0.117,105,https://www.teamrankings.com/college-football/stat/points-per-play-margin?date=2023-01-10
2022,2023-01-10,Texas St,texasst,-0.119,106,https://www.teamrankings.com/college-football/stat/points-per-play-margin?date=2023-01-10
2022,2023-01-10,Utah St,utahst,-0.122,107,https://www.teamrankings.com/college-football/stat/points-per-play-margin?date=2023-01-10
2022,2023-01-10,Purdue,purdue,-0.13,108,https://www.teamrankings.com/college-football/stat/points-per-play-margin?date=2023-01-10
2022,2023-01-10,Arkansas St,arkansasst,-0.136,109,https://www.teamrankings.com/college-football/stat/points-per-play-margin?date=2023-01-10
2022,2023-01-10,Miami,miami,-0.15,110,https://www.teamrankings.com/college-football/stat/points-per-play-margin?date=2023-01-10
2022,2023-01-10,W Michigan,wmichigan,-0.156,111,https://www.teamrankings.com/college-football/stat/points-per-play-margin?date=2023-01-10
2022,2023-01-10,Indiana,indiana,-0.158,112,https://www.teamrankings.com/college-football/stat/points-per-play-margin?date=2023-01-10
2022,2023-01-10,Colorado St,coloradost,-0.159,113,https://www.teamrankings.com/college-football/stat/points-per-play-margin?date=2023-01-10
2022,2023-01-10,Nevada,nevada,-0.167,114,https://www.teamrankings.com/college-football/stat/points-per-play-margin?date=2023-01-10
2022,2023-01-10,Louisiana Tech,louisianatech,-0.169,115,https://www.teamrankings.com/college-football/stat/points-per-play-margin?date=2023-01-10
2022,2023-01-10,Georgia Tech,georgiatech,-0.183,116,https://www.teamrankings.com/college-football/stat/points-per-play-margin?date=2023-01-10
2022,2023-01-10,UL Monroe,ulmonroe,-0.194,117,https://www.teamrankings.com/college-football/stat/points-per-play-margin?date=2023-01-10
2022,2023-01-10,Vanderbilt,vanderbilt,-0.204,118,https://www.teamrankings.com/college-football/stat/points-per-play-margin?date=2023-01-10
2022,2023-01-10,Charlotte,charlotte,-0.209,119,https://www.teamrankings.com/college-football/stat/points-per-play-margin?date=2023-01-10
2022,2023-01-10,S Florida,sflorida,-0.214,120,https://www.teamrankings.com/college-football/stat/points-per-play-margin?date=2023-01-10
2022,2023-01-10,Stanford,stanford,-0.234,121,https://www.teamrankings.com/college-football/stat/points-per-play-margin?date=2023-01-10
2022,2023-01-10,Akron,akron,-0.234,122,https://www.teamrankings.com/college-football/stat/points-per-play-margin?date=2023-01-10
2022,2023-01-10,Boston College,bostoncollege,-0.235,123,https://www.teamrankings.com/college-football/stat/points-per-play-margin?date=2023-01-10
2022,2023-01-10,Northwestern,northwestern,-0.238,124,https://www.teamrankings.com/college-football/stat/points-per-play-margin?date=2023-01-10
2022,2023-01-10,New Mexico,newmexico,-0.239,125,https://www.teamrankings.com/college-football/stat/points-per-play-margin?date=2023-01-10
2022,2023-01-10,Rutgers,rutgers,-0.242,126,https://www.teamrankings.com/college-football/stat/points-per-play-margin?date=2023-01-10
2022,2023-01-10,Florida Intl,floridaintl,-0.246,127,https://www.teamrankings.com/college-football/stat/points-per-play-margin?date=2023-01-10
2022,2023-01-10,Rice,rice,-0.246,128,https://www.teamrankings.com/college-football/stat/points-per-play-margin?date=2023-01-10
2022,2023-01-10,Hawai'i,hawaii,-0.28,129,https://www.teamrankings.com/college-football/stat/points-per-play-margin?date=2023-01-10
2022,2023-01-10,UMass,umass,-0.37,130,https://www.teamrankings.com/college-football/stat/points-per-play-margin?date=2023-01-10
2022,2023-01-10,Colorado,colorado,-0.385,131,https://www.teamrankings.com/college-football/stat/points-per-play-margin?date=2023-01-10
2023,2024-01-09,Michigan,michigan,0.399,1,https://www.teamrankings.com/college-football/stat/points-per-play-margin?date=2024-01-09
2023,2024-01-09,Oregon,oregon,0.351,2,https://www.teamrankings.com/college-football/stat/points-per-play-margin?date=2024-01-09
2023,2024-01-09,Notre Dame,notredame,0.333,3,https://www.teamrankings.com/college-football/stat/points-per-play-margin?date=2024-01-09
2023,2024-01-09,Georgia,georgia,0.31,4,https://www.teamrankings.com/college-football/stat/points-per-play-margin?date=2024-01-09
2023,2024-01-09,Ohio St,ohiost,0.282,5,https://www.teamrankings.com/college-football/stat/points-per-play-margin?date=2024-01-09
2023,2024-01-09,Penn St,pennst,0.263,6,https://www.teamrankings.com/college-football/stat/points-per-play-margin?date=2024-01-09
2023,2024-01-09,LSU,lsu,0.251,7,https://www.teamrankings.com/college-football/stat/points-per-play-margin?date=2024-01-09
2023,2024-01-09,Oklahoma,oklahoma,0.229,8,https://www.teamrankings.com/college-football/stat/points-per-play-margin?date=2024-01-09
2023,2024-01-09,Florida St,floridast,0.215,9,https://www.teamrankings.com/college-football/stat/points-per-play-margin?date=2024-01-09
2023,2024-01-09,SMU,smu,0.214,10,https://www.teamrankings.com/college-football/stat/points-per-play-margin?date=2024-01-09
2023,2024-01-09,Texas,texas,0.203,11,https://www.teamrankings.com/college-football/stat/points-per-play-margin?date=2024-01-09
2023,2024-01-09,J Madison,jmadison,0.197,12,https://www.teamrankings.com/college-football/stat/points-per-play-margin?date=2024-01-09
2023,2024-01-09,Washington,washington,0.196,13,https://www.teamrankings.com/college-football/stat/points-per-play-margin?date=2024-01-09
2023,2024-01-09,Liberty,liberty,0.183,14,https://www.teamrankings.com/college-football/stat/points-per-play-margin?date=2024-01-09
2023,2024-01-09,Alabama,alabama,0.172,15,https://www.teamrankings.com/college-football/stat/points-per-play-margin?date=2024-01-09
2023,2024-01-09,Troy,troy,0.171,16,https://www.teamrankings.com/college-football/stat/points-per-play-margin?date=2024-01-09
2023,2024-01-09,Miami OH,miamioh,0.169,17,https://www.teamrankings.com/college-football/stat/points-per-play-margin?date=2024-01-09
2023,2024-01-09,USC,usc,0.165,18,https://www.teamrankings.com/college-football/stat/points-per-play-margin?date=2024-01-09
2023,2024-01-09,Arizona,arizona,0.163,19,https://www.teamrankings.com/college-football/stat/points-per-play-margin?date=2024-01-09
2023,2024-01-09,Kentucky,kentucky,0.148,20,https://www.teamrankings.com/college-football/stat/points-per-play-margin?date=2024-01-09
2023,2024-01-09,Tennessee,tennessee,0.146,21,https://www.teamrankings.com/college-football/stat/points-per-play-margin?date=2024-01-09
2023,2024-01-09,Toledo,toledo,0.145,22,https://www.teamrankings.com/college-football/stat/points-per-play-margin?date=2024-01-09
2023,2024-01-09,Missouri,missouri,0.143,23,https://www.teamrankings.com/college-football/stat/points-per-play-margin?date=2024-01-09
2023,2024-01-09,Kansas St,kansasst,0.141,24,https://www.teamrankings.com/college-football/stat/points-per-play-margin?date=2024-01-09
2023,2024-01-09,Kansas,kansas,0.138,25,https://www.teamrankings.com/college-football/stat/points-per-play-margin?date=2024-01-09
2023,2024-01-09,Duke,duke,0.13,26,https://www.teamrankings.com/college-football/stat/points-per-play-margin?date=2024-01-09
2023,2024-01-09,S Alabama,salabama,0.126,27,https://www.teamrankings.com/college-football/stat/points-per-play-margin?date=2024-01-09
2023,2024-01-09,Memphis,memphis,0.115,28,https://www.teamrankings.com/college-football/stat/points-per-play-margin?date=2024-01-09
2023,2024-01-09,Texas A&M,texasaandm,0.109,29,https://www.teamrankings.com/college-football/stat/points-per-play-margin?date=2024-01-09
2023,2024-01-09,Fresno St,fresnost,0.108,30,https://www.teamrankings.com/college-football/stat/points-per-play-margin?date=2024-01-09
2023,2024-01-09,Mississippi,mississippi,0.107,31,https://www.teamrankings.com/college-football/stat/points-per-play-margin?date=2024-01-09
2023,2024-01-09,Oregon St,oregonst,0.102,32,https://www.teamrankings.com/college-football/stat/points-per-play-margin?date=2024-01-09
2023,2024-01-09,Maryland,maryland,0.1,33,https://www.teamrankings.com/college-football/stat/points-per-play-margin?date=2024-01-09
2023,2024-01-09,UTSA,utsa,0.098,34,https://www.teamrankings.com/college-football/stat/points-per-play-margin?date=2024-01-09
2023,2024-01-09,Air Force,airforce,0.092,35,https://www.teamrankings.com/college-football/stat/points-per-play-margin?date=2024-01-09
2023,2024-01-09,Louisiana,louisiana,0.091,36,https://www.teamrankings.com/college-football/stat/points-per-play-margin?date=2024-01-09
2023,2024-01-09,Iowa St,iowast,0.088,37,https://www.teamrankings.com/college-football/stat/points-per-play-margin?date=2024-01-09
2023,2024-01-09,Ohio,ohio,0.077,38,https://www.teamrankings.com/college-football/stat/points-per-play-margin?date=2024-01-09
2023,2024-01-09,Miami,miami,0.074,39,https://www.teamrankings.com/college-football/stat/points-per-play-margin?date=2024-01-09
2023,2024-01-09,Jacksonville St,jacksonvillest,0.074,40,https://www.teamrankings.com/college-football/stat/points-per-play-margin?date=2024-01-09
2023,2024-01-09,N Illinois,nillinois,0.072,41,https://www.teamrankings.com/college-football/stat/points-per-play-margin?date=2024-01-09
2023,2024-01-09,Wyoming,wyoming,0.071,42,https://www.teamrankings.com/college-football/stat/points-per-play-margin?date=2024-01-09
2023,2024-01-09,Tulane,tulane,0.069,43,https://www.teamrankings.com/college-football/stat/points-per-play-margin?date=2024-01-09
2023,2024-01-09,Boise St,boisest,0.068,44,https://www.teamrankings.com/college-football/stat/points-per-play-margin?date=2024-01-09
2023,2024-01-09,Virginia Tech,virginiatech,0.067,45,https://www.teamrankings.com/college-football/stat/points-per-play-margin?date=2024-01-09
2023,2024-01-09,San Jose St,sanjosest,0.061,46,https://www.teamrankings.com/college-football/stat/points-per-play-margin?date=2024-01-09
2023,2024-01-09,New Mexico St,newmexicost,0.06,47,https://www.teamrankings.com/college-football/stat/points-per-play-margin?date=2024-01-09
2023,2024-01-09,UCF,ucf,0.056,48,https://www.teamrankings.com/college-football/stat/points-per-play-margin?date=2024-01-09
2023,2024-01-09,Louisville,louisville,0.051,49,https://www.teamrankings.com/college-football/stat/points-per-play-margin?date=2024-01-09
2023,2024-01-09,UNLV,unlv,0.05,50,https://www.teamrankings.com/college-football/stat/points-per-play-margin?date=2024-01-09
2023,2024-01-09,Iowa,iowa,0.043,51,https://www.teamrankings.com/college-football/stat/points-per-play-margin?date=2024-01-09
2023,2024-01-09,App State,appstate,0.037,52,https://www.teamrankings.com/college-football/stat/points-per-play-margin?date=2024-01-09
2023,2024-01-09,West Virginia,westvirginia,0.036,53,https://www.teamrankings.com/college-football/stat/points-per-play-margin?date=2024-01-09
2023,2024-01-09,NC State,ncstate,0.033,54,https://www.teamrankings.com/college-football/stat/points-per-play-margin?date=2024-01-09
2023,2024-01-09,Wisconsin,wisconsin,0.031,55,https://www.teamrankings.com/college-football/stat/points-per-play-margin?date=2024-01-09
2023,2024-01-09,UCLA,ucla,0.026,56,https://www.teamrankings.com/college-football/stat/points-per-play-margin?date=2024-01-09
2023,2024-01-09,North Carolina,northcarolina,0.023,57,https://www.teamrankings.com/college-football/stat/points-per-play-margin?date=2024-01-09
2023,2024-01-09,Auburn,auburn,0.021,58,https://www.teamrankings.com/college-football/stat/points-per-play-margin?date=2024-01-09
2023,2024-01-09,Bowling Green,bowlinggreen,0.02,59,https://www.teamrankings.com/college-football/stat/points-per-play-margin?date=2024-01-09
2023,2024-01-09,W Kentucky,wkentucky,0.018,60,https://www.teamrankings.com/college-football/stat/points-per-play-margin?date=2024-01-09
2023,2024-01-09,Nebraska,nebraska,0.015,61,https://www.teamrankings.com/college-football/stat/points-per-play-margin?date=2024-01-09
2023,2024-01-09,Clemson,clemson,0.014,62,https://www.teamrankings.com/college-football/stat/points-per-play-margin?date=2024-01-09
2023,2024-01-09,Georgia Tech,georgiatech,0.006,63,https://www.teamrankings.com/college-football/stat/points-per-play-margin?date=2024-01-09
2023,2024-01-09,Utah,utah,0.0,64,https://www.teamrankings.com/college-football/stat/points-per-play-margin?date=2024-01-09
2023,2024-01-09,Old Dominion,olddominion,-0.009,65,https://www.teamrankings.com/college-football/stat/points-per-play-margin?date=2024-01-09
2023,2024-01-09,South Carolina,southcarolina,-0.009,66,https://www.teamrankings.com/college-football/stat/points-per-play-margin?date=2024-01-09
2023,2024-01-09,Rutgers,rutgers,-0.01,67,https://www.teamrankings.com/college-football/stat/points-per-play-margin?date=2024-01-09
2023,2024-01-09,Rice,rice,-0.011,68,https://www.teamrankings.com/college-football/stat/points-per-play-margin?date=2024-01-09
2023,2024-01-09,TCU,tcu,-0.013,69,https://www.teamrankings.com/college-football/stat/points-per-play-margin?date=2024-01-09
2023,2024-01-09,Northwestern,northwestern,-0.013,70,https://www.teamrankings.com/college-football/stat/points-per-play-margin?date=2024-01-09
2023,2024-01-09,Washington St,washingtonst,-0.014,71,https://www.teamrankings.com/college-football/stat/points-per-play-margin?date=2024-01-09
2023,2024-01-09,Oklahoma St,oklahomast,-0.018,72,https://www.teamrankings.com/college-football/stat/points-per-play-margin?date=2024-01-09
2023,2024-01-09,Florida Atlantic,floridaatlantic,-0.02,73,https://www.teamrankings.com/college-football/stat/points-per-play-margin?date=2024-01-09
2023,2024-01-09,Texas St,texasst,-0.021,74,https://www.teamrankings.com/college-football/stat/points-per-play-margin?date=2024-01-09
2023,2024-01-09,Coastal Car,coastalcar,-0.023,75,https://www.teamrankings.com/college-football/stat/points-per-play-margin?date=2024-01-09
2023,2024-01-09,Arkansas St,arkansasst,-0.027,76,https://www.teamrankings.com/college-football/stat/points-per-play-margin?date=2024-01-09
2023,2024-01-09,Texas Tech,texastech,-0.034,77,https://www.teamrankings.com/college-football/stat/points-per-play-margin?date=2024-01-09
2023,2024-01-09,California,california,-0.049,78,https://www.teamrankings.com/college-football/stat/points-per-play-margin?date=2024-01-09
2023,2024-01-09,Colorado St,coloradost,-0.054,79,https://www.teamrankings.com/college-football/stat/points-per-play-margin?date=2024-01-09
2023,2024-01-09,Illinois,illinois,-0.056,80,https://www.teamrankings.com/college-football/stat/points-per-play-margin?date=2024-01-09
2023,2024-01-09,Georgia St,georgiast,-0.057,81,https://www.teamrankings.com/college-football/stat/points-per-play-margin?date=2024-01-09
2023,2024-01-09,Syracuse,syracuse,-0.063,82,https://www.teamrankings.com/college-football/stat/points-per-play-margin?date=2024-01-09
2023,2024-01-09,S Florida,sflorida,-0.07,83,https://www.teamrankings.com/college-football/stat/points-per-play-margin?date=2024-01-09
2023,2024-01-09,Utah St,utahst,-0.072,84,https://www.teamrankings.com/college-football/stat/points-per-play-margin?date=2024-01-09
2023,2024-01-09,Middle Tenn,middletenn,-0.074,85,https://www.teamrankings.com/college-football/stat/points-per-play-margin?date=2024-01-09
2023,2024-01-09,Houston,houston,-0.074,86,https://www.teamrankings.com/college-football/stat/points-per-play-margin?date=2024-01-09
2023,2024-01-09,N Texas,ntexas,-0.084,87,https://www.teamrankings.com/college-football/stat/points-per-play-margin?date=2024-01-09
2023,2024-01-09,Colorado,colorado,-0.086,88,https://www.teamrankings.com/college-football/stat/points-per-play-margin?date=2024-01-09
2023,2024-01-09,Georgia So,georgiaso,-0.09,89,https://www.teamrankings.com/college-football/stat/points-per-play-margin?date=2024-01-09
2023,2024-01-09,Florida,florida,-0.09,90,https://www.teamrankings.com/college-football/stat/points-per-play-margin?date=2024-01-09
2023,2024-01-09,Sam Houston,samhouston,-0.091,91,https://www.teamrankings.com/college-football/stat/points-per-play-margin?date=2024-01-09
2023,2024-01-09,Minnesota,minnesota,-0.093,92,https://www.teamrankings.com/college-football/stat/points-per-play-margin?date=2024-01-09
2023,2024-01-09,E Michigan,emichigan,-0.094,93,https://www.teamrankings.com/college-football/stat/points-per-play-margin?date=2024-01-09
2023,2024-01-09,Marshall,marshall,-0.1,94,https://www.teamrankings.com/college-football/stat/points-per-play-margin?date=2024-01-09
2023,2024-01-09,BYU,byu,-0.1,95,https://www.teamrankings.com/college-football/stat/points-per-play-margin?date=2024-01-09
2023,2024-01-09,Navy,navy,-0.103,96,https://www.teamrankings.com/college-football/stat/points-per-play-margin?date=2024-01-09
2023,2024-01-09,Pittsburgh,pittsburgh,-0.103,97,https://www.teamrankings.com/college-football/stat/points-per-play-margin?date=2024-01-09
2023,2024-01-09,Mississippi St,mississippist,-0.108,98,https://www.teamrankings.com/college-football/stat/points-per-play-margin?date=2024-01-09
2023,2024-01-09,Purdue,purdue,-0.11,99,https://www.teamrankings.com/college-football/stat/points-per-play-margin?date=2024-01-09
2023,2024-01-09,Boston College,bostoncollege,-0.111,100,https://www.teamrankings.com/college-football/stat/points-per-play-margin?date=2024-01-09
2023,2024-01-09,San Diego St,sandiegost,-0.112,101,https://www.teamrankings.com/college-football/stat/points-per-play-margin?date=2024-01-09
2023,2024-01-09,Arkansas,arkansas,-0.115,102,https://www.teamrankings.com/college-football/stat/points-per-play-margin?date=2024-01-09
2023,2024-01-09,Army,army,-0.122,103,https://www.teamrankings.com/college-football/stat/points-per-play-margin?date=2024-01-09
2023,2024-01-09,UAB,uab,-0.137,104,https://www.teamrankings.com/college-football/stat/points-per-play-margin?date=2024-01-09
2023,2024-01-09,C Michigan,cmichigan,-0.139,105,https://www.teamrankings.com/college-football/stat/points-per-play-margin?date=2024-01-09
2023,2024-01-09,E Carolina,ecarolina,-0.141,106,https://www.teamrankings.com/college-football/stat/points-per-play-margin?date=2024-01-09
2023,2024-01-09,Buffalo,buffalo,-0.142,107,https://www.teamrankings.com/college-football/stat/points-per-play-margin?date=2024-01-09
2023,2024-01-09,Wake Forest,wakeforest,-0.145,108,https://www.teamrankings.com/college-football/stat/points-per-play-margin?date=2024-01-09
2023,2024-01-09,Indiana,indiana,-0.147,109,https://www.teamrankings.com/college-football/stat/points-per-play-margin?date=2024-01-09
2023,2024-01-09,Florida Intl,floridaintl,-0.159,110,https://www.teamrankings.com/college-football/stat/points-per-play-margin?date=2024-01-09
2023,2024-01-09,Louisiana Tech,louisianatech,-0.163,111,https://www.teamrankings.com/college-football/stat/points-per-play-margin?date=2024-01-09
2023,2024-01-09,UTEP,utep,-0.165,112,https://www.teamrankings.com/college-football/stat/points-per-play-margin?date=2024-01-09
2023,2024-01-09,Ball St,ballst,-0.172,113,https://www.teamrankings.com/college-football/stat/points-per-play-margin?date=2024-01-09
2023,2024-01-09,W Michigan,wmichigan,-0.178,114,https://www.teamrankings.com/college-football/stat/points-per-play-margin?date=2024-01-09
2023,2024-01-09,UConn,uconn,-0.193,115,https://www.teamrankings.com/college-football/stat/points-per-play-margin?date=2024-01-09
2023,2024-01-09,Virginia,virginia,-0.204,116,https://www.teamrankings.com/college-football/stat/points-per-play-margin?date=2024-01-09
2023,2024-01-09,Akron,akron,-0.207,117,https://www.teamrankings.com/college-football/stat/points-per-play-margin?date=2024-01-09
2023,2024-01-09,Vanderbilt,vanderbilt,-0.21,118,https://www.teamrankings.com/college-football/stat/points-per-play-margin?date=2024-01-09
2023,2024-01-09,Michigan St,michiganst,-0.216,119,https://www.teamrankings.com/college-football/stat/points-per-play-margin?date=2024-01-09
2023,2024-01-09,Charlotte,charlotte,-0.219,120,https://www.teamrankings.com/college-football/stat/points-per-play-margin?date=2024-01-09
2023,2024-01-09,Hawai'i,hawaii,-0.222,121,https://www.teamrankings.com/college-football/stat/points-per-play-margin?date=2024-01-09
2023,2024-01-09,Arizona St,arizonast,-0.222,122,https://www.teamrankings.com/college-football/stat/points-per-play-margin?date=2024-01-09
2023,2024-01-09,Baylor,baylor,-0.228,123,https://www.teamrankings.com/college-football/stat/points-per-play-margin?date=2024-01-09
2023,2024-01-09,UL Monroe,ulmonroe,-0.228,124,https://www.teamrankings.com/college-football/stat/points-per-play-margin?date=2024-01-09
2023,2024-01-09,Tulsa,tulsa,-0.234,125,https://www.teamrankings.com/college-football/stat/points-per-play-margin?date=2024-01-09
2023,2024-01-09,Cincinnati,cincinnati,-0.239,126,https://www.teamrankings.com/college-football/stat/points-per-play-margin?date=2024-01-09
2023,2024-01-09,Nevada,nevada,-0.245,127,https://www.teamrankings.com/college-football/stat/points-per-play-margin?date=2024-01-09
2023,2024-01-09,Stanford,stanford,-0.25,128,https://www.teamrankings.com/college-football/stat/points-per-play-margin?date=2024-01-09
2023,2024-01-09,New Mexico,newmexico,-0.256,129,https://www.teamrankings.com/college-football/stat/points-per-play-margin?date=2024-01-09
2023,2024-01-09,Temple,temple,-0.256,130,https://www.teamrankings.com/college-football/stat/points-per-play-margin?date=2024-01-09
2023,2024-01-09,UMass,umass,-0.261,131,https://www.teamrankings.com/college-football/stat/points-per-play-margin?date=2024-01-09
2023,2024-01-09,Southern Miss,southernmiss,-0.274,132,https://www.teamrankings.com/college-football/stat/points-per-play-margin?date=2024-01-09
2023,2024-01-09,Kent St,kentst,-0.358,133,https://www.teamrankings.com/college-football/stat/points-per-play-margin?date=2024-01-09
2024,2025-01-21,Ohio St,ohiost,0.367,1,https://www.teamrankings.com/college-football/stat/points-per-play-margin?date=2025-01-21
2024,2025-01-21,Notre Dame,notredame,0.327,2,https://www.teamrankings.com/college-football/stat/points-per-play-margin?date=2025-01-21
2024,2025-01-21,Indiana,indiana,0.308,3,https://www.teamrankings.com/college-football/stat/points-per-play-margin?date=2025-01-21
2024,2025-01-21,Mississippi,mississippi,0.274,4,https://www.teamrankings.com/college-football/stat/points-per-play-margin?date=2025-01-21
2024,2025-01-21,Penn St,pennst,0.243,5,https://www.teamrankings.com/college-football/stat/points-per-play-margin?date=2025-01-21
2024,2025-01-21,Alabama,alabama,0.237,6,https://www.teamrankings.com/college-football/stat/points-per-play-margin?date=2025-01-21
2024,2025-01-21,Texas,texas,0.226,7,https://www.teamrankings.com/college-football/stat/points-per-play-margin?date=2025-01-21
2024,2025-01-21,Oregon,oregon,0.217,8,https://www.teamrankings.com/college-football/stat/points-per-play-margin?date=2025-01-21
2024,2025-01-21,Army,army,0.201,9,https://www.teamrankings.com/college-football/stat/points-per-play-margin?date=2025-01-21
2024,2025-01-21,Navy,navy,0.194,10,https://www.teamrankings.com/college-football/stat/points-per-play-margin?date=2025-01-21
2024,2025-01-21,Tennessee,tennessee,0.185,11,https://www.teamrankings.com/college-football/stat/points-per-play-margin?date=2025-01-21
2024,2025-01-21,Miami,miami,0.182,12,https://www.teamrankings.com/college-football/stat/points-per-play-margin?date=2025-01-21
2024,2025-01-21,UNLV,unlv,0.182,13,https://www.teamrankings.com/college-football/stat/points-per-play-margin?date=2025-01-21
2024,2025-01-21,SMU,smu,0.179,14,https://www.teamrankings.com/college-football/stat/points-per-play-margin?date=2025-01-21
2024,2025-01-21,Colorado,colorado,0.176,15,https://www.teamrankings.com/college-football/stat/points-per-play-margin?date=2025-01-21
2024,2025-01-21,Boise St,boisest,0.17,16,https://www.teamrankings.com/college-football/stat/points-per-play-margin?date=2025-01-21
2024,2025-01-21,J Madison,jmadison,0.168,17,https://www.teamrankings.com/college-football/stat/points-per-play-margin?date=2025-01-21
2024,2025-01-21,Tulane,tulane,0.166,18,https://www.teamrankings.com/college-football/stat/points-per-play-margin?date=2025-01-21
2024,2025-01-21,BYU,byu,0.162,19,https://www.teamrankings.com/college-football/stat/points-per-play-margin?date=2025-01-21
2024,2025-01-21,Iowa,iowa,0.159,20,https://www.teamrankings.com/college-football/stat/points-per-play-margin?date=2025-01-21
2024,2025-01-21,Jacksonville St,jacksonvillest,0.152,21,https://www.teamrankings.com/college-football/stat/points-per-play-margin?date=2025-01-21
2024,2025-01-21,Texas St,texasst,0.149,22,https://www.teamrankings.com/college-football/stat/points-per-play-margin?date=2025-01-21
2024,2025-01-21,Louisville,louisville,0.149,23,https://www.teamrankings.com/college-football/stat/points-per-play-margin?date=2025-01-21
2024,2025-01-21,Ohio,ohio,0.149,24,https://www.teamrankings.com/college-football/stat/points-per-play-margin?date=2025-01-21
2024,2025-01-21,Miami OH,miamioh,0.134,25,https://www.teamrankings.com/college-football/stat/points-per-play-margin?date=2025-01-21
2024,2025-01-21,South Carolina,southcarolina,0.13,26,https://www.teamrankings.com/college-football/stat/points-per-play-margin?date=2025-01-21
2024,2025-01-21,Arizona St,arizonast,0.124,27,https://www.teamrankings.com/college-football/stat/points-per-play-margin?date=2025-01-21
2024,2025-01-21,Marshall,marshall,0.124,28,https://www.teamrankings.com/college-football/stat/points-per-play-margin?date=2025-01-21
2024,2025-01-21,Georgia,georgia,0.117,29,https://www.teamrankings.com/college-football/stat/points-per-play-margin?date=2025-01-21
2024,2025-01-21,Clemson,clemson,0.105,30,https://www.teamrankings.com/college-football/stat/points-per-play-margin?date=2025-01-21
2024,2025-01-21,Virginia Tech,virginiatech,0.102,31,https://www.teamrankings.com/college-football/stat/points-per-play-margin?date=2025-01-21
2024,2025-01-21,Florida,florida,0.099,32,https://www.teamrankings.com/college-football/stat/points-per-play-margin?date=2025-01-21
2024,2025-01-21,TCU,tcu,0.097,33,https://www.teamrankings.com/college-football/stat/points-per-play-margin?date=2025-01-21
2024,2025-01-21,Illinois,illinois,0.095,34,https://www.teamrankings.com/college-football/stat/points-per-play-margin?date=2025-01-21
2024,2025-01-21,Louisiana,louisiana,0.095,35,https://www.teamrankings.com/college-football/stat/points-per-play-margin?date=2025-01-21
2024,2025-01-21,Minnesota,minnesota,0.092,36,https://www.teamrankings.com/college-football/stat/points-per-play-margin?date=2025-01-21
2024,2025-01-21,Kansas St,kansasst,0.09,37,https://www.teamrankings.com/college-football/stat/points-per-play-margin?date=2025-01-21
2024,2025-01-21,Memphis,memphis,0.082,38,https://www.teamrankings.com/college-football/stat/points-per-play-margin?date=2025-01-21
2024,2025-01-21,S Alabama,salabama,0.074,39,https://www.teamrankings.com/college-football/stat/points-per-play-margin?date=2025-01-21
2024,2025-01-21,UConn,uconn,0.073,40,https://www.teamrankings.com/college-football/stat/points-per-play-margin?date=2025-01-21
2024,2025-01-21,Texas A&M,texasaandm,0.071,41,https://www.teamrankings.com/college-football/stat/points-per-play-margin?date=2025-01-21
2024,2025-01-21,Baylor,baylor,0.067,42,https://www.teamrankings.com/college-football/stat/points-per-play-margin?date=2025-01-21
2024,2025-01-21,USC,usc,0.066,43,https://www.teamrankings.com/college-football/stat/points-per-play-margin?date=2025-01-21
2024,2025-01-21,Washington St,washingtonst,0.065,44,https://www.teamrankings.com/college-football/stat/points-per-play-margin?date=2025-01-21
2024,2025-01-21,Toledo,toledo,0.064,45,https://www.teamrankings.com/college-football/stat/points-per-play-margin?date=2025-01-21
2024,2025-01-21,E Carolina,ecarolina,0.062,46,https://www.teamrankings.com/college-football/stat/points-per-play-margin?date=2025-01-21
2024,2025-01-21,Fresno St,fresnost,0.056,47,https://www.teamrankings.com/college-football/stat/points-per-play-margin?date=2025-01-21
2024,2025-01-21,Florida Intl,floridaintl,0.056,48,https://www.teamrankings.com/college-football/stat/points-per-play-margin?date=2025-01-21
2024,2025-01-21,Duke,duke,0.055,49,https://www.teamrankings.com/college-football/stat/points-per-play-margin?date=2025-01-21
2024,2025-01-21,Michigan,michigan,0.051,50,https://www.teamrankings.com/college-football/stat/points-per-play-margin?date=2025-01-21
2024,2025-01-21,Liberty,liberty,0.05,51,https://www.teamrankings.com/college-football/stat/points-per-play-margin?date=2025-01-21
2024,2025-01-21,Bowling Green,bowlinggreen,0.04,52,https://www.teamrankings.com/college-football/stat/points-per-play-margin?date=2025-01-21
2024,2025-01-21,Iowa St,iowast,0.038,53,https://www.teamrankings.com/college-football/stat/points-per-play-margin?date=2025-01-21
2024,2025-01-21,San Jose St,sanjosest,0.037,54,https://www.teamrankings.com/college-football/stat/points-per-play-margin?date=2025-01-21
2024,2025-01-21,Buffalo,buffalo,0.036,55,https://www.teamrankings.com/college-football/stat/points-per-play-margin?date=2025-01-21
2024,2025-01-21,Sam Houston,samhouston,0.034,56,https://www.teamrankings.com/college-football/stat/points-per-play-margin?date=2025-01-21
2024,2025-01-21,LSU,lsu,0.029,57,https://www.teamrankings.com/college-football/stat/points-per-play-margin?date=2025-01-21
2024,2025-01-21,Vanderbilt,vanderbilt,0.02,58,https://www.teamrankings.com/college-football/stat/points-per-play-margin?date=2025-01-21
2024,2025-01-21,Auburn,auburn,0.016,59,https://www.teamrankings.com/college-football/stat/points-per-play-margin?date=2025-01-21
2024,2025-01-21,Old Dominion,olddominion,0.015,60,https://www.teamrankings.com/college-football/stat/points-per-play-margin?date=2025-01-21
2024,2025-01-21,Kansas,kansas,0.014,61,https://www.teamrankings.com/college-football/stat/points-per-play-margin?date=2025-01-21
2024,2025-01-21,Pittsburgh,pittsburgh,0.014,62,https://www.teamrankings.com/college-football/stat/points-per-play-margin?date=2025-01-21
2024,2025-01-21,Missouri,missouri,0.013,63,https://www.teamrankings.com/college-football/stat/points-per-play-margin?date=2025-01-21
2024,2025-01-21,California,california,0.009,64,https://www.teamrankings.com/college-football/stat/points-per-play-margin?date=2025-01-21
2024,2025-01-21,N Illinois,nillinois,0.004,65,https://www.teamrankings.com/college-football/stat/points-per-play-margin?date=2025-01-21
2024,2025-01-21,S Florida,sflorida,0.001,66,https://www.teamrankings.com/college-football/stat/points-per-play-margin?date=2025-01-21
2024,2025-01-21,Arkansas,arkansas,0.001,67,https://www.teamrankings.com/college-football/stat/points-per-play-margin?date=2025-01-21
2024,2025-01-21,North Carolina,northcarolina,0.0,68,https://www.teamrankings.com/college-football/stat/points-per-play-margin?date=2025-01-21
2024,2025-01-21,Boston College,bostoncollege,-0.003,69,https://www.teamrankings.com/college-football/stat/points-per-play-margin?date=2025-01-21
2024,2025-01-21,N Texas,ntexas,-0.005,70,https://www.teamrankings.com/college-football/stat/points-per-play-margin?date=2025-01-21
2024,2025-01-21,Utah,utah,-0.005,71,https://www.teamrankings.com/college-football/stat/points-per-play-margin?date=2025-01-21
2024,2025-01-21,W Kentucky,wkentucky,-0.01,72,https://www.teamrankings.com/college-football/stat/points-per-play-margin?date=2025-01-21
2024,2025-01-21,Texas Tech,texastech,-0.017,73,https://www.teamrankings.com/college-football/stat/points-per-play-margin?date=2025-01-21
2024,2025-01-21,Rutgers,rutgers,-0.023,74,https://www.teamrankings.com/college-football/stat/points-per-play-margin?date=2025-01-21
2024,2025-01-21,NC State,ncstate,-0.023,75,https://www.teamrankings.com/college-football/stat/points-per-play-margin?date=2025-01-21
2024,2025-01-21,Nebraska,nebraska,-0.027,76,https://www.teamrankings.com/college-football/stat/points-per-play-margin?date=2025-01-21
2024,2025-01-21,UCF,ucf,-0.029,77,https://www.teamrankings.com/college-football/stat/points-per-play-margin?date=2025-01-21
2024,2025-01-21,Colorado St,coloradost,-0.029,78,https://www.teamrankings.com/college-football/stat/points-per-play-margin?date=2025-01-21
2024,2025-01-21,Louisiana Tech,louisianatech,-0.03,79,https://www.teamrankings.com/college-football/stat/points-per-play-margin?date=2025-01-21
2024,2025-01-21,Coastal Car,coastalcar,-0.031,80,https://www.teamrankings.com/college-football/stat/points-per-play-margin?date=2025-01-21
2024,2025-01-21,Wisconsin,wisconsin,-0.036,81,https://www.teamrankings.com/college-football/stat/points-per-play-margin?date=2025-01-21
2024,2025-01-21,Oklahoma,oklahoma,-0.038,82,https://www.teamrankings.com/college-football/stat/points-per-play-margin?date=2025-01-21
2024,2025-01-21,Georgia So,georgiaso,-0.038,83,https://www.teamrankings.com/college-football/stat/points-per-play-margin?date=2025-01-21
2024,2025-01-21,UTSA,utsa,-0.039,84,https://www.teamrankings.com/college-football/stat/points-per-play-margin?date=2025-01-21
2024,2025-01-21,Cincinnati,cincinnati,-0.053,85,https://www.teamrankings.com/college-football/stat/points-per-play-margin?date=2025-01-21
2024,2025-01-21,Washington,washington,-0.056,86,https://www.teamrankings.com/college-football/stat/points-per-play-margin?date=2025-01-21
2024,2025-01-21,Georgia Tech,georgiatech,-0.058,87,https://www.teamrankings.com/college-football/stat/points-per-play-margin?date=2025-01-21
2024,2025-01-21,Syracuse,syracuse,-0.058,88,https://www.teamrankings.com/college-football/stat/points-per-play-margin?date=2025-01-21
2024,2025-01-21,W Michigan,wmichigan,-0.06,89,https://www.teamrankings.com/college-football/stat/points-per-play-margin?date=2025-01-21
2024,2025-01-21,New Mexico,newmexico,-0.063,90,https://www.teamrankings.com/college-football/stat/points-per-play-margin?date=2025-01-21
2024,2025-01-21,UL Monroe,ulmonroe,-0.086,91,https://www.teamrankings.com/college-football/stat/points-per-play-margin?date=2025-01-21
2024,2025-01-21,Florida Atlantic,floridaatlantic,-0.097,92,https://www.teamrankings.com/college-football/stat/points-per-play-margin?date=2025-01-21
2024,2025-01-21,Kentucky,kentucky,-0.098,93,https://www.teamrankings.com/college-football/stat/points-per-play-margin?date=2025-01-21
2024,2025-01-21,Troy,troy,-0.1,94,https://www.teamrankings.com/college-football/stat/points-per-play-margin?date=2025-01-21
2024,2025-01-21,UCLA,ucla,-0.102,95,https://www.teamrankings.com/college-football/stat/points-per-play-margin?date=2025-01-21
2024,2025-01-21,Oklahoma St,oklahomast,-0.106,96,https://www.teamrankings.com/college-football/stat/points-per-play-margin?date=2025-01-21
2024,2025-01-21,Rice,rice,-0.115,97,https://www.teamrankings.com/college-football/stat/points-per-play-margin?date=2025-01-21
2024,2025-01-21,Utah St,utahst,-0.118,98,https://www.teamrankings.com/college-football/stat/points-per-play-margin?date=2025-01-21
2024,2025-01-21,Arkansas St,arkansasst,-0.119,99,https://www.teamrankings.com/college-football/stat/points-per-play-margin?date=2025-01-21
2024,2025-01-21,Houston,houston,-0.131,100,https://www.teamrankings.com/college-football/stat/points-per-play-margin?date=2025-01-21
2024,2025-01-21,Nevada,nevada,-0.133,101,https://www.teamrankings.com/college-football/stat/points-per-play-margin?date=2025-01-21
2024,2025-01-21,San Diego St,sandiegost,-0.136,102,https://www.teamrankings.com/college-football/stat/points-per-play-margin?date=2025-01-21
2024,2025-01-21,Virginia,virginia,-0.137,103,https://www.teamrankings.com/college-football/stat/points-per-play-margin?date=2025-01-21
2024,2025-01-21,West Virginia,westvirginia,-0.137,104,https://www.teamrankings.com/college-football/stat/points-per-play-margin?date=2025-01-21
2024,2025-01-21,Wake Forest,wakeforest,-0.141,105,https://www.teamrankings.com/college-football/stat/points-per-play-margin?date=2025-01-21
2024,2025-01-21,Hawai'i,hawaii,-0.149,106,https://www.teamrankings.com/college-football/stat/points-per-play-margin?date=2025-01-21
2024,2025-01-21,Charlotte,charlotte,-0.151,107,https://www.teamrankings.com/college-football/stat/points-per-play-margin?date=2025-01-21
2024,2025-01-21,Air Force,airforce,-0.151,108,https://www.teamrankings.com/college-football/stat/points-per-play-margin?date=2025-01-21
2024,2025-01-21,Northwestern,northwestern,-0.151,109,https://www.teamrankings.com/college-football/stat/points-per-play-margin?date=2025-01-21
2024,2025-01-21,Georgia St,georgiast,-0.156,110,https://www.teamrankings.com/college-football/stat/points-per-play-margin?date=2025-01-21
2024,2025-01-21,E Michigan,emichigan,-0.157,111,https://www.teamrankings.com/college-football/stat/points-per-play-margin?date=2025-01-21
2024,2025-01-21,Maryland,maryland,-0.159,112,https://www.teamrankings.com/college-football/stat/points-per-play-margin?date=2025-01-21
2024,2025-01-21,Wyoming,wyoming,-0.162,113,https://www.teamrankings.com/college-football/stat/points-per-play-margin?date=2025-01-21
2024,2025-01-21,UTEP,utep,-0.165,114,https://www.teamrankings.com/college-football/stat/points-per-play-margin?date=2025-01-21
2024,2025-01-21,Michigan St,michiganst,-0.169,115,https://www.teamrankings.com/college-football/stat/points-per-play-margin?date=2025-01-21
2024,2025-01-21,Akron,akron,-0.172,116,https://www.teamrankings.com/college-football/stat/points-per-play-margin?date=2025-01-21
2024,2025-01-21,Mississippi St,mississippist,-0.173,117,https://www.teamrankings.com/college-football/stat/points-per-play-margin?date=2025-01-21
2024,2025-01-21,Arizona,arizona,-0.176,118,https://www.teamrankings.com/college-football/stat/points-per-play-margin?date=2025-01-21
2024,2025-01-21,UAB,uab,-0.179,119,https://www.teamrankings.com/college-football/stat/points-per-play-margin?date=2025-01-21
2024,2025-01-21,Kennesaw St,kennesawst,-0.187,120,https://www.teamrankings.com/college-football/stat/points-per-play-margin?date=2025-01-21
2024,2025-01-21,Oregon St,oregonst,-0.188,121,https://www.teamrankings.com/college-football/stat/points-per-play-margin?date=2025-01-21
2024,2025-01-21,C Michigan,cmichigan,-0.188,122,https://www.teamrankings.com/college-football/stat/points-per-play-margin?date=2025-01-21
2024,2025-01-21,App State,appstate,-0.189,123,https://www.teamrankings.com/college-football/stat/points-per-play-margin?date=2025-01-21
2024,2025-01-21,New Mexico St,newmexicost,-0.225,124,https://www.teamrankings.com/college-football/stat/points-per-play-margin?date=2025-01-21
2024,2025-01-21,Temple,temple,-0.226,125,https://www.teamrankings.com/college-football/stat/points-per-play-margin?date=2025-01-21
2024,2025-01-21,Florida St,floridast,-0.228,126,https://www.teamrankings.com/college-football/stat/points-per-play-margin?date=2025-01-21
2024,2025-01-21,Stanford,stanford,-0.232,127,https://www.teamrankings.com/college-football/stat/points-per-play-margin?date=2025-01-21
2024,2025-01-21,Middle Tenn,middletenn,-0.252,128,https://www.teamrankings.com/college-football/stat/points-per-play-margin?date=2025-01-21
2024,2025-01-21,Ball St,ballst,-0.257,129,https://www.teamrankings.com/college-football/stat/points-per-play-margin?date=2025-01-21
2024,2025-01-21,Tulsa,tulsa,-0.317,130,https://www.teamrankings.com/college-football/stat/points-per-play-margin?date=2025-01-21
2024,2025-01-21,UMass,umass,-0.342,131,https://www.teamrankings.com/college-football/stat/points-per-play-margin?date=2025-01-21
2024,2025-01-21,Kent St,kentst,-0.382,132,https://www.teamrankings.com/college-football/stat/points-per-play-margin?date=2025-01-21
2024,2025-01-21,Southern Miss,southernmiss,-0.393,133,https://www.teamrankings.com/college-football/stat/points-per-play-margin?date=2025-01-21
2024,2025-01-21,Purdue,purdue,-0.407,134,https://www.teamrankings.com/college-football/stat/points-per-play-margin?date=2025-01-21
2025,2026-01-20,Notre Dame,notredame,0.416,1,https://www.teamrankings.com/college-football/stat/points-per-play-margin?date=2026-01-20
2025,2026-01-20,Indiana,indiana,0.371,2,https://www.teamrankings.com/college-football/stat/points-per-play-margin?date=2026-01-20
2025,2026-01-20,Texas Tech,texastech,0.308,3,https://www.teamrankings.com/college-football/stat/points-per-play-margin?date=2026-01-20
2025,2026-01-20,Ohio St,ohiost,0.303,4,https://www.teamrankings.com/college-football/stat/points-per-play-margin?date=2026-01-20
2025,2026-01-20,Utah,utah,0.253,5,https://www.teamrankings.com/college-football/stat/points-per-play-margin?date=2026-01-20
2025,2026-01-20,Oregon,oregon,0.242,6,https://www.teamrankings.com/college-football/stat/points-per-play-margin?date=2026-01-20
2025,2026-01-20,Vanderbilt,vanderbilt,0.237,7,https://www.teamrankings.com/college-football/stat/points-per-play-margin?date=2026-01-20
2025,2026-01-20,N Texas,ntexas,0.236,8,https://www.teamrankings.com/college-football/stat/points-per-play-margin?date=2026-01-20
2025,2026-01-20,S Florida,sflorida,0.215,9,https://www.teamrankings.com/college-football/stat/points-per-play-margin?date=2026-01-20
2025,2026-01-20,Miami,miami,0.21,10,https://www.teamrankings.com/college-football/stat/points-per-play-margin?date=2026-01-20
2025,2026-01-20,Toledo,toledo,0.209,11,https://www.teamrankings.com/college-football/stat/points-per-play-margin?date=2026-01-20
2025,2026-01-20,J Madison,jmadison,0.203,12,https://www.teamrankings.com/college-football/stat/points-per-play-margin?date=2026-01-20
2025,2026-01-20,Iowa,iowa,0.202,13,https://www.teamrankings.com/college-football/stat/points-per-play-margin?date=2026-01-20
2025,2026-01-20,USC,usc,0.191,14,https://www.teamrankings.com/college-football/stat/points-per-play-margin?date=2026-01-20
2025,2026-01-20,SMU,smu,0.19,15,https://www.teamrankings.com/college-football/stat/points-per-play-margin?date=2026-01-20
2025,2026-01-20,Washington,washington,0.186,16,https://www.teamrankings.com/college-football/stat/points-per-play-margin?date=2026-01-20
2025,2026-01-20,Texas,texas,0.173,17,https://www.teamrankings.com/college-football/stat/points-per-play-margin?date=2026-01-20
2025,2026-01-20,Mississippi,mississippi,0.167,18,https://www.teamrankings.com/college-football/stat/points-per-play-margin?date=2026-01-20
2025,2026-01-20,Old Dominion,olddominion,0.162,19,https://www.teamrankings.com/college-football/stat/points-per-play-margin?date=2026-01-20
2025,2026-01-20,Georgia,georgia,0.155,20,https://www.teamrankings.com/college-football/stat/points-per-play-margin?date=2026-01-20
2025,2026-01-20,San Diego St,sandiegost,0.155,21,https://www.teamrankings.com/college-football/stat/points-per-play-margin?date=2026-01-20
2025,2026-01-20,Oklahoma,oklahoma,0.131,22,https://www.teamrankings.com/college-football/stat/points-per-play-margin?date=2026-01-20
2025,2026-01-20,Penn St,pennst,0.13,23,https://www.teamrankings.com/college-football/stat/points-per-play-margin?date=2026-01-20
2025,2026-01-20,UConn,uconn,0.13,24,https://www.teamrankings.com/college-football/stat/points-per-play-margin?date=2026-01-20
2025,2026-01-20,Tennessee,tennessee,0.127,25,https://www.teamrankings.com/college-football/stat/points-per-play-margin?date=2026-01-20
2025,2026-01-20,BYU,byu,0.122,26,https://www.teamrankings.com/college-football/stat/points-per-play-margin?date=2026-01-20
2025,2026-01-20,Michigan,michigan,0.116,27,https://www.teamrankings.com/college-football/stat/points-per-play-margin?date=2026-01-20
2025,2026-01-20,Texas A&M,texasaandm,0.115,28,https://www.teamrankings.com/college-football/stat/points-per-play-margin?date=2026-01-20
2025,2026-01-20,Arizona,arizona,0.114,29,https://www.teamrankings.com/college-football/stat/points-per-play-margin?date=2026-01-20
2025,2026-01-20,Kansas St,kansasst,0.114,30,https://www.teamrankings.com/college-football/stat/points-per-play-margin?date=2026-01-20
2025,2026-01-20,Louisville,louisville,0.107,31,https://www.teamrankings.com/college-football/stat/points-per-play-margin?date=2026-01-20
2025,2026-01-20,E Carolina,ecarolina,0.092,32,https://www.teamrankings.com/college-football/stat/points-per-play-margin?date=2026-01-20
2025,2026-01-20,Alabama,alabama,0.089,33,https://www.teamrankings.com/college-football/stat/points-per-play-margin?date=2026-01-20
2025,2026-01-20,UNLV,unlv,0.087,34,https://www.teamrankings.com/college-football/stat/points-per-play-margin?date=2026-01-20
2025,2026-01-20,Virginia,virginia,0.086,35,https://www.teamrankings.com/college-football/stat/points-per-play-margin?date=2026-01-20
2025,2026-01-20,Louisiana Tech,louisianatech,0.085,36,https://www.teamrankings.com/college-football/stat/points-per-play-margin?date=2026-01-20
2025,2026-01-20,Memphis,memphis,0.083,37,https://www.teamrankings.com/college-football/stat/points-per-play-margin?date=2026-01-20
2025,2026-01-20,Wake Forest,wakeforest,0.076,38,https://www.teamrankings.com/college-football/stat/points-per-play-margin?date=2026-01-20
2025,2026-01-20,Cincinnati,cincinnati,0.076,39,https://www.teamrankings.com/college-football/stat/points-per-play-margin?date=2026-01-20
2025,2026-01-20,New Mexico,newmexico,0.075,40,https://www.teamrankings.com/college-football/stat/points-per-play-margin?date=2026-01-20
2025,2026-01-20,W Michigan,wmichigan,0.074,41,https://www.teamrankings.com/college-football/stat/points-per-play-margin?date=2026-01-20
2025,2026-01-20,Tulane,tulane,0.071,42,https://www.teamrankings.com/college-football/stat/points-per-play-margin?date=2026-01-20
2025,2026-01-20,Texas St,texasst,0.069,43,https://www.teamrankings.com/college-football/stat/points-per-play-margin?date=2026-01-20
2025,2026-01-20,Missouri,missouri,0.066,44,https://www.teamrankings.com/college-football/stat/points-per-play-margin?date=2026-01-20
2025,2026-01-20,Navy,navy,0.066,45,https://www.teamrankings.com/college-football/stat/points-per-play-margin?date=2026-01-20
2025,2026-01-20,Pittsburgh,pittsburgh,0.065,46,https://www.teamrankings.com/college-football/stat/points-per-play-margin?date=2026-01-20
2025,2026-01-20,Georgia Tech,georgiatech,0.061,47,https://www.teamrankings.com/college-football/stat/points-per-play-margin?date=2026-01-20
2025,2026-01-20,Florida St,floridast,0.06,48,https://www.teamrankings.com/college-football/stat/points-per-play-margin?date=2026-01-20
2025,2026-01-20,Clemson,clemson,0.059,49,https://www.teamrankings.com/college-football/stat/points-per-play-margin?date=2026-01-20
2025,2026-01-20,W Kentucky,wkentucky,0.049,50,https://www.teamrankings.com/college-football/stat/points-per-play-margin?date=2026-01-20
2025,2026-01-20,TCU,tcu,0.047,51,https://www.teamrankings.com/college-football/stat/points-per-play-margin?date=2026-01-20
2025,2026-01-20,Ohio,ohio,0.046,52,https://www.teamrankings.com/college-football/stat/points-per-play-margin?date=2026-01-20
2025,2026-01-20,UTSA,utsa,0.045,53,https://www.teamrankings.com/college-football/stat/points-per-play-margin?date=2026-01-20
2025,2026-01-20,Houston,houston,0.043,54,https://www.teamrankings.com/college-football/stat/points-per-play-margin?date=2026-01-20
2025,2026-01-20,Duke,duke,0.04,55,https://www.teamrankings.com/college-football/stat/points-per-play-margin?date=2026-01-20
2025,2026-01-20,Fresno St,fresnost,0.039,56,https://www.teamrankings.com/college-football/stat/points-per-play-margin?date=2026-01-20
2025,2026-01-20,Utah St,utahst,0.036,57,https://www.teamrankings.com/college-football/stat/points-per-play-margin?date=2026-01-20
2025,2026-01-20,Illinois,illinois,0.035,58,https://www.teamrankings.com/college-football/stat/points-per-play-margin?date=2026-01-20
2025,2026-01-20,Iowa St,iowast,0.026,59,https://www.teamrankings.com/college-football/stat/points-per-play-margin?date=2026-01-20
2025,2026-01-20,Miami OH,miamioh,0.024,60,https://www.teamrankings.com/college-football/stat/points-per-play-margin?date=2026-01-20
2025,2026-01-20,Southern Miss,southernmiss,0.022,61,https://www.teamrankings.com/college-football/stat/points-per-play-margin?date=2026-01-20
2025,2026-01-20,Army,army,0.017,62,https://www.teamrankings.com/college-football/stat/points-per-play-margin?date=2026-01-20
2025,2026-01-20,Auburn,auburn,0.015,63,https://www.teamrankings.com/college-football/stat/points-per-play-margin?date=2026-01-20
2025,2026-01-20,LSU,lsu,0.012,64,https://www.teamrankings.com/college-football/stat/points-per-play-margin?date=2026-01-20
2025,2026-01-20,Hawai'i,hawaii,0.012,65,https://www.teamrankings.com/college-football/stat/points-per-play-margin?date=2026-01-20
2025,2026-01-20,NC State,ncstate,0.012,66,https://www.teamrankings.com/college-football/stat/points-per-play-margin?date=2026-01-20
2025,2026-01-20,Kennesaw St,kennesawst,0.008,67,https://www.teamrankings.com/college-football/stat/points-per-play-margin?date=2026-01-20
2025,2026-01-20,Washington St,washingtonst,0.005,68,https://www.teamrankings.com/college-football/stat/points-per-play-margin?date=2026-01-20
2025,2026-01-20,Jacksonville St,jacksonvillest,0.001,69,https://www.teamrankings.com/college-football/stat/points-per-play-margin?date=2026-01-20
2025,2026-01-20,Kansas,kansas,-0.003,70,https://www.teamrankings.com/college-football/stat/points-per-play-margin?date=2026-01-20
2025,2026-01-20,Northwestern,northwestern,-0.006,71,https://www.teamrankings.com/college-football/stat/points-per-play-margin?date=2026-01-20
2025,2026-01-20,Arizona St,arizonast,-0.012,72,https://www.teamrankings.com/college-football/stat/points-per-play-margin?date=2026-01-20
2025,2026-01-20,Boise St,boisest,-0.016,73,https://www.teamrankings.com/college-football/stat/points-per-play-margin?date=2026-01-20
2025,2026-01-20,Buffalo,buffalo,-0.017,74,https://www.teamrankings.com/college-football/stat/points-per-play-margin?date=2026-01-20
2025,2026-01-20,South Carolina,southcarolina,-0.018,75,https://www.teamrankings.com/college-football/stat/points-per-play-margin?date=2026-01-20
2025,2026-01-20,Nebraska,nebraska,-0.022,76,https://www.teamrankings.com/college-football/stat/points-per-play-margin?date=2026-01-20
2025,2026-01-20,Marshall,marshall,-0.023,77,https://www.teamrankings.com/college-football/stat/points-per-play-margin?date=2026-01-20
2025,2026-01-20,Troy,troy,-0.026,78,https://www.teamrankings.com/college-football/stat/points-per-play-margin?date=2026-01-20
2025,2026-01-20,C Michigan,cmichigan,-0.037,79,https://www.teamrankings.com/college-football/stat/points-per-play-margin?date=2026-01-20
2025,2026-01-20,Maryland,maryland,-0.037,80,https://www.teamrankings.com/college-football/stat/points-per-play-margin?date=2026-01-20
2025,2026-01-20,Arkansas,arkansas,-0.049,81,https://www.teamrankings.com/college-football/stat/points-per-play-margin?date=2026-01-20
2025,2026-01-20,Liberty,liberty,-0.052,82,https://www.teamrankings.com/college-football/stat/points-per-play-margin?date=2026-01-20
2025,2026-01-20,Louisiana,louisiana,-0.056,83,https://www.teamrankings.com/college-football/stat/points-per-play-margin?date=2026-01-20
2025,2026-01-20,Minnesota,minnesota,-0.059,84,https://www.teamrankings.com/college-football/stat/points-per-play-margin?date=2026-01-20
2025,2026-01-20,Florida Intl,floridaintl,-0.06,85,https://www.teamrankings.com/college-football/stat/points-per-play-margin?date=2026-01-20
2025,2026-01-20,Temple,temple,-0.066,86,https://www.teamrankings.com/college-football/stat/points-per-play-margin?date=2026-01-20
2025,2026-01-20,UCF,ucf,-0.069,87,https://www.teamrankings.com/college-football/stat/points-per-play-margin?date=2026-01-20
2025,2026-01-20,Arkansas St,arkansasst,-0.079,88,https://www.teamrankings.com/college-football/stat/points-per-play-margin?date=2026-01-20
2025,2026-01-20,Delaware,delaware,-0.079,89,https://www.teamrankings.com/college-football/stat/points-per-play-margin?date=2026-01-20
2025,2026-01-20,Florida,florida,-0.081,90,https://www.teamrankings.com/college-football/stat/points-per-play-margin?date=2026-01-20
2025,2026-01-20,California,california,-0.086,91,https://www.teamrankings.com/college-football/stat/points-per-play-margin?date=2026-01-20
2025,2026-01-20,App State,appstate,-0.087,92,https://www.teamrankings.com/college-football/stat/points-per-play-margin?date=2026-01-20
2025,2026-01-20,North Carolina,northcarolina,-0.087,93,https://www.teamrankings.com/college-football/stat/points-per-play-margin?date=2026-01-20
2025,2026-01-20,E Michigan,emichigan,-0.09,94,https://www.teamrankings.com/college-football/stat/points-per-play-margin?date=2026-01-20
2025,2026-01-20,Georgia So,georgiaso,-0.091,95,https://www.teamrankings.com/college-football/stat/points-per-play-margin?date=2026-01-20
2025,2026-01-20,Kentucky,kentucky,-0.094,96,https://www.teamrankings.com/college-football/stat/points-per-play-margin?date=2026-01-20
2025,2026-01-20,N Illinois,nillinois,-0.097,97,https://www.teamrankings.com/college-football/stat/points-per-play-margin?date=2026-01-20
2025,2026-01-20,Mississippi St,mississippist,-0.099,98,https://www.teamrankings.com/college-football/stat/points-per-play-margin?date=2026-01-20
2025,2026-01-20,Wyoming,wyoming,-0.101,99,https://www.teamrankings.com/college-football/stat/points-per-play-margin?date=2026-01-20
2025,2026-01-20,Kent St,kentst,-0.105,100,https://www.teamrankings.com/college-football/stat/points-per-play-margin?date=2026-01-20
2025,2026-01-20,Baylor,baylor,-0.105,101,https://www.teamrankings.com/college-football/stat/points-per-play-margin?date=2026-01-20
2025,2026-01-20,Missouri St,missourist,-0.106,102,https://www.teamrankings.com/college-football/stat/points-per-play-margin?date=2026-01-20
2025,2026-01-20,New Mexico St,newmexicost,-0.107,103,https://www.teamrankings.com/college-football/stat/points-per-play-margin?date=2026-01-20
2025,2026-01-20,Bowling Green,bowlinggreen,-0.107,104,https://www.teamrankings.com/college-football/stat/points-per-play-margin?date=2026-01-20
2025,2026-01-20,UTEP,utep,-0.111,105,https://www.teamrankings.com/college-football/stat/points-per-play-margin?date=2026-01-20
2025,2026-01-20,Middle Tenn,middletenn,-0.117,106,https://www.teamrankings.com/college-football/stat/points-per-play-margin?date=2026-01-20
2025,2026-01-20,S Alabama,salabama,-0.124,107,https://www.teamrankings.com/college-football/stat/points-per-play-margin?date=2026-01-20
2025,2026-01-20,Michigan St,michiganst,-0.125,108,https://www.teamrankings.com/college-football/stat/points-per-play-margin?date=2026-01-20
2025,2026-01-20,Tulsa,tulsa,-0.128,109,https://www.teamrankings.com/college-football/stat/points-per-play-margin?date=2026-01-20
2025,2026-01-20,Colorado,colorado,-0.129,110,https://www.teamrankings.com/college-football/stat/points-per-play-margin?date=2026-01-20
2025,2026-01-20,Coastal Car,coastalcar,-0.133,111,https://www.teamrankings.com/college-football/stat/points-per-play-margin?date=2026-01-20
2025,2026-01-20,Wisconsin,wisconsin,-0.134,112,https://www.teamrankings.com/college-football/stat/points-per-play-margin?date=2026-01-20
2025,2026-01-20,Stanford,stanford,-0.138,113,https://www.teamrankings.com/college-football/stat/points-per-play-margin?date=2026-01-20
2025,2026-01-20,Air Force,airforce,-0.14,114,https://www.teamrankings.com/college-football/stat/points-per-play-margin?date=2026-01-20
2025,2026-01-20,Nevada,nevada,-0.141,115,https://www.teamrankings.com/college-football/stat/points-per-play-margin?date=2026-01-20
2025,2026-01-20,Akron,akron,-0.162,116,https://www.teamrankings.com/college-football/stat/points-per-play-margin?date=2026-01-20
2025,2026-01-20,Florida Atlantic,floridaatlantic,-0.168,117,https://www.teamrankings.com/college-football/stat/points-per-play-margin?date=2026-01-20
2025,2026-01-20,West Virginia,westvirginia,-0.171,118,https://www.teamrankings.com/college-football/stat/points-per-play-margin?date=2026-01-20
2025,2026-01-20,Colorado St,coloradost,-0.179,119,https://www.teamrankings.com/college-football/stat/points-per-play-margin?date=2026-01-20
2025,2026-01-20,Virginia Tech,virginiatech,-0.179,120,https://www.teamrankings.com/college-football/stat/points-per-play-margin?date=2026-01-20
2025,2026-01-20,San Jose St,sanjosest,-0.184,121,https://www.teamrankings.com/college-football/stat/points-per-play-margin?date=2026-01-20
2025,2026-01-20,Boston College,bostoncollege,-0.211,122,https://www.teamrankings.com/college-football/stat/points-per-play-margin?date=2026-01-20
2025,2026-01-20,Rutgers,rutgers,-0.224,123,https://www.teamrankings.com/college-football/stat/points-per-play-margin?date=2026-01-20
2025,2026-01-20,Ball St,ballst,-0.228,124,https://www.teamrankings.com/college-football/stat/points-per-play-margin?date=2026-01-20
2025,2026-01-20,UCLA,ucla,-0.233,125,https://www.teamrankings.com/college-football/stat/points-per-play-margin?date=2026-01-20
2025,2026-01-20,Purdue,purdue,-0.237,126,https://www.teamrankings.com/college-football/stat/points-per-play-margin?date=2026-01-20
2025,2026-01-20,UL Monroe,ulmonroe,-0.242,127,https://www.teamrankings.com/college-football/stat/points-per-play-margin?date=2026-01-20
2025,2026-01-20,UAB,uab,-0.244,128,https://www.teamrankings.com/college-football/stat/points-per-play-margin?date=2026-01-20
2025,2026-01-20,Rice,rice,-0.257,129,https://www.teamrankings.com/college-football/stat/points-per-play-margin?date=2026-01-20
2025,2026-01-20,Sam Houston,samhouston,-0.264,130,https://www.teamrankings.com/college-football/stat/points-per-play-margin?date=2026-01-20
2025,2026-01-20,Oregon St,oregonst,-0.268,131,https://www.teamrankings.com/college-football/stat/points-per-play-margin?date=2026-01-20
2025,2026-01-20,Charlotte,charlotte,-0.301,132,https://www.teamrankings.com/college-football/stat/points-per-play-margin?date=2026-01-20
2025,2026-01-20,Georgia St,georgiast,-0.308,133,https://www.teamrankings.com/college-football/stat/points-per-play-margin?date=2026-01-20
2025,2026-01-20,Oklahoma St,oklahomast,-0.318,134,https://www.teamrankings.com/college-football/stat/points-per-play-margin?date=2026-01-20
2025,2026-01-20,Syracuse,syracuse,-0.33,135,https://www.teamrankings.com/college-football/stat/points-per-play-margin?date=2026-01-20
2025,2026-01-20,UMass,umass,-0.424,136,https://www.teamrankings.com/college-football/stat/points-per-play-margin?date=2026-01-20
