/opt/hostedtoolcache/Python/3.12.13/x64/lib/python3.12/site-packages/sklearn/impute/_base.py:647: UserWarning: Skipping features without any observed values: ['rec_EPAplay_final' 'rec_EPAplay_peak' 'rec_EPAplay_mean'
 'rec_EPAplay_expadj_peak' 'rec_success_final' 'rec_success_peak'
 'rec_success_mean' 'rec_success_expadj_peak' 'rec_EPAplay_slope'
 'rec_EPAplay_early_peak' 'rec_success_slope' 'rec_success_early_peak'
 'rec_seasons' 'rec_years_before_first' 'rec_years_before_last'
 'rb_seasons' 'rb_years_before_first' 'rb_years_before_last']. At least one non-missing value is needed for imputation with strategy='median'.
  warnings.warn(
/opt/hostedtoolcache/Python/3.12.13/x64/lib/python3.12/site-packages/sklearn/impute/_base.py:647: UserWarning: Skipping features without any observed values: ['rec_EPAplay_final' 'rec_EPAplay_peak' 'rec_EPAplay_mean'
 'rec_EPAplay_expadj_peak' 'rec_success_final' 'rec_success_peak'
 'rec_success_mean' 'rec_success_expadj_peak' 'rec_EPAplay_slope'
 'rec_EPAplay_early_peak' 'rec_success_slope' 'rec_success_early_peak'
 'rec_seasons' 'rec_years_before_first' 'rec_years_before_last'
 'rb_seasons' 'rb_years_before_first' 'rb_years_before_last']. At least one non-missing value is needed for imputation with strategy='median'.
  warnings.warn(
/opt/hostedtoolcache/Python/3.12.13/x64/lib/python3.12/site-packages/sklearn/impute/_base.py:647: UserWarning: Skipping features without any observed values: ['rec_EPAplay_final' 'rec_EPAplay_peak' 'rec_EPAplay_mean'
 'rec_EPAplay_expadj_peak' 'rec_success_final' 'rec_success_peak'
 'rec_success_mean' 'rec_success_expadj_peak' 'rec_EPAplay_slope'
 'rec_EPAplay_early_peak' 'rec_success_slope' 'rec_success_early_peak'
 'rec_seasons' 'rec_years_before_first' 'rec_years_before_last'
 'rb_seasons' 'rb_years_before_first' 'rb_years_before_last']. At least one non-missing value is needed for imputation with strategy='median'.
  warnings.warn(
/opt/hostedtoolcache/Python/3.12.13/x64/lib/python3.12/site-packages/sklearn/impute/_base.py:647: UserWarning: Skipping features without any observed values: ['rec_EPAplay_final' 'rec_EPAplay_peak' 'rec_EPAplay_mean'
 'rec_EPAplay_expadj_peak' 'rec_success_final' 'rec_success_peak'
 'rec_success_mean' 'rec_success_expadj_peak' 'rec_EPAplay_slope'
 'rec_EPAplay_early_peak' 'rec_success_slope' 'rec_success_early_peak'
 'rec_seasons' 'rec_years_before_first' 'rec_years_before_last'
 'rb_seasons' 'rb_years_before_first' 'rb_years_before_last']. At least one non-missing value is needed for imputation with strategy='median'.
  warnings.warn(
/opt/hostedtoolcache/Python/3.12.13/x64/lib/python3.12/site-packages/sklearn/impute/_base.py:647: UserWarning: Skipping features without any observed values: ['rec_EPAplay_final' 'rec_EPAplay_peak' 'rec_EPAplay_mean'
 'rec_EPAplay_expadj_peak' 'rec_success_final' 'rec_success_peak'
 'rec_success_mean' 'rec_success_expadj_peak' 'rec_EPAplay_slope'
 'rec_EPAplay_early_peak' 'rec_success_slope' 'rec_success_early_peak'
 'rec_seasons' 'rec_years_before_first' 'rec_years_before_last'
 'rb_seasons' 'rb_years_before_first' 'rb_years_before_last']. At least one non-missing value is needed for imputation with strategy='median'.
  warnings.warn(
/opt/hostedtoolcache/Python/3.12.13/x64/lib/python3.12/site-packages/sklearn/impute/_base.py:647: UserWarning: Skipping features without any observed values: ['rec_EPAplay_final' 'rec_EPAplay_peak' 'rec_EPAplay_mean'
 'rec_EPAplay_expadj_peak' 'rec_success_final' 'rec_success_peak'
 'rec_success_mean' 'rec_success_expadj_peak' 'rec_EPAplay_slope'
 'rec_EPAplay_early_peak' 'rec_success_slope' 'rec_success_early_peak'
 'rec_seasons' 'rec_years_before_first' 'rec_years_before_last'
 'rb_seasons' 'rb_years_before_first' 'rb_years_before_last']. At least one non-missing value is needed for imputation with strategy='median'.
  warnings.warn(
/opt/hostedtoolcache/Python/3.12.13/x64/lib/python3.12/site-packages/sklearn/impute/_base.py:647: UserWarning: Skipping features without any observed values: ['rec_EPAplay_final' 'rec_EPAplay_peak' 'rec_EPAplay_mean'
 'rec_EPAplay_expadj_peak' 'rec_success_final' 'rec_success_peak'
 'rec_success_mean' 'rec_success_expadj_peak' 'rec_EPAplay_slope'
 'rec_EPAplay_early_peak' 'rec_success_slope' 'rec_success_early_peak'
 'rec_seasons' 'rec_years_before_first' 'rec_years_before_last'
 'rb_seasons' 'rb_years_before_first' 'rb_years_before_last']. At least one non-missing value is needed for imputation with strategy='median'.
  warnings.warn(
/opt/hostedtoolcache/Python/3.12.13/x64/lib/python3.12/site-packages/sklearn/impute/_base.py:647: UserWarning: Skipping features without any observed values: ['rec_EPAplay_final' 'rec_EPAplay_peak' 'rec_EPAplay_mean'
 'rec_EPAplay_expadj_peak' 'rec_success_final' 'rec_success_peak'
 'rec_success_mean' 'rec_success_expadj_peak' 'rec_EPAplay_slope'
 'rec_EPAplay_early_peak' 'rec_success_slope' 'rec_success_early_peak'
 'rec_seasons' 'rec_years_before_first' 'rec_years_before_last'
 'rb_seasons' 'rb_years_before_first' 'rb_years_before_last']. At least one non-missing value is needed for imputation with strategy='median'.
  warnings.warn(
/opt/hostedtoolcache/Python/3.12.13/x64/lib/python3.12/site-packages/sklearn/impute/_base.py:647: UserWarning: Skipping features without any observed values: ['rec_EPAplay_final' 'rec_EPAplay_peak' 'rec_EPAplay_mean'
 'rec_EPAplay_expadj_peak' 'rec_success_final' 'rec_success_peak'
 'rec_success_mean' 'rec_success_expadj_peak' 'rec_EPAplay_slope'
 'rec_EPAplay_early_peak' 'rec_success_slope' 'rec_success_early_peak'
 'rec_seasons' 'rec_years_before_first' 'rec_years_before_last'
 'rb_seasons' 'rb_years_before_first' 'rb_years_before_last']. At least one non-missing value is needed for imputation with strategy='median'.
  warnings.warn(
/opt/hostedtoolcache/Python/3.12.13/x64/lib/python3.12/site-packages/sklearn/impute/_base.py:647: UserWarning: Skipping features without any observed values: ['rec_EPAplay_final' 'rec_EPAplay_peak' 'rec_EPAplay_mean'
 'rec_EPAplay_expadj_peak' 'rec_success_final' 'rec_success_peak'
 'rec_success_mean' 'rec_success_expadj_peak' 'rec_EPAplay_slope'
 'rec_EPAplay_early_peak' 'rec_success_slope' 'rec_success_early_peak'
 'rec_seasons' 'rec_years_before_first' 'rec_years_before_last'
 'rb_seasons' 'rb_years_before_first' 'rb_years_before_last']. At least one non-missing value is needed for imputation with strategy='median'.
  warnings.warn(
/opt/hostedtoolcache/Python/3.12.13/x64/lib/python3.12/site-packages/sklearn/impute/_base.py:647: UserWarning: Skipping features without any observed values: ['rec_EPAplay_final' 'rec_EPAplay_peak' 'rec_EPAplay_mean'
 'rec_EPAplay_expadj_peak' 'rec_success_final' 'rec_success_peak'
 'rec_success_mean' 'rec_success_expadj_peak' 'rec_EPAplay_slope'
 'rec_EPAplay_early_peak' 'rec_success_slope' 'rec_success_early_peak'
 'rec_seasons' 'rec_years_before_first' 'rec_years_before_last'
 'rb_seasons' 'rb_years_before_first' 'rb_years_before_last']. At least one non-missing value is needed for imputation with strategy='median'.
  warnings.warn(
/opt/hostedtoolcache/Python/3.12.13/x64/lib/python3.12/site-packages/sklearn/impute/_base.py:647: UserWarning: Skipping features without any observed values: ['rec_EPAplay_final' 'rec_EPAplay_peak' 'rec_EPAplay_mean'
 'rec_EPAplay_expadj_peak' 'rec_success_final' 'rec_success_peak'
 'rec_success_mean' 'rec_success_expadj_peak' 'rec_EPAplay_slope'
 'rec_EPAplay_early_peak' 'rec_success_slope' 'rec_success_early_peak'
 'rec_seasons' 'rec_years_before_first' 'rec_years_before_last'
 'rb_seasons' 'rb_years_before_first' 'rb_years_before_last']. At least one non-missing value is needed for imputation with strategy='median'.
  warnings.warn(
/opt/hostedtoolcache/Python/3.12.13/x64/lib/python3.12/site-packages/sklearn/impute/_base.py:647: UserWarning: Skipping features without any observed values: ['rec_EPAplay_final' 'rec_EPAplay_peak' 'rec_EPAplay_mean'
 'rec_EPAplay_expadj_peak' 'rec_success_final' 'rec_success_peak'
 'rec_success_mean' 'rec_success_expadj_peak' 'rec_EPAplay_slope'
 'rec_EPAplay_early_peak' 'rec_success_slope' 'rec_success_early_peak'
 'rec_seasons' 'rec_years_before_first' 'rec_years_before_last'
 'rb_seasons' 'rb_years_before_first' 'rb_years_before_last']. At least one non-missing value is needed for imputation with strategy='median'.
  warnings.warn(
/opt/hostedtoolcache/Python/3.12.13/x64/lib/python3.12/site-packages/sklearn/impute/_base.py:647: UserWarning: Skipping features without any observed values: ['rec_EPAplay_final' 'rec_EPAplay_peak' 'rec_EPAplay_mean'
 'rec_EPAplay_expadj_peak' 'rec_success_final' 'rec_success_peak'
 'rec_success_mean' 'rec_success_expadj_peak' 'rec_EPAplay_slope'
 'rec_EPAplay_early_peak' 'rec_success_slope' 'rec_success_early_peak'
 'rec_seasons' 'rec_years_before_first' 'rec_years_before_last'
 'rb_seasons' 'rb_years_before_first' 'rb_years_before_last']. At least one non-missing value is needed for imputation with strategy='median'.
  warnings.warn(
/opt/hostedtoolcache/Python/3.12.13/x64/lib/python3.12/site-packages/sklearn/impute/_base.py:647: UserWarning: Skipping features without any observed values: ['rec_EPAplay_final' 'rec_EPAplay_peak' 'rec_EPAplay_mean'
 'rec_EPAplay_expadj_peak' 'rec_success_final' 'rec_success_peak'
 'rec_success_mean' 'rec_success_expadj_peak' 'rec_EPAplay_slope'
 'rec_EPAplay_early_peak' 'rec_success_slope' 'rec_success_early_peak'
 'rec_seasons' 'rec_years_before_first' 'rec_years_before_last'
 'rb_seasons' 'rb_years_before_first' 'rb_years_before_last']. At least one non-missing value is needed for imputation with strategy='median'.
  warnings.warn(
/opt/hostedtoolcache/Python/3.12.13/x64/lib/python3.12/site-packages/sklearn/impute/_base.py:647: UserWarning: Skipping features without any observed values: ['rec_EPAplay_final' 'rec_EPAplay_peak' 'rec_EPAplay_mean'
 'rec_EPAplay_expadj_peak' 'rec_success_final' 'rec_success_peak'
 'rec_success_mean' 'rec_success_expadj_peak' 'rec_EPAplay_slope'
 'rec_EPAplay_early_peak' 'rec_success_slope' 'rec_success_early_peak'
 'rec_seasons' 'rec_years_before_first' 'rec_years_before_last'
 'rb_seasons' 'rb_years_before_first' 'rb_years_before_last']. At least one non-missing value is needed for imputation with strategy='median'.
  warnings.warn(
/opt/hostedtoolcache/Python/3.12.13/x64/lib/python3.12/site-packages/sklearn/impute/_base.py:647: UserWarning: Skipping features without any observed values: ['rec_EPAplay_final' 'rec_EPAplay_peak' 'rec_EPAplay_mean'
 'rec_EPAplay_expadj_peak' 'rec_success_final' 'rec_success_peak'
 'rec_success_mean' 'rec_success_expadj_peak' 'rec_EPAplay_slope'
 'rec_EPAplay_early_peak' 'rec_success_slope' 'rec_success_early_peak'
 'rec_seasons' 'rec_years_before_first' 'rec_years_before_last'
 'rb_seasons' 'rb_years_before_first' 'rb_years_before_last']. At least one non-missing value is needed for imputation with strategy='median'.
  warnings.warn(
/opt/hostedtoolcache/Python/3.12.13/x64/lib/python3.12/site-packages/sklearn/impute/_base.py:647: UserWarning: Skipping features without any observed values: ['rec_EPAplay_final' 'rec_EPAplay_peak' 'rec_EPAplay_mean'
 'rec_EPAplay_expadj_peak' 'rec_success_final' 'rec_success_peak'
 'rec_success_mean' 'rec_success_expadj_peak' 'rec_EPAplay_slope'
 'rec_EPAplay_early_peak' 'rec_success_slope' 'rec_success_early_peak'
 'rec_seasons' 'rec_years_before_first' 'rec_years_before_last'
 'rb_seasons' 'rb_years_before_first' 'rb_years_before_last']. At least one non-missing value is needed for imputation with strategy='median'.
  warnings.warn(
/opt/hostedtoolcache/Python/3.12.13/x64/lib/python3.12/site-packages/sklearn/impute/_base.py:647: UserWarning: Skipping features without any observed values: ['rec_EPAplay_final' 'rec_EPAplay_peak' 'rec_EPAplay_mean'
 'rec_EPAplay_expadj_peak' 'rec_success_final' 'rec_success_peak'
 'rec_success_mean' 'rec_success_expadj_peak' 'rec_EPAplay_slope'
 'rec_EPAplay_early_peak' 'rec_success_slope' 'rec_success_early_peak'
 'rec_seasons' 'rec_years_before_first' 'rec_years_before_last'
 'rb_seasons' 'rb_years_before_first' 'rb_years_before_last']. At least one non-missing value is needed for imputation with strategy='median'.
  warnings.warn(
/opt/hostedtoolcache/Python/3.12.13/x64/lib/python3.12/site-packages/sklearn/impute/_base.py:647: UserWarning: Skipping features without any observed values: ['rec_EPAplay_final' 'rec_EPAplay_peak' 'rec_EPAplay_mean'
 'rec_EPAplay_expadj_peak' 'rec_success_final' 'rec_success_peak'
 'rec_success_mean' 'rec_success_expadj_peak' 'rec_EPAplay_slope'
 'rec_EPAplay_early_peak' 'rec_success_slope' 'rec_success_early_peak'
 'rec_seasons' 'rec_years_before_first' 'rec_years_before_last'
 'rb_seasons' 'rb_years_before_first' 'rb_years_before_last']. At least one non-missing value is needed for imputation with strategy='median'.
  warnings.warn(
/opt/hostedtoolcache/Python/3.12.13/x64/lib/python3.12/site-packages/sklearn/impute/_base.py:647: UserWarning: Skipping features without any observed values: ['rec_EPAplay_final' 'rec_EPAplay_peak' 'rec_EPAplay_mean'
 'rec_EPAplay_expadj_peak' 'rec_success_final' 'rec_success_peak'
 'rec_success_mean' 'rec_success_expadj_peak' 'rec_EPAplay_slope'
 'rec_EPAplay_early_peak' 'rec_success_slope' 'rec_success_early_peak'
 'rec_seasons' 'rec_years_before_first' 'rec_years_before_last'
 'rb_seasons' 'rb_years_before_first' 'rb_years_before_last']. At least one non-missing value is needed for imputation with strategy='median'.
  warnings.warn(
/opt/hostedtoolcache/Python/3.12.13/x64/lib/python3.12/site-packages/sklearn/impute/_base.py:647: UserWarning: Skipping features without any observed values: ['rec_EPAplay_final' 'rec_EPAplay_peak' 'rec_EPAplay_mean'
 'rec_EPAplay_expadj_peak' 'rec_success_final' 'rec_success_peak'
 'rec_success_mean' 'rec_success_expadj_peak' 'rec_EPAplay_slope'
 'rec_EPAplay_early_peak' 'rec_success_slope' 'rec_success_early_peak'
 'rec_seasons' 'rec_years_before_first' 'rec_years_before_last'
 'rb_seasons' 'rb_years_before_first' 'rb_years_before_last']. At least one non-missing value is needed for imputation with strategy='median'.
  warnings.warn(
/opt/hostedtoolcache/Python/3.12.13/x64/lib/python3.12/site-packages/sklearn/impute/_base.py:647: UserWarning: Skipping features without any observed values: ['rec_EPAplay_final' 'rec_EPAplay_peak' 'rec_EPAplay_mean'
 'rec_EPAplay_expadj_peak' 'rec_success_final' 'rec_success_peak'
 'rec_success_mean' 'rec_success_expadj_peak' 'rec_EPAplay_slope'
 'rec_EPAplay_early_peak' 'rec_success_slope' 'rec_success_early_peak'
 'rec_seasons' 'rec_years_before_first' 'rec_years_before_last'
 'rb_seasons' 'rb_years_before_first' 'rb_years_before_last']. At least one non-missing value is needed for imputation with strategy='median'.
  warnings.warn(
/opt/hostedtoolcache/Python/3.12.13/x64/lib/python3.12/site-packages/sklearn/impute/_base.py:647: UserWarning: Skipping features without any observed values: ['rec_EPAplay_final' 'rec_EPAplay_peak' 'rec_EPAplay_mean'
 'rec_EPAplay_expadj_peak' 'rec_success_final' 'rec_success_peak'
 'rec_success_mean' 'rec_success_expadj_peak' 'rec_EPAplay_slope'
 'rec_EPAplay_early_peak' 'rec_success_slope' 'rec_success_early_peak'
 'rec_seasons' 'rec_years_before_first' 'rec_years_before_last'
 'rb_seasons' 'rb_years_before_first' 'rb_years_before_last']. At least one non-missing value is needed for imputation with strategy='median'.
  warnings.warn(
/opt/hostedtoolcache/Python/3.12.13/x64/lib/python3.12/site-packages/sklearn/impute/_base.py:647: UserWarning: Skipping features without any observed values: ['rec_EPAplay_final' 'rec_EPAplay_peak' 'rec_EPAplay_mean'
 'rec_EPAplay_expadj_peak' 'rec_success_final' 'rec_success_peak'
 'rec_success_mean' 'rec_success_expadj_peak' 'rec_EPAplay_slope'
 'rec_EPAplay_early_peak' 'rec_success_slope' 'rec_success_early_peak'
 'rec_seasons' 'rec_years_before_first' 'rec_years_before_last'
 'rb_seasons' 'rb_years_before_first' 'rb_years_before_last']. At least one non-missing value is needed for imputation with strategy='median'.
  warnings.warn(
/opt/hostedtoolcache/Python/3.12.13/x64/lib/python3.12/site-packages/sklearn/impute/_base.py:647: UserWarning: Skipping features without any observed values: ['rec_EPAplay_final' 'rec_EPAplay_peak' 'rec_EPAplay_mean'
 'rec_EPAplay_expadj_peak' 'rec_success_final' 'rec_success_peak'
 'rec_success_mean' 'rec_success_expadj_peak' 'rec_EPAplay_slope'
 'rec_EPAplay_early_peak' 'rec_success_slope' 'rec_success_early_peak'
 'rec_seasons' 'rec_years_before_first' 'rec_years_before_last'
 'rb_seasons' 'rb_years_before_first' 'rb_years_before_last']. At least one non-missing value is needed for imputation with strategy='median'.
  warnings.warn(
/opt/hostedtoolcache/Python/3.12.13/x64/lib/python3.12/site-packages/sklearn/impute/_base.py:647: UserWarning: Skipping features without any observed values: ['rec_EPAplay_final' 'rec_EPAplay_peak' 'rec_EPAplay_mean'
 'rec_EPAplay_expadj_peak' 'rec_success_final' 'rec_success_peak'
 'rec_success_mean' 'rec_success_expadj_peak' 'rec_EPAplay_slope'
 'rec_EPAplay_early_peak' 'rec_success_slope' 'rec_success_early_peak'
 'rec_seasons' 'rec_years_before_first' 'rec_years_before_last'
 'rb_seasons' 'rb_years_before_first' 'rb_years_before_last']. At least one non-missing value is needed for imputation with strategy='median'.
  warnings.warn(
/opt/hostedtoolcache/Python/3.12.13/x64/lib/python3.12/site-packages/sklearn/impute/_base.py:647: UserWarning: Skipping features without any observed values: ['rec_EPAplay_final' 'rec_EPAplay_peak' 'rec_EPAplay_mean'
 'rec_EPAplay_expadj_peak' 'rec_success_final' 'rec_success_peak'
 'rec_success_mean' 'rec_success_expadj_peak' 'rec_EPAplay_slope'
 'rec_EPAplay_early_peak' 'rec_success_slope' 'rec_success_early_peak'
 'rec_seasons' 'rec_years_before_first' 'rec_years_before_last'
 'rb_seasons' 'rb_years_before_first' 'rb_years_before_last']. At least one non-missing value is needed for imputation with strategy='median'.
  warnings.warn(
/opt/hostedtoolcache/Python/3.12.13/x64/lib/python3.12/site-packages/sklearn/impute/_base.py:647: UserWarning: Skipping features without any observed values: ['rec_EPAplay_final' 'rec_EPAplay_peak' 'rec_EPAplay_mean'
 'rec_EPAplay_expadj_peak' 'rec_success_final' 'rec_success_peak'
 'rec_success_mean' 'rec_success_expadj_peak' 'rec_EPAplay_slope'
 'rec_EPAplay_early_peak' 'rec_success_slope' 'rec_success_early_peak'
 'rec_seasons' 'rec_years_before_first' 'rec_years_before_last'
 'rb_seasons' 'rb_years_before_first' 'rb_years_before_last']. At least one non-missing value is needed for imputation with strategy='median'.
  warnings.warn(
/opt/hostedtoolcache/Python/3.12.13/x64/lib/python3.12/site-packages/sklearn/impute/_base.py:647: UserWarning: Skipping features without any observed values: ['rec_EPAplay_final' 'rec_EPAplay_peak' 'rec_EPAplay_mean'
 'rec_EPAplay_expadj_peak' 'rec_success_final' 'rec_success_peak'
 'rec_success_mean' 'rec_success_expadj_peak' 'rec_EPAplay_slope'
 'rec_EPAplay_early_peak' 'rec_success_slope' 'rec_success_early_peak'
 'rec_seasons' 'rec_years_before_first' 'rec_years_before_last'
 'rb_seasons' 'rb_years_before_first' 'rb_years_before_last']. At least one non-missing value is needed for imputation with strategy='median'.
  warnings.warn(
/opt/hostedtoolcache/Python/3.12.13/x64/lib/python3.12/site-packages/sklearn/impute/_base.py:647: UserWarning: Skipping features without any observed values: ['rec_EPAplay_final' 'rec_EPAplay_peak' 'rec_EPAplay_mean'
 'rec_EPAplay_expadj_peak' 'rec_success_final' 'rec_success_peak'
 'rec_success_mean' 'rec_success_expadj_peak' 'rec_EPAplay_slope'
 'rec_EPAplay_early_peak' 'rec_success_slope' 'rec_success_early_peak'
 'rec_seasons' 'rec_years_before_first' 'rec_years_before_last'
 'rb_seasons' 'rb_years_before_first' 'rb_years_before_last']. At least one non-missing value is needed for imputation with strategy='median'.
  warnings.warn(
/opt/hostedtoolcache/Python/3.12.13/x64/lib/python3.12/site-packages/sklearn/impute/_base.py:647: UserWarning: Skipping features without any observed values: ['rec_EPAplay_final' 'rec_EPAplay_peak' 'rec_EPAplay_mean'
 'rec_EPAplay_expadj_peak' 'rec_success_final' 'rec_success_peak'
 'rec_success_mean' 'rec_success_expadj_peak' 'rec_EPAplay_slope'
 'rec_EPAplay_early_peak' 'rec_success_slope' 'rec_success_early_peak'
 'rec_seasons' 'rec_years_before_first' 'rec_years_before_last'
 'rb_seasons' 'rb_years_before_first' 'rb_years_before_last']. At least one non-missing value is needed for imputation with strategy='median'.
  warnings.warn(
/opt/hostedtoolcache/Python/3.12.13/x64/lib/python3.12/site-packages/sklearn/impute/_base.py:647: UserWarning: Skipping features without any observed values: ['rec_EPAplay_final' 'rec_EPAplay_peak' 'rec_EPAplay_mean'
 'rec_EPAplay_expadj_peak' 'rec_success_final' 'rec_success_peak'
 'rec_success_mean' 'rec_success_expadj_peak' 'rec_EPAplay_slope'
 'rec_EPAplay_early_peak' 'rec_success_slope' 'rec_success_early_peak'
 'rec_seasons' 'rec_years_before_first' 'rec_years_before_last'
 'rb_seasons' 'rb_years_before_first' 'rb_years_before_last']. At least one non-missing value is needed for imputation with strategy='median'.
  warnings.warn(
/opt/hostedtoolcache/Python/3.12.13/x64/lib/python3.12/site-packages/sklearn/impute/_base.py:647: UserWarning: Skipping features without any observed values: ['rec_EPAplay_final' 'rec_EPAplay_peak' 'rec_EPAplay_mean'
 'rec_EPAplay_expadj_peak' 'rec_success_final' 'rec_success_peak'
 'rec_success_mean' 'rec_success_expadj_peak' 'rec_EPAplay_slope'
 'rec_EPAplay_early_peak' 'rec_success_slope' 'rec_success_early_peak'
 'rec_seasons' 'rec_years_before_first' 'rec_years_before_last'
 'rb_seasons' 'rb_years_before_first' 'rb_years_before_last']. At least one non-missing value is needed for imputation with strategy='median'.
  warnings.warn(
/opt/hostedtoolcache/Python/3.12.13/x64/lib/python3.12/site-packages/sklearn/impute/_base.py:647: UserWarning: Skipping features without any observed values: ['rec_EPAplay_final' 'rec_EPAplay_peak' 'rec_EPAplay_mean'
 'rec_EPAplay_expadj_peak' 'rec_success_final' 'rec_success_peak'
 'rec_success_mean' 'rec_success_expadj_peak' 'rec_EPAplay_slope'
 'rec_EPAplay_early_peak' 'rec_success_slope' 'rec_success_early_peak'
 'rec_seasons' 'rec_years_before_first' 'rec_years_before_last'
 'rb_seasons' 'rb_years_before_first' 'rb_years_before_last']. At least one non-missing value is needed for imputation with strategy='median'.
  warnings.warn(
/opt/hostedtoolcache/Python/3.12.13/x64/lib/python3.12/site-packages/sklearn/impute/_base.py:647: UserWarning: Skipping features without any observed values: ['rec_EPAplay_final' 'rec_EPAplay_peak' 'rec_EPAplay_mean'
 'rec_EPAplay_expadj_peak' 'rec_success_final' 'rec_success_peak'
 'rec_success_mean' 'rec_success_expadj_peak' 'rec_EPAplay_slope'
 'rec_EPAplay_early_peak' 'rec_success_slope' 'rec_success_early_peak'
 'rec_seasons' 'rec_years_before_first' 'rec_years_before_last'
 'rb_seasons' 'rb_years_before_first' 'rb_years_before_last']. At least one non-missing value is needed for imputation with strategy='median'.
  warnings.warn(
/opt/hostedtoolcache/Python/3.12.13/x64/lib/python3.12/site-packages/sklearn/impute/_base.py:647: UserWarning: Skipping features without any observed values: ['rec_EPAplay_final' 'rec_EPAplay_peak' 'rec_EPAplay_mean'
 'rec_EPAplay_expadj_peak' 'rec_success_final' 'rec_success_peak'
 'rec_success_mean' 'rec_success_expadj_peak' 'rec_EPAplay_slope'
 'rec_EPAplay_early_peak' 'rec_success_slope' 'rec_success_early_peak'
 'rec_seasons' 'rec_years_before_first' 'rec_years_before_last'
 'rb_seasons' 'rb_years_before_first' 'rb_years_before_last']. At least one non-missing value is needed for imputation with strategy='median'.
  warnings.warn(
/opt/hostedtoolcache/Python/3.12.13/x64/lib/python3.12/site-packages/sklearn/impute/_base.py:647: UserWarning: Skipping features without any observed values: ['rec_EPAplay_final' 'rec_EPAplay_peak' 'rec_EPAplay_mean'
 'rec_EPAplay_expadj_peak' 'rec_success_final' 'rec_success_peak'
 'rec_success_mean' 'rec_success_expadj_peak' 'rec_EPAplay_slope'
 'rec_EPAplay_early_peak' 'rec_success_slope' 'rec_success_early_peak'
 'rec_seasons' 'rec_years_before_first' 'rec_years_before_last'
 'rb_seasons' 'rb_years_before_first' 'rb_years_before_last']. At least one non-missing value is needed for imputation with strategy='median'.
  warnings.warn(
/opt/hostedtoolcache/Python/3.12.13/x64/lib/python3.12/site-packages/sklearn/impute/_base.py:647: UserWarning: Skipping features without any observed values: ['rec_EPAplay_final' 'rec_EPAplay_peak' 'rec_EPAplay_mean'
 'rec_EPAplay_expadj_peak' 'rec_success_final' 'rec_success_peak'
 'rec_success_mean' 'rec_success_expadj_peak' 'rec_EPAplay_slope'
 'rec_EPAplay_early_peak' 'rec_success_slope' 'rec_success_early_peak'
 'rec_seasons' 'rec_years_before_first' 'rec_years_before_last'
 'rb_seasons' 'rb_years_before_first' 'rb_years_before_last']. At least one non-missing value is needed for imputation with strategy='median'.
  warnings.warn(
/opt/hostedtoolcache/Python/3.12.13/x64/lib/python3.12/site-packages/sklearn/impute/_base.py:647: UserWarning: Skipping features without any observed values: ['rec_EPAplay_final' 'rec_EPAplay_peak' 'rec_EPAplay_mean'
 'rec_EPAplay_expadj_peak' 'rec_success_final' 'rec_success_peak'
 'rec_success_mean' 'rec_success_expadj_peak' 'rec_EPAplay_slope'
 'rec_EPAplay_early_peak' 'rec_success_slope' 'rec_success_early_peak'
 'rec_seasons' 'rec_years_before_first' 'rec_years_before_last'
 'rb_seasons' 'rb_years_before_first' 'rb_years_before_last']. At least one non-missing value is needed for imputation with strategy='median'.
  warnings.warn(
/opt/hostedtoolcache/Python/3.12.13/x64/lib/python3.12/site-packages/sklearn/impute/_base.py:647: UserWarning: Skipping features without any observed values: ['rec_EPAplay_final' 'rec_EPAplay_peak' 'rec_EPAplay_mean'
 'rec_EPAplay_expadj_peak' 'rec_success_final' 'rec_success_peak'
 'rec_success_mean' 'rec_success_expadj_peak' 'rec_EPAplay_slope'
 'rec_EPAplay_early_peak' 'rec_success_slope' 'rec_success_early_peak'
 'rec_seasons' 'rec_years_before_first' 'rec_years_before_last'
 'rb_seasons' 'rb_years_before_first' 'rb_years_before_last']. At least one non-missing value is needed for imputation with strategy='median'.
  warnings.warn(
/opt/hostedtoolcache/Python/3.12.13/x64/lib/python3.12/site-packages/sklearn/impute/_base.py:647: UserWarning: Skipping features without any observed values: ['rec_EPAplay_final' 'rec_EPAplay_peak' 'rec_EPAplay_mean'
 'rec_EPAplay_expadj_peak' 'rec_success_final' 'rec_success_peak'
 'rec_success_mean' 'rec_success_expadj_peak' 'rec_EPAplay_slope'
 'rec_EPAplay_early_peak' 'rec_success_slope' 'rec_success_early_peak'
 'rec_seasons' 'rec_years_before_first' 'rec_years_before_last'
 'rb_seasons' 'rb_years_before_first' 'rb_years_before_last']. At least one non-missing value is needed for imputation with strategy='median'.
  warnings.warn(
/opt/hostedtoolcache/Python/3.12.13/x64/lib/python3.12/site-packages/sklearn/impute/_base.py:647: UserWarning: Skipping features without any observed values: ['rec_EPAplay_final' 'rec_EPAplay_peak' 'rec_EPAplay_mean'
 'rec_EPAplay_expadj_peak' 'rec_success_final' 'rec_success_peak'
 'rec_success_mean' 'rec_success_expadj_peak' 'rec_EPAplay_slope'
 'rec_EPAplay_early_peak' 'rec_success_slope' 'rec_success_early_peak'
 'rec_seasons' 'rec_years_before_first' 'rec_years_before_last'
 'rb_seasons' 'rb_years_before_first' 'rb_years_before_last']. At least one non-missing value is needed for imputation with strategy='median'.
  warnings.warn(
/opt/hostedtoolcache/Python/3.12.13/x64/lib/python3.12/site-packages/sklearn/impute/_base.py:647: UserWarning: Skipping features without any observed values: ['rec_EPAplay_final' 'rec_EPAplay_peak' 'rec_EPAplay_mean'
 'rec_EPAplay_expadj_peak' 'rec_success_final' 'rec_success_peak'
 'rec_success_mean' 'rec_success_expadj_peak' 'rec_EPAplay_slope'
 'rec_EPAplay_early_peak' 'rec_success_slope' 'rec_success_early_peak'
 'rec_seasons' 'rec_years_before_first' 'rec_years_before_last'
 'rb_seasons' 'rb_years_before_first' 'rb_years_before_last']. At least one non-missing value is needed for imputation with strategy='median'.
  warnings.warn(
/opt/hostedtoolcache/Python/3.12.13/x64/lib/python3.12/site-packages/sklearn/impute/_base.py:647: UserWarning: Skipping features without any observed values: ['rec_EPAplay_final' 'rec_EPAplay_peak' 'rec_EPAplay_mean'
 'rec_EPAplay_expadj_peak' 'rec_success_final' 'rec_success_peak'
 'rec_success_mean' 'rec_success_expadj_peak' 'rec_EPAplay_slope'
 'rec_EPAplay_early_peak' 'rec_success_slope' 'rec_success_early_peak'
 'rec_seasons' 'rec_years_before_first' 'rec_years_before_last'
 'rb_seasons' 'rb_years_before_first' 'rb_years_before_last']. At least one non-missing value is needed for imputation with strategy='median'.
  warnings.warn(
/opt/hostedtoolcache/Python/3.12.13/x64/lib/python3.12/site-packages/sklearn/impute/_base.py:647: UserWarning: Skipping features without any observed values: ['rec_EPAplay_final' 'rec_EPAplay_peak' 'rec_EPAplay_mean'
 'rec_EPAplay_expadj_peak' 'rec_success_final' 'rec_success_peak'
 'rec_success_mean' 'rec_success_expadj_peak' 'rec_EPAplay_slope'
 'rec_EPAplay_early_peak' 'rec_success_slope' 'rec_success_early_peak'
 'rec_seasons' 'rec_years_before_first' 'rec_years_before_last'
 'rb_seasons' 'rb_years_before_first' 'rb_years_before_last']. At least one non-missing value is needed for imputation with strategy='median'.
  warnings.warn(
/opt/hostedtoolcache/Python/3.12.13/x64/lib/python3.12/site-packages/sklearn/impute/_base.py:647: UserWarning: Skipping features without any observed values: ['rec_EPAplay_final' 'rec_EPAplay_peak' 'rec_EPAplay_mean'
 'rec_EPAplay_expadj_peak' 'rec_success_final' 'rec_success_peak'
 'rec_success_mean' 'rec_success_expadj_peak' 'rec_EPAplay_slope'
 'rec_EPAplay_early_peak' 'rec_success_slope' 'rec_success_early_peak'
 'rec_seasons' 'rec_years_before_first' 'rec_years_before_last'
 'rb_seasons' 'rb_years_before_first' 'rb_years_before_last']. At least one non-missing value is needed for imputation with strategy='median'.
  warnings.warn(
/opt/hostedtoolcache/Python/3.12.13/x64/lib/python3.12/site-packages/sklearn/impute/_base.py:647: UserWarning: Skipping features without any observed values: ['rec_EPAplay_final' 'rec_EPAplay_peak' 'rec_EPAplay_mean'
 'rec_EPAplay_expadj_peak' 'rec_success_final' 'rec_success_peak'
 'rec_success_mean' 'rec_success_expadj_peak' 'rec_EPAplay_slope'
 'rec_EPAplay_early_peak' 'rec_success_slope' 'rec_success_early_peak'
 'rec_seasons' 'rec_years_before_first' 'rec_years_before_last'
 'rb_seasons' 'rb_years_before_first' 'rb_years_before_last']. At least one non-missing value is needed for imputation with strategy='median'.
  warnings.warn(
/opt/hostedtoolcache/Python/3.12.13/x64/lib/python3.12/site-packages/sklearn/impute/_base.py:647: UserWarning: Skipping features without any observed values: ['rec_EPAplay_final' 'rec_EPAplay_peak' 'rec_EPAplay_mean'
 'rec_EPAplay_expadj_peak' 'rec_success_final' 'rec_success_peak'
 'rec_success_mean' 'rec_success_expadj_peak' 'rec_EPAplay_slope'
 'rec_EPAplay_early_peak' 'rec_success_slope' 'rec_success_early_peak'
 'rec_seasons' 'rec_years_before_first' 'rec_years_before_last'
 'rb_seasons' 'rb_years_before_first' 'rb_years_before_last']. At least one non-missing value is needed for imputation with strategy='median'.
  warnings.warn(
/opt/hostedtoolcache/Python/3.12.13/x64/lib/python3.12/site-packages/sklearn/impute/_base.py:647: UserWarning: Skipping features without any observed values: ['rec_EPAplay_final' 'rec_EPAplay_peak' 'rec_EPAplay_mean'
 'rec_EPAplay_expadj_peak' 'rec_success_final' 'rec_success_peak'
 'rec_success_mean' 'rec_success_expadj_peak' 'rec_EPAplay_slope'
 'rec_EPAplay_early_peak' 'rec_success_slope' 'rec_success_early_peak'
 'rec_seasons' 'rec_years_before_first' 'rec_years_before_last'
 'rb_seasons' 'rb_years_before_first' 'rb_years_before_last']. At least one non-missing value is needed for imputation with strategy='median'.
  warnings.warn(
/opt/hostedtoolcache/Python/3.12.13/x64/lib/python3.12/site-packages/sklearn/impute/_base.py:647: UserWarning: Skipping features without any observed values: ['rec_EPAplay_final' 'rec_EPAplay_peak' 'rec_EPAplay_mean'
 'rec_EPAplay_expadj_peak' 'rec_success_final' 'rec_success_peak'
 'rec_success_mean' 'rec_success_expadj_peak' 'rec_EPAplay_slope'
 'rec_EPAplay_early_peak' 'rec_success_slope' 'rec_success_early_peak'
 'rec_seasons' 'rec_years_before_first' 'rec_years_before_last'
 'rb_seasons' 'rb_years_before_first' 'rb_years_before_last']. At least one non-missing value is needed for imputation with strategy='median'.
  warnings.warn(
/opt/hostedtoolcache/Python/3.12.13/x64/lib/python3.12/site-packages/sklearn/impute/_base.py:647: UserWarning: Skipping features without any observed values: ['rec_EPAplay_final' 'rec_EPAplay_peak' 'rec_EPAplay_mean'
 'rec_EPAplay_expadj_peak' 'rec_success_final' 'rec_success_peak'
 'rec_success_mean' 'rec_success_expadj_peak' 'rec_EPAplay_slope'
 'rec_EPAplay_early_peak' 'rec_success_slope' 'rec_success_early_peak'
 'rec_seasons' 'rec_years_before_first' 'rec_years_before_last'
 'rb_seasons' 'rb_years_before_first' 'rb_years_before_last']. At least one non-missing value is needed for imputation with strategy='median'.
  warnings.warn(
/opt/hostedtoolcache/Python/3.12.13/x64/lib/python3.12/site-packages/sklearn/impute/_base.py:647: UserWarning: Skipping features without any observed values: ['rec_EPAplay_final' 'rec_EPAplay_peak' 'rec_EPAplay_mean'
 'rec_EPAplay_expadj_peak' 'rec_success_final' 'rec_success_peak'
 'rec_success_mean' 'rec_success_expadj_peak' 'rec_EPAplay_slope'
 'rec_EPAplay_early_peak' 'rec_success_slope' 'rec_success_early_peak'
 'rec_seasons' 'rec_years_before_first' 'rec_years_before_last'
 'rb_seasons' 'rb_years_before_first' 'rb_years_before_last']. At least one non-missing value is needed for imputation with strategy='median'.
  warnings.warn(
/opt/hostedtoolcache/Python/3.12.13/x64/lib/python3.12/site-packages/sklearn/impute/_base.py:647: UserWarning: Skipping features without any observed values: ['rec_EPAplay_final' 'rec_EPAplay_peak' 'rec_EPAplay_mean'
 'rec_EPAplay_expadj_peak' 'rec_success_final' 'rec_success_peak'
 'rec_success_mean' 'rec_success_expadj_peak' 'rec_EPAplay_slope'
 'rec_EPAplay_early_peak' 'rec_success_slope' 'rec_success_early_peak'
 'rec_seasons' 'rec_years_before_first' 'rec_years_before_last'
 'rb_seasons' 'rb_years_before_first' 'rb_years_before_last']. At least one non-missing value is needed for imputation with strategy='median'.
  warnings.warn(
/opt/hostedtoolcache/Python/3.12.13/x64/lib/python3.12/site-packages/sklearn/impute/_base.py:647: UserWarning: Skipping features without any observed values: ['rec_EPAplay_final' 'rec_EPAplay_peak' 'rec_EPAplay_mean'
 'rec_EPAplay_expadj_peak' 'rec_success_final' 'rec_success_peak'
 'rec_success_mean' 'rec_success_expadj_peak' 'rec_EPAplay_slope'
 'rec_EPAplay_early_peak' 'rec_success_slope' 'rec_success_early_peak'
 'rec_seasons' 'rec_years_before_first' 'rec_years_before_last'
 'rb_seasons' 'rb_years_before_first' 'rb_years_before_last']. At least one non-missing value is needed for imputation with strategy='median'.
  warnings.warn(
/opt/hostedtoolcache/Python/3.12.13/x64/lib/python3.12/site-packages/sklearn/impute/_base.py:647: UserWarning: Skipping features without any observed values: ['rec_EPAplay_final' 'rec_EPAplay_peak' 'rec_EPAplay_mean'
 'rec_EPAplay_expadj_peak' 'rec_success_final' 'rec_success_peak'
 'rec_success_mean' 'rec_success_expadj_peak' 'rec_EPAplay_slope'
 'rec_EPAplay_early_peak' 'rec_success_slope' 'rec_success_early_peak'
 'rec_seasons' 'rec_years_before_first' 'rec_years_before_last'
 'rb_seasons' 'rb_years_before_first' 'rb_years_before_last']. At least one non-missing value is needed for imputation with strategy='median'.
  warnings.warn(
/opt/hostedtoolcache/Python/3.12.13/x64/lib/python3.12/site-packages/sklearn/impute/_base.py:647: UserWarning: Skipping features without any observed values: ['rec_EPAplay_final' 'rec_EPAplay_peak' 'rec_EPAplay_mean'
 'rec_EPAplay_expadj_peak' 'rec_success_final' 'rec_success_peak'
 'rec_success_mean' 'rec_success_expadj_peak' 'rec_EPAplay_slope'
 'rec_EPAplay_early_peak' 'rec_success_slope' 'rec_success_early_peak'
 'rec_seasons' 'rec_years_before_first' 'rec_years_before_last'
 'rb_seasons' 'rb_years_before_first' 'rb_years_before_last']. At least one non-missing value is needed for imputation with strategy='median'.
  warnings.warn(
/opt/hostedtoolcache/Python/3.12.13/x64/lib/python3.12/site-packages/sklearn/impute/_base.py:647: UserWarning: Skipping features without any observed values: ['rec_EPAplay_final' 'rec_EPAplay_peak' 'rec_EPAplay_mean'
 'rec_EPAplay_expadj_peak' 'rec_success_final' 'rec_success_peak'
 'rec_success_mean' 'rec_success_expadj_peak' 'rec_EPAplay_slope'
 'rec_EPAplay_early_peak' 'rec_success_slope' 'rec_success_early_peak'
 'rec_seasons' 'rec_years_before_first' 'rec_years_before_last'
 'rb_seasons' 'rb_years_before_first' 'rb_years_before_last']. At least one non-missing value is needed for imputation with strategy='median'.
  warnings.warn(
/opt/hostedtoolcache/Python/3.12.13/x64/lib/python3.12/site-packages/sklearn/impute/_base.py:647: UserWarning: Skipping features without any observed values: ['rec_EPAplay_final' 'rec_EPAplay_peak' 'rec_EPAplay_mean'
 'rec_EPAplay_expadj_peak' 'rec_success_final' 'rec_success_peak'
 'rec_success_mean' 'rec_success_expadj_peak' 'rec_EPAplay_slope'
 'rec_EPAplay_early_peak' 'rec_success_slope' 'rec_success_early_peak'
 'rec_seasons' 'rec_years_before_first' 'rec_years_before_last'
 'rb_seasons' 'rb_years_before_first' 'rb_years_before_last']. At least one non-missing value is needed for imputation with strategy='median'.
  warnings.warn(
/opt/hostedtoolcache/Python/3.12.13/x64/lib/python3.12/site-packages/sklearn/impute/_base.py:647: UserWarning: Skipping features without any observed values: ['rec_EPAplay_final' 'rec_EPAplay_peak' 'rec_EPAplay_mean'
 'rec_EPAplay_expadj_peak' 'rec_success_final' 'rec_success_peak'
 'rec_success_mean' 'rec_success_expadj_peak' 'rec_EPAplay_slope'
 'rec_EPAplay_early_peak' 'rec_success_slope' 'rec_success_early_peak'
 'rec_seasons' 'rec_years_before_first' 'rec_years_before_last'
 'rb_seasons' 'rb_years_before_first' 'rb_years_before_last']. At least one non-missing value is needed for imputation with strategy='median'.
  warnings.warn(
/opt/hostedtoolcache/Python/3.12.13/x64/lib/python3.12/site-packages/sklearn/impute/_base.py:647: UserWarning: Skipping features without any observed values: ['rec_EPAplay_final' 'rec_EPAplay_peak' 'rec_EPAplay_mean'
 'rec_EPAplay_expadj_peak' 'rec_success_final' 'rec_success_peak'
 'rec_success_mean' 'rec_success_expadj_peak' 'rec_EPAplay_slope'
 'rec_EPAplay_early_peak' 'rec_success_slope' 'rec_success_early_peak'
 'rec_seasons' 'rec_years_before_first' 'rec_years_before_last'
 'rb_seasons' 'rb_years_before_first' 'rb_years_before_last']. At least one non-missing value is needed for imputation with strategy='median'.
  warnings.warn(
/opt/hostedtoolcache/Python/3.12.13/x64/lib/python3.12/site-packages/sklearn/impute/_base.py:647: UserWarning: Skipping features without any observed values: ['rec_EPAplay_final' 'rec_EPAplay_peak' 'rec_EPAplay_mean'
 'rec_EPAplay_expadj_peak' 'rec_success_final' 'rec_success_peak'
 'rec_success_mean' 'rec_success_expadj_peak' 'rec_EPAplay_slope'
 'rec_EPAplay_early_peak' 'rec_success_slope' 'rec_success_early_peak'
 'rec_seasons' 'rec_years_before_first' 'rec_years_before_last'
 'rb_seasons' 'rb_years_before_first' 'rb_years_before_last']. At least one non-missing value is needed for imputation with strategy='median'.
  warnings.warn(
/opt/hostedtoolcache/Python/3.12.13/x64/lib/python3.12/site-packages/sklearn/impute/_base.py:647: UserWarning: Skipping features without any observed values: ['rec_EPAplay_final' 'rec_EPAplay_peak' 'rec_EPAplay_mean'
 'rec_EPAplay_expadj_peak' 'rec_success_final' 'rec_success_peak'
 'rec_success_mean' 'rec_success_expadj_peak' 'rec_EPAplay_slope'
 'rec_EPAplay_early_peak' 'rec_success_slope' 'rec_success_early_peak'
 'rec_seasons' 'rec_years_before_first' 'rec_years_before_last'
 'rb_seasons' 'rb_years_before_first' 'rb_years_before_last']. At least one non-missing value is needed for imputation with strategy='median'.
  warnings.warn(
/opt/hostedtoolcache/Python/3.12.13/x64/lib/python3.12/site-packages/sklearn/impute/_base.py:647: UserWarning: Skipping features without any observed values: ['rec_EPAplay_final' 'rec_EPAplay_peak' 'rec_EPAplay_mean'
 'rec_EPAplay_expadj_peak' 'rec_success_final' 'rec_success_peak'
 'rec_success_mean' 'rec_success_expadj_peak' 'rec_EPAplay_slope'
 'rec_EPAplay_early_peak' 'rec_success_slope' 'rec_success_early_peak'
 'rec_seasons' 'rec_years_before_first' 'rec_years_before_last'
 'rb_seasons' 'rb_years_before_first' 'rb_years_before_last']. At least one non-missing value is needed for imputation with strategy='median'.
  warnings.warn(
/opt/hostedtoolcache/Python/3.12.13/x64/lib/python3.12/site-packages/sklearn/impute/_base.py:647: UserWarning: Skipping features without any observed values: ['rec_EPAplay_final' 'rec_EPAplay_peak' 'rec_EPAplay_mean'
 'rec_EPAplay_expadj_peak' 'rec_success_final' 'rec_success_peak'
 'rec_success_mean' 'rec_success_expadj_peak' 'rec_EPAplay_slope'
 'rec_EPAplay_early_peak' 'rec_success_slope' 'rec_success_early_peak'
 'rec_seasons' 'rec_years_before_first' 'rec_years_before_last'
 'rb_seasons' 'rb_years_before_first' 'rb_years_before_last']. At least one non-missing value is needed for imputation with strategy='median'.
  warnings.warn(
/opt/hostedtoolcache/Python/3.12.13/x64/lib/python3.12/site-packages/sklearn/impute/_base.py:647: UserWarning: Skipping features without any observed values: ['rec_EPAplay_final' 'rec_EPAplay_peak' 'rec_EPAplay_mean'
 'rec_EPAplay_expadj_peak' 'rec_success_final' 'rec_success_peak'
 'rec_success_mean' 'rec_success_expadj_peak' 'rec_EPAplay_slope'
 'rec_EPAplay_early_peak' 'rec_success_slope' 'rec_success_early_peak'
 'rec_seasons' 'rec_years_before_first' 'rec_years_before_last'
 'rb_seasons' 'rb_years_before_first' 'rb_years_before_last']. At least one non-missing value is needed for imputation with strategy='median'.
  warnings.warn(
/opt/hostedtoolcache/Python/3.12.13/x64/lib/python3.12/site-packages/sklearn/impute/_base.py:647: UserWarning: Skipping features without any observed values: ['rec_EPAplay_final' 'rec_EPAplay_peak' 'rec_EPAplay_mean'
 'rec_EPAplay_expadj_peak' 'rec_success_final' 'rec_success_peak'
 'rec_success_mean' 'rec_success_expadj_peak' 'rec_EPAplay_slope'
 'rec_EPAplay_early_peak' 'rec_success_slope' 'rec_success_early_peak'
 'rec_seasons' 'rec_years_before_first' 'rec_years_before_last'
 'rb_seasons' 'rb_years_before_first' 'rb_years_before_last']. At least one non-missing value is needed for imputation with strategy='median'.
  warnings.warn(
/opt/hostedtoolcache/Python/3.12.13/x64/lib/python3.12/site-packages/sklearn/impute/_base.py:647: UserWarning: Skipping features without any observed values: ['rec_EPAplay_final' 'rec_EPAplay_peak' 'rec_EPAplay_mean'
 'rec_EPAplay_expadj_peak' 'rec_success_final' 'rec_success_peak'
 'rec_success_mean' 'rec_success_expadj_peak' 'rec_EPAplay_slope'
 'rec_EPAplay_early_peak' 'rec_success_slope' 'rec_success_early_peak'
 'rec_seasons' 'rec_years_before_first' 'rec_years_before_last'
 'rb_seasons' 'rb_years_before_first' 'rb_years_before_last']. At least one non-missing value is needed for imputation with strategy='median'.
  warnings.warn(
/opt/hostedtoolcache/Python/3.12.13/x64/lib/python3.12/site-packages/sklearn/impute/_base.py:647: UserWarning: Skipping features without any observed values: ['rec_EPAplay_final' 'rec_EPAplay_peak' 'rec_EPAplay_mean'
 'rec_EPAplay_expadj_peak' 'rec_success_final' 'rec_success_peak'
 'rec_success_mean' 'rec_success_expadj_peak' 'rec_EPAplay_slope'
 'rec_EPAplay_early_peak' 'rec_success_slope' 'rec_success_early_peak'
 'rec_seasons' 'rec_years_before_first' 'rec_years_before_last'
 'rb_seasons' 'rb_years_before_first' 'rb_years_before_last']. At least one non-missing value is needed for imputation with strategy='median'.
  warnings.warn(
/opt/hostedtoolcache/Python/3.12.13/x64/lib/python3.12/site-packages/sklearn/impute/_base.py:647: UserWarning: Skipping features without any observed values: ['rec_EPAplay_final' 'rec_EPAplay_peak' 'rec_EPAplay_mean'
 'rec_EPAplay_expadj_peak' 'rec_success_final' 'rec_success_peak'
 'rec_success_mean' 'rec_success_expadj_peak' 'rec_EPAplay_slope'
 'rec_EPAplay_early_peak' 'rec_success_slope' 'rec_success_early_peak'
 'rec_seasons' 'rec_years_before_first' 'rec_years_before_last'
 'rb_seasons' 'rb_years_before_first' 'rb_years_before_last']. At least one non-missing value is needed for imputation with strategy='median'.
  warnings.warn(
/opt/hostedtoolcache/Python/3.12.13/x64/lib/python3.12/site-packages/sklearn/impute/_base.py:647: UserWarning: Skipping features without any observed values: ['rec_EPAplay_final' 'rec_EPAplay_peak' 'rec_EPAplay_mean'
 'rec_EPAplay_expadj_peak' 'rec_success_final' 'rec_success_peak'
 'rec_success_mean' 'rec_success_expadj_peak' 'rec_EPAplay_slope'
 'rec_EPAplay_early_peak' 'rec_success_slope' 'rec_success_early_peak'
 'rec_seasons' 'rec_years_before_first' 'rec_years_before_last'
 'rb_seasons' 'rb_years_before_first' 'rb_years_before_last']. At least one non-missing value is needed for imputation with strategy='median'.
  warnings.warn(
/opt/hostedtoolcache/Python/3.12.13/x64/lib/python3.12/site-packages/sklearn/impute/_base.py:647: UserWarning: Skipping features without any observed values: ['rec_EPAplay_final' 'rec_EPAplay_peak' 'rec_EPAplay_mean'
 'rec_EPAplay_expadj_peak' 'rec_success_final' 'rec_success_peak'
 'rec_success_mean' 'rec_success_expadj_peak' 'rec_EPAplay_slope'
 'rec_EPAplay_early_peak' 'rec_success_slope' 'rec_success_early_peak'
 'rec_seasons' 'rec_years_before_first' 'rec_years_before_last'
 'rb_seasons' 'rb_years_before_first' 'rb_years_before_last']. At least one non-missing value is needed for imputation with strategy='median'.
  warnings.warn(
/opt/hostedtoolcache/Python/3.12.13/x64/lib/python3.12/site-packages/sklearn/impute/_base.py:647: UserWarning: Skipping features without any observed values: ['rec_EPAplay_final' 'rec_EPAplay_peak' 'rec_EPAplay_mean'
 'rec_EPAplay_expadj_peak' 'rec_success_final' 'rec_success_peak'
 'rec_success_mean' 'rec_success_expadj_peak' 'rec_EPAplay_slope'
 'rec_EPAplay_early_peak' 'rec_success_slope' 'rec_success_early_peak'
 'rec_seasons' 'rec_years_before_first' 'rec_years_before_last'
 'rb_seasons' 'rb_years_before_first' 'rb_years_before_last']. At least one non-missing value is needed for imputation with strategy='median'.
  warnings.warn(
/opt/hostedtoolcache/Python/3.12.13/x64/lib/python3.12/site-packages/sklearn/impute/_base.py:647: UserWarning: Skipping features without any observed values: ['rec_EPAplay_final' 'rec_EPAplay_peak' 'rec_EPAplay_mean'
 'rec_EPAplay_expadj_peak' 'rec_success_final' 'rec_success_peak'
 'rec_success_mean' 'rec_success_expadj_peak' 'rec_EPAplay_slope'
 'rec_EPAplay_early_peak' 'rec_success_slope' 'rec_success_early_peak'
 'rec_seasons' 'rec_years_before_first' 'rec_years_before_last'
 'rb_seasons' 'rb_years_before_first' 'rb_years_before_last']. At least one non-missing value is needed for imputation with strategy='median'.
  warnings.warn(
/opt/hostedtoolcache/Python/3.12.13/x64/lib/python3.12/site-packages/sklearn/impute/_base.py:647: UserWarning: Skipping features without any observed values: ['rec_EPAplay_final' 'rec_EPAplay_peak' 'rec_EPAplay_mean'
 'rec_EPAplay_expadj_peak' 'rec_success_final' 'rec_success_peak'
 'rec_success_mean' 'rec_success_expadj_peak' 'rec_EPAplay_slope'
 'rec_EPAplay_early_peak' 'rec_success_slope' 'rec_success_early_peak'
 'rec_seasons' 'rec_years_before_first' 'rec_years_before_last'
 'rb_seasons' 'rb_years_before_first' 'rb_years_before_last']. At least one non-missing value is needed for imputation with strategy='median'.
  warnings.warn(
/opt/hostedtoolcache/Python/3.12.13/x64/lib/python3.12/site-packages/sklearn/impute/_base.py:647: UserWarning: Skipping features without any observed values: ['rec_EPAplay_final' 'rec_EPAplay_peak' 'rec_EPAplay_mean'
 'rec_EPAplay_expadj_peak' 'rec_success_final' 'rec_success_peak'
 'rec_success_mean' 'rec_success_expadj_peak' 'rec_EPAplay_slope'
 'rec_EPAplay_early_peak' 'rec_success_slope' 'rec_success_early_peak'
 'rec_seasons' 'rec_years_before_first' 'rec_years_before_last'
 'rb_seasons' 'rb_years_before_first' 'rb_years_before_last']. At least one non-missing value is needed for imputation with strategy='median'.
  warnings.warn(
/opt/hostedtoolcache/Python/3.12.13/x64/lib/python3.12/site-packages/sklearn/impute/_base.py:647: UserWarning: Skipping features without any observed values: ['rec_EPAplay_final' 'rec_EPAplay_peak' 'rec_EPAplay_mean'
 'rec_EPAplay_expadj_peak' 'rec_success_final' 'rec_success_peak'
 'rec_success_mean' 'rec_success_expadj_peak' 'rec_EPAplay_slope'
 'rec_EPAplay_early_peak' 'rec_success_slope' 'rec_success_early_peak'
 'rec_seasons' 'rec_years_before_first' 'rec_years_before_last'
 'rb_seasons' 'rb_years_before_first' 'rb_years_before_last']. At least one non-missing value is needed for imputation with strategy='median'.
  warnings.warn(
/opt/hostedtoolcache/Python/3.12.13/x64/lib/python3.12/site-packages/sklearn/impute/_base.py:647: UserWarning: Skipping features without any observed values: ['rec_EPAplay_final' 'rec_EPAplay_peak' 'rec_EPAplay_mean'
 'rec_EPAplay_expadj_peak' 'rec_success_final' 'rec_success_peak'
 'rec_success_mean' 'rec_success_expadj_peak' 'rec_EPAplay_slope'
 'rec_EPAplay_early_peak' 'rec_success_slope' 'rec_success_early_peak'
 'rec_seasons' 'rec_years_before_first' 'rec_years_before_last'
 'rb_seasons' 'rb_years_before_first' 'rb_years_before_last']. At least one non-missing value is needed for imputation with strategy='median'.
  warnings.warn(
/opt/hostedtoolcache/Python/3.12.13/x64/lib/python3.12/site-packages/sklearn/impute/_base.py:647: UserWarning: Skipping features without any observed values: ['rec_EPAplay_final' 'rec_EPAplay_peak' 'rec_EPAplay_mean'
 'rec_EPAplay_expadj_peak' 'rec_success_final' 'rec_success_peak'
 'rec_success_mean' 'rec_success_expadj_peak' 'rec_EPAplay_slope'
 'rec_EPAplay_early_peak' 'rec_success_slope' 'rec_success_early_peak'
 'rec_seasons' 'rec_years_before_first' 'rec_years_before_last'
 'rb_seasons' 'rb_years_before_first' 'rb_years_before_last']. At least one non-missing value is needed for imputation with strategy='median'.
  warnings.warn(
/opt/hostedtoolcache/Python/3.12.13/x64/lib/python3.12/site-packages/sklearn/impute/_base.py:647: UserWarning: Skipping features without any observed values: ['rec_EPAplay_final' 'rec_EPAplay_peak' 'rec_EPAplay_mean'
 'rec_EPAplay_expadj_peak' 'rec_success_final' 'rec_success_peak'
 'rec_success_mean' 'rec_success_expadj_peak' 'rec_EPAplay_slope'
 'rec_EPAplay_early_peak' 'rec_success_slope' 'rec_success_early_peak'
 'rec_seasons' 'rec_years_before_first' 'rec_years_before_last'
 'rb_seasons' 'rb_years_before_first' 'rb_years_before_last']. At least one non-missing value is needed for imputation with strategy='median'.
  warnings.warn(
/opt/hostedtoolcache/Python/3.12.13/x64/lib/python3.12/site-packages/sklearn/impute/_base.py:647: UserWarning: Skipping features without any observed values: ['rec_EPAplay_final' 'rec_EPAplay_peak' 'rec_EPAplay_mean'
 'rec_EPAplay_expadj_peak' 'rec_success_final' 'rec_success_peak'
 'rec_success_mean' 'rec_success_expadj_peak' 'rec_EPAplay_slope'
 'rec_EPAplay_early_peak' 'rec_success_slope' 'rec_success_early_peak'
 'rec_seasons' 'rec_years_before_first' 'rec_years_before_last'
 'rb_seasons' 'rb_years_before_first' 'rb_years_before_last']. At least one non-missing value is needed for imputation with strategy='median'.
  warnings.warn(
/opt/hostedtoolcache/Python/3.12.13/x64/lib/python3.12/site-packages/sklearn/impute/_base.py:647: UserWarning: Skipping features without any observed values: ['rec_EPAplay_final' 'rec_EPAplay_peak' 'rec_EPAplay_mean'
 'rec_EPAplay_expadj_peak' 'rec_success_final' 'rec_success_peak'
 'rec_success_mean' 'rec_success_expadj_peak' 'rec_EPAplay_slope'
 'rec_EPAplay_early_peak' 'rec_success_slope' 'rec_success_early_peak'
 'rec_seasons' 'rec_years_before_first' 'rec_years_before_last'
 'rb_seasons' 'rb_years_before_first' 'rb_years_before_last']. At least one non-missing value is needed for imputation with strategy='median'.
  warnings.warn(
/opt/hostedtoolcache/Python/3.12.13/x64/lib/python3.12/site-packages/sklearn/impute/_base.py:647: UserWarning: Skipping features without any observed values: ['rec_EPAplay_final' 'rec_EPAplay_peak' 'rec_EPAplay_mean'
 'rec_EPAplay_expadj_peak' 'rec_success_final' 'rec_success_peak'
 'rec_success_mean' 'rec_success_expadj_peak' 'rec_EPAplay_slope'
 'rec_EPAplay_early_peak' 'rec_success_slope' 'rec_success_early_peak'
 'rec_seasons' 'rec_years_before_first' 'rec_years_before_last'
 'rb_seasons' 'rb_years_before_first' 'rb_years_before_last']. At least one non-missing value is needed for imputation with strategy='median'.
  warnings.warn(
/opt/hostedtoolcache/Python/3.12.13/x64/lib/python3.12/site-packages/sklearn/impute/_base.py:647: UserWarning: Skipping features without any observed values: ['rec_EPAplay_final' 'rec_EPAplay_peak' 'rec_EPAplay_mean'
 'rec_EPAplay_expadj_peak' 'rec_success_final' 'rec_success_peak'
 'rec_success_mean' 'rec_success_expadj_peak' 'rec_EPAplay_slope'
 'rec_EPAplay_early_peak' 'rec_success_slope' 'rec_success_early_peak'
 'rec_seasons' 'rec_years_before_first' 'rec_years_before_last'
 'rb_seasons' 'rb_years_before_first' 'rb_years_before_last']. At least one non-missing value is needed for imputation with strategy='median'.
  warnings.warn(
/opt/hostedtoolcache/Python/3.12.13/x64/lib/python3.12/site-packages/sklearn/impute/_base.py:647: UserWarning: Skipping features without any observed values: ['rec_EPAplay_final' 'rec_EPAplay_peak' 'rec_EPAplay_mean'
 'rec_EPAplay_expadj_peak' 'rec_success_final' 'rec_success_peak'
 'rec_success_mean' 'rec_success_expadj_peak' 'rec_EPAplay_slope'
 'rec_EPAplay_early_peak' 'rec_success_slope' 'rec_success_early_peak'
 'rec_seasons' 'rec_years_before_first' 'rec_years_before_last'
 'rb_seasons' 'rb_years_before_first' 'rb_years_before_last']. At least one non-missing value is needed for imputation with strategy='median'.
  warnings.warn(
/opt/hostedtoolcache/Python/3.12.13/x64/lib/python3.12/site-packages/sklearn/impute/_base.py:647: UserWarning: Skipping features without any observed values: ['rec_EPAplay_final' 'rec_EPAplay_peak' 'rec_EPAplay_mean'
 'rec_EPAplay_expadj_peak' 'rec_success_final' 'rec_success_peak'
 'rec_success_mean' 'rec_success_expadj_peak' 'rec_EPAplay_slope'
 'rec_EPAplay_early_peak' 'rec_success_slope' 'rec_success_early_peak'
 'rec_seasons' 'rec_years_before_first' 'rec_years_before_last'
 'rb_seasons' 'rb_years_before_first' 'rb_years_before_last']. At least one non-missing value is needed for imputation with strategy='median'.
  warnings.warn(
/opt/hostedtoolcache/Python/3.12.13/x64/lib/python3.12/site-packages/sklearn/impute/_base.py:647: UserWarning: Skipping features without any observed values: ['rec_EPAplay_final' 'rec_EPAplay_peak' 'rec_EPAplay_mean'
 'rec_EPAplay_expadj_peak' 'rec_success_final' 'rec_success_peak'
 'rec_success_mean' 'rec_success_expadj_peak' 'rec_EPAplay_slope'
 'rec_EPAplay_early_peak' 'rec_success_slope' 'rec_success_early_peak'
 'rec_seasons' 'rec_years_before_first' 'rec_years_before_last'
 'rb_seasons' 'rb_years_before_first' 'rb_years_before_last']. At least one non-missing value is needed for imputation with strategy='median'.
  warnings.warn(
/opt/hostedtoolcache/Python/3.12.13/x64/lib/python3.12/site-packages/sklearn/impute/_base.py:647: UserWarning: Skipping features without any observed values: ['rec_EPAplay_final' 'rec_EPAplay_peak' 'rec_EPAplay_mean'
 'rec_EPAplay_expadj_peak' 'rec_success_final' 'rec_success_peak'
 'rec_success_mean' 'rec_success_expadj_peak' 'rec_EPAplay_slope'
 'rec_EPAplay_early_peak' 'rec_success_slope' 'rec_success_early_peak'
 'rec_seasons' 'rec_years_before_first' 'rec_years_before_last'
 'rb_seasons' 'rb_years_before_first' 'rb_years_before_last']. At least one non-missing value is needed for imputation with strategy='median'.
  warnings.warn(
/opt/hostedtoolcache/Python/3.12.13/x64/lib/python3.12/site-packages/sklearn/impute/_base.py:647: UserWarning: Skipping features without any observed values: ['rec_EPAplay_final' 'rec_EPAplay_peak' 'rec_EPAplay_mean'
 'rec_EPAplay_expadj_peak' 'rec_success_final' 'rec_success_peak'
 'rec_success_mean' 'rec_success_expadj_peak' 'rec_EPAplay_slope'
 'rec_EPAplay_early_peak' 'rec_success_slope' 'rec_success_early_peak'
 'rec_seasons' 'rec_years_before_first' 'rec_years_before_last'
 'rb_seasons' 'rb_years_before_first' 'rb_years_before_last']. At least one non-missing value is needed for imputation with strategy='median'.
  warnings.warn(
/opt/hostedtoolcache/Python/3.12.13/x64/lib/python3.12/site-packages/sklearn/impute/_base.py:647: UserWarning: Skipping features without any observed values: ['rec_EPAplay_final' 'rec_EPAplay_peak' 'rec_EPAplay_mean'
 'rec_EPAplay_expadj_peak' 'rec_success_final' 'rec_success_peak'
 'rec_success_mean' 'rec_success_expadj_peak' 'rec_EPAplay_slope'
 'rec_EPAplay_early_peak' 'rec_success_slope' 'rec_success_early_peak'
 'rec_seasons' 'rec_years_before_first' 'rec_years_before_last'
 'rb_seasons' 'rb_years_before_first' 'rb_years_before_last']. At least one non-missing value is needed for imputation with strategy='median'.
  warnings.warn(
/opt/hostedtoolcache/Python/3.12.13/x64/lib/python3.12/site-packages/sklearn/impute/_base.py:647: UserWarning: Skipping features without any observed values: ['pass_EPAplay_final' 'pass_EPAplay_peak' 'pass_EPAplay_mean'
 'pass_EPAplay_expadj_peak' 'pass_success_final' 'pass_success_peak'
 'pass_success_mean' 'pass_success_expadj_peak' 'qb_rush_share_final'
 'qb_rush_share_peak' 'qb_rush_share_mean' 'qb_rush_share_expadj_peak'
 'qb_EPAplay_final' 'qb_EPAplay_peak' 'qb_EPAplay_mean'
 'qb_EPAplay_expadj_peak' 'qb_success_final' 'qb_success_peak'
 'qb_success_mean' 'qb_success_expadj_peak' 'pass_EPAplay_slope'
 'pass_EPAplay_early_peak' 'pass_success_slope' 'pass_success_early_peak'
 'qb_rush_share_slope' 'qb_rush_share_early_peak' 'qb_EPAplay_slope'
 'qb_EPAplay_early_peak' 'qb_success_slope' 'qb_success_early_peak'
 'pass_seasons' 'pass_years_before_first' 'pass_years_before_last'
 'qb_seasons' 'qb_years_before_first' 'qb_years_before_last']. At least one non-missing value is needed for imputation with strategy='median'.
  warnings.warn(
/opt/hostedtoolcache/Python/3.12.13/x64/lib/python3.12/site-packages/sklearn/impute/_base.py:647: UserWarning: Skipping features without any observed values: ['pass_EPAplay_final' 'pass_EPAplay_peak' 'pass_EPAplay_mean'
 'pass_EPAplay_expadj_peak' 'pass_success_final' 'pass_success_peak'
 'pass_success_mean' 'pass_success_expadj_peak' 'qb_rush_share_final'
 'qb_rush_share_peak' 'qb_rush_share_mean' 'qb_rush_share_expadj_peak'
 'qb_EPAplay_final' 'qb_EPAplay_peak' 'qb_EPAplay_mean'
 'qb_EPAplay_expadj_peak' 'qb_success_final' 'qb_success_peak'
 'qb_success_mean' 'qb_success_expadj_peak' 'pass_EPAplay_slope'
 'pass_EPAplay_early_peak' 'pass_success_slope' 'pass_success_early_peak'
 'qb_rush_share_slope' 'qb_rush_share_early_peak' 'qb_EPAplay_slope'
 'qb_EPAplay_early_peak' 'qb_success_slope' 'qb_success_early_peak'
 'pass_seasons' 'pass_years_before_first' 'pass_years_before_last'
 'qb_seasons' 'qb_years_before_first' 'qb_years_before_last']. At least one non-missing value is needed for imputation with strategy='median'.
  warnings.warn(
/opt/hostedtoolcache/Python/3.12.13/x64/lib/python3.12/site-packages/sklearn/impute/_base.py:647: UserWarning: Skipping features without any observed values: ['pass_EPAplay_final' 'pass_EPAplay_peak' 'pass_EPAplay_mean'
 'pass_EPAplay_expadj_peak' 'pass_success_final' 'pass_success_peak'
 'pass_success_mean' 'pass_success_expadj_peak' 'qb_rush_share_final'
 'qb_rush_share_peak' 'qb_rush_share_mean' 'qb_rush_share_expadj_peak'
 'qb_EPAplay_final' 'qb_EPAplay_peak' 'qb_EPAplay_mean'
 'qb_EPAplay_expadj_peak' 'qb_success_final' 'qb_success_peak'
 'qb_success_mean' 'qb_success_expadj_peak' 'pass_EPAplay_slope'
 'pass_EPAplay_early_peak' 'pass_success_slope' 'pass_success_early_peak'
 'qb_rush_share_slope' 'qb_rush_share_early_peak' 'qb_EPAplay_slope'
 'qb_EPAplay_early_peak' 'qb_success_slope' 'qb_success_early_peak'
 'pass_seasons' 'pass_years_before_first' 'pass_years_before_last'
 'qb_seasons' 'qb_years_before_first' 'qb_years_before_last']. At least one non-missing value is needed for imputation with strategy='median'.
  warnings.warn(
/opt/hostedtoolcache/Python/3.12.13/x64/lib/python3.12/site-packages/sklearn/impute/_base.py:647: UserWarning: Skipping features without any observed values: ['pass_EPAplay_final' 'pass_EPAplay_peak' 'pass_EPAplay_mean'
 'pass_EPAplay_expadj_peak' 'pass_success_final' 'pass_success_peak'
 'pass_success_mean' 'pass_success_expadj_peak' 'qb_rush_share_final'
 'qb_rush_share_peak' 'qb_rush_share_mean' 'qb_rush_share_expadj_peak'
 'qb_EPAplay_final' 'qb_EPAplay_peak' 'qb_EPAplay_mean'
 'qb_EPAplay_expadj_peak' 'qb_success_final' 'qb_success_peak'
 'qb_success_mean' 'qb_success_expadj_peak' 'pass_EPAplay_slope'
 'pass_EPAplay_early_peak' 'pass_success_slope' 'pass_success_early_peak'
 'qb_rush_share_slope' 'qb_rush_share_early_peak' 'qb_EPAplay_slope'
 'qb_EPAplay_early_peak' 'qb_success_slope' 'qb_success_early_peak'
 'pass_seasons' 'pass_years_before_first' 'pass_years_before_last'
 'qb_seasons' 'qb_years_before_first' 'qb_years_before_last']. At least one non-missing value is needed for imputation with strategy='median'.
  warnings.warn(
/opt/hostedtoolcache/Python/3.12.13/x64/lib/python3.12/site-packages/sklearn/impute/_base.py:647: UserWarning: Skipping features without any observed values: ['pass_EPAplay_final' 'pass_EPAplay_peak' 'pass_EPAplay_mean'
 'pass_EPAplay_expadj_peak' 'pass_success_final' 'pass_success_peak'
 'pass_success_mean' 'pass_success_expadj_peak' 'qb_rush_share_final'
 'qb_rush_share_peak' 'qb_rush_share_mean' 'qb_rush_share_expadj_peak'
 'qb_EPAplay_final' 'qb_EPAplay_peak' 'qb_EPAplay_mean'
 'qb_EPAplay_expadj_peak' 'qb_success_final' 'qb_success_peak'
 'qb_success_mean' 'qb_success_expadj_peak' 'pass_EPAplay_slope'
 'pass_EPAplay_early_peak' 'pass_success_slope' 'pass_success_early_peak'
 'qb_rush_share_slope' 'qb_rush_share_early_peak' 'qb_EPAplay_slope'
 'qb_EPAplay_early_peak' 'qb_success_slope' 'qb_success_early_peak'
 'pass_seasons' 'pass_years_before_first' 'pass_years_before_last'
 'qb_seasons' 'qb_years_before_first' 'qb_years_before_last']. At least one non-missing value is needed for imputation with strategy='median'.
  warnings.warn(
/opt/hostedtoolcache/Python/3.12.13/x64/lib/python3.12/site-packages/sklearn/impute/_base.py:647: UserWarning: Skipping features without any observed values: ['pass_EPAplay_final' 'pass_EPAplay_peak' 'pass_EPAplay_mean'
 'pass_EPAplay_expadj_peak' 'pass_success_final' 'pass_success_peak'
 'pass_success_mean' 'pass_success_expadj_peak' 'qb_rush_share_final'
 'qb_rush_share_peak' 'qb_rush_share_mean' 'qb_rush_share_expadj_peak'
 'qb_EPAplay_final' 'qb_EPAplay_peak' 'qb_EPAplay_mean'
 'qb_EPAplay_expadj_peak' 'qb_success_final' 'qb_success_peak'
 'qb_success_mean' 'qb_success_expadj_peak' 'pass_EPAplay_slope'
 'pass_EPAplay_early_peak' 'pass_success_slope' 'pass_success_early_peak'
 'qb_rush_share_slope' 'qb_rush_share_early_peak' 'qb_EPAplay_slope'
 'qb_EPAplay_early_peak' 'qb_success_slope' 'qb_success_early_peak'
 'pass_seasons' 'pass_years_before_first' 'pass_years_before_last'
 'qb_seasons' 'qb_years_before_first' 'qb_years_before_last']. At least one non-missing value is needed for imputation with strategy='median'.
  warnings.warn(
/opt/hostedtoolcache/Python/3.12.13/x64/lib/python3.12/site-packages/sklearn/impute/_base.py:647: UserWarning: Skipping features without any observed values: ['pass_EPAplay_final' 'pass_EPAplay_peak' 'pass_EPAplay_mean'
 'pass_EPAplay_expadj_peak' 'pass_success_final' 'pass_success_peak'
 'pass_success_mean' 'pass_success_expadj_peak' 'qb_rush_share_final'
 'qb_rush_share_peak' 'qb_rush_share_mean' 'qb_rush_share_expadj_peak'
 'qb_EPAplay_final' 'qb_EPAplay_peak' 'qb_EPAplay_mean'
 'qb_EPAplay_expadj_peak' 'qb_success_final' 'qb_success_peak'
 'qb_success_mean' 'qb_success_expadj_peak' 'pass_EPAplay_slope'
 'pass_EPAplay_early_peak' 'pass_success_slope' 'pass_success_early_peak'
 'qb_rush_share_slope' 'qb_rush_share_early_peak' 'qb_EPAplay_slope'
 'qb_EPAplay_early_peak' 'qb_success_slope' 'qb_success_early_peak'
 'pass_seasons' 'pass_years_before_first' 'pass_years_before_last'
 'qb_seasons' 'qb_years_before_first' 'qb_years_before_last']. At least one non-missing value is needed for imputation with strategy='median'.
  warnings.warn(
/opt/hostedtoolcache/Python/3.12.13/x64/lib/python3.12/site-packages/sklearn/impute/_base.py:647: UserWarning: Skipping features without any observed values: ['pass_EPAplay_final' 'pass_EPAplay_peak' 'pass_EPAplay_mean'
 'pass_EPAplay_expadj_peak' 'pass_success_final' 'pass_success_peak'
 'pass_success_mean' 'pass_success_expadj_peak' 'qb_rush_share_final'
 'qb_rush_share_peak' 'qb_rush_share_mean' 'qb_rush_share_expadj_peak'
 'qb_EPAplay_final' 'qb_EPAplay_peak' 'qb_EPAplay_mean'
 'qb_EPAplay_expadj_peak' 'qb_success_final' 'qb_success_peak'
 'qb_success_mean' 'qb_success_expadj_peak' 'pass_EPAplay_slope'
 'pass_EPAplay_early_peak' 'pass_success_slope' 'pass_success_early_peak'
 'qb_rush_share_slope' 'qb_rush_share_early_peak' 'qb_EPAplay_slope'
 'qb_EPAplay_early_peak' 'qb_success_slope' 'qb_success_early_peak'
 'pass_seasons' 'pass_years_before_first' 'pass_years_before_last'
 'qb_seasons' 'qb_years_before_first' 'qb_years_before_last']. At least one non-missing value is needed for imputation with strategy='median'.
  warnings.warn(
/opt/hostedtoolcache/Python/3.12.13/x64/lib/python3.12/site-packages/sklearn/impute/_base.py:647: UserWarning: Skipping features without any observed values: ['pass_EPAplay_final' 'pass_EPAplay_peak' 'pass_EPAplay_mean'
 'pass_EPAplay_expadj_peak' 'pass_success_final' 'pass_success_peak'
 'pass_success_mean' 'pass_success_expadj_peak' 'qb_rush_share_final'
 'qb_rush_share_peak' 'qb_rush_share_mean' 'qb_rush_share_expadj_peak'
 'qb_EPAplay_final' 'qb_EPAplay_peak' 'qb_EPAplay_mean'
 'qb_EPAplay_expadj_peak' 'qb_success_final' 'qb_success_peak'
 'qb_success_mean' 'qb_success_expadj_peak' 'pass_EPAplay_slope'
 'pass_EPAplay_early_peak' 'pass_success_slope' 'pass_success_early_peak'
 'qb_rush_share_slope' 'qb_rush_share_early_peak' 'qb_EPAplay_slope'
 'qb_EPAplay_early_peak' 'qb_success_slope' 'qb_success_early_peak'
 'pass_seasons' 'pass_years_before_first' 'pass_years_before_last'
 'qb_seasons' 'qb_years_before_first' 'qb_years_before_last']. At least one non-missing value is needed for imputation with strategy='median'.
  warnings.warn(
/opt/hostedtoolcache/Python/3.12.13/x64/lib/python3.12/site-packages/sklearn/impute/_base.py:647: UserWarning: Skipping features without any observed values: ['pass_EPAplay_final' 'pass_EPAplay_peak' 'pass_EPAplay_mean'
 'pass_EPAplay_expadj_peak' 'pass_success_final' 'pass_success_peak'
 'pass_success_mean' 'pass_success_expadj_peak' 'qb_rush_share_final'
 'qb_rush_share_peak' 'qb_rush_share_mean' 'qb_rush_share_expadj_peak'
 'qb_EPAplay_final' 'qb_EPAplay_peak' 'qb_EPAplay_mean'
 'qb_EPAplay_expadj_peak' 'qb_success_final' 'qb_success_peak'
 'qb_success_mean' 'qb_success_expadj_peak' 'pass_EPAplay_slope'
 'pass_EPAplay_early_peak' 'pass_success_slope' 'pass_success_early_peak'
 'qb_rush_share_slope' 'qb_rush_share_early_peak' 'qb_EPAplay_slope'
 'qb_EPAplay_early_peak' 'qb_success_slope' 'qb_success_early_peak'
 'pass_seasons' 'pass_years_before_first' 'pass_years_before_last'
 'qb_seasons' 'qb_years_before_first' 'qb_years_before_last']. At least one non-missing value is needed for imputation with strategy='median'.
  warnings.warn(
/opt/hostedtoolcache/Python/3.12.13/x64/lib/python3.12/site-packages/sklearn/impute/_base.py:647: UserWarning: Skipping features without any observed values: ['pass_EPAplay_final' 'pass_EPAplay_peak' 'pass_EPAplay_mean'
 'pass_EPAplay_expadj_peak' 'pass_success_final' 'pass_success_peak'
 'pass_success_mean' 'pass_success_expadj_peak' 'qb_rush_share_final'
 'qb_rush_share_peak' 'qb_rush_share_mean' 'qb_rush_share_expadj_peak'
 'qb_EPAplay_final' 'qb_EPAplay_peak' 'qb_EPAplay_mean'
 'qb_EPAplay_expadj_peak' 'qb_success_final' 'qb_success_peak'
 'qb_success_mean' 'qb_success_expadj_peak' 'pass_EPAplay_slope'
 'pass_EPAplay_early_peak' 'pass_success_slope' 'pass_success_early_peak'
 'qb_rush_share_slope' 'qb_rush_share_early_peak' 'qb_EPAplay_slope'
 'qb_EPAplay_early_peak' 'qb_success_slope' 'qb_success_early_peak'
 'pass_seasons' 'pass_years_before_first' 'pass_years_before_last'
 'qb_seasons' 'qb_years_before_first' 'qb_years_before_last']. At least one non-missing value is needed for imputation with strategy='median'.
  warnings.warn(
/opt/hostedtoolcache/Python/3.12.13/x64/lib/python3.12/site-packages/sklearn/impute/_base.py:647: UserWarning: Skipping features without any observed values: ['pass_EPAplay_final' 'pass_EPAplay_peak' 'pass_EPAplay_mean'
 'pass_EPAplay_expadj_peak' 'pass_success_final' 'pass_success_peak'
 'pass_success_mean' 'pass_success_expadj_peak' 'qb_rush_share_final'
 'qb_rush_share_peak' 'qb_rush_share_mean' 'qb_rush_share_expadj_peak'
 'qb_EPAplay_final' 'qb_EPAplay_peak' 'qb_EPAplay_mean'
 'qb_EPAplay_expadj_peak' 'qb_success_final' 'qb_success_peak'
 'qb_success_mean' 'qb_success_expadj_peak' 'pass_EPAplay_slope'
 'pass_EPAplay_early_peak' 'pass_success_slope' 'pass_success_early_peak'
 'qb_rush_share_slope' 'qb_rush_share_early_peak' 'qb_EPAplay_slope'
 'qb_EPAplay_early_peak' 'qb_success_slope' 'qb_success_early_peak'
 'pass_seasons' 'pass_years_before_first' 'pass_years_before_last'
 'qb_seasons' 'qb_years_before_first' 'qb_years_before_last']. At least one non-missing value is needed for imputation with strategy='median'.
  warnings.warn(
/opt/hostedtoolcache/Python/3.12.13/x64/lib/python3.12/site-packages/sklearn/impute/_base.py:647: UserWarning: Skipping features without any observed values: ['pass_EPAplay_final' 'pass_EPAplay_peak' 'pass_EPAplay_mean'
 'pass_EPAplay_expadj_peak' 'pass_success_final' 'pass_success_peak'
 'pass_success_mean' 'pass_success_expadj_peak' 'qb_rush_share_final'
 'qb_rush_share_peak' 'qb_rush_share_mean' 'qb_rush_share_expadj_peak'
 'qb_EPAplay_final' 'qb_EPAplay_peak' 'qb_EPAplay_mean'
 'qb_EPAplay_expadj_peak' 'qb_success_final' 'qb_success_peak'
 'qb_success_mean' 'qb_success_expadj_peak' 'pass_EPAplay_slope'
 'pass_EPAplay_early_peak' 'pass_success_slope' 'pass_success_early_peak'
 'qb_rush_share_slope' 'qb_rush_share_early_peak' 'qb_EPAplay_slope'
 'qb_EPAplay_early_peak' 'qb_success_slope' 'qb_success_early_peak'
 'pass_seasons' 'pass_years_before_first' 'pass_years_before_last'
 'qb_seasons' 'qb_years_before_first' 'qb_years_before_last']. At least one non-missing value is needed for imputation with strategy='median'.
  warnings.warn(
/opt/hostedtoolcache/Python/3.12.13/x64/lib/python3.12/site-packages/sklearn/impute/_base.py:647: UserWarning: Skipping features without any observed values: ['pass_EPAplay_final' 'pass_EPAplay_peak' 'pass_EPAplay_mean'
 'pass_EPAplay_expadj_peak' 'pass_success_final' 'pass_success_peak'
 'pass_success_mean' 'pass_success_expadj_peak' 'qb_rush_share_final'
 'qb_rush_share_peak' 'qb_rush_share_mean' 'qb_rush_share_expadj_peak'
 'qb_EPAplay_final' 'qb_EPAplay_peak' 'qb_EPAplay_mean'
 'qb_EPAplay_expadj_peak' 'qb_success_final' 'qb_success_peak'
 'qb_success_mean' 'qb_success_expadj_peak' 'pass_EPAplay_slope'
 'pass_EPAplay_early_peak' 'pass_success_slope' 'pass_success_early_peak'
 'qb_rush_share_slope' 'qb_rush_share_early_peak' 'qb_EPAplay_slope'
 'qb_EPAplay_early_peak' 'qb_success_slope' 'qb_success_early_peak'
 'pass_seasons' 'pass_years_before_first' 'pass_years_before_last'
 'qb_seasons' 'qb_years_before_first' 'qb_years_before_last']. At least one non-missing value is needed for imputation with strategy='median'.
  warnings.warn(
/opt/hostedtoolcache/Python/3.12.13/x64/lib/python3.12/site-packages/sklearn/impute/_base.py:647: UserWarning: Skipping features without any observed values: ['pass_EPAplay_final' 'pass_EPAplay_peak' 'pass_EPAplay_mean'
 'pass_EPAplay_expadj_peak' 'pass_success_final' 'pass_success_peak'
 'pass_success_mean' 'pass_success_expadj_peak' 'qb_rush_share_final'
 'qb_rush_share_peak' 'qb_rush_share_mean' 'qb_rush_share_expadj_peak'
 'qb_EPAplay_final' 'qb_EPAplay_peak' 'qb_EPAplay_mean'
 'qb_EPAplay_expadj_peak' 'qb_success_final' 'qb_success_peak'
 'qb_success_mean' 'qb_success_expadj_peak' 'pass_EPAplay_slope'
 'pass_EPAplay_early_peak' 'pass_success_slope' 'pass_success_early_peak'
 'qb_rush_share_slope' 'qb_rush_share_early_peak' 'qb_EPAplay_slope'
 'qb_EPAplay_early_peak' 'qb_success_slope' 'qb_success_early_peak'
 'pass_seasons' 'pass_years_before_first' 'pass_years_before_last'
 'qb_seasons' 'qb_years_before_first' 'qb_years_before_last']. At least one non-missing value is needed for imputation with strategy='median'.
  warnings.warn(
/opt/hostedtoolcache/Python/3.12.13/x64/lib/python3.12/site-packages/sklearn/impute/_base.py:647: UserWarning: Skipping features without any observed values: ['pass_EPAplay_final' 'pass_EPAplay_peak' 'pass_EPAplay_mean'
 'pass_EPAplay_expadj_peak' 'pass_success_final' 'pass_success_peak'
 'pass_success_mean' 'pass_success_expadj_peak' 'qb_rush_share_final'
 'qb_rush_share_peak' 'qb_rush_share_mean' 'qb_rush_share_expadj_peak'
 'qb_EPAplay_final' 'qb_EPAplay_peak' 'qb_EPAplay_mean'
 'qb_EPAplay_expadj_peak' 'qb_success_final' 'qb_success_peak'
 'qb_success_mean' 'qb_success_expadj_peak' 'pass_EPAplay_slope'
 'pass_EPAplay_early_peak' 'pass_success_slope' 'pass_success_early_peak'
 'qb_rush_share_slope' 'qb_rush_share_early_peak' 'qb_EPAplay_slope'
 'qb_EPAplay_early_peak' 'qb_success_slope' 'qb_success_early_peak'
 'pass_seasons' 'pass_years_before_first' 'pass_years_before_last'
 'qb_seasons' 'qb_years_before_first' 'qb_years_before_last']. At least one non-missing value is needed for imputation with strategy='median'.
  warnings.warn(
/opt/hostedtoolcache/Python/3.12.13/x64/lib/python3.12/site-packages/sklearn/impute/_base.py:647: UserWarning: Skipping features without any observed values: ['pass_EPAplay_final' 'pass_EPAplay_peak' 'pass_EPAplay_mean'
 'pass_EPAplay_expadj_peak' 'pass_success_final' 'pass_success_peak'
 'pass_success_mean' 'pass_success_expadj_peak' 'qb_rush_share_final'
 'qb_rush_share_peak' 'qb_rush_share_mean' 'qb_rush_share_expadj_peak'
 'qb_EPAplay_final' 'qb_EPAplay_peak' 'qb_EPAplay_mean'
 'qb_EPAplay_expadj_peak' 'qb_success_final' 'qb_success_peak'
 'qb_success_mean' 'qb_success_expadj_peak' 'pass_EPAplay_slope'
 'pass_EPAplay_early_peak' 'pass_success_slope' 'pass_success_early_peak'
 'qb_rush_share_slope' 'qb_rush_share_early_peak' 'qb_EPAplay_slope'
 'qb_EPAplay_early_peak' 'qb_success_slope' 'qb_success_early_peak'
 'pass_seasons' 'pass_years_before_first' 'pass_years_before_last'
 'qb_seasons' 'qb_years_before_first' 'qb_years_before_last']. At least one non-missing value is needed for imputation with strategy='median'.
  warnings.warn(
/opt/hostedtoolcache/Python/3.12.13/x64/lib/python3.12/site-packages/sklearn/impute/_base.py:647: UserWarning: Skipping features without any observed values: ['pass_EPAplay_final' 'pass_EPAplay_peak' 'pass_EPAplay_mean'
 'pass_EPAplay_expadj_peak' 'pass_success_final' 'pass_success_peak'
 'pass_success_mean' 'pass_success_expadj_peak' 'qb_rush_share_final'
 'qb_rush_share_peak' 'qb_rush_share_mean' 'qb_rush_share_expadj_peak'
 'qb_EPAplay_final' 'qb_EPAplay_peak' 'qb_EPAplay_mean'
 'qb_EPAplay_expadj_peak' 'qb_success_final' 'qb_success_peak'
 'qb_success_mean' 'qb_success_expadj_peak' 'pass_EPAplay_slope'
 'pass_EPAplay_early_peak' 'pass_success_slope' 'pass_success_early_peak'
 'qb_rush_share_slope' 'qb_rush_share_early_peak' 'qb_EPAplay_slope'
 'qb_EPAplay_early_peak' 'qb_success_slope' 'qb_success_early_peak'
 'pass_seasons' 'pass_years_before_first' 'pass_years_before_last'
 'qb_seasons' 'qb_years_before_first' 'qb_years_before_last']. At least one non-missing value is needed for imputation with strategy='median'.
  warnings.warn(
/opt/hostedtoolcache/Python/3.12.13/x64/lib/python3.12/site-packages/sklearn/impute/_base.py:647: UserWarning: Skipping features without any observed values: ['pass_EPAplay_final' 'pass_EPAplay_peak' 'pass_EPAplay_mean'
 'pass_EPAplay_expadj_peak' 'pass_success_final' 'pass_success_peak'
 'pass_success_mean' 'pass_success_expadj_peak' 'qb_rush_share_final'
 'qb_rush_share_peak' 'qb_rush_share_mean' 'qb_rush_share_expadj_peak'
 'qb_EPAplay_final' 'qb_EPAplay_peak' 'qb_EPAplay_mean'
 'qb_EPAplay_expadj_peak' 'qb_success_final' 'qb_success_peak'
 'qb_success_mean' 'qb_success_expadj_peak' 'pass_EPAplay_slope'
 'pass_EPAplay_early_peak' 'pass_success_slope' 'pass_success_early_peak'
 'qb_rush_share_slope' 'qb_rush_share_early_peak' 'qb_EPAplay_slope'
 'qb_EPAplay_early_peak' 'qb_success_slope' 'qb_success_early_peak'
 'pass_seasons' 'pass_years_before_first' 'pass_years_before_last'
 'qb_seasons' 'qb_years_before_first' 'qb_years_before_last']. At least one non-missing value is needed for imputation with strategy='median'.
  warnings.warn(
/opt/hostedtoolcache/Python/3.12.13/x64/lib/python3.12/site-packages/sklearn/impute/_base.py:647: UserWarning: Skipping features without any observed values: ['pass_EPAplay_final' 'pass_EPAplay_peak' 'pass_EPAplay_mean'
 'pass_EPAplay_expadj_peak' 'pass_success_final' 'pass_success_peak'
 'pass_success_mean' 'pass_success_expadj_peak' 'qb_rush_share_final'
 'qb_rush_share_peak' 'qb_rush_share_mean' 'qb_rush_share_expadj_peak'
 'qb_EPAplay_final' 'qb_EPAplay_peak' 'qb_EPAplay_mean'
 'qb_EPAplay_expadj_peak' 'qb_success_final' 'qb_success_peak'
 'qb_success_mean' 'qb_success_expadj_peak' 'pass_EPAplay_slope'
 'pass_EPAplay_early_peak' 'pass_success_slope' 'pass_success_early_peak'
 'qb_rush_share_slope' 'qb_rush_share_early_peak' 'qb_EPAplay_slope'
 'qb_EPAplay_early_peak' 'qb_success_slope' 'qb_success_early_peak'
 'pass_seasons' 'pass_years_before_first' 'pass_years_before_last'
 'qb_seasons' 'qb_years_before_first' 'qb_years_before_last']. At least one non-missing value is needed for imputation with strategy='median'.
  warnings.warn(
/opt/hostedtoolcache/Python/3.12.13/x64/lib/python3.12/site-packages/sklearn/impute/_base.py:647: UserWarning: Skipping features without any observed values: ['pass_EPAplay_final' 'pass_EPAplay_peak' 'pass_EPAplay_mean'
 'pass_EPAplay_expadj_peak' 'pass_success_final' 'pass_success_peak'
 'pass_success_mean' 'pass_success_expadj_peak' 'qb_rush_share_final'
 'qb_rush_share_peak' 'qb_rush_share_mean' 'qb_rush_share_expadj_peak'
 'qb_EPAplay_final' 'qb_EPAplay_peak' 'qb_EPAplay_mean'
 'qb_EPAplay_expadj_peak' 'qb_success_final' 'qb_success_peak'
 'qb_success_mean' 'qb_success_expadj_peak' 'pass_EPAplay_slope'
 'pass_EPAplay_early_peak' 'pass_success_slope' 'pass_success_early_peak'
 'qb_rush_share_slope' 'qb_rush_share_early_peak' 'qb_EPAplay_slope'
 'qb_EPAplay_early_peak' 'qb_success_slope' 'qb_success_early_peak'
 'pass_seasons' 'pass_years_before_first' 'pass_years_before_last'
 'qb_seasons' 'qb_years_before_first' 'qb_years_before_last']. At least one non-missing value is needed for imputation with strategy='median'.
  warnings.warn(
/opt/hostedtoolcache/Python/3.12.13/x64/lib/python3.12/site-packages/sklearn/impute/_base.py:647: UserWarning: Skipping features without any observed values: ['pass_EPAplay_final' 'pass_EPAplay_peak' 'pass_EPAplay_mean'
 'pass_EPAplay_expadj_peak' 'pass_success_final' 'pass_success_peak'
 'pass_success_mean' 'pass_success_expadj_peak' 'qb_rush_share_final'
 'qb_rush_share_peak' 'qb_rush_share_mean' 'qb_rush_share_expadj_peak'
 'qb_EPAplay_final' 'qb_EPAplay_peak' 'qb_EPAplay_mean'
 'qb_EPAplay_expadj_peak' 'qb_success_final' 'qb_success_peak'
 'qb_success_mean' 'qb_success_expadj_peak' 'pass_EPAplay_slope'
 'pass_EPAplay_early_peak' 'pass_success_slope' 'pass_success_early_peak'
 'qb_rush_share_slope' 'qb_rush_share_early_peak' 'qb_EPAplay_slope'
 'qb_EPAplay_early_peak' 'qb_success_slope' 'qb_success_early_peak'
 'pass_seasons' 'pass_years_before_first' 'pass_years_before_last'
 'qb_seasons' 'qb_years_before_first' 'qb_years_before_last']. At least one non-missing value is needed for imputation with strategy='median'.
  warnings.warn(
/opt/hostedtoolcache/Python/3.12.13/x64/lib/python3.12/site-packages/sklearn/impute/_base.py:647: UserWarning: Skipping features without any observed values: ['pass_EPAplay_final' 'pass_EPAplay_peak' 'pass_EPAplay_mean'
 'pass_EPAplay_expadj_peak' 'pass_success_final' 'pass_success_peak'
 'pass_success_mean' 'pass_success_expadj_peak' 'qb_rush_share_final'
 'qb_rush_share_peak' 'qb_rush_share_mean' 'qb_rush_share_expadj_peak'
 'qb_EPAplay_final' 'qb_EPAplay_peak' 'qb_EPAplay_mean'
 'qb_EPAplay_expadj_peak' 'qb_success_final' 'qb_success_peak'
 'qb_success_mean' 'qb_success_expadj_peak' 'pass_EPAplay_slope'
 'pass_EPAplay_early_peak' 'pass_success_slope' 'pass_success_early_peak'
 'qb_rush_share_slope' 'qb_rush_share_early_peak' 'qb_EPAplay_slope'
 'qb_EPAplay_early_peak' 'qb_success_slope' 'qb_success_early_peak'
 'pass_seasons' 'pass_years_before_first' 'pass_years_before_last'
 'qb_seasons' 'qb_years_before_first' 'qb_years_before_last']. At least one non-missing value is needed for imputation with strategy='median'.
  warnings.warn(
/opt/hostedtoolcache/Python/3.12.13/x64/lib/python3.12/site-packages/sklearn/impute/_base.py:647: UserWarning: Skipping features without any observed values: ['pass_EPAplay_final' 'pass_EPAplay_peak' 'pass_EPAplay_mean'
 'pass_EPAplay_expadj_peak' 'pass_success_final' 'pass_success_peak'
 'pass_success_mean' 'pass_success_expadj_peak' 'qb_rush_share_final'
 'qb_rush_share_peak' 'qb_rush_share_mean' 'qb_rush_share_expadj_peak'
 'qb_EPAplay_final' 'qb_EPAplay_peak' 'qb_EPAplay_mean'
 'qb_EPAplay_expadj_peak' 'qb_success_final' 'qb_success_peak'
 'qb_success_mean' 'qb_success_expadj_peak' 'pass_EPAplay_slope'
 'pass_EPAplay_early_peak' 'pass_success_slope' 'pass_success_early_peak'
 'qb_rush_share_slope' 'qb_rush_share_early_peak' 'qb_EPAplay_slope'
 'qb_EPAplay_early_peak' 'qb_success_slope' 'qb_success_early_peak'
 'pass_seasons' 'pass_years_before_first' 'pass_years_before_last'
 'qb_seasons' 'qb_years_before_first' 'qb_years_before_last']. At least one non-missing value is needed for imputation with strategy='median'.
  warnings.warn(
/opt/hostedtoolcache/Python/3.12.13/x64/lib/python3.12/site-packages/sklearn/impute/_base.py:647: UserWarning: Skipping features without any observed values: ['pass_EPAplay_final' 'pass_EPAplay_peak' 'pass_EPAplay_mean'
 'pass_EPAplay_expadj_peak' 'pass_success_final' 'pass_success_peak'
 'pass_success_mean' 'pass_success_expadj_peak' 'qb_rush_share_final'
 'qb_rush_share_peak' 'qb_rush_share_mean' 'qb_rush_share_expadj_peak'
 'qb_EPAplay_final' 'qb_EPAplay_peak' 'qb_EPAplay_mean'
 'qb_EPAplay_expadj_peak' 'qb_success_final' 'qb_success_peak'
 'qb_success_mean' 'qb_success_expadj_peak' 'pass_EPAplay_slope'
 'pass_EPAplay_early_peak' 'pass_success_slope' 'pass_success_early_peak'
 'qb_rush_share_slope' 'qb_rush_share_early_peak' 'qb_EPAplay_slope'
 'qb_EPAplay_early_peak' 'qb_success_slope' 'qb_success_early_peak'
 'pass_seasons' 'pass_years_before_first' 'pass_years_before_last'
 'qb_seasons' 'qb_years_before_first' 'qb_years_before_last']. At least one non-missing value is needed for imputation with strategy='median'.
  warnings.warn(
/opt/hostedtoolcache/Python/3.12.13/x64/lib/python3.12/site-packages/sklearn/impute/_base.py:647: UserWarning: Skipping features without any observed values: ['pass_EPAplay_final' 'pass_EPAplay_peak' 'pass_EPAplay_mean'
 'pass_EPAplay_expadj_peak' 'pass_success_final' 'pass_success_peak'
 'pass_success_mean' 'pass_success_expadj_peak' 'qb_rush_share_final'
 'qb_rush_share_peak' 'qb_rush_share_mean' 'qb_rush_share_expadj_peak'
 'qb_EPAplay_final' 'qb_EPAplay_peak' 'qb_EPAplay_mean'
 'qb_EPAplay_expadj_peak' 'qb_success_final' 'qb_success_peak'
 'qb_success_mean' 'qb_success_expadj_peak' 'pass_EPAplay_slope'
 'pass_EPAplay_early_peak' 'pass_success_slope' 'pass_success_early_peak'
 'qb_rush_share_slope' 'qb_rush_share_early_peak' 'qb_EPAplay_slope'
 'qb_EPAplay_early_peak' 'qb_success_slope' 'qb_success_early_peak'
 'pass_seasons' 'pass_years_before_first' 'pass_years_before_last'
 'qb_seasons' 'qb_years_before_first' 'qb_years_before_last']. At least one non-missing value is needed for imputation with strategy='median'.
  warnings.warn(
/opt/hostedtoolcache/Python/3.12.13/x64/lib/python3.12/site-packages/sklearn/impute/_base.py:647: UserWarning: Skipping features without any observed values: ['pass_EPAplay_final' 'pass_EPAplay_peak' 'pass_EPAplay_mean'
 'pass_EPAplay_expadj_peak' 'pass_success_final' 'pass_success_peak'
 'pass_success_mean' 'pass_success_expadj_peak' 'qb_rush_share_final'
 'qb_rush_share_peak' 'qb_rush_share_mean' 'qb_rush_share_expadj_peak'
 'qb_EPAplay_final' 'qb_EPAplay_peak' 'qb_EPAplay_mean'
 'qb_EPAplay_expadj_peak' 'qb_success_final' 'qb_success_peak'
 'qb_success_mean' 'qb_success_expadj_peak' 'pass_EPAplay_slope'
 'pass_EPAplay_early_peak' 'pass_success_slope' 'pass_success_early_peak'
 'qb_rush_share_slope' 'qb_rush_share_early_peak' 'qb_EPAplay_slope'
 'qb_EPAplay_early_peak' 'qb_success_slope' 'qb_success_early_peak'
 'pass_seasons' 'pass_years_before_first' 'pass_years_before_last'
 'qb_seasons' 'qb_years_before_first' 'qb_years_before_last']. At least one non-missing value is needed for imputation with strategy='median'.
  warnings.warn(
/opt/hostedtoolcache/Python/3.12.13/x64/lib/python3.12/site-packages/sklearn/impute/_base.py:647: UserWarning: Skipping features without any observed values: ['pass_EPAplay_final' 'pass_EPAplay_peak' 'pass_EPAplay_mean'
 'pass_EPAplay_expadj_peak' 'pass_success_final' 'pass_success_peak'
 'pass_success_mean' 'pass_success_expadj_peak' 'qb_rush_share_final'
 'qb_rush_share_peak' 'qb_rush_share_mean' 'qb_rush_share_expadj_peak'
 'qb_EPAplay_final' 'qb_EPAplay_peak' 'qb_EPAplay_mean'
 'qb_EPAplay_expadj_peak' 'qb_success_final' 'qb_success_peak'
 'qb_success_mean' 'qb_success_expadj_peak' 'pass_EPAplay_slope'
 'pass_EPAplay_early_peak' 'pass_success_slope' 'pass_success_early_peak'
 'qb_rush_share_slope' 'qb_rush_share_early_peak' 'qb_EPAplay_slope'
 'qb_EPAplay_early_peak' 'qb_success_slope' 'qb_success_early_peak'
 'pass_seasons' 'pass_years_before_first' 'pass_years_before_last'
 'qb_seasons' 'qb_years_before_first' 'qb_years_before_last']. At least one non-missing value is needed for imputation with strategy='median'.
  warnings.warn(
/opt/hostedtoolcache/Python/3.12.13/x64/lib/python3.12/site-packages/sklearn/impute/_base.py:647: UserWarning: Skipping features without any observed values: ['pass_EPAplay_final' 'pass_EPAplay_peak' 'pass_EPAplay_mean'
 'pass_EPAplay_expadj_peak' 'pass_success_final' 'pass_success_peak'
 'pass_success_mean' 'pass_success_expadj_peak' 'qb_rush_share_final'
 'qb_rush_share_peak' 'qb_rush_share_mean' 'qb_rush_share_expadj_peak'
 'qb_EPAplay_final' 'qb_EPAplay_peak' 'qb_EPAplay_mean'
 'qb_EPAplay_expadj_peak' 'qb_success_final' 'qb_success_peak'
 'qb_success_mean' 'qb_success_expadj_peak' 'pass_EPAplay_slope'
 'pass_EPAplay_early_peak' 'pass_success_slope' 'pass_success_early_peak'
 'qb_rush_share_slope' 'qb_rush_share_early_peak' 'qb_EPAplay_slope'
 'qb_EPAplay_early_peak' 'qb_success_slope' 'qb_success_early_peak'
 'pass_seasons' 'pass_years_before_first' 'pass_years_before_last'
 'qb_seasons' 'qb_years_before_first' 'qb_years_before_last']. At least one non-missing value is needed for imputation with strategy='median'.
  warnings.warn(
/opt/hostedtoolcache/Python/3.12.13/x64/lib/python3.12/site-packages/sklearn/impute/_base.py:647: UserWarning: Skipping features without any observed values: ['pass_EPAplay_final' 'pass_EPAplay_peak' 'pass_EPAplay_mean'
 'pass_EPAplay_expadj_peak' 'pass_success_final' 'pass_success_peak'
 'pass_success_mean' 'pass_success_expadj_peak' 'qb_rush_share_final'
 'qb_rush_share_peak' 'qb_rush_share_mean' 'qb_rush_share_expadj_peak'
 'qb_EPAplay_final' 'qb_EPAplay_peak' 'qb_EPAplay_mean'
 'qb_EPAplay_expadj_peak' 'qb_success_final' 'qb_success_peak'
 'qb_success_mean' 'qb_success_expadj_peak' 'pass_EPAplay_slope'
 'pass_EPAplay_early_peak' 'pass_success_slope' 'pass_success_early_peak'
 'qb_rush_share_slope' 'qb_rush_share_early_peak' 'qb_EPAplay_slope'
 'qb_EPAplay_early_peak' 'qb_success_slope' 'qb_success_early_peak'
 'pass_seasons' 'pass_years_before_first' 'pass_years_before_last'
 'qb_seasons' 'qb_years_before_first' 'qb_years_before_last']. At least one non-missing value is needed for imputation with strategy='median'.
  warnings.warn(
/opt/hostedtoolcache/Python/3.12.13/x64/lib/python3.12/site-packages/sklearn/impute/_base.py:647: UserWarning: Skipping features without any observed values: ['pass_EPAplay_final' 'pass_EPAplay_peak' 'pass_EPAplay_mean'
 'pass_EPAplay_expadj_peak' 'pass_success_final' 'pass_success_peak'
 'pass_success_mean' 'pass_success_expadj_peak' 'qb_rush_share_final'
 'qb_rush_share_peak' 'qb_rush_share_mean' 'qb_rush_share_expadj_peak'
 'qb_EPAplay_final' 'qb_EPAplay_peak' 'qb_EPAplay_mean'
 'qb_EPAplay_expadj_peak' 'qb_success_final' 'qb_success_peak'
 'qb_success_mean' 'qb_success_expadj_peak' 'pass_EPAplay_slope'
 'pass_EPAplay_early_peak' 'pass_success_slope' 'pass_success_early_peak'
 'qb_rush_share_slope' 'qb_rush_share_early_peak' 'qb_EPAplay_slope'
 'qb_EPAplay_early_peak' 'qb_success_slope' 'qb_success_early_peak'
 'pass_seasons' 'pass_years_before_first' 'pass_years_before_last'
 'qb_seasons' 'qb_years_before_first' 'qb_years_before_last']. At least one non-missing value is needed for imputation with strategy='median'.
  warnings.warn(
/opt/hostedtoolcache/Python/3.12.13/x64/lib/python3.12/site-packages/sklearn/impute/_base.py:647: UserWarning: Skipping features without any observed values: ['pass_EPAplay_final' 'pass_EPAplay_peak' 'pass_EPAplay_mean'
 'pass_EPAplay_expadj_peak' 'pass_success_final' 'pass_success_peak'
 'pass_success_mean' 'pass_success_expadj_peak' 'qb_rush_share_final'
 'qb_rush_share_peak' 'qb_rush_share_mean' 'qb_rush_share_expadj_peak'
 'qb_EPAplay_final' 'qb_EPAplay_peak' 'qb_EPAplay_mean'
 'qb_EPAplay_expadj_peak' 'qb_success_final' 'qb_success_peak'
 'qb_success_mean' 'qb_success_expadj_peak' 'pass_EPAplay_slope'
 'pass_EPAplay_early_peak' 'pass_success_slope' 'pass_success_early_peak'
 'qb_rush_share_slope' 'qb_rush_share_early_peak' 'qb_EPAplay_slope'
 'qb_EPAplay_early_peak' 'qb_success_slope' 'qb_success_early_peak'
 'pass_seasons' 'pass_years_before_first' 'pass_years_before_last'
 'qb_seasons' 'qb_years_before_first' 'qb_years_before_last']. At least one non-missing value is needed for imputation with strategy='median'.
  warnings.warn(
/opt/hostedtoolcache/Python/3.12.13/x64/lib/python3.12/site-packages/sklearn/impute/_base.py:647: UserWarning: Skipping features without any observed values: ['pass_EPAplay_final' 'pass_EPAplay_peak' 'pass_EPAplay_mean'
 'pass_EPAplay_expadj_peak' 'pass_success_final' 'pass_success_peak'
 'pass_success_mean' 'pass_success_expadj_peak' 'qb_rush_share_final'
 'qb_rush_share_peak' 'qb_rush_share_mean' 'qb_rush_share_expadj_peak'
 'qb_EPAplay_final' 'qb_EPAplay_peak' 'qb_EPAplay_mean'
 'qb_EPAplay_expadj_peak' 'qb_success_final' 'qb_success_peak'
 'qb_success_mean' 'qb_success_expadj_peak' 'pass_EPAplay_slope'
 'pass_EPAplay_early_peak' 'pass_success_slope' 'pass_success_early_peak'
 'qb_rush_share_slope' 'qb_rush_share_early_peak' 'qb_EPAplay_slope'
 'qb_EPAplay_early_peak' 'qb_success_slope' 'qb_success_early_peak'
 'pass_seasons' 'pass_years_before_first' 'pass_years_before_last'
 'qb_seasons' 'qb_years_before_first' 'qb_years_before_last']. At least one non-missing value is needed for imputation with strategy='median'.
  warnings.warn(
/opt/hostedtoolcache/Python/3.12.13/x64/lib/python3.12/site-packages/sklearn/impute/_base.py:647: UserWarning: Skipping features without any observed values: ['pass_EPAplay_final' 'pass_EPAplay_peak' 'pass_EPAplay_mean'
 'pass_EPAplay_expadj_peak' 'pass_success_final' 'pass_success_peak'
 'pass_success_mean' 'pass_success_expadj_peak' 'qb_rush_share_final'
 'qb_rush_share_peak' 'qb_rush_share_mean' 'qb_rush_share_expadj_peak'
 'qb_EPAplay_final' 'qb_EPAplay_peak' 'qb_EPAplay_mean'
 'qb_EPAplay_expadj_peak' 'qb_success_final' 'qb_success_peak'
 'qb_success_mean' 'qb_success_expadj_peak' 'pass_EPAplay_slope'
 'pass_EPAplay_early_peak' 'pass_success_slope' 'pass_success_early_peak'
 'qb_rush_share_slope' 'qb_rush_share_early_peak' 'qb_EPAplay_slope'
 'qb_EPAplay_early_peak' 'qb_success_slope' 'qb_success_early_peak'
 'pass_seasons' 'pass_years_before_first' 'pass_years_before_last'
 'qb_seasons' 'qb_years_before_first' 'qb_years_before_last']. At least one non-missing value is needed for imputation with strategy='median'.
  warnings.warn(
/opt/hostedtoolcache/Python/3.12.13/x64/lib/python3.12/site-packages/sklearn/impute/_base.py:647: UserWarning: Skipping features without any observed values: ['pass_EPAplay_final' 'pass_EPAplay_peak' 'pass_EPAplay_mean'
 'pass_EPAplay_expadj_peak' 'pass_success_final' 'pass_success_peak'
 'pass_success_mean' 'pass_success_expadj_peak' 'qb_rush_share_final'
 'qb_rush_share_peak' 'qb_rush_share_mean' 'qb_rush_share_expadj_peak'
 'qb_EPAplay_final' 'qb_EPAplay_peak' 'qb_EPAplay_mean'
 'qb_EPAplay_expadj_peak' 'qb_success_final' 'qb_success_peak'
 'qb_success_mean' 'qb_success_expadj_peak' 'pass_EPAplay_slope'
 'pass_EPAplay_early_peak' 'pass_success_slope' 'pass_success_early_peak'
 'qb_rush_share_slope' 'qb_rush_share_early_peak' 'qb_EPAplay_slope'
 'qb_EPAplay_early_peak' 'qb_success_slope' 'qb_success_early_peak'
 'pass_seasons' 'pass_years_before_first' 'pass_years_before_last'
 'qb_seasons' 'qb_years_before_first' 'qb_years_before_last']. At least one non-missing value is needed for imputation with strategy='median'.
  warnings.warn(
/opt/hostedtoolcache/Python/3.12.13/x64/lib/python3.12/site-packages/sklearn/impute/_base.py:647: UserWarning: Skipping features without any observed values: ['pass_EPAplay_final' 'pass_EPAplay_peak' 'pass_EPAplay_mean'
 'pass_EPAplay_expadj_peak' 'pass_success_final' 'pass_success_peak'
 'pass_success_mean' 'pass_success_expadj_peak' 'qb_rush_share_final'
 'qb_rush_share_peak' 'qb_rush_share_mean' 'qb_rush_share_expadj_peak'
 'qb_EPAplay_final' 'qb_EPAplay_peak' 'qb_EPAplay_mean'
 'qb_EPAplay_expadj_peak' 'qb_success_final' 'qb_success_peak'
 'qb_success_mean' 'qb_success_expadj_peak' 'pass_EPAplay_slope'
 'pass_EPAplay_early_peak' 'pass_success_slope' 'pass_success_early_peak'
 'qb_rush_share_slope' 'qb_rush_share_early_peak' 'qb_EPAplay_slope'
 'qb_EPAplay_early_peak' 'qb_success_slope' 'qb_success_early_peak'
 'pass_seasons' 'pass_years_before_first' 'pass_years_before_last'
 'qb_seasons' 'qb_years_before_first' 'qb_years_before_last']. At least one non-missing value is needed for imputation with strategy='median'.
  warnings.warn(
/opt/hostedtoolcache/Python/3.12.13/x64/lib/python3.12/site-packages/sklearn/impute/_base.py:647: UserWarning: Skipping features without any observed values: ['pass_EPAplay_final' 'pass_EPAplay_peak' 'pass_EPAplay_mean'
 'pass_EPAplay_expadj_peak' 'pass_success_final' 'pass_success_peak'
 'pass_success_mean' 'pass_success_expadj_peak' 'qb_rush_share_final'
 'qb_rush_share_peak' 'qb_rush_share_mean' 'qb_rush_share_expadj_peak'
 'qb_EPAplay_final' 'qb_EPAplay_peak' 'qb_EPAplay_mean'
 'qb_EPAplay_expadj_peak' 'qb_success_final' 'qb_success_peak'
 'qb_success_mean' 'qb_success_expadj_peak' 'pass_EPAplay_slope'
 'pass_EPAplay_early_peak' 'pass_success_slope' 'pass_success_early_peak'
 'qb_rush_share_slope' 'qb_rush_share_early_peak' 'qb_EPAplay_slope'
 'qb_EPAplay_early_peak' 'qb_success_slope' 'qb_success_early_peak'
 'pass_seasons' 'pass_years_before_first' 'pass_years_before_last'
 'qb_seasons' 'qb_years_before_first' 'qb_years_before_last']. At least one non-missing value is needed for imputation with strategy='median'.
  warnings.warn(
/opt/hostedtoolcache/Python/3.12.13/x64/lib/python3.12/site-packages/sklearn/impute/_base.py:647: UserWarning: Skipping features without any observed values: ['pass_EPAplay_final' 'pass_EPAplay_peak' 'pass_EPAplay_mean'
 'pass_EPAplay_expadj_peak' 'pass_success_final' 'pass_success_peak'
 'pass_success_mean' 'pass_success_expadj_peak' 'qb_rush_share_final'
 'qb_rush_share_peak' 'qb_rush_share_mean' 'qb_rush_share_expadj_peak'
 'qb_EPAplay_final' 'qb_EPAplay_peak' 'qb_EPAplay_mean'
 'qb_EPAplay_expadj_peak' 'qb_success_final' 'qb_success_peak'
 'qb_success_mean' 'qb_success_expadj_peak' 'pass_EPAplay_slope'
 'pass_EPAplay_early_peak' 'pass_success_slope' 'pass_success_early_peak'
 'qb_rush_share_slope' 'qb_rush_share_early_peak' 'qb_EPAplay_slope'
 'qb_EPAplay_early_peak' 'qb_success_slope' 'qb_success_early_peak'
 'pass_seasons' 'pass_years_before_first' 'pass_years_before_last'
 'qb_seasons' 'qb_years_before_first' 'qb_years_before_last']. At least one non-missing value is needed for imputation with strategy='median'.
  warnings.warn(
/opt/hostedtoolcache/Python/3.12.13/x64/lib/python3.12/site-packages/sklearn/impute/_base.py:647: UserWarning: Skipping features without any observed values: ['pass_EPAplay_final' 'pass_EPAplay_peak' 'pass_EPAplay_mean'
 'pass_EPAplay_expadj_peak' 'pass_success_final' 'pass_success_peak'
 'pass_success_mean' 'pass_success_expadj_peak' 'qb_rush_share_final'
 'qb_rush_share_peak' 'qb_rush_share_mean' 'qb_rush_share_expadj_peak'
 'qb_EPAplay_final' 'qb_EPAplay_peak' 'qb_EPAplay_mean'
 'qb_EPAplay_expadj_peak' 'qb_success_final' 'qb_success_peak'
 'qb_success_mean' 'qb_success_expadj_peak' 'pass_EPAplay_slope'
 'pass_EPAplay_early_peak' 'pass_success_slope' 'pass_success_early_peak'
 'qb_rush_share_slope' 'qb_rush_share_early_peak' 'qb_EPAplay_slope'
 'qb_EPAplay_early_peak' 'qb_success_slope' 'qb_success_early_peak'
 'pass_seasons' 'pass_years_before_first' 'pass_years_before_last'
 'qb_seasons' 'qb_years_before_first' 'qb_years_before_last']. At least one non-missing value is needed for imputation with strategy='median'.
  warnings.warn(
/opt/hostedtoolcache/Python/3.12.13/x64/lib/python3.12/site-packages/sklearn/impute/_base.py:647: UserWarning: Skipping features without any observed values: ['pass_EPAplay_final' 'pass_EPAplay_peak' 'pass_EPAplay_mean'
 'pass_EPAplay_expadj_peak' 'pass_success_final' 'pass_success_peak'
 'pass_success_mean' 'pass_success_expadj_peak' 'qb_rush_share_final'
 'qb_rush_share_peak' 'qb_rush_share_mean' 'qb_rush_share_expadj_peak'
 'qb_EPAplay_final' 'qb_EPAplay_peak' 'qb_EPAplay_mean'
 'qb_EPAplay_expadj_peak' 'qb_success_final' 'qb_success_peak'
 'qb_success_mean' 'qb_success_expadj_peak' 'pass_EPAplay_slope'
 'pass_EPAplay_early_peak' 'pass_success_slope' 'pass_success_early_peak'
 'qb_rush_share_slope' 'qb_rush_share_early_peak' 'qb_EPAplay_slope'
 'qb_EPAplay_early_peak' 'qb_success_slope' 'qb_success_early_peak'
 'pass_seasons' 'pass_years_before_first' 'pass_years_before_last'
 'qb_seasons' 'qb_years_before_first' 'qb_years_before_last']. At least one non-missing value is needed for imputation with strategy='median'.
  warnings.warn(
/opt/hostedtoolcache/Python/3.12.13/x64/lib/python3.12/site-packages/sklearn/impute/_base.py:647: UserWarning: Skipping features without any observed values: ['pass_EPAplay_final' 'pass_EPAplay_peak' 'pass_EPAplay_mean'
 'pass_EPAplay_expadj_peak' 'pass_success_final' 'pass_success_peak'
 'pass_success_mean' 'pass_success_expadj_peak' 'qb_rush_share_final'
 'qb_rush_share_peak' 'qb_rush_share_mean' 'qb_rush_share_expadj_peak'
 'qb_EPAplay_final' 'qb_EPAplay_peak' 'qb_EPAplay_mean'
 'qb_EPAplay_expadj_peak' 'qb_success_final' 'qb_success_peak'
 'qb_success_mean' 'qb_success_expadj_peak' 'pass_EPAplay_slope'
 'pass_EPAplay_early_peak' 'pass_success_slope' 'pass_success_early_peak'
 'qb_rush_share_slope' 'qb_rush_share_early_peak' 'qb_EPAplay_slope'
 'qb_EPAplay_early_peak' 'qb_success_slope' 'qb_success_early_peak'
 'pass_seasons' 'pass_years_before_first' 'pass_years_before_last'
 'qb_seasons' 'qb_years_before_first' 'qb_years_before_last']. At least one non-missing value is needed for imputation with strategy='median'.
  warnings.warn(
/opt/hostedtoolcache/Python/3.12.13/x64/lib/python3.12/site-packages/sklearn/impute/_base.py:647: UserWarning: Skipping features without any observed values: ['pass_EPAplay_final' 'pass_EPAplay_peak' 'pass_EPAplay_mean'
 'pass_EPAplay_expadj_peak' 'pass_success_final' 'pass_success_peak'
 'pass_success_mean' 'pass_success_expadj_peak' 'qb_rush_share_final'
 'qb_rush_share_peak' 'qb_rush_share_mean' 'qb_rush_share_expadj_peak'
 'qb_EPAplay_final' 'qb_EPAplay_peak' 'qb_EPAplay_mean'
 'qb_EPAplay_expadj_peak' 'qb_success_final' 'qb_success_peak'
 'qb_success_mean' 'qb_success_expadj_peak' 'pass_EPAplay_slope'
 'pass_EPAplay_early_peak' 'pass_success_slope' 'pass_success_early_peak'
 'qb_rush_share_slope' 'qb_rush_share_early_peak' 'qb_EPAplay_slope'
 'qb_EPAplay_early_peak' 'qb_success_slope' 'qb_success_early_peak'
 'pass_seasons' 'pass_years_before_first' 'pass_years_before_last'
 'qb_seasons' 'qb_years_before_first' 'qb_years_before_last']. At least one non-missing value is needed for imputation with strategy='median'.
  warnings.warn(
/opt/hostedtoolcache/Python/3.12.13/x64/lib/python3.12/site-packages/sklearn/impute/_base.py:647: UserWarning: Skipping features without any observed values: ['pass_EPAplay_final' 'pass_EPAplay_peak' 'pass_EPAplay_mean'
 'pass_EPAplay_expadj_peak' 'pass_success_final' 'pass_success_peak'
 'pass_success_mean' 'pass_success_expadj_peak' 'qb_rush_share_final'
 'qb_rush_share_peak' 'qb_rush_share_mean' 'qb_rush_share_expadj_peak'
 'qb_EPAplay_final' 'qb_EPAplay_peak' 'qb_EPAplay_mean'
 'qb_EPAplay_expadj_peak' 'qb_success_final' 'qb_success_peak'
 'qb_success_mean' 'qb_success_expadj_peak' 'pass_EPAplay_slope'
 'pass_EPAplay_early_peak' 'pass_success_slope' 'pass_success_early_peak'
 'qb_rush_share_slope' 'qb_rush_share_early_peak' 'qb_EPAplay_slope'
 'qb_EPAplay_early_peak' 'qb_success_slope' 'qb_success_early_peak'
 'pass_seasons' 'pass_years_before_first' 'pass_years_before_last'
 'qb_seasons' 'qb_years_before_first' 'qb_years_before_last']. At least one non-missing value is needed for imputation with strategy='median'.
  warnings.warn(
/opt/hostedtoolcache/Python/3.12.13/x64/lib/python3.12/site-packages/sklearn/impute/_base.py:647: UserWarning: Skipping features without any observed values: ['pass_EPAplay_final' 'pass_EPAplay_peak' 'pass_EPAplay_mean'
 'pass_EPAplay_expadj_peak' 'pass_success_final' 'pass_success_peak'
 'pass_success_mean' 'pass_success_expadj_peak' 'qb_rush_share_final'
 'qb_rush_share_peak' 'qb_rush_share_mean' 'qb_rush_share_expadj_peak'
 'qb_EPAplay_final' 'qb_EPAplay_peak' 'qb_EPAplay_mean'
 'qb_EPAplay_expadj_peak' 'qb_success_final' 'qb_success_peak'
 'qb_success_mean' 'qb_success_expadj_peak' 'pass_EPAplay_slope'
 'pass_EPAplay_early_peak' 'pass_success_slope' 'pass_success_early_peak'
 'qb_rush_share_slope' 'qb_rush_share_early_peak' 'qb_EPAplay_slope'
 'qb_EPAplay_early_peak' 'qb_success_slope' 'qb_success_early_peak'
 'pass_seasons' 'pass_years_before_first' 'pass_years_before_last'
 'qb_seasons' 'qb_years_before_first' 'qb_years_before_last']. At least one non-missing value is needed for imputation with strategy='median'.
  warnings.warn(
/opt/hostedtoolcache/Python/3.12.13/x64/lib/python3.12/site-packages/sklearn/impute/_base.py:647: UserWarning: Skipping features without any observed values: ['pass_EPAplay_final' 'pass_EPAplay_peak' 'pass_EPAplay_mean'
 'pass_EPAplay_expadj_peak' 'pass_success_final' 'pass_success_peak'
 'pass_success_mean' 'pass_success_expadj_peak' 'qb_rush_share_final'
 'qb_rush_share_peak' 'qb_rush_share_mean' 'qb_rush_share_expadj_peak'
 'qb_EPAplay_final' 'qb_EPAplay_peak' 'qb_EPAplay_mean'
 'qb_EPAplay_expadj_peak' 'qb_success_final' 'qb_success_peak'
 'qb_success_mean' 'qb_success_expadj_peak' 'pass_EPAplay_slope'
 'pass_EPAplay_early_peak' 'pass_success_slope' 'pass_success_early_peak'
 'qb_rush_share_slope' 'qb_rush_share_early_peak' 'qb_EPAplay_slope'
 'qb_EPAplay_early_peak' 'qb_success_slope' 'qb_success_early_peak'
 'pass_seasons' 'pass_years_before_first' 'pass_years_before_last'
 'qb_seasons' 'qb_years_before_first' 'qb_years_before_last']. At least one non-missing value is needed for imputation with strategy='median'.
  warnings.warn(
/opt/hostedtoolcache/Python/3.12.13/x64/lib/python3.12/site-packages/sklearn/impute/_base.py:647: UserWarning: Skipping features without any observed values: ['pass_EPAplay_final' 'pass_EPAplay_peak' 'pass_EPAplay_mean'
 'pass_EPAplay_expadj_peak' 'pass_success_final' 'pass_success_peak'
 'pass_success_mean' 'pass_success_expadj_peak' 'qb_rush_share_final'
 'qb_rush_share_peak' 'qb_rush_share_mean' 'qb_rush_share_expadj_peak'
 'qb_EPAplay_final' 'qb_EPAplay_peak' 'qb_EPAplay_mean'
 'qb_EPAplay_expadj_peak' 'qb_success_final' 'qb_success_peak'
 'qb_success_mean' 'qb_success_expadj_peak' 'pass_EPAplay_slope'
 'pass_EPAplay_early_peak' 'pass_success_slope' 'pass_success_early_peak'
 'qb_rush_share_slope' 'qb_rush_share_early_peak' 'qb_EPAplay_slope'
 'qb_EPAplay_early_peak' 'qb_success_slope' 'qb_success_early_peak'
 'pass_seasons' 'pass_years_before_first' 'pass_years_before_last'
 'qb_seasons' 'qb_years_before_first' 'qb_years_before_last']. At least one non-missing value is needed for imputation with strategy='median'.
  warnings.warn(
/opt/hostedtoolcache/Python/3.12.13/x64/lib/python3.12/site-packages/sklearn/impute/_base.py:647: UserWarning: Skipping features without any observed values: ['pass_EPAplay_final' 'pass_EPAplay_peak' 'pass_EPAplay_mean'
 'pass_EPAplay_expadj_peak' 'pass_success_final' 'pass_success_peak'
 'pass_success_mean' 'pass_success_expadj_peak' 'qb_rush_share_final'
 'qb_rush_share_peak' 'qb_rush_share_mean' 'qb_rush_share_expadj_peak'
 'qb_EPAplay_final' 'qb_EPAplay_peak' 'qb_EPAplay_mean'
 'qb_EPAplay_expadj_peak' 'qb_success_final' 'qb_success_peak'
 'qb_success_mean' 'qb_success_expadj_peak' 'pass_EPAplay_slope'
 'pass_EPAplay_early_peak' 'pass_success_slope' 'pass_success_early_peak'
 'qb_rush_share_slope' 'qb_rush_share_early_peak' 'qb_EPAplay_slope'
 'qb_EPAplay_early_peak' 'qb_success_slope' 'qb_success_early_peak'
 'pass_seasons' 'pass_years_before_first' 'pass_years_before_last'
 'qb_seasons' 'qb_years_before_first' 'qb_years_before_last']. At least one non-missing value is needed for imputation with strategy='median'.
  warnings.warn(
/opt/hostedtoolcache/Python/3.12.13/x64/lib/python3.12/site-packages/sklearn/impute/_base.py:647: UserWarning: Skipping features without any observed values: ['pass_EPAplay_final' 'pass_EPAplay_peak' 'pass_EPAplay_mean'
 'pass_EPAplay_expadj_peak' 'pass_success_final' 'pass_success_peak'
 'pass_success_mean' 'pass_success_expadj_peak' 'qb_rush_share_final'
 'qb_rush_share_peak' 'qb_rush_share_mean' 'qb_rush_share_expadj_peak'
 'qb_EPAplay_final' 'qb_EPAplay_peak' 'qb_EPAplay_mean'
 'qb_EPAplay_expadj_peak' 'qb_success_final' 'qb_success_peak'
 'qb_success_mean' 'qb_success_expadj_peak' 'pass_EPAplay_slope'
 'pass_EPAplay_early_peak' 'pass_success_slope' 'pass_success_early_peak'
 'qb_rush_share_slope' 'qb_rush_share_early_peak' 'qb_EPAplay_slope'
 'qb_EPAplay_early_peak' 'qb_success_slope' 'qb_success_early_peak'
 'pass_seasons' 'pass_years_before_first' 'pass_years_before_last'
 'qb_seasons' 'qb_years_before_first' 'qb_years_before_last']. At least one non-missing value is needed for imputation with strategy='median'.
  warnings.warn(
/opt/hostedtoolcache/Python/3.12.13/x64/lib/python3.12/site-packages/sklearn/impute/_base.py:647: UserWarning: Skipping features without any observed values: ['pass_EPAplay_final' 'pass_EPAplay_peak' 'pass_EPAplay_mean'
 'pass_EPAplay_expadj_peak' 'pass_success_final' 'pass_success_peak'
 'pass_success_mean' 'pass_success_expadj_peak' 'qb_rush_share_final'
 'qb_rush_share_peak' 'qb_rush_share_mean' 'qb_rush_share_expadj_peak'
 'qb_EPAplay_final' 'qb_EPAplay_peak' 'qb_EPAplay_mean'
 'qb_EPAplay_expadj_peak' 'qb_success_final' 'qb_success_peak'
 'qb_success_mean' 'qb_success_expadj_peak' 'pass_EPAplay_slope'
 'pass_EPAplay_early_peak' 'pass_success_slope' 'pass_success_early_peak'
 'qb_rush_share_slope' 'qb_rush_share_early_peak' 'qb_EPAplay_slope'
 'qb_EPAplay_early_peak' 'qb_success_slope' 'qb_success_early_peak'
 'pass_seasons' 'pass_years_before_first' 'pass_years_before_last'
 'qb_seasons' 'qb_years_before_first' 'qb_years_before_last']. At least one non-missing value is needed for imputation with strategy='median'.
  warnings.warn(
/opt/hostedtoolcache/Python/3.12.13/x64/lib/python3.12/site-packages/sklearn/impute/_base.py:647: UserWarning: Skipping features without any observed values: ['pass_EPAplay_final' 'pass_EPAplay_peak' 'pass_EPAplay_mean'
 'pass_EPAplay_expadj_peak' 'pass_success_final' 'pass_success_peak'
 'pass_success_mean' 'pass_success_expadj_peak' 'qb_rush_share_final'
 'qb_rush_share_peak' 'qb_rush_share_mean' 'qb_rush_share_expadj_peak'
 'qb_EPAplay_final' 'qb_EPAplay_peak' 'qb_EPAplay_mean'
 'qb_EPAplay_expadj_peak' 'qb_success_final' 'qb_success_peak'
 'qb_success_mean' 'qb_success_expadj_peak' 'pass_EPAplay_slope'
 'pass_EPAplay_early_peak' 'pass_success_slope' 'pass_success_early_peak'
 'qb_rush_share_slope' 'qb_rush_share_early_peak' 'qb_EPAplay_slope'
 'qb_EPAplay_early_peak' 'qb_success_slope' 'qb_success_early_peak'
 'pass_seasons' 'pass_years_before_first' 'pass_years_before_last'
 'qb_seasons' 'qb_years_before_first' 'qb_years_before_last']. At least one non-missing value is needed for imputation with strategy='median'.
  warnings.warn(
/opt/hostedtoolcache/Python/3.12.13/x64/lib/python3.12/site-packages/sklearn/impute/_base.py:647: UserWarning: Skipping features without any observed values: ['pass_EPAplay_final' 'pass_EPAplay_peak' 'pass_EPAplay_mean'
 'pass_EPAplay_expadj_peak' 'pass_success_final' 'pass_success_peak'
 'pass_success_mean' 'pass_success_expadj_peak' 'qb_rush_share_final'
 'qb_rush_share_peak' 'qb_rush_share_mean' 'qb_rush_share_expadj_peak'
 'qb_EPAplay_final' 'qb_EPAplay_peak' 'qb_EPAplay_mean'
 'qb_EPAplay_expadj_peak' 'qb_success_final' 'qb_success_peak'
 'qb_success_mean' 'qb_success_expadj_peak' 'pass_EPAplay_slope'
 'pass_EPAplay_early_peak' 'pass_success_slope' 'pass_success_early_peak'
 'qb_rush_share_slope' 'qb_rush_share_early_peak' 'qb_EPAplay_slope'
 'qb_EPAplay_early_peak' 'qb_success_slope' 'qb_success_early_peak'
 'pass_seasons' 'pass_years_before_first' 'pass_years_before_last'
 'qb_seasons' 'qb_years_before_first' 'qb_years_before_last']. At least one non-missing value is needed for imputation with strategy='median'.
  warnings.warn(
/opt/hostedtoolcache/Python/3.12.13/x64/lib/python3.12/site-packages/sklearn/impute/_base.py:647: UserWarning: Skipping features without any observed values: ['pass_EPAplay_final' 'pass_EPAplay_peak' 'pass_EPAplay_mean'
 'pass_EPAplay_expadj_peak' 'pass_success_final' 'pass_success_peak'
 'pass_success_mean' 'pass_success_expadj_peak' 'qb_rush_share_final'
 'qb_rush_share_peak' 'qb_rush_share_mean' 'qb_rush_share_expadj_peak'
 'qb_EPAplay_final' 'qb_EPAplay_peak' 'qb_EPAplay_mean'
 'qb_EPAplay_expadj_peak' 'qb_success_final' 'qb_success_peak'
 'qb_success_mean' 'qb_success_expadj_peak' 'pass_EPAplay_slope'
 'pass_EPAplay_early_peak' 'pass_success_slope' 'pass_success_early_peak'
 'qb_rush_share_slope' 'qb_rush_share_early_peak' 'qb_EPAplay_slope'
 'qb_EPAplay_early_peak' 'qb_success_slope' 'qb_success_early_peak'
 'pass_seasons' 'pass_years_before_first' 'pass_years_before_last'
 'qb_seasons' 'qb_years_before_first' 'qb_years_before_last']. At least one non-missing value is needed for imputation with strategy='median'.
  warnings.warn(
/opt/hostedtoolcache/Python/3.12.13/x64/lib/python3.12/site-packages/sklearn/impute/_base.py:647: UserWarning: Skipping features without any observed values: ['pass_EPAplay_final' 'pass_EPAplay_peak' 'pass_EPAplay_mean'
 'pass_EPAplay_expadj_peak' 'pass_success_final' 'pass_success_peak'
 'pass_success_mean' 'pass_success_expadj_peak' 'qb_rush_share_final'
 'qb_rush_share_peak' 'qb_rush_share_mean' 'qb_rush_share_expadj_peak'
 'qb_EPAplay_final' 'qb_EPAplay_peak' 'qb_EPAplay_mean'
 'qb_EPAplay_expadj_peak' 'qb_success_final' 'qb_success_peak'
 'qb_success_mean' 'qb_success_expadj_peak' 'pass_EPAplay_slope'
 'pass_EPAplay_early_peak' 'pass_success_slope' 'pass_success_early_peak'
 'qb_rush_share_slope' 'qb_rush_share_early_peak' 'qb_EPAplay_slope'
 'qb_EPAplay_early_peak' 'qb_success_slope' 'qb_success_early_peak'
 'pass_seasons' 'pass_years_before_first' 'pass_years_before_last'
 'qb_seasons' 'qb_years_before_first' 'qb_years_before_last']. At least one non-missing value is needed for imputation with strategy='median'.
  warnings.warn(
/opt/hostedtoolcache/Python/3.12.13/x64/lib/python3.12/site-packages/sklearn/impute/_base.py:647: UserWarning: Skipping features without any observed values: ['pass_EPAplay_final' 'pass_EPAplay_peak' 'pass_EPAplay_mean'
 'pass_EPAplay_expadj_peak' 'pass_success_final' 'pass_success_peak'
 'pass_success_mean' 'pass_success_expadj_peak' 'qb_rush_share_final'
 'qb_rush_share_peak' 'qb_rush_share_mean' 'qb_rush_share_expadj_peak'
 'qb_EPAplay_final' 'qb_EPAplay_peak' 'qb_EPAplay_mean'
 'qb_EPAplay_expadj_peak' 'qb_success_final' 'qb_success_peak'
 'qb_success_mean' 'qb_success_expadj_peak' 'pass_EPAplay_slope'
 'pass_EPAplay_early_peak' 'pass_success_slope' 'pass_success_early_peak'
 'qb_rush_share_slope' 'qb_rush_share_early_peak' 'qb_EPAplay_slope'
 'qb_EPAplay_early_peak' 'qb_success_slope' 'qb_success_early_peak'
 'pass_seasons' 'pass_years_before_first' 'pass_years_before_last'
 'qb_seasons' 'qb_years_before_first' 'qb_years_before_last']. At least one non-missing value is needed for imputation with strategy='median'.
  warnings.warn(
/opt/hostedtoolcache/Python/3.12.13/x64/lib/python3.12/site-packages/sklearn/impute/_base.py:647: UserWarning: Skipping features without any observed values: ['pass_EPAplay_final' 'pass_EPAplay_peak' 'pass_EPAplay_mean'
 'pass_EPAplay_expadj_peak' 'pass_success_final' 'pass_success_peak'
 'pass_success_mean' 'pass_success_expadj_peak' 'qb_rush_share_final'
 'qb_rush_share_peak' 'qb_rush_share_mean' 'qb_rush_share_expadj_peak'
 'qb_EPAplay_final' 'qb_EPAplay_peak' 'qb_EPAplay_mean'
 'qb_EPAplay_expadj_peak' 'qb_success_final' 'qb_success_peak'
 'qb_success_mean' 'qb_success_expadj_peak' 'pass_EPAplay_slope'
 'pass_EPAplay_early_peak' 'pass_success_slope' 'pass_success_early_peak'
 'qb_rush_share_slope' 'qb_rush_share_early_peak' 'qb_EPAplay_slope'
 'qb_EPAplay_early_peak' 'qb_success_slope' 'qb_success_early_peak'
 'pass_seasons' 'pass_years_before_first' 'pass_years_before_last'
 'qb_seasons' 'qb_years_before_first' 'qb_years_before_last']. At least one non-missing value is needed for imputation with strategy='median'.
  warnings.warn(
/opt/hostedtoolcache/Python/3.12.13/x64/lib/python3.12/site-packages/sklearn/impute/_base.py:647: UserWarning: Skipping features without any observed values: ['pass_EPAplay_final' 'pass_EPAplay_peak' 'pass_EPAplay_mean'
 'pass_EPAplay_expadj_peak' 'pass_success_final' 'pass_success_peak'
 'pass_success_mean' 'pass_success_expadj_peak' 'qb_rush_share_final'
 'qb_rush_share_peak' 'qb_rush_share_mean' 'qb_rush_share_expadj_peak'
 'qb_EPAplay_final' 'qb_EPAplay_peak' 'qb_EPAplay_mean'
 'qb_EPAplay_expadj_peak' 'qb_success_final' 'qb_success_peak'
 'qb_success_mean' 'qb_success_expadj_peak' 'pass_EPAplay_slope'
 'pass_EPAplay_early_peak' 'pass_success_slope' 'pass_success_early_peak'
 'qb_rush_share_slope' 'qb_rush_share_early_peak' 'qb_EPAplay_slope'
 'qb_EPAplay_early_peak' 'qb_success_slope' 'qb_success_early_peak'
 'pass_seasons' 'pass_years_before_first' 'pass_years_before_last'
 'qb_seasons' 'qb_years_before_first' 'qb_years_before_last']. At least one non-missing value is needed for imputation with strategy='median'.
  warnings.warn(
/opt/hostedtoolcache/Python/3.12.13/x64/lib/python3.12/site-packages/sklearn/impute/_base.py:647: UserWarning: Skipping features without any observed values: ['pass_EPAplay_final' 'pass_EPAplay_peak' 'pass_EPAplay_mean'
 'pass_EPAplay_expadj_peak' 'pass_success_final' 'pass_success_peak'
 'pass_success_mean' 'pass_success_expadj_peak' 'qb_rush_share_final'
 'qb_rush_share_peak' 'qb_rush_share_mean' 'qb_rush_share_expadj_peak'
 'qb_EPAplay_final' 'qb_EPAplay_peak' 'qb_EPAplay_mean'
 'qb_EPAplay_expadj_peak' 'qb_success_final' 'qb_success_peak'
 'qb_success_mean' 'qb_success_expadj_peak' 'pass_EPAplay_slope'
 'pass_EPAplay_early_peak' 'pass_success_slope' 'pass_success_early_peak'
 'qb_rush_share_slope' 'qb_rush_share_early_peak' 'qb_EPAplay_slope'
 'qb_EPAplay_early_peak' 'qb_success_slope' 'qb_success_early_peak'
 'pass_seasons' 'pass_years_before_first' 'pass_years_before_last'
 'qb_seasons' 'qb_years_before_first' 'qb_years_before_last']. At least one non-missing value is needed for imputation with strategy='median'.
  warnings.warn(
/opt/hostedtoolcache/Python/3.12.13/x64/lib/python3.12/site-packages/sklearn/impute/_base.py:647: UserWarning: Skipping features without any observed values: ['pass_EPAplay_final' 'pass_EPAplay_peak' 'pass_EPAplay_mean'
 'pass_EPAplay_expadj_peak' 'pass_success_final' 'pass_success_peak'
 'pass_success_mean' 'pass_success_expadj_peak' 'qb_rush_share_final'
 'qb_rush_share_peak' 'qb_rush_share_mean' 'qb_rush_share_expadj_peak'
 'qb_EPAplay_final' 'qb_EPAplay_peak' 'qb_EPAplay_mean'
 'qb_EPAplay_expadj_peak' 'qb_success_final' 'qb_success_peak'
 'qb_success_mean' 'qb_success_expadj_peak' 'pass_EPAplay_slope'
 'pass_EPAplay_early_peak' 'pass_success_slope' 'pass_success_early_peak'
 'qb_rush_share_slope' 'qb_rush_share_early_peak' 'qb_EPAplay_slope'
 'qb_EPAplay_early_peak' 'qb_success_slope' 'qb_success_early_peak'
 'pass_seasons' 'pass_years_before_first' 'pass_years_before_last'
 'qb_seasons' 'qb_years_before_first' 'qb_years_before_last']. At least one non-missing value is needed for imputation with strategy='median'.
  warnings.warn(
/opt/hostedtoolcache/Python/3.12.13/x64/lib/python3.12/site-packages/sklearn/impute/_base.py:647: UserWarning: Skipping features without any observed values: ['pass_EPAplay_final' 'pass_EPAplay_peak' 'pass_EPAplay_mean'
 'pass_EPAplay_expadj_peak' 'pass_success_final' 'pass_success_peak'
 'pass_success_mean' 'pass_success_expadj_peak' 'qb_rush_share_final'
 'qb_rush_share_peak' 'qb_rush_share_mean' 'qb_rush_share_expadj_peak'
 'qb_EPAplay_final' 'qb_EPAplay_peak' 'qb_EPAplay_mean'
 'qb_EPAplay_expadj_peak' 'qb_success_final' 'qb_success_peak'
 'qb_success_mean' 'qb_success_expadj_peak' 'pass_EPAplay_slope'
 'pass_EPAplay_early_peak' 'pass_success_slope' 'pass_success_early_peak'
 'qb_rush_share_slope' 'qb_rush_share_early_peak' 'qb_EPAplay_slope'
 'qb_EPAplay_early_peak' 'qb_success_slope' 'qb_success_early_peak'
 'pass_seasons' 'pass_years_before_first' 'pass_years_before_last'
 'qb_seasons' 'qb_years_before_first' 'qb_years_before_last']. At least one non-missing value is needed for imputation with strategy='median'.
  warnings.warn(
/opt/hostedtoolcache/Python/3.12.13/x64/lib/python3.12/site-packages/sklearn/impute/_base.py:647: UserWarning: Skipping features without any observed values: ['pass_EPAplay_final' 'pass_EPAplay_peak' 'pass_EPAplay_mean'
 'pass_EPAplay_expadj_peak' 'pass_success_final' 'pass_success_peak'
 'pass_success_mean' 'pass_success_expadj_peak' 'qb_rush_share_final'
 'qb_rush_share_peak' 'qb_rush_share_mean' 'qb_rush_share_expadj_peak'
 'qb_EPAplay_final' 'qb_EPAplay_peak' 'qb_EPAplay_mean'
 'qb_EPAplay_expadj_peak' 'qb_success_final' 'qb_success_peak'
 'qb_success_mean' 'qb_success_expadj_peak' 'pass_EPAplay_slope'
 'pass_EPAplay_early_peak' 'pass_success_slope' 'pass_success_early_peak'
 'qb_rush_share_slope' 'qb_rush_share_early_peak' 'qb_EPAplay_slope'
 'qb_EPAplay_early_peak' 'qb_success_slope' 'qb_success_early_peak'
 'pass_seasons' 'pass_years_before_first' 'pass_years_before_last'
 'qb_seasons' 'qb_years_before_first' 'qb_years_before_last']. At least one non-missing value is needed for imputation with strategy='median'.
  warnings.warn(
/opt/hostedtoolcache/Python/3.12.13/x64/lib/python3.12/site-packages/sklearn/impute/_base.py:647: UserWarning: Skipping features without any observed values: ['pass_EPAplay_final' 'pass_EPAplay_peak' 'pass_EPAplay_mean'
 'pass_EPAplay_expadj_peak' 'pass_success_final' 'pass_success_peak'
 'pass_success_mean' 'pass_success_expadj_peak' 'qb_rush_share_final'
 'qb_rush_share_peak' 'qb_rush_share_mean' 'qb_rush_share_expadj_peak'
 'qb_EPAplay_final' 'qb_EPAplay_peak' 'qb_EPAplay_mean'
 'qb_EPAplay_expadj_peak' 'qb_success_final' 'qb_success_peak'
 'qb_success_mean' 'qb_success_expadj_peak' 'pass_EPAplay_slope'
 'pass_EPAplay_early_peak' 'pass_success_slope' 'pass_success_early_peak'
 'qb_rush_share_slope' 'qb_rush_share_early_peak' 'qb_EPAplay_slope'
 'qb_EPAplay_early_peak' 'qb_success_slope' 'qb_success_early_peak'
 'pass_seasons' 'pass_years_before_first' 'pass_years_before_last'
 'qb_seasons' 'qb_years_before_first' 'qb_years_before_last']. At least one non-missing value is needed for imputation with strategy='median'.
  warnings.warn(
/opt/hostedtoolcache/Python/3.12.13/x64/lib/python3.12/site-packages/sklearn/impute/_base.py:647: UserWarning: Skipping features without any observed values: ['pass_EPAplay_final' 'pass_EPAplay_peak' 'pass_EPAplay_mean'
 'pass_EPAplay_expadj_peak' 'pass_success_final' 'pass_success_peak'
 'pass_success_mean' 'pass_success_expadj_peak' 'qb_rush_share_final'
 'qb_rush_share_peak' 'qb_rush_share_mean' 'qb_rush_share_expadj_peak'
 'qb_EPAplay_final' 'qb_EPAplay_peak' 'qb_EPAplay_mean'
 'qb_EPAplay_expadj_peak' 'qb_success_final' 'qb_success_peak'
 'qb_success_mean' 'qb_success_expadj_peak' 'pass_EPAplay_slope'
 'pass_EPAplay_early_peak' 'pass_success_slope' 'pass_success_early_peak'
 'qb_rush_share_slope' 'qb_rush_share_early_peak' 'qb_EPAplay_slope'
 'qb_EPAplay_early_peak' 'qb_success_slope' 'qb_success_early_peak'
 'pass_seasons' 'pass_years_before_first' 'pass_years_before_last'
 'qb_seasons' 'qb_years_before_first' 'qb_years_before_last']. At least one non-missing value is needed for imputation with strategy='median'.
  warnings.warn(
/opt/hostedtoolcache/Python/3.12.13/x64/lib/python3.12/site-packages/sklearn/impute/_base.py:647: UserWarning: Skipping features without any observed values: ['pass_EPAplay_final' 'pass_EPAplay_peak' 'pass_EPAplay_mean'
 'pass_EPAplay_expadj_peak' 'pass_success_final' 'pass_success_peak'
 'pass_success_mean' 'pass_success_expadj_peak' 'qb_rush_share_final'
 'qb_rush_share_peak' 'qb_rush_share_mean' 'qb_rush_share_expadj_peak'
 'qb_EPAplay_final' 'qb_EPAplay_peak' 'qb_EPAplay_mean'
 'qb_EPAplay_expadj_peak' 'qb_success_final' 'qb_success_peak'
 'qb_success_mean' 'qb_success_expadj_peak' 'pass_EPAplay_slope'
 'pass_EPAplay_early_peak' 'pass_success_slope' 'pass_success_early_peak'
 'qb_rush_share_slope' 'qb_rush_share_early_peak' 'qb_EPAplay_slope'
 'qb_EPAplay_early_peak' 'qb_success_slope' 'qb_success_early_peak'
 'pass_seasons' 'pass_years_before_first' 'pass_years_before_last'
 'qb_seasons' 'qb_years_before_first' 'qb_years_before_last']. At least one non-missing value is needed for imputation with strategy='median'.
  warnings.warn(
/opt/hostedtoolcache/Python/3.12.13/x64/lib/python3.12/site-packages/sklearn/impute/_base.py:647: UserWarning: Skipping features without any observed values: ['pass_EPAplay_final' 'pass_EPAplay_peak' 'pass_EPAplay_mean'
 'pass_EPAplay_expadj_peak' 'pass_success_final' 'pass_success_peak'
 'pass_success_mean' 'pass_success_expadj_peak' 'qb_rush_share_final'
 'qb_rush_share_peak' 'qb_rush_share_mean' 'qb_rush_share_expadj_peak'
 'qb_EPAplay_final' 'qb_EPAplay_peak' 'qb_EPAplay_mean'
 'qb_EPAplay_expadj_peak' 'qb_success_final' 'qb_success_peak'
 'qb_success_mean' 'qb_success_expadj_peak' 'pass_EPAplay_slope'
 'pass_EPAplay_early_peak' 'pass_success_slope' 'pass_success_early_peak'
 'qb_rush_share_slope' 'qb_rush_share_early_peak' 'qb_EPAplay_slope'
 'qb_EPAplay_early_peak' 'qb_success_slope' 'qb_success_early_peak'
 'pass_seasons' 'pass_years_before_first' 'pass_years_before_last'
 'qb_seasons' 'qb_years_before_first' 'qb_years_before_last']. At least one non-missing value is needed for imputation with strategy='median'.
  warnings.warn(
/opt/hostedtoolcache/Python/3.12.13/x64/lib/python3.12/site-packages/sklearn/impute/_base.py:647: UserWarning: Skipping features without any observed values: ['pass_EPAplay_final' 'pass_EPAplay_peak' 'pass_EPAplay_mean'
 'pass_EPAplay_expadj_peak' 'pass_success_final' 'pass_success_peak'
 'pass_success_mean' 'pass_success_expadj_peak' 'qb_rush_share_final'
 'qb_rush_share_peak' 'qb_rush_share_mean' 'qb_rush_share_expadj_peak'
 'qb_EPAplay_final' 'qb_EPAplay_peak' 'qb_EPAplay_mean'
 'qb_EPAplay_expadj_peak' 'qb_success_final' 'qb_success_peak'
 'qb_success_mean' 'qb_success_expadj_peak' 'pass_EPAplay_slope'
 'pass_EPAplay_early_peak' 'pass_success_slope' 'pass_success_early_peak'
 'qb_rush_share_slope' 'qb_rush_share_early_peak' 'qb_EPAplay_slope'
 'qb_EPAplay_early_peak' 'qb_success_slope' 'qb_success_early_peak'
 'pass_seasons' 'pass_years_before_first' 'pass_years_before_last'
 'qb_seasons' 'qb_years_before_first' 'qb_years_before_last']. At least one non-missing value is needed for imputation with strategy='median'.
  warnings.warn(
/opt/hostedtoolcache/Python/3.12.13/x64/lib/python3.12/site-packages/sklearn/impute/_base.py:647: UserWarning: Skipping features without any observed values: ['pass_EPAplay_final' 'pass_EPAplay_peak' 'pass_EPAplay_mean'
 'pass_EPAplay_expadj_peak' 'pass_success_final' 'pass_success_peak'
 'pass_success_mean' 'pass_success_expadj_peak' 'qb_rush_share_final'
 'qb_rush_share_peak' 'qb_rush_share_mean' 'qb_rush_share_expadj_peak'
 'qb_EPAplay_final' 'qb_EPAplay_peak' 'qb_EPAplay_mean'
 'qb_EPAplay_expadj_peak' 'qb_success_final' 'qb_success_peak'
 'qb_success_mean' 'qb_success_expadj_peak' 'pass_EPAplay_slope'
 'pass_EPAplay_early_peak' 'pass_success_slope' 'pass_success_early_peak'
 'qb_rush_share_slope' 'qb_rush_share_early_peak' 'qb_EPAplay_slope'
 'qb_EPAplay_early_peak' 'qb_success_slope' 'qb_success_early_peak'
 'pass_seasons' 'pass_years_before_first' 'pass_years_before_last'
 'qb_seasons' 'qb_years_before_first' 'qb_years_before_last']. At least one non-missing value is needed for imputation with strategy='median'.
  warnings.warn(
/opt/hostedtoolcache/Python/3.12.13/x64/lib/python3.12/site-packages/sklearn/impute/_base.py:647: UserWarning: Skipping features without any observed values: ['pass_EPAplay_final' 'pass_EPAplay_peak' 'pass_EPAplay_mean'
 'pass_EPAplay_expadj_peak' 'pass_success_final' 'pass_success_peak'
 'pass_success_mean' 'pass_success_expadj_peak' 'qb_rush_share_final'
 'qb_rush_share_peak' 'qb_rush_share_mean' 'qb_rush_share_expadj_peak'
 'qb_EPAplay_final' 'qb_EPAplay_peak' 'qb_EPAplay_mean'
 'qb_EPAplay_expadj_peak' 'qb_success_final' 'qb_success_peak'
 'qb_success_mean' 'qb_success_expadj_peak' 'pass_EPAplay_slope'
 'pass_EPAplay_early_peak' 'pass_success_slope' 'pass_success_early_peak'
 'qb_rush_share_slope' 'qb_rush_share_early_peak' 'qb_EPAplay_slope'
 'qb_EPAplay_early_peak' 'qb_success_slope' 'qb_success_early_peak'
 'pass_seasons' 'pass_years_before_first' 'pass_years_before_last'
 'qb_seasons' 'qb_years_before_first' 'qb_years_before_last']. At least one non-missing value is needed for imputation with strategy='median'.
  warnings.warn(
/opt/hostedtoolcache/Python/3.12.13/x64/lib/python3.12/site-packages/sklearn/impute/_base.py:647: UserWarning: Skipping features without any observed values: ['pass_EPAplay_final' 'pass_EPAplay_peak' 'pass_EPAplay_mean'
 'pass_EPAplay_expadj_peak' 'pass_success_final' 'pass_success_peak'
 'pass_success_mean' 'pass_success_expadj_peak' 'qb_rush_share_final'
 'qb_rush_share_peak' 'qb_rush_share_mean' 'qb_rush_share_expadj_peak'
 'qb_EPAplay_final' 'qb_EPAplay_peak' 'qb_EPAplay_mean'
 'qb_EPAplay_expadj_peak' 'qb_success_final' 'qb_success_peak'
 'qb_success_mean' 'qb_success_expadj_peak' 'pass_EPAplay_slope'
 'pass_EPAplay_early_peak' 'pass_success_slope' 'pass_success_early_peak'
 'qb_rush_share_slope' 'qb_rush_share_early_peak' 'qb_EPAplay_slope'
 'qb_EPAplay_early_peak' 'qb_success_slope' 'qb_success_early_peak'
 'pass_seasons' 'pass_years_before_first' 'pass_years_before_last'
 'qb_seasons' 'qb_years_before_first' 'qb_years_before_last']. At least one non-missing value is needed for imputation with strategy='median'.
  warnings.warn(
/opt/hostedtoolcache/Python/3.12.13/x64/lib/python3.12/site-packages/sklearn/impute/_base.py:647: UserWarning: Skipping features without any observed values: ['pass_EPAplay_final' 'pass_EPAplay_peak' 'pass_EPAplay_mean'
 'pass_EPAplay_expadj_peak' 'pass_success_final' 'pass_success_peak'
 'pass_success_mean' 'pass_success_expadj_peak' 'qb_rush_share_final'
 'qb_rush_share_peak' 'qb_rush_share_mean' 'qb_rush_share_expadj_peak'
 'qb_EPAplay_final' 'qb_EPAplay_peak' 'qb_EPAplay_mean'
 'qb_EPAplay_expadj_peak' 'qb_success_final' 'qb_success_peak'
 'qb_success_mean' 'qb_success_expadj_peak' 'pass_EPAplay_slope'
 'pass_EPAplay_early_peak' 'pass_success_slope' 'pass_success_early_peak'
 'qb_rush_share_slope' 'qb_rush_share_early_peak' 'qb_EPAplay_slope'
 'qb_EPAplay_early_peak' 'qb_success_slope' 'qb_success_early_peak'
 'pass_seasons' 'pass_years_before_first' 'pass_years_before_last'
 'qb_seasons' 'qb_years_before_first' 'qb_years_before_last']. At least one non-missing value is needed for imputation with strategy='median'.
  warnings.warn(
/opt/hostedtoolcache/Python/3.12.13/x64/lib/python3.12/site-packages/sklearn/impute/_base.py:647: UserWarning: Skipping features without any observed values: ['pass_EPAplay_final' 'pass_EPAplay_peak' 'pass_EPAplay_mean'
 'pass_EPAplay_expadj_peak' 'pass_success_final' 'pass_success_peak'
 'pass_success_mean' 'pass_success_expadj_peak' 'qb_rush_share_final'
 'qb_rush_share_peak' 'qb_rush_share_mean' 'qb_rush_share_expadj_peak'
 'qb_EPAplay_final' 'qb_EPAplay_peak' 'qb_EPAplay_mean'
 'qb_EPAplay_expadj_peak' 'qb_success_final' 'qb_success_peak'
 'qb_success_mean' 'qb_success_expadj_peak' 'pass_EPAplay_slope'
 'pass_EPAplay_early_peak' 'pass_success_slope' 'pass_success_early_peak'
 'qb_rush_share_slope' 'qb_rush_share_early_peak' 'qb_EPAplay_slope'
 'qb_EPAplay_early_peak' 'qb_success_slope' 'qb_success_early_peak'
 'pass_seasons' 'pass_years_before_first' 'pass_years_before_last'
 'qb_seasons' 'qb_years_before_first' 'qb_years_before_last']. At least one non-missing value is needed for imputation with strategy='median'.
  warnings.warn(
/opt/hostedtoolcache/Python/3.12.13/x64/lib/python3.12/site-packages/sklearn/impute/_base.py:647: UserWarning: Skipping features without any observed values: ['pass_EPAplay_final' 'pass_EPAplay_peak' 'pass_EPAplay_mean'
 'pass_EPAplay_expadj_peak' 'pass_success_final' 'pass_success_peak'
 'pass_success_mean' 'pass_success_expadj_peak' 'qb_rush_share_final'
 'qb_rush_share_peak' 'qb_rush_share_mean' 'qb_rush_share_expadj_peak'
 'qb_EPAplay_final' 'qb_EPAplay_peak' 'qb_EPAplay_mean'
 'qb_EPAplay_expadj_peak' 'qb_success_final' 'qb_success_peak'
 'qb_success_mean' 'qb_success_expadj_peak' 'pass_EPAplay_slope'
 'pass_EPAplay_early_peak' 'pass_success_slope' 'pass_success_early_peak'
 'qb_rush_share_slope' 'qb_rush_share_early_peak' 'qb_EPAplay_slope'
 'qb_EPAplay_early_peak' 'qb_success_slope' 'qb_success_early_peak'
 'pass_seasons' 'pass_years_before_first' 'pass_years_before_last'
 'qb_seasons' 'qb_years_before_first' 'qb_years_before_last']. At least one non-missing value is needed for imputation with strategy='median'.
  warnings.warn(
/opt/hostedtoolcache/Python/3.12.13/x64/lib/python3.12/site-packages/sklearn/impute/_base.py:647: UserWarning: Skipping features without any observed values: ['pass_EPAplay_final' 'pass_EPAplay_peak' 'pass_EPAplay_mean'
 'pass_EPAplay_expadj_peak' 'pass_success_final' 'pass_success_peak'
 'pass_success_mean' 'pass_success_expadj_peak' 'qb_rush_share_final'
 'qb_rush_share_peak' 'qb_rush_share_mean' 'qb_rush_share_expadj_peak'
 'qb_EPAplay_final' 'qb_EPAplay_peak' 'qb_EPAplay_mean'
 'qb_EPAplay_expadj_peak' 'qb_success_final' 'qb_success_peak'
 'qb_success_mean' 'qb_success_expadj_peak' 'pass_EPAplay_slope'
 'pass_EPAplay_early_peak' 'pass_success_slope' 'pass_success_early_peak'
 'qb_rush_share_slope' 'qb_rush_share_early_peak' 'qb_EPAplay_slope'
 'qb_EPAplay_early_peak' 'qb_success_slope' 'qb_success_early_peak'
 'pass_seasons' 'pass_years_before_first' 'pass_years_before_last'
 'qb_seasons' 'qb_years_before_first' 'qb_years_before_last']. At least one non-missing value is needed for imputation with strategy='median'.
  warnings.warn(
/opt/hostedtoolcache/Python/3.12.13/x64/lib/python3.12/site-packages/sklearn/impute/_base.py:647: UserWarning: Skipping features without any observed values: ['pass_EPAplay_final' 'pass_EPAplay_peak' 'pass_EPAplay_mean'
 'pass_EPAplay_expadj_peak' 'pass_success_final' 'pass_success_peak'
 'pass_success_mean' 'pass_success_expadj_peak' 'qb_rush_share_final'
 'qb_rush_share_peak' 'qb_rush_share_mean' 'qb_rush_share_expadj_peak'
 'qb_EPAplay_final' 'qb_EPAplay_peak' 'qb_EPAplay_mean'
 'qb_EPAplay_expadj_peak' 'qb_success_final' 'qb_success_peak'
 'qb_success_mean' 'qb_success_expadj_peak' 'pass_EPAplay_slope'
 'pass_EPAplay_early_peak' 'pass_success_slope' 'pass_success_early_peak'
 'qb_rush_share_slope' 'qb_rush_share_early_peak' 'qb_EPAplay_slope'
 'qb_EPAplay_early_peak' 'qb_success_slope' 'qb_success_early_peak'
 'pass_seasons' 'pass_years_before_first' 'pass_years_before_last'
 'qb_seasons' 'qb_years_before_first' 'qb_years_before_last']. At least one non-missing value is needed for imputation with strategy='median'.
  warnings.warn(
/opt/hostedtoolcache/Python/3.12.13/x64/lib/python3.12/site-packages/sklearn/impute/_base.py:647: UserWarning: Skipping features without any observed values: ['pass_EPAplay_final' 'pass_EPAplay_peak' 'pass_EPAplay_mean'
 'pass_EPAplay_expadj_peak' 'pass_success_final' 'pass_success_peak'
 'pass_success_mean' 'pass_success_expadj_peak' 'qb_rush_share_final'
 'qb_rush_share_peak' 'qb_rush_share_mean' 'qb_rush_share_expadj_peak'
 'qb_EPAplay_final' 'qb_EPAplay_peak' 'qb_EPAplay_mean'
 'qb_EPAplay_expadj_peak' 'qb_success_final' 'qb_success_peak'
 'qb_success_mean' 'qb_success_expadj_peak' 'pass_EPAplay_slope'
 'pass_EPAplay_early_peak' 'pass_success_slope' 'pass_success_early_peak'
 'qb_rush_share_slope' 'qb_rush_share_early_peak' 'qb_EPAplay_slope'
 'qb_EPAplay_early_peak' 'qb_success_slope' 'qb_success_early_peak'
 'pass_seasons' 'pass_years_before_first' 'pass_years_before_last'
 'qb_seasons' 'qb_years_before_first' 'qb_years_before_last']. At least one non-missing value is needed for imputation with strategy='median'.
  warnings.warn(
/opt/hostedtoolcache/Python/3.12.13/x64/lib/python3.12/site-packages/sklearn/impute/_base.py:647: UserWarning: Skipping features without any observed values: ['pass_EPAplay_final' 'pass_EPAplay_peak' 'pass_EPAplay_mean'
 'pass_EPAplay_expadj_peak' 'pass_success_final' 'pass_success_peak'
 'pass_success_mean' 'pass_success_expadj_peak' 'qb_rush_share_final'
 'qb_rush_share_peak' 'qb_rush_share_mean' 'qb_rush_share_expadj_peak'
 'qb_EPAplay_final' 'qb_EPAplay_peak' 'qb_EPAplay_mean'
 'qb_EPAplay_expadj_peak' 'qb_success_final' 'qb_success_peak'
 'qb_success_mean' 'qb_success_expadj_peak' 'pass_EPAplay_slope'
 'pass_EPAplay_early_peak' 'pass_success_slope' 'pass_success_early_peak'
 'qb_rush_share_slope' 'qb_rush_share_early_peak' 'qb_EPAplay_slope'
 'qb_EPAplay_early_peak' 'qb_success_slope' 'qb_success_early_peak'
 'pass_seasons' 'pass_years_before_first' 'pass_years_before_last'
 'qb_seasons' 'qb_years_before_first' 'qb_years_before_last']. At least one non-missing value is needed for imputation with strategy='median'.
  warnings.warn(
/opt/hostedtoolcache/Python/3.12.13/x64/lib/python3.12/site-packages/sklearn/impute/_base.py:647: UserWarning: Skipping features without any observed values: ['pass_EPAplay_final' 'pass_EPAplay_peak' 'pass_EPAplay_mean'
 'pass_EPAplay_expadj_peak' 'pass_success_final' 'pass_success_peak'
 'pass_success_mean' 'pass_success_expadj_peak' 'qb_rush_share_final'
 'qb_rush_share_peak' 'qb_rush_share_mean' 'qb_rush_share_expadj_peak'
 'qb_EPAplay_final' 'qb_EPAplay_peak' 'qb_EPAplay_mean'
 'qb_EPAplay_expadj_peak' 'qb_success_final' 'qb_success_peak'
 'qb_success_mean' 'qb_success_expadj_peak' 'pass_EPAplay_slope'
 'pass_EPAplay_early_peak' 'pass_success_slope' 'pass_success_early_peak'
 'qb_rush_share_slope' 'qb_rush_share_early_peak' 'qb_EPAplay_slope'
 'qb_EPAplay_early_peak' 'qb_success_slope' 'qb_success_early_peak'
 'pass_seasons' 'pass_years_before_first' 'pass_years_before_last'
 'qb_seasons' 'qb_years_before_first' 'qb_years_before_last']. At least one non-missing value is needed for imputation with strategy='median'.
  warnings.warn(
/opt/hostedtoolcache/Python/3.12.13/x64/lib/python3.12/site-packages/sklearn/impute/_base.py:647: UserWarning: Skipping features without any observed values: ['pass_EPAplay_final' 'pass_EPAplay_peak' 'pass_EPAplay_mean'
 'pass_EPAplay_expadj_peak' 'pass_success_final' 'pass_success_peak'
 'pass_success_mean' 'pass_success_expadj_peak' 'qb_rush_share_final'
 'qb_rush_share_peak' 'qb_rush_share_mean' 'qb_rush_share_expadj_peak'
 'qb_EPAplay_final' 'qb_EPAplay_peak' 'qb_EPAplay_mean'
 'qb_EPAplay_expadj_peak' 'qb_success_final' 'qb_success_peak'
 'qb_success_mean' 'qb_success_expadj_peak' 'pass_EPAplay_slope'
 'pass_EPAplay_early_peak' 'pass_success_slope' 'pass_success_early_peak'
 'qb_rush_share_slope' 'qb_rush_share_early_peak' 'qb_EPAplay_slope'
 'qb_EPAplay_early_peak' 'qb_success_slope' 'qb_success_early_peak'
 'pass_seasons' 'pass_years_before_first' 'pass_years_before_last'
 'qb_seasons' 'qb_years_before_first' 'qb_years_before_last']. At least one non-missing value is needed for imputation with strategy='median'.
  warnings.warn(
/opt/hostedtoolcache/Python/3.12.13/x64/lib/python3.12/site-packages/sklearn/impute/_base.py:647: UserWarning: Skipping features without any observed values: ['pass_EPAplay_final' 'pass_EPAplay_peak' 'pass_EPAplay_mean'
 'pass_EPAplay_expadj_peak' 'pass_success_final' 'pass_success_peak'
 'pass_success_mean' 'pass_success_expadj_peak' 'qb_rush_share_final'
 'qb_rush_share_peak' 'qb_rush_share_mean' 'qb_rush_share_expadj_peak'
 'qb_EPAplay_final' 'qb_EPAplay_peak' 'qb_EPAplay_mean'
 'qb_EPAplay_expadj_peak' 'qb_success_final' 'qb_success_peak'
 'qb_success_mean' 'qb_success_expadj_peak' 'pass_EPAplay_slope'
 'pass_EPAplay_early_peak' 'pass_success_slope' 'pass_success_early_peak'
 'qb_rush_share_slope' 'qb_rush_share_early_peak' 'qb_EPAplay_slope'
 'qb_EPAplay_early_peak' 'qb_success_slope' 'qb_success_early_peak'
 'pass_seasons' 'pass_years_before_first' 'pass_years_before_last'
 'qb_seasons' 'qb_years_before_first' 'qb_years_before_last']. At least one non-missing value is needed for imputation with strategy='median'.
  warnings.warn(
/opt/hostedtoolcache/Python/3.12.13/x64/lib/python3.12/site-packages/sklearn/impute/_base.py:647: UserWarning: Skipping features without any observed values: ['pass_playsgame_final' 'pass_playsgame_peak' 'pass_playsgame_mean'
 'pass_playsgame_expadj_peak' 'pass_EPAplay_final' 'pass_EPAplay_peak'
 'pass_EPAplay_mean' 'pass_EPAplay_expadj_peak' 'pass_EPAgame_final'
 'pass_EPAgame_peak' 'pass_EPAgame_mean' 'pass_EPAgame_expadj_peak'
 'pass_yardsplay_final' 'pass_yardsplay_peak' 'pass_yardsplay_mean'
 'pass_yardsplay_expadj_peak' 'pass_yardsgame_final' 'pass_yardsgame_peak'
 'pass_yardsgame_mean' 'pass_yardsgame_expadj_peak' 'pass_success_final'
 'pass_success_peak' 'pass_success_mean' 'pass_success_expadj_peak'
 'pass_comppct_final' 'pass_comppct_peak' 'pass_comppct_mean'
 'pass_comppct_expadj_peak' 'pass_passing_td_final' 'pass_passing_td_peak'
 'pass_passing_td_mean' 'pass_passing_td_expadj_peak' 'pass_sacked_final'
 'pass_sacked_peak' 'pass_sacked_mean' 'pass_sacked_expadj_peak'
 'pass_pass_int_final' 'pass_pass_int_peak' 'pass_pass_int_mean'
 'pass_pass_int_expadj_peak' 'pass_yardsdropback_final'
 'pass_yardsdropback_peak' 'pass_yardsdropback_mean'
 'pass_yardsdropback_expadj_peak' 'pass_dropbacks_final'
 'pass_dropbacks_peak' 'pass_dropbacks_mean' 'pass_dropbacks_expadj_peak'
 'pass_sack_rate_final' 'pass_sack_rate_peak' 'pass_sack_rate_mean'
 'pass_sack_rate_expadj_peak' 'pass_int_rate_final' 'pass_int_rate_peak'
 'pass_int_rate_mean' 'pass_int_rate_expadj_peak'
 'pass_pass_td_rate_final' 'pass_pass_td_rate_peak'
 'pass_pass_td_rate_mean' 'pass_pass_td_rate_expadj_peak'
 'pass_comp_per_game_final' 'pass_comp_per_game_peak'
 'pass_comp_per_game_mean' 'pass_comp_per_game_expadj_peak'
 'pass_power_conf_final' 'pass_power_conf_peak' 'pass_power_conf_mean'
 'pass_power_conf_expadj_peak' 'rush_playsgame_final'
 'rush_playsgame_peak' 'rush_playsgame_mean' 'rush_playsgame_expadj_peak'
 'rush_EPAplay_final' 'rush_EPAplay_peak' 'rush_EPAplay_mean'
 'rush_EPAplay_expadj_peak' 'rush_EPAgame_final' 'rush_EPAgame_peak'
 'rush_EPAgame_mean' 'rush_EPAgame_expadj_peak' 'rush_yardsplay_final'
 'rush_yardsplay_peak' 'rush_yardsplay_mean' 'rush_yardsplay_expadj_peak'
 'rush_yardsgame_final' 'rush_yardsgame_peak' 'rush_yardsgame_mean'
 'rush_yardsgame_expadj_peak' 'rush_success_final' 'rush_success_peak'
 'rush_success_mean' 'rush_success_expadj_peak' 'rush_rushing_td_final'
 'rush_rushing_td_peak' 'rush_rushing_td_mean'
 'rush_rushing_td_expadj_peak' 'rush_fumbles_final' 'rush_fumbles_peak'
 'rush_fumbles_mean' 'rush_fumbles_expadj_peak' 'rush_rush_share_final'
 'rush_rush_share_peak' 'rush_rush_share_mean'
 'rush_rush_share_expadj_peak' 'rush_rush_yard_share_final'
 'rush_rush_yard_share_peak' 'rush_rush_yard_share_mean'
 'rush_rush_yard_share_expadj_peak' 'rush_rush_td_share_final'
 'rush_rush_td_share_peak' 'rush_rush_td_share_mean'
 'rush_rush_td_share_expadj_peak' 'rush_rush_td_per_game_final'
 'rush_rush_td_per_game_peak' 'rush_rush_td_per_game_mean'
 'rush_rush_td_per_game_expadj_peak' 'rush_rush_td_rate_final'
 'rush_rush_td_rate_peak' 'rush_rush_td_rate_mean'
 'rush_rush_td_rate_expadj_peak' 'rush_power_conf_final'
 'rush_power_conf_peak' 'rush_power_conf_mean'
 'rush_power_conf_expadj_peak' 'qb_qb_rush_fantasy_pg_final'
 'qb_qb_rush_fantasy_pg_peak' 'qb_qb_rush_fantasy_pg_mean'
 'qb_qb_rush_fantasy_pg_expadj_peak' 'qb_rush_share_final'
 'qb_rush_share_peak' 'qb_rush_share_mean' 'qb_rush_share_expadj_peak'
 'qb_yardsgame_final' 'qb_yardsgame_peak' 'qb_yardsgame_mean'
 'qb_yardsgame_expadj_peak' 'qb_EPAplay_final' 'qb_EPAplay_peak'
 'qb_EPAplay_mean' 'qb_EPAplay_expadj_peak' 'qb_success_final'
 'qb_success_peak' 'qb_success_mean' 'qb_success_expadj_peak'
 'rb_scrim_yards_final' 'rb_scrim_yards_peak' 'rb_scrim_yards_mean'
 'rb_scrim_yards_expadj_peak' 'rb_scrim_ypg_final' 'rb_scrim_ypg_peak'
 'rb_scrim_ypg_mean' 'rb_scrim_ypg_expadj_peak' 'rush_playsgame_slope'
 'rush_playsgame_early_peak' 'rush_EPAplay_slope'
 'rush_EPAplay_early_peak' 'rush_EPAgame_slope' 'rush_EPAgame_early_peak'
 'rush_yardsplay_slope' 'rush_yardsplay_early_peak' 'rush_yardsgame_slope'
 'rush_yardsgame_early_peak' 'rush_success_slope'
 'rush_success_early_peak' 'rush_rushing_td_slope'
 'rush_rushing_td_early_peak' 'rush_fumbles_slope'
 'rush_fumbles_early_peak' 'rush_rush_share_slope'
 'rush_rush_share_early_peak' 'rush_rush_yard_share_slope'
 'rush_rush_yard_share_early_peak' 'rush_rush_td_share_slope'
 'rush_rush_td_share_early_peak' 'rush_rush_td_per_game_slope'
 'rush_rush_td_per_game_early_peak' 'rush_rush_td_rate_slope'
 'rush_rush_td_rate_early_peak' 'rush_power_conf_slope'
 'rush_power_conf_early_peak' 'rb_scrim_yards_slope'
 'rb_scrim_yards_early_peak' 'rb_scrim_ypg_slope'
 'rb_scrim_ypg_early_peak' 'pass_playsgame_slope'
 'pass_playsgame_early_peak' 'pass_EPAplay_slope'
 'pass_EPAplay_early_peak' 'pass_EPAgame_slope' 'pass_EPAgame_early_peak'
 'pass_yardsplay_slope' 'pass_yardsplay_early_peak' 'pass_yardsgame_slope'
 'pass_yardsgame_early_peak' 'pass_success_slope'
 'pass_success_early_peak' 'pass_comppct_slope' 'pass_comppct_early_peak'
 'pass_passing_td_slope' 'pass_passing_td_early_peak' 'pass_sacked_slope'
 'pass_sacked_early_peak' 'pass_pass_int_slope' 'pass_pass_int_early_peak'
 'pass_yardsdropback_slope' 'pass_yardsdropback_early_peak'
 'pass_dropbacks_slope' 'pass_dropbacks_early_peak' 'pass_sack_rate_slope'
 'pass_sack_rate_early_peak' 'pass_int_rate_slope'
 'pass_int_rate_early_peak' 'pass_pass_td_rate_slope'
 'pass_pass_td_rate_early_peak' 'pass_comp_per_game_slope'
 'pass_comp_per_game_early_peak' 'pass_power_conf_slope'
 'pass_power_conf_early_peak' 'qb_qb_rush_fantasy_pg_slope'
 'qb_qb_rush_fantasy_pg_early_peak' 'qb_rush_share_slope'
 'qb_rush_share_early_peak' 'qb_yardsgame_slope' 'qb_yardsgame_early_peak'
 'qb_EPAplay_slope' 'qb_EPAplay_early_peak' 'qb_success_slope'
 'qb_success_early_peak' 'pass_seasons' 'pass_years_before_first'
 'pass_years_before_last' 'rush_seasons' 'rush_years_before_first'
 'rush_years_before_last' 'qb_seasons' 'qb_years_before_first'
 'qb_years_before_last' 'rb_seasons' 'rb_years_before_first'
 'rb_years_before_last']. At least one non-missing value is needed for imputation with strategy='median'.
  warnings.warn(
/opt/hostedtoolcache/Python/3.12.13/x64/lib/python3.12/site-packages/sklearn/impute/_base.py:647: UserWarning: Skipping features without any observed values: ['pass_playsgame_final' 'pass_playsgame_peak' 'pass_playsgame_mean'
 'pass_playsgame_expadj_peak' 'pass_EPAplay_final' 'pass_EPAplay_peak'
 'pass_EPAplay_mean' 'pass_EPAplay_expadj_peak' 'pass_EPAgame_final'
 'pass_EPAgame_peak' 'pass_EPAgame_mean' 'pass_EPAgame_expadj_peak'
 'pass_yardsplay_final' 'pass_yardsplay_peak' 'pass_yardsplay_mean'
 'pass_yardsplay_expadj_peak' 'pass_yardsgame_final' 'pass_yardsgame_peak'
 'pass_yardsgame_mean' 'pass_yardsgame_expadj_peak' 'pass_success_final'
 'pass_success_peak' 'pass_success_mean' 'pass_success_expadj_peak'
 'pass_comppct_final' 'pass_comppct_peak' 'pass_comppct_mean'
 'pass_comppct_expadj_peak' 'pass_passing_td_final' 'pass_passing_td_peak'
 'pass_passing_td_mean' 'pass_passing_td_expadj_peak' 'pass_sacked_final'
 'pass_sacked_peak' 'pass_sacked_mean' 'pass_sacked_expadj_peak'
 'pass_pass_int_final' 'pass_pass_int_peak' 'pass_pass_int_mean'
 'pass_pass_int_expadj_peak' 'pass_yardsdropback_final'
 'pass_yardsdropback_peak' 'pass_yardsdropback_mean'
 'pass_yardsdropback_expadj_peak' 'pass_dropbacks_final'
 'pass_dropbacks_peak' 'pass_dropbacks_mean' 'pass_dropbacks_expadj_peak'
 'pass_sack_rate_final' 'pass_sack_rate_peak' 'pass_sack_rate_mean'
 'pass_sack_rate_expadj_peak' 'pass_int_rate_final' 'pass_int_rate_peak'
 'pass_int_rate_mean' 'pass_int_rate_expadj_peak'
 'pass_pass_td_rate_final' 'pass_pass_td_rate_peak'
 'pass_pass_td_rate_mean' 'pass_pass_td_rate_expadj_peak'
 'pass_comp_per_game_final' 'pass_comp_per_game_peak'
 'pass_comp_per_game_mean' 'pass_comp_per_game_expadj_peak'
 'pass_power_conf_final' 'pass_power_conf_peak' 'pass_power_conf_mean'
 'pass_power_conf_expadj_peak' 'rush_playsgame_final'
 'rush_playsgame_peak' 'rush_playsgame_mean' 'rush_playsgame_expadj_peak'
 'rush_EPAplay_final' 'rush_EPAplay_peak' 'rush_EPAplay_mean'
 'rush_EPAplay_expadj_peak' 'rush_EPAgame_final' 'rush_EPAgame_peak'
 'rush_EPAgame_mean' 'rush_EPAgame_expadj_peak' 'rush_yardsplay_final'
 'rush_yardsplay_peak' 'rush_yardsplay_mean' 'rush_yardsplay_expadj_peak'
 'rush_yardsgame_final' 'rush_yardsgame_peak' 'rush_yardsgame_mean'
 'rush_yardsgame_expadj_peak' 'rush_success_final' 'rush_success_peak'
 'rush_success_mean' 'rush_success_expadj_peak' 'rush_rushing_td_final'
 'rush_rushing_td_peak' 'rush_rushing_td_mean'
 'rush_rushing_td_expadj_peak' 'rush_fumbles_final' 'rush_fumbles_peak'
 'rush_fumbles_mean' 'rush_fumbles_expadj_peak' 'rush_rush_share_final'
 'rush_rush_share_peak' 'rush_rush_share_mean'
 'rush_rush_share_expadj_peak' 'rush_rush_yard_share_final'
 'rush_rush_yard_share_peak' 'rush_rush_yard_share_mean'
 'rush_rush_yard_share_expadj_peak' 'rush_rush_td_share_final'
 'rush_rush_td_share_peak' 'rush_rush_td_share_mean'
 'rush_rush_td_share_expadj_peak' 'rush_rush_td_per_game_final'
 'rush_rush_td_per_game_peak' 'rush_rush_td_per_game_mean'
 'rush_rush_td_per_game_expadj_peak' 'rush_rush_td_rate_final'
 'rush_rush_td_rate_peak' 'rush_rush_td_rate_mean'
 'rush_rush_td_rate_expadj_peak' 'rush_power_conf_final'
 'rush_power_conf_peak' 'rush_power_conf_mean'
 'rush_power_conf_expadj_peak' 'qb_qb_rush_fantasy_pg_final'
 'qb_qb_rush_fantasy_pg_peak' 'qb_qb_rush_fantasy_pg_mean'
 'qb_qb_rush_fantasy_pg_expadj_peak' 'qb_rush_share_final'
 'qb_rush_share_peak' 'qb_rush_share_mean' 'qb_rush_share_expadj_peak'
 'qb_yardsgame_final' 'qb_yardsgame_peak' 'qb_yardsgame_mean'
 'qb_yardsgame_expadj_peak' 'qb_EPAplay_final' 'qb_EPAplay_peak'
 'qb_EPAplay_mean' 'qb_EPAplay_expadj_peak' 'qb_success_final'
 'qb_success_peak' 'qb_success_mean' 'qb_success_expadj_peak'
 'rb_scrim_yards_final' 'rb_scrim_yards_peak' 'rb_scrim_yards_mean'
 'rb_scrim_yards_expadj_peak' 'rb_scrim_ypg_final' 'rb_scrim_ypg_peak'
 'rb_scrim_ypg_mean' 'rb_scrim_ypg_expadj_peak' 'rush_playsgame_slope'
 'rush_playsgame_early_peak' 'rush_EPAplay_slope'
 'rush_EPAplay_early_peak' 'rush_EPAgame_slope' 'rush_EPAgame_early_peak'
 'rush_yardsplay_slope' 'rush_yardsplay_early_peak' 'rush_yardsgame_slope'
 'rush_yardsgame_early_peak' 'rush_success_slope'
 'rush_success_early_peak' 'rush_rushing_td_slope'
 'rush_rushing_td_early_peak' 'rush_fumbles_slope'
 'rush_fumbles_early_peak' 'rush_rush_share_slope'
 'rush_rush_share_early_peak' 'rush_rush_yard_share_slope'
 'rush_rush_yard_share_early_peak' 'rush_rush_td_share_slope'
 'rush_rush_td_share_early_peak' 'rush_rush_td_per_game_slope'
 'rush_rush_td_per_game_early_peak' 'rush_rush_td_rate_slope'
 'rush_rush_td_rate_early_peak' 'rush_power_conf_slope'
 'rush_power_conf_early_peak' 'rb_scrim_yards_slope'
 'rb_scrim_yards_early_peak' 'rb_scrim_ypg_slope'
 'rb_scrim_ypg_early_peak' 'pass_playsgame_slope'
 'pass_playsgame_early_peak' 'pass_EPAplay_slope'
 'pass_EPAplay_early_peak' 'pass_EPAgame_slope' 'pass_EPAgame_early_peak'
 'pass_yardsplay_slope' 'pass_yardsplay_early_peak' 'pass_yardsgame_slope'
 'pass_yardsgame_early_peak' 'pass_success_slope'
 'pass_success_early_peak' 'pass_comppct_slope' 'pass_comppct_early_peak'
 'pass_passing_td_slope' 'pass_passing_td_early_peak' 'pass_sacked_slope'
 'pass_sacked_early_peak' 'pass_pass_int_slope' 'pass_pass_int_early_peak'
 'pass_yardsdropback_slope' 'pass_yardsdropback_early_peak'
 'pass_dropbacks_slope' 'pass_dropbacks_early_peak' 'pass_sack_rate_slope'
 'pass_sack_rate_early_peak' 'pass_int_rate_slope'
 'pass_int_rate_early_peak' 'pass_pass_td_rate_slope'
 'pass_pass_td_rate_early_peak' 'pass_comp_per_game_slope'
 'pass_comp_per_game_early_peak' 'pass_power_conf_slope'
 'pass_power_conf_early_peak' 'qb_qb_rush_fantasy_pg_slope'
 'qb_qb_rush_fantasy_pg_early_peak' 'qb_rush_share_slope'
 'qb_rush_share_early_peak' 'qb_yardsgame_slope' 'qb_yardsgame_early_peak'
 'qb_EPAplay_slope' 'qb_EPAplay_early_peak' 'qb_success_slope'
 'qb_success_early_peak' 'pass_seasons' 'pass_years_before_first'
 'pass_years_before_last' 'rush_seasons' 'rush_years_before_first'
 'rush_years_before_last' 'qb_seasons' 'qb_years_before_first'
 'qb_years_before_last' 'rb_seasons' 'rb_years_before_first'
 'rb_years_before_last']. At least one non-missing value is needed for imputation with strategy='median'.
  warnings.warn(
Traceback (most recent call last):
  File "/opt/hostedtoolcache/Python/3.12.13/x64/lib/python3.12/site-packages/pandas/core/frame.py", line 4913, in _set_value
    self._mgr.column_setitem(icol, iindex, value, inplace_only=True)
  File "/opt/hostedtoolcache/Python/3.12.13/x64/lib/python3.12/site-packages/pandas/core/internals/managers.py", line 1539, in column_setitem
    col_mgr.setitem_inplace(idx, value)
  File "/opt/hostedtoolcache/Python/3.12.13/x64/lib/python3.12/site-packages/pandas/core/internals/managers.py", line 2241, in setitem_inplace
    value = np_can_hold_element(arr.dtype, value)
            ^^^^^^^^^^^^^^^^^^^^^^^^^^^^^^^^^^^^^
  File "/opt/hostedtoolcache/Python/3.12.13/x64/lib/python3.12/site-packages/pandas/core/dtypes/cast.py", line 1750, in np_can_hold_element
    raise LossySetitemError
pandas.errors.LossySetitemError

During handling of the above exception, another exception occurred:

Traceback (most recent call last):
  File "/opt/hostedtoolcache/Python/3.12.13/x64/lib/python3.12/site-packages/pandas/core/internals/blocks.py", line 1115, in setitem
    casted = np_can_hold_element(values.dtype, value)
             ^^^^^^^^^^^^^^^^^^^^^^^^^^^^^^^^^^^^^^^^
  File "/opt/hostedtoolcache/Python/3.12.13/x64/lib/python3.12/site-packages/pandas/core/dtypes/cast.py", line 1750, in np_can_hold_element
    raise LossySetitemError
pandas.errors.LossySetitemError

During handling of the above exception, another exception occurred:

Traceback (most recent call last):
  File "/home/runner/work/fantasy-streaming-dashboard/fantasy-streaming-dashboard/rookie_models/stage5d_attribution.py", line 369, in <module>
    main()
  File "/home/runner/work/fantasy-streaming-dashboard/fantasy-streaming-dashboard/rookie_models/stage5d_attribution.py", line 226, in main
    fb = make_feature_batch(one, valid_features, medians)
         ^^^^^^^^^^^^^^^^^^^^^^^^^^^^^^^^^^^^^^^^^^^^^^^^
  File "/home/runner/work/fantasy-streaming-dashboard/fantasy-streaming-dashboard/rookie_models/stage5d_attribution.py", line 173, in make_feature_batch
    batch.at[i, f] = medians[f]
    ~~~~~~~~^^^^^^
  File "/opt/hostedtoolcache/Python/3.12.13/x64/lib/python3.12/site-packages/pandas/core/indexing.py", line 2592, in __setitem__
    return super().__setitem__(key, value)
           ^^^^^^^^^^^^^^^^^^^^^^^^^^^^^^^
  File "/opt/hostedtoolcache/Python/3.12.13/x64/lib/python3.12/site-packages/pandas/core/indexing.py", line 2542, in __setitem__
    self.obj._set_value(*key, value=value, takeable=self._takeable)
  File "/opt/hostedtoolcache/Python/3.12.13/x64/lib/python3.12/site-packages/pandas/core/frame.py", line 4924, in _set_value
    self.loc[index, col] = value
    ~~~~~~~~^^^^^^^^^^^^
  File "/opt/hostedtoolcache/Python/3.12.13/x64/lib/python3.12/site-packages/pandas/core/indexing.py", line 938, in __setitem__
    iloc._setitem_with_indexer(indexer, value, self.name)
  File "/opt/hostedtoolcache/Python/3.12.13/x64/lib/python3.12/site-packages/pandas/core/indexing.py", line 1953, in _setitem_with_indexer
    self._setitem_with_indexer_split_path(indexer, value, name)
  File "/opt/hostedtoolcache/Python/3.12.13/x64/lib/python3.12/site-packages/pandas/core/indexing.py", line 2044, in _setitem_with_indexer_split_path
    self._setitem_single_column(loc, value, pi)
  File "/opt/hostedtoolcache/Python/3.12.13/x64/lib/python3.12/site-packages/pandas/core/indexing.py", line 2181, in _setitem_single_column
    self.obj._mgr.column_setitem(loc, plane_indexer, value)
  File "/opt/hostedtoolcache/Python/3.12.13/x64/lib/python3.12/site-packages/pandas/core/internals/managers.py", line 1541, in column_setitem
    new_mgr = col_mgr.setitem((idx,), value)
              ^^^^^^^^^^^^^^^^^^^^^^^^^^^^^^
  File "/opt/hostedtoolcache/Python/3.12.13/x64/lib/python3.12/site-packages/pandas/core/internals/managers.py", line 620, in setitem
    return self.apply("setitem", indexer=indexer, value=value)
           ^^^^^^^^^^^^^^^^^^^^^^^^^^^^^^^^^^^^^^^^^^^^^^^^^^^
  File "/opt/hostedtoolcache/Python/3.12.13/x64/lib/python3.12/site-packages/pandas/core/internals/managers.py", line 445, in apply
    applied = getattr(b, f)(**kwargs)
              ^^^^^^^^^^^^^^^^^^^^^^^
  File "/opt/hostedtoolcache/Python/3.12.13/x64/lib/python3.12/site-packages/pandas/core/internals/blocks.py", line 1118, in setitem
    nb = self.coerce_to_target_dtype(value, raise_on_upcast=True)
         ^^^^^^^^^^^^^^^^^^^^^^^^^^^^^^^^^^^^^^^^^^^^^^^^^^^^^^^^
  File "/opt/hostedtoolcache/Python/3.12.13/x64/lib/python3.12/site-packages/pandas/core/internals/blocks.py", line 468, in coerce_to_target_dtype
    raise TypeError(f"Invalid value '{other}' for dtype '{self.values.dtype}'")
TypeError: Invalid value '115.5' for dtype 'int64'
