college_season,draft_year_if_final_college_season,source_date,teamrankings_team,team_key,tr_sos_rank,tr_sos_rating,source_url,tr_sos_rank_pct,tr_sos_z
2007,2008,2008-01-08,Oklahoma,oklahoma,1,8.2,https://www.teamrankings.com/college-football/ranking/schedule-strength-by-other?date=2008-01-08,1.0,1.620105998274557
2007,2008,2008-01-08,Missouri,missouri,2,7.7,https://www.teamrankings.com/college-football/ranking/schedule-strength-by-other?date=2008-01-08,0.9915966386554622,1.5406500885994932
2007,2008,2008-01-08,UCLA,ucla,3,7.5,https://www.teamrankings.com/college-football/ranking/schedule-strength-by-other?date=2008-01-08,0.9831932773109243,1.5088677247294673
2007,2008,2008-01-08,West Virginia,westvirginia,4,7.4,https://www.teamrankings.com/college-football/ranking/schedule-strength-by-other?date=2008-01-08,0.9747899159663865,1.4929765427944546
2007,2008,2008-01-08,Oregon St,oregonst,5,7.2,https://www.teamrankings.com/college-football/ranking/schedule-strength-by-other?date=2008-01-08,0.9663865546218487,1.461194178924429
2007,2008,2008-01-08,Oregon,oregon,6,7.0,https://www.teamrankings.com/college-football/ranking/schedule-strength-by-other?date=2008-01-08,0.957983193277311,1.4294118150544033
2007,2008,2008-01-08,Washington,washington,7,6.8,https://www.teamrankings.com/college-football/ranking/schedule-strength-by-other?date=2008-01-08,0.9495798319327731,1.3976294511843776
2007,2008,2008-01-08,USC,usc,8,6.8,https://www.teamrankings.com/college-football/ranking/schedule-strength-by-other?date=2008-01-08,0.9411764705882353,1.3976294511843776
2007,2008,2008-01-08,LSU,lsu,9,6.5,https://www.teamrankings.com/college-football/ranking/schedule-strength-by-other?date=2008-01-08,0.9327731092436975,1.349955905379339
2007,2008,2008-01-08,Florida,florida,10,6.4,https://www.teamrankings.com/college-football/ranking/schedule-strength-by-other?date=2008-01-08,0.9243697478991597,1.3340647234443264
2007,2008,2008-01-08,Arizona,arizona,11,6.0,https://www.teamrankings.com/college-football/ranking/schedule-strength-by-other?date=2008-01-08,0.9159663865546218,1.270499995704275
2007,2008,2008-01-08,California,california,12,5.7,https://www.teamrankings.com/college-football/ranking/schedule-strength-by-other?date=2008-01-08,0.907563025210084,1.2228264498992367
2007,2008,2008-01-08,S Florida,sflorida,13,5.6,https://www.teamrankings.com/college-football/ranking/schedule-strength-by-other?date=2008-01-08,0.8991596638655462,1.2069352679642238
2007,2008,2008-01-08,Auburn,auburn,14,5.5,https://www.teamrankings.com/college-football/ranking/schedule-strength-by-other?date=2008-01-08,0.8907563025210083,1.191044086029211
2007,2008,2008-01-08,Tennessee,tennessee,15,5.4,https://www.teamrankings.com/college-football/ranking/schedule-strength-by-other?date=2008-01-08,0.8823529411764706,1.1751529040941981
2007,2008,2008-01-08,Arizona St,arizonast,16,5.4,https://www.teamrankings.com/college-football/ranking/schedule-strength-by-other?date=2008-01-08,0.8739495798319328,1.1751529040941981
2007,2008,2008-01-08,Georgia,georgia,17,5.1,https://www.teamrankings.com/college-football/ranking/schedule-strength-by-other?date=2008-01-08,0.865546218487395,1.1274793582891596
2007,2008,2008-01-08,Oklahoma St,oklahomast,18,5.0,https://www.teamrankings.com/college-football/ranking/schedule-strength-by-other?date=2008-01-08,0.8571428571428572,1.1115881763541469
2007,2008,2008-01-08,South Carolina,southcarolina,19,4.7,https://www.teamrankings.com/college-football/ranking/schedule-strength-by-other?date=2008-01-08,0.8487394957983193,1.0639146305491085
2007,2008,2008-01-08,Virginia Tech,virginiatech,20,4.6,https://www.teamrankings.com/college-football/ranking/schedule-strength-by-other?date=2008-01-08,0.8403361344537815,1.0480234486140956
2007,2008,2008-01-08,Texas A&M,texasaandm,21,4.4,https://www.teamrankings.com/college-football/ranking/schedule-strength-by-other?date=2008-01-08,0.8319327731092436,1.01624108474407
2007,2008,2008-01-08,Ohio St,ohiost,22,4.4,https://www.teamrankings.com/college-football/ranking/schedule-strength-by-other?date=2008-01-08,0.8235294117647058,1.01624108474407
2007,2008,2008-01-08,Nebraska,nebraska,23,4.3,https://www.teamrankings.com/college-football/ranking/schedule-strength-by-other?date=2008-01-08,0.8151260504201681,1.0003499028090572
2007,2008,2008-01-08,Kentucky,kentucky,24,4.2,https://www.teamrankings.com/college-football/ranking/schedule-strength-by-other?date=2008-01-08,0.8067226890756303,0.9844587208740444
2007,2008,2008-01-08,Louisville,louisville,25,4.0,https://www.teamrankings.com/college-football/ranking/schedule-strength-by-other?date=2008-01-08,0.7983193277310925,0.9526763570040186
2007,2008,2008-01-08,Texas,texas,26,4.0,https://www.teamrankings.com/college-football/ranking/schedule-strength-by-other?date=2008-01-08,0.7899159663865546,0.9526763570040186
2007,2008,2008-01-08,Kansas,kansas,27,3.9,https://www.teamrankings.com/college-football/ranking/schedule-strength-by-other?date=2008-01-08,0.7815126050420168,0.9367851750690058
2007,2008,2008-01-08,Washington St,washingtonst,28,3.9,https://www.teamrankings.com/college-football/ranking/schedule-strength-by-other?date=2008-01-08,0.773109243697479,0.9367851750690058
2007,2008,2008-01-08,Arkansas,arkansas,29,3.5,https://www.teamrankings.com/college-football/ranking/schedule-strength-by-other?date=2008-01-08,0.7647058823529411,0.8732204473289545
2007,2008,2008-01-08,Florida St,floridast,30,3.4,https://www.teamrankings.com/college-football/ranking/schedule-strength-by-other?date=2008-01-08,0.7563025210084033,0.8573292653939417
2007,2008,2008-01-08,Michigan,michigan,31,3.3,https://www.teamrankings.com/college-football/ranking/schedule-strength-by-other?date=2008-01-08,0.7478991596638656,0.8414380834589289
2007,2008,2008-01-08,Cincinnati,cincinnati,32,3.3,https://www.teamrankings.com/college-football/ranking/schedule-strength-by-other?date=2008-01-08,0.7394957983193278,0.8414380834589289
2007,2008,2008-01-08,Colorado,colorado,33,3.2,https://www.teamrankings.com/college-football/ranking/schedule-strength-by-other?date=2008-01-08,0.73109243697479,0.8255469015239162
2007,2008,2008-01-08,Texas Tech,texastech,34,3.1,https://www.teamrankings.com/college-football/ranking/schedule-strength-by-other?date=2008-01-08,0.7226890756302521,0.8096557195889033
2007,2008,2008-01-08,Stanford,stanford,35,2.7,https://www.teamrankings.com/college-football/ranking/schedule-strength-by-other?date=2008-01-08,0.7142857142857143,0.7460909918488521
2007,2008,2008-01-08,Alabama,alabama,36,2.6,https://www.teamrankings.com/college-football/ranking/schedule-strength-by-other?date=2008-01-08,0.7058823529411764,0.7301998099138391
2007,2008,2008-01-08,Maryland,maryland,37,2.5,https://www.teamrankings.com/college-football/ranking/schedule-strength-by-other?date=2008-01-08,0.6974789915966386,0.7143086279788263
2007,2008,2008-01-08,Kansas St,kansasst,38,2.4,https://www.teamrankings.com/college-football/ranking/schedule-strength-by-other?date=2008-01-08,0.6890756302521008,0.6984174460438134
2007,2008,2008-01-08,Illinois,illinois,39,2.2,https://www.teamrankings.com/college-football/ranking/schedule-strength-by-other?date=2008-01-08,0.680672268907563,0.6666350821737879
2007,2008,2008-01-08,BYU,byu,40,1.9,https://www.teamrankings.com/college-football/ranking/schedule-strength-by-other?date=2008-01-08,0.6722689075630253,0.6189615363687493
2007,2008,2008-01-08,Clemson,clemson,41,1.8,https://www.teamrankings.com/college-football/ranking/schedule-strength-by-other?date=2008-01-08,0.6638655462184874,0.6030703544337366
2007,2008,2008-01-08,Pittsburgh,pittsburgh,42,1.6,https://www.teamrankings.com/college-football/ranking/schedule-strength-by-other?date=2008-01-08,0.6554621848739496,0.5712879905637109
2007,2008,2008-01-08,Boston College,bostoncollege,43,1.6,https://www.teamrankings.com/college-football/ranking/schedule-strength-by-other?date=2008-01-08,0.6470588235294117,0.5712879905637109
2007,2008,2008-01-08,Penn St,pennst,44,1.4,https://www.teamrankings.com/college-football/ranking/schedule-strength-by-other?date=2008-01-08,0.6386554621848739,0.5395056266936852
2007,2008,2008-01-08,Mississippi St,mississippist,45,1.4,https://www.teamrankings.com/college-football/ranking/schedule-strength-by-other?date=2008-01-08,0.6302521008403361,0.5395056266936852
2007,2008,2008-01-08,Notre Dame,notredame,46,1.4,https://www.teamrankings.com/college-football/ranking/schedule-strength-by-other?date=2008-01-08,0.6218487394957983,0.5395056266936852
2007,2008,2008-01-08,UConn,uconn,47,1.1,https://www.teamrankings.com/college-football/ranking/schedule-strength-by-other?date=2008-01-08,0.6134453781512605,0.49183208088864677
2007,2008,2008-01-08,Michigan St,michiganst,48,1.1,https://www.teamrankings.com/college-football/ranking/schedule-strength-by-other?date=2008-01-08,0.6050420168067228,0.49183208088864677
2007,2008,2008-01-08,Duke,duke,49,1.0,https://www.teamrankings.com/college-football/ranking/schedule-strength-by-other?date=2008-01-08,0.5966386554621849,0.475940898953634
2007,2008,2008-01-08,Rutgers,rutgers,50,0.8,https://www.teamrankings.com/college-football/ranking/schedule-strength-by-other?date=2008-01-08,0.5882352941176471,0.44415853508360836
2007,2008,2008-01-08,Utah,utah,51,0.8,https://www.teamrankings.com/college-football/ranking/schedule-strength-by-other?date=2008-01-08,0.5798319327731092,0.44415853508360836
2007,2008,2008-01-08,Mississippi,mississippi,52,0.7,https://www.teamrankings.com/college-football/ranking/schedule-strength-by-other?date=2008-01-08,0.5714285714285714,0.42826735314859554
2007,2008,2008-01-08,Wisconsin,wisconsin,53,0.7,https://www.teamrankings.com/college-football/ranking/schedule-strength-by-other?date=2008-01-08,0.5630252100840336,0.42826735314859554
2007,2008,2008-01-08,Vanderbilt,vanderbilt,54,0.5,https://www.teamrankings.com/college-football/ranking/schedule-strength-by-other?date=2008-01-08,0.5546218487394958,0.3964849892785699
2007,2008,2008-01-08,Syracuse,syracuse,55,0.5,https://www.teamrankings.com/college-football/ranking/schedule-strength-by-other?date=2008-01-08,0.546218487394958,0.3964849892785699
2007,2008,2008-01-08,Wake Forest,wakeforest,56,0.3,https://www.teamrankings.com/college-football/ranking/schedule-strength-by-other?date=2008-01-08,0.5378151260504201,0.36470262540854426
2007,2008,2008-01-08,Virginia,virginia,57,0.2,https://www.teamrankings.com/college-football/ranking/schedule-strength-by-other?date=2008-01-08,0.5294117647058824,0.34881144347353144
2007,2008,2008-01-08,Georgia Tech,georgiatech,58,0.0,https://www.teamrankings.com/college-football/ranking/schedule-strength-by-other?date=2008-01-08,0.5210084033613445,0.3170290796035058
2007,2008,2008-01-08,NC State,ncstate,59,-0.6,https://www.teamrankings.com/college-football/ranking/schedule-strength-by-other?date=2008-01-08,0.5126050420168067,0.22168198799342886
2007,2008,2008-01-08,Colorado St,coloradost,60,-1.0,https://www.teamrankings.com/college-football/ranking/schedule-strength-by-other?date=2008-01-08,0.5042016806722689,0.15811726025337755
2007,2008,2008-01-08,North Carolina,northcarolina,61,-1.1,https://www.teamrankings.com/college-football/ranking/schedule-strength-by-other?date=2008-01-08,0.4957983193277311,0.14222607831836473
2007,2008,2008-01-08,TCU,tcu,62,-1.1,https://www.teamrankings.com/college-football/ranking/schedule-strength-by-other?date=2008-01-08,0.4873949579831933,0.14222607831836473
2007,2008,2008-01-08,UNLV,unlv,63,-1.8,https://www.teamrankings.com/college-football/ranking/schedule-strength-by-other?date=2008-01-08,0.4789915966386554,0.030987804773274976
2007,2008,2008-01-08,Miami,miami,64,-1.8,https://www.teamrankings.com/college-football/ranking/schedule-strength-by-other?date=2008-01-08,0.47058823529411764,0.030987804773274976
2007,2008,2008-01-08,Purdue,purdue,65,-2.0,https://www.teamrankings.com/college-football/ranking/schedule-strength-by-other?date=2008-01-08,0.46218487394957986,-0.0007945590967506595
2007,2008,2008-01-08,Wyoming,wyoming,66,-2.3,https://www.teamrankings.com/college-football/ranking/schedule-strength-by-other?date=2008-01-08,0.45378151260504207,-0.0484681049017891
2007,2008,2008-01-08,Indiana,indiana,67,-2.3,https://www.teamrankings.com/college-football/ranking/schedule-strength-by-other?date=2008-01-08,0.4453781512605042,-0.0484681049017891
2007,2008,2008-01-08,San Diego St,sandiegost,68,-2.3,https://www.teamrankings.com/college-football/ranking/schedule-strength-by-other?date=2008-01-08,0.4369747899159664,-0.0484681049017891
2007,2008,2008-01-08,Iowa St,iowast,69,-2.3,https://www.teamrankings.com/college-football/ranking/schedule-strength-by-other?date=2008-01-08,0.4285714285714286,-0.0484681049017891
2007,2008,2008-01-08,Air Force,airforce,70,-2.4,https://www.teamrankings.com/college-football/ranking/schedule-strength-by-other?date=2008-01-08,0.4201680672268907,-0.06435928683680193
2007,2008,2008-01-08,Minnesota,minnesota,71,-3.2,https://www.teamrankings.com/college-football/ranking/schedule-strength-by-other?date=2008-01-08,0.4117647058823529,-0.19148874231690455
2007,2008,2008-01-08,New Mexico,newmexico,72,-3.4,https://www.teamrankings.com/college-football/ranking/schedule-strength-by-other?date=2008-01-08,0.40336134453781514,-0.22327110618693016
2007,2008,2008-01-08,Iowa,iowa,73,-3.5,https://www.teamrankings.com/college-football/ranking/schedule-strength-by-other?date=2008-01-08,0.39495798319327735,-0.23916228812194298
2007,2008,2008-01-08,Troy,troy,74,-3.6,https://www.teamrankings.com/college-football/ranking/schedule-strength-by-other?date=2008-01-08,0.38655462184873945,-0.25505347005695583
2007,2008,2008-01-08,Fresno St,fresnost,75,-3.8,https://www.teamrankings.com/college-football/ranking/schedule-strength-by-other?date=2008-01-08,0.37815126050420167,-0.2868358339269814
2007,2008,2008-01-08,Baylor,baylor,76,-3.9,https://www.teamrankings.com/college-football/ranking/schedule-strength-by-other?date=2008-01-08,0.3697478991596639,-0.30272701586199424
2007,2008,2008-01-08,Boise St,boisest,77,-4.4,https://www.teamrankings.com/college-football/ranking/schedule-strength-by-other?date=2008-01-08,0.3613445378151261,-0.3821829255370584
2007,2008,2008-01-08,E Carolina,ecarolina,78,-4.5,https://www.teamrankings.com/college-football/ranking/schedule-strength-by-other?date=2008-01-08,0.3529411764705882,-0.39807410747207117
2007,2008,2008-01-08,UCF,ucf,79,-4.5,https://www.teamrankings.com/college-football/ranking/schedule-strength-by-other?date=2008-01-08,0.3445378151260504,-0.39807410747207117
2007,2008,2008-01-08,Northwestern,northwestern,80,-4.9,https://www.teamrankings.com/college-football/ranking/schedule-strength-by-other?date=2008-01-08,0.33613445378151263,-0.4616388352121225
2007,2008,2008-01-08,Hawai'i,hawaii,81,-5.2,https://www.teamrankings.com/college-football/ranking/schedule-strength-by-other?date=2008-01-08,0.32773109243697474,-0.5093123810171609
2007,2008,2008-01-08,Tulsa,tulsa,82,-5.4,https://www.teamrankings.com/college-football/ranking/schedule-strength-by-other?date=2008-01-08,0.31932773109243695,-0.5410947448871867
2007,2008,2008-01-08,Houston,houston,83,-5.6,https://www.teamrankings.com/college-football/ranking/schedule-strength-by-other?date=2008-01-08,0.31092436974789917,-0.5728771087572122
2007,2008,2008-01-08,Ball St,ballst,84,-6.3,https://www.teamrankings.com/college-football/ranking/schedule-strength-by-other?date=2008-01-08,0.3025210084033614,-0.684115382302302
2007,2008,2008-01-08,Southern Miss,southernmiss,85,-6.6,https://www.teamrankings.com/college-football/ranking/schedule-strength-by-other?date=2008-01-08,0.2941176470588235,-0.7317889281073404
2007,2008,2008-01-08,Marshall,marshall,86,-6.9,https://www.teamrankings.com/college-football/ranking/schedule-strength-by-other?date=2008-01-08,0.2857142857142857,-0.779462473912379
2007,2008,2008-01-08,Navy,navy,87,-7.2,https://www.teamrankings.com/college-football/ranking/schedule-strength-by-other?date=2008-01-08,0.2773109243697479,-0.8271360197174173
2007,2008,2008-01-08,C Michigan,cmichigan,88,-7.4,https://www.teamrankings.com/college-football/ranking/schedule-strength-by-other?date=2008-01-08,0.26890756302521013,-0.8589183835874431
2007,2008,2008-01-08,Nevada,nevada,89,-7.9,https://www.teamrankings.com/college-football/ranking/schedule-strength-by-other?date=2008-01-08,0.26050420168067223,-0.9383742932625072
2007,2008,2008-01-08,Florida Atlantic,floridaatlantic,90,-7.9,https://www.teamrankings.com/college-football/ranking/schedule-strength-by-other?date=2008-01-08,0.25210084033613445,-0.9383742932625072
2007,2008,2008-01-08,Utah St,utahst,91,-8.1,https://www.teamrankings.com/college-football/ranking/schedule-strength-by-other?date=2008-01-08,0.24369747899159666,-0.9701566571325327
2007,2008,2008-01-08,UAB,uab,92,-8.6,https://www.teamrankings.com/college-football/ranking/schedule-strength-by-other?date=2008-01-08,0.23529411764705888,-1.0496125668075968
2007,2008,2008-01-08,UTEP,utep,93,-8.7,https://www.teamrankings.com/college-football/ranking/schedule-strength-by-other?date=2008-01-08,0.22689075630252098,-1.0655037487426096
2007,2008,2008-01-08,Louisiana Tech,louisianatech,94,-8.9,https://www.teamrankings.com/college-football/ranking/schedule-strength-by-other?date=2008-01-08,0.2184873949579832,-1.0972861126126354
2007,2008,2008-01-08,San Jose St,sanjosest,95,-8.9,https://www.teamrankings.com/college-football/ranking/schedule-strength-by-other?date=2008-01-08,0.2100840336134454,-1.0972861126126354
2007,2008,2008-01-08,Middle Tenn,middletenn,96,-8.9,https://www.teamrankings.com/college-football/ranking/schedule-strength-by-other?date=2008-01-08,0.2016806722689075,-1.0972861126126354
2007,2008,2008-01-08,W Michigan,wmichigan,97,-8.9,https://www.teamrankings.com/college-football/ranking/schedule-strength-by-other?date=2008-01-08,0.19327731092436973,-1.0972861126126354
2007,2008,2008-01-08,Miami OH,miamioh,98,-9.0,https://www.teamrankings.com/college-football/ranking/schedule-strength-by-other?date=2008-01-08,0.18487394957983194,-1.1131772945476481
2007,2008,2008-01-08,Army,army,99,-9.2,https://www.teamrankings.com/college-football/ranking/schedule-strength-by-other?date=2008-01-08,0.17647058823529416,-1.1449596584176738
2007,2008,2008-01-08,E Michigan,emichigan,100,-9.5,https://www.teamrankings.com/college-football/ranking/schedule-strength-by-other?date=2008-01-08,0.16806722689075626,-1.1926332042227124
2007,2008,2008-01-08,Akron,akron,101,-9.6,https://www.teamrankings.com/college-football/ranking/schedule-strength-by-other?date=2008-01-08,0.15966386554621848,-1.208524386157725
2007,2008,2008-01-08,Bowling Green,bowlinggreen,102,-9.6,https://www.teamrankings.com/college-football/ranking/schedule-strength-by-other?date=2008-01-08,0.1512605042016807,-1.208524386157725
2007,2008,2008-01-08,UL Monroe,ulmonroe,103,-9.6,https://www.teamrankings.com/college-football/ranking/schedule-strength-by-other?date=2008-01-08,0.1428571428571429,-1.208524386157725
2007,2008,2008-01-08,SMU,smu,104,-9.8,https://www.teamrankings.com/college-football/ranking/schedule-strength-by-other?date=2008-01-08,0.134453781512605,-1.240306750027751
2007,2008,2008-01-08,Buffalo,buffalo,105,-10.6,https://www.teamrankings.com/college-football/ranking/schedule-strength-by-other?date=2008-01-08,0.12605042016806722,-1.3674362055078533
2007,2008,2008-01-08,Toledo,toledo,106,-10.9,https://www.teamrankings.com/college-football/ranking/schedule-strength-by-other?date=2008-01-08,0.11764705882352944,-1.4151097513128919
2007,2008,2008-01-08,Rice,rice,107,-10.9,https://www.teamrankings.com/college-football/ranking/schedule-strength-by-other?date=2008-01-08,0.10924369747899154,-1.4151097513128919
2007,2008,2008-01-08,Arkansas St,arkansasst,108,-11.0,https://www.teamrankings.com/college-football/ranking/schedule-strength-by-other?date=2008-01-08,0.10084033613445376,-1.4310009332479048
2007,2008,2008-01-08,Florida Intl,floridaintl,109,-11.2,https://www.teamrankings.com/college-football/ranking/schedule-strength-by-other?date=2008-01-08,0.09243697478991597,-1.4627832971179302
2007,2008,2008-01-08,Temple,temple,110,-11.4,https://www.teamrankings.com/college-football/ranking/schedule-strength-by-other?date=2008-01-08,0.08403361344537819,-1.494565660987956
2007,2008,2008-01-08,Tulane,tulane,111,-11.7,https://www.teamrankings.com/college-football/ranking/schedule-strength-by-other?date=2008-01-08,0.07563025210084029,-1.5422392067929944
2007,2008,2008-01-08,N Texas,ntexas,112,-11.9,https://www.teamrankings.com/college-football/ranking/schedule-strength-by-other?date=2008-01-08,0.0672268907563025,-1.57402157066302
2007,2008,2008-01-08,Idaho,idaho,113,-12.4,https://www.teamrankings.com/college-football/ranking/schedule-strength-by-other?date=2008-01-08,0.05882352941176472,-1.6534774803380843
2007,2008,2008-01-08,N Illinois,nillinois,114,-12.5,https://www.teamrankings.com/college-football/ranking/schedule-strength-by-other?date=2008-01-08,0.050420168067226934,-1.669368662273097
2007,2008,2008-01-08,Kent St,kentst,115,-12.5,https://www.teamrankings.com/college-football/ranking/schedule-strength-by-other?date=2008-01-08,0.04201680672268904,-1.669368662273097
2007,2008,2008-01-08,Memphis,memphis,116,-12.6,https://www.teamrankings.com/college-football/ranking/schedule-strength-by-other?date=2008-01-08,0.03361344537815125,-1.6852598442081097
2007,2008,2008-01-08,Louisiana,louisiana,117,-12.6,https://www.teamrankings.com/college-football/ranking/schedule-strength-by-other?date=2008-01-08,0.025210084033613467,-1.6852598442081097
2007,2008,2008-01-08,Ohio,ohio,118,-13.0,https://www.teamrankings.com/college-football/ranking/schedule-strength-by-other?date=2008-01-08,0.01680672268907568,-1.7488245719481612
2007,2008,2008-01-08,New Mexico St,newmexicost,119,-13.2,https://www.teamrankings.com/college-football/ranking/schedule-strength-by-other?date=2008-01-08,0.008403361344537785,-1.7806069358181866
2007,2008,2008-01-08,W Kentucky,wkentucky,120,-15.2,https://www.teamrankings.com/college-football/ranking/schedule-strength-by-other?date=2008-01-08,0.0,-2.098430574518443
2008,2009,2009-01-09,Oklahoma,oklahoma,1,13.9,https://www.teamrankings.com/college-football/ranking/schedule-strength-by-other?date=2009-01-09,1.0,2.7199837138251515
2008,2009,2009-01-09,Florida,florida,2,11.2,https://www.teamrankings.com/college-football/ranking/schedule-strength-by-other?date=2009-01-09,0.9915966386554622,2.2554458806696247
2008,2009,2009-01-09,Texas,texas,3,10.8,https://www.teamrankings.com/college-football/ranking/schedule-strength-by-other?date=2009-01-09,0.9831932773109243,2.1866254609428806
2008,2009,2009-01-09,USC,usc,4,10.6,https://www.teamrankings.com/college-football/ranking/schedule-strength-by-other?date=2009-01-09,0.9747899159663865,2.152215251079508
2008,2009,2009-01-09,Penn St,pennst,5,8.9,https://www.teamrankings.com/college-football/ranking/schedule-strength-by-other?date=2009-01-09,0.9663865546218487,1.8597284672408434
2008,2009,2009-01-09,Oregon,oregon,6,8.2,https://www.teamrankings.com/college-football/ranking/schedule-strength-by-other?date=2009-01-09,0.957983193277311,1.7392927327190402
2008,2009,2009-01-09,Ohio St,ohiost,7,8.1,https://www.teamrankings.com/college-football/ranking/schedule-strength-by-other?date=2009-01-09,0.9495798319327731,1.722087627787354
2008,2009,2009-01-09,Oregon St,oregonst,8,8.1,https://www.teamrankings.com/college-football/ranking/schedule-strength-by-other?date=2009-01-09,0.9411764705882353,1.722087627787354
2008,2009,2009-01-09,Oklahoma St,oklahomast,9,7.4,https://www.teamrankings.com/college-football/ranking/schedule-strength-by-other?date=2009-01-09,0.9327731092436975,1.601651893265551
2008,2009,2009-01-09,Texas Tech,texastech,10,7.1,https://www.teamrankings.com/college-football/ranking/schedule-strength-by-other?date=2009-01-09,0.9243697478991597,1.5500365784704924
2008,2009,2009-01-09,Missouri,missouri,11,6.5,https://www.teamrankings.com/college-football/ranking/schedule-strength-by-other?date=2009-01-09,0.9159663865546218,1.4468059488803755
2008,2009,2009-01-09,Alabama,alabama,12,5.8,https://www.teamrankings.com/college-football/ranking/schedule-strength-by-other?date=2009-01-09,0.907563025210084,1.3263702143585723
2008,2009,2009-01-09,California,california,13,5.4,https://www.teamrankings.com/college-football/ranking/schedule-strength-by-other?date=2009-01-09,0.8991596638655462,1.2575497946318277
2008,2009,2009-01-09,TCU,tcu,14,5.3,https://www.teamrankings.com/college-football/ranking/schedule-strength-by-other?date=2009-01-09,0.8907563025210083,1.2403446897001413
2008,2009,2009-01-09,Georgia,georgia,15,4.7,https://www.teamrankings.com/college-football/ranking/schedule-strength-by-other?date=2009-01-09,0.8823529411764706,1.1371140601100245
2008,2009,2009-01-09,Mississippi,mississippi,16,4.6,https://www.teamrankings.com/college-football/ranking/schedule-strength-by-other?date=2009-01-09,0.8739495798319328,1.1199089551783383
2008,2009,2009-01-09,Stanford,stanford,17,4.5,https://www.teamrankings.com/college-football/ranking/schedule-strength-by-other?date=2009-01-09,0.865546218487395,1.1027038502466522
2008,2009,2009-01-09,Arizona,arizona,18,4.5,https://www.teamrankings.com/college-football/ranking/schedule-strength-by-other?date=2009-01-09,0.8571428571428572,1.1027038502466522
2008,2009,2009-01-09,Kansas,kansas,19,3.8,https://www.teamrankings.com/college-football/ranking/schedule-strength-by-other?date=2009-01-09,0.8487394957983193,0.982268115724849
2008,2009,2009-01-09,Michigan St,michiganst,20,3.0,https://www.teamrankings.com/college-football/ranking/schedule-strength-by-other?date=2009-01-09,0.8403361344537815,0.8446272762713597
2008,2009,2009-01-09,Pittsburgh,pittsburgh,21,2.8,https://www.teamrankings.com/college-football/ranking/schedule-strength-by-other?date=2009-01-09,0.8319327731092436,0.8102170664079874
2008,2009,2009-01-09,South Carolina,southcarolina,22,2.8,https://www.teamrankings.com/college-football/ranking/schedule-strength-by-other?date=2009-01-09,0.8235294117647058,0.8102170664079874
2008,2009,2009-01-09,Baylor,baylor,23,2.5,https://www.teamrankings.com/college-football/ranking/schedule-strength-by-other?date=2009-01-09,0.8151260504201681,0.758601751612929
2008,2009,2009-01-09,Florida St,floridast,24,2.4,https://www.teamrankings.com/college-football/ranking/schedule-strength-by-other?date=2009-01-09,0.8067226890756303,0.7413966466812428
2008,2009,2009-01-09,Nebraska,nebraska,25,2.2,https://www.teamrankings.com/college-football/ranking/schedule-strength-by-other?date=2009-01-09,0.7983193277310925,0.7069864368178704
2008,2009,2009-01-09,Arkansas,arkansas,26,2.1,https://www.teamrankings.com/college-football/ranking/schedule-strength-by-other?date=2009-01-09,0.7899159663865546,0.6897813318861844
2008,2009,2009-01-09,Arizona St,arizonast,27,2.1,https://www.teamrankings.com/college-football/ranking/schedule-strength-by-other?date=2009-01-09,0.7815126050420168,0.6897813318861844
2008,2009,2009-01-09,LSU,lsu,28,1.9,https://www.teamrankings.com/college-football/ranking/schedule-strength-by-other?date=2009-01-09,0.773109243697479,0.655371122022812
2008,2009,2009-01-09,Vanderbilt,vanderbilt,29,1.9,https://www.teamrankings.com/college-football/ranking/schedule-strength-by-other?date=2009-01-09,0.7647058823529411,0.655371122022812
2008,2009,2009-01-09,Iowa,iowa,30,1.7,https://www.teamrankings.com/college-football/ranking/schedule-strength-by-other?date=2009-01-09,0.7563025210084033,0.6209609121594397
2008,2009,2009-01-09,Purdue,purdue,31,1.6,https://www.teamrankings.com/college-football/ranking/schedule-strength-by-other?date=2009-01-09,0.7478991596638656,0.6037558072277536
2008,2009,2009-01-09,Wake Forest,wakeforest,32,1.5,https://www.teamrankings.com/college-football/ranking/schedule-strength-by-other?date=2009-01-09,0.7394957983193278,0.5865507022960673
2008,2009,2009-01-09,Miami,miami,33,1.4,https://www.teamrankings.com/college-football/ranking/schedule-strength-by-other?date=2009-01-09,0.73109243697479,0.5693455973643813
2008,2009,2009-01-09,Utah,utah,34,1.4,https://www.teamrankings.com/college-football/ranking/schedule-strength-by-other?date=2009-01-09,0.7226890756302521,0.5693455973643813
2008,2009,2009-01-09,UCLA,ucla,35,1.1,https://www.teamrankings.com/college-football/ranking/schedule-strength-by-other?date=2009-01-09,0.7142857142857143,0.5177302825693227
2008,2009,2009-01-09,Clemson,clemson,36,1.1,https://www.teamrankings.com/college-football/ranking/schedule-strength-by-other?date=2009-01-09,0.7058823529411764,0.5177302825693227
2008,2009,2009-01-09,Illinois,illinois,37,1.0,https://www.teamrankings.com/college-football/ranking/schedule-strength-by-other?date=2009-01-09,0.6974789915966386,0.5005251776376365
2008,2009,2009-01-09,Tennessee,tennessee,38,0.9,https://www.teamrankings.com/college-football/ranking/schedule-strength-by-other?date=2009-01-09,0.6890756302521008,0.48332007270595045
2008,2009,2009-01-09,NC State,ncstate,39,0.9,https://www.teamrankings.com/college-football/ranking/schedule-strength-by-other?date=2009-01-09,0.680672268907563,0.48332007270595045
2008,2009,2009-01-09,Virginia,virginia,40,0.9,https://www.teamrankings.com/college-football/ranking/schedule-strength-by-other?date=2009-01-09,0.6722689075630253,0.48332007270595045
2008,2009,2009-01-09,Virginia Tech,virginiatech,41,0.9,https://www.teamrankings.com/college-football/ranking/schedule-strength-by-other?date=2009-01-09,0.6638655462184874,0.48332007270595045
2008,2009,2009-01-09,Boise St,boisest,42,0.7,https://www.teamrankings.com/college-football/ranking/schedule-strength-by-other?date=2009-01-09,0.6554621848739496,0.4489098628425781
2008,2009,2009-01-09,Auburn,auburn,43,0.6,https://www.teamrankings.com/college-football/ranking/schedule-strength-by-other?date=2009-01-09,0.6470588235294117,0.4317047579108919
2008,2009,2009-01-09,Georgia Tech,georgiatech,44,0.5,https://www.teamrankings.com/college-football/ranking/schedule-strength-by-other?date=2009-01-09,0.6386554621848739,0.4144996529792057
2008,2009,2009-01-09,Colorado,colorado,45,0.5,https://www.teamrankings.com/college-football/ranking/schedule-strength-by-other?date=2009-01-09,0.6302521008403361,0.4144996529792057
2008,2009,2009-01-09,North Carolina,northcarolina,46,0.4,https://www.teamrankings.com/college-football/ranking/schedule-strength-by-other?date=2009-01-09,0.6218487394957983,0.3972945480475196
2008,2009,2009-01-09,Wisconsin,wisconsin,47,0.3,https://www.teamrankings.com/college-football/ranking/schedule-strength-by-other?date=2009-01-09,0.6134453781512605,0.3800894431158335
2008,2009,2009-01-09,Michigan,michigan,48,0.1,https://www.teamrankings.com/college-football/ranking/schedule-strength-by-other?date=2009-01-09,0.6050420168067228,0.34567923325246114
2008,2009,2009-01-09,Washington,washington,49,0.0,https://www.teamrankings.com/college-football/ranking/schedule-strength-by-other?date=2009-01-09,0.5966386554621849,0.328474128320775
2008,2009,2009-01-09,Boston College,bostoncollege,50,0.0,https://www.teamrankings.com/college-football/ranking/schedule-strength-by-other?date=2009-01-09,0.5882352941176471,0.328474128320775
2008,2009,2009-01-09,Cincinnati,cincinnati,51,-0.1,https://www.teamrankings.com/college-football/ranking/schedule-strength-by-other?date=2009-01-09,0.5798319327731092,0.3112690233890888
2008,2009,2009-01-09,BYU,byu,52,-0.3,https://www.teamrankings.com/college-football/ranking/schedule-strength-by-other?date=2009-01-09,0.5714285714285714,0.2768588135257165
2008,2009,2009-01-09,Rutgers,rutgers,53,-0.3,https://www.teamrankings.com/college-football/ranking/schedule-strength-by-other?date=2009-01-09,0.5630252100840336,0.2768588135257165
2008,2009,2009-01-09,West Virginia,westvirginia,54,-0.4,https://www.teamrankings.com/college-football/ranking/schedule-strength-by-other?date=2009-01-09,0.5546218487394958,0.2596537085940303
2008,2009,2009-01-09,UConn,uconn,55,-0.4,https://www.teamrankings.com/college-football/ranking/schedule-strength-by-other?date=2009-01-09,0.546218487394958,0.2596537085940303
2008,2009,2009-01-09,Maryland,maryland,56,-0.6,https://www.teamrankings.com/college-football/ranking/schedule-strength-by-other?date=2009-01-09,0.5378151260504201,0.22524349873065805
2008,2009,2009-01-09,Notre Dame,notredame,57,-0.7,https://www.teamrankings.com/college-football/ranking/schedule-strength-by-other?date=2009-01-09,0.5294117647058824,0.20803839379897188
2008,2009,2009-01-09,Duke,duke,58,-1.0,https://www.teamrankings.com/college-football/ranking/schedule-strength-by-other?date=2009-01-09,0.5210084033613445,0.1564230790039134
2008,2009,2009-01-09,S Florida,sflorida,59,-1.2,https://www.teamrankings.com/college-football/ranking/schedule-strength-by-other?date=2009-01-09,0.5126050420168067,0.12201286914054106
2008,2009,2009-01-09,Northwestern,northwestern,60,-1.3,https://www.teamrankings.com/college-football/ranking/schedule-strength-by-other?date=2009-01-09,0.5042016806722689,0.10480776420885489
2008,2009,2009-01-09,Texas A&M,texasaandm,61,-1.3,https://www.teamrankings.com/college-football/ranking/schedule-strength-by-other?date=2009-01-09,0.4957983193277311,0.10480776420885489
2008,2009,2009-01-09,Kentucky,kentucky,62,-1.5,https://www.teamrankings.com/college-football/ranking/schedule-strength-by-other?date=2009-01-09,0.4873949579831933,0.07039755434548257
2008,2009,2009-01-09,Syracuse,syracuse,63,-1.9,https://www.teamrankings.com/college-football/ranking/schedule-strength-by-other?date=2009-01-09,0.4789915966386554,0.0015771346187379535
2008,2009,2009-01-09,Kansas St,kansasst,64,-2.0,https://www.teamrankings.com/college-football/ranking/schedule-strength-by-other?date=2009-01-09,0.47058823529411764,-0.01562797031294822
2008,2009,2009-01-09,Navy,navy,65,-2.0,https://www.teamrankings.com/college-football/ranking/schedule-strength-by-other?date=2009-01-09,0.46218487394957986,-0.01562797031294822
2008,2009,2009-01-09,Minnesota,minnesota,66,-2.1,https://www.teamrankings.com/college-football/ranking/schedule-strength-by-other?date=2009-01-09,0.45378151260504207,-0.0328330752446344
2008,2009,2009-01-09,New Mexico,newmexico,67,-2.4,https://www.teamrankings.com/college-football/ranking/schedule-strength-by-other?date=2009-01-09,0.4453781512605042,-0.08444839003969284
2008,2009,2009-01-09,Mississippi St,mississippist,68,-2.6,https://www.teamrankings.com/college-football/ranking/schedule-strength-by-other?date=2009-01-09,0.4369747899159664,-0.1188585999030652
2008,2009,2009-01-09,Houston,houston,69,-3.2,https://www.teamrankings.com/college-football/ranking/schedule-strength-by-other?date=2009-01-09,0.4285714285714286,-0.22208922949318216
2008,2009,2009-01-09,E Carolina,ecarolina,70,-3.3,https://www.teamrankings.com/college-football/ranking/schedule-strength-by-other?date=2009-01-09,0.4201680672268907,-0.23929433442486828
2008,2009,2009-01-09,Iowa St,iowast,71,-3.3,https://www.teamrankings.com/college-football/ranking/schedule-strength-by-other?date=2009-01-09,0.4117647058823529,-0.23929433442486828
2008,2009,2009-01-09,Louisville,louisville,72,-3.6,https://www.teamrankings.com/college-football/ranking/schedule-strength-by-other?date=2009-01-09,0.40336134453781514,-0.2909096492199268
2008,2009,2009-01-09,Air Force,airforce,73,-3.6,https://www.teamrankings.com/college-football/ranking/schedule-strength-by-other?date=2009-01-09,0.39495798319327735,-0.2909096492199268
2008,2009,2009-01-09,Marshall,marshall,74,-4.3,https://www.teamrankings.com/college-football/ranking/schedule-strength-by-other?date=2009-01-09,0.38655462184873945,-0.4113453837417299
2008,2009,2009-01-09,Colorado St,coloradost,75,-4.3,https://www.teamrankings.com/college-football/ranking/schedule-strength-by-other?date=2009-01-09,0.37815126050420167,-0.4113453837417299
2008,2009,2009-01-09,Troy,troy,76,-4.4,https://www.teamrankings.com/college-football/ranking/schedule-strength-by-other?date=2009-01-09,0.3697478991596639,-0.42855048867341616
2008,2009,2009-01-09,Southern Miss,southernmiss,77,-4.8,https://www.teamrankings.com/college-football/ranking/schedule-strength-by-other?date=2009-01-09,0.3613445378151261,-0.4973709084001607
2008,2009,2009-01-09,Buffalo,buffalo,78,-4.8,https://www.teamrankings.com/college-football/ranking/schedule-strength-by-other?date=2009-01-09,0.3529411764705882,-0.4973709084001607
2008,2009,2009-01-09,Rice,rice,79,-4.9,https://www.teamrankings.com/college-football/ranking/schedule-strength-by-other?date=2009-01-09,0.3445378151260504,-0.514576013331847
2008,2009,2009-01-09,Nevada,nevada,80,-5.6,https://www.teamrankings.com/college-football/ranking/schedule-strength-by-other?date=2009-01-09,0.33613445378151263,-0.63501174785365
2008,2009,2009-01-09,Indiana,indiana,81,-5.9,https://www.teamrankings.com/college-football/ranking/schedule-strength-by-other?date=2009-01-09,0.32773109243697474,-0.6866270626487085
2008,2009,2009-01-09,UTEP,utep,82,-5.9,https://www.teamrankings.com/college-football/ranking/schedule-strength-by-other?date=2009-01-09,0.31932773109243695,-0.6866270626487085
2008,2009,2009-01-09,UNLV,unlv,83,-6.1,https://www.teamrankings.com/college-football/ranking/schedule-strength-by-other?date=2009-01-09,0.31092436974789917,-0.7210372725120807
2008,2009,2009-01-09,Bowling Green,bowlinggreen,84,-6.2,https://www.teamrankings.com/college-football/ranking/schedule-strength-by-other?date=2009-01-09,0.3025210084033614,-0.738242377443767
2008,2009,2009-01-09,Temple,temple,85,-6.6,https://www.teamrankings.com/college-football/ranking/schedule-strength-by-other?date=2009-01-09,0.2941176470588235,-0.8070627971705115
2008,2009,2009-01-09,W Michigan,wmichigan,86,-6.7,https://www.teamrankings.com/college-football/ranking/schedule-strength-by-other?date=2009-01-09,0.2857142857142857,-0.8242679021021978
2008,2009,2009-01-09,Akron,akron,87,-6.7,https://www.teamrankings.com/college-football/ranking/schedule-strength-by-other?date=2009-01-09,0.2773109243697479,-0.8242679021021978
2008,2009,2009-01-09,C Michigan,cmichigan,88,-6.8,https://www.teamrankings.com/college-football/ranking/schedule-strength-by-other?date=2009-01-09,0.26890756302521013,-0.841473007033884
2008,2009,2009-01-09,Tulsa,tulsa,89,-6.9,https://www.teamrankings.com/college-football/ranking/schedule-strength-by-other?date=2009-01-09,0.26050420168067223,-0.8586781119655702
2008,2009,2009-01-09,UCF,ucf,90,-6.9,https://www.teamrankings.com/college-football/ranking/schedule-strength-by-other?date=2009-01-09,0.25210084033613445,-0.8586781119655702
2008,2009,2009-01-09,Fresno St,fresnost,91,-7.0,https://www.teamrankings.com/college-football/ranking/schedule-strength-by-other?date=2009-01-09,0.24369747899159666,-0.8758832168972562
2008,2009,2009-01-09,Toledo,toledo,92,-7.2,https://www.teamrankings.com/college-football/ranking/schedule-strength-by-other?date=2009-01-09,0.23529411764705888,-0.9102934267606286
2008,2009,2009-01-09,N Illinois,nillinois,93,-7.2,https://www.teamrankings.com/college-football/ranking/schedule-strength-by-other?date=2009-01-09,0.22689075630252098,-0.9102934267606286
2008,2009,2009-01-09,SMU,smu,94,-7.4,https://www.teamrankings.com/college-football/ranking/schedule-strength-by-other?date=2009-01-09,0.2184873949579832,-0.9447036366240009
2008,2009,2009-01-09,Utah St,utahst,95,-7.5,https://www.teamrankings.com/college-football/ranking/schedule-strength-by-other?date=2009-01-09,0.2100840336134454,-0.9619087415556871
2008,2009,2009-01-09,UAB,uab,96,-7.6,https://www.teamrankings.com/college-football/ranking/schedule-strength-by-other?date=2009-01-09,0.2016806722689075,-0.9791138464873732
2008,2009,2009-01-09,Washington St,washingtonst,97,-7.8,https://www.teamrankings.com/college-football/ranking/schedule-strength-by-other?date=2009-01-09,0.19327731092436973,-1.0135240563507455
2008,2009,2009-01-09,Hawai'i,hawaii,98,-7.8,https://www.teamrankings.com/college-football/ranking/schedule-strength-by-other?date=2009-01-09,0.18487394957983194,-1.0135240563507455
2008,2009,2009-01-09,Ball St,ballst,99,-7.9,https://www.teamrankings.com/college-football/ranking/schedule-strength-by-other?date=2009-01-09,0.17647058823529416,-1.0307291612824319
2008,2009,2009-01-09,Ohio,ohio,100,-8.0,https://www.teamrankings.com/college-football/ranking/schedule-strength-by-other?date=2009-01-09,0.16806722689075626,-1.0479342662141178
2008,2009,2009-01-09,Florida Atlantic,floridaatlantic,101,-8.2,https://www.teamrankings.com/college-football/ranking/schedule-strength-by-other?date=2009-01-09,0.15966386554621848,-1.08234447607749
2008,2009,2009-01-09,Wyoming,wyoming,102,-8.2,https://www.teamrankings.com/college-football/ranking/schedule-strength-by-other?date=2009-01-09,0.1512605042016807,-1.08234447607749
2008,2009,2009-01-09,Kent St,kentst,103,-8.3,https://www.teamrankings.com/college-football/ranking/schedule-strength-by-other?date=2009-01-09,0.1428571428571429,-1.0995495810091764
2008,2009,2009-01-09,Memphis,memphis,104,-8.5,https://www.teamrankings.com/college-football/ranking/schedule-strength-by-other?date=2009-01-09,0.134453781512605,-1.1339597908725487
2008,2009,2009-01-09,Miami OH,miamioh,105,-8.7,https://www.teamrankings.com/college-football/ranking/schedule-strength-by-other?date=2009-01-09,0.12605042016806722,-1.1683700007359208
2008,2009,2009-01-09,E Michigan,emichigan,106,-8.7,https://www.teamrankings.com/college-football/ranking/schedule-strength-by-other?date=2009-01-09,0.11764705882352944,-1.1683700007359208
2008,2009,2009-01-09,Louisiana,louisiana,107,-8.8,https://www.teamrankings.com/college-football/ranking/schedule-strength-by-other?date=2009-01-09,0.10924369747899154,-1.1855751056676072
2008,2009,2009-01-09,Middle Tenn,middletenn,108,-9.0,https://www.teamrankings.com/college-football/ranking/schedule-strength-by-other?date=2009-01-09,0.10084033613445376,-1.2199853155309794
2008,2009,2009-01-09,Arkansas St,arkansasst,109,-9.0,https://www.teamrankings.com/college-football/ranking/schedule-strength-by-other?date=2009-01-09,0.09243697478991597,-1.2199853155309794
2008,2009,2009-01-09,N Texas,ntexas,110,-9.1,https://www.teamrankings.com/college-football/ranking/schedule-strength-by-other?date=2009-01-09,0.08403361344537819,-1.2371904204626656
2008,2009,2009-01-09,Florida Intl,floridaintl,111,-9.1,https://www.teamrankings.com/college-football/ranking/schedule-strength-by-other?date=2009-01-09,0.07563025210084029,-1.2371904204626656
2008,2009,2009-01-09,Army,army,112,-9.5,https://www.teamrankings.com/college-football/ranking/schedule-strength-by-other?date=2009-01-09,0.0672268907563025,-1.3060108401894102
2008,2009,2009-01-09,Tulane,tulane,113,-9.8,https://www.teamrankings.com/college-football/ranking/schedule-strength-by-other?date=2009-01-09,0.05882352941176472,-1.3576261549844688
2008,2009,2009-01-09,Louisiana Tech,louisianatech,114,-10.0,https://www.teamrankings.com/college-football/ranking/schedule-strength-by-other?date=2009-01-09,0.050420168067226934,-1.3920363648478409
2008,2009,2009-01-09,San Diego St,sandiegost,115,-10.3,https://www.teamrankings.com/college-football/ranking/schedule-strength-by-other?date=2009-01-09,0.04201680672268904,-1.4436516796428995
2008,2009,2009-01-09,San Jose St,sanjosest,116,-10.7,https://www.teamrankings.com/college-football/ranking/schedule-strength-by-other?date=2009-01-09,0.03361344537815125,-1.5124720993696439
2008,2009,2009-01-09,UL Monroe,ulmonroe,117,-11.2,https://www.teamrankings.com/college-football/ranking/schedule-strength-by-other?date=2009-01-09,0.025210084033613467,-1.5984976240280746
2008,2009,2009-01-09,New Mexico St,newmexicost,118,-12.3,https://www.teamrankings.com/college-football/ranking/schedule-strength-by-other?date=2009-01-09,0.01680672268907568,-1.7877537782766226
2008,2009,2009-01-09,W Kentucky,wkentucky,119,-13.3,https://www.teamrankings.com/college-football/ranking/schedule-strength-by-other?date=2009-01-09,0.008403361344537785,-1.9598048275934843
2008,2009,2009-01-09,Idaho,idaho,120,-14.7,https://www.teamrankings.com/college-football/ranking/schedule-strength-by-other?date=2009-01-09,0.0,-2.20067629663709
2009,2010,2010-01-08,Alabama,alabama,1,11.4,https://www.teamrankings.com/college-football/ranking/schedule-strength-by-other?date=2010-01-08,1.0,2.1433455084146513
2009,2010,2010-01-08,Oklahoma,oklahoma,2,10.3,https://www.teamrankings.com/college-football/ranking/schedule-strength-by-other?date=2010-01-08,0.9915966386554622,1.9558436149089626
2009,2010,2010-01-08,Texas,texas,3,9.8,https://www.teamrankings.com/college-football/ranking/schedule-strength-by-other?date=2010-01-08,0.9831932773109243,1.8706154814972857
2009,2010,2010-01-08,Florida,florida,4,8.6,https://www.teamrankings.com/college-football/ranking/schedule-strength-by-other?date=2010-01-08,0.9747899159663865,1.6660679613092613
2009,2010,2010-01-08,Nebraska,nebraska,5,7.4,https://www.teamrankings.com/college-football/ranking/schedule-strength-by-other?date=2010-01-08,0.9663865546218487,1.4615204411212372
2009,2010,2010-01-08,LSU,lsu,6,7.3,https://www.teamrankings.com/college-football/ranking/schedule-strength-by-other?date=2010-01-08,0.957983193277311,1.444474814438902
2009,2010,2010-01-08,Oregon,oregon,7,7.2,https://www.teamrankings.com/college-football/ranking/schedule-strength-by-other?date=2010-01-08,0.9495798319327731,1.4274291877565666
2009,2010,2010-01-08,Arkansas,arkansas,8,6.9,https://www.teamrankings.com/college-football/ranking/schedule-strength-by-other?date=2010-01-08,0.9411764705882353,1.3762923077095603
2009,2010,2010-01-08,Virginia Tech,virginiatech,9,6.8,https://www.teamrankings.com/college-football/ranking/schedule-strength-by-other?date=2010-01-08,0.9327731092436975,1.359246681027225
2009,2010,2010-01-08,Texas Tech,texastech,10,6.5,https://www.teamrankings.com/college-football/ranking/schedule-strength-by-other?date=2010-01-08,0.9243697478991597,1.308109800980219
2009,2010,2010-01-08,Georgia,georgia,11,6.5,https://www.teamrankings.com/college-football/ranking/schedule-strength-by-other?date=2010-01-08,0.9159663865546218,1.308109800980219
2009,2010,2010-01-08,Mississippi St,mississippist,12,6.4,https://www.teamrankings.com/college-football/ranking/schedule-strength-by-other?date=2010-01-08,0.907563025210084,1.2910641742978837
2009,2010,2010-01-08,Miami,miami,13,6.4,https://www.teamrankings.com/college-football/ranking/schedule-strength-by-other?date=2010-01-08,0.8991596638655462,1.2910641742978837
2009,2010,2010-01-08,USC,usc,14,6.0,https://www.teamrankings.com/college-football/ranking/schedule-strength-by-other?date=2010-01-08,0.8907563025210083,1.222881667568542
2009,2010,2010-01-08,Arizona,arizona,15,6.0,https://www.teamrankings.com/college-football/ranking/schedule-strength-by-other?date=2010-01-08,0.8823529411764706,1.222881667568542
2009,2010,2010-01-08,Tennessee,tennessee,16,5.7,https://www.teamrankings.com/college-football/ranking/schedule-strength-by-other?date=2010-01-08,0.8739495798319328,1.171744787521536
2009,2010,2010-01-08,Georgia Tech,georgiatech,17,5.5,https://www.teamrankings.com/college-football/ranking/schedule-strength-by-other?date=2010-01-08,0.865546218487395,1.1376535341568654
2009,2010,2010-01-08,South Carolina,southcarolina,18,5.5,https://www.teamrankings.com/college-football/ranking/schedule-strength-by-other?date=2010-01-08,0.8571428571428572,1.1376535341568654
2009,2010,2010-01-08,Florida St,floridast,19,5.3,https://www.teamrankings.com/college-football/ranking/schedule-strength-by-other?date=2010-01-08,0.8487394957983193,1.1035622807921948
2009,2010,2010-01-08,Stanford,stanford,20,5.1,https://www.teamrankings.com/college-football/ranking/schedule-strength-by-other?date=2010-01-08,0.8403361344537815,1.0694710274275239
2009,2010,2010-01-08,TCU,tcu,21,5.0,https://www.teamrankings.com/college-football/ranking/schedule-strength-by-other?date=2010-01-08,0.8319327731092436,1.0524254007451885
2009,2010,2010-01-08,Oklahoma St,oklahomast,22,4.7,https://www.teamrankings.com/college-football/ranking/schedule-strength-by-other?date=2010-01-08,0.8235294117647058,1.0012885206981825
2009,2010,2010-01-08,Clemson,clemson,23,4.7,https://www.teamrankings.com/college-football/ranking/schedule-strength-by-other?date=2010-01-08,0.8151260504201681,1.0012885206981825
2009,2010,2010-01-08,Auburn,auburn,24,4.4,https://www.teamrankings.com/college-football/ranking/schedule-strength-by-other?date=2010-01-08,0.8067226890756303,0.9501516406511765
2009,2010,2010-01-08,Oregon St,oregonst,25,4.3,https://www.teamrankings.com/college-football/ranking/schedule-strength-by-other?date=2010-01-08,0.7983193277310925,0.9331060139688411
2009,2010,2010-01-08,Washington,washington,26,4.2,https://www.teamrankings.com/college-football/ranking/schedule-strength-by-other?date=2010-01-08,0.7899159663865546,0.9160603872865059
2009,2010,2010-01-08,Mississippi,mississippi,27,4.1,https://www.teamrankings.com/college-football/ranking/schedule-strength-by-other?date=2010-01-08,0.7815126050420168,0.8990147606041704
2009,2010,2010-01-08,Ohio St,ohiost,28,3.8,https://www.teamrankings.com/college-football/ranking/schedule-strength-by-other?date=2010-01-08,0.773109243697479,0.8478778805571644
2009,2010,2010-01-08,Cincinnati,cincinnati,29,3.8,https://www.teamrankings.com/college-football/ranking/schedule-strength-by-other?date=2010-01-08,0.7647058823529411,0.8478778805571644
2009,2010,2010-01-08,Baylor,baylor,30,3.6,https://www.teamrankings.com/college-football/ranking/schedule-strength-by-other?date=2010-01-08,0.7563025210084033,0.8137866271924937
2009,2010,2010-01-08,California,california,31,3.4,https://www.teamrankings.com/college-football/ranking/schedule-strength-by-other?date=2010-01-08,0.7478991596638656,0.7796953738278231
2009,2010,2010-01-08,Iowa,iowa,32,3.3,https://www.teamrankings.com/college-football/ranking/schedule-strength-by-other?date=2010-01-08,0.7394957983193278,0.7626497471454876
2009,2010,2010-01-08,Kansas,kansas,33,3.2,https://www.teamrankings.com/college-football/ranking/schedule-strength-by-other?date=2010-01-08,0.73109243697479,0.7456041204631523
2009,2010,2010-01-08,North Carolina,northcarolina,34,3.1,https://www.teamrankings.com/college-football/ranking/schedule-strength-by-other?date=2010-01-08,0.7226890756302521,0.7285584937808169
2009,2010,2010-01-08,Kentucky,kentucky,35,3.0,https://www.teamrankings.com/college-football/ranking/schedule-strength-by-other?date=2010-01-08,0.7142857142857143,0.7115128670984815
2009,2010,2010-01-08,UCLA,ucla,36,3.0,https://www.teamrankings.com/college-football/ranking/schedule-strength-by-other?date=2010-01-08,0.7058823529411764,0.7115128670984815
2009,2010,2010-01-08,Notre Dame,notredame,37,2.8,https://www.teamrankings.com/college-football/ranking/schedule-strength-by-other?date=2010-01-08,0.6974789915966386,0.6774216137338108
2009,2010,2010-01-08,UConn,uconn,38,2.4,https://www.teamrankings.com/college-football/ranking/schedule-strength-by-other?date=2010-01-08,0.6890756302521008,0.6092391070044695
2009,2010,2010-01-08,Boston College,bostoncollege,39,2.2,https://www.teamrankings.com/college-football/ranking/schedule-strength-by-other?date=2010-01-08,0.680672268907563,0.5751478536397987
2009,2010,2010-01-08,Texas A&M,texasaandm,40,2.1,https://www.teamrankings.com/college-football/ranking/schedule-strength-by-other?date=2010-01-08,0.6722689075630253,0.5581022269574635
2009,2010,2010-01-08,Arizona St,arizonast,41,2.1,https://www.teamrankings.com/college-football/ranking/schedule-strength-by-other?date=2010-01-08,0.6638655462184874,0.5581022269574635
2009,2010,2010-01-08,Missouri,missouri,42,2.0,https://www.teamrankings.com/college-football/ranking/schedule-strength-by-other?date=2010-01-08,0.6554621848739496,0.541056600275128
2009,2010,2010-01-08,Michigan St,michiganst,43,1.9,https://www.teamrankings.com/college-football/ranking/schedule-strength-by-other?date=2010-01-08,0.6470588235294117,0.5240109735927927
2009,2010,2010-01-08,Virginia,virginia,44,1.9,https://www.teamrankings.com/college-football/ranking/schedule-strength-by-other?date=2010-01-08,0.6386554621848739,0.5240109735927927
2009,2010,2010-01-08,Pittsburgh,pittsburgh,45,1.5,https://www.teamrankings.com/college-football/ranking/schedule-strength-by-other?date=2010-01-08,0.6302521008403361,0.45582846686345124
2009,2010,2010-01-08,Wake Forest,wakeforest,46,1.5,https://www.teamrankings.com/college-football/ranking/schedule-strength-by-other?date=2010-01-08,0.6218487394957983,0.45582846686345124
2009,2010,2010-01-08,BYU,byu,47,1.5,https://www.teamrankings.com/college-football/ranking/schedule-strength-by-other?date=2010-01-08,0.6134453781512605,0.45582846686345124
2009,2010,2010-01-08,West Virginia,westvirginia,48,1.4,https://www.teamrankings.com/college-football/ranking/schedule-strength-by-other?date=2010-01-08,0.6050420168067228,0.4387828401811159
2009,2010,2010-01-08,Penn St,pennst,49,1.1,https://www.teamrankings.com/college-football/ranking/schedule-strength-by-other?date=2010-01-08,0.5966386554621849,0.3876459601341099
2009,2010,2010-01-08,Boise St,boisest,50,1.0,https://www.teamrankings.com/college-football/ranking/schedule-strength-by-other?date=2010-01-08,0.5882352941176471,0.37060033345177446
2009,2010,2010-01-08,Minnesota,minnesota,51,0.9,https://www.teamrankings.com/college-football/ranking/schedule-strength-by-other?date=2010-01-08,0.5798319327731092,0.3535547067694392
2009,2010,2010-01-08,Vanderbilt,vanderbilt,52,0.7,https://www.teamrankings.com/college-football/ranking/schedule-strength-by-other?date=2010-01-08,0.5714285714285714,0.3194634534047684
2009,2010,2010-01-08,Wisconsin,wisconsin,53,0.6,https://www.teamrankings.com/college-football/ranking/schedule-strength-by-other?date=2010-01-08,0.5630252100840336,0.30241782672243306
2009,2010,2010-01-08,Purdue,purdue,54,0.5,https://www.teamrankings.com/college-football/ranking/schedule-strength-by-other?date=2010-01-08,0.5546218487394958,0.2853722000400977
2009,2010,2010-01-08,Colorado,colorado,55,0.4,https://www.teamrankings.com/college-football/ranking/schedule-strength-by-other?date=2010-01-08,0.546218487394958,0.2683265733577624
2009,2010,2010-01-08,S Florida,sflorida,56,0.2,https://www.teamrankings.com/college-football/ranking/schedule-strength-by-other?date=2010-01-08,0.5378151260504201,0.23423531999309163
2009,2010,2010-01-08,Utah,utah,57,0.1,https://www.teamrankings.com/college-football/ranking/schedule-strength-by-other?date=2010-01-08,0.5294117647058824,0.2171896933107563
2009,2010,2010-01-08,Air Force,airforce,58,0.1,https://www.teamrankings.com/college-football/ranking/schedule-strength-by-other?date=2010-01-08,0.5210084033613445,0.2171896933107563
2009,2010,2010-01-08,Illinois,illinois,59,-0.1,https://www.teamrankings.com/college-football/ranking/schedule-strength-by-other?date=2010-01-08,0.5126050420168067,0.18309843994608557
2009,2010,2010-01-08,Louisville,louisville,60,-0.2,https://www.teamrankings.com/college-football/ranking/schedule-strength-by-other?date=2010-01-08,0.5042016806722689,0.16605281326375024
2009,2010,2010-01-08,Houston,houston,61,-0.2,https://www.teamrankings.com/college-football/ranking/schedule-strength-by-other?date=2010-01-08,0.4957983193277311,0.16605281326375024
2009,2010,2010-01-08,Maryland,maryland,62,-0.4,https://www.teamrankings.com/college-football/ranking/schedule-strength-by-other?date=2010-01-08,0.4873949579831933,0.1319615598990795
2009,2010,2010-01-08,Kansas St,kansasst,63,-0.7,https://www.teamrankings.com/college-football/ranking/schedule-strength-by-other?date=2010-01-08,0.4789915966386554,0.08082467985207346
2009,2010,2010-01-08,E Carolina,ecarolina,64,-0.7,https://www.teamrankings.com/college-football/ranking/schedule-strength-by-other?date=2010-01-08,0.47058823529411764,0.08082467985207346
2009,2010,2010-01-08,NC State,ncstate,65,-0.9,https://www.teamrankings.com/college-football/ranking/schedule-strength-by-other?date=2010-01-08,0.46218487394957986,0.046733426487402745
2009,2010,2010-01-08,Michigan,michigan,66,-0.9,https://www.teamrankings.com/college-football/ranking/schedule-strength-by-other?date=2010-01-08,0.45378151260504207,0.046733426487402745
2009,2010,2010-01-08,Washington St,washingtonst,67,-1.4,https://www.teamrankings.com/college-football/ranking/schedule-strength-by-other?date=2010-01-08,0.4453781512605042,-0.03849470692427401
2009,2010,2010-01-08,Iowa St,iowast,68,-1.4,https://www.teamrankings.com/college-football/ranking/schedule-strength-by-other?date=2010-01-08,0.4369747899159664,-0.03849470692427401
2009,2010,2010-01-08,Navy,navy,69,-1.9,https://www.teamrankings.com/college-football/ranking/schedule-strength-by-other?date=2010-01-08,0.4285714285714286,-0.12372284033595078
2009,2010,2010-01-08,Syracuse,syracuse,70,-2.2,https://www.teamrankings.com/college-football/ranking/schedule-strength-by-other?date=2010-01-08,0.4201680672268907,-0.17485972038295688
2009,2010,2010-01-08,Rutgers,rutgers,71,-2.4,https://www.teamrankings.com/college-football/ranking/schedule-strength-by-other?date=2010-01-08,0.4117647058823529,-0.20895097374762756
2009,2010,2010-01-08,Duke,duke,72,-2.5,https://www.teamrankings.com/college-football/ranking/schedule-strength-by-other?date=2010-01-08,0.40336134453781514,-0.22599660042996292
2009,2010,2010-01-08,Indiana,indiana,73,-2.6,https://www.teamrankings.com/college-football/ranking/schedule-strength-by-other?date=2010-01-08,0.39495798319327735,-0.2430422271122983
2009,2010,2010-01-08,Northwestern,northwestern,74,-2.8,https://www.teamrankings.com/college-football/ranking/schedule-strength-by-other?date=2010-01-08,0.38655462184873945,-0.27713348047696895
2009,2010,2010-01-08,C Michigan,cmichigan,75,-3.5,https://www.teamrankings.com/college-football/ranking/schedule-strength-by-other?date=2010-01-08,0.37815126050420167,-0.3964528672533165
2009,2010,2010-01-08,Louisiana Tech,louisianatech,76,-3.8,https://www.teamrankings.com/college-football/ranking/schedule-strength-by-other?date=2010-01-08,0.3697478991596639,-0.4475897473003225
2009,2010,2010-01-08,UCF,ucf,77,-4.1,https://www.teamrankings.com/college-football/ranking/schedule-strength-by-other?date=2010-01-08,0.3613445378151261,-0.4987266273473286
2009,2010,2010-01-08,Southern Miss,southernmiss,78,-4.3,https://www.teamrankings.com/college-football/ranking/schedule-strength-by-other?date=2010-01-08,0.3529411764705882,-0.5328178807119993
2009,2010,2010-01-08,Fresno St,fresnost,79,-4.8,https://www.teamrankings.com/college-football/ranking/schedule-strength-by-other?date=2010-01-08,0.3445378151260504,-0.6180460141236761
2009,2010,2010-01-08,Wyoming,wyoming,80,-4.8,https://www.teamrankings.com/college-football/ranking/schedule-strength-by-other?date=2010-01-08,0.33613445378151263,-0.6180460141236761
2009,2010,2010-01-08,Nevada,nevada,81,-5.0,https://www.teamrankings.com/college-football/ranking/schedule-strength-by-other?date=2010-01-08,0.32773109243697474,-0.6521372674883469
2009,2010,2010-01-08,UAB,uab,82,-5.3,https://www.teamrankings.com/college-football/ranking/schedule-strength-by-other?date=2010-01-08,0.31932773109243695,-0.7032741475353529
2009,2010,2010-01-08,Memphis,memphis,83,-5.3,https://www.teamrankings.com/college-football/ranking/schedule-strength-by-other?date=2010-01-08,0.31092436974789917,-0.7032741475353529
2009,2010,2010-01-08,Tulsa,tulsa,84,-5.4,https://www.teamrankings.com/college-football/ranking/schedule-strength-by-other?date=2010-01-08,0.3025210084033614,-0.7203197742176883
2009,2010,2010-01-08,Miami OH,miamioh,85,-5.4,https://www.teamrankings.com/college-football/ranking/schedule-strength-by-other?date=2010-01-08,0.2941176470588235,-0.7203197742176883
2009,2010,2010-01-08,Troy,troy,86,-5.6,https://www.teamrankings.com/college-football/ranking/schedule-strength-by-other?date=2010-01-08,0.2857142857142857,-0.7544110275823589
2009,2010,2010-01-08,Colorado St,coloradost,87,-5.9,https://www.teamrankings.com/college-football/ranking/schedule-strength-by-other?date=2010-01-08,0.2773109243697479,-0.8055479076293651
2009,2010,2010-01-08,Bowling Green,bowlinggreen,88,-6.3,https://www.teamrankings.com/college-football/ranking/schedule-strength-by-other?date=2010-01-08,0.26890756302521013,-0.8737304143587065
2009,2010,2010-01-08,Marshall,marshall,89,-6.4,https://www.teamrankings.com/college-football/ranking/schedule-strength-by-other?date=2010-01-08,0.26050420168067223,-0.8907760410410419
2009,2010,2010-01-08,UNLV,unlv,90,-6.4,https://www.teamrankings.com/college-football/ranking/schedule-strength-by-other?date=2010-01-08,0.25210084033613445,-0.8907760410410419
2009,2010,2010-01-08,Utah St,utahst,91,-6.4,https://www.teamrankings.com/college-football/ranking/schedule-strength-by-other?date=2010-01-08,0.24369747899159666,-0.8907760410410419
2009,2010,2010-01-08,SMU,smu,92,-6.5,https://www.teamrankings.com/college-football/ranking/schedule-strength-by-other?date=2010-01-08,0.23529411764705888,-0.9078216677233771
2009,2010,2010-01-08,New Mexico,newmexico,93,-6.6,https://www.teamrankings.com/college-football/ranking/schedule-strength-by-other?date=2010-01-08,0.22689075630252098,-0.9248672944057125
2009,2010,2010-01-08,Rice,rice,94,-7.1,https://www.teamrankings.com/college-football/ranking/schedule-strength-by-other?date=2010-01-08,0.2184873949579832,-1.0100954278173893
2009,2010,2010-01-08,Middle Tenn,middletenn,95,-7.1,https://www.teamrankings.com/college-football/ranking/schedule-strength-by-other?date=2010-01-08,0.2100840336134454,-1.0100954278173893
2009,2010,2010-01-08,Ohio,ohio,96,-7.2,https://www.teamrankings.com/college-football/ranking/schedule-strength-by-other?date=2010-01-08,0.2016806722689075,-1.0271410544997246
2009,2010,2010-01-08,Buffalo,buffalo,97,-7.3,https://www.teamrankings.com/college-football/ranking/schedule-strength-by-other?date=2010-01-08,0.19327731092436973,-1.04418668118206
2009,2010,2010-01-08,Florida Intl,floridaintl,98,-7.5,https://www.teamrankings.com/college-football/ranking/schedule-strength-by-other?date=2010-01-08,0.18487394957983194,-1.0782779345467306
2009,2010,2010-01-08,N Illinois,nillinois,99,-7.7,https://www.teamrankings.com/college-football/ranking/schedule-strength-by-other?date=2010-01-08,0.17647058823529416,-1.1123691879114015
2009,2010,2010-01-08,San Diego St,sandiegost,100,-8.1,https://www.teamrankings.com/college-football/ranking/schedule-strength-by-other?date=2010-01-08,0.16806722689075626,-1.1805516946407428
2009,2010,2010-01-08,Toledo,toledo,101,-8.3,https://www.teamrankings.com/college-football/ranking/schedule-strength-by-other?date=2010-01-08,0.15966386554621848,-1.2146429480054137
2009,2010,2010-01-08,Temple,temple,102,-8.6,https://www.teamrankings.com/college-football/ranking/schedule-strength-by-other?date=2010-01-08,0.1512605042016807,-1.2657798280524195
2009,2010,2010-01-08,Idaho,idaho,103,-8.6,https://www.teamrankings.com/college-football/ranking/schedule-strength-by-other?date=2010-01-08,0.1428571428571429,-1.2657798280524195
2009,2010,2010-01-08,UTEP,utep,104,-8.6,https://www.teamrankings.com/college-football/ranking/schedule-strength-by-other?date=2010-01-08,0.134453781512605,-1.2657798280524195
2009,2010,2010-01-08,UL Monroe,ulmonroe,105,-8.7,https://www.teamrankings.com/college-football/ranking/schedule-strength-by-other?date=2010-01-08,0.12605042016806722,-1.2828254547347548
2009,2010,2010-01-08,W Kentucky,wkentucky,106,-9.2,https://www.teamrankings.com/college-football/ranking/schedule-strength-by-other?date=2010-01-08,0.11764705882352944,-1.3680535881464315
2009,2010,2010-01-08,Hawai'i,hawaii,107,-9.2,https://www.teamrankings.com/college-football/ranking/schedule-strength-by-other?date=2010-01-08,0.10924369747899154,-1.3680535881464315
2009,2010,2010-01-08,Florida Atlantic,floridaatlantic,108,-9.3,https://www.teamrankings.com/college-football/ranking/schedule-strength-by-other?date=2010-01-08,0.10084033613445376,-1.3850992148287673
2009,2010,2010-01-08,Akron,akron,109,-9.3,https://www.teamrankings.com/college-football/ranking/schedule-strength-by-other?date=2010-01-08,0.09243697478991597,-1.3850992148287673
2009,2010,2010-01-08,Arkansas St,arkansasst,110,-9.3,https://www.teamrankings.com/college-football/ranking/schedule-strength-by-other?date=2010-01-08,0.08403361344537819,-1.3850992148287673
2009,2010,2010-01-08,W Michigan,wmichigan,111,-9.6,https://www.teamrankings.com/college-football/ranking/schedule-strength-by-other?date=2010-01-08,0.07563025210084029,-1.436236094875773
2009,2010,2010-01-08,E Michigan,emichigan,112,-9.8,https://www.teamrankings.com/college-football/ranking/schedule-strength-by-other?date=2010-01-08,0.0672268907563025,-1.470327348240444
2009,2010,2010-01-08,Kent St,kentst,113,-10.3,https://www.teamrankings.com/college-football/ranking/schedule-strength-by-other?date=2010-01-08,0.05882352941176472,-1.5555554816521207
2009,2010,2010-01-08,Ball St,ballst,114,-10.4,https://www.teamrankings.com/college-football/ranking/schedule-strength-by-other?date=2010-01-08,0.050420168067226934,-1.572601108334456
2009,2010,2010-01-08,Tulane,tulane,115,-10.7,https://www.teamrankings.com/college-football/ranking/schedule-strength-by-other?date=2010-01-08,0.04201680672268904,-1.623737988381462
2009,2010,2010-01-08,San Jose St,sanjosest,116,-10.9,https://www.teamrankings.com/college-football/ranking/schedule-strength-by-other?date=2010-01-08,0.03361344537815125,-1.6578292417461329
2009,2010,2010-01-08,Army,army,117,-10.9,https://www.teamrankings.com/college-football/ranking/schedule-strength-by-other?date=2010-01-08,0.025210084033613467,-1.6578292417461329
2009,2010,2010-01-08,Louisiana,louisiana,118,-11.1,https://www.teamrankings.com/college-football/ranking/schedule-strength-by-other?date=2010-01-08,0.01680672268907568,-1.6919204951108033
2009,2010,2010-01-08,N Texas,ntexas,119,-11.5,https://www.teamrankings.com/college-football/ranking/schedule-strength-by-other?date=2010-01-08,0.008403361344537785,-1.760103001840145
2009,2010,2010-01-08,New Mexico St,newmexicost,120,-12.6,https://www.teamrankings.com/college-football/ranking/schedule-strength-by-other?date=2010-01-08,0.0,-1.9476048953458338
2010,2011,2011-01-11,Auburn,auburn,1,9.8,https://www.teamrankings.com/college-football/ranking/schedule-strength-by-other?date=2011-01-11,1.0,1.8603453419530556
2010,2011,2011-01-11,Oregon,oregon,2,9.4,https://www.teamrankings.com/college-football/ranking/schedule-strength-by-other?date=2011-01-11,0.9915966386554622,1.7982346259387645
2010,2011,2011-01-11,Arkansas,arkansas,3,9.2,https://www.teamrankings.com/college-football/ranking/schedule-strength-by-other?date=2011-01-11,0.9831932773109243,1.7671792679316183
2010,2011,2011-01-11,Stanford,stanford,4,9.0,https://www.teamrankings.com/college-football/ranking/schedule-strength-by-other?date=2011-01-11,0.9747899159663865,1.7361239099244727
2010,2011,2011-01-11,Oregon St,oregonst,5,8.9,https://www.teamrankings.com/college-football/ranking/schedule-strength-by-other?date=2011-01-11,0.9663865546218487,1.7205962309209002
2010,2011,2011-01-11,Alabama,alabama,6,8.5,https://www.teamrankings.com/college-football/ranking/schedule-strength-by-other?date=2011-01-11,0.957983193277311,1.6584855149066084
2010,2011,2011-01-11,South Carolina,southcarolina,7,8.2,https://www.teamrankings.com/college-football/ranking/schedule-strength-by-other?date=2011-01-11,0.9495798319327731,1.61190247789589
2010,2011,2011-01-11,LSU,lsu,8,7.2,https://www.teamrankings.com/college-football/ranking/schedule-strength-by-other?date=2011-01-11,0.9411764705882353,1.4566256878601618
2010,2011,2011-01-11,Oklahoma,oklahoma,9,6.5,https://www.teamrankings.com/college-football/ranking/schedule-strength-by-other?date=2011-01-11,0.9327731092436975,1.3479319348351517
2010,2011,2011-01-11,Arizona St,arizonast,10,6.4,https://www.teamrankings.com/college-football/ranking/schedule-strength-by-other?date=2011-01-11,0.9243697478991597,1.3324042558315794
2010,2011,2011-01-11,Washington,washington,11,6.2,https://www.teamrankings.com/college-football/ranking/schedule-strength-by-other?date=2011-01-11,0.9159663865546218,1.3013488978244334
2010,2011,2011-01-11,Florida St,floridast,12,6.1,https://www.teamrankings.com/college-football/ranking/schedule-strength-by-other?date=2011-01-11,0.907563025210084,1.2858212188208606
2010,2011,2011-01-11,USC,usc,13,5.8,https://www.teamrankings.com/college-football/ranking/schedule-strength-by-other?date=2011-01-11,0.8991596638655462,1.2392381818101421
2010,2011,2011-01-11,Virginia Tech,virginiatech,14,5.7,https://www.teamrankings.com/college-football/ranking/schedule-strength-by-other?date=2011-01-11,0.8907563025210083,1.2237105028065693
2010,2011,2011-01-11,Florida,florida,15,5.6,https://www.teamrankings.com/college-football/ranking/schedule-strength-by-other?date=2011-01-11,0.8823529411764706,1.2081828238029964
2010,2011,2011-01-11,Mississippi St,mississippist,16,5.4,https://www.teamrankings.com/college-football/ranking/schedule-strength-by-other?date=2011-01-11,0.8739495798319328,1.1771274657958508
2010,2011,2011-01-11,California,california,17,5.2,https://www.teamrankings.com/college-football/ranking/schedule-strength-by-other?date=2011-01-11,0.865546218487395,1.146072107788705
2010,2011,2011-01-11,Arizona,arizona,18,5.2,https://www.teamrankings.com/college-football/ranking/schedule-strength-by-other?date=2011-01-11,0.8571428571428572,1.146072107788705
2010,2011,2011-01-11,Georgia,georgia,19,5.1,https://www.teamrankings.com/college-football/ranking/schedule-strength-by-other?date=2011-01-11,0.8487394957983193,1.1305444287851323
2010,2011,2011-01-11,Texas A&M,texasaandm,20,5.1,https://www.teamrankings.com/college-football/ranking/schedule-strength-by-other?date=2011-01-11,0.8403361344537815,1.1305444287851323
2010,2011,2011-01-11,Ohio St,ohiost,21,4.9,https://www.teamrankings.com/college-football/ranking/schedule-strength-by-other?date=2011-01-11,0.8319327731092436,1.0994890707779867
2010,2011,2011-01-11,UCLA,ucla,22,4.8,https://www.teamrankings.com/college-football/ranking/schedule-strength-by-other?date=2011-01-11,0.8235294117647058,1.0839613917744138
2010,2011,2011-01-11,Miami,miami,23,4.7,https://www.teamrankings.com/college-football/ranking/schedule-strength-by-other?date=2011-01-11,0.8151260504201681,1.068433712770841
2010,2011,2011-01-11,Boise St,boisest,24,4.1,https://www.teamrankings.com/college-football/ranking/schedule-strength-by-other?date=2011-01-11,0.8067226890756303,0.9752676387494038
2010,2011,2011-01-11,Wisconsin,wisconsin,25,4.1,https://www.teamrankings.com/college-football/ranking/schedule-strength-by-other?date=2011-01-11,0.7983193277310925,0.9752676387494038
2010,2011,2011-01-11,Missouri,missouri,26,3.6,https://www.teamrankings.com/college-football/ranking/schedule-strength-by-other?date=2011-01-11,0.7899159663865546,0.8976292437315397
2010,2011,2011-01-11,NC State,ncstate,27,3.5,https://www.teamrankings.com/college-football/ranking/schedule-strength-by-other?date=2011-01-11,0.7815126050420168,0.8821015647279669
2010,2011,2011-01-11,Nebraska,nebraska,28,3.4,https://www.teamrankings.com/college-football/ranking/schedule-strength-by-other?date=2011-01-11,0.773109243697479,0.866573885724394
2010,2011,2011-01-11,TCU,tcu,29,3.3,https://www.teamrankings.com/college-football/ranking/schedule-strength-by-other?date=2011-01-11,0.7647058823529411,0.8510462067208212
2010,2011,2011-01-11,Clemson,clemson,30,3.2,https://www.teamrankings.com/college-football/ranking/schedule-strength-by-other?date=2011-01-11,0.7563025210084033,0.8355185277172484
2010,2011,2011-01-11,Oklahoma St,oklahomast,31,3.1,https://www.teamrankings.com/college-football/ranking/schedule-strength-by-other?date=2011-01-11,0.7478991596638656,0.8199908487136756
2010,2011,2011-01-11,Notre Dame,notredame,32,3.0,https://www.teamrankings.com/college-football/ranking/schedule-strength-by-other?date=2011-01-11,0.7394957983193278,0.8044631697101027
2010,2011,2011-01-11,Tennessee,tennessee,33,3.0,https://www.teamrankings.com/college-football/ranking/schedule-strength-by-other?date=2011-01-11,0.73109243697479,0.8044631697101027
2010,2011,2011-01-11,Utah,utah,34,3.0,https://www.teamrankings.com/college-football/ranking/schedule-strength-by-other?date=2011-01-11,0.7226890756302521,0.8044631697101027
2010,2011,2011-01-11,Iowa,iowa,35,2.1,https://www.teamrankings.com/college-football/ranking/schedule-strength-by-other?date=2011-01-11,0.7142857142857143,0.6647140586779472
2010,2011,2011-01-11,Pittsburgh,pittsburgh,36,2.1,https://www.teamrankings.com/college-football/ranking/schedule-strength-by-other?date=2011-01-11,0.7058823529411764,0.6647140586779472
2010,2011,2011-01-11,North Carolina,northcarolina,37,2.0,https://www.teamrankings.com/college-football/ranking/schedule-strength-by-other?date=2011-01-11,0.6974789915966386,0.6491863796743743
2010,2011,2011-01-11,Kentucky,kentucky,38,1.7,https://www.teamrankings.com/college-football/ranking/schedule-strength-by-other?date=2011-01-11,0.6890756302521008,0.6026033426636558
2010,2011,2011-01-11,Washington St,washingtonst,39,1.5,https://www.teamrankings.com/college-football/ranking/schedule-strength-by-other?date=2011-01-11,0.680672268907563,0.5715479846565101
2010,2011,2011-01-11,West Virginia,westvirginia,40,1.0,https://www.teamrankings.com/college-football/ranking/schedule-strength-by-other?date=2011-01-11,0.6722689075630253,0.49390958963864595
2010,2011,2011-01-11,Iowa St,iowast,41,0.5,https://www.teamrankings.com/college-football/ranking/schedule-strength-by-other?date=2011-01-11,0.6638655462184874,0.41627119462078177
2010,2011,2011-01-11,Michigan St,michiganst,42,0.5,https://www.teamrankings.com/college-football/ranking/schedule-strength-by-other?date=2011-01-11,0.6554621848739496,0.41627119462078177
2010,2011,2011-01-11,Maryland,maryland,43,0.5,https://www.teamrankings.com/college-football/ranking/schedule-strength-by-other?date=2011-01-11,0.6470588235294117,0.41627119462078177
2010,2011,2011-01-11,Michigan,michigan,44,0.5,https://www.teamrankings.com/college-football/ranking/schedule-strength-by-other?date=2011-01-11,0.6386554621848739,0.41627119462078177
2010,2011,2011-01-11,Texas,texas,45,0.4,https://www.teamrankings.com/college-football/ranking/schedule-strength-by-other?date=2011-01-11,0.6302521008403361,0.40074351561720895
2010,2011,2011-01-11,Colorado,colorado,46,0.3,https://www.teamrankings.com/college-football/ranking/schedule-strength-by-other?date=2011-01-11,0.6218487394957983,0.38521583661363606
2010,2011,2011-01-11,Cincinnati,cincinnati,47,0.2,https://www.teamrankings.com/college-football/ranking/schedule-strength-by-other?date=2011-01-11,0.6134453781512605,0.3696881576100633
2010,2011,2011-01-11,Boston College,bostoncollege,48,0.1,https://www.teamrankings.com/college-football/ranking/schedule-strength-by-other?date=2011-01-11,0.6050420168067228,0.3541604786064904
2010,2011,2011-01-11,Illinois,illinois,49,0.0,https://www.teamrankings.com/college-football/ranking/schedule-strength-by-other?date=2011-01-11,0.5966386554621849,0.3386327996029176
2010,2011,2011-01-11,Texas Tech,texastech,50,0.0,https://www.teamrankings.com/college-football/ranking/schedule-strength-by-other?date=2011-01-11,0.5882352941176471,0.3386327996029176
2010,2011,2011-01-11,Penn St,pennst,51,-0.1,https://www.teamrankings.com/college-football/ranking/schedule-strength-by-other?date=2011-01-11,0.5798319327731092,0.32310512059934476
2010,2011,2011-01-11,Baylor,baylor,52,-0.2,https://www.teamrankings.com/college-football/ranking/schedule-strength-by-other?date=2011-01-11,0.5714285714285714,0.30757744159577194
2010,2011,2011-01-11,Air Force,airforce,53,-0.2,https://www.teamrankings.com/college-football/ranking/schedule-strength-by-other?date=2011-01-11,0.5630252100840336,0.30757744159577194
2010,2011,2011-01-11,S Florida,sflorida,54,-0.3,https://www.teamrankings.com/college-football/ranking/schedule-strength-by-other?date=2011-01-11,0.5546218487394958,0.29204976259219906
2010,2011,2011-01-11,Georgia Tech,georgiatech,55,-0.4,https://www.teamrankings.com/college-football/ranking/schedule-strength-by-other?date=2011-01-11,0.546218487394958,0.27652208358862623
2010,2011,2011-01-11,BYU,byu,56,-0.6,https://www.teamrankings.com/college-football/ranking/schedule-strength-by-other?date=2011-01-11,0.5378151260504201,0.24546672558148055
2010,2011,2011-01-11,UConn,uconn,57,-0.8,https://www.teamrankings.com/college-football/ranking/schedule-strength-by-other?date=2011-01-11,0.5294117647058824,0.21441136757433488
2010,2011,2011-01-11,Kansas St,kansasst,58,-0.9,https://www.teamrankings.com/college-football/ranking/schedule-strength-by-other?date=2011-01-11,0.5210084033613445,0.19888368857076208
2010,2011,2011-01-11,Minnesota,minnesota,59,-1.0,https://www.teamrankings.com/college-football/ranking/schedule-strength-by-other?date=2011-01-11,0.5126050420168067,0.18335600956718923
2010,2011,2011-01-11,Nevada,nevada,60,-1.1,https://www.teamrankings.com/college-football/ranking/schedule-strength-by-other?date=2011-01-11,0.5042016806722689,0.16782833056361637
2010,2011,2011-01-11,Mississippi,mississippi,61,-1.2,https://www.teamrankings.com/college-football/ranking/schedule-strength-by-other?date=2011-01-11,0.4957983193277311,0.15230065156004355
2010,2011,2011-01-11,Louisville,louisville,62,-1.4,https://www.teamrankings.com/college-football/ranking/schedule-strength-by-other?date=2011-01-11,0.4873949579831933,0.12124529355289788
2010,2011,2011-01-11,Vanderbilt,vanderbilt,63,-1.5,https://www.teamrankings.com/college-football/ranking/schedule-strength-by-other?date=2011-01-11,0.4789915966386554,0.10571761454932505
2010,2011,2011-01-11,Wake Forest,wakeforest,64,-1.5,https://www.teamrankings.com/college-football/ranking/schedule-strength-by-other?date=2011-01-11,0.47058823529411764,0.10571761454932505
2010,2011,2011-01-11,Duke,duke,65,-2.2,https://www.teamrankings.com/college-football/ranking/schedule-strength-by-other?date=2011-01-11,0.46218487394957986,-0.002976138475684845
2010,2011,2011-01-11,Syracuse,syracuse,66,-2.8,https://www.teamrankings.com/college-football/ranking/schedule-strength-by-other?date=2011-01-11,0.45378151260504207,-0.0961422124971218
2010,2011,2011-01-11,Virginia,virginia,67,-3.1,https://www.teamrankings.com/college-football/ranking/schedule-strength-by-other?date=2011-01-11,0.4453781512605042,-0.14272524950784035
2010,2011,2011-01-11,San Diego St,sandiegost,68,-3.1,https://www.teamrankings.com/college-football/ranking/schedule-strength-by-other?date=2011-01-11,0.4369747899159664,-0.14272524950784035
2010,2011,2011-01-11,Hawai'i,hawaii,69,-3.4,https://www.teamrankings.com/college-football/ranking/schedule-strength-by-other?date=2011-01-11,0.4285714285714286,-0.18930828651855885
2010,2011,2011-01-11,Rutgers,rutgers,70,-3.7,https://www.teamrankings.com/college-football/ranking/schedule-strength-by-other?date=2011-01-11,0.4201680672268907,-0.23589132352927739
2010,2011,2011-01-11,E Carolina,ecarolina,71,-3.7,https://www.teamrankings.com/college-football/ranking/schedule-strength-by-other?date=2011-01-11,0.4117647058823529,-0.23589132352927739
2010,2011,2011-01-11,Navy,navy,72,-3.7,https://www.teamrankings.com/college-football/ranking/schedule-strength-by-other?date=2011-01-11,0.40336134453781514,-0.23589132352927739
2010,2011,2011-01-11,Northwestern,northwestern,73,-4.1,https://www.teamrankings.com/college-football/ranking/schedule-strength-by-other?date=2011-01-11,0.39495798319327735,-0.29800203954356863
2010,2011,2011-01-11,Tulsa,tulsa,74,-4.3,https://www.teamrankings.com/college-football/ranking/schedule-strength-by-other?date=2011-01-11,0.38655462184873945,-0.32905739755071434
2010,2011,2011-01-11,Fresno St,fresnost,75,-4.6,https://www.teamrankings.com/college-football/ranking/schedule-strength-by-other?date=2011-01-11,0.37815126050420167,-0.3756404345614328
2010,2011,2011-01-11,UNLV,unlv,76,-4.8,https://www.teamrankings.com/college-football/ranking/schedule-strength-by-other?date=2011-01-11,0.3697478991596639,-0.4066957925685785
2010,2011,2011-01-11,Houston,houston,77,-5.2,https://www.teamrankings.com/college-football/ranking/schedule-strength-by-other?date=2011-01-11,0.3613445378151261,-0.46880650858286993
2010,2011,2011-01-11,Kansas,kansas,78,-5.3,https://www.teamrankings.com/college-football/ranking/schedule-strength-by-other?date=2011-01-11,0.3529411764705882,-0.4843341875864427
2010,2011,2011-01-11,SMU,smu,79,-5.5,https://www.teamrankings.com/college-football/ranking/schedule-strength-by-other?date=2011-01-11,0.3445378151260504,-0.5153895455935884
2010,2011,2011-01-11,Purdue,purdue,80,-5.5,https://www.teamrankings.com/college-football/ranking/schedule-strength-by-other?date=2011-01-11,0.33613445378151263,-0.5153895455935884
2010,2011,2011-01-11,UCF,ucf,81,-5.8,https://www.teamrankings.com/college-football/ranking/schedule-strength-by-other?date=2011-01-11,0.32773109243697474,-0.5619725826043069
2010,2011,2011-01-11,Wyoming,wyoming,82,-6.3,https://www.teamrankings.com/college-football/ranking/schedule-strength-by-other?date=2011-01-11,0.31932773109243695,-0.6396109776221711
2010,2011,2011-01-11,Southern Miss,southernmiss,83,-6.3,https://www.teamrankings.com/college-football/ranking/schedule-strength-by-other?date=2011-01-11,0.31092436974789917,-0.6396109776221711
2010,2011,2011-01-11,Memphis,memphis,84,-6.4,https://www.teamrankings.com/college-football/ranking/schedule-strength-by-other?date=2011-01-11,0.3025210084033614,-0.655138656625744
2010,2011,2011-01-11,Louisiana Tech,louisianatech,85,-6.5,https://www.teamrankings.com/college-football/ranking/schedule-strength-by-other?date=2011-01-11,0.2941176470588235,-0.6706663356293168
2010,2011,2011-01-11,Indiana,indiana,86,-6.8,https://www.teamrankings.com/college-football/ranking/schedule-strength-by-other?date=2011-01-11,0.2857142857142857,-0.7172493726400353
2010,2011,2011-01-11,Idaho,idaho,87,-7.4,https://www.teamrankings.com/college-football/ranking/schedule-strength-by-other?date=2011-01-11,0.2773109243697479,-0.8104154466614724
2010,2011,2011-01-11,Utah St,utahst,88,-7.5,https://www.teamrankings.com/college-football/ranking/schedule-strength-by-other?date=2011-01-11,0.26890756302521013,-0.8259431256650451
2010,2011,2011-01-11,Colorado St,coloradost,89,-7.6,https://www.teamrankings.com/college-football/ranking/schedule-strength-by-other?date=2011-01-11,0.26050420168067223,-0.8414708046686179
2010,2011,2011-01-11,N Illinois,nillinois,90,-7.8,https://www.teamrankings.com/college-football/ranking/schedule-strength-by-other?date=2011-01-11,0.25210084033613445,-0.8725261626757637
2010,2011,2011-01-11,Rice,rice,91,-7.9,https://www.teamrankings.com/college-football/ranking/schedule-strength-by-other?date=2011-01-11,0.24369747899159666,-0.8880538416793365
2010,2011,2011-01-11,Army,army,92,-7.9,https://www.teamrankings.com/college-football/ranking/schedule-strength-by-other?date=2011-01-11,0.23529411764705888,-0.8880538416793365
2010,2011,2011-01-11,C Michigan,cmichigan,93,-8.4,https://www.teamrankings.com/college-football/ranking/schedule-strength-by-other?date=2011-01-11,0.22689075630252098,-0.9656922366972007
2010,2011,2011-01-11,Toledo,toledo,94,-8.5,https://www.teamrankings.com/college-football/ranking/schedule-strength-by-other?date=2011-01-11,0.2184873949579832,-0.9812199157007735
2010,2011,2011-01-11,Florida Intl,floridaintl,95,-8.7,https://www.teamrankings.com/college-football/ranking/schedule-strength-by-other?date=2011-01-11,0.2100840336134454,-1.012275273707919
2010,2011,2011-01-11,Marshall,marshall,96,-8.9,https://www.teamrankings.com/college-football/ranking/schedule-strength-by-other?date=2011-01-11,0.2016806722689075,-1.043330631715065
2010,2011,2011-01-11,UAB,uab,97,-9.0,https://www.teamrankings.com/college-football/ranking/schedule-strength-by-other?date=2011-01-11,0.19327731092436973,-1.0588583107186378
2010,2011,2011-01-11,Arkansas St,arkansasst,98,-9.2,https://www.teamrankings.com/college-football/ranking/schedule-strength-by-other?date=2011-01-11,0.18487394957983194,-1.0899136687257833
2010,2011,2011-01-11,Temple,temple,99,-9.2,https://www.teamrankings.com/college-football/ranking/schedule-strength-by-other?date=2011-01-11,0.17647058823529416,-1.0899136687257833
2010,2011,2011-01-11,Bowling Green,bowlinggreen,100,-9.3,https://www.teamrankings.com/college-football/ranking/schedule-strength-by-other?date=2011-01-11,0.16806722689075626,-1.1054413477293563
2010,2011,2011-01-11,W Michigan,wmichigan,101,-9.6,https://www.teamrankings.com/college-football/ranking/schedule-strength-by-other?date=2011-01-11,0.15966386554621848,-1.1520243847400746
2010,2011,2011-01-11,Tulane,tulane,102,-9.8,https://www.teamrankings.com/college-football/ranking/schedule-strength-by-other?date=2011-01-11,0.1512605042016807,-1.1830797427472206
2010,2011,2011-01-11,Troy,troy,103,-9.8,https://www.teamrankings.com/college-football/ranking/schedule-strength-by-other?date=2011-01-11,0.1428571428571429,-1.1830797427472206
2010,2011,2011-01-11,E Michigan,emichigan,104,-10.2,https://www.teamrankings.com/college-football/ranking/schedule-strength-by-other?date=2011-01-11,0.134453781512605,-1.2451904587615117
2010,2011,2011-01-11,Miami OH,miamioh,105,-10.2,https://www.teamrankings.com/college-football/ranking/schedule-strength-by-other?date=2011-01-11,0.12605042016806722,-1.2451904587615117
2010,2011,2011-01-11,Louisiana,louisiana,106,-10.2,https://www.teamrankings.com/college-football/ranking/schedule-strength-by-other?date=2011-01-11,0.11764705882352944,-1.2451904587615117
2010,2011,2011-01-11,Florida Atlantic,floridaatlantic,107,-10.3,https://www.teamrankings.com/college-football/ranking/schedule-strength-by-other?date=2011-01-11,0.10924369747899154,-1.260718137765085
2010,2011,2011-01-11,New Mexico,newmexico,108,-10.4,https://www.teamrankings.com/college-football/ranking/schedule-strength-by-other?date=2011-01-11,0.10084033613445376,-1.2762458167686572
2010,2011,2011-01-11,San Jose St,sanjosest,109,-10.8,https://www.teamrankings.com/college-football/ranking/schedule-strength-by-other?date=2011-01-11,0.09243697478991597,-1.338356532782949
2010,2011,2011-01-11,W Kentucky,wkentucky,110,-11.0,https://www.teamrankings.com/college-football/ranking/schedule-strength-by-other?date=2011-01-11,0.08403361344537819,-1.3694118907900945
2010,2011,2011-01-11,Kent St,kentst,111,-11.4,https://www.teamrankings.com/college-football/ranking/schedule-strength-by-other?date=2011-01-11,0.07563025210084029,-1.4315226068043856
2010,2011,2011-01-11,N Texas,ntexas,112,-11.5,https://www.teamrankings.com/college-football/ranking/schedule-strength-by-other?date=2011-01-11,0.0672268907563025,-1.4470502858079588
2010,2011,2011-01-11,UL Monroe,ulmonroe,113,-11.7,https://www.teamrankings.com/college-football/ranking/schedule-strength-by-other?date=2011-01-11,0.05882352941176472,-1.4781056438151043
2010,2011,2011-01-11,New Mexico St,newmexicost,114,-12.2,https://www.teamrankings.com/college-football/ranking/schedule-strength-by-other?date=2011-01-11,0.050420168067226934,-1.5557440388329684
2010,2011,2011-01-11,UTEP,utep,115,-13.0,https://www.teamrankings.com/college-football/ranking/schedule-strength-by-other?date=2011-01-11,0.04201680672268904,-1.6799654708615512
2010,2011,2011-01-11,Akron,akron,116,-13.3,https://www.teamrankings.com/college-football/ranking/schedule-strength-by-other?date=2011-01-11,0.03361344537815125,-1.72654850787227
2010,2011,2011-01-11,Ohio,ohio,117,-13.3,https://www.teamrankings.com/college-football/ranking/schedule-strength-by-other?date=2011-01-11,0.025210084033613467,-1.72654850787227
2010,2011,2011-01-11,Middle Tenn,middletenn,118,-14.3,https://www.teamrankings.com/college-football/ranking/schedule-strength-by-other?date=2011-01-11,0.01680672268907568,-1.8818252979079984
2010,2011,2011-01-11,Buffalo,buffalo,119,-15.3,https://www.teamrankings.com/college-football/ranking/schedule-strength-by-other?date=2011-01-11,0.008403361344537785,-2.0371020879437265
2010,2011,2011-01-11,Ball St,ballst,120,-15.4,https://www.teamrankings.com/college-football/ranking/schedule-strength-by-other?date=2011-01-11,0.0,-2.052629766947299
2011,2012,2012-01-10,LSU,lsu,1,13.7,https://www.teamrankings.com/college-football/ranking/schedule-strength-by-other?date=2012-01-10,1.0,2.4407866053932845
2011,2012,2012-01-10,Oregon,oregon,2,11.1,https://www.teamrankings.com/college-football/ranking/schedule-strength-by-other?date=2012-01-10,0.9915966386554622,2.0306808264699687
2011,2012,2012-01-10,Alabama,alabama,3,10.8,https://www.teamrankings.com/college-football/ranking/schedule-strength-by-other?date=2012-01-10,0.9831932773109243,1.983360928901894
2011,2012,2012-01-10,Oklahoma St,oklahomast,4,10.8,https://www.teamrankings.com/college-football/ranking/schedule-strength-by-other?date=2012-01-10,0.9747899159663865,1.983360928901894
2011,2012,2012-01-10,Stanford,stanford,5,9.5,https://www.teamrankings.com/college-football/ranking/schedule-strength-by-other?date=2012-01-10,0.9663865546218487,1.7783080394402362
2011,2012,2012-01-10,Oklahoma,oklahoma,6,9.1,https://www.teamrankings.com/college-football/ranking/schedule-strength-by-other?date=2012-01-10,0.957983193277311,1.7152148426828029
2011,2012,2012-01-10,USC,usc,7,7.7,https://www.teamrankings.com/college-football/ranking/schedule-strength-by-other?date=2012-01-10,0.9495798319327731,1.494388654031787
2011,2012,2012-01-10,Arkansas,arkansas,8,7.1,https://www.teamrankings.com/college-football/ranking/schedule-strength-by-other?date=2012-01-10,0.9411764705882353,1.399748858895637
2011,2012,2012-01-10,Texas A&M,texasaandm,9,6.9,https://www.teamrankings.com/college-football/ranking/schedule-strength-by-other?date=2012-01-10,0.9327731092436975,1.3682022605169206
2011,2012,2012-01-10,Texas,texas,10,6.8,https://www.teamrankings.com/college-football/ranking/schedule-strength-by-other?date=2012-01-10,0.9243697478991597,1.3524289613275624
2011,2012,2012-01-10,Missouri,missouri,11,6.6,https://www.teamrankings.com/college-football/ranking/schedule-strength-by-other?date=2012-01-10,0.9159663865546218,1.3208823629488455
2011,2012,2012-01-10,Wisconsin,wisconsin,12,6.0,https://www.teamrankings.com/college-football/ranking/schedule-strength-by-other?date=2012-01-10,0.907563025210084,1.226242567812696
2011,2012,2012-01-10,Notre Dame,notredame,13,5.9,https://www.teamrankings.com/college-football/ranking/schedule-strength-by-other?date=2012-01-10,0.8991596638655462,1.2104692686233378
2011,2012,2012-01-10,Georgia,georgia,14,5.9,https://www.teamrankings.com/college-football/ranking/schedule-strength-by-other?date=2012-01-10,0.8907563025210083,1.2104692686233378
2011,2012,2012-01-10,Michigan St,michiganst,15,5.7,https://www.teamrankings.com/college-football/ranking/schedule-strength-by-other?date=2012-01-10,0.8823529411764706,1.1789226702446212
2011,2012,2012-01-10,Kansas St,kansasst,16,5.3,https://www.teamrankings.com/college-football/ranking/schedule-strength-by-other?date=2012-01-10,0.8739495798319328,1.115829473487188
2011,2012,2012-01-10,Arizona St,arizonast,17,5.2,https://www.teamrankings.com/college-football/ranking/schedule-strength-by-other?date=2012-01-10,0.865546218487395,1.1000561742978296
2011,2012,2012-01-10,Baylor,baylor,18,5.1,https://www.teamrankings.com/college-football/ranking/schedule-strength-by-other?date=2012-01-10,0.8571428571428572,1.0842828751084714
2011,2012,2012-01-10,Florida,florida,19,4.8,https://www.teamrankings.com/college-football/ranking/schedule-strength-by-other?date=2012-01-10,0.8487394957983193,1.0369629775403966
2011,2012,2012-01-10,California,california,20,4.7,https://www.teamrankings.com/college-football/ranking/schedule-strength-by-other?date=2012-01-10,0.8403361344537815,1.0211896783510384
2011,2012,2012-01-10,UCLA,ucla,21,4.7,https://www.teamrankings.com/college-football/ranking/schedule-strength-by-other?date=2012-01-10,0.8319327731092436,1.0211896783510384
2011,2012,2012-01-10,Arizona,arizona,22,4.4,https://www.teamrankings.com/college-football/ranking/schedule-strength-by-other?date=2012-01-10,0.8235294117647058,0.9738697807829634
2011,2012,2012-01-10,Oregon St,oregonst,23,3.9,https://www.teamrankings.com/college-football/ranking/schedule-strength-by-other?date=2012-01-10,0.8151260504201681,0.8950032848361718
2011,2012,2012-01-10,South Carolina,southcarolina,24,3.6,https://www.teamrankings.com/college-football/ranking/schedule-strength-by-other?date=2012-01-10,0.8067226890756303,0.847683387268097
2011,2012,2012-01-10,Ohio St,ohiost,25,3.5,https://www.teamrankings.com/college-football/ranking/schedule-strength-by-other?date=2012-01-10,0.7983193277310925,0.8319100880787387
2011,2012,2012-01-10,Iowa St,iowast,26,3.3,https://www.teamrankings.com/college-football/ranking/schedule-strength-by-other?date=2012-01-10,0.7899159663865546,0.8003634897000221
2011,2012,2012-01-10,Auburn,auburn,27,3.0,https://www.teamrankings.com/college-football/ranking/schedule-strength-by-other?date=2012-01-10,0.7815126050420168,0.7530435921319473
2011,2012,2012-01-10,Mississippi St,mississippist,28,3.0,https://www.teamrankings.com/college-football/ranking/schedule-strength-by-other?date=2012-01-10,0.773109243697479,0.7530435921319473
2011,2012,2012-01-10,Vanderbilt,vanderbilt,29,2.9,https://www.teamrankings.com/college-football/ranking/schedule-strength-by-other?date=2012-01-10,0.7647058823529411,0.7372702929425888
2011,2012,2012-01-10,Penn St,pennst,30,2.9,https://www.teamrankings.com/college-football/ranking/schedule-strength-by-other?date=2012-01-10,0.7563025210084033,0.7372702929425888
2011,2012,2012-01-10,Washington,washington,31,2.8,https://www.teamrankings.com/college-football/ranking/schedule-strength-by-other?date=2012-01-10,0.7478991596638656,0.7214969937532306
2011,2012,2012-01-10,Nebraska,nebraska,32,2.7,https://www.teamrankings.com/college-football/ranking/schedule-strength-by-other?date=2012-01-10,0.7394957983193278,0.7057236945638724
2011,2012,2012-01-10,Michigan,michigan,33,2.7,https://www.teamrankings.com/college-football/ranking/schedule-strength-by-other?date=2012-01-10,0.73109243697479,0.7057236945638724
2011,2012,2012-01-10,Tennessee,tennessee,34,2.6,https://www.teamrankings.com/college-football/ranking/schedule-strength-by-other?date=2012-01-10,0.7226890756302521,0.689950395374514
2011,2012,2012-01-10,Florida St,floridast,35,2.5,https://www.teamrankings.com/college-football/ranking/schedule-strength-by-other?date=2012-01-10,0.7142857142857143,0.6741770961851558
2011,2012,2012-01-10,Boise St,boisest,36,2.5,https://www.teamrankings.com/college-football/ranking/schedule-strength-by-other?date=2012-01-10,0.7058823529411764,0.6741770961851558
2011,2012,2012-01-10,Utah,utah,37,2.2,https://www.teamrankings.com/college-football/ranking/schedule-strength-by-other?date=2012-01-10,0.6974789915966386,0.6268571986170809
2011,2012,2012-01-10,Colorado,colorado,38,2.0,https://www.teamrankings.com/college-football/ranking/schedule-strength-by-other?date=2012-01-10,0.6890756302521008,0.5953106002383644
2011,2012,2012-01-10,Tulsa,tulsa,39,1.9,https://www.teamrankings.com/college-football/ranking/schedule-strength-by-other?date=2012-01-10,0.680672268907563,0.5795373010490059
2011,2012,2012-01-10,West Virginia,westvirginia,40,1.5,https://www.teamrankings.com/college-football/ranking/schedule-strength-by-other?date=2012-01-10,0.6722689075630253,0.5164441042915728
2011,2012,2012-01-10,Clemson,clemson,41,1.5,https://www.teamrankings.com/college-football/ranking/schedule-strength-by-other?date=2012-01-10,0.6638655462184874,0.5164441042915728
2011,2012,2012-01-10,Texas Tech,texastech,42,0.9,https://www.teamrankings.com/college-football/ranking/schedule-strength-by-other?date=2012-01-10,0.6554621848739496,0.42180430915542305
2011,2012,2012-01-10,TCU,tcu,43,0.8,https://www.teamrankings.com/college-football/ranking/schedule-strength-by-other?date=2012-01-10,0.6470588235294117,0.4060310099660647
2011,2012,2012-01-10,Mississippi,mississippi,44,0.6,https://www.teamrankings.com/college-football/ranking/schedule-strength-by-other?date=2012-01-10,0.6386554621848739,0.37448441158734813
2011,2012,2012-01-10,Washington St,washingtonst,45,0.6,https://www.teamrankings.com/college-football/ranking/schedule-strength-by-other?date=2012-01-10,0.6302521008403361,0.37448441158734813
2011,2012,2012-01-10,Miami,miami,46,0.6,https://www.teamrankings.com/college-football/ranking/schedule-strength-by-other?date=2012-01-10,0.6218487394957983,0.37448441158734813
2011,2012,2012-01-10,Iowa,iowa,47,0.4,https://www.teamrankings.com/college-football/ranking/schedule-strength-by-other?date=2012-01-10,0.6134453781512605,0.3429378132086316
2011,2012,2012-01-10,Pittsburgh,pittsburgh,48,0.1,https://www.teamrankings.com/college-football/ranking/schedule-strength-by-other?date=2012-01-10,0.6050420168067228,0.2956179156405567
2011,2012,2012-01-10,S Florida,sflorida,49,0.1,https://www.teamrankings.com/college-football/ranking/schedule-strength-by-other?date=2012-01-10,0.5966386554621849,0.2956179156405567
2011,2012,2012-01-10,Cincinnati,cincinnati,50,-0.1,https://www.teamrankings.com/college-football/ranking/schedule-strength-by-other?date=2012-01-10,0.5882352941176471,0.2640713172618401
2011,2012,2012-01-10,Wake Forest,wakeforest,51,-0.3,https://www.teamrankings.com/college-football/ranking/schedule-strength-by-other?date=2012-01-10,0.5798319327731092,0.2325247188831235
2011,2012,2012-01-10,Virginia Tech,virginiatech,52,-0.4,https://www.teamrankings.com/college-football/ranking/schedule-strength-by-other?date=2012-01-10,0.5714285714285714,0.2167514196937652
2011,2012,2012-01-10,Illinois,illinois,53,-0.4,https://www.teamrankings.com/college-football/ranking/schedule-strength-by-other?date=2012-01-10,0.5630252100840336,0.2167514196937652
2011,2012,2012-01-10,North Carolina,northcarolina,54,-0.6,https://www.teamrankings.com/college-football/ranking/schedule-strength-by-other?date=2012-01-10,0.5546218487394958,0.18520482131504865
2011,2012,2012-01-10,Kansas,kansas,55,-0.7,https://www.teamrankings.com/college-football/ranking/schedule-strength-by-other?date=2012-01-10,0.546218487394958,0.16943152212569035
2011,2012,2012-01-10,Boston College,bostoncollege,56,-0.7,https://www.teamrankings.com/college-football/ranking/schedule-strength-by-other?date=2012-01-10,0.5378151260504201,0.16943152212569035
2011,2012,2012-01-10,Northwestern,northwestern,57,-0.7,https://www.teamrankings.com/college-football/ranking/schedule-strength-by-other?date=2012-01-10,0.5294117647058824,0.16943152212569035
2011,2012,2012-01-10,Maryland,maryland,58,-0.9,https://www.teamrankings.com/college-football/ranking/schedule-strength-by-other?date=2012-01-10,0.5210084033613445,0.13788492374697375
2011,2012,2012-01-10,Syracuse,syracuse,59,-1.4,https://www.teamrankings.com/college-football/ranking/schedule-strength-by-other?date=2012-01-10,0.5126050420168067,0.059018427800182294
2011,2012,2012-01-10,Louisville,louisville,60,-1.4,https://www.teamrankings.com/college-football/ranking/schedule-strength-by-other?date=2012-01-10,0.5042016806722689,0.059018427800182294
2011,2012,2012-01-10,Rutgers,rutgers,61,-1.5,https://www.teamrankings.com/college-football/ranking/schedule-strength-by-other?date=2012-01-10,0.4957983193277311,0.04324512861082399
2011,2012,2012-01-10,Georgia Tech,georgiatech,62,-1.7,https://www.teamrankings.com/college-football/ranking/schedule-strength-by-other?date=2012-01-10,0.4873949579831933,0.011698530232107408
2011,2012,2012-01-10,Louisiana Tech,louisianatech,63,-1.7,https://www.teamrankings.com/college-football/ranking/schedule-strength-by-other?date=2012-01-10,0.4789915966386554,0.011698530232107408
2011,2012,2012-01-10,SMU,smu,64,-1.9,https://www.teamrankings.com/college-football/ranking/schedule-strength-by-other?date=2012-01-10,0.47058823529411764,-0.019848068146609173
2011,2012,2012-01-10,UConn,uconn,65,-1.9,https://www.teamrankings.com/college-football/ranking/schedule-strength-by-other?date=2012-01-10,0.46218487394957986,-0.019848068146609173
2011,2012,2012-01-10,BYU,byu,66,-2.0,https://www.teamrankings.com/college-football/ranking/schedule-strength-by-other?date=2012-01-10,0.45378151260504207,-0.03562136733596748
2011,2012,2012-01-10,Houston,houston,67,-2.3,https://www.teamrankings.com/college-football/ranking/schedule-strength-by-other?date=2012-01-10,0.4453781512605042,-0.08294126490404233
2011,2012,2012-01-10,Purdue,purdue,68,-2.6,https://www.teamrankings.com/college-football/ranking/schedule-strength-by-other?date=2012-01-10,0.4369747899159664,-0.13026116247211725
2011,2012,2012-01-10,Toledo,toledo,69,-2.7,https://www.teamrankings.com/college-football/ranking/schedule-strength-by-other?date=2012-01-10,0.4285714285714286,-0.14603446166147557
2011,2012,2012-01-10,Minnesota,minnesota,70,-2.8,https://www.teamrankings.com/college-football/ranking/schedule-strength-by-other?date=2012-01-10,0.4201680672268907,-0.16180776085083381
2011,2012,2012-01-10,Duke,duke,71,-2.8,https://www.teamrankings.com/college-football/ranking/schedule-strength-by-other?date=2012-01-10,0.4117647058823529,-0.16180776085083381
2011,2012,2012-01-10,NC State,ncstate,72,-2.9,https://www.teamrankings.com/college-football/ranking/schedule-strength-by-other?date=2012-01-10,0.40336134453781514,-0.1775810600401921
2011,2012,2012-01-10,Nevada,nevada,73,-2.9,https://www.teamrankings.com/college-football/ranking/schedule-strength-by-other?date=2012-01-10,0.39495798319327735,-0.1775810600401921
2011,2012,2012-01-10,Navy,navy,74,-3.1,https://www.teamrankings.com/college-football/ranking/schedule-strength-by-other?date=2012-01-10,0.38655462184873945,-0.20912765841890874
2011,2012,2012-01-10,Kentucky,kentucky,75,-3.1,https://www.teamrankings.com/college-football/ranking/schedule-strength-by-other?date=2012-01-10,0.37815126050420167,-0.20912765841890874
2011,2012,2012-01-10,Southern Miss,southernmiss,76,-3.1,https://www.teamrankings.com/college-football/ranking/schedule-strength-by-other?date=2012-01-10,0.3697478991596639,-0.20912765841890874
2011,2012,2012-01-10,Virginia,virginia,77,-3.2,https://www.teamrankings.com/college-football/ranking/schedule-strength-by-other?date=2012-01-10,0.3613445378151261,-0.22490095760826703
2011,2012,2012-01-10,Marshall,marshall,78,-3.8,https://www.teamrankings.com/college-football/ranking/schedule-strength-by-other?date=2012-01-10,0.3529411764705882,-0.3195407527444167
2011,2012,2012-01-10,Rice,rice,79,-4.6,https://www.teamrankings.com/college-football/ranking/schedule-strength-by-other?date=2012-01-10,0.3445378151260504,-0.445727146259283
2011,2012,2012-01-10,Air Force,airforce,80,-4.9,https://www.teamrankings.com/college-football/ranking/schedule-strength-by-other?date=2012-01-10,0.33613445378151263,-0.49304704382735803
2011,2012,2012-01-10,Army,army,81,-4.9,https://www.teamrankings.com/college-football/ranking/schedule-strength-by-other?date=2012-01-10,0.32773109243697474,-0.49304704382735803
2011,2012,2012-01-10,W Michigan,wmichigan,82,-5.1,https://www.teamrankings.com/college-football/ranking/schedule-strength-by-other?date=2012-01-10,0.31932773109243695,-0.5245936422060745
2011,2012,2012-01-10,UCF,ucf,83,-5.1,https://www.teamrankings.com/college-football/ranking/schedule-strength-by-other?date=2012-01-10,0.31092436974789917,-0.5245936422060745
2011,2012,2012-01-10,San Diego St,sandiegost,84,-5.4,https://www.teamrankings.com/college-football/ranking/schedule-strength-by-other?date=2012-01-10,0.3025210084033614,-0.5719135397741495
2011,2012,2012-01-10,San Jose St,sanjosest,85,-5.4,https://www.teamrankings.com/college-football/ranking/schedule-strength-by-other?date=2012-01-10,0.2941176470588235,-0.5719135397741495
2011,2012,2012-01-10,E Carolina,ecarolina,86,-5.5,https://www.teamrankings.com/college-football/ranking/schedule-strength-by-other?date=2012-01-10,0.2857142857142857,-0.5876868389635077
2011,2012,2012-01-10,Fresno St,fresnost,87,-5.7,https://www.teamrankings.com/college-football/ranking/schedule-strength-by-other?date=2012-01-10,0.2773109243697479,-0.6192334373422244
2011,2012,2012-01-10,Indiana,indiana,88,-5.7,https://www.teamrankings.com/college-football/ranking/schedule-strength-by-other?date=2012-01-10,0.26890756302521013,-0.6192334373422244
2011,2012,2012-01-10,Miami OH,miamioh,89,-6.1,https://www.teamrankings.com/college-football/ranking/schedule-strength-by-other?date=2012-01-10,0.26050420168067223,-0.6823266340996574
2011,2012,2012-01-10,Ball St,ballst,90,-6.2,https://www.teamrankings.com/college-football/ranking/schedule-strength-by-other?date=2012-01-10,0.25210084033613445,-0.6980999332890158
2011,2012,2012-01-10,N Illinois,nillinois,91,-6.9,https://www.teamrankings.com/college-football/ranking/schedule-strength-by-other?date=2012-01-10,0.24369747899159666,-0.8085130276145239
2011,2012,2012-01-10,UTEP,utep,92,-7.4,https://www.teamrankings.com/college-football/ranking/schedule-strength-by-other?date=2012-01-10,0.23529411764705888,-0.8873795235613153
2011,2012,2012-01-10,Utah St,utahst,93,-7.4,https://www.teamrankings.com/college-football/ranking/schedule-strength-by-other?date=2012-01-10,0.22689075630252098,-0.8873795235613153
2011,2012,2012-01-10,Bowling Green,bowlinggreen,94,-7.4,https://www.teamrankings.com/college-football/ranking/schedule-strength-by-other?date=2012-01-10,0.2184873949579832,-0.8873795235613153
2011,2012,2012-01-10,Wyoming,wyoming,95,-8.1,https://www.teamrankings.com/college-football/ranking/schedule-strength-by-other?date=2012-01-10,0.2100840336134454,-0.9977926178868233
2011,2012,2012-01-10,Temple,temple,96,-8.4,https://www.teamrankings.com/college-football/ranking/schedule-strength-by-other?date=2012-01-10,0.2016806722689075,-1.0451125154548984
2011,2012,2012-01-10,UL Monroe,ulmonroe,97,-8.5,https://www.teamrankings.com/college-football/ranking/schedule-strength-by-other?date=2012-01-10,0.19327731092436973,-1.0608858146442566
2011,2012,2012-01-10,Arkansas St,arkansasst,98,-8.9,https://www.teamrankings.com/college-football/ranking/schedule-strength-by-other?date=2012-01-10,0.18487394957983194,-1.1239790114016899
2011,2012,2012-01-10,N Texas,ntexas,99,-9.0,https://www.teamrankings.com/college-football/ranking/schedule-strength-by-other?date=2012-01-10,0.17647058823529416,-1.139752310591048
2011,2012,2012-01-10,Idaho,idaho,100,-9.0,https://www.teamrankings.com/college-football/ranking/schedule-strength-by-other?date=2012-01-10,0.16806722689075626,-1.139752310591048
2011,2012,2012-01-10,New Mexico St,newmexicost,101,-9.3,https://www.teamrankings.com/college-football/ranking/schedule-strength-by-other?date=2012-01-10,0.15966386554621848,-1.187072208159123
2011,2012,2012-01-10,Louisiana,louisiana,102,-9.5,https://www.teamrankings.com/college-football/ranking/schedule-strength-by-other?date=2012-01-10,0.1512605042016807,-1.2186188065378394
2011,2012,2012-01-10,C Michigan,cmichigan,103,-9.6,https://www.teamrankings.com/college-football/ranking/schedule-strength-by-other?date=2012-01-10,0.1428571428571429,-1.2343921057271978
2011,2012,2012-01-10,Hawai'i,hawaii,104,-9.8,https://www.teamrankings.com/college-football/ranking/schedule-strength-by-other?date=2012-01-10,0.134453781512605,-1.2659387041059147
2011,2012,2012-01-10,UAB,uab,105,-9.8,https://www.teamrankings.com/college-football/ranking/schedule-strength-by-other?date=2012-01-10,0.12605042016806722,-1.2659387041059147
2011,2012,2012-01-10,Ohio,ohio,106,-9.8,https://www.teamrankings.com/college-football/ranking/schedule-strength-by-other?date=2012-01-10,0.11764705882352944,-1.2659387041059147
2011,2012,2012-01-10,Buffalo,buffalo,107,-10.1,https://www.teamrankings.com/college-football/ranking/schedule-strength-by-other?date=2012-01-10,0.10924369747899154,-1.3132586016739893
2011,2012,2012-01-10,Kent St,kentst,108,-10.2,https://www.teamrankings.com/college-football/ranking/schedule-strength-by-other?date=2012-01-10,0.10084033613445376,-1.3290319008633475
2011,2012,2012-01-10,Troy,troy,109,-10.5,https://www.teamrankings.com/college-football/ranking/schedule-strength-by-other?date=2012-01-10,0.09243697478991597,-1.3763517984314226
2011,2012,2012-01-10,Florida Intl,floridaintl,110,-10.6,https://www.teamrankings.com/college-football/ranking/schedule-strength-by-other?date=2012-01-10,0.08403361344537819,-1.3921250976207808
2011,2012,2012-01-10,W Kentucky,wkentucky,111,-10.7,https://www.teamrankings.com/college-football/ranking/schedule-strength-by-other?date=2012-01-10,0.07563025210084029,-1.407898396810139
2011,2012,2012-01-10,UNLV,unlv,112,-10.7,https://www.teamrankings.com/college-football/ranking/schedule-strength-by-other?date=2012-01-10,0.0672268907563025,-1.407898396810139
2011,2012,2012-01-10,Colorado St,coloradost,113,-11.4,https://www.teamrankings.com/college-football/ranking/schedule-strength-by-other?date=2012-01-10,0.05882352941176472,-1.5183114911356472
2011,2012,2012-01-10,Florida Atlantic,floridaatlantic,114,-11.7,https://www.teamrankings.com/college-football/ranking/schedule-strength-by-other?date=2012-01-10,0.050420168067226934,-1.5656313887037219
2011,2012,2012-01-10,Middle Tenn,middletenn,115,-11.9,https://www.teamrankings.com/college-football/ranking/schedule-strength-by-other?date=2012-01-10,0.04201680672268904,-1.5971779870824387
2011,2012,2012-01-10,E Michigan,emichigan,116,-12.5,https://www.teamrankings.com/college-football/ranking/schedule-strength-by-other?date=2012-01-10,0.03361344537815125,-1.6918177822185885
2011,2012,2012-01-10,Tulane,tulane,117,-12.8,https://www.teamrankings.com/college-football/ranking/schedule-strength-by-other?date=2012-01-10,0.025210084033613467,-1.7391376797866633
2011,2012,2012-01-10,Akron,akron,118,-14.8,https://www.teamrankings.com/college-football/ranking/schedule-strength-by-other?date=2012-01-10,0.01680672268907568,-2.0546036635738294
2011,2012,2012-01-10,Memphis,memphis,119,-15.2,https://www.teamrankings.com/college-football/ranking/schedule-strength-by-other?date=2012-01-10,0.008403361344537785,-2.1176968603312623
2011,2012,2012-01-10,New Mexico,newmexico,120,-15.7,https://www.teamrankings.com/college-football/ranking/schedule-strength-by-other?date=2012-01-10,0.0,-2.1965633562780535
2012,2013,2013-01-08,Alabama,alabama,1,10.1,https://www.teamrankings.com/college-football/ranking/schedule-strength-by-other?date=2013-01-08,1.0,1.9271715620504486
2012,2013,2013-01-08,Oklahoma,oklahoma,2,10.0,https://www.teamrankings.com/college-football/ranking/schedule-strength-by-other?date=2013-01-08,0.991869918699187,1.9120383042647318
2012,2013,2013-01-08,Texas A&M,texasaandm,3,9.9,https://www.teamrankings.com/college-football/ranking/schedule-strength-by-other?date=2013-01-08,0.983739837398374,1.896905046479015
2012,2013,2013-01-08,Kansas St,kansasst,4,9.9,https://www.teamrankings.com/college-football/ranking/schedule-strength-by-other?date=2013-01-08,0.975609756097561,1.896905046479015
2012,2013,2013-01-08,Florida,florida,5,8.2,https://www.teamrankings.com/college-football/ranking/schedule-strength-by-other?date=2013-01-08,0.967479674796748,1.6396396641218274
2012,2013,2013-01-08,Oregon,oregon,6,8.2,https://www.teamrankings.com/college-football/ranking/schedule-strength-by-other?date=2013-01-08,0.959349593495935,1.6396396641218274
2012,2013,2013-01-08,Notre Dame,notredame,7,8.0,https://www.teamrankings.com/college-football/ranking/schedule-strength-by-other?date=2013-01-08,0.9512195121951219,1.6093731485503937
2012,2013,2013-01-08,Texas,texas,8,7.7,https://www.teamrankings.com/college-football/ranking/schedule-strength-by-other?date=2013-01-08,0.943089430894309,1.563973375193243
2012,2013,2013-01-08,Oklahoma St,oklahomast,9,7.5,https://www.teamrankings.com/college-football/ranking/schedule-strength-by-other?date=2013-01-08,0.9349593495934959,1.533706859621809
2012,2013,2013-01-08,Missouri,missouri,10,7.4,https://www.teamrankings.com/college-football/ranking/schedule-strength-by-other?date=2013-01-08,0.926829268292683,1.5185736018360922
2012,2013,2013-01-08,LSU,lsu,11,7.3,https://www.teamrankings.com/college-football/ranking/schedule-strength-by-other?date=2013-01-08,0.9186991869918699,1.5034403440503752
2012,2013,2013-01-08,Baylor,baylor,12,7.1,https://www.teamrankings.com/college-football/ranking/schedule-strength-by-other?date=2013-01-08,0.9105691056910569,1.4731738284789415
2012,2013,2013-01-08,Oregon St,oregonst,13,6.9,https://www.teamrankings.com/college-football/ranking/schedule-strength-by-other?date=2013-01-08,0.9024390243902439,1.4429073129075076
2012,2013,2013-01-08,TCU,tcu,14,6.7,https://www.teamrankings.com/college-football/ranking/schedule-strength-by-other?date=2013-01-08,0.8943089430894309,1.412640797336074
2012,2013,2013-01-08,Georgia,georgia,15,6.5,https://www.teamrankings.com/college-football/ranking/schedule-strength-by-other?date=2013-01-08,0.8861788617886179,1.38237428176464
2012,2013,2013-01-08,Stanford,stanford,16,6.4,https://www.teamrankings.com/college-football/ranking/schedule-strength-by-other?date=2013-01-08,0.8780487804878049,1.3672410239789232
2012,2013,2013-01-08,USC,usc,17,6.3,https://www.teamrankings.com/college-football/ranking/schedule-strength-by-other?date=2013-01-08,0.8699186991869918,1.3521077661932062
2012,2013,2013-01-08,South Carolina,southcarolina,18,6.2,https://www.teamrankings.com/college-football/ranking/schedule-strength-by-other?date=2013-01-08,0.8617886178861789,1.3369745084074895
2012,2013,2013-01-08,Iowa St,iowast,19,5.6,https://www.teamrankings.com/college-football/ranking/schedule-strength-by-other?date=2013-01-08,0.8536585365853658,1.2461749616931879
2012,2013,2013-01-08,Michigan,michigan,20,5.5,https://www.teamrankings.com/college-football/ranking/schedule-strength-by-other?date=2013-01-08,0.8455284552845528,1.231041703907471
2012,2013,2013-01-08,Nebraska,nebraska,21,4.9,https://www.teamrankings.com/college-football/ranking/schedule-strength-by-other?date=2013-01-08,0.8373983739837398,1.1402421571931696
2012,2013,2013-01-08,West Virginia,westvirginia,22,4.4,https://www.teamrankings.com/college-football/ranking/schedule-strength-by-other?date=2013-01-08,0.8292682926829268,1.0645758682645852
2012,2013,2013-01-08,Texas Tech,texastech,23,4.3,https://www.teamrankings.com/college-football/ranking/schedule-strength-by-other?date=2013-01-08,0.8211382113821138,1.049442610478868
2012,2013,2013-01-08,Mississippi,mississippi,24,4.1,https://www.teamrankings.com/college-football/ranking/schedule-strength-by-other?date=2013-01-08,0.8130081300813008,1.0191760949074342
2012,2013,2013-01-08,Arizona,arizona,25,3.7,https://www.teamrankings.com/college-football/ranking/schedule-strength-by-other?date=2013-01-08,0.8048780487804879,0.9586430637645668
2012,2013,2013-01-08,Wisconsin,wisconsin,26,3.6,https://www.teamrankings.com/college-football/ranking/schedule-strength-by-other?date=2013-01-08,0.7967479674796748,0.9435098059788498
2012,2013,2013-01-08,UCLA,ucla,27,3.5,https://www.teamrankings.com/college-football/ranking/schedule-strength-by-other?date=2013-01-08,0.7886178861788617,0.928376548193133
2012,2013,2013-01-08,Arizona St,arizonast,28,3.0,https://www.teamrankings.com/college-football/ranking/schedule-strength-by-other?date=2013-01-08,0.7804878048780488,0.8527102592645485
2012,2013,2013-01-08,Michigan St,michiganst,29,3.0,https://www.teamrankings.com/college-football/ranking/schedule-strength-by-other?date=2013-01-08,0.7723577235772358,0.8527102592645485
2012,2013,2013-01-08,Arkansas,arkansas,30,2.9,https://www.teamrankings.com/college-football/ranking/schedule-strength-by-other?date=2013-01-08,0.7642276422764227,0.8375770014788316
2012,2013,2013-01-08,Vanderbilt,vanderbilt,31,2.6,https://www.teamrankings.com/college-football/ranking/schedule-strength-by-other?date=2013-01-08,0.7560975609756098,0.7921772281216808
2012,2013,2013-01-08,Tennessee,tennessee,32,2.5,https://www.teamrankings.com/college-football/ranking/schedule-strength-by-other?date=2013-01-08,0.7479674796747968,0.777043970335964
2012,2013,2013-01-08,California,california,33,2.3,https://www.teamrankings.com/college-football/ranking/schedule-strength-by-other?date=2013-01-08,0.7398373983739837,0.7467774547645301
2012,2013,2013-01-08,Washington,washington,34,2.1,https://www.teamrankings.com/college-football/ranking/schedule-strength-by-other?date=2013-01-08,0.7317073170731707,0.7165109391930963
2012,2013,2013-01-08,Georgia Tech,georgiatech,35,2.1,https://www.teamrankings.com/college-football/ranking/schedule-strength-by-other?date=2013-01-08,0.7235772357723578,0.7165109391930963
2012,2013,2013-01-08,BYU,byu,36,1.8,https://www.teamrankings.com/college-football/ranking/schedule-strength-by-other?date=2013-01-08,0.7154471544715447,0.6711111658359455
2012,2013,2013-01-08,Auburn,auburn,37,1.7,https://www.teamrankings.com/college-football/ranking/schedule-strength-by-other?date=2013-01-08,0.7073170731707317,0.6559779080502287
2012,2013,2013-01-08,Kansas,kansas,38,1.7,https://www.teamrankings.com/college-football/ranking/schedule-strength-by-other?date=2013-01-08,0.6991869918699187,0.6559779080502287
2012,2013,2013-01-08,Utah,utah,39,1.6,https://www.teamrankings.com/college-football/ranking/schedule-strength-by-other?date=2013-01-08,0.6910569105691057,0.6408446502645118
2012,2013,2013-01-08,Florida St,floridast,40,1.6,https://www.teamrankings.com/college-football/ranking/schedule-strength-by-other?date=2013-01-08,0.6829268292682926,0.6408446502645118
2012,2013,2013-01-08,Ohio St,ohiost,41,1.4,https://www.teamrankings.com/college-football/ranking/schedule-strength-by-other?date=2013-01-08,0.6747967479674797,0.610578134693078
2012,2013,2013-01-08,Clemson,clemson,42,1.4,https://www.teamrankings.com/college-football/ranking/schedule-strength-by-other?date=2013-01-08,0.6666666666666667,0.610578134693078
2012,2013,2013-01-08,Mississippi St,mississippist,43,1.2,https://www.teamrankings.com/college-football/ranking/schedule-strength-by-other?date=2013-01-08,0.6585365853658536,0.5803116191216442
2012,2013,2013-01-08,Miami,miami,44,0.9,https://www.teamrankings.com/college-football/ranking/schedule-strength-by-other?date=2013-01-08,0.6504065040650406,0.5349118457644935
2012,2013,2013-01-08,Virginia Tech,virginiatech,45,0.8,https://www.teamrankings.com/college-football/ranking/schedule-strength-by-other?date=2013-01-08,0.6422764227642277,0.5197785879787765
2012,2013,2013-01-08,Syracuse,syracuse,46,0.8,https://www.teamrankings.com/college-football/ranking/schedule-strength-by-other?date=2013-01-08,0.6341463414634146,0.5197785879787765
2012,2013,2013-01-08,Northwestern,northwestern,47,0.7,https://www.teamrankings.com/college-football/ranking/schedule-strength-by-other?date=2013-01-08,0.6260162601626016,0.5046453301930597
2012,2013,2013-01-08,Kentucky,kentucky,48,-0.2,https://www.teamrankings.com/college-football/ranking/schedule-strength-by-other?date=2013-01-08,0.6178861788617886,0.3684460101216075
2012,2013,2013-01-08,Penn St,pennst,49,-1.1,https://www.teamrankings.com/college-football/ranking/schedule-strength-by-other?date=2013-01-08,0.6097560975609756,0.23224669005015539
2012,2013,2013-01-08,Iowa,iowa,50,-1.2,https://www.teamrankings.com/college-football/ranking/schedule-strength-by-other?date=2013-01-08,0.6016260162601625,0.2171134322644385
2012,2013,2013-01-08,Pittsburgh,pittsburgh,51,-1.3,https://www.teamrankings.com/college-football/ranking/schedule-strength-by-other?date=2013-01-08,0.5934959349593496,0.20198017447872157
2012,2013,2013-01-08,S Florida,sflorida,52,-1.3,https://www.teamrankings.com/college-football/ranking/schedule-strength-by-other?date=2013-01-08,0.5853658536585367,0.20198017447872157
2012,2013,2013-01-08,Purdue,purdue,53,-2.1,https://www.teamrankings.com/college-football/ranking/schedule-strength-by-other?date=2013-01-08,0.5772357723577235,0.08091411219298635
2012,2013,2013-01-08,Utah St,utahst,54,-2.4,https://www.teamrankings.com/college-football/ranking/schedule-strength-by-other?date=2013-01-08,0.5691056910569106,0.035514338835835664
2012,2013,2013-01-08,Louisville,louisville,55,-2.5,https://www.teamrankings.com/college-football/ranking/schedule-strength-by-other?date=2013-01-08,0.5609756097560976,0.020381081050118745
2012,2013,2013-01-08,NC State,ncstate,56,-2.5,https://www.teamrankings.com/college-football/ranking/schedule-strength-by-other?date=2013-01-08,0.5528455284552846,0.020381081050118745
2012,2013,2013-01-08,Boston College,bostoncollege,57,-2.7,https://www.teamrankings.com/college-football/ranking/schedule-strength-by-other?date=2013-01-08,0.5447154471544715,-0.009885434521315089
2012,2013,2013-01-08,Minnesota,minnesota,58,-2.9,https://www.teamrankings.com/college-football/ranking/schedule-strength-by-other?date=2013-01-08,0.5365853658536586,-0.040151950092748856
2012,2013,2013-01-08,Duke,duke,59,-2.9,https://www.teamrankings.com/college-football/ranking/schedule-strength-by-other?date=2013-01-08,0.5284552845528455,-0.040151950092748856
2012,2013,2013-01-08,Tulsa,tulsa,60,-2.9,https://www.teamrankings.com/college-football/ranking/schedule-strength-by-other?date=2013-01-08,0.5203252032520325,-0.040151950092748856
2012,2013,2013-01-08,SMU,smu,61,-2.9,https://www.teamrankings.com/college-football/ranking/schedule-strength-by-other?date=2013-01-08,0.5121951219512195,-0.040151950092748856
2012,2013,2013-01-08,Virginia,virginia,62,-3.1,https://www.teamrankings.com/college-football/ranking/schedule-strength-by-other?date=2013-01-08,0.5040650406504066,-0.0704184656641827
2012,2013,2013-01-08,Rutgers,rutgers,63,-3.2,https://www.teamrankings.com/college-football/ranking/schedule-strength-by-other?date=2013-01-08,0.49593495934959353,-0.0855517234498996
2012,2013,2013-01-08,Fresno St,fresnost,64,-3.5,https://www.teamrankings.com/college-football/ranking/schedule-strength-by-other?date=2013-01-08,0.4878048780487805,-0.1309514968070503
2012,2013,2013-01-08,Washington St,washingtonst,65,-3.5,https://www.teamrankings.com/college-football/ranking/schedule-strength-by-other?date=2013-01-08,0.4796747967479674,-0.1309514968070503
2012,2013,2013-01-08,UCF,ucf,66,-3.6,https://www.teamrankings.com/college-football/ranking/schedule-strength-by-other?date=2013-01-08,0.4715447154471545,-0.1460847545927672
2012,2013,2013-01-08,Maryland,maryland,67,-3.7,https://www.teamrankings.com/college-football/ranking/schedule-strength-by-other?date=2013-01-08,0.46341463414634143,-0.16121801237848413
2012,2013,2013-01-08,Cincinnati,cincinnati,68,-4.0,https://www.teamrankings.com/college-football/ranking/schedule-strength-by-other?date=2013-01-08,0.4552845528455285,-0.2066177857356348
2012,2013,2013-01-08,Arkansas St,arkansasst,69,-4.5,https://www.teamrankings.com/college-football/ranking/schedule-strength-by-other?date=2013-01-08,0.44715447154471544,-0.28228407466421934
2012,2013,2013-01-08,North Carolina,northcarolina,70,-4.5,https://www.teamrankings.com/college-football/ranking/schedule-strength-by-other?date=2013-01-08,0.4390243902439024,-0.28228407466421934
2012,2013,2013-01-08,Indiana,indiana,71,-4.5,https://www.teamrankings.com/college-football/ranking/schedule-strength-by-other?date=2013-01-08,0.43089430894308944,-0.28228407466421934
2012,2013,2013-01-08,Temple,temple,72,-4.5,https://www.teamrankings.com/college-football/ranking/schedule-strength-by-other?date=2013-01-08,0.4227642276422764,-0.28228407466421934
2012,2013,2013-01-08,UConn,uconn,73,-4.6,https://www.teamrankings.com/college-football/ranking/schedule-strength-by-other?date=2013-01-08,0.41463414634146345,-0.2974173324499362
2012,2013,2013-01-08,Illinois,illinois,74,-4.7,https://www.teamrankings.com/college-football/ranking/schedule-strength-by-other?date=2013-01-08,0.4065040650406504,-0.3125505902356532
2012,2013,2013-01-08,Boise St,boisest,75,-4.7,https://www.teamrankings.com/college-football/ranking/schedule-strength-by-other?date=2013-01-08,0.39837398373983735,-0.3125505902356532
2012,2013,2013-01-08,San Jose St,sanjosest,76,-4.8,https://www.teamrankings.com/college-football/ranking/schedule-strength-by-other?date=2013-01-08,0.3902439024390244,-0.32768384802137
2012,2013,2013-01-08,Louisiana Tech,louisianatech,77,-5.4,https://www.teamrankings.com/college-football/ranking/schedule-strength-by-other?date=2013-01-08,0.38211382113821135,-0.41848339473567153
2012,2013,2013-01-08,Wake Forest,wakeforest,78,-5.6,https://www.teamrankings.com/college-football/ranking/schedule-strength-by-other?date=2013-01-08,0.3739837398373984,-0.4487499103071052
2012,2013,2013-01-08,Ball St,ballst,79,-5.6,https://www.teamrankings.com/college-football/ranking/schedule-strength-by-other?date=2013-01-08,0.36585365853658536,-0.4487499103071052
2012,2013,2013-01-08,San Diego St,sandiegost,80,-6.0,https://www.teamrankings.com/college-football/ranking/schedule-strength-by-other?date=2013-01-08,0.3577235772357723,-0.5092829414499729
2012,2013,2013-01-08,UL Monroe,ulmonroe,81,-6.3,https://www.teamrankings.com/college-football/ranking/schedule-strength-by-other?date=2013-01-08,0.34959349593495936,-0.5546827148071236
2012,2013,2013-01-08,UTEP,utep,82,-6.3,https://www.teamrankings.com/college-football/ranking/schedule-strength-by-other?date=2013-01-08,0.3414634146341463,-0.5546827148071236
2012,2013,2013-01-08,Louisiana,louisiana,83,-6.3,https://www.teamrankings.com/college-football/ranking/schedule-strength-by-other?date=2013-01-08,0.33333333333333337,-0.5546827148071236
2012,2013,2013-01-08,Navy,navy,84,-6.9,https://www.teamrankings.com/college-football/ranking/schedule-strength-by-other?date=2013-01-08,0.3252032520325203,-0.6454822615214251
2012,2013,2013-01-08,N Illinois,nillinois,85,-7.1,https://www.teamrankings.com/college-football/ranking/schedule-strength-by-other?date=2013-01-08,0.31707317073170727,-0.6757487770928587
2012,2013,2013-01-08,Toledo,toledo,86,-7.1,https://www.teamrankings.com/college-football/ranking/schedule-strength-by-other?date=2013-01-08,0.3089430894308943,-0.6757487770928587
2012,2013,2013-01-08,N Texas,ntexas,87,-7.2,https://www.teamrankings.com/college-football/ranking/schedule-strength-by-other?date=2013-01-08,0.30081300813008127,-0.6908820348785757
2012,2013,2013-01-08,Florida Intl,floridaintl,88,-7.4,https://www.teamrankings.com/college-football/ranking/schedule-strength-by-other?date=2013-01-08,0.29268292682926833,-0.7211485504500096
2012,2013,2013-01-08,Southern Miss,southernmiss,89,-7.6,https://www.teamrankings.com/college-football/ranking/schedule-strength-by-other?date=2013-01-08,0.2845528455284553,-0.7514150660214433
2012,2013,2013-01-08,Troy,troy,90,-7.7,https://www.teamrankings.com/college-football/ranking/schedule-strength-by-other?date=2013-01-08,0.2764227642276422,-0.7665483238071602
2012,2013,2013-01-08,Kent St,kentst,91,-7.9,https://www.teamrankings.com/college-football/ranking/schedule-strength-by-other?date=2013-01-08,0.2682926829268293,-0.7968148393785941
2012,2013,2013-01-08,Nevada,nevada,92,-8.0,https://www.teamrankings.com/college-football/ranking/schedule-strength-by-other?date=2013-01-08,0.26016260162601623,-0.8119480971643109
2012,2013,2013-01-08,Tulane,tulane,93,-8.2,https://www.teamrankings.com/college-football/ranking/schedule-strength-by-other?date=2013-01-08,0.2520325203252033,-0.8422146127357446
2012,2013,2013-01-08,W Kentucky,wkentucky,94,-8.2,https://www.teamrankings.com/college-football/ranking/schedule-strength-by-other?date=2013-01-08,0.24390243902439024,-0.8422146127357446
2012,2013,2013-01-08,Rice,rice,95,-8.3,https://www.teamrankings.com/college-football/ranking/schedule-strength-by-other?date=2013-01-08,0.2357723577235772,-0.8573478705214618
2012,2013,2013-01-08,Marshall,marshall,96,-8.4,https://www.teamrankings.com/college-football/ranking/schedule-strength-by-other?date=2013-01-08,0.22764227642276424,-0.8724811283071786
2012,2013,2013-01-08,Colorado,colorado,97,-8.5,https://www.teamrankings.com/college-football/ranking/schedule-strength-by-other?date=2013-01-08,0.2195121951219512,-0.8876143860928954
2012,2013,2013-01-08,Houston,houston,98,-8.5,https://www.teamrankings.com/college-football/ranking/schedule-strength-by-other?date=2013-01-08,0.21138211382113825,-0.8876143860928954
2012,2013,2013-01-08,Middle Tenn,middletenn,99,-8.7,https://www.teamrankings.com/college-football/ranking/schedule-strength-by-other?date=2013-01-08,0.2032520325203252,-0.9178809016643291
2012,2013,2013-01-08,Florida Atlantic,floridaatlantic,100,-8.7,https://www.teamrankings.com/college-football/ranking/schedule-strength-by-other?date=2013-01-08,0.19512195121951215,-0.9178809016643291
2012,2013,2013-01-08,E Michigan,emichigan,101,-9.0,https://www.teamrankings.com/college-football/ranking/schedule-strength-by-other?date=2013-01-08,0.1869918699186992,-0.96328067502148
2012,2013,2013-01-08,Bowling Green,bowlinggreen,102,-9.3,https://www.teamrankings.com/college-football/ranking/schedule-strength-by-other?date=2013-01-08,0.17886178861788615,-1.0086804483786307
2012,2013,2013-01-08,Army,army,103,-9.6,https://www.teamrankings.com/college-football/ranking/schedule-strength-by-other?date=2013-01-08,0.1707317073170732,-1.0540802217357814
2012,2013,2013-01-08,E Carolina,ecarolina,104,-9.7,https://www.teamrankings.com/college-football/ranking/schedule-strength-by-other?date=2013-01-08,0.16260162601626016,-1.0692134795214983
2012,2013,2013-01-08,Buffalo,buffalo,105,-10.0,https://www.teamrankings.com/college-football/ranking/schedule-strength-by-other?date=2013-01-08,0.1544715447154471,-1.114613252878649
2012,2013,2013-01-08,W Michigan,wmichigan,106,-10.5,https://www.teamrankings.com/college-football/ranking/schedule-strength-by-other?date=2013-01-08,0.14634146341463417,-1.1902795418072336
2012,2013,2013-01-08,Wyoming,wyoming,107,-10.6,https://www.teamrankings.com/college-football/ranking/schedule-strength-by-other?date=2013-01-08,0.1382113821138211,-1.2054127995929504
2012,2013,2013-01-08,Miami OH,miamioh,108,-10.7,https://www.teamrankings.com/college-football/ranking/schedule-strength-by-other?date=2013-01-08,0.13008130081300817,-1.2205460573786673
2012,2013,2013-01-08,Texas St,texasst,109,-10.9,https://www.teamrankings.com/college-football/ranking/schedule-strength-by-other?date=2013-01-08,0.12195121951219512,-1.2508125729501012
2012,2013,2013-01-08,UMass,umass,110,-11.0,https://www.teamrankings.com/college-football/ranking/schedule-strength-by-other?date=2013-01-08,0.11382113821138207,-1.265945830735818
2012,2013,2013-01-08,Ohio,ohio,111,-11.3,https://www.teamrankings.com/college-football/ranking/schedule-strength-by-other?date=2013-01-08,0.10569105691056913,-1.311345604092969
2012,2013,2013-01-08,Air Force,airforce,112,-11.3,https://www.teamrankings.com/college-football/ranking/schedule-strength-by-other?date=2013-01-08,0.09756097560975607,-1.311345604092969
2012,2013,2013-01-08,UAB,uab,113,-11.3,https://www.teamrankings.com/college-football/ranking/schedule-strength-by-other?date=2013-01-08,0.08943089430894313,-1.311345604092969
2012,2013,2013-01-08,Memphis,memphis,114,-11.4,https://www.teamrankings.com/college-football/ranking/schedule-strength-by-other?date=2013-01-08,0.08130081300813008,-1.3264788618786858
2012,2013,2013-01-08,C Michigan,cmichigan,115,-11.8,https://www.teamrankings.com/college-football/ranking/schedule-strength-by-other?date=2013-01-08,0.07317073170731703,-1.3870118930215534
2012,2013,2013-01-08,S Alabama,salabama,116,-12.0,https://www.teamrankings.com/college-football/ranking/schedule-strength-by-other?date=2013-01-08,0.06504065040650409,-1.417278408592987
2012,2013,2013-01-08,Akron,akron,117,-12.0,https://www.teamrankings.com/college-football/ranking/schedule-strength-by-other?date=2013-01-08,0.05691056910569103,-1.417278408592987
2012,2013,2013-01-08,Colorado St,coloradost,118,-12.0,https://www.teamrankings.com/college-football/ranking/schedule-strength-by-other?date=2013-01-08,0.04878048780487809,-1.417278408592987
2012,2013,2013-01-08,UNLV,unlv,119,-12.1,https://www.teamrankings.com/college-football/ranking/schedule-strength-by-other?date=2013-01-08,0.04065040650406504,-1.4324116663787039
2012,2013,2013-01-08,New Mexico,newmexico,120,-12.2,https://www.teamrankings.com/college-football/ranking/schedule-strength-by-other?date=2013-01-08,0.03252032520325199,-1.4475449241644207
2012,2013,2013-01-08,Hawai'i,hawaii,121,-12.6,https://www.teamrankings.com/college-football/ranking/schedule-strength-by-other?date=2013-01-08,0.024390243902439046,-1.5080779553072885
2012,2013,2013-01-08,Idaho,idaho,122,-13.6,https://www.teamrankings.com/college-football/ranking/schedule-strength-by-other?date=2013-01-08,0.016260162601625994,-1.6594105331644575
2012,2013,2013-01-08,New Mexico St,newmexicost,123,-14.9,https://www.teamrankings.com/college-football/ranking/schedule-strength-by-other?date=2013-01-08,0.008130081300813052,-1.8561428843787773
2012,2013,2013-01-08,UTSA,utsa,124,-16.7,https://www.teamrankings.com/college-football/ranking/schedule-strength-by-other?date=2013-01-08,0.0,-2.1285415245216814
2013,2014,2014-01-07,Stanford,stanford,1,11.9,https://www.teamrankings.com/college-football/ranking/schedule-strength-by-other?date=2014-01-07,1.0,1.791275993303448
2013,2014,2014-01-07,Arizona St,arizonast,2,10.9,https://www.teamrankings.com/college-football/ranking/schedule-strength-by-other?date=2014-01-07,0.9919354838709677,1.6612623484521352
2013,2014,2014-01-07,Auburn,auburn,3,10.9,https://www.teamrankings.com/college-football/ranking/schedule-strength-by-other?date=2014-01-07,0.9838709677419355,1.6612623484521352
2013,2014,2014-01-07,UCLA,ucla,4,10.8,https://www.teamrankings.com/college-football/ranking/schedule-strength-by-other?date=2014-01-07,0.9758064516129032,1.648260983967004
2013,2014,2014-01-07,Washington,washington,5,10.1,https://www.teamrankings.com/college-football/ranking/schedule-strength-by-other?date=2014-01-07,0.967741935483871,1.557251432571085
2013,2014,2014-01-07,Oregon,oregon,6,10.1,https://www.teamrankings.com/college-football/ranking/schedule-strength-by-other?date=2014-01-07,0.9596774193548387,1.557251432571085
2013,2014,2014-01-07,Alabama,alabama,7,9.5,https://www.teamrankings.com/college-football/ranking/schedule-strength-by-other?date=2014-01-07,0.9516129032258065,1.479243245660297
2013,2014,2014-01-07,Utah,utah,8,9.4,https://www.teamrankings.com/college-football/ranking/schedule-strength-by-other?date=2014-01-07,0.9435483870967742,1.4662418811751659
2013,2014,2014-01-07,Oklahoma,oklahoma,9,9.0,https://www.teamrankings.com/college-football/ranking/schedule-strength-by-other?date=2014-01-07,0.935483870967742,1.4142364232346407
2013,2014,2014-01-07,Georgia,georgia,10,8.9,https://www.teamrankings.com/college-football/ranking/schedule-strength-by-other?date=2014-01-07,0.9274193548387096,1.4012350587495095
2013,2014,2014-01-07,LSU,lsu,11,8.5,https://www.teamrankings.com/college-football/ranking/schedule-strength-by-other?date=2014-01-07,0.9193548387096774,1.3492296008089844
2013,2014,2014-01-07,Missouri,missouri,12,8.4,https://www.teamrankings.com/college-football/ranking/schedule-strength-by-other?date=2014-01-07,0.9112903225806451,1.3362282363238531
2013,2014,2014-01-07,Florida St,floridast,13,8.4,https://www.teamrankings.com/college-football/ranking/schedule-strength-by-other?date=2014-01-07,0.9032258064516129,1.3362282363238531
2013,2014,2014-01-07,Texas,texas,14,8.4,https://www.teamrankings.com/college-football/ranking/schedule-strength-by-other?date=2014-01-07,0.8951612903225806,1.3362282363238531
2013,2014,2014-01-07,Oklahoma St,oklahomast,15,8.3,https://www.teamrankings.com/college-football/ranking/schedule-strength-by-other?date=2014-01-07,0.8870967741935484,1.323226871838722
2013,2014,2014-01-07,Mississippi,mississippi,16,8.3,https://www.teamrankings.com/college-football/ranking/schedule-strength-by-other?date=2014-01-07,0.8790322580645161,1.323226871838722
2013,2014,2014-01-07,South Carolina,southcarolina,17,8.2,https://www.teamrankings.com/college-football/ranking/schedule-strength-by-other?date=2014-01-07,0.8709677419354839,1.3102255073535902
2013,2014,2014-01-07,Baylor,baylor,18,7.9,https://www.teamrankings.com/college-football/ranking/schedule-strength-by-other?date=2014-01-07,0.8629032258064516,1.2712214138981965
2013,2014,2014-01-07,Texas A&M,texasaandm,19,7.8,https://www.teamrankings.com/college-football/ranking/schedule-strength-by-other?date=2014-01-07,0.8548387096774194,1.2582200494130653
2013,2014,2014-01-07,Mississippi St,mississippist,20,7.2,https://www.teamrankings.com/college-football/ranking/schedule-strength-by-other?date=2014-01-07,0.8467741935483871,1.1802118625022777
2013,2014,2014-01-07,Clemson,clemson,21,7.1,https://www.teamrankings.com/college-football/ranking/schedule-strength-by-other?date=2014-01-07,0.8387096774193549,1.1672104980171463
2013,2014,2014-01-07,Wisconsin,wisconsin,22,6.8,https://www.teamrankings.com/college-football/ranking/schedule-strength-by-other?date=2014-01-07,0.8306451612903226,1.1282064045617526
2013,2014,2014-01-07,USC,usc,23,6.7,https://www.teamrankings.com/college-football/ranking/schedule-strength-by-other?date=2014-01-07,0.8225806451612903,1.1152050400766214
2013,2014,2014-01-07,Oregon St,oregonst,24,6.4,https://www.teamrankings.com/college-football/ranking/schedule-strength-by-other?date=2014-01-07,0.814516129032258,1.0762009466212272
2013,2014,2014-01-07,Florida,florida,25,6.2,https://www.teamrankings.com/college-football/ranking/schedule-strength-by-other?date=2014-01-07,0.8064516129032258,1.0501982176509648
2013,2014,2014-01-07,Washington St,washingtonst,26,6.1,https://www.teamrankings.com/college-football/ranking/schedule-strength-by-other?date=2014-01-07,0.7983870967741935,1.0371968531658333
2013,2014,2014-01-07,Arizona,arizona,27,6.1,https://www.teamrankings.com/college-football/ranking/schedule-strength-by-other?date=2014-01-07,0.7903225806451613,1.0371968531658333
2013,2014,2014-01-07,BYU,byu,28,6.0,https://www.teamrankings.com/college-football/ranking/schedule-strength-by-other?date=2014-01-07,0.782258064516129,1.024195488680702
2013,2014,2014-01-07,TCU,tcu,29,5.5,https://www.teamrankings.com/college-football/ranking/schedule-strength-by-other?date=2014-01-07,0.7741935483870968,0.9591886662550457
2013,2014,2014-01-07,Notre Dame,notredame,30,5.5,https://www.teamrankings.com/college-football/ranking/schedule-strength-by-other?date=2014-01-07,0.7661290322580645,0.9591886662550457
2013,2014,2014-01-07,Kansas St,kansasst,31,4.9,https://www.teamrankings.com/college-football/ranking/schedule-strength-by-other?date=2014-01-07,0.7580645161290323,0.881180479344258
2013,2014,2014-01-07,Texas Tech,texastech,32,4.8,https://www.teamrankings.com/college-football/ranking/schedule-strength-by-other?date=2014-01-07,0.75,0.8681791148591268
2013,2014,2014-01-07,Tennessee,tennessee,33,4.7,https://www.teamrankings.com/college-football/ranking/schedule-strength-by-other?date=2014-01-07,0.7419354838709677,0.8551777503739956
2013,2014,2014-01-07,Ohio St,ohiost,34,4.4,https://www.teamrankings.com/college-football/ranking/schedule-strength-by-other?date=2014-01-07,0.7338709677419355,0.8161736569186016
2013,2014,2014-01-07,Georgia Tech,georgiatech,35,4.4,https://www.teamrankings.com/college-football/ranking/schedule-strength-by-other?date=2014-01-07,0.7258064516129032,0.8161736569186016
2013,2014,2014-01-07,Michigan St,michiganst,36,4.4,https://www.teamrankings.com/college-football/ranking/schedule-strength-by-other?date=2014-01-07,0.717741935483871,0.8161736569186016
2013,2014,2014-01-07,Virginia Tech,virginiatech,37,3.8,https://www.teamrankings.com/college-football/ranking/schedule-strength-by-other?date=2014-01-07,0.7096774193548387,0.7381654700078139
2013,2014,2014-01-07,Iowa,iowa,38,3.3,https://www.teamrankings.com/college-football/ranking/schedule-strength-by-other?date=2014-01-07,0.7016129032258065,0.6731586475821575
2013,2014,2014-01-07,Michigan,michigan,39,3.1,https://www.teamrankings.com/college-football/ranking/schedule-strength-by-other?date=2014-01-07,0.6935483870967742,0.6471559186118949
2013,2014,2014-01-07,Arkansas,arkansas,40,2.6,https://www.teamrankings.com/college-football/ranking/schedule-strength-by-other?date=2014-01-07,0.685483870967742,0.5821490961862384
2013,2014,2014-01-07,Vanderbilt,vanderbilt,41,2.4,https://www.teamrankings.com/college-football/ranking/schedule-strength-by-other?date=2014-01-07,0.6774193548387097,0.5561463672159759
2013,2014,2014-01-07,Miami,miami,42,2.2,https://www.teamrankings.com/college-football/ranking/schedule-strength-by-other?date=2014-01-07,0.6693548387096775,0.5301436382457134
2013,2014,2014-01-07,Pittsburgh,pittsburgh,43,2.1,https://www.teamrankings.com/college-football/ranking/schedule-strength-by-other?date=2014-01-07,0.6612903225806452,0.517142273760582
2013,2014,2014-01-07,Indiana,indiana,44,1.6,https://www.teamrankings.com/college-football/ranking/schedule-strength-by-other?date=2014-01-07,0.6532258064516129,0.4521354513349256
2013,2014,2014-01-07,Iowa St,iowast,45,1.4,https://www.teamrankings.com/college-football/ranking/schedule-strength-by-other?date=2014-01-07,0.6451612903225806,0.426132722364663
2013,2014,2014-01-07,North Carolina,northcarolina,46,1.4,https://www.teamrankings.com/college-football/ranking/schedule-strength-by-other?date=2014-01-07,0.6370967741935484,0.426132722364663
2013,2014,2014-01-07,Virginia,virginia,47,1.0,https://www.teamrankings.com/college-football/ranking/schedule-strength-by-other?date=2014-01-07,0.6290322580645161,0.37412726442413785
2013,2014,2014-01-07,Duke,duke,48,0.9,https://www.teamrankings.com/college-football/ranking/schedule-strength-by-other?date=2014-01-07,0.6209677419354839,0.36112589993900657
2013,2014,2014-01-07,Boise St,boisest,49,0.8,https://www.teamrankings.com/college-football/ranking/schedule-strength-by-other?date=2014-01-07,0.6129032258064516,0.34812453545387534
2013,2014,2014-01-07,UCF,ucf,50,0.8,https://www.teamrankings.com/college-football/ranking/schedule-strength-by-other?date=2014-01-07,0.6048387096774194,0.34812453545387534
2013,2014,2014-01-07,California,california,51,0.8,https://www.teamrankings.com/college-football/ranking/schedule-strength-by-other?date=2014-01-07,0.5967741935483871,0.34812453545387534
2013,2014,2014-01-07,Northwestern,northwestern,52,0.6,https://www.teamrankings.com/college-football/ranking/schedule-strength-by-other?date=2014-01-07,0.5887096774193548,0.3221218064836127
2013,2014,2014-01-07,Nebraska,nebraska,53,0.4,https://www.teamrankings.com/college-football/ranking/schedule-strength-by-other?date=2014-01-07,0.5806451612903225,0.29611907751335015
2013,2014,2014-01-07,Kentucky,kentucky,54,0.2,https://www.teamrankings.com/college-football/ranking/schedule-strength-by-other?date=2014-01-07,0.5725806451612903,0.2701163485430876
2013,2014,2014-01-07,Utah St,utahst,55,0.1,https://www.teamrankings.com/college-football/ranking/schedule-strength-by-other?date=2014-01-07,0.564516129032258,0.2571149840579563
2013,2014,2014-01-07,West Virginia,westvirginia,56,0.1,https://www.teamrankings.com/college-football/ranking/schedule-strength-by-other?date=2014-01-07,0.5564516129032258,0.2571149840579563
2013,2014,2014-01-07,Penn St,pennst,57,-0.2,https://www.teamrankings.com/college-football/ranking/schedule-strength-by-other?date=2014-01-07,0.5483870967741935,0.21811089060256242
2013,2014,2014-01-07,Minnesota,minnesota,58,-0.6,https://www.teamrankings.com/college-football/ranking/schedule-strength-by-other?date=2014-01-07,0.5403225806451613,0.16610543266203726
2013,2014,2014-01-07,Boston College,bostoncollege,59,-0.7,https://www.teamrankings.com/college-football/ranking/schedule-strength-by-other?date=2014-01-07,0.532258064516129,0.153104068176906
2013,2014,2014-01-07,Houston,houston,60,-0.8,https://www.teamrankings.com/college-football/ranking/schedule-strength-by-other?date=2014-01-07,0.5241935483870968,0.1401027036917747
2013,2014,2014-01-07,Syracuse,syracuse,61,-0.9,https://www.teamrankings.com/college-football/ranking/schedule-strength-by-other?date=2014-01-07,0.5161290322580645,0.1271013392066434
2013,2014,2014-01-07,Colorado,colorado,62,-1.3,https://www.teamrankings.com/college-football/ranking/schedule-strength-by-other?date=2014-01-07,0.5080645161290323,0.07509588126611827
2013,2014,2014-01-07,Illinois,illinois,63,-1.4,https://www.teamrankings.com/college-football/ranking/schedule-strength-by-other?date=2014-01-07,0.5,0.062094516780987
2013,2014,2014-01-07,Kansas,kansas,64,-2.7,https://www.teamrankings.com/college-football/ranking/schedule-strength-by-other?date=2014-01-07,0.49193548387096775,-0.10692322152571976
2013,2014,2014-01-07,Wake Forest,wakeforest,65,-2.9,https://www.teamrankings.com/college-football/ranking/schedule-strength-by-other?date=2014-01-07,0.4838709677419355,-0.1329259504959823
2013,2014,2014-01-07,Purdue,purdue,66,-2.9,https://www.teamrankings.com/college-football/ranking/schedule-strength-by-other?date=2014-01-07,0.47580645161290325,-0.1329259504959823
2013,2014,2014-01-07,Louisville,louisville,67,-3.2,https://www.teamrankings.com/college-football/ranking/schedule-strength-by-other?date=2014-01-07,0.467741935483871,-0.17193004395137618
2013,2014,2014-01-07,Maryland,maryland,68,-3.4,https://www.teamrankings.com/college-football/ranking/schedule-strength-by-other?date=2014-01-07,0.45967741935483875,-0.19793277292163872
2013,2014,2014-01-07,Nevada,nevada,69,-3.7,https://www.teamrankings.com/college-football/ranking/schedule-strength-by-other?date=2014-01-07,0.4516129032258065,-0.23693686637703262
2013,2014,2014-01-07,Navy,navy,70,-3.9,https://www.teamrankings.com/college-football/ranking/schedule-strength-by-other?date=2014-01-07,0.44354838709677424,-0.26293959534729516
2013,2014,2014-01-07,San Jose St,sanjosest,71,-3.9,https://www.teamrankings.com/college-football/ranking/schedule-strength-by-other?date=2014-01-07,0.4354838709677419,-0.26293959534729516
2013,2014,2014-01-07,Hawai'i,hawaii,72,-3.9,https://www.teamrankings.com/college-football/ranking/schedule-strength-by-other?date=2014-01-07,0.42741935483870963,-0.26293959534729516
2013,2014,2014-01-07,SMU,smu,73,-4.0,https://www.teamrankings.com/college-football/ranking/schedule-strength-by-other?date=2014-01-07,0.4193548387096774,-0.27594095983242645
2013,2014,2014-01-07,NC State,ncstate,74,-4.6,https://www.teamrankings.com/college-football/ranking/schedule-strength-by-other?date=2014-01-07,0.41129032258064513,-0.35394914674321415
2013,2014,2014-01-07,S Florida,sflorida,75,-4.7,https://www.teamrankings.com/college-football/ranking/schedule-strength-by-other?date=2014-01-07,0.4032258064516129,-0.3669505112283455
2013,2014,2014-01-07,Toledo,toledo,76,-4.8,https://www.teamrankings.com/college-football/ranking/schedule-strength-by-other?date=2014-01-07,0.3951612903225806,-0.3799518757134767
2013,2014,2014-01-07,Fresno St,fresnost,77,-5.0,https://www.teamrankings.com/college-football/ranking/schedule-strength-by-other?date=2014-01-07,0.3870967741935484,-0.40595460468373934
2013,2014,2014-01-07,Rutgers,rutgers,78,-5.3,https://www.teamrankings.com/college-football/ranking/schedule-strength-by-other?date=2014-01-07,0.3790322580645161,-0.44495869813913314
2013,2014,2014-01-07,Tulsa,tulsa,79,-5.4,https://www.teamrankings.com/college-football/ranking/schedule-strength-by-other?date=2014-01-07,0.3709677419354839,-0.45796006262426453
2013,2014,2014-01-07,UConn,uconn,80,-5.8,https://www.teamrankings.com/college-football/ranking/schedule-strength-by-other?date=2014-01-07,0.3629032258064516,-0.5099655205647896
2013,2014,2014-01-07,UTSA,utsa,81,-6.0,https://www.teamrankings.com/college-football/ranking/schedule-strength-by-other?date=2014-01-07,0.3548387096774194,-0.5359682495350523
2013,2014,2014-01-07,Memphis,memphis,82,-6.0,https://www.teamrankings.com/college-football/ranking/schedule-strength-by-other?date=2014-01-07,0.3467741935483871,-0.5359682495350523
2013,2014,2014-01-07,Cincinnati,cincinnati,83,-6.0,https://www.teamrankings.com/college-football/ranking/schedule-strength-by-other?date=2014-01-07,0.33870967741935487,-0.5359682495350523
2013,2014,2014-01-07,Temple,temple,84,-6.1,https://www.teamrankings.com/college-football/ranking/schedule-strength-by-other?date=2014-01-07,0.3306451612903226,-0.5489696140201835
2013,2014,2014-01-07,Colorado St,coloradost,85,-6.3,https://www.teamrankings.com/college-football/ranking/schedule-strength-by-other?date=2014-01-07,0.32258064516129037,-0.574972342990446
2013,2014,2014-01-07,San Diego St,sandiegost,86,-6.3,https://www.teamrankings.com/college-football/ranking/schedule-strength-by-other?date=2014-01-07,0.3145161290322581,-0.574972342990446
2013,2014,2014-01-07,Bowling Green,bowlinggreen,87,-6.3,https://www.teamrankings.com/college-football/ranking/schedule-strength-by-other?date=2014-01-07,0.30645161290322576,-0.574972342990446
2013,2014,2014-01-07,Rice,rice,88,-6.4,https://www.teamrankings.com/college-football/ranking/schedule-strength-by-other?date=2014-01-07,0.2983870967741935,-0.5879737074755774
2013,2014,2014-01-07,E Carolina,ecarolina,89,-6.4,https://www.teamrankings.com/college-football/ranking/schedule-strength-by-other?date=2014-01-07,0.29032258064516125,-0.5879737074755774
2013,2014,2014-01-07,N Illinois,nillinois,90,-6.7,https://www.teamrankings.com/college-football/ranking/schedule-strength-by-other?date=2014-01-07,0.282258064516129,-0.6269778009309711
2013,2014,2014-01-07,Marshall,marshall,91,-7.0,https://www.teamrankings.com/college-football/ranking/schedule-strength-by-other?date=2014-01-07,0.27419354838709675,-0.6659818943863651
2013,2014,2014-01-07,UNLV,unlv,92,-7.4,https://www.teamrankings.com/college-football/ranking/schedule-strength-by-other?date=2014-01-07,0.2661290322580645,-0.7179873523268903
2013,2014,2014-01-07,Florida Atlantic,floridaatlantic,93,-7.8,https://www.teamrankings.com/college-football/ranking/schedule-strength-by-other?date=2014-01-07,0.25806451612903225,-0.7699928102674153
2013,2014,2014-01-07,Middle Tenn,middletenn,94,-8.0,https://www.teamrankings.com/college-football/ranking/schedule-strength-by-other?date=2014-01-07,0.25,-0.795995539237678
2013,2014,2014-01-07,Arkansas St,arkansasst,95,-8.0,https://www.teamrankings.com/college-football/ranking/schedule-strength-by-other?date=2014-01-07,0.24193548387096775,-0.795995539237678
2013,2014,2014-01-07,N Texas,ntexas,96,-8.4,https://www.teamrankings.com/college-football/ranking/schedule-strength-by-other?date=2014-01-07,0.2338709677419355,-0.8480009971782032
2013,2014,2014-01-07,Tulane,tulane,97,-8.4,https://www.teamrankings.com/college-football/ranking/schedule-strength-by-other?date=2014-01-07,0.22580645161290325,-0.8480009971782032
2013,2014,2014-01-07,Kent St,kentst,98,-8.6,https://www.teamrankings.com/college-football/ranking/schedule-strength-by-other?date=2014-01-07,0.217741935483871,-0.8740037261484657
2013,2014,2014-01-07,UL Monroe,ulmonroe,99,-8.7,https://www.teamrankings.com/college-football/ranking/schedule-strength-by-other?date=2014-01-07,0.20967741935483875,-0.8870050906335969
2013,2014,2014-01-07,Buffalo,buffalo,100,-8.9,https://www.teamrankings.com/college-football/ranking/schedule-strength-by-other?date=2014-01-07,0.2016129032258065,-0.9130078196038596
2013,2014,2014-01-07,Troy,troy,101,-9.1,https://www.teamrankings.com/college-football/ranking/schedule-strength-by-other?date=2014-01-07,0.19354838709677424,-0.939010548574122
2013,2014,2014-01-07,W Kentucky,wkentucky,102,-9.2,https://www.teamrankings.com/college-football/ranking/schedule-strength-by-other?date=2014-01-07,0.18548387096774188,-0.9520119130592533
2013,2014,2014-01-07,S Alabama,salabama,103,-9.4,https://www.teamrankings.com/college-football/ranking/schedule-strength-by-other?date=2014-01-07,0.17741935483870963,-0.978014642029516
2013,2014,2014-01-07,Louisiana,louisiana,104,-9.5,https://www.teamrankings.com/college-football/ranking/schedule-strength-by-other?date=2014-01-07,0.16935483870967738,-0.9910160065146473
2013,2014,2014-01-07,Air Force,airforce,105,-10.0,https://www.teamrankings.com/college-football/ranking/schedule-strength-by-other?date=2014-01-07,0.16129032258064513,-1.0560228289403037
2013,2014,2014-01-07,New Mexico,newmexico,106,-10.0,https://www.teamrankings.com/college-football/ranking/schedule-strength-by-other?date=2014-01-07,0.15322580645161288,-1.0560228289403037
2013,2014,2014-01-07,Wyoming,wyoming,107,-10.4,https://www.teamrankings.com/college-football/ranking/schedule-strength-by-other?date=2014-01-07,0.14516129032258063,-1.1080282868808289
2013,2014,2014-01-07,Ball St,ballst,108,-10.8,https://www.teamrankings.com/college-football/ranking/schedule-strength-by-other?date=2014-01-07,0.13709677419354838,-1.160033744821354
2013,2014,2014-01-07,Army,army,109,-10.9,https://www.teamrankings.com/college-football/ranking/schedule-strength-by-other?date=2014-01-07,0.12903225806451613,-1.1730351093064852
2013,2014,2014-01-07,Akron,akron,110,-11.1,https://www.teamrankings.com/college-football/ranking/schedule-strength-by-other?date=2014-01-07,0.12096774193548387,-1.1990378382767477
2013,2014,2014-01-07,Ohio,ohio,111,-11.7,https://www.teamrankings.com/college-football/ranking/schedule-strength-by-other?date=2014-01-07,0.11290322580645162,-1.2770460251875355
2013,2014,2014-01-07,Miami OH,miamioh,112,-12.2,https://www.teamrankings.com/college-football/ranking/schedule-strength-by-other?date=2014-01-07,0.10483870967741937,-1.3420528476131919
2013,2014,2014-01-07,Idaho,idaho,113,-13.4,https://www.teamrankings.com/college-football/ranking/schedule-strength-by-other?date=2014-01-07,0.09677419354838712,-1.4980692214347675
2013,2014,2014-01-07,Southern Miss,southernmiss,114,-13.4,https://www.teamrankings.com/college-football/ranking/schedule-strength-by-other?date=2014-01-07,0.08870967741935487,-1.4980692214347675
2013,2014,2014-01-07,UAB,uab,115,-14.1,https://www.teamrankings.com/college-football/ranking/schedule-strength-by-other?date=2014-01-07,0.08064516129032262,-1.5890787728306863
2013,2014,2014-01-07,Georgia St,georgiast,116,-14.4,https://www.teamrankings.com/college-football/ranking/schedule-strength-by-other?date=2014-01-07,0.07258064516129037,-1.6280828662860802
2013,2014,2014-01-07,C Michigan,cmichigan,117,-14.5,https://www.teamrankings.com/college-football/ranking/schedule-strength-by-other?date=2014-01-07,0.06451612903225812,-1.6410842307712117
2013,2014,2014-01-07,Texas St,texasst,118,-14.5,https://www.teamrankings.com/college-football/ranking/schedule-strength-by-other?date=2014-01-07,0.056451612903225756,-1.6410842307712117
2013,2014,2014-01-07,UTEP,utep,119,-14.5,https://www.teamrankings.com/college-football/ranking/schedule-strength-by-other?date=2014-01-07,0.048387096774193505,-1.6410842307712117
2013,2014,2014-01-07,W Michigan,wmichigan,120,-14.7,https://www.teamrankings.com/college-football/ranking/schedule-strength-by-other?date=2014-01-07,0.040322580645161255,-1.6670869597414741
2013,2014,2014-01-07,Louisiana Tech,louisianatech,121,-15.3,https://www.teamrankings.com/college-football/ranking/schedule-strength-by-other?date=2014-01-07,0.032258064516129004,-1.745095146652262
2013,2014,2014-01-07,UMass,umass,122,-15.6,https://www.teamrankings.com/college-football/ranking/schedule-strength-by-other?date=2014-01-07,0.024193548387096753,-1.7840992401076556
2013,2014,2014-01-07,E Michigan,emichigan,123,-15.6,https://www.teamrankings.com/college-football/ranking/schedule-strength-by-other?date=2014-01-07,0.016129032258064502,-1.7840992401076556
2013,2014,2014-01-07,Florida Intl,floridaintl,124,-16.1,https://www.teamrankings.com/college-football/ranking/schedule-strength-by-other?date=2014-01-07,0.008064516129032251,-1.8491060625333124
2013,2014,2014-01-07,New Mexico St,newmexicost,125,-17.1,https://www.teamrankings.com/college-football/ranking/schedule-strength-by-other?date=2014-01-07,0.0,-1.9791197073846252
2014,2015,2015-01-13,Auburn,auburn,1,14.0,https://www.teamrankings.com/college-football/ranking/schedule-strength-by-other?date=2015-01-13,1.0,1.9772268223930425
2014,2015,2015-01-13,Alabama,alabama,2,13.7,https://www.teamrankings.com/college-football/ranking/schedule-strength-by-other?date=2015-01-13,0.9921259842519685,1.939315248028488
2014,2015,2015-01-13,Mississippi,mississippi,3,12.3,https://www.teamrankings.com/college-football/ranking/schedule-strength-by-other?date=2015-01-13,0.984251968503937,1.7623945676605683
2014,2015,2015-01-13,Arkansas,arkansas,4,11.8,https://www.teamrankings.com/college-football/ranking/schedule-strength-by-other?date=2015-01-13,0.9763779527559056,1.6992086103863113
2014,2015,2015-01-13,Oregon,oregon,5,11.4,https://www.teamrankings.com/college-football/ranking/schedule-strength-by-other?date=2015-01-13,0.9685039370078741,1.6486598445669056
2014,2015,2015-01-13,Ohio St,ohiost,6,11.1,https://www.teamrankings.com/college-football/ranking/schedule-strength-by-other?date=2015-01-13,0.9606299212598425,1.6107482702023512
2014,2015,2015-01-13,LSU,lsu,7,11.0,https://www.teamrankings.com/college-football/ranking/schedule-strength-by-other?date=2015-01-13,0.952755905511811,1.5981110787475
2014,2015,2015-01-13,UCLA,ucla,8,10.2,https://www.teamrankings.com/college-football/ranking/schedule-strength-by-other?date=2015-01-13,0.9448818897637795,1.4970135471086885
2014,2015,2015-01-13,TCU,tcu,9,10.1,https://www.teamrankings.com/college-football/ranking/schedule-strength-by-other?date=2015-01-13,0.937007874015748,1.484376355653837
2014,2015,2015-01-13,Mississippi St,mississippist,10,9.7,https://www.teamrankings.com/college-football/ranking/schedule-strength-by-other?date=2015-01-13,0.9291338582677166,1.4338275898344313
2014,2015,2015-01-13,Baylor,baylor,11,9.6,https://www.teamrankings.com/college-football/ranking/schedule-strength-by-other?date=2015-01-13,0.9212598425196851,1.42119039837958
2014,2015,2015-01-13,Texas A&M,texasaandm,12,9.5,https://www.teamrankings.com/college-football/ranking/schedule-strength-by-other?date=2015-01-13,0.9133858267716536,1.4085532069247286
2014,2015,2015-01-13,Kansas St,kansasst,13,9.5,https://www.teamrankings.com/college-football/ranking/schedule-strength-by-other?date=2015-01-13,0.905511811023622,1.4085532069247286
2014,2015,2015-01-13,Georgia,georgia,14,9.2,https://www.teamrankings.com/college-football/ranking/schedule-strength-by-other?date=2015-01-13,0.8976377952755905,1.3706416325601742
2014,2015,2015-01-13,Stanford,stanford,15,8.8,https://www.teamrankings.com/college-football/ranking/schedule-strength-by-other?date=2015-01-13,0.889763779527559,1.3200928667407688
2014,2015,2015-01-13,Michigan St,michiganst,16,8.8,https://www.teamrankings.com/college-football/ranking/schedule-strength-by-other?date=2015-01-13,0.8818897637795275,1.3200928667407688
2014,2015,2015-01-13,USC,usc,17,8.3,https://www.teamrankings.com/college-football/ranking/schedule-strength-by-other?date=2015-01-13,0.8740157480314961,1.2569069094665115
2014,2015,2015-01-13,West Virginia,westvirginia,18,8.2,https://www.teamrankings.com/college-football/ranking/schedule-strength-by-other?date=2015-01-13,0.8661417322834646,1.24426971801166
2014,2015,2015-01-13,Oklahoma,oklahoma,19,8.2,https://www.teamrankings.com/college-football/ranking/schedule-strength-by-other?date=2015-01-13,0.8582677165354331,1.24426971801166
2014,2015,2015-01-13,Arizona,arizona,20,7.9,https://www.teamrankings.com/college-football/ranking/schedule-strength-by-other?date=2015-01-13,0.8503937007874016,1.2063581436471058
2014,2015,2015-01-13,Florida,florida,21,7.6,https://www.teamrankings.com/college-football/ranking/schedule-strength-by-other?date=2015-01-13,0.8425196850393701,1.1684465692825514
2014,2015,2015-01-13,Utah,utah,22,7.5,https://www.teamrankings.com/college-football/ranking/schedule-strength-by-other?date=2015-01-13,0.8346456692913385,1.1558093778277
2014,2015,2015-01-13,Missouri,missouri,23,7.3,https://www.teamrankings.com/college-football/ranking/schedule-strength-by-other?date=2015-01-13,0.8267716535433071,1.130534994917997
2014,2015,2015-01-13,Tennessee,tennessee,24,7.0,https://www.teamrankings.com/college-football/ranking/schedule-strength-by-other?date=2015-01-13,0.8188976377952756,1.0926234205534429
2014,2015,2015-01-13,Texas,texas,25,6.9,https://www.teamrankings.com/college-football/ranking/schedule-strength-by-other?date=2015-01-13,0.8110236220472441,1.0799862290985915
2014,2015,2015-01-13,Georgia Tech,georgiatech,26,6.6,https://www.teamrankings.com/college-football/ranking/schedule-strength-by-other?date=2015-01-13,0.8031496062992126,1.0420746547340372
2014,2015,2015-01-13,Florida St,floridast,27,6.6,https://www.teamrankings.com/college-football/ranking/schedule-strength-by-other?date=2015-01-13,0.7952755905511811,1.0420746547340372
2014,2015,2015-01-13,Arizona St,arizonast,28,6.5,https://www.teamrankings.com/college-football/ranking/schedule-strength-by-other?date=2015-01-13,0.7874015748031495,1.0294374632791858
2014,2015,2015-01-13,Clemson,clemson,29,6.5,https://www.teamrankings.com/college-football/ranking/schedule-strength-by-other?date=2015-01-13,0.7795275590551181,1.0294374632791858
2014,2015,2015-01-13,South Carolina,southcarolina,30,6.1,https://www.teamrankings.com/college-football/ranking/schedule-strength-by-other?date=2015-01-13,0.7716535433070866,0.9788886974597801
2014,2015,2015-01-13,California,california,31,5.2,https://www.teamrankings.com/college-football/ranking/schedule-strength-by-other?date=2015-01-13,0.7637795275590551,0.8651539743661174
2014,2015,2015-01-13,Notre Dame,notredame,32,5.2,https://www.teamrankings.com/college-football/ranking/schedule-strength-by-other?date=2015-01-13,0.7559055118110236,0.8651539743661174
2014,2015,2015-01-13,Washington St,washingtonst,33,4.9,https://www.teamrankings.com/college-football/ranking/schedule-strength-by-other?date=2015-01-13,0.7480314960629921,0.8272424000015631
2014,2015,2015-01-13,Wisconsin,wisconsin,34,4.8,https://www.teamrankings.com/college-football/ranking/schedule-strength-by-other?date=2015-01-13,0.7401574803149606,0.8146052085467116
2014,2015,2015-01-13,Miami,miami,35,4.5,https://www.teamrankings.com/college-football/ranking/schedule-strength-by-other?date=2015-01-13,0.7322834645669292,0.7766936341821574
2014,2015,2015-01-13,Louisville,louisville,36,4.1,https://www.teamrankings.com/college-football/ranking/schedule-strength-by-other?date=2015-01-13,0.7244094488188977,0.7261448683627517
2014,2015,2015-01-13,Oklahoma St,oklahomast,37,3.8,https://www.teamrankings.com/college-football/ranking/schedule-strength-by-other?date=2015-01-13,0.7165354330708662,0.6882332939981974
2014,2015,2015-01-13,Virginia,virginia,38,3.6,https://www.teamrankings.com/college-football/ranking/schedule-strength-by-other?date=2015-01-13,0.7086614173228347,0.6629589110884946
2014,2015,2015-01-13,Washington,washington,39,3.5,https://www.teamrankings.com/college-football/ranking/schedule-strength-by-other?date=2015-01-13,0.7007874015748031,0.6503217196336432
2014,2015,2015-01-13,Maryland,maryland,40,3.3,https://www.teamrankings.com/college-football/ranking/schedule-strength-by-other?date=2015-01-13,0.6929133858267716,0.6250473367239403
2014,2015,2015-01-13,Nebraska,nebraska,41,3.3,https://www.teamrankings.com/college-football/ranking/schedule-strength-by-other?date=2015-01-13,0.6850393700787402,0.6250473367239403
2014,2015,2015-01-13,Minnesota,minnesota,42,3.0,https://www.teamrankings.com/college-football/ranking/schedule-strength-by-other?date=2015-01-13,0.6771653543307087,0.587135762359386
2014,2015,2015-01-13,Colorado,colorado,43,2.8,https://www.teamrankings.com/college-football/ranking/schedule-strength-by-other?date=2015-01-13,0.6692913385826771,0.5618613794496832
2014,2015,2015-01-13,Kentucky,kentucky,44,2.8,https://www.teamrankings.com/college-football/ranking/schedule-strength-by-other?date=2015-01-13,0.6614173228346456,0.5618613794496832
2014,2015,2015-01-13,North Carolina,northcarolina,45,2.5,https://www.teamrankings.com/college-football/ranking/schedule-strength-by-other?date=2015-01-13,0.6535433070866141,0.5239498050851289
2014,2015,2015-01-13,Oregon St,oregonst,46,2.5,https://www.teamrankings.com/college-football/ranking/schedule-strength-by-other?date=2015-01-13,0.6456692913385826,0.5239498050851289
2014,2015,2015-01-13,Michigan,michigan,47,2.3,https://www.teamrankings.com/college-football/ranking/schedule-strength-by-other?date=2015-01-13,0.6377952755905512,0.4986754221754261
2014,2015,2015-01-13,Texas Tech,texastech,48,2.2,https://www.teamrankings.com/college-football/ranking/schedule-strength-by-other?date=2015-01-13,0.6299212598425197,0.4860382307205747
2014,2015,2015-01-13,Virginia Tech,virginiatech,49,2.1,https://www.teamrankings.com/college-football/ranking/schedule-strength-by-other?date=2015-01-13,0.6220472440944882,0.47340103926572324
2014,2015,2015-01-13,Boston College,bostoncollege,50,1.4,https://www.teamrankings.com/college-football/ranking/schedule-strength-by-other?date=2015-01-13,0.6141732283464567,0.3849406990817633
2014,2015,2015-01-13,Rutgers,rutgers,51,1.3,https://www.teamrankings.com/college-football/ranking/schedule-strength-by-other?date=2015-01-13,0.6062992125984252,0.37230350762691183
2014,2015,2015-01-13,Iowa St,iowast,52,1.0,https://www.teamrankings.com/college-football/ranking/schedule-strength-by-other?date=2015-01-13,0.5984251968503937,0.3343919332623576
2014,2015,2015-01-13,Penn St,pennst,53,0.4,https://www.teamrankings.com/college-football/ranking/schedule-strength-by-other?date=2015-01-13,0.5905511811023623,0.25856878453324905
2014,2015,2015-01-13,Northwestern,northwestern,54,0.4,https://www.teamrankings.com/college-football/ranking/schedule-strength-by-other?date=2015-01-13,0.5826771653543308,0.25856878453324905
2014,2015,2015-01-13,Syracuse,syracuse,55,0.2,https://www.teamrankings.com/college-football/ranking/schedule-strength-by-other?date=2015-01-13,0.5748031496062992,0.23329440162354623
2014,2015,2015-01-13,Pittsburgh,pittsburgh,56,-0.2,https://www.teamrankings.com/college-football/ranking/schedule-strength-by-other?date=2015-01-13,0.5669291338582677,0.18274563580414055
2014,2015,2015-01-13,NC State,ncstate,57,-0.4,https://www.teamrankings.com/college-football/ranking/schedule-strength-by-other?date=2015-01-13,0.5590551181102362,0.1574712528944377
2014,2015,2015-01-13,BYU,byu,58,-0.6,https://www.teamrankings.com/college-football/ranking/schedule-strength-by-other?date=2015-01-13,0.5511811023622047,0.13219686998473484
2014,2015,2015-01-13,Iowa,iowa,59,-0.7,https://www.teamrankings.com/college-football/ranking/schedule-strength-by-other?date=2015-01-13,0.5433070866141732,0.11955967852988343
2014,2015,2015-01-13,Duke,duke,60,-0.8,https://www.teamrankings.com/college-football/ranking/schedule-strength-by-other?date=2015-01-13,0.5354330708661417,0.10692248707503199
2014,2015,2015-01-13,Kansas,kansas,61,-1.0,https://www.teamrankings.com/college-football/ranking/schedule-strength-by-other?date=2015-01-13,0.5275590551181102,0.08164810416532915
2014,2015,2015-01-13,Illinois,illinois,62,-1.0,https://www.teamrankings.com/college-football/ranking/schedule-strength-by-other?date=2015-01-13,0.5196850393700787,0.08164810416532915
2014,2015,2015-01-13,Memphis,memphis,63,-1.1,https://www.teamrankings.com/college-football/ranking/schedule-strength-by-other?date=2015-01-13,0.5118110236220472,0.06901091271047773
2014,2015,2015-01-13,Boise St,boisest,64,-1.5,https://www.teamrankings.com/college-football/ranking/schedule-strength-by-other?date=2015-01-13,0.5039370078740157,0.018462146891072045
2014,2015,2015-01-13,Indiana,indiana,65,-1.5,https://www.teamrankings.com/college-football/ranking/schedule-strength-by-other?date=2015-01-13,0.49606299212598426,0.018462146891072045
2014,2015,2015-01-13,Cincinnati,cincinnati,66,-2.1,https://www.teamrankings.com/college-football/ranking/schedule-strength-by-other?date=2015-01-13,0.4881889763779528,-0.0573610018380365
2014,2015,2015-01-13,Louisiana Tech,louisianatech,67,-2.2,https://www.teamrankings.com/college-football/ranking/schedule-strength-by-other?date=2015-01-13,0.4803149606299213,-0.06999819329288794
2014,2015,2015-01-13,Purdue,purdue,68,-2.4,https://www.teamrankings.com/college-football/ranking/schedule-strength-by-other?date=2015-01-13,0.4724409448818898,-0.09527257620259075
2014,2015,2015-01-13,Vanderbilt,vanderbilt,69,-2.8,https://www.teamrankings.com/college-football/ranking/schedule-strength-by-other?date=2015-01-13,0.4645669291338582,-0.14582134202199643
2014,2015,2015-01-13,E Carolina,ecarolina,70,-3.1,https://www.teamrankings.com/college-football/ranking/schedule-strength-by-other?date=2015-01-13,0.45669291338582674,-0.18373291638655073
2014,2015,2015-01-13,Wake Forest,wakeforest,71,-3.7,https://www.teamrankings.com/college-football/ranking/schedule-strength-by-other?date=2015-01-13,0.44881889763779526,-0.25955606511565926
2014,2015,2015-01-13,UCF,ucf,72,-3.8,https://www.teamrankings.com/college-football/ranking/schedule-strength-by-other?date=2015-01-13,0.4409448818897638,-0.27219325657051063
2014,2015,2015-01-13,Temple,temple,73,-4.2,https://www.teamrankings.com/college-football/ranking/schedule-strength-by-other?date=2015-01-13,0.4330708661417323,-0.3227420223899164
2014,2015,2015-01-13,Navy,navy,74,-4.5,https://www.teamrankings.com/college-football/ranking/schedule-strength-by-other?date=2015-01-13,0.4251968503937008,-0.3606535967544706
2014,2015,2015-01-13,Colorado St,coloradost,75,-4.6,https://www.teamrankings.com/college-football/ranking/schedule-strength-by-other?date=2015-01-13,0.4173228346456693,-0.373290788209322
2014,2015,2015-01-13,Nevada,nevada,76,-4.7,https://www.teamrankings.com/college-football/ranking/schedule-strength-by-other?date=2015-01-13,0.40944881889763785,-0.3859279796641735
2014,2015,2015-01-13,Tulane,tulane,77,-5.1,https://www.teamrankings.com/college-football/ranking/schedule-strength-by-other?date=2015-01-13,0.40157480314960625,-0.4364767454835791
2014,2015,2015-01-13,Utah St,utahst,78,-5.4,https://www.teamrankings.com/college-football/ranking/schedule-strength-by-other?date=2015-01-13,0.39370078740157477,-0.47438831984813346
2014,2015,2015-01-13,Houston,houston,79,-5.6,https://www.teamrankings.com/college-football/ranking/schedule-strength-by-other?date=2015-01-13,0.3858267716535433,-0.49966270275783625
2014,2015,2015-01-13,Fresno St,fresnost,80,-6.0,https://www.teamrankings.com/college-football/ranking/schedule-strength-by-other?date=2015-01-13,0.3779527559055118,-0.550211468577242
2014,2015,2015-01-13,SMU,smu,81,-6.0,https://www.teamrankings.com/college-football/ranking/schedule-strength-by-other?date=2015-01-13,0.3700787401574803,-0.550211468577242
2014,2015,2015-01-13,UAB,uab,82,-6.6,https://www.teamrankings.com/college-football/ranking/schedule-strength-by-other?date=2015-01-13,0.36220472440944884,-0.6260346173063505
2014,2015,2015-01-13,W Kentucky,wkentucky,83,-6.8,https://www.teamrankings.com/college-football/ranking/schedule-strength-by-other?date=2015-01-13,0.35433070866141736,-0.6513090002160533
2014,2015,2015-01-13,S Florida,sflorida,84,-7.0,https://www.teamrankings.com/college-football/ranking/schedule-strength-by-other?date=2015-01-13,0.3464566929133859,-0.6765833831257562
2014,2015,2015-01-13,Rice,rice,85,-7.1,https://www.teamrankings.com/college-football/ranking/schedule-strength-by-other?date=2015-01-13,0.3385826771653543,-0.6892205745806076
2014,2015,2015-01-13,Tulsa,tulsa,86,-7.3,https://www.teamrankings.com/college-football/ranking/schedule-strength-by-other?date=2015-01-13,0.3307086614173228,-0.7144949574903104
2014,2015,2015-01-13,Middle Tenn,middletenn,87,-7.3,https://www.teamrankings.com/college-football/ranking/schedule-strength-by-other?date=2015-01-13,0.3228346456692913,-0.7144949574903104
2014,2015,2015-01-13,San Diego St,sandiegost,88,-7.5,https://www.teamrankings.com/college-football/ranking/schedule-strength-by-other?date=2015-01-13,0.31496062992125984,-0.7397693404000133
2014,2015,2015-01-13,Hawai'i,hawaii,89,-7.7,https://www.teamrankings.com/college-football/ranking/schedule-strength-by-other?date=2015-01-13,0.30708661417322836,-0.7650437233097162
2014,2015,2015-01-13,San Jose St,sanjosest,90,-7.7,https://www.teamrankings.com/college-football/ranking/schedule-strength-by-other?date=2015-01-13,0.2992125984251969,-0.7650437233097162
2014,2015,2015-01-13,Wyoming,wyoming,91,-7.8,https://www.teamrankings.com/college-football/ranking/schedule-strength-by-other?date=2015-01-13,0.2913385826771654,-0.7776809147645676
2014,2015,2015-01-13,Florida Atlantic,floridaatlantic,92,-8.0,https://www.teamrankings.com/college-football/ranking/schedule-strength-by-other?date=2015-01-13,0.2834645669291339,-0.8029552976742704
2014,2015,2015-01-13,UTSA,utsa,93,-8.1,https://www.teamrankings.com/college-football/ranking/schedule-strength-by-other?date=2015-01-13,0.2755905511811023,-0.8155924891291217
2014,2015,2015-01-13,Air Force,airforce,94,-8.3,https://www.teamrankings.com/college-football/ranking/schedule-strength-by-other?date=2015-01-13,0.26771653543307083,-0.8408668720388248
2014,2015,2015-01-13,Southern Miss,southernmiss,95,-8.5,https://www.teamrankings.com/college-football/ranking/schedule-strength-by-other?date=2015-01-13,0.25984251968503935,-0.8661412549485276
2014,2015,2015-01-13,N Illinois,nillinois,96,-8.5,https://www.teamrankings.com/college-football/ranking/schedule-strength-by-other?date=2015-01-13,0.25196850393700787,-0.8661412549485276
2014,2015,2015-01-13,Toledo,toledo,97,-8.5,https://www.teamrankings.com/college-football/ranking/schedule-strength-by-other?date=2015-01-13,0.2440944881889764,-0.8661412549485276
2014,2015,2015-01-13,Marshall,marshall,98,-8.6,https://www.teamrankings.com/college-football/ranking/schedule-strength-by-other?date=2015-01-13,0.2362204724409449,-0.8787784464033789
2014,2015,2015-01-13,New Mexico,newmexico,99,-8.6,https://www.teamrankings.com/college-football/ranking/schedule-strength-by-other?date=2015-01-13,0.22834645669291342,-0.8787784464033789
2014,2015,2015-01-13,Georgia So,georgiaso,100,-8.7,https://www.teamrankings.com/college-football/ranking/schedule-strength-by-other?date=2015-01-13,0.22047244094488194,-0.8914156378582303
2014,2015,2015-01-13,Louisiana,louisiana,101,-8.8,https://www.teamrankings.com/college-football/ranking/schedule-strength-by-other?date=2015-01-13,0.21259842519685035,-0.9040528293130818
2014,2015,2015-01-13,UTEP,utep,102,-8.9,https://www.teamrankings.com/college-football/ranking/schedule-strength-by-other?date=2015-01-13,0.20472440944881887,-0.9166900207679333
2014,2015,2015-01-13,UNLV,unlv,103,-9.0,https://www.teamrankings.com/college-football/ranking/schedule-strength-by-other?date=2015-01-13,0.19685039370078738,-0.9293272122227847
2014,2015,2015-01-13,UL Monroe,ulmonroe,104,-9.1,https://www.teamrankings.com/college-football/ranking/schedule-strength-by-other?date=2015-01-13,0.1889763779527559,-0.941964403677636
2014,2015,2015-01-13,Arkansas St,arkansasst,105,-9.3,https://www.teamrankings.com/college-football/ranking/schedule-strength-by-other?date=2015-01-13,0.18110236220472442,-0.967238786587339
2014,2015,2015-01-13,S Alabama,salabama,106,-9.3,https://www.teamrankings.com/college-football/ranking/schedule-strength-by-other?date=2015-01-13,0.17322834645669294,-0.967238786587339
2014,2015,2015-01-13,Old Dominion,olddominion,107,-9.5,https://www.teamrankings.com/college-football/ranking/schedule-strength-by-other?date=2015-01-13,0.16535433070866146,-0.9925131694970417
2014,2015,2015-01-13,UConn,uconn,108,-9.6,https://www.teamrankings.com/college-football/ranking/schedule-strength-by-other?date=2015-01-13,0.15748031496062997,-1.005150360951893
2014,2015,2015-01-13,W Michigan,wmichigan,109,-10.3,https://www.teamrankings.com/college-football/ranking/schedule-strength-by-other?date=2015-01-13,0.14960629921259838,-1.0936107011358531
2014,2015,2015-01-13,Bowling Green,bowlinggreen,110,-10.6,https://www.teamrankings.com/college-football/ranking/schedule-strength-by-other?date=2015-01-13,0.1417322834645669,-1.1315222755004073
2014,2015,2015-01-13,Florida Intl,floridaintl,111,-10.7,https://www.teamrankings.com/college-football/ranking/schedule-strength-by-other?date=2015-01-13,0.13385826771653542,-1.1441594669552588
2014,2015,2015-01-13,C Michigan,cmichigan,112,-11.3,https://www.teamrankings.com/college-football/ranking/schedule-strength-by-other?date=2015-01-13,0.12598425196850394,-1.2199826156843674
2014,2015,2015-01-13,N Texas,ntexas,113,-11.5,https://www.teamrankings.com/college-football/ranking/schedule-strength-by-other?date=2015-01-13,0.11811023622047245,-1.2452569985940702
2014,2015,2015-01-13,Miami OH,miamioh,114,-11.7,https://www.teamrankings.com/college-football/ranking/schedule-strength-by-other?date=2015-01-13,0.11023622047244097,-1.2705313815037729
2014,2015,2015-01-13,Kent St,kentst,115,-12.0,https://www.teamrankings.com/college-football/ranking/schedule-strength-by-other?date=2015-01-13,0.10236220472440949,-1.3084429558683273
2014,2015,2015-01-13,UMass,umass,116,-12.2,https://www.teamrankings.com/college-football/ranking/schedule-strength-by-other?date=2015-01-13,0.09448818897637801,-1.3337173387780301
2014,2015,2015-01-13,Ohio,ohio,117,-12.4,https://www.teamrankings.com/college-football/ranking/schedule-strength-by-other?date=2015-01-13,0.08661417322834641,-1.358991721687733
2014,2015,2015-01-13,Texas St,texasst,118,-12.7,https://www.teamrankings.com/college-football/ranking/schedule-strength-by-other?date=2015-01-13,0.07874015748031493,-1.3969032960522871
2014,2015,2015-01-13,Ball St,ballst,119,-12.8,https://www.teamrankings.com/college-football/ranking/schedule-strength-by-other?date=2015-01-13,0.07086614173228345,-1.409540487507139
2014,2015,2015-01-13,Army,army,120,-12.8,https://www.teamrankings.com/college-football/ranking/schedule-strength-by-other?date=2015-01-13,0.06299212598425197,-1.409540487507139
2014,2015,2015-01-13,Idaho,idaho,121,-12.9,https://www.teamrankings.com/college-football/ranking/schedule-strength-by-other?date=2015-01-13,0.055118110236220486,-1.4221776789619902
2014,2015,2015-01-13,Akron,akron,122,-13.0,https://www.teamrankings.com/college-football/ranking/schedule-strength-by-other?date=2015-01-13,0.047244094488189003,-1.4348148704168415
2014,2015,2015-01-13,App State,appstate,123,-13.1,https://www.teamrankings.com/college-football/ranking/schedule-strength-by-other?date=2015-01-13,0.03937007874015752,-1.4474520618716928
2014,2015,2015-01-13,E Michigan,emichigan,124,-14.1,https://www.teamrankings.com/college-football/ranking/schedule-strength-by-other?date=2015-01-13,0.03149606299212604,-1.573823976420207
2014,2015,2015-01-13,Georgia St,georgiast,125,-14.7,https://www.teamrankings.com/college-football/ranking/schedule-strength-by-other?date=2015-01-13,0.023622047244094446,-1.6496471251493157
2014,2015,2015-01-13,Troy,troy,126,-14.9,https://www.teamrankings.com/college-football/ranking/schedule-strength-by-other?date=2015-01-13,0.015748031496062964,-1.6749215080590185
2014,2015,2015-01-13,Buffalo,buffalo,127,-16.3,https://www.teamrankings.com/college-football/ranking/schedule-strength-by-other?date=2015-01-13,0.007874015748031482,-1.8518421884269385
2014,2015,2015-01-13,New Mexico St,newmexicost,128,-16.6,https://www.teamrankings.com/college-football/ranking/schedule-strength-by-other?date=2015-01-13,0.0,-1.8897537627914929
2015,2016,2016-01-12,Alabama,alabama,1,12.6,https://www.teamrankings.com/college-football/ranking/schedule-strength-by-other?date=2016-01-12,1.0,1.8355723663586545
2015,2016,2016-01-12,Oklahoma,oklahoma,2,11.1,https://www.teamrankings.com/college-football/ranking/schedule-strength-by-other?date=2016-01-12,0.9921259842519685,1.6341838553067334
2015,2016,2016-01-12,Mississippi,mississippi,3,10.5,https://www.teamrankings.com/college-football/ranking/schedule-strength-by-other?date=2016-01-12,0.984251968503937,1.5536284508859652
2015,2016,2016-01-12,Clemson,clemson,4,10.3,https://www.teamrankings.com/college-football/ranking/schedule-strength-by-other?date=2016-01-12,0.9763779527559056,1.5267766494123758
2015,2016,2016-01-12,LSU,lsu,5,10.1,https://www.teamrankings.com/college-football/ranking/schedule-strength-by-other?date=2016-01-12,0.9685039370078741,1.499924847938786
2015,2016,2016-01-12,USC,usc,6,9.9,https://www.teamrankings.com/college-football/ranking/schedule-strength-by-other?date=2016-01-12,0.9606299212598425,1.4730730464651969
2015,2016,2016-01-12,Arkansas,arkansas,7,9.9,https://www.teamrankings.com/college-football/ranking/schedule-strength-by-other?date=2016-01-12,0.952755905511811,1.4730730464651969
2015,2016,2016-01-12,Notre Dame,notredame,8,9.3,https://www.teamrankings.com/college-football/ranking/schedule-strength-by-other?date=2016-01-12,0.9448818897637795,1.3925176420444285
2015,2016,2016-01-12,Mississippi St,mississippist,9,8.6,https://www.teamrankings.com/college-football/ranking/schedule-strength-by-other?date=2016-01-12,0.937007874015748,1.2985363368868652
2015,2016,2016-01-12,Stanford,stanford,10,8.0,https://www.teamrankings.com/college-football/ranking/schedule-strength-by-other?date=2016-01-12,0.9291338582677166,1.2179809324660968
2015,2016,2016-01-12,California,california,11,7.9,https://www.teamrankings.com/college-football/ranking/schedule-strength-by-other?date=2016-01-12,0.9212598425196851,1.2045550317293021
2015,2016,2016-01-12,Tennessee,tennessee,12,7.9,https://www.teamrankings.com/college-football/ranking/schedule-strength-by-other?date=2016-01-12,0.9133858267716536,1.2045550317293021
2015,2016,2016-01-12,Baylor,baylor,13,7.9,https://www.teamrankings.com/college-football/ranking/schedule-strength-by-other?date=2016-01-12,0.905511811023622,1.2045550317293021
2015,2016,2016-01-12,TCU,tcu,14,7.8,https://www.teamrankings.com/college-football/ranking/schedule-strength-by-other?date=2016-01-12,0.8976377952755905,1.1911291309925074
2015,2016,2016-01-12,Auburn,auburn,15,7.7,https://www.teamrankings.com/college-football/ranking/schedule-strength-by-other?date=2016-01-12,0.889763779527559,1.1777032302557129
2015,2016,2016-01-12,Oregon,oregon,16,7.6,https://www.teamrankings.com/college-football/ranking/schedule-strength-by-other?date=2016-01-12,0.8818897637795275,1.164277329518918
2015,2016,2016-01-12,Florida,florida,17,7.5,https://www.teamrankings.com/college-football/ranking/schedule-strength-by-other?date=2016-01-12,0.8740157480314961,1.1508514287821232
2015,2016,2016-01-12,Texas A&M,texasaandm,18,7.1,https://www.teamrankings.com/college-football/ranking/schedule-strength-by-other?date=2016-01-12,0.8661417322834646,1.0971478258349443
2015,2016,2016-01-12,Washington,washington,19,7.0,https://www.teamrankings.com/college-football/ranking/schedule-strength-by-other?date=2016-01-12,0.8582677165354331,1.0837219250981496
2015,2016,2016-01-12,Michigan St,michiganst,20,7.0,https://www.teamrankings.com/college-football/ranking/schedule-strength-by-other?date=2016-01-12,0.8503937007874016,1.0837219250981496
2015,2016,2016-01-12,Oklahoma St,oklahomast,21,6.8,https://www.teamrankings.com/college-football/ranking/schedule-strength-by-other?date=2016-01-12,0.8425196850393701,1.0568701236245601
2015,2016,2016-01-12,Utah,utah,22,6.7,https://www.teamrankings.com/college-football/ranking/schedule-strength-by-other?date=2016-01-12,0.8346456692913385,1.0434442228877654
2015,2016,2016-01-12,Georgia Tech,georgiatech,23,6.4,https://www.teamrankings.com/college-football/ranking/schedule-strength-by-other?date=2016-01-12,0.8267716535433071,1.0031665206773812
2015,2016,2016-01-12,Arizona St,arizonast,24,6.4,https://www.teamrankings.com/college-football/ranking/schedule-strength-by-other?date=2016-01-12,0.8188976377952756,1.0031665206773812
2015,2016,2016-01-12,Texas,texas,25,6.3,https://www.teamrankings.com/college-football/ranking/schedule-strength-by-other?date=2016-01-12,0.8110236220472441,0.9897406199405865
2015,2016,2016-01-12,Ohio St,ohiost,26,6.1,https://www.teamrankings.com/college-football/ranking/schedule-strength-by-other?date=2016-01-12,0.8031496062992126,0.962888818466997
2015,2016,2016-01-12,West Virginia,westvirginia,27,6.0,https://www.teamrankings.com/college-football/ranking/schedule-strength-by-other?date=2016-01-12,0.7952755905511811,0.9494629177302023
2015,2016,2016-01-12,UCLA,ucla,28,6.0,https://www.teamrankings.com/college-football/ranking/schedule-strength-by-other?date=2016-01-12,0.7874015748031495,0.9494629177302023
2015,2016,2016-01-12,North Carolina,northcarolina,29,5.8,https://www.teamrankings.com/college-football/ranking/schedule-strength-by-other?date=2016-01-12,0.7795275590551181,0.9226111162566129
2015,2016,2016-01-12,Michigan,michigan,30,5.6,https://www.teamrankings.com/college-football/ranking/schedule-strength-by-other?date=2016-01-12,0.7716535433070866,0.8957593147830234
2015,2016,2016-01-12,Texas Tech,texastech,31,5.6,https://www.teamrankings.com/college-football/ranking/schedule-strength-by-other?date=2016-01-12,0.7637795275590551,0.8957593147830234
2015,2016,2016-01-12,Florida St,floridast,32,5.4,https://www.teamrankings.com/college-football/ranking/schedule-strength-by-other?date=2016-01-12,0.7559055118110236,0.8689075133094339
2015,2016,2016-01-12,Georgia,georgia,33,5.2,https://www.teamrankings.com/college-football/ranking/schedule-strength-by-other?date=2016-01-12,0.7480314960629921,0.8420557118358445
2015,2016,2016-01-12,Pittsburgh,pittsburgh,34,4.9,https://www.teamrankings.com/college-football/ranking/schedule-strength-by-other?date=2016-01-12,0.7401574803149606,0.8017780096254603
2015,2016,2016-01-12,Louisville,louisville,35,4.8,https://www.teamrankings.com/college-football/ranking/schedule-strength-by-other?date=2016-01-12,0.7322834645669292,0.7883521088886656
2015,2016,2016-01-12,Virginia,virginia,36,4.6,https://www.teamrankings.com/college-football/ranking/schedule-strength-by-other?date=2016-01-12,0.7244094488188977,0.761500307415076
2015,2016,2016-01-12,Miami,miami,37,4.5,https://www.teamrankings.com/college-football/ranking/schedule-strength-by-other?date=2016-01-12,0.7165354330708662,0.7480744066782814
2015,2016,2016-01-12,Vanderbilt,vanderbilt,38,4.5,https://www.teamrankings.com/college-football/ranking/schedule-strength-by-other?date=2016-01-12,0.7086614173228347,0.7480744066782814
2015,2016,2016-01-12,Iowa St,iowast,39,4.0,https://www.teamrankings.com/college-football/ranking/schedule-strength-by-other?date=2016-01-12,0.7007874015748031,0.6809449029943078
2015,2016,2016-01-12,Missouri,missouri,40,3.8,https://www.teamrankings.com/college-football/ranking/schedule-strength-by-other?date=2016-01-12,0.6929133858267716,0.6540931015207182
2015,2016,2016-01-12,South Carolina,southcarolina,41,3.8,https://www.teamrankings.com/college-football/ranking/schedule-strength-by-other?date=2016-01-12,0.6850393700787402,0.6540931015207182
2015,2016,2016-01-12,Washington St,washingtonst,42,3.8,https://www.teamrankings.com/college-football/ranking/schedule-strength-by-other?date=2016-01-12,0.6771653543307087,0.6540931015207182
2015,2016,2016-01-12,Kansas St,kansasst,43,3.6,https://www.teamrankings.com/college-football/ranking/schedule-strength-by-other?date=2016-01-12,0.6692913385826771,0.6272413000471287
2015,2016,2016-01-12,Virginia Tech,virginiatech,44,3.5,https://www.teamrankings.com/college-football/ranking/schedule-strength-by-other?date=2016-01-12,0.6614173228346456,0.6138153993103341
2015,2016,2016-01-12,BYU,byu,45,3.3,https://www.teamrankings.com/college-football/ranking/schedule-strength-by-other?date=2016-01-12,0.6535433070866141,0.5869635978367446
2015,2016,2016-01-12,Maryland,maryland,46,3.2,https://www.teamrankings.com/college-football/ranking/schedule-strength-by-other?date=2016-01-12,0.6456692913385826,0.57353769709995
2015,2016,2016-01-12,NC State,ncstate,47,3.0,https://www.teamrankings.com/college-football/ranking/schedule-strength-by-other?date=2016-01-12,0.6377952755905512,0.5466858956263604
2015,2016,2016-01-12,Northwestern,northwestern,48,3.0,https://www.teamrankings.com/college-football/ranking/schedule-strength-by-other?date=2016-01-12,0.6299212598425197,0.5466858956263604
2015,2016,2016-01-12,Wisconsin,wisconsin,49,2.9,https://www.teamrankings.com/college-football/ranking/schedule-strength-by-other?date=2016-01-12,0.6220472440944882,0.5332599948895657
2015,2016,2016-01-12,Nebraska,nebraska,50,2.8,https://www.teamrankings.com/college-football/ranking/schedule-strength-by-other?date=2016-01-12,0.6141732283464567,0.5198340941527709
2015,2016,2016-01-12,Iowa,iowa,51,2.7,https://www.teamrankings.com/college-football/ranking/schedule-strength-by-other?date=2016-01-12,0.6062992125984252,0.5064081934159763
2015,2016,2016-01-12,Syracuse,syracuse,52,2.6,https://www.teamrankings.com/college-football/ranking/schedule-strength-by-other?date=2016-01-12,0.5984251968503937,0.49298229267918153
2015,2016,2016-01-12,Memphis,memphis,53,2.4,https://www.teamrankings.com/college-football/ranking/schedule-strength-by-other?date=2016-01-12,0.5905511811023623,0.466130491205592
2015,2016,2016-01-12,Penn St,pennst,54,2.4,https://www.teamrankings.com/college-football/ranking/schedule-strength-by-other?date=2016-01-12,0.5826771653543308,0.466130491205592
2015,2016,2016-01-12,Minnesota,minnesota,55,2.3,https://www.teamrankings.com/college-football/ranking/schedule-strength-by-other?date=2016-01-12,0.5748031496062992,0.4527045904687973
2015,2016,2016-01-12,Arizona,arizona,56,2.2,https://www.teamrankings.com/college-football/ranking/schedule-strength-by-other?date=2016-01-12,0.5669291338582677,0.4392786897320026
2015,2016,2016-01-12,Boston College,bostoncollege,57,1.8,https://www.teamrankings.com/college-football/ranking/schedule-strength-by-other?date=2016-01-12,0.5590551181102362,0.38557508678482366
2015,2016,2016-01-12,Illinois,illinois,58,1.6,https://www.teamrankings.com/college-football/ranking/schedule-strength-by-other?date=2016-01-12,0.5511811023622047,0.3587232853112342
2015,2016,2016-01-12,Wake Forest,wakeforest,59,1.5,https://www.teamrankings.com/college-football/ranking/schedule-strength-by-other?date=2016-01-12,0.5433070866141732,0.3452973845744395
2015,2016,2016-01-12,Indiana,indiana,60,0.9,https://www.teamrankings.com/college-football/ranking/schedule-strength-by-other?date=2016-01-12,0.5354330708661417,0.2647419801536711
2015,2016,2016-01-12,Oregon St,oregonst,61,0.8,https://www.teamrankings.com/college-football/ranking/schedule-strength-by-other?date=2016-01-12,0.5275590551181102,0.2513160794168764
2015,2016,2016-01-12,Navy,navy,62,0.7,https://www.teamrankings.com/college-football/ranking/schedule-strength-by-other?date=2016-01-12,0.5196850393700787,0.23789017868008167
2015,2016,2016-01-12,Purdue,purdue,63,0.4,https://www.teamrankings.com/college-football/ranking/schedule-strength-by-other?date=2016-01-12,0.5118110236220472,0.19761247646969746
2015,2016,2016-01-12,Kentucky,kentucky,64,0.0,https://www.teamrankings.com/college-football/ranking/schedule-strength-by-other?date=2016-01-12,0.5039370078740157,0.14390887352251855
2015,2016,2016-01-12,Colorado,colorado,65,-0.1,https://www.teamrankings.com/college-football/ranking/schedule-strength-by-other?date=2016-01-12,0.49606299212598426,0.13048297278572382
2015,2016,2016-01-12,Duke,duke,66,-0.2,https://www.teamrankings.com/college-football/ranking/schedule-strength-by-other?date=2016-01-12,0.4881889763779528,0.1170570720489291
2015,2016,2016-01-12,S Florida,sflorida,67,-0.2,https://www.teamrankings.com/college-football/ranking/schedule-strength-by-other?date=2016-01-12,0.4803149606299213,0.1170570720489291
2015,2016,2016-01-12,Temple,temple,68,-0.7,https://www.teamrankings.com/college-football/ranking/schedule-strength-by-other?date=2016-01-12,0.4724409448818898,0.04992756836495545
2015,2016,2016-01-12,W Michigan,wmichigan,69,-0.9,https://www.teamrankings.com/college-football/ranking/schedule-strength-by-other?date=2016-01-12,0.4645669291338582,0.023075766891365986
2015,2016,2016-01-12,Houston,houston,70,-0.9,https://www.teamrankings.com/college-football/ranking/schedule-strength-by-other?date=2016-01-12,0.45669291338582674,0.023075766891365986
2015,2016,2016-01-12,Boise St,boisest,71,-1.1,https://www.teamrankings.com/college-football/ranking/schedule-strength-by-other?date=2016-01-12,0.44881889763779526,-0.003776034582223482
2015,2016,2016-01-12,Cincinnati,cincinnati,72,-1.3,https://www.teamrankings.com/college-football/ranking/schedule-strength-by-other?date=2016-01-12,0.4409448818897638,-0.030627836055812936
2015,2016,2016-01-12,Bowling Green,bowlinggreen,73,-1.5,https://www.teamrankings.com/college-football/ranking/schedule-strength-by-other?date=2016-01-12,0.4330708661417323,-0.05747963752940239
2015,2016,2016-01-12,Utah St,utahst,74,-1.6,https://www.teamrankings.com/college-football/ranking/schedule-strength-by-other?date=2016-01-12,0.4251968503937008,-0.07090553826619712
2015,2016,2016-01-12,Toledo,toledo,75,-1.7,https://www.teamrankings.com/college-football/ranking/schedule-strength-by-other?date=2016-01-12,0.4173228346456693,-0.08433143900299184
2015,2016,2016-01-12,Air Force,airforce,76,-2.0,https://www.teamrankings.com/college-football/ranking/schedule-strength-by-other?date=2016-01-12,0.40944881889763785,-0.12460914121337603
2015,2016,2016-01-12,Rutgers,rutgers,77,-2.1,https://www.teamrankings.com/college-football/ranking/schedule-strength-by-other?date=2016-01-12,0.40157480314960625,-0.13803504195017077
2015,2016,2016-01-12,E Carolina,ecarolina,78,-2.1,https://www.teamrankings.com/college-football/ranking/schedule-strength-by-other?date=2016-01-12,0.39370078740157477,-0.13803504195017077
2015,2016,2016-01-12,W Kentucky,wkentucky,79,-2.1,https://www.teamrankings.com/college-football/ranking/schedule-strength-by-other?date=2016-01-12,0.3858267716535433,-0.13803504195017077
2015,2016,2016-01-12,N Illinois,nillinois,80,-3.7,https://www.teamrankings.com/college-football/ranking/schedule-strength-by-other?date=2016-01-12,0.3779527559055118,-0.35284945373888643
2015,2016,2016-01-12,Southern Miss,southernmiss,81,-3.8,https://www.teamrankings.com/college-football/ranking/schedule-strength-by-other?date=2016-01-12,0.3700787401574803,-0.36627535447568116
2015,2016,2016-01-12,UConn,uconn,82,-3.9,https://www.teamrankings.com/college-football/ranking/schedule-strength-by-other?date=2016-01-12,0.36220472440944884,-0.3797012552124759
2015,2016,2016-01-12,Georgia So,georgiaso,83,-4.2,https://www.teamrankings.com/college-football/ranking/schedule-strength-by-other?date=2016-01-12,0.35433070866141736,-0.4199789574228601
2015,2016,2016-01-12,C Michigan,cmichigan,84,-4.2,https://www.teamrankings.com/college-football/ranking/schedule-strength-by-other?date=2016-01-12,0.3464566929133859,-0.4199789574228601
2015,2016,2016-01-12,Kansas,kansas,85,-4.5,https://www.teamrankings.com/college-football/ranking/schedule-strength-by-other?date=2016-01-12,0.3385826771653543,-0.46025665963324425
2015,2016,2016-01-12,Middle Tenn,middletenn,86,-4.6,https://www.teamrankings.com/college-football/ranking/schedule-strength-by-other?date=2016-01-12,0.3307086614173228,-0.473682560370039
2015,2016,2016-01-12,Tulsa,tulsa,87,-4.7,https://www.teamrankings.com/college-football/ranking/schedule-strength-by-other?date=2016-01-12,0.3228346456692913,-0.48710846110683376
2015,2016,2016-01-12,San Diego St,sandiegost,88,-4.9,https://www.teamrankings.com/college-football/ranking/schedule-strength-by-other?date=2016-01-12,0.31496062992125984,-0.5139602625804233
2015,2016,2016-01-12,Louisiana Tech,louisianatech,89,-5.4,https://www.teamrankings.com/college-football/ranking/schedule-strength-by-other?date=2016-01-12,0.30708661417322836,-0.5810897662643969
2015,2016,2016-01-12,San Jose St,sanjosest,90,-6.3,https://www.teamrankings.com/college-football/ranking/schedule-strength-by-other?date=2016-01-12,0.2992125984251969,-0.7019228728955493
2015,2016,2016-01-12,Colorado St,coloradost,91,-7.1,https://www.teamrankings.com/college-football/ranking/schedule-strength-by-other?date=2016-01-12,0.2913385826771654,-0.8093300787899071
2015,2016,2016-01-12,Ohio,ohio,92,-7.3,https://www.teamrankings.com/college-football/ranking/schedule-strength-by-other?date=2016-01-12,0.2834645669291339,-0.8361818802634967
2015,2016,2016-01-12,Arkansas St,arkansasst,93,-7.3,https://www.teamrankings.com/college-football/ranking/schedule-strength-by-other?date=2016-01-12,0.2755905511811023,-0.8361818802634967
2015,2016,2016-01-12,New Mexico,newmexico,94,-7.8,https://www.teamrankings.com/college-football/ranking/schedule-strength-by-other?date=2016-01-12,0.26771653543307083,-0.9033113839474703
2015,2016,2016-01-12,UNLV,unlv,95,-7.9,https://www.teamrankings.com/college-football/ranking/schedule-strength-by-other?date=2016-01-12,0.25984251968503935,-0.9167372846842651
2015,2016,2016-01-12,Fresno St,fresnost,96,-8.1,https://www.teamrankings.com/college-football/ranking/schedule-strength-by-other?date=2016-01-12,0.25196850393700787,-0.9435890861578545
2015,2016,2016-01-12,App State,appstate,97,-8.2,https://www.teamrankings.com/college-football/ranking/schedule-strength-by-other?date=2016-01-12,0.2440944881889764,-0.9570149868946491
2015,2016,2016-01-12,Ball St,ballst,98,-8.4,https://www.teamrankings.com/college-football/ranking/schedule-strength-by-other?date=2016-01-12,0.2362204724409449,-0.9838667883682387
2015,2016,2016-01-12,Marshall,marshall,99,-8.4,https://www.teamrankings.com/college-football/ranking/schedule-strength-by-other?date=2016-01-12,0.22834645669291342,-0.9838667883682387
2015,2016,2016-01-12,SMU,smu,100,-8.6,https://www.teamrankings.com/college-football/ranking/schedule-strength-by-other?date=2016-01-12,0.22047244094488194,-1.010718589841828
2015,2016,2016-01-12,Nevada,nevada,101,-8.8,https://www.teamrankings.com/college-football/ranking/schedule-strength-by-other?date=2016-01-12,0.21259842519685035,-1.0375703913154177
2015,2016,2016-01-12,Akron,akron,102,-8.9,https://www.teamrankings.com/college-football/ranking/schedule-strength-by-other?date=2016-01-12,0.20472440944881887,-1.0509962920522125
2015,2016,2016-01-12,UCF,ucf,103,-9.3,https://www.teamrankings.com/college-football/ranking/schedule-strength-by-other?date=2016-01-12,0.19685039370078738,-1.1046998949993914
2015,2016,2016-01-12,Troy,troy,104,-9.3,https://www.teamrankings.com/college-football/ranking/schedule-strength-by-other?date=2016-01-12,0.1889763779527559,-1.1046998949993914
2015,2016,2016-01-12,Kent St,kentst,105,-9.7,https://www.teamrankings.com/college-football/ranking/schedule-strength-by-other?date=2016-01-12,0.18110236220472442,-1.15840349794657
2015,2016,2016-01-12,Wyoming,wyoming,106,-9.8,https://www.teamrankings.com/college-football/ranking/schedule-strength-by-other?date=2016-01-12,0.17322834645669294,-1.171829398683365
2015,2016,2016-01-12,Buffalo,buffalo,107,-9.8,https://www.teamrankings.com/college-football/ranking/schedule-strength-by-other?date=2016-01-12,0.16535433070866146,-1.171829398683365
2015,2016,2016-01-12,UMass,umass,108,-10.1,https://www.teamrankings.com/college-football/ranking/schedule-strength-by-other?date=2016-01-12,0.15748031496062997,-1.212107100893749
2015,2016,2016-01-12,Tulane,tulane,109,-10.3,https://www.teamrankings.com/college-football/ranking/schedule-strength-by-other?date=2016-01-12,0.14960629921259838,-1.2389589023673386
2015,2016,2016-01-12,Florida Atlantic,floridaatlantic,110,-10.3,https://www.teamrankings.com/college-football/ranking/schedule-strength-by-other?date=2016-01-12,0.1417322834645669,-1.2389589023673386
2015,2016,2016-01-12,Hawai'i,hawaii,111,-10.5,https://www.teamrankings.com/college-football/ranking/schedule-strength-by-other?date=2016-01-12,0.13385826771653542,-1.265810703840928
2015,2016,2016-01-12,S Alabama,salabama,112,-10.6,https://www.teamrankings.com/college-football/ranking/schedule-strength-by-other?date=2016-01-12,0.12598425196850394,-1.2792366045777228
2015,2016,2016-01-12,N Texas,ntexas,113,-11.4,https://www.teamrankings.com/college-football/ranking/schedule-strength-by-other?date=2016-01-12,0.11811023622047245,-1.3866438104720806
2015,2016,2016-01-12,Army,army,114,-11.9,https://www.teamrankings.com/college-football/ranking/schedule-strength-by-other?date=2016-01-12,0.11023622047244097,-1.4537733141560543
2015,2016,2016-01-12,Georgia St,georgiast,115,-12.2,https://www.teamrankings.com/college-football/ranking/schedule-strength-by-other?date=2016-01-12,0.10236220472440949,-1.4940510163664382
2015,2016,2016-01-12,UTSA,utsa,116,-12.2,https://www.teamrankings.com/college-football/ranking/schedule-strength-by-other?date=2016-01-12,0.09448818897637801,-1.4940510163664382
2015,2016,2016-01-12,Idaho,idaho,117,-12.4,https://www.teamrankings.com/college-football/ranking/schedule-strength-by-other?date=2016-01-12,0.08661417322834641,-1.520902817840028
2015,2016,2016-01-12,Miami OH,miamioh,118,-12.5,https://www.teamrankings.com/college-football/ranking/schedule-strength-by-other?date=2016-01-12,0.07874015748031493,-1.5343287185768226
2015,2016,2016-01-12,Florida Intl,floridaintl,119,-12.5,https://www.teamrankings.com/college-football/ranking/schedule-strength-by-other?date=2016-01-12,0.07086614173228345,-1.5343287185768226
2015,2016,2016-01-12,UL Monroe,ulmonroe,120,-13.0,https://www.teamrankings.com/college-football/ranking/schedule-strength-by-other?date=2016-01-12,0.06299212598425197,-1.6014582222607963
2015,2016,2016-01-12,New Mexico St,newmexicost,121,-13.1,https://www.teamrankings.com/college-football/ranking/schedule-strength-by-other?date=2016-01-12,0.055118110236220486,-1.614884122997591
2015,2016,2016-01-12,Louisiana,louisiana,122,-13.2,https://www.teamrankings.com/college-football/ranking/schedule-strength-by-other?date=2016-01-12,0.047244094488189003,-1.6283100237343857
2015,2016,2016-01-12,E Michigan,emichigan,123,-13.2,https://www.teamrankings.com/college-football/ranking/schedule-strength-by-other?date=2016-01-12,0.03937007874015752,-1.6283100237343857
2015,2016,2016-01-12,Rice,rice,124,-13.7,https://www.teamrankings.com/college-football/ranking/schedule-strength-by-other?date=2016-01-12,0.03149606299212604,-1.6954395274183593
2015,2016,2016-01-12,Texas St,texasst,125,-14.9,https://www.teamrankings.com/college-football/ranking/schedule-strength-by-other?date=2016-01-12,0.023622047244094446,-1.856550336259896
2015,2016,2016-01-12,Charlotte,charlotte,126,-15.2,https://www.teamrankings.com/college-football/ranking/schedule-strength-by-other?date=2016-01-12,0.015748031496062964,-1.8968280384702803
2015,2016,2016-01-12,Old Dominion,olddominion,127,-15.3,https://www.teamrankings.com/college-football/ranking/schedule-strength-by-other?date=2016-01-12,0.007874015748031482,-1.9102539392070752
2015,2016,2016-01-12,UTEP,utep,128,-15.6,https://www.teamrankings.com/college-football/ranking/schedule-strength-by-other?date=2016-01-12,0.0,-1.9505316414174592
2016,2017,2017-01-10,Alabama,alabama,1,14.2,https://www.teamrankings.com/college-football/ranking/schedule-strength-by-other?date=2017-01-10,1.0,2.1552291530444823
2016,2017,2017-01-10,Ohio St,ohiost,2,13.9,https://www.teamrankings.com/college-football/ranking/schedule-strength-by-other?date=2017-01-10,0.9921259842519685,2.114381811118167
2016,2017,2017-01-10,Clemson,clemson,3,13.7,https://www.teamrankings.com/college-football/ranking/schedule-strength-by-other?date=2017-01-10,0.984251968503937,2.0871502498339565
2016,2017,2017-01-10,LSU,lsu,4,10.7,https://www.teamrankings.com/college-football/ranking/schedule-strength-by-other?date=2017-01-10,0.9763779527559056,1.6786768305708
2016,2017,2017-01-10,Michigan,michigan,5,10.7,https://www.teamrankings.com/college-football/ranking/schedule-strength-by-other?date=2017-01-10,0.9685039370078741,1.6786768305708
2016,2017,2017-01-10,Florida St,floridast,6,10.7,https://www.teamrankings.com/college-football/ranking/schedule-strength-by-other?date=2017-01-10,0.9606299212598425,1.6786768305708
2016,2017,2017-01-10,Auburn,auburn,7,9.6,https://www.teamrankings.com/college-football/ranking/schedule-strength-by-other?date=2017-01-10,0.952755905511811,1.5289032435076426
2016,2017,2017-01-10,USC,usc,8,9.3,https://www.teamrankings.com/college-football/ranking/schedule-strength-by-other?date=2017-01-10,0.9448818897637795,1.488055901581327
2016,2017,2017-01-10,Wisconsin,wisconsin,9,9.2,https://www.teamrankings.com/college-football/ranking/schedule-strength-by-other?date=2017-01-10,0.937007874015748,1.4744401209392217
2016,2017,2017-01-10,Washington,washington,10,9.0,https://www.teamrankings.com/college-football/ranking/schedule-strength-by-other?date=2017-01-10,0.9291338582677166,1.4472085596550113
2016,2017,2017-01-10,Oklahoma,oklahoma,11,8.6,https://www.teamrankings.com/college-football/ranking/schedule-strength-by-other?date=2017-01-10,0.9212598425196851,1.3927454370865904
2016,2017,2017-01-10,Penn St,pennst,12,7.8,https://www.teamrankings.com/college-football/ranking/schedule-strength-by-other?date=2017-01-10,0.9133858267716536,1.2838191919497488
2016,2017,2017-01-10,Colorado,colorado,13,7.3,https://www.teamrankings.com/college-football/ranking/schedule-strength-by-other?date=2017-01-10,0.905511811023622,1.2157402887392228
2016,2017,2017-01-10,Louisville,louisville,14,7.1,https://www.teamrankings.com/college-football/ranking/schedule-strength-by-other?date=2017-01-10,0.8976377952755905,1.1885087274550121
2016,2017,2017-01-10,Mississippi,mississippi,15,6.9,https://www.teamrankings.com/college-football/ranking/schedule-strength-by-other?date=2017-01-10,0.889763779527559,1.161277166170802
2016,2017,2017-01-10,Florida,florida,16,6.8,https://www.teamrankings.com/college-football/ranking/schedule-strength-by-other?date=2017-01-10,0.8818897637795275,1.1476613855286968
2016,2017,2017-01-10,Stanford,stanford,17,6.7,https://www.teamrankings.com/college-football/ranking/schedule-strength-by-other?date=2017-01-10,0.8740157480314961,1.1340456048865912
2016,2017,2017-01-10,Miami,miami,18,6.5,https://www.teamrankings.com/college-football/ranking/schedule-strength-by-other?date=2017-01-10,0.8661417322834646,1.106814043602381
2016,2017,2017-01-10,Texas A&M,texasaandm,19,6.1,https://www.teamrankings.com/college-football/ranking/schedule-strength-by-other?date=2017-01-10,0.8582677165354331,1.05235092103396
2016,2017,2017-01-10,Virginia Tech,virginiatech,20,5.9,https://www.teamrankings.com/college-football/ranking/schedule-strength-by-other?date=2017-01-10,0.8503937007874016,1.0251193597497497
2016,2017,2017-01-10,Pittsburgh,pittsburgh,21,5.8,https://www.teamrankings.com/college-football/ranking/schedule-strength-by-other?date=2017-01-10,0.8425196850393701,1.0115035791076445
2016,2017,2017-01-10,Arkansas,arkansas,22,5.7,https://www.teamrankings.com/college-football/ranking/schedule-strength-by-other?date=2017-01-10,0.8346456692913385,0.9978877984655393
2016,2017,2017-01-10,Kansas St,kansasst,23,5.7,https://www.teamrankings.com/college-football/ranking/schedule-strength-by-other?date=2017-01-10,0.8267716535433071,0.9978877984655393
2016,2017,2017-01-10,Tennessee,tennessee,24,5.0,https://www.teamrankings.com/college-football/ranking/schedule-strength-by-other?date=2017-01-10,0.8188976377952756,0.9025773339708028
2016,2017,2017-01-10,Oklahoma St,oklahomast,25,5.0,https://www.teamrankings.com/college-football/ranking/schedule-strength-by-other?date=2017-01-10,0.8110236220472441,0.9025773339708028
2016,2017,2017-01-10,West Virginia,westvirginia,26,5.0,https://www.teamrankings.com/college-football/ranking/schedule-strength-by-other?date=2017-01-10,0.8031496062992126,0.9025773339708028
2016,2017,2017-01-10,UCLA,ucla,27,4.5,https://www.teamrankings.com/college-football/ranking/schedule-strength-by-other?date=2017-01-10,0.7952755905511811,0.8344984307602766
2016,2017,2017-01-10,Notre Dame,notredame,28,4.5,https://www.teamrankings.com/college-football/ranking/schedule-strength-by-other?date=2017-01-10,0.7874015748031495,0.8344984307602766
2016,2017,2017-01-10,North Carolina,northcarolina,29,4.3,https://www.teamrankings.com/college-football/ranking/schedule-strength-by-other?date=2017-01-10,0.7795275590551181,0.8072668694760662
2016,2017,2017-01-10,Oregon,oregon,30,4.2,https://www.teamrankings.com/college-football/ranking/schedule-strength-by-other?date=2017-01-10,0.7716535433070866,0.7936510888339611
2016,2017,2017-01-10,NC State,ncstate,31,4.2,https://www.teamrankings.com/college-football/ranking/schedule-strength-by-other?date=2017-01-10,0.7637795275590551,0.7936510888339611
2016,2017,2017-01-10,Washington St,washingtonst,32,4.1,https://www.teamrankings.com/college-football/ranking/schedule-strength-by-other?date=2017-01-10,0.7559055118110236,0.7800353081918557
2016,2017,2017-01-10,California,california,33,4.1,https://www.teamrankings.com/college-football/ranking/schedule-strength-by-other?date=2017-01-10,0.7480314960629921,0.7800353081918557
2016,2017,2017-01-10,Michigan St,michiganst,34,4.1,https://www.teamrankings.com/college-football/ranking/schedule-strength-by-other?date=2017-01-10,0.7401574803149606,0.7800353081918557
2016,2017,2017-01-10,Duke,duke,35,3.7,https://www.teamrankings.com/college-football/ranking/schedule-strength-by-other?date=2017-01-10,0.7322834645669292,0.725572185623435
2016,2017,2017-01-10,Texas,texas,36,3.6,https://www.teamrankings.com/college-football/ranking/schedule-strength-by-other?date=2017-01-10,0.7244094488188977,0.7119564049813297
2016,2017,2017-01-10,Northwestern,northwestern,37,3.6,https://www.teamrankings.com/college-football/ranking/schedule-strength-by-other?date=2017-01-10,0.7165354330708662,0.7119564049813297
2016,2017,2017-01-10,Georgia Tech,georgiatech,38,3.5,https://www.teamrankings.com/college-football/ranking/schedule-strength-by-other?date=2017-01-10,0.7086614173228347,0.6983406243392245
2016,2017,2017-01-10,Vanderbilt,vanderbilt,39,3.5,https://www.teamrankings.com/college-football/ranking/schedule-strength-by-other?date=2017-01-10,0.7007874015748031,0.6983406243392245
2016,2017,2017-01-10,Georgia,georgia,40,3.0,https://www.teamrankings.com/college-football/ranking/schedule-strength-by-other?date=2017-01-10,0.6929133858267716,0.6302617211286985
2016,2017,2017-01-10,Texas Tech,texastech,41,2.9,https://www.teamrankings.com/college-football/ranking/schedule-strength-by-other?date=2017-01-10,0.6850393700787402,0.6166459404865933
2016,2017,2017-01-10,Utah,utah,42,2.8,https://www.teamrankings.com/college-football/ranking/schedule-strength-by-other?date=2017-01-10,0.6771653543307087,0.603030159844488
2016,2017,2017-01-10,TCU,tcu,43,2.8,https://www.teamrankings.com/college-football/ranking/schedule-strength-by-other?date=2017-01-10,0.6692913385826771,0.603030159844488
2016,2017,2017-01-10,Iowa,iowa,44,2.7,https://www.teamrankings.com/college-football/ranking/schedule-strength-by-other?date=2017-01-10,0.6614173228346456,0.5894143792023828
2016,2017,2017-01-10,Oregon St,oregonst,45,2.6,https://www.teamrankings.com/college-football/ranking/schedule-strength-by-other?date=2017-01-10,0.6535433070866141,0.5757985985602775
2016,2017,2017-01-10,Baylor,baylor,46,2.5,https://www.teamrankings.com/college-football/ranking/schedule-strength-by-other?date=2017-01-10,0.6456692913385826,0.5621828179181724
2016,2017,2017-01-10,Nebraska,nebraska,47,2.3,https://www.teamrankings.com/college-football/ranking/schedule-strength-by-other?date=2017-01-10,0.6377952755905512,0.5349512566339619
2016,2017,2017-01-10,Syracuse,syracuse,48,2.2,https://www.teamrankings.com/college-football/ranking/schedule-strength-by-other?date=2017-01-10,0.6299212598425197,0.5213354759918567
2016,2017,2017-01-10,Iowa St,iowast,49,1.7,https://www.teamrankings.com/college-football/ranking/schedule-strength-by-other?date=2017-01-10,0.6220472440944882,0.4532565727813307
2016,2017,2017-01-10,Mississippi St,mississippist,50,1.6,https://www.teamrankings.com/college-football/ranking/schedule-strength-by-other?date=2017-01-10,0.6141732283464567,0.43964079213922547
2016,2017,2017-01-10,Houston,houston,51,1.5,https://www.teamrankings.com/college-football/ranking/schedule-strength-by-other?date=2017-01-10,0.6062992125984252,0.42602501149712024
2016,2017,2017-01-10,Arizona St,arizonast,52,1.4,https://www.teamrankings.com/college-football/ranking/schedule-strength-by-other?date=2017-01-10,0.5984251968503937,0.41240923085501496
2016,2017,2017-01-10,Minnesota,minnesota,53,1.1,https://www.teamrankings.com/college-football/ranking/schedule-strength-by-other?date=2017-01-10,0.5905511811023623,0.37156188892869935
2016,2017,2017-01-10,Arizona,arizona,54,0.7,https://www.teamrankings.com/college-football/ranking/schedule-strength-by-other?date=2017-01-10,0.5826771653543308,0.3170987663602785
2016,2017,2017-01-10,Kentucky,kentucky,55,0.6,https://www.teamrankings.com/college-football/ranking/schedule-strength-by-other?date=2017-01-10,0.5748031496062992,0.3034829857181733
2016,2017,2017-01-10,Missouri,missouri,56,0.6,https://www.teamrankings.com/college-football/ranking/schedule-strength-by-other?date=2017-01-10,0.5669291338582677,0.3034829857181733
2016,2017,2017-01-10,Wake Forest,wakeforest,57,0.5,https://www.teamrankings.com/college-football/ranking/schedule-strength-by-other?date=2017-01-10,0.5590551181102362,0.28986720507606806
2016,2017,2017-01-10,Virginia,virginia,58,0.4,https://www.teamrankings.com/college-football/ranking/schedule-strength-by-other?date=2017-01-10,0.5511811023622047,0.27625142443396283
2016,2017,2017-01-10,South Carolina,southcarolina,59,0.1,https://www.teamrankings.com/college-football/ranking/schedule-strength-by-other?date=2017-01-10,0.5433070866141732,0.23540408250764722
2016,2017,2017-01-10,Memphis,memphis,60,0.1,https://www.teamrankings.com/college-football/ranking/schedule-strength-by-other?date=2017-01-10,0.5354330708661417,0.23540408250764722
2016,2017,2017-01-10,Indiana,indiana,61,-0.1,https://www.teamrankings.com/college-football/ranking/schedule-strength-by-other?date=2017-01-10,0.5275590551181102,0.20817252122343677
2016,2017,2017-01-10,Navy,navy,62,-0.2,https://www.teamrankings.com/college-football/ranking/schedule-strength-by-other?date=2017-01-10,0.5196850393700787,0.19455674058133157
2016,2017,2017-01-10,BYU,byu,63,-0.5,https://www.teamrankings.com/college-football/ranking/schedule-strength-by-other?date=2017-01-10,0.5118110236220472,0.1537093986550159
2016,2017,2017-01-10,Tulsa,tulsa,64,-1.2,https://www.teamrankings.com/college-football/ranking/schedule-strength-by-other?date=2017-01-10,0.5039370078740157,0.05839893416027941
2016,2017,2017-01-10,S Florida,sflorida,65,-1.2,https://www.teamrankings.com/college-football/ranking/schedule-strength-by-other?date=2017-01-10,0.49606299212598426,0.05839893416027941
2016,2017,2017-01-10,Temple,temple,66,-1.4,https://www.teamrankings.com/college-football/ranking/schedule-strength-by-other?date=2017-01-10,0.4881889763779528,0.031167372876068983
2016,2017,2017-01-10,W Kentucky,wkentucky,67,-1.5,https://www.teamrankings.com/college-football/ranking/schedule-strength-by-other?date=2017-01-10,0.4803149606299213,0.017551592233963756
2016,2017,2017-01-10,Maryland,maryland,68,-1.5,https://www.teamrankings.com/college-football/ranking/schedule-strength-by-other?date=2017-01-10,0.4724409448818898,0.017551592233963756
2016,2017,2017-01-10,SMU,smu,69,-1.7,https://www.teamrankings.com/college-football/ranking/schedule-strength-by-other?date=2017-01-10,0.4645669291338582,-0.00967996905024667
2016,2017,2017-01-10,Illinois,illinois,70,-1.7,https://www.teamrankings.com/college-football/ranking/schedule-strength-by-other?date=2017-01-10,0.45669291338582674,-0.00967996905024667
2016,2017,2017-01-10,Boston College,bostoncollege,71,-1.9,https://www.teamrankings.com/college-football/ranking/schedule-strength-by-other?date=2017-01-10,0.44881889763779526,-0.03691153033445709
2016,2017,2017-01-10,Boise St,boisest,72,-2.2,https://www.teamrankings.com/college-football/ranking/schedule-strength-by-other?date=2017-01-10,0.4409448818897638,-0.07775887226077277
2016,2017,2017-01-10,Kansas,kansas,73,-2.4,https://www.teamrankings.com/college-football/ranking/schedule-strength-by-other?date=2017-01-10,0.4330708661417323,-0.10499043354498318
2016,2017,2017-01-10,UCF,ucf,74,-3.0,https://www.teamrankings.com/college-football/ranking/schedule-strength-by-other?date=2017-01-10,0.4251968503937008,-0.18668511739761448
2016,2017,2017-01-10,W Michigan,wmichigan,75,-3.2,https://www.teamrankings.com/college-football/ranking/schedule-strength-by-other?date=2017-01-10,0.4173228346456693,-0.21391667868182493
2016,2017,2017-01-10,E Carolina,ecarolina,76,-3.3,https://www.teamrankings.com/college-football/ranking/schedule-strength-by-other?date=2017-01-10,0.40944881889763785,-0.2275324593239301
2016,2017,2017-01-10,Wyoming,wyoming,77,-3.7,https://www.teamrankings.com/college-football/ranking/schedule-strength-by-other?date=2017-01-10,0.40157480314960625,-0.281995581892351
2016,2017,2017-01-10,Rutgers,rutgers,78,-3.8,https://www.teamrankings.com/college-football/ranking/schedule-strength-by-other?date=2017-01-10,0.39370078740157477,-0.2956113625344562
2016,2017,2017-01-10,Purdue,purdue,79,-4.2,https://www.teamrankings.com/college-football/ranking/schedule-strength-by-other?date=2017-01-10,0.3858267716535433,-0.3500744851028771
2016,2017,2017-01-10,Cincinnati,cincinnati,80,-4.2,https://www.teamrankings.com/college-football/ranking/schedule-strength-by-other?date=2017-01-10,0.3779527559055118,-0.3500744851028771
2016,2017,2017-01-10,Louisiana Tech,louisianatech,81,-4.3,https://www.teamrankings.com/college-football/ranking/schedule-strength-by-other?date=2017-01-10,0.3700787401574803,-0.36369026574498226
2016,2017,2017-01-10,Utah St,utahst,82,-4.4,https://www.teamrankings.com/college-football/ranking/schedule-strength-by-other?date=2017-01-10,0.36220472440944884,-0.37730604638708753
2016,2017,2017-01-10,Colorado St,coloradost,83,-4.5,https://www.teamrankings.com/college-football/ranking/schedule-strength-by-other?date=2017-01-10,0.35433070866141736,-0.3909218270291927
2016,2017,2017-01-10,App State,appstate,84,-4.6,https://www.teamrankings.com/college-football/ranking/schedule-strength-by-other?date=2017-01-10,0.3464566929133859,-0.40453760767129787
2016,2017,2017-01-10,Toledo,toledo,85,-5.0,https://www.teamrankings.com/college-football/ranking/schedule-strength-by-other?date=2017-01-10,0.3385826771653543,-0.45900073023971877
2016,2017,2017-01-10,Tulane,tulane,86,-5.5,https://www.teamrankings.com/college-football/ranking/schedule-strength-by-other?date=2017-01-10,0.3307086614173228,-0.5270796334502449
2016,2017,2017-01-10,San Diego St,sandiegost,87,-6.0,https://www.teamrankings.com/college-football/ranking/schedule-strength-by-other?date=2017-01-10,0.3228346456692913,-0.5951585366607709
2016,2017,2017-01-10,N Illinois,nillinois,88,-6.2,https://www.teamrankings.com/college-football/ranking/schedule-strength-by-other?date=2017-01-10,0.31496062992125984,-0.6223900979449813
2016,2017,2017-01-10,Georgia So,georgiaso,89,-6.6,https://www.teamrankings.com/college-football/ranking/schedule-strength-by-other?date=2017-01-10,0.30708661417322836,-0.6768532205134021
2016,2017,2017-01-10,UConn,uconn,90,-6.9,https://www.teamrankings.com/college-football/ranking/schedule-strength-by-other?date=2017-01-10,0.2992125984251969,-0.7177005624397179
2016,2017,2017-01-10,C Michigan,cmichigan,91,-7.0,https://www.teamrankings.com/college-football/ranking/schedule-strength-by-other?date=2017-01-10,0.2913385826771654,-0.7313163430818231
2016,2017,2017-01-10,Air Force,airforce,92,-7.3,https://www.teamrankings.com/college-football/ranking/schedule-strength-by-other?date=2017-01-10,0.2834645669291339,-0.7721636850081387
2016,2017,2017-01-10,Army,army,93,-7.5,https://www.teamrankings.com/college-football/ranking/schedule-strength-by-other?date=2017-01-10,0.2755905511811023,-0.7993952462923491
2016,2017,2017-01-10,Troy,troy,94,-8.1,https://www.teamrankings.com/college-football/ranking/schedule-strength-by-other?date=2017-01-10,0.26771653543307083,-0.8810899301449804
2016,2017,2017-01-10,San Jose St,sanjosest,95,-8.5,https://www.teamrankings.com/college-football/ranking/schedule-strength-by-other?date=2017-01-10,0.25984251968503935,-0.9355530527134013
2016,2017,2017-01-10,Arkansas St,arkansasst,96,-8.7,https://www.teamrankings.com/college-football/ranking/schedule-strength-by-other?date=2017-01-10,0.25196850393700787,-0.9627846139976116
2016,2017,2017-01-10,E Michigan,emichigan,97,-8.9,https://www.teamrankings.com/college-football/ranking/schedule-strength-by-other?date=2017-01-10,0.2440944881889764,-0.9900161752818223
2016,2017,2017-01-10,UMass,umass,98,-9.4,https://www.teamrankings.com/college-football/ranking/schedule-strength-by-other?date=2017-01-10,0.2362204724409449,-1.0580950784923484
2016,2017,2017-01-10,Fresno St,fresnost,99,-9.5,https://www.teamrankings.com/college-football/ranking/schedule-strength-by-other?date=2017-01-10,0.22834645669291342,-1.0717108591344535
2016,2017,2017-01-10,Ohio,ohio,100,-9.7,https://www.teamrankings.com/college-football/ranking/schedule-strength-by-other?date=2017-01-10,0.22047244094488194,-1.0989424204186637
2016,2017,2017-01-10,Hawai'i,hawaii,101,-9.8,https://www.teamrankings.com/college-football/ranking/schedule-strength-by-other?date=2017-01-10,0.21259842519685035,-1.1125582010607693
2016,2017,2017-01-10,UTSA,utsa,102,-9.8,https://www.teamrankings.com/college-football/ranking/schedule-strength-by-other?date=2017-01-10,0.20472440944881887,-1.1125582010607693
2016,2017,2017-01-10,Southern Miss,southernmiss,103,-9.9,https://www.teamrankings.com/college-football/ranking/schedule-strength-by-other?date=2017-01-10,0.19685039370078738,-1.1261739817028744
2016,2017,2017-01-10,Miami OH,miamioh,104,-10.1,https://www.teamrankings.com/college-football/ranking/schedule-strength-by-other?date=2017-01-10,0.1889763779527559,-1.1534055429870846
2016,2017,2017-01-10,Middle Tenn,middletenn,105,-10.2,https://www.teamrankings.com/college-football/ranking/schedule-strength-by-other?date=2017-01-10,0.18110236220472442,-1.16702132362919
2016,2017,2017-01-10,Akron,akron,106,-10.2,https://www.teamrankings.com/college-football/ranking/schedule-strength-by-other?date=2017-01-10,0.17322834645669294,-1.16702132362919
2016,2017,2017-01-10,UNLV,unlv,107,-10.2,https://www.teamrankings.com/college-football/ranking/schedule-strength-by-other?date=2017-01-10,0.16535433070866146,-1.16702132362919
2016,2017,2017-01-10,New Mexico,newmexico,108,-10.4,https://www.teamrankings.com/college-football/ranking/schedule-strength-by-other?date=2017-01-10,0.15748031496062997,-1.1942528849134004
2016,2017,2017-01-10,N Texas,ntexas,109,-10.5,https://www.teamrankings.com/college-football/ranking/schedule-strength-by-other?date=2017-01-10,0.14960629921259838,-1.2078686655555055
2016,2017,2017-01-10,Idaho,idaho,110,-10.7,https://www.teamrankings.com/college-football/ranking/schedule-strength-by-other?date=2017-01-10,0.1417322834645669,-1.235100226839716
2016,2017,2017-01-10,Ball St,ballst,111,-10.7,https://www.teamrankings.com/college-football/ranking/schedule-strength-by-other?date=2017-01-10,0.13385826771653542,-1.235100226839716
2016,2017,2017-01-10,New Mexico St,newmexicost,112,-10.8,https://www.teamrankings.com/college-football/ranking/schedule-strength-by-other?date=2017-01-10,0.12598425196850394,-1.2487160074818213
2016,2017,2017-01-10,Old Dominion,olddominion,113,-11.0,https://www.teamrankings.com/college-football/ranking/schedule-strength-by-other?date=2017-01-10,0.11811023622047245,-1.2759475687660318
2016,2017,2017-01-10,Louisiana,louisiana,114,-11.1,https://www.teamrankings.com/college-football/ranking/schedule-strength-by-other?date=2017-01-10,0.11023622047244097,-1.2895633494081369
2016,2017,2017-01-10,Bowling Green,bowlinggreen,115,-11.2,https://www.teamrankings.com/college-football/ranking/schedule-strength-by-other?date=2017-01-10,0.10236220472440949,-1.303179130050242
2016,2017,2017-01-10,Kent St,kentst,116,-11.2,https://www.teamrankings.com/college-football/ranking/schedule-strength-by-other?date=2017-01-10,0.09448818897637801,-1.303179130050242
2016,2017,2017-01-10,Nevada,nevada,117,-11.3,https://www.teamrankings.com/college-football/ranking/schedule-strength-by-other?date=2017-01-10,0.08661417322834641,-1.3167949106923476
2016,2017,2017-01-10,Florida Intl,floridaintl,118,-11.5,https://www.teamrankings.com/college-football/ranking/schedule-strength-by-other?date=2017-01-10,0.07874015748031493,-1.3440264719765578
2016,2017,2017-01-10,S Alabama,salabama,119,-11.5,https://www.teamrankings.com/college-football/ranking/schedule-strength-by-other?date=2017-01-10,0.07086614173228345,-1.3440264719765578
2016,2017,2017-01-10,Georgia St,georgiast,120,-11.5,https://www.teamrankings.com/college-football/ranking/schedule-strength-by-other?date=2017-01-10,0.06299212598425197,-1.3440264719765578
2016,2017,2017-01-10,Marshall,marshall,121,-12.0,https://www.teamrankings.com/college-football/ranking/schedule-strength-by-other?date=2017-01-10,0.055118110236220486,-1.4121053751870838
2016,2017,2017-01-10,Buffalo,buffalo,122,-12.9,https://www.teamrankings.com/college-football/ranking/schedule-strength-by-other?date=2017-01-10,0.047244094488189003,-1.534647400966031
2016,2017,2017-01-10,Rice,rice,123,-13.4,https://www.teamrankings.com/college-football/ranking/schedule-strength-by-other?date=2017-01-10,0.03937007874015752,-1.602726304176557
2016,2017,2017-01-10,UL Monroe,ulmonroe,124,-13.9,https://www.teamrankings.com/college-football/ranking/schedule-strength-by-other?date=2017-01-10,0.03149606299212604,-1.670805207387083
2016,2017,2017-01-10,Charlotte,charlotte,125,-14.2,https://www.teamrankings.com/college-football/ranking/schedule-strength-by-other?date=2017-01-10,0.023622047244094446,-1.7116525493133985
2016,2017,2017-01-10,Florida Atlantic,floridaatlantic,126,-14.3,https://www.teamrankings.com/college-football/ranking/schedule-strength-by-other?date=2017-01-10,0.015748031496062964,-1.7252683299555038
2016,2017,2017-01-10,UTEP,utep,127,-15.6,https://www.teamrankings.com/college-football/ranking/schedule-strength-by-other?date=2017-01-10,0.007874015748031482,-1.9022734783028716
2016,2017,2017-01-10,Texas St,texasst,128,-16.0,https://www.teamrankings.com/college-football/ranking/schedule-strength-by-other?date=2017-01-10,0.0,-1.9567366008712925
2017,2018,2018-01-09,Auburn,auburn,1,13.0,https://www.teamrankings.com/college-football/ranking/schedule-strength-by-other?date=2018-01-09,1.0,1.8783780505608245
2017,2018,2018-01-09,Oklahoma,oklahoma,2,12.7,https://www.teamrankings.com/college-football/ranking/schedule-strength-by-other?date=2018-01-09,0.9922480620155039,1.8391865547487807
2017,2018,2018-01-09,Ohio St,ohiost,3,12.3,https://www.teamrankings.com/college-football/ranking/schedule-strength-by-other?date=2018-01-09,0.9844961240310077,1.7869312269993893
2017,2018,2018-01-09,Clemson,clemson,4,12.0,https://www.teamrankings.com/college-football/ranking/schedule-strength-by-other?date=2018-01-09,0.9767441860465116,1.7477397311873455
2017,2018,2018-01-09,Penn St,pennst,5,11.8,https://www.teamrankings.com/college-football/ranking/schedule-strength-by-other?date=2018-01-09,0.9689922480620154,1.7216120673126498
2017,2018,2018-01-09,Alabama,alabama,6,11.7,https://www.teamrankings.com/college-football/ranking/schedule-strength-by-other?date=2018-01-09,0.9612403100775194,1.7085482353753016
2017,2018,2018-01-09,Georgia,georgia,7,11.5,https://www.teamrankings.com/college-football/ranking/schedule-strength-by-other?date=2018-01-09,0.9534883720930233,1.682420571500606
2017,2018,2018-01-09,TCU,tcu,8,10.1,https://www.teamrankings.com/college-football/ranking/schedule-strength-by-other?date=2018-01-09,0.9457364341085271,1.4995269243777352
2017,2018,2018-01-09,Notre Dame,notredame,9,9.8,https://www.teamrankings.com/college-football/ranking/schedule-strength-by-other?date=2018-01-09,0.937984496124031,1.4603354285656915
2017,2018,2018-01-09,Iowa,iowa,10,9.3,https://www.teamrankings.com/college-football/ranking/schedule-strength-by-other?date=2018-01-09,0.9302325581395349,1.395016268878952
2017,2018,2018-01-09,Florida St,floridast,11,8.3,https://www.teamrankings.com/college-football/ranking/schedule-strength-by-other?date=2018-01-09,0.9224806201550387,1.2643779495054728
2017,2018,2018-01-09,Oklahoma St,oklahomast,12,8.2,https://www.teamrankings.com/college-football/ranking/schedule-strength-by-other?date=2018-01-09,0.9147286821705426,1.2513141175681248
2017,2018,2018-01-09,Stanford,stanford,13,8.1,https://www.teamrankings.com/college-football/ranking/schedule-strength-by-other?date=2018-01-09,0.9069767441860466,1.2382502856307769
2017,2018,2018-01-09,Wisconsin,wisconsin,14,7.9,https://www.teamrankings.com/college-football/ranking/schedule-strength-by-other?date=2018-01-09,0.8992248062015504,1.2121226217560812
2017,2018,2018-01-09,USC,usc,15,7.8,https://www.teamrankings.com/college-football/ranking/schedule-strength-by-other?date=2018-01-09,0.8914728682170543,1.199058789818733
2017,2018,2018-01-09,Wake Forest,wakeforest,16,7.8,https://www.teamrankings.com/college-football/ranking/schedule-strength-by-other?date=2018-01-09,0.8837209302325582,1.199058789818733
2017,2018,2018-01-09,Texas,texas,17,7.5,https://www.teamrankings.com/college-football/ranking/schedule-strength-by-other?date=2018-01-09,0.875968992248062,1.1598672940066894
2017,2018,2018-01-09,Michigan St,michiganst,18,7.5,https://www.teamrankings.com/college-football/ranking/schedule-strength-by-other?date=2018-01-09,0.8682170542635659,1.1598672940066894
2017,2018,2018-01-09,Miami,miami,19,7.5,https://www.teamrankings.com/college-football/ranking/schedule-strength-by-other?date=2018-01-09,0.8604651162790697,1.1598672940066894
2017,2018,2018-01-09,Iowa St,iowast,20,7.5,https://www.teamrankings.com/college-football/ranking/schedule-strength-by-other?date=2018-01-09,0.8527131782945736,1.1598672940066894
2017,2018,2018-01-09,Michigan,michigan,21,7.3,https://www.teamrankings.com/college-football/ranking/schedule-strength-by-other?date=2018-01-09,0.8449612403100775,1.1337396301319935
2017,2018,2018-01-09,Mississippi St,mississippist,22,7.2,https://www.teamrankings.com/college-football/ranking/schedule-strength-by-other?date=2018-01-09,0.8372093023255813,1.1206757981946456
2017,2018,2018-01-09,NC State,ncstate,23,7.2,https://www.teamrankings.com/college-football/ranking/schedule-strength-by-other?date=2018-01-09,0.8294573643410853,1.1206757981946456
2017,2018,2018-01-09,Boston College,bostoncollege,24,7.0,https://www.teamrankings.com/college-football/ranking/schedule-strength-by-other?date=2018-01-09,0.8217054263565892,1.09454813431995
2017,2018,2018-01-09,Louisville,louisville,25,6.6,https://www.teamrankings.com/college-football/ranking/schedule-strength-by-other?date=2018-01-09,0.813953488372093,1.0422928065705581
2017,2018,2018-01-09,Washington,washington,26,6.3,https://www.teamrankings.com/college-football/ranking/schedule-strength-by-other?date=2018-01-09,0.8062015503875969,1.0031013107585145
2017,2018,2018-01-09,LSU,lsu,27,6.2,https://www.teamrankings.com/college-football/ranking/schedule-strength-by-other?date=2018-01-09,0.7984496124031008,0.9900374788211665
2017,2018,2018-01-09,Georgia Tech,georgiatech,28,5.7,https://www.teamrankings.com/college-football/ranking/schedule-strength-by-other?date=2018-01-09,0.7906976744186046,0.924718319134427
2017,2018,2018-01-09,Virginia Tech,virginiatech,29,5.7,https://www.teamrankings.com/college-football/ranking/schedule-strength-by-other?date=2018-01-09,0.7829457364341086,0.924718319134427
2017,2018,2018-01-09,West Virginia,westvirginia,30,5.4,https://www.teamrankings.com/college-football/ranking/schedule-strength-by-other?date=2018-01-09,0.7751937984496124,0.8855268233223833
2017,2018,2018-01-09,UCLA,ucla,31,5.3,https://www.teamrankings.com/college-football/ranking/schedule-strength-by-other?date=2018-01-09,0.7674418604651163,0.8724629913850354
2017,2018,2018-01-09,Texas Tech,texastech,32,5.3,https://www.teamrankings.com/college-football/ranking/schedule-strength-by-other?date=2018-01-09,0.7596899224806202,0.8724629913850354
2017,2018,2018-01-09,Purdue,purdue,33,5.1,https://www.teamrankings.com/college-football/ranking/schedule-strength-by-other?date=2018-01-09,0.751937984496124,0.8463353275103395
2017,2018,2018-01-09,Maryland,maryland,34,5.0,https://www.teamrankings.com/college-football/ranking/schedule-strength-by-other?date=2018-01-09,0.7441860465116279,0.8332714955729916
2017,2018,2018-01-09,Northwestern,northwestern,35,4.9,https://www.teamrankings.com/college-football/ranking/schedule-strength-by-other?date=2018-01-09,0.7364341085271318,0.8202076636356438
2017,2018,2018-01-09,Kansas St,kansasst,36,4.5,https://www.teamrankings.com/college-football/ranking/schedule-strength-by-other?date=2018-01-09,0.7286821705426356,0.7679523358862521
2017,2018,2018-01-09,Washington St,washingtonst,37,4.5,https://www.teamrankings.com/college-football/ranking/schedule-strength-by-other?date=2018-01-09,0.7209302325581395,0.7679523358862521
2017,2018,2018-01-09,Arizona St,arizonast,38,4.3,https://www.teamrankings.com/college-football/ranking/schedule-strength-by-other?date=2018-01-09,0.7131782945736433,0.7418246720115562
2017,2018,2018-01-09,Syracuse,syracuse,39,4.1,https://www.teamrankings.com/college-football/ranking/schedule-strength-by-other?date=2018-01-09,0.7054263565891472,0.7156970081368603
2017,2018,2018-01-09,Nebraska,nebraska,40,3.9,https://www.teamrankings.com/college-football/ranking/schedule-strength-by-other?date=2018-01-09,0.6976744186046512,0.6895693442621645
2017,2018,2018-01-09,Texas A&M,texasaandm,41,3.8,https://www.teamrankings.com/college-football/ranking/schedule-strength-by-other?date=2018-01-09,0.689922480620155,0.6765055123248167
2017,2018,2018-01-09,Utah,utah,42,3.8,https://www.teamrankings.com/college-football/ranking/schedule-strength-by-other?date=2018-01-09,0.6821705426356589,0.6765055123248167
2017,2018,2018-01-09,Indiana,indiana,43,3.7,https://www.teamrankings.com/college-football/ranking/schedule-strength-by-other?date=2018-01-09,0.6744186046511628,0.6634416803874688
2017,2018,2018-01-09,Duke,duke,44,3.6,https://www.teamrankings.com/college-football/ranking/schedule-strength-by-other?date=2018-01-09,0.6666666666666667,0.6503778484501208
2017,2018,2018-01-09,Florida,florida,45,3.4,https://www.teamrankings.com/college-football/ranking/schedule-strength-by-other?date=2018-01-09,0.6589147286821706,0.6242501845754249
2017,2018,2018-01-09,Pittsburgh,pittsburgh,46,3.4,https://www.teamrankings.com/college-football/ranking/schedule-strength-by-other?date=2018-01-09,0.6511627906976745,0.6242501845754249
2017,2018,2018-01-09,Oregon,oregon,47,3.3,https://www.teamrankings.com/college-football/ranking/schedule-strength-by-other?date=2018-01-09,0.6434108527131783,0.6111863526380771
2017,2018,2018-01-09,South Carolina,southcarolina,48,3.2,https://www.teamrankings.com/college-football/ranking/schedule-strength-by-other?date=2018-01-09,0.6356589147286822,0.5981225207007292
2017,2018,2018-01-09,California,california,49,2.5,https://www.teamrankings.com/college-football/ranking/schedule-strength-by-other?date=2018-01-09,0.627906976744186,0.5066756971392938
2017,2018,2018-01-09,Baylor,baylor,50,2.0,https://www.teamrankings.com/college-football/ranking/schedule-strength-by-other?date=2018-01-09,0.6201550387596899,0.44135653745255427
2017,2018,2018-01-09,Virginia,virginia,51,2.0,https://www.teamrankings.com/college-football/ranking/schedule-strength-by-other?date=2018-01-09,0.6124031007751938,0.44135653745255427
2017,2018,2018-01-09,North Carolina,northcarolina,52,2.0,https://www.teamrankings.com/college-football/ranking/schedule-strength-by-other?date=2018-01-09,0.6046511627906976,0.44135653745255427
2017,2018,2018-01-09,Arkansas,arkansas,53,1.9,https://www.teamrankings.com/college-football/ranking/schedule-strength-by-other?date=2018-01-09,0.5968992248062015,0.42829270551520626
2017,2018,2018-01-09,UCF,ucf,54,1.8,https://www.teamrankings.com/college-football/ranking/schedule-strength-by-other?date=2018-01-09,0.5891472868217054,0.4152288735778584
2017,2018,2018-01-09,Missouri,missouri,55,1.3,https://www.teamrankings.com/college-football/ranking/schedule-strength-by-other?date=2018-01-09,0.5813953488372092,0.34990971389111886
2017,2018,2018-01-09,Navy,navy,56,1.3,https://www.teamrankings.com/college-football/ranking/schedule-strength-by-other?date=2018-01-09,0.5736434108527132,0.34990971389111886
2017,2018,2018-01-09,Minnesota,minnesota,57,1.3,https://www.teamrankings.com/college-football/ranking/schedule-strength-by-other?date=2018-01-09,0.5658914728682171,0.34990971389111886
2017,2018,2018-01-09,Arizona,arizona,58,1.3,https://www.teamrankings.com/college-football/ranking/schedule-strength-by-other?date=2018-01-09,0.5581395348837209,0.34990971389111886
2017,2018,2018-01-09,Kentucky,kentucky,59,1.0,https://www.teamrankings.com/college-football/ranking/schedule-strength-by-other?date=2018-01-09,0.5503875968992248,0.3107182180790751
2017,2018,2018-01-09,Memphis,memphis,60,0.3,https://www.teamrankings.com/college-football/ranking/schedule-strength-by-other?date=2018-01-09,0.5426356589147288,0.21927139451763974
2017,2018,2018-01-09,Colorado,colorado,61,0.2,https://www.teamrankings.com/college-football/ranking/schedule-strength-by-other?date=2018-01-09,0.5348837209302326,0.20620756258029183
2017,2018,2018-01-09,Mississippi,mississippi,62,0.1,https://www.teamrankings.com/college-football/ranking/schedule-strength-by-other?date=2018-01-09,0.5271317829457365,0.19314373064294393
2017,2018,2018-01-09,Rutgers,rutgers,63,0.1,https://www.teamrankings.com/college-football/ranking/schedule-strength-by-other?date=2018-01-09,0.5193798449612403,0.19314373064294393
2017,2018,2018-01-09,Vanderbilt,vanderbilt,64,-0.3,https://www.teamrankings.com/college-football/ranking/schedule-strength-by-other?date=2018-01-09,0.5116279069767442,0.14088840289355226
2017,2018,2018-01-09,Tennessee,tennessee,65,-0.3,https://www.teamrankings.com/college-football/ranking/schedule-strength-by-other?date=2018-01-09,0.5038759689922481,0.14088840289355226
2017,2018,2018-01-09,Oregon St,oregonst,66,-0.7,https://www.teamrankings.com/college-football/ranking/schedule-strength-by-other?date=2018-01-09,0.49612403100775193,0.08863307514416062
2017,2018,2018-01-09,Boise St,boisest,67,-0.8,https://www.teamrankings.com/college-football/ranking/schedule-strength-by-other?date=2018-01-09,0.4883720930232558,0.0755692432068127
2017,2018,2018-01-09,Houston,houston,68,-1.1,https://www.teamrankings.com/college-football/ranking/schedule-strength-by-other?date=2018-01-09,0.48062015503875966,0.036377747394768956
2017,2018,2018-01-09,Fresno St,fresnost,69,-1.7,https://www.teamrankings.com/college-football/ranking/schedule-strength-by-other?date=2018-01-09,0.4728682170542635,-0.0420052442293185
2017,2018,2018-01-09,Illinois,illinois,70,-2.6,https://www.teamrankings.com/college-football/ranking/schedule-strength-by-other?date=2018-01-09,0.4651162790697675,-0.15957973166544973
2017,2018,2018-01-09,Tulsa,tulsa,71,-3.5,https://www.teamrankings.com/college-football/ranking/schedule-strength-by-other?date=2018-01-09,0.45736434108527135,-0.2771542191015809
2017,2018,2018-01-09,Air Force,airforce,72,-3.8,https://www.teamrankings.com/college-football/ranking/schedule-strength-by-other?date=2018-01-09,0.4496124031007752,-0.3163457149136246
2017,2018,2018-01-09,Army,army,73,-3.8,https://www.teamrankings.com/college-football/ranking/schedule-strength-by-other?date=2018-01-09,0.4418604651162791,-0.3163457149136246
2017,2018,2018-01-09,SMU,smu,74,-3.8,https://www.teamrankings.com/college-football/ranking/schedule-strength-by-other?date=2018-01-09,0.43410852713178294,-0.3163457149136246
2017,2018,2018-01-09,San Diego St,sandiegost,75,-4.0,https://www.teamrankings.com/college-football/ranking/schedule-strength-by-other?date=2018-01-09,0.4263565891472868,-0.34247337878832046
2017,2018,2018-01-09,Tulane,tulane,76,-4.2,https://www.teamrankings.com/college-football/ranking/schedule-strength-by-other?date=2018-01-09,0.41860465116279066,-0.3686010426630163
2017,2018,2018-01-09,Kansas,kansas,77,-4.4,https://www.teamrankings.com/college-football/ranking/schedule-strength-by-other?date=2018-01-09,0.4108527131782945,-0.39472870653771214
2017,2018,2018-01-09,Temple,temple,78,-4.6,https://www.teamrankings.com/college-football/ranking/schedule-strength-by-other?date=2018-01-09,0.4031007751937985,-0.42085637041240787
2017,2018,2018-01-09,N Illinois,nillinois,79,-4.9,https://www.teamrankings.com/college-football/ranking/schedule-strength-by-other?date=2018-01-09,0.39534883720930236,-0.4600478662244517
2017,2018,2018-01-09,S Florida,sflorida,80,-5.2,https://www.teamrankings.com/college-football/ranking/schedule-strength-by-other?date=2018-01-09,0.3875968992248062,-0.49923936203649544
2017,2018,2018-01-09,BYU,byu,81,-5.7,https://www.teamrankings.com/college-football/ranking/schedule-strength-by-other?date=2018-01-09,0.3798449612403101,-0.564558521723235
2017,2018,2018-01-09,Toledo,toledo,82,-5.9,https://www.teamrankings.com/college-football/ranking/schedule-strength-by-other?date=2018-01-09,0.37209302325581395,-0.5906861855979308
2017,2018,2018-01-09,E Michigan,emichigan,83,-5.9,https://www.teamrankings.com/college-football/ranking/schedule-strength-by-other?date=2018-01-09,0.3643410852713178,-0.5906861855979308
2017,2018,2018-01-09,Wyoming,wyoming,84,-6.1,https://www.teamrankings.com/college-football/ranking/schedule-strength-by-other?date=2018-01-09,0.3565891472868217,-0.6168138494726265
2017,2018,2018-01-09,W Michigan,wmichigan,85,-6.2,https://www.teamrankings.com/college-football/ranking/schedule-strength-by-other?date=2018-01-09,0.34883720930232553,-0.6298776814099746
2017,2018,2018-01-09,Colorado St,coloradost,86,-6.3,https://www.teamrankings.com/college-football/ranking/schedule-strength-by-other?date=2018-01-09,0.3410852713178295,-0.6429415133473224
2017,2018,2018-01-09,Florida Atlantic,floridaatlantic,87,-6.4,https://www.teamrankings.com/college-football/ranking/schedule-strength-by-other?date=2018-01-09,0.33333333333333337,-0.6560053452846704
2017,2018,2018-01-09,Nevada,nevada,88,-6.4,https://www.teamrankings.com/college-football/ranking/schedule-strength-by-other?date=2018-01-09,0.32558139534883723,-0.6560053452846704
2017,2018,2018-01-09,Utah St,utahst,89,-6.5,https://www.teamrankings.com/college-football/ranking/schedule-strength-by-other?date=2018-01-09,0.3178294573643411,-0.6690691772220183
2017,2018,2018-01-09,Akron,akron,90,-6.8,https://www.teamrankings.com/college-football/ranking/schedule-strength-by-other?date=2018-01-09,0.31007751937984496,-0.7082606730340619
2017,2018,2018-01-09,UConn,uconn,91,-6.8,https://www.teamrankings.com/college-football/ranking/schedule-strength-by-other?date=2018-01-09,0.3023255813953488,-0.7082606730340619
2017,2018,2018-01-09,New Mexico,newmexico,92,-6.9,https://www.teamrankings.com/college-football/ranking/schedule-strength-by-other?date=2018-01-09,0.2945736434108527,-0.72132450497141
2017,2018,2018-01-09,Cincinnati,cincinnati,93,-7.1,https://www.teamrankings.com/college-football/ranking/schedule-strength-by-other?date=2018-01-09,0.28682170542635654,-0.7474521688461057
2017,2018,2018-01-09,C Michigan,cmichigan,94,-7.3,https://www.teamrankings.com/college-football/ranking/schedule-strength-by-other?date=2018-01-09,0.2790697674418605,-0.7735798327208016
2017,2018,2018-01-09,App State,appstate,95,-7.5,https://www.teamrankings.com/college-football/ranking/schedule-strength-by-other?date=2018-01-09,0.2713178294573644,-0.7997074965954973
2017,2018,2018-01-09,E Carolina,ecarolina,96,-7.6,https://www.teamrankings.com/college-football/ranking/schedule-strength-by-other?date=2018-01-09,0.26356589147286824,-0.8127713285328453
2017,2018,2018-01-09,Bowling Green,bowlinggreen,97,-7.7,https://www.teamrankings.com/college-football/ranking/schedule-strength-by-other?date=2018-01-09,0.2558139534883721,-0.8258351604701932
2017,2018,2018-01-09,N Texas,ntexas,98,-8.0,https://www.teamrankings.com/college-football/ranking/schedule-strength-by-other?date=2018-01-09,0.24806201550387597,-0.865026656282237
2017,2018,2018-01-09,Ohio,ohio,99,-8.3,https://www.teamrankings.com/college-football/ranking/schedule-strength-by-other?date=2018-01-09,0.24031007751937983,-0.9042181520942808
2017,2018,2018-01-09,Troy,troy,100,-8.3,https://www.teamrankings.com/college-football/ranking/schedule-strength-by-other?date=2018-01-09,0.2325581395348837,-0.9042181520942808
2017,2018,2018-01-09,Buffalo,buffalo,101,-8.4,https://www.teamrankings.com/college-football/ranking/schedule-strength-by-other?date=2018-01-09,0.22480620155038755,-0.9172819840316286
2017,2018,2018-01-09,Marshall,marshall,102,-8.7,https://www.teamrankings.com/college-football/ranking/schedule-strength-by-other?date=2018-01-09,0.21705426356589153,-0.9564734798436723
2017,2018,2018-01-09,Louisiana Tech,louisianatech,103,-9.2,https://www.teamrankings.com/college-football/ranking/schedule-strength-by-other?date=2018-01-09,0.2093023255813954,-1.0217926395304118
2017,2018,2018-01-09,UNLV,unlv,104,-9.7,https://www.teamrankings.com/college-football/ranking/schedule-strength-by-other?date=2018-01-09,0.20155038759689925,-1.0871117992171513
2017,2018,2018-01-09,UL Monroe,ulmonroe,105,-9.8,https://www.teamrankings.com/college-football/ranking/schedule-strength-by-other?date=2018-01-09,0.1937984496124031,-1.1001756311544995
2017,2018,2018-01-09,Kent St,kentst,106,-9.8,https://www.teamrankings.com/college-football/ranking/schedule-strength-by-other?date=2018-01-09,0.18604651162790697,-1.1001756311544995
2017,2018,2018-01-09,Middle Tenn,middletenn,107,-9.9,https://www.teamrankings.com/college-football/ranking/schedule-strength-by-other?date=2018-01-09,0.17829457364341084,-1.1132394630918474
2017,2018,2018-01-09,UMass,umass,108,-10.2,https://www.teamrankings.com/college-football/ranking/schedule-strength-by-other?date=2018-01-09,0.1705426356589147,-1.1524309589038908
2017,2018,2018-01-09,Southern Miss,southernmiss,109,-10.2,https://www.teamrankings.com/college-football/ranking/schedule-strength-by-other?date=2018-01-09,0.16279069767441856,-1.1524309589038908
2017,2018,2018-01-09,Hawai'i,hawaii,110,-10.4,https://www.teamrankings.com/college-football/ranking/schedule-strength-by-other?date=2018-01-09,0.15503875968992253,-1.178558622778587
2017,2018,2018-01-09,San Jose St,sanjosest,111,-10.6,https://www.teamrankings.com/college-football/ranking/schedule-strength-by-other?date=2018-01-09,0.1472868217054264,-1.2046862866532826
2017,2018,2018-01-09,Rice,rice,112,-10.7,https://www.teamrankings.com/college-football/ranking/schedule-strength-by-other?date=2018-01-09,0.13953488372093026,-1.2177501185906305
2017,2018,2018-01-09,Georgia So,georgiaso,113,-10.7,https://www.teamrankings.com/college-football/ranking/schedule-strength-by-other?date=2018-01-09,0.13178294573643412,-1.2177501185906305
2017,2018,2018-01-09,New Mexico St,newmexicost,114,-10.8,https://www.teamrankings.com/college-football/ranking/schedule-strength-by-other?date=2018-01-09,0.12403100775193798,-1.2308139505279785
2017,2018,2018-01-09,UTEP,utep,115,-10.9,https://www.teamrankings.com/college-football/ranking/schedule-strength-by-other?date=2018-01-09,0.11627906976744184,-1.2438777824653264
2017,2018,2018-01-09,Arkansas St,arkansasst,116,-11.0,https://www.teamrankings.com/college-football/ranking/schedule-strength-by-other?date=2018-01-09,0.10852713178294571,-1.2569416144026744
2017,2018,2018-01-09,Miami OH,miamioh,117,-11.1,https://www.teamrankings.com/college-football/ranking/schedule-strength-by-other?date=2018-01-09,0.10077519379844957,-1.270005446340022
2017,2018,2018-01-09,S Alabama,salabama,118,-11.8,https://www.teamrankings.com/college-football/ranking/schedule-strength-by-other?date=2018-01-09,0.09302325581395354,-1.3614522699014577
2017,2018,2018-01-09,Florida Intl,floridaintl,119,-11.8,https://www.teamrankings.com/college-football/ranking/schedule-strength-by-other?date=2018-01-09,0.0852713178294574,-1.3614522699014577
2017,2018,2018-01-09,Idaho,idaho,120,-12.5,https://www.teamrankings.com/college-football/ranking/schedule-strength-by-other?date=2018-01-09,0.07751937984496127,-1.452899093462893
2017,2018,2018-01-09,Coastal Car,coastalcar,121,-12.7,https://www.teamrankings.com/college-football/ranking/schedule-strength-by-other?date=2018-01-09,0.06976744186046513,-1.4790267573375888
2017,2018,2018-01-09,Old Dominion,olddominion,122,-13.0,https://www.teamrankings.com/college-football/ranking/schedule-strength-by-other?date=2018-01-09,0.06201550387596899,-1.5182182531496324
2017,2018,2018-01-09,UTSA,utsa,123,-13.1,https://www.teamrankings.com/college-football/ranking/schedule-strength-by-other?date=2018-01-09,0.054263565891472854,-1.5312820850869804
2017,2018,2018-01-09,Ball St,ballst,124,-13.1,https://www.teamrankings.com/college-football/ranking/schedule-strength-by-other?date=2018-01-09,0.046511627906976716,-1.5312820850869804
2017,2018,2018-01-09,Charlotte,charlotte,125,-13.1,https://www.teamrankings.com/college-football/ranking/schedule-strength-by-other?date=2018-01-09,0.03875968992248058,-1.5312820850869804
2017,2018,2018-01-09,W Kentucky,wkentucky,126,-13.4,https://www.teamrankings.com/college-football/ranking/schedule-strength-by-other?date=2018-01-09,0.03100775193798455,-1.5704735808990242
2017,2018,2018-01-09,Louisiana,louisiana,127,-13.5,https://www.teamrankings.com/college-football/ranking/schedule-strength-by-other?date=2018-01-09,0.023255813953488413,-1.5835374128363722
2017,2018,2018-01-09,Georgia St,georgiast,128,-14.0,https://www.teamrankings.com/college-football/ranking/schedule-strength-by-other?date=2018-01-09,0.015503875968992276,-1.6488565725231117
2017,2018,2018-01-09,Texas St,texasst,129,-14.2,https://www.teamrankings.com/college-football/ranking/schedule-strength-by-other?date=2018-01-09,0.007751937984496138,-1.6749842363978074
2017,2018,2018-01-09,UAB,uab,130,-14.6,https://www.teamrankings.com/college-football/ranking/schedule-strength-by-other?date=2018-01-09,0.0,-1.7272395641471991
2018,2019,2019-01-08,Alabama,alabama,1,15.8,https://www.teamrankings.com/college-football/ranking/schedule-strength-by-other?date=2019-01-08,1.0,2.31866033565128
2018,2019,2019-01-08,Clemson,clemson,2,13.5,https://www.teamrankings.com/college-football/ranking/schedule-strength-by-other?date=2019-01-08,0.9922480620155039,2.004376170294857
2018,2019,2019-01-08,Georgia,georgia,3,12.3,https://www.teamrankings.com/college-football/ranking/schedule-strength-by-other?date=2019-01-08,0.9844961240310077,1.840401823152376
2018,2019,2019-01-08,LSU,lsu,4,11.3,https://www.teamrankings.com/college-football/ranking/schedule-strength-by-other?date=2019-01-08,0.9767441860465116,1.7037565338669747
2018,2019,2019-01-08,Texas A&M,texasaandm,5,11.2,https://www.teamrankings.com/college-football/ranking/schedule-strength-by-other?date=2019-01-08,0.9689922480620154,1.6900920049384345
2018,2019,2019-01-08,Mississippi St,mississippist,6,10.9,https://www.teamrankings.com/college-football/ranking/schedule-strength-by-other?date=2019-01-08,0.9612403100775194,1.649098418152814
2018,2019,2019-01-08,Auburn,auburn,7,10.3,https://www.teamrankings.com/college-football/ranking/schedule-strength-by-other?date=2019-01-08,0.9534883720930233,1.5671112445815736
2018,2019,2019-01-08,Oklahoma,oklahoma,8,9.9,https://www.teamrankings.com/college-football/ranking/schedule-strength-by-other?date=2019-01-08,0.9457364341085271,1.5124531288674128
2018,2019,2019-01-08,Michigan,michigan,9,9.4,https://www.teamrankings.com/college-football/ranking/schedule-strength-by-other?date=2019-01-08,0.937984496124031,1.4441304842247122
2018,2019,2019-01-08,Florida,florida,10,8.8,https://www.teamrankings.com/college-football/ranking/schedule-strength-by-other?date=2019-01-08,0.9302325581395349,1.362143310653472
2018,2019,2019-01-08,Missouri,missouri,11,8.6,https://www.teamrankings.com/college-football/ranking/schedule-strength-by-other?date=2019-01-08,0.9224806201550387,1.3348142527963913
2018,2019,2019-01-08,Texas,texas,12,8.3,https://www.teamrankings.com/college-football/ranking/schedule-strength-by-other?date=2019-01-08,0.9147286821705426,1.2938206660107714
2018,2019,2019-01-08,Notre Dame,notredame,13,8.0,https://www.teamrankings.com/college-football/ranking/schedule-strength-by-other?date=2019-01-08,0.9069767441860466,1.252827079225151
2018,2019,2019-01-08,Kentucky,kentucky,14,7.9,https://www.teamrankings.com/college-football/ranking/schedule-strength-by-other?date=2019-01-08,0.8992248062015504,1.2391625502966106
2018,2019,2019-01-08,Ohio St,ohiost,15,7.6,https://www.teamrankings.com/college-football/ranking/schedule-strength-by-other?date=2019-01-08,0.8914728682170543,1.1981689635109902
2018,2019,2019-01-08,Penn St,pennst,16,7.6,https://www.teamrankings.com/college-football/ranking/schedule-strength-by-other?date=2019-01-08,0.8837209302325582,1.1981689635109902
2018,2019,2019-01-08,Pittsburgh,pittsburgh,17,7.2,https://www.teamrankings.com/college-football/ranking/schedule-strength-by-other?date=2019-01-08,0.875968992248062,1.1435108477968299
2018,2019,2019-01-08,Washington,washington,18,7.2,https://www.teamrankings.com/college-football/ranking/schedule-strength-by-other?date=2019-01-08,0.8682170542635659,1.1435108477968299
2018,2019,2019-01-08,West Virginia,westvirginia,19,6.9,https://www.teamrankings.com/college-football/ranking/schedule-strength-by-other?date=2019-01-08,0.8604651162790697,1.1025172610112095
2018,2019,2019-01-08,South Carolina,southcarolina,20,6.9,https://www.teamrankings.com/college-football/ranking/schedule-strength-by-other?date=2019-01-08,0.8527131782945736,1.1025172610112095
2018,2019,2019-01-08,Purdue,purdue,21,6.7,https://www.teamrankings.com/college-football/ranking/schedule-strength-by-other?date=2019-01-08,0.8449612403100775,1.0751882031541293
2018,2019,2019-01-08,Michigan St,michiganst,22,6.7,https://www.teamrankings.com/college-football/ranking/schedule-strength-by-other?date=2019-01-08,0.8372093023255813,1.0751882031541293
2018,2019,2019-01-08,Northwestern,northwestern,23,6.6,https://www.teamrankings.com/college-football/ranking/schedule-strength-by-other?date=2019-01-08,0.8294573643410853,1.0615236742255891
2018,2019,2019-01-08,Iowa St,iowast,24,6.1,https://www.teamrankings.com/college-football/ranking/schedule-strength-by-other?date=2019-01-08,0.8217054263565892,0.9932010295828886
2018,2019,2019-01-08,Oklahoma St,oklahomast,25,6.0,https://www.teamrankings.com/college-football/ranking/schedule-strength-by-other?date=2019-01-08,0.813953488372093,0.9795365006543485
2018,2019,2019-01-08,UCLA,ucla,26,6.0,https://www.teamrankings.com/college-football/ranking/schedule-strength-by-other?date=2019-01-08,0.8062015503875969,0.9795365006543485
2018,2019,2019-01-08,Iowa,iowa,27,6.0,https://www.teamrankings.com/college-football/ranking/schedule-strength-by-other?date=2019-01-08,0.7984496124031008,0.9795365006543485
2018,2019,2019-01-08,Wisconsin,wisconsin,28,5.6,https://www.teamrankings.com/college-football/ranking/schedule-strength-by-other?date=2019-01-08,0.7906976744186046,0.924878384940188
2018,2019,2019-01-08,TCU,tcu,29,5.4,https://www.teamrankings.com/college-football/ranking/schedule-strength-by-other?date=2019-01-08,0.7829457364341086,0.8975493270831079
2018,2019,2019-01-08,Texas Tech,texastech,30,5.3,https://www.teamrankings.com/college-football/ranking/schedule-strength-by-other?date=2019-01-08,0.7751937984496124,0.8838847981545678
2018,2019,2019-01-08,Stanford,stanford,31,5.2,https://www.teamrankings.com/college-football/ranking/schedule-strength-by-other?date=2019-01-08,0.7674418604651163,0.8702202692260277
2018,2019,2019-01-08,Utah,utah,32,5.1,https://www.teamrankings.com/college-football/ranking/schedule-strength-by-other?date=2019-01-08,0.7596899224806202,0.8565557402974875
2018,2019,2019-01-08,Syracuse,syracuse,33,4.8,https://www.teamrankings.com/college-football/ranking/schedule-strength-by-other?date=2019-01-08,0.751937984496124,0.8155621535118671
2018,2019,2019-01-08,Kansas St,kansasst,34,4.5,https://www.teamrankings.com/college-football/ranking/schedule-strength-by-other?date=2019-01-08,0.7441860465116279,0.7745685667262469
2018,2019,2019-01-08,Maryland,maryland,35,4.5,https://www.teamrankings.com/college-football/ranking/schedule-strength-by-other?date=2019-01-08,0.7364341085271318,0.7745685667262469
2018,2019,2019-01-08,Tennessee,tennessee,36,4.3,https://www.teamrankings.com/college-football/ranking/schedule-strength-by-other?date=2019-01-08,0.7286821705426356,0.7472395088691666
2018,2019,2019-01-08,Indiana,indiana,37,4.2,https://www.teamrankings.com/college-football/ranking/schedule-strength-by-other?date=2019-01-08,0.7209302325581395,0.7335749799406265
2018,2019,2019-01-08,Duke,duke,38,4.2,https://www.teamrankings.com/college-football/ranking/schedule-strength-by-other?date=2019-01-08,0.7131782945736433,0.7335749799406265
2018,2019,2019-01-08,Mississippi,mississippi,39,4.0,https://www.teamrankings.com/college-football/ranking/schedule-strength-by-other?date=2019-01-08,0.7054263565891472,0.7062459220835463
2018,2019,2019-01-08,Minnesota,minnesota,40,4.0,https://www.teamrankings.com/college-football/ranking/schedule-strength-by-other?date=2019-01-08,0.6976744186046512,0.7062459220835463
2018,2019,2019-01-08,Nebraska,nebraska,41,3.9,https://www.teamrankings.com/college-football/ranking/schedule-strength-by-other?date=2019-01-08,0.689922480620155,0.6925813931550061
2018,2019,2019-01-08,Vanderbilt,vanderbilt,42,3.9,https://www.teamrankings.com/college-football/ranking/schedule-strength-by-other?date=2019-01-08,0.6821705426356589,0.6925813931550061
2018,2019,2019-01-08,Miami,miami,43,3.8,https://www.teamrankings.com/college-football/ranking/schedule-strength-by-other?date=2019-01-08,0.6744186046511628,0.678916864226466
2018,2019,2019-01-08,Boston College,bostoncollege,44,3.5,https://www.teamrankings.com/college-football/ranking/schedule-strength-by-other?date=2019-01-08,0.6666666666666667,0.6379232774408458
2018,2019,2019-01-08,USC,usc,45,3.5,https://www.teamrankings.com/college-football/ranking/schedule-strength-by-other?date=2019-01-08,0.6589147286821706,0.6379232774408458
2018,2019,2019-01-08,Arizona St,arizonast,46,3.4,https://www.teamrankings.com/college-football/ranking/schedule-strength-by-other?date=2019-01-08,0.6511627906976745,0.6242587485123056
2018,2019,2019-01-08,Baylor,baylor,47,3.0,https://www.teamrankings.com/college-football/ranking/schedule-strength-by-other?date=2019-01-08,0.6434108527131783,0.5696006327981451
2018,2019,2019-01-08,Florida St,floridast,48,2.9,https://www.teamrankings.com/college-football/ranking/schedule-strength-by-other?date=2019-01-08,0.6356589147286822,0.555936103869605
2018,2019,2019-01-08,Georgia Tech,georgiatech,49,2.8,https://www.teamrankings.com/college-football/ranking/schedule-strength-by-other?date=2019-01-08,0.627906976744186,0.5422715749410649
2018,2019,2019-01-08,Washington St,washingtonst,50,2.2,https://www.teamrankings.com/college-football/ranking/schedule-strength-by-other?date=2019-01-08,0.6201550387596899,0.4602844013698243
2018,2019,2019-01-08,Oregon,oregon,51,2.0,https://www.teamrankings.com/college-football/ranking/schedule-strength-by-other?date=2019-01-08,0.6124031007751938,0.432955343512744
2018,2019,2019-01-08,Wake Forest,wakeforest,52,1.9,https://www.teamrankings.com/college-football/ranking/schedule-strength-by-other?date=2019-01-08,0.6046511627906976,0.41929081458420386
2018,2019,2019-01-08,Virginia,virginia,53,1.7,https://www.teamrankings.com/college-football/ranking/schedule-strength-by-other?date=2019-01-08,0.5968992248062015,0.3919617567271237
2018,2019,2019-01-08,NC State,ncstate,54,1.6,https://www.teamrankings.com/college-football/ranking/schedule-strength-by-other?date=2019-01-08,0.5891472868217054,0.3782972277985836
2018,2019,2019-01-08,Boise St,boisest,55,1.6,https://www.teamrankings.com/college-football/ranking/schedule-strength-by-other?date=2019-01-08,0.5813953488372092,0.3782972277985836
2018,2019,2019-01-08,Virginia Tech,virginiatech,56,1.6,https://www.teamrankings.com/college-football/ranking/schedule-strength-by-other?date=2019-01-08,0.5736434108527132,0.3782972277985836
2018,2019,2019-01-08,California,california,57,0.9,https://www.teamrankings.com/college-football/ranking/schedule-strength-by-other?date=2019-01-08,0.5658914728682171,0.28264552529880277
2018,2019,2019-01-08,Kansas,kansas,58,0.8,https://www.teamrankings.com/college-football/ranking/schedule-strength-by-other?date=2019-01-08,0.5581395348837209,0.2689809963702627
2018,2019,2019-01-08,North Carolina,northcarolina,59,0.7,https://www.teamrankings.com/college-football/ranking/schedule-strength-by-other?date=2019-01-08,0.5503875968992248,0.25531646744172254
2018,2019,2019-01-08,Fresno St,fresnost,60,0.5,https://www.teamrankings.com/college-football/ranking/schedule-strength-by-other?date=2019-01-08,0.5426356589147288,0.2279874095846423
2018,2019,2019-01-08,BYU,byu,61,0.2,https://www.teamrankings.com/college-football/ranking/schedule-strength-by-other?date=2019-01-08,0.5348837209302326,0.18699382279902196
2018,2019,2019-01-08,Arizona,arizona,62,-0.1,https://www.teamrankings.com/college-football/ranking/schedule-strength-by-other?date=2019-01-08,0.5271317829457365,0.14600023601340162
2018,2019,2019-01-08,Arkansas,arkansas,63,-0.4,https://www.teamrankings.com/college-football/ranking/schedule-strength-by-other?date=2019-01-08,0.5193798449612403,0.1050066492277813
2018,2019,2019-01-08,Colorado,colorado,64,-0.4,https://www.teamrankings.com/college-football/ranking/schedule-strength-by-other?date=2019-01-08,0.5116279069767442,0.1050066492277813
2018,2019,2019-01-08,UCF,ucf,65,-0.7,https://www.teamrankings.com/college-football/ranking/schedule-strength-by-other?date=2019-01-08,0.5038759689922481,0.06401306244216097
2018,2019,2019-01-08,Rutgers,rutgers,66,-1.5,https://www.teamrankings.com/college-football/ranking/schedule-strength-by-other?date=2019-01-08,0.49612403100775193,-0.04530316898615995
2018,2019,2019-01-08,Utah St,utahst,67,-1.5,https://www.teamrankings.com/college-football/ranking/schedule-strength-by-other?date=2019-01-08,0.4883720930232558,-0.04530316898615995
2018,2019,2019-01-08,Oregon St,oregonst,68,-1.8,https://www.teamrankings.com/college-football/ranking/schedule-strength-by-other?date=2019-01-08,0.48062015503875966,-0.0862967557717803
2018,2019,2019-01-08,Temple,temple,69,-1.9,https://www.teamrankings.com/college-football/ranking/schedule-strength-by-other?date=2019-01-08,0.4728682170542635,-0.09996128470032038
2018,2019,2019-01-08,Navy,navy,70,-2.2,https://www.teamrankings.com/college-football/ranking/schedule-strength-by-other?date=2019-01-08,0.4651162790697675,-0.14095487148594077
2018,2019,2019-01-08,N Illinois,nillinois,71,-2.2,https://www.teamrankings.com/college-football/ranking/schedule-strength-by-other?date=2019-01-08,0.45736434108527135,-0.14095487148594077
2018,2019,2019-01-08,Cincinnati,cincinnati,72,-2.3,https://www.teamrankings.com/college-football/ranking/schedule-strength-by-other?date=2019-01-08,0.4496124031007752,-0.15461940041448083
2018,2019,2019-01-08,Army,army,73,-2.8,https://www.teamrankings.com/college-football/ranking/schedule-strength-by-other?date=2019-01-08,0.4418604651162791,-0.2229420450571814
2018,2019,2019-01-08,Memphis,memphis,74,-3.1,https://www.teamrankings.com/college-football/ranking/schedule-strength-by-other?date=2019-01-08,0.43410852713178294,-0.2639356318428018
2018,2019,2019-01-08,Louisville,louisville,75,-3.5,https://www.teamrankings.com/college-football/ranking/schedule-strength-by-other?date=2019-01-08,0.4263565891472868,-0.31859374755696224
2018,2019,2019-01-08,SMU,smu,76,-3.9,https://www.teamrankings.com/college-football/ranking/schedule-strength-by-other?date=2019-01-08,0.41860465116279066,-0.37325186327112264
2018,2019,2019-01-08,Middle Tenn,middletenn,77,-4.0,https://www.teamrankings.com/college-football/ranking/schedule-strength-by-other?date=2019-01-08,0.4108527131782945,-0.3869163921996628
2018,2019,2019-01-08,Illinois,illinois,78,-4.1,https://www.teamrankings.com/college-football/ranking/schedule-strength-by-other?date=2019-01-08,0.4031007751937985,-0.4005809211282028
2018,2019,2019-01-08,App State,appstate,79,-4.2,https://www.teamrankings.com/college-football/ranking/schedule-strength-by-other?date=2019-01-08,0.39534883720930236,-0.414245450056743
2018,2019,2019-01-08,Air Force,airforce,80,-4.3,https://www.teamrankings.com/college-football/ranking/schedule-strength-by-other?date=2019-01-08,0.3875968992248062,-0.4279099789852831
2018,2019,2019-01-08,San Diego St,sandiegost,81,-4.5,https://www.teamrankings.com/college-football/ranking/schedule-strength-by-other?date=2019-01-08,0.3798449612403101,-0.45523903684236333
2018,2019,2019-01-08,Miami OH,miamioh,82,-4.5,https://www.teamrankings.com/college-football/ranking/schedule-strength-by-other?date=2019-01-08,0.37209302325581395,-0.45523903684236333
2018,2019,2019-01-08,Tulane,tulane,83,-4.6,https://www.teamrankings.com/college-football/ranking/schedule-strength-by-other?date=2019-01-08,0.3643410852713178,-0.4689035657709034
2018,2019,2019-01-08,Wyoming,wyoming,84,-4.9,https://www.teamrankings.com/college-football/ranking/schedule-strength-by-other?date=2019-01-08,0.3565891472868217,-0.5098971525565238
2018,2019,2019-01-08,Florida Atlantic,floridaatlantic,85,-5.0,https://www.teamrankings.com/college-football/ranking/schedule-strength-by-other?date=2019-01-08,0.34883720930232553,-0.5235616814850639
2018,2019,2019-01-08,Houston,houston,86,-5.1,https://www.teamrankings.com/college-football/ranking/schedule-strength-by-other?date=2019-01-08,0.3410852713178295,-0.537226210413604
2018,2019,2019-01-08,Ohio,ohio,87,-5.5,https://www.teamrankings.com/college-football/ranking/schedule-strength-by-other?date=2019-01-08,0.33333333333333337,-0.5918843261277644
2018,2019,2019-01-08,Nevada,nevada,88,-5.8,https://www.teamrankings.com/college-football/ranking/schedule-strength-by-other?date=2019-01-08,0.32558139534883723,-0.6328779129133848
2018,2019,2019-01-08,Buffalo,buffalo,89,-5.9,https://www.teamrankings.com/college-football/ranking/schedule-strength-by-other?date=2019-01-08,0.3178294573643411,-0.646542441841925
2018,2019,2019-01-08,Toledo,toledo,90,-6.1,https://www.teamrankings.com/college-football/ranking/schedule-strength-by-other?date=2019-01-08,0.31007751937984496,-0.6738714996990051
2018,2019,2019-01-08,Troy,troy,91,-6.5,https://www.teamrankings.com/college-football/ranking/schedule-strength-by-other?date=2019-01-08,0.3023255813953488,-0.7285296154131656
2018,2019,2019-01-08,E Michigan,emichigan,92,-6.6,https://www.teamrankings.com/college-football/ranking/schedule-strength-by-other?date=2019-01-08,0.2945736434108527,-0.7421941443417057
2018,2019,2019-01-08,W Michigan,wmichigan,93,-6.9,https://www.teamrankings.com/college-football/ranking/schedule-strength-by-other?date=2019-01-08,0.28682170542635654,-0.7831877311273261
2018,2019,2019-01-08,Marshall,marshall,94,-6.9,https://www.teamrankings.com/college-football/ranking/schedule-strength-by-other?date=2019-01-08,0.2790697674418605,-0.7831877311273261
2018,2019,2019-01-08,Tulsa,tulsa,95,-7.2,https://www.teamrankings.com/college-football/ranking/schedule-strength-by-other?date=2019-01-08,0.2713178294573644,-0.8241813179129465
2018,2019,2019-01-08,S Florida,sflorida,96,-7.7,https://www.teamrankings.com/college-football/ranking/schedule-strength-by-other?date=2019-01-08,0.26356589147286824,-0.892503962555647
2018,2019,2019-01-08,UAB,uab,97,-7.8,https://www.teamrankings.com/college-football/ranking/schedule-strength-by-other?date=2019-01-08,0.2558139534883721,-0.9061684914841871
2018,2019,2019-01-08,San Jose St,sanjosest,98,-8.1,https://www.teamrankings.com/college-football/ranking/schedule-strength-by-other?date=2019-01-08,0.24806201550387597,-0.9471620782698074
2018,2019,2019-01-08,Akron,akron,99,-8.3,https://www.teamrankings.com/college-football/ranking/schedule-strength-by-other?date=2019-01-08,0.24031007751937983,-0.9744911361268878
2018,2019,2019-01-08,Arkansas St,arkansasst,100,-8.3,https://www.teamrankings.com/college-football/ranking/schedule-strength-by-other?date=2019-01-08,0.2325581395348837,-0.9744911361268878
2018,2019,2019-01-08,Georgia So,georgiaso,101,-8.4,https://www.teamrankings.com/college-football/ranking/schedule-strength-by-other?date=2019-01-08,0.22480620155038755,-0.9881556650554278
2018,2019,2019-01-08,Colorado St,coloradost,102,-8.5,https://www.teamrankings.com/college-football/ranking/schedule-strength-by-other?date=2019-01-08,0.21705426356589153,-1.001820193983968
2018,2019,2019-01-08,Louisiana,louisiana,103,-8.7,https://www.teamrankings.com/college-football/ranking/schedule-strength-by-other?date=2019-01-08,0.2093023255813954,-1.029149251841048
2018,2019,2019-01-08,New Mexico,newmexico,104,-8.7,https://www.teamrankings.com/college-football/ranking/schedule-strength-by-other?date=2019-01-08,0.20155038759689925,-1.029149251841048
2018,2019,2019-01-08,Charlotte,charlotte,105,-8.8,https://www.teamrankings.com/college-football/ranking/schedule-strength-by-other?date=2019-01-08,0.1937984496124031,-1.0428137807695883
2018,2019,2019-01-08,Florida Intl,floridaintl,106,-9.4,https://www.teamrankings.com/college-football/ranking/schedule-strength-by-other?date=2019-01-08,0.18604651162790697,-1.124800954340829
2018,2019,2019-01-08,Hawai'i,hawaii,107,-9.5,https://www.teamrankings.com/college-football/ranking/schedule-strength-by-other?date=2019-01-08,0.17829457364341084,-1.1384654832693688
2018,2019,2019-01-08,Coastal Car,coastalcar,108,-9.6,https://www.teamrankings.com/college-football/ranking/schedule-strength-by-other?date=2019-01-08,0.1705426356589147,-1.1521300121979092
2018,2019,2019-01-08,UNLV,unlv,109,-9.6,https://www.teamrankings.com/college-football/ranking/schedule-strength-by-other?date=2019-01-08,0.16279069767441856,-1.1521300121979092
2018,2019,2019-01-08,UL Monroe,ulmonroe,110,-9.6,https://www.teamrankings.com/college-football/ranking/schedule-strength-by-other?date=2019-01-08,0.15503875968992253,-1.1521300121979092
2018,2019,2019-01-08,E Carolina,ecarolina,111,-9.6,https://www.teamrankings.com/college-football/ranking/schedule-strength-by-other?date=2019-01-08,0.1472868217054264,-1.1521300121979092
2018,2019,2019-01-08,Kent St,kentst,112,-9.7,https://www.teamrankings.com/college-football/ranking/schedule-strength-by-other?date=2019-01-08,0.13953488372093026,-1.165794541126449
2018,2019,2019-01-08,N Texas,ntexas,113,-9.7,https://www.teamrankings.com/college-football/ranking/schedule-strength-by-other?date=2019-01-08,0.13178294573643412,-1.165794541126449
2018,2019,2019-01-08,Bowling Green,bowlinggreen,114,-9.8,https://www.teamrankings.com/college-football/ranking/schedule-strength-by-other?date=2019-01-08,0.12403100775193798,-1.1794590700549894
2018,2019,2019-01-08,Louisiana Tech,louisianatech,115,-9.9,https://www.teamrankings.com/college-football/ranking/schedule-strength-by-other?date=2019-01-08,0.11627906976744184,-1.1931235989835296
2018,2019,2019-01-08,C Michigan,cmichigan,116,-9.9,https://www.teamrankings.com/college-football/ranking/schedule-strength-by-other?date=2019-01-08,0.10852713178294571,-1.1931235989835296
2018,2019,2019-01-08,Ball St,ballst,117,-10.2,https://www.teamrankings.com/college-football/ranking/schedule-strength-by-other?date=2019-01-08,0.10077519379844957,-1.2341171857691495
2018,2019,2019-01-08,Georgia St,georgiast,118,-10.8,https://www.teamrankings.com/college-football/ranking/schedule-strength-by-other?date=2019-01-08,0.09302325581395354,-1.3161043593403905
2018,2019,2019-01-08,Southern Miss,southernmiss,119,-10.9,https://www.teamrankings.com/college-football/ranking/schedule-strength-by-other?date=2019-01-08,0.0852713178294574,-1.3297688882689307
2018,2019,2019-01-08,UMass,umass,120,-11.0,https://www.teamrankings.com/college-football/ranking/schedule-strength-by-other?date=2019-01-08,0.07751937984496127,-1.3434334171974707
2018,2019,2019-01-08,W Kentucky,wkentucky,121,-11.4,https://www.teamrankings.com/college-football/ranking/schedule-strength-by-other?date=2019-01-08,0.06976744186046513,-1.3980915329116312
2018,2019,2019-01-08,S Alabama,salabama,122,-11.6,https://www.teamrankings.com/college-football/ranking/schedule-strength-by-other?date=2019-01-08,0.06201550387596899,-1.4254205907687114
2018,2019,2019-01-08,UTSA,utsa,123,-11.7,https://www.teamrankings.com/college-football/ranking/schedule-strength-by-other?date=2019-01-08,0.054263565891472854,-1.4390851196972512
2018,2019,2019-01-08,Old Dominion,olddominion,124,-11.7,https://www.teamrankings.com/college-football/ranking/schedule-strength-by-other?date=2019-01-08,0.046511627906976716,-1.4390851196972512
2018,2019,2019-01-08,UConn,uconn,125,-12.6,https://www.teamrankings.com/college-football/ranking/schedule-strength-by-other?date=2019-01-08,0.03875968992248058,-1.5620658800541125
2018,2019,2019-01-08,Liberty,liberty,126,-12.6,https://www.teamrankings.com/college-football/ranking/schedule-strength-by-other?date=2019-01-08,0.03100775193798455,-1.5620658800541125
2018,2019,2019-01-08,New Mexico St,newmexicost,127,-13.9,https://www.teamrankings.com/college-football/ranking/schedule-strength-by-other?date=2019-01-08,0.023255813953488413,-1.7397047561251342
2018,2019,2019-01-08,Texas St,texasst,128,-14.4,https://www.teamrankings.com/college-football/ranking/schedule-strength-by-other?date=2019-01-08,0.015503875968992276,-1.8080274007678347
2018,2019,2019-01-08,Rice,rice,129,-14.6,https://www.teamrankings.com/college-football/ranking/schedule-strength-by-other?date=2019-01-08,0.007751937984496138,-1.835356458624915
2018,2019,2019-01-08,UTEP,utep,130,-15.2,https://www.teamrankings.com/college-football/ranking/schedule-strength-by-other?date=2019-01-08,0.0,-1.9173436321961552
2019,2020,2020-01-14,Ohio St,ohiost,1,19.0,https://www.teamrankings.com/college-football/ranking/schedule-strength-by-other?date=2020-01-14,1.0,2.4486334132554286
2019,2020,2020-01-14,LSU,lsu,2,18.2,https://www.teamrankings.com/college-football/ranking/schedule-strength-by-other?date=2020-01-14,0.9922480620155039,2.3526194348296983
2019,2020,2020-01-14,Clemson,clemson,3,15.6,https://www.teamrankings.com/college-football/ranking/schedule-strength-by-other?date=2020-01-14,0.9844961240310077,2.0405740049460745
2019,2020,2020-01-14,Michigan,michigan,4,15.1,https://www.teamrankings.com/college-football/ranking/schedule-strength-by-other?date=2020-01-14,0.9767441860465116,1.980565268429993
2019,2020,2020-01-14,Wisconsin,wisconsin,5,15.1,https://www.teamrankings.com/college-football/ranking/schedule-strength-by-other?date=2020-01-14,0.9689922480620154,1.980565268429993
2019,2020,2020-01-14,Auburn,auburn,6,14.6,https://www.teamrankings.com/college-football/ranking/schedule-strength-by-other?date=2020-01-14,0.9612403100775194,1.9205565319139115
2019,2020,2020-01-14,Alabama,alabama,7,14.4,https://www.teamrankings.com/college-football/ranking/schedule-strength-by-other?date=2020-01-14,0.9534883720930233,1.896553037307479
2019,2020,2020-01-14,Georgia,georgia,8,12.7,https://www.teamrankings.com/college-football/ranking/schedule-strength-by-other?date=2020-01-14,0.9457364341085271,1.692523333152802
2019,2020,2020-01-14,Penn St,pennst,9,12.2,https://www.teamrankings.com/college-football/ranking/schedule-strength-by-other?date=2020-01-14,0.937984496124031,1.6325145966367205
2019,2020,2020-01-14,Florida,florida,10,10.9,https://www.teamrankings.com/college-football/ranking/schedule-strength-by-other?date=2020-01-14,0.9302325581395349,1.4764918816949089
2019,2020,2020-01-14,Texas A&M,texasaandm,11,10.4,https://www.teamrankings.com/college-football/ranking/schedule-strength-by-other?date=2020-01-14,0.9224806201550387,1.4164831451788273
2019,2020,2020-01-14,Oregon,oregon,12,9.9,https://www.teamrankings.com/college-football/ranking/schedule-strength-by-other?date=2020-01-14,0.9147286821705426,1.356474408662746
2019,2020,2020-01-14,Iowa,iowa,13,9.2,https://www.teamrankings.com/college-football/ranking/schedule-strength-by-other?date=2020-01-14,0.9069767441860466,1.2724621775402318
2019,2020,2020-01-14,Oklahoma,oklahoma,14,9.0,https://www.teamrankings.com/college-football/ranking/schedule-strength-by-other?date=2020-01-14,0.8992248062015504,1.2484586829337994
2019,2020,2020-01-14,South Carolina,southcarolina,15,8.9,https://www.teamrankings.com/college-football/ranking/schedule-strength-by-other?date=2020-01-14,0.8914728682170543,1.236456935630583
2019,2020,2020-01-14,Notre Dame,notredame,16,8.6,https://www.teamrankings.com/college-football/ranking/schedule-strength-by-other?date=2020-01-14,0.8837209302325582,1.2004516937209342
2019,2020,2020-01-14,Texas,texas,17,8.3,https://www.teamrankings.com/college-football/ranking/schedule-strength-by-other?date=2020-01-14,0.875968992248062,1.1644464518112854
2019,2020,2020-01-14,USC,usc,18,7.3,https://www.teamrankings.com/college-football/ranking/schedule-strength-by-other?date=2020-01-14,0.8682170542635659,1.0444289787791223
2019,2020,2020-01-14,Baylor,baylor,19,6.7,https://www.teamrankings.com/college-football/ranking/schedule-strength-by-other?date=2020-01-14,0.8604651162790697,0.9724184949598247
2019,2020,2020-01-14,Utah,utah,20,6.5,https://www.teamrankings.com/college-football/ranking/schedule-strength-by-other?date=2020-01-14,0.8527131782945736,0.948415000353392
2019,2020,2020-01-14,Iowa St,iowast,21,6.5,https://www.teamrankings.com/college-football/ranking/schedule-strength-by-other?date=2020-01-14,0.8449612403100775,0.948415000353392
2019,2020,2020-01-14,Minnesota,minnesota,22,6.3,https://www.teamrankings.com/college-football/ranking/schedule-strength-by-other?date=2020-01-14,0.8372093023255813,0.9244115057469595
2019,2020,2020-01-14,Mississippi St,mississippist,23,6.1,https://www.teamrankings.com/college-football/ranking/schedule-strength-by-other?date=2020-01-14,0.8294573643410853,0.9004080111405268
2019,2020,2020-01-14,Michigan St,michiganst,24,5.8,https://www.teamrankings.com/college-football/ranking/schedule-strength-by-other?date=2020-01-14,0.8217054263565892,0.8644027692308781
2019,2020,2020-01-14,Oklahoma St,oklahomast,25,5.2,https://www.teamrankings.com/college-football/ranking/schedule-strength-by-other?date=2020-01-14,0.813953488372093,0.7923922854115804
2019,2020,2020-01-14,TCU,tcu,26,5.1,https://www.teamrankings.com/college-football/ranking/schedule-strength-by-other?date=2020-01-14,0.8062015503875969,0.7803905381083639
2019,2020,2020-01-14,Nebraska,nebraska,27,5.0,https://www.teamrankings.com/college-football/ranking/schedule-strength-by-other?date=2020-01-14,0.7984496124031008,0.7683887908051477
2019,2020,2020-01-14,Washington,washington,28,4.9,https://www.teamrankings.com/college-football/ranking/schedule-strength-by-other?date=2020-01-14,0.7906976744186046,0.7563870435019314
2019,2020,2020-01-14,Indiana,indiana,29,4.9,https://www.teamrankings.com/college-football/ranking/schedule-strength-by-other?date=2020-01-14,0.7829457364341086,0.7563870435019314
2019,2020,2020-01-14,Stanford,stanford,30,4.8,https://www.teamrankings.com/college-football/ranking/schedule-strength-by-other?date=2020-01-14,0.7751937984496124,0.7443852961987152
2019,2020,2020-01-14,Mississippi,mississippi,31,4.5,https://www.teamrankings.com/college-football/ranking/schedule-strength-by-other?date=2020-01-14,0.7674418604651163,0.7083800542890661
2019,2020,2020-01-14,Kansas St,kansasst,32,4.1,https://www.teamrankings.com/college-football/ranking/schedule-strength-by-other?date=2020-01-14,0.7596899224806202,0.660373065076201
2019,2020,2020-01-14,Tennessee,tennessee,33,3.9,https://www.teamrankings.com/college-football/ranking/schedule-strength-by-other?date=2020-01-14,0.751937984496124,0.6363695704697685
2019,2020,2020-01-14,Washington St,washingtonst,34,3.8,https://www.teamrankings.com/college-football/ranking/schedule-strength-by-other?date=2020-01-14,0.7441860465116279,0.6243678231665523
2019,2020,2020-01-14,UCLA,ucla,35,3.6,https://www.teamrankings.com/college-football/ranking/schedule-strength-by-other?date=2020-01-14,0.7364341085271318,0.6003643285601197
2019,2020,2020-01-14,Colorado,colorado,36,3.6,https://www.teamrankings.com/college-football/ranking/schedule-strength-by-other?date=2020-01-14,0.7286821705426356,0.6003643285601197
2019,2020,2020-01-14,Northwestern,northwestern,37,3.5,https://www.teamrankings.com/college-football/ranking/schedule-strength-by-other?date=2020-01-14,0.7209302325581395,0.5883625812569033
2019,2020,2020-01-14,California,california,38,3.3,https://www.teamrankings.com/college-football/ranking/schedule-strength-by-other?date=2020-01-14,0.7131782945736433,0.5643590866504707
2019,2020,2020-01-14,Purdue,purdue,39,3.2,https://www.teamrankings.com/college-football/ranking/schedule-strength-by-other?date=2020-01-14,0.7054263565891472,0.5523573393472545
2019,2020,2020-01-14,Virginia,virginia,40,3.1,https://www.teamrankings.com/college-football/ranking/schedule-strength-by-other?date=2020-01-14,0.6976744186046512,0.5403555920440382
2019,2020,2020-01-14,Oregon St,oregonst,41,3.1,https://www.teamrankings.com/college-football/ranking/schedule-strength-by-other?date=2020-01-14,0.689922480620155,0.5403555920440382
2019,2020,2020-01-14,Cincinnati,cincinnati,42,2.8,https://www.teamrankings.com/college-football/ranking/schedule-strength-by-other?date=2020-01-14,0.6821705426356589,0.5043503501343893
2019,2020,2020-01-14,Arizona St,arizonast,43,2.8,https://www.teamrankings.com/college-football/ranking/schedule-strength-by-other?date=2020-01-14,0.6744186046511628,0.5043503501343893
2019,2020,2020-01-14,Memphis,memphis,44,2.6,https://www.teamrankings.com/college-football/ranking/schedule-strength-by-other?date=2020-01-14,0.6666666666666667,0.48034685552795675
2019,2020,2020-01-14,Tulsa,tulsa,45,2.5,https://www.teamrankings.com/college-football/ranking/schedule-strength-by-other?date=2020-01-14,0.6589147286821706,0.4683451082247404
2019,2020,2020-01-14,North Carolina,northcarolina,46,2.4,https://www.teamrankings.com/college-football/ranking/schedule-strength-by-other?date=2020-01-14,0.6511627906976745,0.4563433609215241
2019,2020,2020-01-14,Louisville,louisville,47,2.1,https://www.teamrankings.com/college-football/ranking/schedule-strength-by-other?date=2020-01-14,0.6434108527131783,0.4203381190118753
2019,2020,2020-01-14,Maryland,maryland,48,2.1,https://www.teamrankings.com/college-football/ranking/schedule-strength-by-other?date=2020-01-14,0.6356589147286822,0.4203381190118753
2019,2020,2020-01-14,Houston,houston,49,1.9,https://www.teamrankings.com/college-football/ranking/schedule-strength-by-other?date=2020-01-14,0.627906976744186,0.39633462440544265
2019,2020,2020-01-14,Navy,navy,50,1.9,https://www.teamrankings.com/college-football/ranking/schedule-strength-by-other?date=2020-01-14,0.6201550387596899,0.39633462440544265
2019,2020,2020-01-14,Kentucky,kentucky,51,1.9,https://www.teamrankings.com/college-football/ranking/schedule-strength-by-other?date=2020-01-14,0.6124031007751938,0.39633462440544265
2019,2020,2020-01-14,Missouri,missouri,52,1.8,https://www.teamrankings.com/college-football/ranking/schedule-strength-by-other?date=2020-01-14,0.6046511627906976,0.3843328771022264
2019,2020,2020-01-14,West Virginia,westvirginia,53,1.6,https://www.teamrankings.com/college-football/ranking/schedule-strength-by-other?date=2020-01-14,0.5968992248062015,0.3603293824957938
2019,2020,2020-01-14,Arizona,arizona,54,1.4,https://www.teamrankings.com/college-football/ranking/schedule-strength-by-other?date=2020-01-14,0.5891472868217054,0.3363258878893612
2019,2020,2020-01-14,Texas Tech,texastech,55,1.4,https://www.teamrankings.com/college-football/ranking/schedule-strength-by-other?date=2020-01-14,0.5813953488372092,0.3363258878893612
2019,2020,2020-01-14,Florida St,floridast,56,1.3,https://www.teamrankings.com/college-football/ranking/schedule-strength-by-other?date=2020-01-14,0.5736434108527132,0.32432414058614495
2019,2020,2020-01-14,Tulane,tulane,57,1.1,https://www.teamrankings.com/college-football/ranking/schedule-strength-by-other?date=2020-01-14,0.5658914728682171,0.30032064597971236
2019,2020,2020-01-14,UCF,ucf,58,0.8,https://www.teamrankings.com/college-football/ranking/schedule-strength-by-other?date=2020-01-14,0.5581395348837209,0.2643154040700635
2019,2020,2020-01-14,Duke,duke,59,0.7,https://www.teamrankings.com/college-football/ranking/schedule-strength-by-other?date=2020-01-14,0.5503875968992248,0.25231365676684714
2019,2020,2020-01-14,Illinois,illinois,60,0.7,https://www.teamrankings.com/college-football/ranking/schedule-strength-by-other?date=2020-01-14,0.5426356589147288,0.25231365676684714
2019,2020,2020-01-14,SMU,smu,61,-0.1,https://www.teamrankings.com/college-football/ranking/schedule-strength-by-other?date=2020-01-14,0.5348837209302326,0.15629967834111683
2019,2020,2020-01-14,Miami,miami,62,-0.2,https://www.teamrankings.com/college-football/ranking/schedule-strength-by-other?date=2020-01-14,0.5271317829457365,0.14429793103790056
2019,2020,2020-01-14,Pittsburgh,pittsburgh,63,-0.4,https://www.teamrankings.com/college-football/ranking/schedule-strength-by-other?date=2020-01-14,0.5193798449612403,0.12029443643146799
2019,2020,2020-01-14,Virginia Tech,virginiatech,64,-0.4,https://www.teamrankings.com/college-football/ranking/schedule-strength-by-other?date=2020-01-14,0.5116279069767442,0.12029443643146799
2019,2020,2020-01-14,Wake Forest,wakeforest,65,-1.0,https://www.teamrankings.com/college-football/ranking/schedule-strength-by-other?date=2020-01-14,0.5038759689922481,0.04828395261217023
2019,2020,2020-01-14,Boston College,bostoncollege,66,-1.1,https://www.teamrankings.com/college-football/ranking/schedule-strength-by-other?date=2020-01-14,0.49612403100775193,0.03628220530895393
2019,2020,2020-01-14,Arkansas,arkansas,67,-1.6,https://www.teamrankings.com/college-football/ranking/schedule-strength-by-other?date=2020-01-14,0.4883720930232558,-0.02372653120712753
2019,2020,2020-01-14,Vanderbilt,vanderbilt,68,-1.7,https://www.teamrankings.com/college-football/ranking/schedule-strength-by-other?date=2020-01-14,0.48062015503875966,-0.035728278510343804
2019,2020,2020-01-14,Air Force,airforce,69,-1.8,https://www.teamrankings.com/college-football/ranking/schedule-strength-by-other?date=2020-01-14,0.4728682170542635,-0.047730025813560104
2019,2020,2020-01-14,Kansas,kansas,70,-1.8,https://www.teamrankings.com/college-football/ranking/schedule-strength-by-other?date=2020-01-14,0.4651162790697675,-0.047730025813560104
2019,2020,2020-01-14,BYU,byu,71,-1.9,https://www.teamrankings.com/college-football/ranking/schedule-strength-by-other?date=2020-01-14,0.45736434108527135,-0.05973177311677638
2019,2020,2020-01-14,Syracuse,syracuse,72,-2.1,https://www.teamrankings.com/college-football/ranking/schedule-strength-by-other?date=2020-01-14,0.4496124031007752,-0.08373526772320898
2019,2020,2020-01-14,Boise St,boisest,73,-2.6,https://www.teamrankings.com/college-football/ranking/schedule-strength-by-other?date=2020-01-14,0.4418604651162791,-0.14374400423929043
2019,2020,2020-01-14,Georgia Tech,georgiatech,74,-2.9,https://www.teamrankings.com/college-football/ranking/schedule-strength-by-other?date=2020-01-14,0.43410852713178294,-0.17974924614893928
2019,2020,2020-01-14,Temple,temple,75,-2.9,https://www.teamrankings.com/college-football/ranking/schedule-strength-by-other?date=2020-01-14,0.4263565891472868,-0.17974924614893928
2019,2020,2020-01-14,App State,appstate,76,-3.0,https://www.teamrankings.com/college-football/ranking/schedule-strength-by-other?date=2020-01-14,0.41860465116279066,-0.1917509934521556
2019,2020,2020-01-14,Florida Atlantic,floridaatlantic,77,-3.2,https://www.teamrankings.com/college-football/ranking/schedule-strength-by-other?date=2020-01-14,0.4108527131782945,-0.2157544880585882
2019,2020,2020-01-14,S Florida,sflorida,78,-3.8,https://www.teamrankings.com/college-football/ranking/schedule-strength-by-other?date=2020-01-14,0.4031007751937985,-0.2877649718778859
2019,2020,2020-01-14,Louisiana,louisiana,79,-3.8,https://www.teamrankings.com/college-football/ranking/schedule-strength-by-other?date=2020-01-14,0.39534883720930236,-0.2877649718778859
2019,2020,2020-01-14,Rutgers,rutgers,80,-4.5,https://www.teamrankings.com/college-football/ranking/schedule-strength-by-other?date=2020-01-14,0.3875968992248062,-0.37177720300039996
2019,2020,2020-01-14,NC State,ncstate,81,-4.6,https://www.teamrankings.com/college-football/ranking/schedule-strength-by-other?date=2020-01-14,0.3798449612403101,-0.3837789503036162
2019,2020,2020-01-14,Hawai'i,hawaii,82,-4.7,https://www.teamrankings.com/college-football/ranking/schedule-strength-by-other?date=2020-01-14,0.37209302325581395,-0.39578069760683254
2019,2020,2020-01-14,Utah St,utahst,83,-4.9,https://www.teamrankings.com/college-football/ranking/schedule-strength-by-other?date=2020-01-14,0.3643410852713178,-0.4197841922132652
2019,2020,2020-01-14,Marshall,marshall,84,-6.1,https://www.teamrankings.com/college-football/ranking/schedule-strength-by-other?date=2020-01-14,0.3565891472868217,-0.5638051598518606
2019,2020,2020-01-14,Wyoming,wyoming,85,-6.4,https://www.teamrankings.com/college-football/ranking/schedule-strength-by-other?date=2020-01-14,0.34883720930232553,-0.5998104017615096
2019,2020,2020-01-14,Fresno St,fresnost,86,-6.6,https://www.teamrankings.com/college-football/ranking/schedule-strength-by-other?date=2020-01-14,0.3410852713178295,-0.623813896367942
2019,2020,2020-01-14,Southern Miss,southernmiss,87,-6.7,https://www.teamrankings.com/college-football/ranking/schedule-strength-by-other?date=2020-01-14,0.33333333333333337,-0.6358156436711584
2019,2020,2020-01-14,Georgia So,georgiaso,88,-6.7,https://www.teamrankings.com/college-football/ranking/schedule-strength-by-other?date=2020-01-14,0.32558139534883723,-0.6358156436711584
2019,2020,2020-01-14,Miami OH,miamioh,89,-6.8,https://www.teamrankings.com/college-football/ranking/schedule-strength-by-other?date=2020-01-14,0.3178294573643411,-0.6478173909743746
2019,2020,2020-01-14,Army,army,90,-6.9,https://www.teamrankings.com/college-football/ranking/schedule-strength-by-other?date=2020-01-14,0.31007751937984496,-0.6598191382775911
2019,2020,2020-01-14,W Kentucky,wkentucky,91,-7.7,https://www.teamrankings.com/college-football/ranking/schedule-strength-by-other?date=2020-01-14,0.3023255813953488,-0.7558331167033212
2019,2020,2020-01-14,Ball St,ballst,92,-7.7,https://www.teamrankings.com/college-football/ranking/schedule-strength-by-other?date=2020-01-14,0.2945736434108527,-0.7558331167033212
2019,2020,2020-01-14,UL Monroe,ulmonroe,93,-7.8,https://www.teamrankings.com/college-football/ranking/schedule-strength-by-other?date=2020-01-14,0.28682170542635654,-0.7678348640065374
2019,2020,2020-01-14,Middle Tenn,middletenn,94,-8.0,https://www.teamrankings.com/college-football/ranking/schedule-strength-by-other?date=2020-01-14,0.2790697674418605,-0.7918383586129703
2019,2020,2020-01-14,San Jose St,sanjosest,95,-8.2,https://www.teamrankings.com/college-football/ranking/schedule-strength-by-other?date=2020-01-14,0.2713178294573644,-0.8158418532194027
2019,2020,2020-01-14,W Michigan,wmichigan,96,-8.3,https://www.teamrankings.com/college-football/ranking/schedule-strength-by-other?date=2020-01-14,0.26356589147286824,-0.8278436005226192
2019,2020,2020-01-14,Colorado St,coloradost,97,-8.3,https://www.teamrankings.com/college-football/ranking/schedule-strength-by-other?date=2020-01-14,0.2558139534883721,-0.8278436005226192
2019,2020,2020-01-14,San Diego St,sandiegost,98,-8.4,https://www.teamrankings.com/college-football/ranking/schedule-strength-by-other?date=2020-01-14,0.24806201550387597,-0.8398453478258354
2019,2020,2020-01-14,Kent St,kentst,99,-8.8,https://www.teamrankings.com/college-football/ranking/schedule-strength-by-other?date=2020-01-14,0.24031007751937983,-0.8878523370387006
2019,2020,2020-01-14,Rice,rice,100,-8.9,https://www.teamrankings.com/college-football/ranking/schedule-strength-by-other?date=2020-01-14,0.2325581395348837,-0.8998540843419168
2019,2020,2020-01-14,Arkansas St,arkansasst,101,-8.9,https://www.teamrankings.com/college-football/ranking/schedule-strength-by-other?date=2020-01-14,0.22480620155038755,-0.8998540843419168
2019,2020,2020-01-14,Ohio,ohio,102,-9.0,https://www.teamrankings.com/college-football/ranking/schedule-strength-by-other?date=2020-01-14,0.21705426356589153,-0.9118558316451332
2019,2020,2020-01-14,Georgia St,georgiast,103,-9.0,https://www.teamrankings.com/college-football/ranking/schedule-strength-by-other?date=2020-01-14,0.2093023255813954,-0.9118558316451332
2019,2020,2020-01-14,UNLV,unlv,104,-9.2,https://www.teamrankings.com/college-football/ranking/schedule-strength-by-other?date=2020-01-14,0.20155038759689925,-0.9358593262515656
2019,2020,2020-01-14,N Illinois,nillinois,105,-9.2,https://www.teamrankings.com/college-football/ranking/schedule-strength-by-other?date=2020-01-14,0.1937984496124031,-0.9358593262515656
2019,2020,2020-01-14,S Alabama,salabama,106,-9.3,https://www.teamrankings.com/college-football/ranking/schedule-strength-by-other?date=2020-01-14,0.18604651162790697,-0.9478610735547821
2019,2020,2020-01-14,E Michigan,emichigan,107,-9.3,https://www.teamrankings.com/college-football/ranking/schedule-strength-by-other?date=2020-01-14,0.17829457364341084,-0.9478610735547821
2019,2020,2020-01-14,Buffalo,buffalo,108,-9.6,https://www.teamrankings.com/college-football/ranking/schedule-strength-by-other?date=2020-01-14,0.1705426356589147,-0.9838663154644308
2019,2020,2020-01-14,Troy,troy,109,-10.3,https://www.teamrankings.com/college-football/ranking/schedule-strength-by-other?date=2020-01-14,0.16279069767441856,-1.067878546586945
2019,2020,2020-01-14,E Carolina,ecarolina,110,-10.4,https://www.teamrankings.com/college-football/ranking/schedule-strength-by-other?date=2020-01-14,0.15503875968992253,-1.0798802938901613
2019,2020,2020-01-14,Nevada,nevada,111,-10.7,https://www.teamrankings.com/college-football/ranking/schedule-strength-by-other?date=2020-01-14,0.1472868217054264,-1.11588553579981
2019,2020,2020-01-14,N Texas,ntexas,112,-10.7,https://www.teamrankings.com/college-football/ranking/schedule-strength-by-other?date=2020-01-14,0.13953488372093026,-1.11588553579981
2019,2020,2020-01-14,C Michigan,cmichigan,113,-10.8,https://www.teamrankings.com/college-football/ranking/schedule-strength-by-other?date=2020-01-14,0.13178294573643412,-1.1278872831030264
2019,2020,2020-01-14,Toledo,toledo,114,-10.9,https://www.teamrankings.com/college-football/ranking/schedule-strength-by-other?date=2020-01-14,0.12403100775193798,-1.1398890304062428
2019,2020,2020-01-14,Louisiana Tech,louisianatech,115,-11.0,https://www.teamrankings.com/college-football/ranking/schedule-strength-by-other?date=2020-01-14,0.11627906976744184,-1.151890777709459
2019,2020,2020-01-14,Florida Intl,floridaintl,116,-11.0,https://www.teamrankings.com/college-football/ranking/schedule-strength-by-other?date=2020-01-14,0.10852713178294571,-1.151890777709459
2019,2020,2020-01-14,Texas St,texasst,117,-11.0,https://www.teamrankings.com/college-football/ranking/schedule-strength-by-other?date=2020-01-14,0.10077519379844957,-1.151890777709459
2019,2020,2020-01-14,Charlotte,charlotte,118,-11.3,https://www.teamrankings.com/college-football/ranking/schedule-strength-by-other?date=2020-01-14,0.09302325581395354,-1.187896019619108
2019,2020,2020-01-14,New Mexico,newmexico,119,-11.4,https://www.teamrankings.com/college-football/ranking/schedule-strength-by-other?date=2020-01-14,0.0852713178294574,-1.199897766922324
2019,2020,2020-01-14,UAB,uab,120,-11.6,https://www.teamrankings.com/college-football/ranking/schedule-strength-by-other?date=2020-01-14,0.07751937984496127,-1.2239012615287566
2019,2020,2020-01-14,Coastal Car,coastalcar,121,-12.2,https://www.teamrankings.com/college-football/ranking/schedule-strength-by-other?date=2020-01-14,0.06976744186046513,-1.2959117453480544
2019,2020,2020-01-14,Liberty,liberty,122,-12.3,https://www.teamrankings.com/college-football/ranking/schedule-strength-by-other?date=2020-01-14,0.06201550387596899,-1.3079134926512708
2019,2020,2020-01-14,Old Dominion,olddominion,123,-12.8,https://www.teamrankings.com/college-football/ranking/schedule-strength-by-other?date=2020-01-14,0.054263565891472854,-1.3679222291673523
2019,2020,2020-01-14,UConn,uconn,124,-13.4,https://www.teamrankings.com/college-football/ranking/schedule-strength-by-other?date=2020-01-14,0.046511627906976716,-1.43993271298665
2019,2020,2020-01-14,UTSA,utsa,125,-13.8,https://www.teamrankings.com/college-football/ranking/schedule-strength-by-other?date=2020-01-14,0.03875968992248058,-1.487939702199515
2019,2020,2020-01-14,New Mexico St,newmexicost,126,-14.0,https://www.teamrankings.com/college-football/ranking/schedule-strength-by-other?date=2020-01-14,0.03100775193798455,-1.5119431968059476
2019,2020,2020-01-14,Bowling Green,bowlinggreen,127,-17.4,https://www.teamrankings.com/college-football/ranking/schedule-strength-by-other?date=2020-01-14,0.023255813953488413,-1.9200026051153014
2019,2020,2020-01-14,UTEP,utep,128,-17.5,https://www.teamrankings.com/college-football/ranking/schedule-strength-by-other?date=2020-01-14,0.015503875968992276,-1.9320043524185178
2019,2020,2020-01-14,Akron,akron,129,-18.7,https://www.teamrankings.com/college-football/ranking/schedule-strength-by-other?date=2020-01-14,0.007751937984496138,-2.0760253200571133
2019,2020,2020-01-14,UMass,umass,130,-23.0,https://www.teamrankings.com/college-football/ranking/schedule-strength-by-other?date=2020-01-14,0.0,-2.5921004540954136
2020,2021,2021-01-12,Ohio St,ohiost,1,18.2,https://www.teamrankings.com/college-football/ranking/schedule-strength-by-other?date=2021-01-12,1.0,2.2344070309126627
2020,2021,2021-01-12,Alabama,alabama,2,17.0,https://www.teamrankings.com/college-football/ranking/schedule-strength-by-other?date=2021-01-12,0.9920634920634921,2.088247003652344
2020,2021,2021-01-12,Clemson,clemson,3,13.3,https://www.teamrankings.com/college-football/ranking/schedule-strength-by-other?date=2021-01-12,0.9841269841269842,1.6375869195996957
2020,2021,2021-01-12,Georgia,georgia,4,12.8,https://www.teamrankings.com/college-football/ranking/schedule-strength-by-other?date=2021-01-12,0.9761904761904762,1.5766869082412298
2020,2021,2021-01-12,Florida,florida,5,12.1,https://www.teamrankings.com/college-football/ranking/schedule-strength-by-other?date=2021-01-12,0.9682539682539683,1.4914268923393772
2020,2021,2021-01-12,Oklahoma,oklahoma,6,12.1,https://www.teamrankings.com/college-football/ranking/schedule-strength-by-other?date=2021-01-12,0.9603174603174603,1.4914268923393772
2020,2021,2021-01-12,Notre Dame,notredame,7,11.9,https://www.teamrankings.com/college-football/ranking/schedule-strength-by-other?date=2021-01-12,0.9523809523809523,1.467066887795991
2020,2021,2021-01-12,Texas A&M,texasaandm,8,11.2,https://www.teamrankings.com/college-football/ranking/schedule-strength-by-other?date=2021-01-12,0.9444444444444444,1.3818068718941383
2020,2021,2021-01-12,Iowa St,iowast,9,11.1,https://www.teamrankings.com/college-football/ranking/schedule-strength-by-other?date=2021-01-12,0.9365079365079365,1.3696268696224452
2020,2021,2021-01-12,Arkansas,arkansas,10,10.5,https://www.teamrankings.com/college-football/ranking/schedule-strength-by-other?date=2021-01-12,0.9285714285714286,1.2965468559922861
2020,2021,2021-01-12,Auburn,auburn,11,10.4,https://www.teamrankings.com/college-football/ranking/schedule-strength-by-other?date=2021-01-12,0.9206349206349207,1.284366853720593
2020,2021,2021-01-12,Wisconsin,wisconsin,12,10.1,https://www.teamrankings.com/college-football/ranking/schedule-strength-by-other?date=2021-01-12,0.9126984126984127,1.2478268469055134
2020,2021,2021-01-12,Oklahoma St,oklahomast,13,9.4,https://www.teamrankings.com/college-football/ranking/schedule-strength-by-other?date=2021-01-12,0.9047619047619048,1.162566831003661
2020,2021,2021-01-12,Indiana,indiana,14,9.2,https://www.teamrankings.com/college-football/ranking/schedule-strength-by-other?date=2021-01-12,0.8968253968253969,1.1382068264602745
2020,2021,2021-01-12,Texas,texas,15,9.0,https://www.teamrankings.com/college-football/ranking/schedule-strength-by-other?date=2021-01-12,0.8888888888888888,1.1138468219168882
2020,2021,2021-01-12,Northwestern,northwestern,16,8.8,https://www.teamrankings.com/college-football/ranking/schedule-strength-by-other?date=2021-01-12,0.8809523809523809,1.0894868173735017
2020,2021,2021-01-12,LSU,lsu,17,8.6,https://www.teamrankings.com/college-football/ranking/schedule-strength-by-other?date=2021-01-12,0.873015873015873,1.0651268128301152
2020,2021,2021-01-12,Michigan St,michiganst,18,8.5,https://www.teamrankings.com/college-football/ranking/schedule-strength-by-other?date=2021-01-12,0.8650793650793651,1.052946810558422
2020,2021,2021-01-12,Mississippi,mississippi,19,7.9,https://www.teamrankings.com/college-football/ranking/schedule-strength-by-other?date=2021-01-12,0.8571428571428572,0.979866796928263
2020,2021,2021-01-12,Mississippi St,mississippist,20,7.6,https://www.teamrankings.com/college-football/ranking/schedule-strength-by-other?date=2021-01-12,0.8492063492063492,0.9433267901131834
2020,2021,2021-01-12,Baylor,baylor,21,7.6,https://www.teamrankings.com/college-football/ranking/schedule-strength-by-other?date=2021-01-12,0.8412698412698413,0.9433267901131834
2020,2021,2021-01-12,Tennessee,tennessee,22,7.6,https://www.teamrankings.com/college-football/ranking/schedule-strength-by-other?date=2021-01-12,0.8333333333333334,0.9433267901131834
2020,2021,2021-01-12,Iowa,iowa,23,7.5,https://www.teamrankings.com/college-football/ranking/schedule-strength-by-other?date=2021-01-12,0.8253968253968254,0.9311467878414903
2020,2021,2021-01-12,Nebraska,nebraska,24,7.4,https://www.teamrankings.com/college-football/ranking/schedule-strength-by-other?date=2021-01-12,0.8174603174603174,0.9189667855697972
2020,2021,2021-01-12,TCU,tcu,25,7.2,https://www.teamrankings.com/college-football/ranking/schedule-strength-by-other?date=2021-01-12,0.8095238095238095,0.8946067810264107
2020,2021,2021-01-12,Penn St,pennst,26,7.1,https://www.teamrankings.com/college-football/ranking/schedule-strength-by-other?date=2021-01-12,0.8015873015873016,0.8824267787547174
2020,2021,2021-01-12,Miami,miami,27,7.0,https://www.teamrankings.com/college-football/ranking/schedule-strength-by-other?date=2021-01-12,0.7936507936507937,0.8702467764830243
2020,2021,2021-01-12,Kentucky,kentucky,28,6.8,https://www.teamrankings.com/college-football/ranking/schedule-strength-by-other?date=2021-01-12,0.7857142857142857,0.8458867719396379
2020,2021,2021-01-12,Oregon,oregon,29,6.8,https://www.teamrankings.com/college-football/ranking/schedule-strength-by-other?date=2021-01-12,0.7777777777777778,0.8458867719396379
2020,2021,2021-01-12,Maryland,maryland,30,6.6,https://www.teamrankings.com/college-football/ranking/schedule-strength-by-other?date=2021-01-12,0.7698412698412699,0.8215267673962514
2020,2021,2021-01-12,Michigan,michigan,31,6.6,https://www.teamrankings.com/college-football/ranking/schedule-strength-by-other?date=2021-01-12,0.7619047619047619,0.8215267673962514
2020,2021,2021-01-12,Wake Forest,wakeforest,32,6.5,https://www.teamrankings.com/college-football/ranking/schedule-strength-by-other?date=2021-01-12,0.753968253968254,0.8093467651245583
2020,2021,2021-01-12,Washington St,washingtonst,33,6.4,https://www.teamrankings.com/college-football/ranking/schedule-strength-by-other?date=2021-01-12,0.746031746031746,0.7971667628528651
2020,2021,2021-01-12,Illinois,illinois,34,6.4,https://www.teamrankings.com/college-football/ranking/schedule-strength-by-other?date=2021-01-12,0.7380952380952381,0.7971667628528651
2020,2021,2021-01-12,Virginia Tech,virginiatech,35,6.1,https://www.teamrankings.com/college-football/ranking/schedule-strength-by-other?date=2021-01-12,0.7301587301587302,0.7606267560377855
2020,2021,2021-01-12,South Carolina,southcarolina,36,6.0,https://www.teamrankings.com/college-football/ranking/schedule-strength-by-other?date=2021-01-12,0.7222222222222222,0.7484467537660923
2020,2021,2021-01-12,USC,usc,37,5.8,https://www.teamrankings.com/college-football/ranking/schedule-strength-by-other?date=2021-01-12,0.7142857142857143,0.7240867492227059
2020,2021,2021-01-12,Missouri,missouri,38,5.7,https://www.teamrankings.com/college-football/ranking/schedule-strength-by-other?date=2021-01-12,0.7063492063492063,0.7119067469510127
2020,2021,2021-01-12,North Carolina,northcarolina,39,5.6,https://www.teamrankings.com/college-football/ranking/schedule-strength-by-other?date=2021-01-12,0.6984126984126984,0.6997267446793195
2020,2021,2021-01-12,Kansas St,kansasst,40,5.5,https://www.teamrankings.com/college-football/ranking/schedule-strength-by-other?date=2021-01-12,0.6904761904761905,0.6875467424076264
2020,2021,2021-01-12,Minnesota,minnesota,41,5.5,https://www.teamrankings.com/college-football/ranking/schedule-strength-by-other?date=2021-01-12,0.6825396825396826,0.6875467424076264
2020,2021,2021-01-12,Kansas,kansas,42,5.3,https://www.teamrankings.com/college-football/ranking/schedule-strength-by-other?date=2021-01-12,0.6746031746031746,0.6631867378642399
2020,2021,2021-01-12,Arizona St,arizonast,43,5.1,https://www.teamrankings.com/college-football/ranking/schedule-strength-by-other?date=2021-01-12,0.6666666666666667,0.6388267333208535
2020,2021,2021-01-12,Virginia,virginia,44,4.5,https://www.teamrankings.com/college-football/ranking/schedule-strength-by-other?date=2021-01-12,0.6587301587301587,0.5657467196906943
2020,2021,2021-01-12,UCLA,ucla,45,4.5,https://www.teamrankings.com/college-football/ranking/schedule-strength-by-other?date=2021-01-12,0.6507936507936508,0.5657467196906943
2020,2021,2021-01-12,Stanford,stanford,46,4.5,https://www.teamrankings.com/college-football/ranking/schedule-strength-by-other?date=2021-01-12,0.6428571428571428,0.5657467196906943
2020,2021,2021-01-12,California,california,47,4.2,https://www.teamrankings.com/college-football/ranking/schedule-strength-by-other?date=2021-01-12,0.6349206349206349,0.5292067128756147
2020,2021,2021-01-12,West Virginia,westvirginia,48,4.2,https://www.teamrankings.com/college-football/ranking/schedule-strength-by-other?date=2021-01-12,0.626984126984127,0.5292067128756147
2020,2021,2021-01-12,Purdue,purdue,49,4.1,https://www.teamrankings.com/college-football/ranking/schedule-strength-by-other?date=2021-01-12,0.6190476190476191,0.5170267106039215
2020,2021,2021-01-12,Cincinnati,cincinnati,50,4.0,https://www.teamrankings.com/college-football/ranking/schedule-strength-by-other?date=2021-01-12,0.6111111111111112,0.5048467083322283
2020,2021,2021-01-12,Pittsburgh,pittsburgh,51,3.7,https://www.teamrankings.com/college-football/ranking/schedule-strength-by-other?date=2021-01-12,0.6031746031746033,0.4683067015171487
2020,2021,2021-01-12,Texas Tech,texastech,52,3.5,https://www.teamrankings.com/college-football/ranking/schedule-strength-by-other?date=2021-01-12,0.5952380952380952,0.4439466969737623
2020,2021,2021-01-12,Tulsa,tulsa,53,3.4,https://www.teamrankings.com/college-football/ranking/schedule-strength-by-other?date=2021-01-12,0.5873015873015873,0.4317666947020691
2020,2021,2021-01-12,Rutgers,rutgers,54,3.4,https://www.teamrankings.com/college-football/ranking/schedule-strength-by-other?date=2021-01-12,0.5793650793650793,0.4317666947020691
2020,2021,2021-01-12,Oregon St,oregonst,55,3.3,https://www.teamrankings.com/college-football/ranking/schedule-strength-by-other?date=2021-01-12,0.5714285714285714,0.4195866924303759
2020,2021,2021-01-12,Arizona,arizona,56,3.3,https://www.teamrankings.com/college-football/ranking/schedule-strength-by-other?date=2021-01-12,0.5634920634920635,0.4195866924303759
2020,2021,2021-01-12,Boston College,bostoncollege,57,3.3,https://www.teamrankings.com/college-football/ranking/schedule-strength-by-other?date=2021-01-12,0.5555555555555556,0.4195866924303759
2020,2021,2021-01-12,Vanderbilt,vanderbilt,58,3.3,https://www.teamrankings.com/college-football/ranking/schedule-strength-by-other?date=2021-01-12,0.5476190476190477,0.4195866924303759
2020,2021,2021-01-12,Louisville,louisville,59,3.0,https://www.teamrankings.com/college-football/ranking/schedule-strength-by-other?date=2021-01-12,0.5396825396825398,0.3830466856152963
2020,2021,2021-01-12,UCF,ucf,60,2.7,https://www.teamrankings.com/college-football/ranking/schedule-strength-by-other?date=2021-01-12,0.5317460317460317,0.34650667880021674
2020,2021,2021-01-12,Utah,utah,61,2.4,https://www.teamrankings.com/college-football/ranking/schedule-strength-by-other?date=2021-01-12,0.5238095238095238,0.3099666719851371
2020,2021,2021-01-12,NC State,ncstate,62,2.1,https://www.teamrankings.com/college-football/ranking/schedule-strength-by-other?date=2021-01-12,0.5158730158730158,0.27342666517005754
2020,2021,2021-01-12,Colorado,colorado,63,1.9,https://www.teamrankings.com/college-football/ranking/schedule-strength-by-other?date=2021-01-12,0.5079365079365079,0.24906666062667113
2020,2021,2021-01-12,Syracuse,syracuse,64,1.8,https://www.teamrankings.com/college-football/ranking/schedule-strength-by-other?date=2021-01-12,0.5,0.23688665835497796
2020,2021,2021-01-12,Georgia Tech,georgiatech,65,1.8,https://www.teamrankings.com/college-football/ranking/schedule-strength-by-other?date=2021-01-12,0.4920634920634921,0.23688665835497796
2020,2021,2021-01-12,Houston,houston,66,1.1,https://www.teamrankings.com/college-football/ranking/schedule-strength-by-other?date=2021-01-12,0.4841269841269841,0.15162664245312557
2020,2021,2021-01-12,BYU,byu,67,0.7,https://www.teamrankings.com/college-football/ranking/schedule-strength-by-other?date=2021-01-12,0.47619047619047616,0.10290663336635275
2020,2021,2021-01-12,Duke,duke,68,0.0,https://www.teamrankings.com/college-football/ranking/schedule-strength-by-other?date=2021-01-12,0.46825396825396826,0.01764661746450038
2020,2021,2021-01-12,Florida St,floridast,69,-0.1,https://www.teamrankings.com/college-football/ranking/schedule-strength-by-other?date=2021-01-12,0.46031746031746035,0.005466615192807179
2020,2021,2021-01-12,Boise St,boisest,70,-1.1,https://www.teamrankings.com/college-football/ranking/schedule-strength-by-other?date=2021-01-12,0.45238095238095233,-0.11633340752412481
2020,2021,2021-01-12,Navy,navy,71,-1.2,https://www.teamrankings.com/college-football/ranking/schedule-strength-by-other?date=2021-01-12,0.4444444444444444,-0.128513409795818
2020,2021,2021-01-12,Louisiana,louisiana,72,-1.7,https://www.teamrankings.com/college-football/ranking/schedule-strength-by-other?date=2021-01-12,0.4365079365079365,-0.18941342115428397
2020,2021,2021-01-12,Washington,washington,73,-1.9,https://www.teamrankings.com/college-football/ranking/schedule-strength-by-other?date=2021-01-12,0.4285714285714286,-0.21377342569767036
2020,2021,2021-01-12,Coastal Car,coastalcar,74,-2.3,https://www.teamrankings.com/college-football/ranking/schedule-strength-by-other?date=2021-01-12,0.4206349206349206,-0.26249343478444315
2020,2021,2021-01-12,E Carolina,ecarolina,75,-2.4,https://www.teamrankings.com/college-football/ranking/schedule-strength-by-other?date=2021-01-12,0.4126984126984127,-0.2746734370561364
2020,2021,2021-01-12,Tulane,tulane,76,-2.7,https://www.teamrankings.com/college-football/ranking/schedule-strength-by-other?date=2021-01-12,0.40476190476190477,-0.311213443871216
2020,2021,2021-01-12,Colorado St,coloradost,77,-2.9,https://www.teamrankings.com/college-football/ranking/schedule-strength-by-other?date=2021-01-12,0.39682539682539686,-0.33557344841460235
2020,2021,2021-01-12,S Florida,sflorida,78,-4.0,https://www.teamrankings.com/college-football/ranking/schedule-strength-by-other?date=2021-01-12,0.38888888888888884,-0.46955347340322756
2020,2021,2021-01-12,Memphis,memphis,79,-4.1,https://www.teamrankings.com/college-football/ranking/schedule-strength-by-other?date=2021-01-12,0.38095238095238093,-0.4817334756749207
2020,2021,2021-01-12,SMU,smu,80,-4.1,https://www.teamrankings.com/college-football/ranking/schedule-strength-by-other?date=2021-01-12,0.373015873015873,-0.4817334756749207
2020,2021,2021-01-12,San Jose St,sanjosest,81,-4.3,https://www.teamrankings.com/college-football/ranking/schedule-strength-by-other?date=2021-01-12,0.3650793650793651,-0.5060934802183071
2020,2021,2021-01-12,Ball St,ballst,82,-4.4,https://www.teamrankings.com/college-football/ranking/schedule-strength-by-other?date=2021-01-12,0.3571428571428571,-0.5182734824900004
2020,2021,2021-01-12,UAB,uab,83,-4.8,https://www.teamrankings.com/college-football/ranking/schedule-strength-by-other?date=2021-01-12,0.3492063492063492,-0.566993491576773
2020,2021,2021-01-12,Air Force,airforce,84,-4.9,https://www.teamrankings.com/college-football/ranking/schedule-strength-by-other?date=2021-01-12,0.3412698412698413,-0.5791734938484663
2020,2021,2021-01-12,San Diego St,sandiegost,85,-5.0,https://www.teamrankings.com/college-football/ranking/schedule-strength-by-other?date=2021-01-12,0.33333333333333337,-0.5913534961201595
2020,2021,2021-01-12,Temple,temple,86,-5.0,https://www.teamrankings.com/college-football/ranking/schedule-strength-by-other?date=2021-01-12,0.32539682539682535,-0.5913534961201595
2020,2021,2021-01-12,N Illinois,nillinois,87,-5.3,https://www.teamrankings.com/college-football/ranking/schedule-strength-by-other?date=2021-01-12,0.31746031746031744,-0.627893502935239
2020,2021,2021-01-12,App State,appstate,88,-5.7,https://www.teamrankings.com/college-football/ranking/schedule-strength-by-other?date=2021-01-12,0.30952380952380953,-0.6766135120220119
2020,2021,2021-01-12,Texas St,texasst,89,-6.0,https://www.teamrankings.com/college-football/ranking/schedule-strength-by-other?date=2021-01-12,0.3015873015873016,-0.7131535188370914
2020,2021,2021-01-12,Georgia St,georgiast,90,-6.1,https://www.teamrankings.com/college-football/ranking/schedule-strength-by-other?date=2021-01-12,0.2936507936507936,-0.7253335211087846
2020,2021,2021-01-12,Miami OH,miamioh,91,-6.2,https://www.teamrankings.com/college-football/ranking/schedule-strength-by-other?date=2021-01-12,0.2857142857142857,-0.7375135233804779
2020,2021,2021-01-12,UMass,umass,92,-6.3,https://www.teamrankings.com/college-football/ranking/schedule-strength-by-other?date=2021-01-12,0.2777777777777778,-0.7496935256521711
2020,2021,2021-01-12,Hawai'i,hawaii,93,-6.4,https://www.teamrankings.com/college-football/ranking/schedule-strength-by-other?date=2021-01-12,0.2698412698412699,-0.7618735279238643
2020,2021,2021-01-12,C Michigan,cmichigan,94,-6.7,https://www.teamrankings.com/college-football/ranking/schedule-strength-by-other?date=2021-01-12,0.26190476190476186,-0.7984135347389438
2020,2021,2021-01-12,Army,army,95,-7.0,https://www.teamrankings.com/college-football/ranking/schedule-strength-by-other?date=2021-01-12,0.25396825396825395,-0.8349535415540235
2020,2021,2021-01-12,New Mexico,newmexico,96,-7.3,https://www.teamrankings.com/college-football/ranking/schedule-strength-by-other?date=2021-01-12,0.24603174603174605,-0.871493548369103
2020,2021,2021-01-12,UNLV,unlv,97,-7.4,https://www.teamrankings.com/college-football/ranking/schedule-strength-by-other?date=2021-01-12,0.23809523809523814,-0.8836735506407963
2020,2021,2021-01-12,E Michigan,emichigan,98,-7.4,https://www.teamrankings.com/college-football/ranking/schedule-strength-by-other?date=2021-01-12,0.23015873015873012,-0.8836735506407963
2020,2021,2021-01-12,Wyoming,wyoming,99,-7.6,https://www.teamrankings.com/college-football/ranking/schedule-strength-by-other?date=2021-01-12,0.2222222222222222,-0.9080335551841826
2020,2021,2021-01-12,Troy,troy,100,-7.6,https://www.teamrankings.com/college-football/ranking/schedule-strength-by-other?date=2021-01-12,0.2142857142857143,-0.9080335551841826
2020,2021,2021-01-12,Arkansas St,arkansasst,101,-7.7,https://www.teamrankings.com/college-football/ranking/schedule-strength-by-other?date=2021-01-12,0.2063492063492064,-0.9202135574558759
2020,2021,2021-01-12,Buffalo,buffalo,102,-7.7,https://www.teamrankings.com/college-football/ranking/schedule-strength-by-other?date=2021-01-12,0.19841269841269837,-0.9202135574558759
2020,2021,2021-01-12,Utah St,utahst,103,-7.9,https://www.teamrankings.com/college-football/ranking/schedule-strength-by-other?date=2021-01-12,0.19047619047619047,-0.9445735619992622
2020,2021,2021-01-12,Nevada,nevada,104,-8.2,https://www.teamrankings.com/college-football/ranking/schedule-strength-by-other?date=2021-01-12,0.18253968253968256,-0.9811135688143419
2020,2021,2021-01-12,Marshall,marshall,105,-8.3,https://www.teamrankings.com/college-football/ranking/schedule-strength-by-other?date=2021-01-12,0.17460317460317465,-0.9932935710860352
2020,2021,2021-01-12,Georgia So,georgiaso,106,-8.3,https://www.teamrankings.com/college-football/ranking/schedule-strength-by-other?date=2021-01-12,0.16666666666666663,-0.9932935710860352
2020,2021,2021-01-12,Liberty,liberty,107,-8.4,https://www.teamrankings.com/college-football/ranking/schedule-strength-by-other?date=2021-01-12,0.15873015873015872,-1.0054735733577285
2020,2021,2021-01-12,S Alabama,salabama,108,-8.4,https://www.teamrankings.com/college-football/ranking/schedule-strength-by-other?date=2021-01-12,0.1507936507936508,-1.0054735733577285
2020,2021,2021-01-12,W Kentucky,wkentucky,109,-8.7,https://www.teamrankings.com/college-football/ranking/schedule-strength-by-other?date=2021-01-12,0.1428571428571429,-1.0420135801728079
2020,2021,2021-01-12,Toledo,toledo,110,-8.9,https://www.teamrankings.com/college-football/ranking/schedule-strength-by-other?date=2021-01-12,0.13492063492063489,-1.0663735847161944
2020,2021,2021-01-12,W Michigan,wmichigan,111,-9.4,https://www.teamrankings.com/college-football/ranking/schedule-strength-by-other?date=2021-01-12,0.12698412698412698,-1.1272735960746603
2020,2021,2021-01-12,Rice,rice,112,-9.6,https://www.teamrankings.com/college-football/ranking/schedule-strength-by-other?date=2021-01-12,0.11904761904761907,-1.1516336006180468
2020,2021,2021-01-12,Louisiana Tech,louisianatech,113,-9.9,https://www.teamrankings.com/college-football/ranking/schedule-strength-by-other?date=2021-01-12,0.11111111111111116,-1.1881736074331264
2020,2021,2021-01-12,Middle Tenn,middletenn,114,-10.2,https://www.teamrankings.com/college-football/ranking/schedule-strength-by-other?date=2021-01-12,0.10317460317460314,-1.2247136142482058
2020,2021,2021-01-12,UTSA,utsa,115,-10.7,https://www.teamrankings.com/college-football/ranking/schedule-strength-by-other?date=2021-01-12,0.09523809523809523,-1.2856136256066717
2020,2021,2021-01-12,Florida Atlantic,floridaatlantic,116,-11.4,https://www.teamrankings.com/college-football/ranking/schedule-strength-by-other?date=2021-01-12,0.08730158730158732,-1.3708736415085243
2020,2021,2021-01-12,Charlotte,charlotte,117,-12.0,https://www.teamrankings.com/college-football/ranking/schedule-strength-by-other?date=2021-01-12,0.07936507936507942,-1.4439536551386836
2020,2021,2021-01-12,UL Monroe,ulmonroe,118,-12.0,https://www.teamrankings.com/college-football/ranking/schedule-strength-by-other?date=2021-01-12,0.0714285714285714,-1.4439536551386836
2020,2021,2021-01-12,Southern Miss,southernmiss,119,-12.7,https://www.teamrankings.com/college-football/ranking/schedule-strength-by-other?date=2021-01-12,0.06349206349206349,-1.5292136710405357
2020,2021,2021-01-12,Fresno St,fresnost,120,-12.7,https://www.teamrankings.com/college-football/ranking/schedule-strength-by-other?date=2021-01-12,0.05555555555555558,-1.5292136710405357
2020,2021,2021-01-12,N Texas,ntexas,121,-15.0,https://www.teamrankings.com/college-football/ranking/schedule-strength-by-other?date=2021-01-12,0.04761904761904767,-1.8093537232894794
2020,2021,2021-01-12,Kent St,kentst,122,-15.0,https://www.teamrankings.com/college-football/ranking/schedule-strength-by-other?date=2021-01-12,0.03968253968253965,-1.8093537232894794
2020,2021,2021-01-12,Florida Intl,floridaintl,123,-15.1,https://www.teamrankings.com/college-football/ranking/schedule-strength-by-other?date=2021-01-12,0.031746031746031744,-1.8215337255611725
2020,2021,2021-01-12,Ohio,ohio,124,-16.7,https://www.teamrankings.com/college-football/ranking/schedule-strength-by-other?date=2021-01-12,0.023809523809523836,-2.0164137619082636
2020,2021,2021-01-12,Akron,akron,125,-17.9,https://www.teamrankings.com/college-football/ranking/schedule-strength-by-other?date=2021-01-12,0.015873015873015928,-2.1625737891685817
2020,2021,2021-01-12,Bowling Green,bowlinggreen,126,-18.0,https://www.teamrankings.com/college-football/ranking/schedule-strength-by-other?date=2021-01-12,0.007936507936507908,-2.174753791440275
2020,2021,2021-01-12,UTEP,utep,127,-20.2,https://www.teamrankings.com/college-football/ranking/schedule-strength-by-other?date=2021-01-12,0.0,-2.4427138414175253
2021,2022,2022-01-11,Georgia,georgia,1,15.7,https://www.teamrankings.com/college-football/ranking/schedule-strength-by-other?date=2022-01-11,1.0,2.2895017502663375
2021,2022,2022-01-11,Alabama,alabama,2,15.3,https://www.teamrankings.com/college-football/ranking/schedule-strength-by-other?date=2022-01-11,0.9922480620155039,2.236109476962073
2021,2022,2022-01-11,Michigan,michigan,3,12.4,https://www.teamrankings.com/college-football/ranking/schedule-strength-by-other?date=2022-01-11,0.9844961240310077,1.8490154955061535
2021,2022,2022-01-11,Ohio St,ohiost,4,11.2,https://www.teamrankings.com/college-football/ranking/schedule-strength-by-other?date=2022-01-11,0.9767441860465116,1.688838675593359
2021,2022,2022-01-11,Auburn,auburn,5,9.4,https://www.teamrankings.com/college-football/ranking/schedule-strength-by-other?date=2022-01-11,0.9689922480620154,1.448573445724168
2021,2022,2022-01-11,Nebraska,nebraska,6,9.3,https://www.teamrankings.com/college-football/ranking/schedule-strength-by-other?date=2022-01-11,0.9612403100775194,1.4352253773981019
2021,2022,2022-01-11,Oklahoma St,oklahomast,7,8.9,https://www.teamrankings.com/college-football/ranking/schedule-strength-by-other?date=2022-01-11,0.9534883720930233,1.381833104093837
2021,2022,2022-01-11,Arkansas,arkansas,8,8.8,https://www.teamrankings.com/college-football/ranking/schedule-strength-by-other?date=2022-01-11,0.9457364341085271,1.368485035767771
2021,2022,2022-01-11,Penn St,pennst,9,8.7,https://www.teamrankings.com/college-football/ranking/schedule-strength-by-other?date=2022-01-11,0.937984496124031,1.3551369674417044
2021,2022,2022-01-11,Wisconsin,wisconsin,10,8.6,https://www.teamrankings.com/college-football/ranking/schedule-strength-by-other?date=2022-01-11,0.9302325581395349,1.3417888991156384
2021,2022,2022-01-11,Clemson,clemson,11,8.1,https://www.teamrankings.com/college-football/ranking/schedule-strength-by-other?date=2022-01-11,0.9224806201550387,1.2750485574853074
2021,2022,2022-01-11,Mississippi,mississippi,12,8.0,https://www.teamrankings.com/college-football/ranking/schedule-strength-by-other?date=2022-01-11,0.9147286821705426,1.2617004891592412
2021,2022,2022-01-11,Purdue,purdue,13,8.0,https://www.teamrankings.com/college-football/ranking/schedule-strength-by-other?date=2022-01-11,0.9069767441860466,1.2617004891592412
2021,2022,2022-01-11,Iowa St,iowast,14,8.0,https://www.teamrankings.com/college-football/ranking/schedule-strength-by-other?date=2022-01-11,0.8992248062015504,1.2617004891592412
2021,2022,2022-01-11,Michigan St,michiganst,15,7.6,https://www.teamrankings.com/college-football/ranking/schedule-strength-by-other?date=2022-01-11,0.8914728682170543,1.2083082158549765
2021,2022,2022-01-11,Oklahoma,oklahoma,16,7.4,https://www.teamrankings.com/college-football/ranking/schedule-strength-by-other?date=2022-01-11,0.8837209302325582,1.1816120792028442
2021,2022,2022-01-11,Baylor,baylor,17,7.3,https://www.teamrankings.com/college-football/ranking/schedule-strength-by-other?date=2022-01-11,0.875968992248062,1.1682640108767777
2021,2022,2022-01-11,Texas,texas,18,7.2,https://www.teamrankings.com/college-football/ranking/schedule-strength-by-other?date=2022-01-11,0.8682170542635659,1.1549159425507116
2021,2022,2022-01-11,LSU,lsu,19,7.0,https://www.teamrankings.com/college-football/ranking/schedule-strength-by-other?date=2022-01-11,0.8604651162790697,1.1282198058985793
2021,2022,2022-01-11,Iowa,iowa,20,6.9,https://www.teamrankings.com/college-football/ranking/schedule-strength-by-other?date=2022-01-11,0.8527131782945736,1.1148717375725132
2021,2022,2022-01-11,Notre Dame,notredame,21,6.9,https://www.teamrankings.com/college-football/ranking/schedule-strength-by-other?date=2022-01-11,0.8449612403100775,1.1148717375725132
2021,2022,2022-01-11,Tennessee,tennessee,22,6.2,https://www.teamrankings.com/college-football/ranking/schedule-strength-by-other?date=2022-01-11,0.8372093023255813,1.0214352592900497
2021,2022,2022-01-11,Texas A&M,texasaandm,23,6.0,https://www.teamrankings.com/college-football/ranking/schedule-strength-by-other?date=2022-01-11,0.8294573643410853,0.9947391226379174
2021,2022,2022-01-11,Indiana,indiana,24,5.4,https://www.teamrankings.com/college-football/ranking/schedule-strength-by-other?date=2022-01-11,0.8217054263565892,0.9146507126815203
2021,2022,2022-01-11,Utah,utah,25,5.4,https://www.teamrankings.com/college-football/ranking/schedule-strength-by-other?date=2022-01-11,0.813953488372093,0.9146507126815203
2021,2022,2022-01-11,Mississippi St,mississippist,26,5.4,https://www.teamrankings.com/college-football/ranking/schedule-strength-by-other?date=2022-01-11,0.8062015503875969,0.9146507126815203
2021,2022,2022-01-11,West Virginia,westvirginia,27,5.3,https://www.teamrankings.com/college-football/ranking/schedule-strength-by-other?date=2022-01-11,0.7984496124031008,0.9013026443554539
2021,2022,2022-01-11,Minnesota,minnesota,28,5.1,https://www.teamrankings.com/college-football/ranking/schedule-strength-by-other?date=2022-01-11,0.7906976744186046,0.8746065077033216
2021,2022,2022-01-11,Cincinnati,cincinnati,29,5.1,https://www.teamrankings.com/college-football/ranking/schedule-strength-by-other?date=2022-01-11,0.7829457364341086,0.8746065077033216
2021,2022,2022-01-11,Oregon,oregon,30,5.0,https://www.teamrankings.com/college-football/ranking/schedule-strength-by-other?date=2022-01-11,0.7751937984496124,0.8612584393772555
2021,2022,2022-01-11,Kansas St,kansasst,31,5.0,https://www.teamrankings.com/college-football/ranking/schedule-strength-by-other?date=2022-01-11,0.7674418604651163,0.8612584393772555
2021,2022,2022-01-11,Miami,miami,32,4.6,https://www.teamrankings.com/college-football/ranking/schedule-strength-by-other?date=2022-01-11,0.7596899224806202,0.8078661660729907
2021,2022,2022-01-11,Florida,florida,33,4.3,https://www.teamrankings.com/college-football/ranking/schedule-strength-by-other?date=2022-01-11,0.751937984496124,0.7678219610947921
2021,2022,2022-01-11,Florida St,floridast,34,4.2,https://www.teamrankings.com/college-football/ranking/schedule-strength-by-other?date=2022-01-11,0.7441860465116279,0.7544738927687259
2021,2022,2022-01-11,NC State,ncstate,35,4.0,https://www.teamrankings.com/college-football/ranking/schedule-strength-by-other?date=2022-01-11,0.7364341085271318,0.7277777561165936
2021,2022,2022-01-11,Wake Forest,wakeforest,36,3.9,https://www.teamrankings.com/college-football/ranking/schedule-strength-by-other?date=2022-01-11,0.7286821705426356,0.7144296877905274
2021,2022,2022-01-11,Texas Tech,texastech,37,3.9,https://www.teamrankings.com/college-football/ranking/schedule-strength-by-other?date=2022-01-11,0.7209302325581395,0.7144296877905274
2021,2022,2022-01-11,Maryland,maryland,38,3.8,https://www.teamrankings.com/college-football/ranking/schedule-strength-by-other?date=2022-01-11,0.7131782945736433,0.7010816194644611
2021,2022,2022-01-11,Pittsburgh,pittsburgh,39,3.7,https://www.teamrankings.com/college-football/ranking/schedule-strength-by-other?date=2022-01-11,0.7054263565891472,0.687733551138395
2021,2022,2022-01-11,TCU,tcu,40,3.7,https://www.teamrankings.com/college-football/ranking/schedule-strength-by-other?date=2022-01-11,0.6976744186046512,0.687733551138395
2021,2022,2022-01-11,Illinois,illinois,41,3.6,https://www.teamrankings.com/college-football/ranking/schedule-strength-by-other?date=2022-01-11,0.689922480620155,0.6743854828123288
2021,2022,2022-01-11,Louisville,louisville,42,3.5,https://www.teamrankings.com/college-football/ranking/schedule-strength-by-other?date=2022-01-11,0.6821705426356589,0.6610374144862626
2021,2022,2022-01-11,Kentucky,kentucky,43,3.3,https://www.teamrankings.com/college-football/ranking/schedule-strength-by-other?date=2022-01-11,0.6744186046511628,0.6343412778341302
2021,2022,2022-01-11,South Carolina,southcarolina,44,3.2,https://www.teamrankings.com/college-football/ranking/schedule-strength-by-other?date=2022-01-11,0.6666666666666667,0.620993209508064
2021,2022,2022-01-11,Virginia,virginia,45,3.2,https://www.teamrankings.com/college-football/ranking/schedule-strength-by-other?date=2022-01-11,0.6589147286821706,0.620993209508064
2021,2022,2022-01-11,Stanford,stanford,46,3.0,https://www.teamrankings.com/college-football/ranking/schedule-strength-by-other?date=2022-01-11,0.6511627906976745,0.5942970728559317
2021,2022,2022-01-11,North Carolina,northcarolina,47,3.0,https://www.teamrankings.com/college-football/ranking/schedule-strength-by-other?date=2022-01-11,0.6434108527131783,0.5942970728559317
2021,2022,2022-01-11,UCLA,ucla,48,2.1,https://www.teamrankings.com/college-football/ranking/schedule-strength-by-other?date=2022-01-11,0.6356589147286822,0.47416445792133594
2021,2022,2022-01-11,Arizona St,arizonast,49,2.0,https://www.teamrankings.com/college-football/ranking/schedule-strength-by-other?date=2022-01-11,0.627906976744186,0.46081638959526977
2021,2022,2022-01-11,USC,usc,50,1.9,https://www.teamrankings.com/college-football/ranking/schedule-strength-by-other?date=2022-01-11,0.6201550387596899,0.44746832126920355
2021,2022,2022-01-11,Rutgers,rutgers,51,1.5,https://www.teamrankings.com/college-football/ranking/schedule-strength-by-other?date=2022-01-11,0.6124031007751938,0.3940760479649388
2021,2022,2022-01-11,Colorado,colorado,52,1.4,https://www.teamrankings.com/college-football/ranking/schedule-strength-by-other?date=2022-01-11,0.6046511627906976,0.3807279796388726
2021,2022,2022-01-11,Oregon St,oregonst,53,1.3,https://www.teamrankings.com/college-football/ranking/schedule-strength-by-other?date=2022-01-11,0.5968992248062015,0.36737991131280645
2021,2022,2022-01-11,BYU,byu,54,1.2,https://www.teamrankings.com/college-football/ranking/schedule-strength-by-other?date=2022-01-11,0.5891472868217054,0.3540318429867402
2021,2022,2022-01-11,Syracuse,syracuse,55,1.2,https://www.teamrankings.com/college-football/ranking/schedule-strength-by-other?date=2022-01-11,0.5813953488372092,0.3540318429867402
2021,2022,2022-01-11,Missouri,missouri,56,0.9,https://www.teamrankings.com/college-football/ranking/schedule-strength-by-other?date=2022-01-11,0.5736434108527132,0.3139876380085416
2021,2022,2022-01-11,Tulane,tulane,57,0.9,https://www.teamrankings.com/college-football/ranking/schedule-strength-by-other?date=2022-01-11,0.5658914728682171,0.3139876380085416
2021,2022,2022-01-11,Boise St,boisest,58,0.6,https://www.teamrankings.com/college-football/ranking/schedule-strength-by-other?date=2022-01-11,0.5581395348837209,0.27394343303034313
2021,2022,2022-01-11,Navy,navy,59,0.5,https://www.teamrankings.com/college-football/ranking/schedule-strength-by-other?date=2022-01-11,0.5503875968992248,0.2605953647042769
2021,2022,2022-01-11,Washington St,washingtonst,60,0.5,https://www.teamrankings.com/college-football/ranking/schedule-strength-by-other?date=2022-01-11,0.5426356589147288,0.2605953647042769
2021,2022,2022-01-11,Georgia Tech,georgiatech,61,0.4,https://www.teamrankings.com/college-football/ranking/schedule-strength-by-other?date=2022-01-11,0.5348837209302326,0.2472472963782107
2021,2022,2022-01-11,Virginia Tech,virginiatech,62,0.3,https://www.teamrankings.com/college-football/ranking/schedule-strength-by-other?date=2022-01-11,0.5271317829457365,0.23389922805214453
2021,2022,2022-01-11,Washington,washington,63,-0.3,https://www.teamrankings.com/college-football/ranking/schedule-strength-by-other?date=2022-01-11,0.5193798449612403,0.15381081809574737
2021,2022,2022-01-11,California,california,64,-0.6,https://www.teamrankings.com/college-football/ranking/schedule-strength-by-other?date=2022-01-11,0.5116279069767442,0.11376661311754882
2021,2022,2022-01-11,Arizona,arizona,65,-0.9,https://www.teamrankings.com/college-football/ranking/schedule-strength-by-other?date=2022-01-11,0.5038759689922481,0.07372240813935024
2021,2022,2022-01-11,Northwestern,northwestern,66,-1.0,https://www.teamrankings.com/college-football/ranking/schedule-strength-by-other?date=2022-01-11,0.49612403100775193,0.06037433981328406
2021,2022,2022-01-11,Houston,houston,67,-1.2,https://www.teamrankings.com/college-football/ranking/schedule-strength-by-other?date=2022-01-11,0.4883720930232558,0.03367820316115168
2021,2022,2022-01-11,E Carolina,ecarolina,68,-1.4,https://www.teamrankings.com/college-football/ranking/schedule-strength-by-other?date=2022-01-11,0.48062015503875966,0.006982066509019308
2021,2022,2022-01-11,SMU,smu,69,-1.4,https://www.teamrankings.com/college-football/ranking/schedule-strength-by-other?date=2022-01-11,0.4728682170542635,0.006982066509019308
2021,2022,2022-01-11,UCF,ucf,70,-1.4,https://www.teamrankings.com/college-football/ranking/schedule-strength-by-other?date=2022-01-11,0.4651162790697675,0.006982066509019308
2021,2022,2022-01-11,App State,appstate,71,-1.7,https://www.teamrankings.com/college-football/ranking/schedule-strength-by-other?date=2022-01-11,0.45736434108527135,-0.03306213846917927
2021,2022,2022-01-11,Boston College,bostoncollege,72,-1.7,https://www.teamrankings.com/college-football/ranking/schedule-strength-by-other?date=2022-01-11,0.4496124031007752,-0.03306213846917927
2021,2022,2022-01-11,Tulsa,tulsa,73,-2.0,https://www.teamrankings.com/college-football/ranking/schedule-strength-by-other?date=2022-01-11,0.4418604651162791,-0.07310634344737785
2021,2022,2022-01-11,Army,army,74,-2.0,https://www.teamrankings.com/college-football/ranking/schedule-strength-by-other?date=2022-01-11,0.43410852713178294,-0.07310634344737785
2021,2022,2022-01-11,S Florida,sflorida,75,-2.5,https://www.teamrankings.com/college-football/ranking/schedule-strength-by-other?date=2022-01-11,0.4263565891472868,-0.13984668507770878
2021,2022,2022-01-11,W Kentucky,wkentucky,76,-3.1,https://www.teamrankings.com/college-football/ranking/schedule-strength-by-other?date=2022-01-11,0.41860465116279066,-0.21993509503410594
2021,2022,2022-01-11,Kansas,kansas,77,-3.3,https://www.teamrankings.com/college-football/ranking/schedule-strength-by-other?date=2022-01-11,0.4108527131782945,-0.2466312316862383
2021,2022,2022-01-11,Nevada,nevada,78,-3.6,https://www.teamrankings.com/college-football/ranking/schedule-strength-by-other?date=2022-01-11,0.4031007751937985,-0.2866754366644369
2021,2022,2022-01-11,UAB,uab,79,-3.7,https://www.teamrankings.com/college-football/ranking/schedule-strength-by-other?date=2022-01-11,0.39534883720930236,-0.3000235049905031
2021,2022,2022-01-11,Memphis,memphis,80,-3.8,https://www.teamrankings.com/college-football/ranking/schedule-strength-by-other?date=2022-01-11,0.3875968992248062,-0.31337157331656923
2021,2022,2022-01-11,Air Force,airforce,81,-4.1,https://www.teamrankings.com/college-football/ranking/schedule-strength-by-other?date=2022-01-11,0.3798449612403101,-0.3534157782947678
2021,2022,2022-01-11,Louisiana,louisiana,82,-4.2,https://www.teamrankings.com/college-football/ranking/schedule-strength-by-other?date=2022-01-11,0.37209302325581395,-0.36676384662083406
2021,2022,2022-01-11,Liberty,liberty,83,-4.2,https://www.teamrankings.com/college-football/ranking/schedule-strength-by-other?date=2022-01-11,0.3643410852713178,-0.36676384662083406
2021,2022,2022-01-11,Fresno St,fresnost,84,-4.8,https://www.teamrankings.com/college-football/ranking/schedule-strength-by-other?date=2022-01-11,0.3565891472868217,-0.44685225657723115
2021,2022,2022-01-11,Marshall,marshall,85,-4.9,https://www.teamrankings.com/college-football/ranking/schedule-strength-by-other?date=2022-01-11,0.34883720930232553,-0.4602003249032974
2021,2022,2022-01-11,San Diego St,sandiegost,86,-5.4,https://www.teamrankings.com/college-football/ranking/schedule-strength-by-other?date=2022-01-11,0.3410852713178295,-0.5269406665336284
2021,2022,2022-01-11,Georgia St,georgiast,87,-5.4,https://www.teamrankings.com/college-football/ranking/schedule-strength-by-other?date=2022-01-11,0.33333333333333337,-0.5269406665336284
2021,2022,2022-01-11,W Michigan,wmichigan,88,-5.5,https://www.teamrankings.com/college-football/ranking/schedule-strength-by-other?date=2022-01-11,0.32558139534883723,-0.5402887348596944
2021,2022,2022-01-11,UTSA,utsa,89,-5.8,https://www.teamrankings.com/college-football/ranking/schedule-strength-by-other?date=2022-01-11,0.3178294573643411,-0.5803329398378931
2021,2022,2022-01-11,Utah St,utahst,90,-6.3,https://www.teamrankings.com/college-football/ranking/schedule-strength-by-other?date=2022-01-11,0.31007751937984496,-0.6470732814682241
2021,2022,2022-01-11,C Michigan,cmichigan,91,-6.5,https://www.teamrankings.com/college-football/ranking/schedule-strength-by-other?date=2022-01-11,0.3023255813953488,-0.6737694181203563
2021,2022,2022-01-11,Vanderbilt,vanderbilt,92,-6.7,https://www.teamrankings.com/college-football/ranking/schedule-strength-by-other?date=2022-01-11,0.2945736434108527,-0.7004655547724888
2021,2022,2022-01-11,Colorado St,coloradost,93,-7.1,https://www.teamrankings.com/college-football/ranking/schedule-strength-by-other?date=2022-01-11,0.28682170542635654,-0.7538578280767534
2021,2022,2022-01-11,Ball St,ballst,94,-7.2,https://www.teamrankings.com/college-football/ranking/schedule-strength-by-other?date=2022-01-11,0.2790697674418605,-0.7672058964028198
2021,2022,2022-01-11,Miami OH,miamioh,95,-7.5,https://www.teamrankings.com/college-football/ranking/schedule-strength-by-other?date=2022-01-11,0.2713178294573644,-0.8072501013810183
2021,2022,2022-01-11,N Illinois,nillinois,96,-7.5,https://www.teamrankings.com/college-football/ranking/schedule-strength-by-other?date=2022-01-11,0.26356589147286824,-0.8072501013810183
2021,2022,2022-01-11,Duke,duke,97,-8.0,https://www.teamrankings.com/college-football/ranking/schedule-strength-by-other?date=2022-01-11,0.2558139534883721,-0.8739904430113492
2021,2022,2022-01-11,UNLV,unlv,98,-8.1,https://www.teamrankings.com/college-football/ranking/schedule-strength-by-other?date=2022-01-11,0.24806201550387597,-0.8873385113374154
2021,2022,2022-01-11,Middle Tenn,middletenn,99,-8.5,https://www.teamrankings.com/college-football/ranking/schedule-strength-by-other?date=2022-01-11,0.24031007751937983,-0.9407307846416801
2021,2022,2022-01-11,Georgia So,georgiaso,100,-8.6,https://www.teamrankings.com/college-football/ranking/schedule-strength-by-other?date=2022-01-11,0.2325581395348837,-0.9540788529677463
2021,2022,2022-01-11,Florida Atlantic,floridaatlantic,101,-8.6,https://www.teamrankings.com/college-football/ranking/schedule-strength-by-other?date=2022-01-11,0.22480620155038755,-0.9540788529677463
2021,2022,2022-01-11,Troy,troy,102,-8.7,https://www.teamrankings.com/college-football/ranking/schedule-strength-by-other?date=2022-01-11,0.21705426356589153,-0.9674269212938124
2021,2022,2022-01-11,Toledo,toledo,103,-8.8,https://www.teamrankings.com/college-football/ranking/schedule-strength-by-other?date=2022-01-11,0.2093023255813954,-0.9807749896198787
2021,2022,2022-01-11,N Texas,ntexas,104,-8.9,https://www.teamrankings.com/college-football/ranking/schedule-strength-by-other?date=2022-01-11,0.20155038759689925,-0.9941230579459449
2021,2022,2022-01-11,Kent St,kentst,105,-9.0,https://www.teamrankings.com/college-football/ranking/schedule-strength-by-other?date=2022-01-11,0.1937984496124031,-1.007471126272011
2021,2022,2022-01-11,San Jose St,sanjosest,106,-9.3,https://www.teamrankings.com/college-football/ranking/schedule-strength-by-other?date=2022-01-11,0.18604651162790697,-1.0475153312502097
2021,2022,2022-01-11,Wyoming,wyoming,107,-9.3,https://www.teamrankings.com/college-football/ranking/schedule-strength-by-other?date=2022-01-11,0.17829457364341084,-1.0475153312502097
2021,2022,2022-01-11,Hawai'i,hawaii,108,-9.3,https://www.teamrankings.com/college-football/ranking/schedule-strength-by-other?date=2022-01-11,0.1705426356589147,-1.0475153312502097
2021,2022,2022-01-11,Old Dominion,olddominion,109,-9.4,https://www.teamrankings.com/college-football/ranking/schedule-strength-by-other?date=2022-01-11,0.16279069767441856,-1.060863399576276
2021,2022,2022-01-11,Louisiana Tech,louisianatech,110,-9.6,https://www.teamrankings.com/college-football/ranking/schedule-strength-by-other?date=2022-01-11,0.15503875968992253,-1.087559536228408
2021,2022,2022-01-11,E Michigan,emichigan,111,-9.6,https://www.teamrankings.com/college-football/ranking/schedule-strength-by-other?date=2022-01-11,0.1472868217054264,-1.087559536228408
2021,2022,2022-01-11,UL Monroe,ulmonroe,112,-9.8,https://www.teamrankings.com/college-football/ranking/schedule-strength-by-other?date=2022-01-11,0.13953488372093026,-1.1142556728805406
2021,2022,2022-01-11,Arkansas St,arkansasst,113,-10.2,https://www.teamrankings.com/college-football/ranking/schedule-strength-by-other?date=2022-01-11,0.13178294573643412,-1.1676479461848053
2021,2022,2022-01-11,Coastal Car,coastalcar,114,-10.2,https://www.teamrankings.com/college-football/ranking/schedule-strength-by-other?date=2022-01-11,0.12403100775193798,-1.1676479461848053
2021,2022,2022-01-11,Rice,rice,115,-10.3,https://www.teamrankings.com/college-football/ranking/schedule-strength-by-other?date=2022-01-11,0.11627906976744184,-1.1809960145108716
2021,2022,2022-01-11,Buffalo,buffalo,116,-10.8,https://www.teamrankings.com/college-football/ranking/schedule-strength-by-other?date=2022-01-11,0.10852713178294571,-1.2477363561412025
2021,2022,2022-01-11,Ohio,ohio,117,-10.9,https://www.teamrankings.com/college-football/ranking/schedule-strength-by-other?date=2022-01-11,0.10077519379844957,-1.2610844244672688
2021,2022,2022-01-11,S Alabama,salabama,118,-11.5,https://www.teamrankings.com/college-football/ranking/schedule-strength-by-other?date=2022-01-11,0.09302325581395354,-1.3411728344236657
2021,2022,2022-01-11,Temple,temple,119,-12.0,https://www.teamrankings.com/college-football/ranking/schedule-strength-by-other?date=2022-01-11,0.0852713178294574,-1.4079131760539967
2021,2022,2022-01-11,UTEP,utep,120,-12.3,https://www.teamrankings.com/college-football/ranking/schedule-strength-by-other?date=2022-01-11,0.07751937984496127,-1.4479573810321955
2021,2022,2022-01-11,New Mexico,newmexico,121,-12.6,https://www.teamrankings.com/college-football/ranking/schedule-strength-by-other?date=2022-01-11,0.06976744186046513,-1.488001586010394
2021,2022,2022-01-11,Bowling Green,bowlinggreen,122,-12.7,https://www.teamrankings.com/college-football/ranking/schedule-strength-by-other?date=2022-01-11,0.06201550387596899,-1.50134965433646
2021,2022,2022-01-11,Charlotte,charlotte,123,-12.9,https://www.teamrankings.com/college-football/ranking/schedule-strength-by-other?date=2022-01-11,0.054263565891472854,-1.5280457909885925
2021,2022,2022-01-11,Texas St,texasst,124,-13.2,https://www.teamrankings.com/college-football/ranking/schedule-strength-by-other?date=2022-01-11,0.046511627906976716,-1.5680899959667909
2021,2022,2022-01-11,Southern Miss,southernmiss,125,-13.4,https://www.teamrankings.com/college-football/ranking/schedule-strength-by-other?date=2022-01-11,0.03875968992248058,-1.5947861326189234
2021,2022,2022-01-11,Akron,akron,126,-15.9,https://www.teamrankings.com/college-football/ranking/schedule-strength-by-other?date=2022-01-11,0.03100775193798455,-1.928487840770578
2021,2022,2022-01-11,Florida Intl,floridaintl,127,-16.0,https://www.teamrankings.com/college-football/ranking/schedule-strength-by-other?date=2022-01-11,0.023255813953488413,-1.9418359090966444
2021,2022,2022-01-11,New Mexico St,newmexicost,128,-16.2,https://www.teamrankings.com/college-football/ranking/schedule-strength-by-other?date=2022-01-11,0.015503875968992276,-1.9685320457487767
2021,2022,2022-01-11,UConn,uconn,129,-16.6,https://www.teamrankings.com/college-football/ranking/schedule-strength-by-other?date=2022-01-11,0.007751937984496138,-2.0219243190530416
2021,2022,2022-01-11,UMass,umass,130,-19.1,https://www.teamrankings.com/college-football/ranking/schedule-strength-by-other?date=2022-01-11,0.0,-2.3556260272046967
2022,2023,2023-01-10,Georgia,georgia,1,15.6,https://www.teamrankings.com/college-football/ranking/schedule-strength-by-other?date=2023-01-10,1.0,2.087165423912059
2022,2023,2023-01-10,Alabama,alabama,2,14.8,https://www.teamrankings.com/college-football/ranking/schedule-strength-by-other?date=2023-01-10,0.9923076923076923,1.9823721807625436
2022,2023,2023-01-10,Ohio St,ohiost,3,14.7,https://www.teamrankings.com/college-football/ranking/schedule-strength-by-other?date=2023-01-10,0.9846153846153847,1.9692730253688542
2022,2023,2023-01-10,Tennessee,tennessee,4,14.3,https://www.teamrankings.com/college-football/ranking/schedule-strength-by-other?date=2023-01-10,0.9769230769230769,1.9168764037940964
2022,2023,2023-01-10,LSU,lsu,5,12.8,https://www.teamrankings.com/college-football/ranking/schedule-strength-by-other?date=2023-01-10,0.9692307692307692,1.7203890728887548
2022,2023,2023-01-10,TCU,tcu,6,12.3,https://www.teamrankings.com/college-football/ranking/schedule-strength-by-other?date=2023-01-10,0.9615384615384616,1.6548932959203078
2022,2023,2023-01-10,Kansas St,kansasst,7,12.0,https://www.teamrankings.com/college-football/ranking/schedule-strength-by-other?date=2023-01-10,0.9538461538461538,1.6155958297392392
2022,2023,2023-01-10,Texas,texas,8,11.8,https://www.teamrankings.com/college-football/ranking/schedule-strength-by-other?date=2023-01-10,0.9461538461538461,1.5893975189518605
2022,2023,2023-01-10,Michigan,michigan,9,10.8,https://www.teamrankings.com/college-football/ranking/schedule-strength-by-other?date=2023-01-10,0.9384615384615385,1.458405965014966
2022,2023,2023-01-10,Penn St,pennst,10,10.7,https://www.teamrankings.com/college-football/ranking/schedule-strength-by-other?date=2023-01-10,0.9307692307692308,1.4453068096212764
2022,2023,2023-01-10,Mississippi St,mississippist,11,10.3,https://www.teamrankings.com/college-football/ranking/schedule-strength-by-other?date=2023-01-10,0.9230769230769231,1.392910188046519
2022,2023,2023-01-10,Texas Tech,texastech,12,9.3,https://www.teamrankings.com/college-football/ranking/schedule-strength-by-other?date=2023-01-10,0.9153846153846154,1.2619186341096245
2022,2023,2023-01-10,Oklahoma,oklahoma,13,8.9,https://www.teamrankings.com/college-football/ranking/schedule-strength-by-other?date=2023-01-10,0.9076923076923077,1.2095220125348665
2022,2023,2023-01-10,Florida,florida,14,8.9,https://www.teamrankings.com/college-football/ranking/schedule-strength-by-other?date=2023-01-10,0.9,1.2095220125348665
2022,2023,2023-01-10,Auburn,auburn,15,8.5,https://www.teamrankings.com/college-football/ranking/schedule-strength-by-other?date=2023-01-10,0.8923076923076922,1.1571253909601087
2022,2023,2023-01-10,Kansas,kansas,16,8.3,https://www.teamrankings.com/college-football/ranking/schedule-strength-by-other?date=2023-01-10,0.8846153846153846,1.13092708017273
2022,2023,2023-01-10,Utah,utah,17,8.3,https://www.teamrankings.com/college-football/ranking/schedule-strength-by-other?date=2023-01-10,0.8769230769230769,1.13092708017273
2022,2023,2023-01-10,Iowa St,iowast,18,8.0,https://www.teamrankings.com/college-football/ranking/schedule-strength-by-other?date=2023-01-10,0.8692307692307693,1.0916296139916615
2022,2023,2023-01-10,Baylor,baylor,19,7.9,https://www.teamrankings.com/college-football/ranking/schedule-strength-by-other?date=2023-01-10,0.8615384615384616,1.078530458597972
2022,2023,2023-01-10,West Virginia,westvirginia,20,7.8,https://www.teamrankings.com/college-football/ranking/schedule-strength-by-other?date=2023-01-10,0.8538461538461538,1.0654313032042826
2022,2023,2023-01-10,Clemson,clemson,21,7.6,https://www.teamrankings.com/college-football/ranking/schedule-strength-by-other?date=2023-01-10,0.8461538461538461,1.0392329924169035
2022,2023,2023-01-10,Oklahoma St,oklahomast,22,7.5,https://www.teamrankings.com/college-football/ranking/schedule-strength-by-other?date=2023-01-10,0.8384615384615385,1.0261338370232143
2022,2023,2023-01-10,Arkansas,arkansas,23,7.4,https://www.teamrankings.com/college-football/ranking/schedule-strength-by-other?date=2023-01-10,0.8307692307692307,1.0130346816295248
2022,2023,2023-01-10,Florida St,floridast,24,7.3,https://www.teamrankings.com/college-football/ranking/schedule-strength-by-other?date=2023-01-10,0.823076923076923,0.9999355262358353
2022,2023,2023-01-10,Mississippi,mississippi,25,7.2,https://www.teamrankings.com/college-football/ranking/schedule-strength-by-other?date=2023-01-10,0.8153846153846154,0.9868363708421458
2022,2023,2023-01-10,Michigan St,michiganst,26,7.1,https://www.teamrankings.com/college-football/ranking/schedule-strength-by-other?date=2023-01-10,0.8076923076923077,0.9737372154484564
2022,2023,2023-01-10,Oregon,oregon,27,7.0,https://www.teamrankings.com/college-football/ranking/schedule-strength-by-other?date=2023-01-10,0.8,0.9606380600547669
2022,2023,2023-01-10,South Carolina,southcarolina,28,6.9,https://www.teamrankings.com/college-football/ranking/schedule-strength-by-other?date=2023-01-10,0.7923076923076923,0.9475389046610776
2022,2023,2023-01-10,Texas A&M,texasaandm,29,6.6,https://www.teamrankings.com/college-football/ranking/schedule-strength-by-other?date=2023-01-10,0.7846153846153846,0.9082414384800092
2022,2023,2023-01-10,Louisville,louisville,30,6.6,https://www.teamrankings.com/college-football/ranking/schedule-strength-by-other?date=2023-01-10,0.7769230769230769,0.9082414384800092
2022,2023,2023-01-10,USC,usc,31,6.6,https://www.teamrankings.com/college-football/ranking/schedule-strength-by-other?date=2023-01-10,0.7692307692307692,0.9082414384800092
2022,2023,2023-01-10,Kentucky,kentucky,32,6.3,https://www.teamrankings.com/college-football/ranking/schedule-strength-by-other?date=2023-01-10,0.7615384615384615,0.8689439722989408
2022,2023,2023-01-10,Notre Dame,notredame,33,6.3,https://www.teamrankings.com/college-football/ranking/schedule-strength-by-other?date=2023-01-10,0.7538461538461538,0.8689439722989408
2022,2023,2023-01-10,Purdue,purdue,34,6.2,https://www.teamrankings.com/college-football/ranking/schedule-strength-by-other?date=2023-01-10,0.7461538461538462,0.8558448169052515
2022,2023,2023-01-10,Iowa,iowa,35,5.9,https://www.teamrankings.com/college-football/ranking/schedule-strength-by-other?date=2023-01-10,0.7384615384615385,0.8165473507241832
2022,2023,2023-01-10,Maryland,maryland,36,5.6,https://www.teamrankings.com/college-football/ranking/schedule-strength-by-other?date=2023-01-10,0.7307692307692308,0.7772498845431147
2022,2023,2023-01-10,Wisconsin,wisconsin,37,5.5,https://www.teamrankings.com/college-football/ranking/schedule-strength-by-other?date=2023-01-10,0.7230769230769231,0.7641507291494253
2022,2023,2023-01-10,Oregon St,oregonst,38,5.5,https://www.teamrankings.com/college-football/ranking/schedule-strength-by-other?date=2023-01-10,0.7153846153846154,0.7641507291494253
2022,2023,2023-01-10,Illinois,illinois,39,5.0,https://www.teamrankings.com/college-football/ranking/schedule-strength-by-other?date=2023-01-10,0.7076923076923076,0.6986549521809781
2022,2023,2023-01-10,Syracuse,syracuse,40,4.9,https://www.teamrankings.com/college-football/ranking/schedule-strength-by-other?date=2023-01-10,0.7,0.6855557967872887
2022,2023,2023-01-10,NC State,ncstate,41,4.8,https://www.teamrankings.com/college-football/ranking/schedule-strength-by-other?date=2023-01-10,0.6923076923076923,0.6724566413935992
2022,2023,2023-01-10,Missouri,missouri,42,4.6,https://www.teamrankings.com/college-football/ranking/schedule-strength-by-other?date=2023-01-10,0.6846153846153846,0.6462583306062203
2022,2023,2023-01-10,Minnesota,minnesota,43,4.3,https://www.teamrankings.com/college-football/ranking/schedule-strength-by-other?date=2023-01-10,0.676923076923077,0.606960864425152
2022,2023,2023-01-10,Washington,washington,44,4.2,https://www.teamrankings.com/college-football/ranking/schedule-strength-by-other?date=2023-01-10,0.6692307692307693,0.5938617090314626
2022,2023,2023-01-10,Indiana,indiana,45,4.0,https://www.teamrankings.com/college-football/ranking/schedule-strength-by-other?date=2023-01-10,0.6615384615384615,0.5676633982440836
2022,2023,2023-01-10,Wake Forest,wakeforest,46,4.0,https://www.teamrankings.com/college-football/ranking/schedule-strength-by-other?date=2023-01-10,0.6538461538461539,0.5676633982440836
2022,2023,2023-01-10,Stanford,stanford,47,3.7,https://www.teamrankings.com/college-football/ranking/schedule-strength-by-other?date=2023-01-10,0.6461538461538461,0.5283659320630154
2022,2023,2023-01-10,Washington St,washingtonst,48,3.7,https://www.teamrankings.com/college-football/ranking/schedule-strength-by-other?date=2023-01-10,0.6384615384615384,0.5283659320630154
2022,2023,2023-01-10,North Carolina,northcarolina,49,3.6,https://www.teamrankings.com/college-football/ranking/schedule-strength-by-other?date=2023-01-10,0.6307692307692307,0.515266776669326
2022,2023,2023-01-10,Colorado,colorado,50,3.3,https://www.teamrankings.com/college-football/ranking/schedule-strength-by-other?date=2023-01-10,0.6230769230769231,0.4759693104882576
2022,2023,2023-01-10,Tulane,tulane,51,3.3,https://www.teamrankings.com/college-football/ranking/schedule-strength-by-other?date=2023-01-10,0.6153846153846154,0.4759693104882576
2022,2023,2023-01-10,Pittsburgh,pittsburgh,52,3.0,https://www.teamrankings.com/college-football/ranking/schedule-strength-by-other?date=2023-01-10,0.6076923076923078,0.4366718443071893
2022,2023,2023-01-10,Northwestern,northwestern,53,2.6,https://www.teamrankings.com/college-football/ranking/schedule-strength-by-other?date=2023-01-10,0.6,0.38427522273243153
2022,2023,2023-01-10,UCLA,ucla,54,2.6,https://www.teamrankings.com/college-football/ranking/schedule-strength-by-other?date=2023-01-10,0.5923076923076923,0.38427522273243153
2022,2023,2023-01-10,Georgia Tech,georgiatech,55,2.4,https://www.teamrankings.com/college-football/ranking/schedule-strength-by-other?date=2023-01-10,0.5846153846153845,0.35807691194505264
2022,2023,2023-01-10,SMU,smu,56,2.3,https://www.teamrankings.com/college-football/ranking/schedule-strength-by-other?date=2023-01-10,0.5769230769230769,0.34497775655136315
2022,2023,2023-01-10,Nebraska,nebraska,57,2.0,https://www.teamrankings.com/college-football/ranking/schedule-strength-by-other?date=2023-01-10,0.5692307692307692,0.30568029037029487
2022,2023,2023-01-10,UCF,ucf,58,1.9,https://www.teamrankings.com/college-football/ranking/schedule-strength-by-other?date=2023-01-10,0.5615384615384615,0.29258113497660543
2022,2023,2023-01-10,Vanderbilt,vanderbilt,59,1.3,https://www.teamrankings.com/college-football/ranking/schedule-strength-by-other?date=2023-01-10,0.5538461538461539,0.21398620261446874
2022,2023,2023-01-10,Arizona,arizona,60,1.3,https://www.teamrankings.com/college-football/ranking/schedule-strength-by-other?date=2023-01-10,0.5461538461538462,0.21398620261446874
2022,2023,2023-01-10,Arizona St,arizonast,61,0.8,https://www.teamrankings.com/college-football/ranking/schedule-strength-by-other?date=2023-01-10,0.5384615384615384,0.14849042564602152
2022,2023,2023-01-10,Houston,houston,62,0.7,https://www.teamrankings.com/college-football/ranking/schedule-strength-by-other?date=2023-01-10,0.5307692307692308,0.13539127025233208
2022,2023,2023-01-10,Cincinnati,cincinnati,63,0.5,https://www.teamrankings.com/college-football/ranking/schedule-strength-by-other?date=2023-01-10,0.523076923076923,0.10919295946495321
2022,2023,2023-01-10,Navy,navy,64,0.4,https://www.teamrankings.com/college-football/ranking/schedule-strength-by-other?date=2023-01-10,0.5153846153846153,0.09609380407126376
2022,2023,2023-01-10,BYU,byu,65,0.4,https://www.teamrankings.com/college-football/ranking/schedule-strength-by-other?date=2023-01-10,0.5076923076923077,0.09609380407126376
2022,2023,2023-01-10,California,california,66,0.4,https://www.teamrankings.com/college-football/ranking/schedule-strength-by-other?date=2023-01-10,0.5,0.09609380407126376
2022,2023,2023-01-10,Rutgers,rutgers,67,0.4,https://www.teamrankings.com/college-football/ranking/schedule-strength-by-other?date=2023-01-10,0.49230769230769234,0.09609380407126376
2022,2023,2023-01-10,Miami,miami,68,-0.1,https://www.teamrankings.com/college-football/ranking/schedule-strength-by-other?date=2023-01-10,0.48461538461538467,0.030598027102816547
2022,2023,2023-01-10,Virginia,virginia,69,-0.3,https://www.teamrankings.com/college-football/ranking/schedule-strength-by-other?date=2023-01-10,0.4769230769230769,0.0043997163154376635
2022,2023,2023-01-10,Memphis,memphis,70,-0.4,https://www.teamrankings.com/college-football/ranking/schedule-strength-by-other?date=2023-01-10,0.46923076923076923,-0.008699439078251783
2022,2023,2023-01-10,E Carolina,ecarolina,71,-0.6,https://www.teamrankings.com/college-football/ranking/schedule-strength-by-other?date=2023-01-10,0.46153846153846156,-0.03489774986563066
2022,2023,2023-01-10,Boston College,bostoncollege,72,-0.7,https://www.teamrankings.com/college-football/ranking/schedule-strength-by-other?date=2023-01-10,0.4538461538461539,-0.047996905259320106
2022,2023,2023-01-10,Duke,duke,73,-0.7,https://www.teamrankings.com/college-football/ranking/schedule-strength-by-other?date=2023-01-10,0.4461538461538461,-0.047996905259320106
2022,2023,2023-01-10,S Florida,sflorida,74,-1.2,https://www.teamrankings.com/college-football/ranking/schedule-strength-by-other?date=2023-01-10,0.43846153846153846,-0.11349268222776732
2022,2023,2023-01-10,Virginia Tech,virginiatech,75,-2.4,https://www.teamrankings.com/college-football/ranking/schedule-strength-by-other?date=2023-01-10,0.4307692307692308,-0.27068254695204064
2022,2023,2023-01-10,Troy,troy,76,-3.1,https://www.teamrankings.com/college-football/ranking/schedule-strength-by-other?date=2023-01-10,0.42307692307692313,-0.36237663470786674
2022,2023,2023-01-10,Tulsa,tulsa,77,-3.1,https://www.teamrankings.com/college-football/ranking/schedule-strength-by-other?date=2023-01-10,0.41538461538461535,-0.36237663470786674
2022,2023,2023-01-10,App State,appstate,78,-3.5,https://www.teamrankings.com/college-football/ranking/schedule-strength-by-other?date=2023-01-10,0.4076923076923077,-0.4147732562826245
2022,2023,2023-01-10,Fresno St,fresnost,79,-3.5,https://www.teamrankings.com/college-football/ranking/schedule-strength-by-other?date=2023-01-10,0.4,-0.4147732562826245
2022,2023,2023-01-10,Georgia St,georgiast,80,-3.7,https://www.teamrankings.com/college-football/ranking/schedule-strength-by-other?date=2023-01-10,0.39230769230769236,-0.4409715670700034
2022,2023,2023-01-10,Old Dominion,olddominion,81,-3.7,https://www.teamrankings.com/college-football/ranking/schedule-strength-by-other?date=2023-01-10,0.3846153846153846,-0.4409715670700034
2022,2023,2023-01-10,UTSA,utsa,82,-3.9,https://www.teamrankings.com/college-football/ranking/schedule-strength-by-other?date=2023-01-10,0.3769230769230769,-0.4671698778573823
2022,2023,2023-01-10,J Madison,jmadison,83,-3.9,https://www.teamrankings.com/college-football/ranking/schedule-strength-by-other?date=2023-01-10,0.36923076923076925,-0.4671698778573823
2022,2023,2023-01-10,Marshall,marshall,84,-4.2,https://www.teamrankings.com/college-football/ranking/schedule-strength-by-other?date=2023-01-10,0.3615384615384616,-0.5064673440384506
2022,2023,2023-01-10,Georgia So,georgiaso,85,-4.5,https://www.teamrankings.com/college-football/ranking/schedule-strength-by-other?date=2023-01-10,0.3538461538461538,-0.545764810219519
2022,2023,2023-01-10,Boise St,boisest,86,-4.8,https://www.teamrankings.com/college-football/ranking/schedule-strength-by-other?date=2023-01-10,0.34615384615384615,-0.5850622764005873
2022,2023,2023-01-10,Coastal Car,coastalcar,87,-5.1,https://www.teamrankings.com/college-football/ranking/schedule-strength-by-other?date=2023-01-10,0.3384615384615385,-0.6243597425816556
2022,2023,2023-01-10,W Kentucky,wkentucky,88,-5.2,https://www.teamrankings.com/college-football/ranking/schedule-strength-by-other?date=2023-01-10,0.3307692307692308,-0.6374588979753452
2022,2023,2023-01-10,Louisiana,louisiana,89,-5.6,https://www.teamrankings.com/college-football/ranking/schedule-strength-by-other?date=2023-01-10,0.32307692307692304,-0.6898555195501028
2022,2023,2023-01-10,N Texas,ntexas,90,-5.7,https://www.teamrankings.com/college-football/ranking/schedule-strength-by-other?date=2023-01-10,0.3153846153846154,-0.7029546749437924
2022,2023,2023-01-10,UAB,uab,91,-5.8,https://www.teamrankings.com/college-football/ranking/schedule-strength-by-other?date=2023-01-10,0.3076923076923077,-0.7160538303374817
2022,2023,2023-01-10,Kent St,kentst,92,-6.1,https://www.teamrankings.com/college-football/ranking/schedule-strength-by-other?date=2023-01-10,0.30000000000000004,-0.75535129651855
2022,2023,2023-01-10,S Alabama,salabama,93,-6.3,https://www.teamrankings.com/college-football/ranking/schedule-strength-by-other?date=2023-01-10,0.29230769230769227,-0.7815496073059289
2022,2023,2023-01-10,Temple,temple,94,-6.5,https://www.teamrankings.com/college-football/ranking/schedule-strength-by-other?date=2023-01-10,0.2846153846153846,-0.8077479180933078
2022,2023,2023-01-10,Army,army,95,-6.8,https://www.teamrankings.com/college-football/ranking/schedule-strength-by-other?date=2023-01-10,0.27692307692307694,-0.8470453842743761
2022,2023,2023-01-10,Liberty,liberty,96,-6.9,https://www.teamrankings.com/college-football/ranking/schedule-strength-by-other?date=2023-01-10,0.2692307692307693,-0.8601445396680657
2022,2023,2023-01-10,Southern Miss,southernmiss,97,-7.0,https://www.teamrankings.com/college-football/ranking/schedule-strength-by-other?date=2023-01-10,0.2615384615384615,-0.873243695061755
2022,2023,2023-01-10,UL Monroe,ulmonroe,98,-7.1,https://www.teamrankings.com/college-football/ranking/schedule-strength-by-other?date=2023-01-10,0.25384615384615383,-0.8863428504554445
2022,2023,2023-01-10,Air Force,airforce,99,-7.2,https://www.teamrankings.com/college-football/ranking/schedule-strength-by-other?date=2023-01-10,0.24615384615384617,-0.8994420058491339
2022,2023,2023-01-10,San Diego St,sandiegost,100,-7.6,https://www.teamrankings.com/college-football/ranking/schedule-strength-by-other?date=2023-01-10,0.2384615384615385,-0.9518386274238917
2022,2023,2023-01-10,Ohio,ohio,101,-7.9,https://www.teamrankings.com/college-football/ranking/schedule-strength-by-other?date=2023-01-10,0.23076923076923073,-0.9911360936049601
2022,2023,2023-01-10,Florida Atlantic,floridaatlantic,102,-7.9,https://www.teamrankings.com/college-football/ranking/schedule-strength-by-other?date=2023-01-10,0.22307692307692306,-0.9911360936049601
2022,2023,2023-01-10,Wyoming,wyoming,103,-8.2,https://www.teamrankings.com/college-football/ranking/schedule-strength-by-other?date=2023-01-10,0.2153846153846154,-1.0304335597860284
2022,2023,2023-01-10,Arkansas St,arkansasst,104,-8.4,https://www.teamrankings.com/college-football/ranking/schedule-strength-by-other?date=2023-01-10,0.20769230769230773,-1.0566318705734072
2022,2023,2023-01-10,Toledo,toledo,105,-8.4,https://www.teamrankings.com/college-football/ranking/schedule-strength-by-other?date=2023-01-10,0.19999999999999996,-1.0566318705734072
2022,2023,2023-01-10,Rice,rice,106,-8.7,https://www.teamrankings.com/college-football/ranking/schedule-strength-by-other?date=2023-01-10,0.1923076923076923,-1.0959293367544753
2022,2023,2023-01-10,Miami OH,miamioh,107,-8.7,https://www.teamrankings.com/college-football/ranking/schedule-strength-by-other?date=2023-01-10,0.18461538461538463,-1.0959293367544753
2022,2023,2023-01-10,W Michigan,wmichigan,108,-9.0,https://www.teamrankings.com/college-football/ranking/schedule-strength-by-other?date=2023-01-10,0.17692307692307696,-1.135226802935544
2022,2023,2023-01-10,Bowling Green,bowlinggreen,109,-9.0,https://www.teamrankings.com/college-football/ranking/schedule-strength-by-other?date=2023-01-10,0.16923076923076918,-1.135226802935544
2022,2023,2023-01-10,C Michigan,cmichigan,110,-9.0,https://www.teamrankings.com/college-football/ranking/schedule-strength-by-other?date=2023-01-10,0.16153846153846152,-1.135226802935544
2022,2023,2023-01-10,Buffalo,buffalo,111,-9.2,https://www.teamrankings.com/college-football/ranking/schedule-strength-by-other?date=2023-01-10,0.15384615384615385,-1.1614251137229226
2022,2023,2023-01-10,Middle Tenn,middletenn,112,-9.2,https://www.teamrankings.com/college-football/ranking/schedule-strength-by-other?date=2023-01-10,0.1461538461538462,-1.1614251137229226
2022,2023,2023-01-10,Utah St,utahst,113,-9.3,https://www.teamrankings.com/college-football/ranking/schedule-strength-by-other?date=2023-01-10,0.1384615384615384,-1.1745242691166122
2022,2023,2023-01-10,Ball St,ballst,114,-9.6,https://www.teamrankings.com/college-football/ranking/schedule-strength-by-other?date=2023-01-10,0.13076923076923075,-1.2138217352976803
2022,2023,2023-01-10,UConn,uconn,115,-9.7,https://www.teamrankings.com/college-football/ranking/schedule-strength-by-other?date=2023-01-10,0.12307692307692308,-1.2269208906913698
2022,2023,2023-01-10,N Illinois,nillinois,116,-9.7,https://www.teamrankings.com/college-football/ranking/schedule-strength-by-other?date=2023-01-10,0.11538461538461542,-1.2269208906913698
2022,2023,2023-01-10,UNLV,unlv,117,-9.7,https://www.teamrankings.com/college-football/ranking/schedule-strength-by-other?date=2023-01-10,0.10769230769230764,-1.2269208906913698
2022,2023,2023-01-10,Texas St,texasst,118,-9.8,https://www.teamrankings.com/college-football/ranking/schedule-strength-by-other?date=2023-01-10,0.09999999999999998,-1.2400200460850594
2022,2023,2023-01-10,Akron,akron,119,-9.9,https://www.teamrankings.com/college-football/ranking/schedule-strength-by-other?date=2023-01-10,0.09230769230769231,-1.253119201478749
2022,2023,2023-01-10,E Michigan,emichigan,120,-10.5,https://www.teamrankings.com/college-football/ranking/schedule-strength-by-other?date=2023-01-10,0.08461538461538465,-1.3317141338408855
2022,2023,2023-01-10,San Jose St,sanjosest,121,-10.7,https://www.teamrankings.com/college-football/ranking/schedule-strength-by-other?date=2023-01-10,0.07692307692307687,-1.3579124446282642
2022,2023,2023-01-10,Nevada,nevada,122,-11.2,https://www.teamrankings.com/college-football/ranking/schedule-strength-by-other?date=2023-01-10,0.0692307692307692,-1.4234082215967114
2022,2023,2023-01-10,UTEP,utep,123,-11.2,https://www.teamrankings.com/college-football/ranking/schedule-strength-by-other?date=2023-01-10,0.06153846153846154,-1.4234082215967114
2022,2023,2023-01-10,Louisiana Tech,louisianatech,124,-11.3,https://www.teamrankings.com/college-football/ranking/schedule-strength-by-other?date=2023-01-10,0.05384615384615388,-1.436507376990401
2022,2023,2023-01-10,Colorado St,coloradost,125,-11.6,https://www.teamrankings.com/college-football/ranking/schedule-strength-by-other?date=2023-01-10,0.0461538461538461,-1.4758048431714692
2022,2023,2023-01-10,New Mexico,newmexico,126,-11.8,https://www.teamrankings.com/college-football/ranking/schedule-strength-by-other?date=2023-01-10,0.038461538461538436,-1.5020031539588483
2022,2023,2023-01-10,Charlotte,charlotte,127,-11.8,https://www.teamrankings.com/college-football/ranking/schedule-strength-by-other?date=2023-01-10,0.03076923076923077,-1.5020031539588483
2022,2023,2023-01-10,Hawai'i,hawaii,128,-12.6,https://www.teamrankings.com/college-football/ranking/schedule-strength-by-other?date=2023-01-10,0.023076923076923106,-1.6067963971083636
2022,2023,2023-01-10,UMass,umass,129,-12.7,https://www.teamrankings.com/college-football/ranking/schedule-strength-by-other?date=2023-01-10,0.01538461538461533,-1.619895552502053
2022,2023,2023-01-10,Florida Intl,floridaintl,130,-15.2,https://www.teamrankings.com/college-football/ranking/schedule-strength-by-other?date=2023-01-10,0.007692307692307665,-1.9473744373442892
2022,2023,2023-01-10,New Mexico St,newmexicost,131,-16.1,https://www.teamrankings.com/college-football/ranking/schedule-strength-by-other?date=2023-01-10,0.0,-2.0652668358874946
2023,2024,2024-01-09,Alabama,alabama,1,15.2,https://www.teamrankings.com/college-football/ranking/schedule-strength-by-other?date=2024-01-09,1.0,2.1614908009444735
2023,2024,2024-01-09,Ohio St,ohiost,2,13.5,https://www.teamrankings.com/college-football/ranking/schedule-strength-by-other?date=2024-01-09,0.9924242424242424,1.927667983809626
2023,2024,2024-01-09,Michigan,michigan,3,13.4,https://www.teamrankings.com/college-football/ranking/schedule-strength-by-other?date=2024-01-09,0.9848484848484849,1.9139137004487525
2023,2024,2024-01-09,Georgia,georgia,4,12.7,https://www.teamrankings.com/college-football/ranking/schedule-strength-by-other?date=2024-01-09,0.9772727272727273,1.8176337169226386
2023,2024,2024-01-09,Washington,washington,5,12.5,https://www.teamrankings.com/college-football/ranking/schedule-strength-by-other?date=2024-01-09,0.9696969696969697,1.790125150200892
2023,2024,2024-01-09,Texas,texas,6,11.7,https://www.teamrankings.com/college-football/ranking/schedule-strength-by-other?date=2024-01-09,0.9621212121212122,1.6800908833139045
2023,2024,2024-01-09,LSU,lsu,7,11.7,https://www.teamrankings.com/college-football/ranking/schedule-strength-by-other?date=2024-01-09,0.9545454545454546,1.6800908833139045
2023,2024,2024-01-09,Missouri,missouri,8,11.4,https://www.teamrankings.com/college-football/ranking/schedule-strength-by-other?date=2024-01-09,0.946969696969697,1.6388280332312846
2023,2024,2024-01-09,Penn St,pennst,9,11.3,https://www.teamrankings.com/college-football/ranking/schedule-strength-by-other?date=2024-01-09,0.9393939393939394,1.625073749870411
2023,2024,2024-01-09,Mississippi,mississippi,10,11.3,https://www.teamrankings.com/college-football/ranking/schedule-strength-by-other?date=2024-01-09,0.9318181818181819,1.625073749870411
2023,2024,2024-01-09,Notre Dame,notredame,11,9.7,https://www.teamrankings.com/college-football/ranking/schedule-strength-by-other?date=2024-01-09,0.9242424242424242,1.4050052160964364
2023,2024,2024-01-09,Oregon,oregon,12,9.5,https://www.teamrankings.com/college-football/ranking/schedule-strength-by-other?date=2024-01-09,0.9166666666666666,1.3774966493746896
2023,2024,2024-01-09,Tennessee,tennessee,13,9.5,https://www.teamrankings.com/college-football/ranking/schedule-strength-by-other?date=2024-01-09,0.9090909090909091,1.3774966493746896
2023,2024,2024-01-09,Kansas St,kansasst,14,9.2,https://www.teamrankings.com/college-football/ranking/schedule-strength-by-other?date=2024-01-09,0.9015151515151515,1.3362337992920694
2023,2024,2024-01-09,Florida St,floridast,15,9.2,https://www.teamrankings.com/college-football/ranking/schedule-strength-by-other?date=2024-01-09,0.8939393939393939,1.3362337992920694
2023,2024,2024-01-09,Texas A&M,texasaandm,16,9.0,https://www.teamrankings.com/college-football/ranking/schedule-strength-by-other?date=2024-01-09,0.8863636363636364,1.3087252325703227
2023,2024,2024-01-09,Oklahoma,oklahoma,17,8.5,https://www.teamrankings.com/college-football/ranking/schedule-strength-by-other?date=2024-01-09,0.8787878787878788,1.2399538157659558
2023,2024,2024-01-09,USC,usc,18,8.4,https://www.teamrankings.com/college-football/ranking/schedule-strength-by-other?date=2024-01-09,0.8712121212121212,1.2261995324050823
2023,2024,2024-01-09,Florida,florida,19,8.3,https://www.teamrankings.com/college-football/ranking/schedule-strength-by-other?date=2024-01-09,0.8636363636363636,1.212445249044209
2023,2024,2024-01-09,Oregon St,oregonst,20,7.8,https://www.teamrankings.com/college-football/ranking/schedule-strength-by-other?date=2024-01-09,0.8560606060606061,1.1436738322398419
2023,2024,2024-01-09,Clemson,clemson,21,7.3,https://www.teamrankings.com/college-football/ranking/schedule-strength-by-other?date=2024-01-09,0.8484848484848485,1.074902415435475
2023,2024,2024-01-09,Auburn,auburn,22,6.9,https://www.teamrankings.com/college-football/ranking/schedule-strength-by-other?date=2024-01-09,0.8409090909090909,1.0198852819919813
2023,2024,2024-01-09,South Carolina,southcarolina,23,6.9,https://www.teamrankings.com/college-football/ranking/schedule-strength-by-other?date=2024-01-09,0.8333333333333334,1.0198852819919813
2023,2024,2024-01-09,Kentucky,kentucky,24,6.8,https://www.teamrankings.com/college-football/ranking/schedule-strength-by-other?date=2024-01-09,0.8257575757575757,1.0061309986311078
2023,2024,2024-01-09,Utah,utah,25,6.7,https://www.teamrankings.com/college-football/ranking/schedule-strength-by-other?date=2024-01-09,0.8181818181818181,0.9923767152702344
2023,2024,2024-01-09,TCU,tcu,26,6.7,https://www.teamrankings.com/college-football/ranking/schedule-strength-by-other?date=2024-01-09,0.8106060606060606,0.9923767152702344
2023,2024,2024-01-09,Arizona,arizona,27,6.2,https://www.teamrankings.com/college-football/ranking/schedule-strength-by-other?date=2024-01-09,0.803030303030303,0.9236052984658675
2023,2024,2024-01-09,Louisville,louisville,28,6.2,https://www.teamrankings.com/college-football/ranking/schedule-strength-by-other?date=2024-01-09,0.7954545454545454,0.9236052984658675
2023,2024,2024-01-09,Texas Tech,texastech,29,6.2,https://www.teamrankings.com/college-football/ranking/schedule-strength-by-other?date=2024-01-09,0.7878787878787878,0.9236052984658675
2023,2024,2024-01-09,Iowa St,iowast,30,5.9,https://www.teamrankings.com/college-football/ranking/schedule-strength-by-other?date=2024-01-09,0.7803030303030303,0.8823424483832473
2023,2024,2024-01-09,Oklahoma St,oklahomast,31,5.8,https://www.teamrankings.com/college-football/ranking/schedule-strength-by-other?date=2024-01-09,0.7727272727272727,0.8685881650223738
2023,2024,2024-01-09,Kansas,kansas,32,5.4,https://www.teamrankings.com/college-football/ranking/schedule-strength-by-other?date=2024-01-09,0.7651515151515151,0.8135710315788802
2023,2024,2024-01-09,Duke,duke,33,5.3,https://www.teamrankings.com/college-football/ranking/schedule-strength-by-other?date=2024-01-09,0.7575757575757576,0.7998167482180067
2023,2024,2024-01-09,NC State,ncstate,34,5.1,https://www.teamrankings.com/college-football/ranking/schedule-strength-by-other?date=2024-01-09,0.75,0.7723081814962599
2023,2024,2024-01-09,Maryland,maryland,35,5.0,https://www.teamrankings.com/college-football/ranking/schedule-strength-by-other?date=2024-01-09,0.7424242424242424,0.7585538981353865
2023,2024,2024-01-09,Miami,miami,36,4.7,https://www.teamrankings.com/college-football/ranking/schedule-strength-by-other?date=2024-01-09,0.7348484848484849,0.7172910480527663
2023,2024,2024-01-09,Rutgers,rutgers,37,4.6,https://www.teamrankings.com/college-football/ranking/schedule-strength-by-other?date=2024-01-09,0.7272727272727273,0.7035367646918929
2023,2024,2024-01-09,California,california,38,4.5,https://www.teamrankings.com/college-football/ranking/schedule-strength-by-other?date=2024-01-09,0.7196969696969697,0.6897824813310195
2023,2024,2024-01-09,Mississippi St,mississippist,39,4.4,https://www.teamrankings.com/college-football/ranking/schedule-strength-by-other?date=2024-01-09,0.7121212121212122,0.6760281979701462
2023,2024,2024-01-09,West Virginia,westvirginia,40,4.4,https://www.teamrankings.com/college-football/ranking/schedule-strength-by-other?date=2024-01-09,0.7045454545454546,0.6760281979701462
2023,2024,2024-01-09,Georgia Tech,georgiatech,41,3.8,https://www.teamrankings.com/college-football/ranking/schedule-strength-by-other?date=2024-01-09,0.696969696969697,0.5935024978049057
2023,2024,2024-01-09,Arkansas,arkansas,42,3.8,https://www.teamrankings.com/college-football/ranking/schedule-strength-by-other?date=2024-01-09,0.6893939393939394,0.5935024978049057
2023,2024,2024-01-09,UCF,ucf,43,3.8,https://www.teamrankings.com/college-football/ranking/schedule-strength-by-other?date=2024-01-09,0.6818181818181819,0.5935024978049057
2023,2024,2024-01-09,Colorado,colorado,44,3.7,https://www.teamrankings.com/college-football/ranking/schedule-strength-by-other?date=2024-01-09,0.6742424242424243,0.5797482144440324
2023,2024,2024-01-09,Washington St,washingtonst,45,3.7,https://www.teamrankings.com/college-football/ranking/schedule-strength-by-other?date=2024-01-09,0.6666666666666667,0.5797482144440324
2023,2024,2024-01-09,Iowa,iowa,46,3.6,https://www.teamrankings.com/college-football/ranking/schedule-strength-by-other?date=2024-01-09,0.6590909090909092,0.565993931083159
2023,2024,2024-01-09,Wisconsin,wisconsin,47,3.2,https://www.teamrankings.com/college-football/ranking/schedule-strength-by-other?date=2024-01-09,0.6515151515151515,0.5109767976396654
2023,2024,2024-01-09,BYU,byu,48,3.1,https://www.teamrankings.com/college-football/ranking/schedule-strength-by-other?date=2024-01-09,0.6439393939393939,0.49722251427879194
2023,2024,2024-01-09,North Carolina,northcarolina,49,3.1,https://www.teamrankings.com/college-football/ranking/schedule-strength-by-other?date=2024-01-09,0.6363636363636364,0.49722251427879194
2023,2024,2024-01-09,Virginia,virginia,50,3.0,https://www.teamrankings.com/college-football/ranking/schedule-strength-by-other?date=2024-01-09,0.6287878787878788,0.4834682309179185
2023,2024,2024-01-09,UCLA,ucla,51,2.7,https://www.teamrankings.com/college-football/ranking/schedule-strength-by-other?date=2024-01-09,0.6212121212121212,0.44220538083529837
2023,2024,2024-01-09,Purdue,purdue,52,2.6,https://www.teamrankings.com/college-football/ranking/schedule-strength-by-other?date=2024-01-09,0.6136363636363636,0.42845109747442495
2023,2024,2024-01-09,Illinois,illinois,53,2.5,https://www.teamrankings.com/college-football/ranking/schedule-strength-by-other?date=2024-01-09,0.6060606060606061,0.4146968141135515
2023,2024,2024-01-09,Arizona St,arizonast,54,2.4,https://www.teamrankings.com/college-football/ranking/schedule-strength-by-other?date=2024-01-09,0.5984848484848485,0.4009425307526781
2023,2024,2024-01-09,Pittsburgh,pittsburgh,55,2.3,https://www.teamrankings.com/college-football/ranking/schedule-strength-by-other?date=2024-01-09,0.5909090909090908,0.3871882473918047
2023,2024,2024-01-09,Northwestern,northwestern,56,2.3,https://www.teamrankings.com/college-football/ranking/schedule-strength-by-other?date=2024-01-09,0.5833333333333333,0.3871882473918047
2023,2024,2024-01-09,Houston,houston,57,2.2,https://www.teamrankings.com/college-football/ranking/schedule-strength-by-other?date=2024-01-09,0.5757575757575757,0.3734339640309313
2023,2024,2024-01-09,Baylor,baylor,58,1.9,https://www.teamrankings.com/college-football/ranking/schedule-strength-by-other?date=2024-01-09,0.5681818181818181,0.33217111394831106
2023,2024,2024-01-09,Michigan St,michiganst,59,1.8,https://www.teamrankings.com/college-football/ranking/schedule-strength-by-other?date=2024-01-09,0.5606060606060606,0.3184168305874377
2023,2024,2024-01-09,Indiana,indiana,60,1.4,https://www.teamrankings.com/college-football/ranking/schedule-strength-by-other?date=2024-01-09,0.553030303030303,0.26339969714394407
2023,2024,2024-01-09,Wake Forest,wakeforest,61,1.4,https://www.teamrankings.com/college-football/ranking/schedule-strength-by-other?date=2024-01-09,0.5454545454545454,0.26339969714394407
2023,2024,2024-01-09,Vanderbilt,vanderbilt,62,1.3,https://www.teamrankings.com/college-football/ranking/schedule-strength-by-other?date=2024-01-09,0.5378787878787878,0.24964541378307065
2023,2024,2024-01-09,Minnesota,minnesota,63,1.2,https://www.teamrankings.com/college-football/ranking/schedule-strength-by-other?date=2024-01-09,0.5303030303030303,0.23589113042219723
2023,2024,2024-01-09,Virginia Tech,virginiatech,64,1.2,https://www.teamrankings.com/college-football/ranking/schedule-strength-by-other?date=2024-01-09,0.5227272727272727,0.23589113042219723
2023,2024,2024-01-09,Stanford,stanford,65,1.0,https://www.teamrankings.com/college-football/ranking/schedule-strength-by-other?date=2024-01-09,0.5151515151515151,0.20838256370045047
2023,2024,2024-01-09,Nebraska,nebraska,66,0.8,https://www.teamrankings.com/college-football/ranking/schedule-strength-by-other?date=2024-01-09,0.5075757575757576,0.18087399697870363
2023,2024,2024-01-09,Cincinnati,cincinnati,67,0.6,https://www.teamrankings.com/college-football/ranking/schedule-strength-by-other?date=2024-01-09,0.5,0.15336543025695681
2023,2024,2024-01-09,SMU,smu,68,0.2,https://www.teamrankings.com/college-football/ranking/schedule-strength-by-other?date=2024-01-09,0.49242424242424243,0.09834829681346322
2023,2024,2024-01-09,Boise St,boisest,69,-0.7,https://www.teamrankings.com/college-football/ranking/schedule-strength-by-other?date=2024-01-09,0.48484848484848486,-0.025440253434397417
2023,2024,2024-01-09,Boston College,bostoncollege,70,-1.1,https://www.teamrankings.com/college-football/ranking/schedule-strength-by-other?date=2024-01-09,0.4772727272727273,-0.08045738687789106
2023,2024,2024-01-09,Troy,troy,71,-1.5,https://www.teamrankings.com/college-football/ranking/schedule-strength-by-other?date=2024-01-09,0.4696969696969697,-0.13547452032138466
2023,2024,2024-01-09,Tulane,tulane,72,-1.8,https://www.teamrankings.com/college-football/ranking/schedule-strength-by-other?date=2024-01-09,0.46212121212121215,-0.1767373704040049
2023,2024,2024-01-09,Syracuse,syracuse,73,-1.8,https://www.teamrankings.com/college-football/ranking/schedule-strength-by-other?date=2024-01-09,0.4545454545454546,-0.1767373704040049
2023,2024,2024-01-09,Memphis,memphis,74,-2.3,https://www.teamrankings.com/college-football/ranking/schedule-strength-by-other?date=2024-01-09,0.446969696969697,-0.24550878720837185
2023,2024,2024-01-09,San Jose St,sanjosest,75,-2.6,https://www.teamrankings.com/college-football/ranking/schedule-strength-by-other?date=2024-01-09,0.43939393939393945,-0.2867716372909921
2023,2024,2024-01-09,J Madison,jmadison,76,-3.3,https://www.teamrankings.com/college-football/ranking/schedule-strength-by-other?date=2024-01-09,0.43181818181818177,-0.38305162081710586
2023,2024,2024-01-09,Marshall,marshall,77,-3.9,https://www.teamrankings.com/college-football/ranking/schedule-strength-by-other?date=2024-01-09,0.4242424242424242,-0.46557732098234633
2023,2024,2024-01-09,S Alabama,salabama,78,-4.1,https://www.teamrankings.com/college-football/ranking/schedule-strength-by-other?date=2024-01-09,0.41666666666666663,-0.4930858877040931
2023,2024,2024-01-09,Wyoming,wyoming,79,-4.2,https://www.teamrankings.com/college-football/ranking/schedule-strength-by-other?date=2024-01-09,0.40909090909090906,-0.5068401710649666
2023,2024,2024-01-09,UTSA,utsa,80,-4.3,https://www.teamrankings.com/college-football/ranking/schedule-strength-by-other?date=2024-01-09,0.4015151515151515,-0.52059445442584
2023,2024,2024-01-09,App State,appstate,81,-4.5,https://www.teamrankings.com/college-football/ranking/schedule-strength-by-other?date=2024-01-09,0.3939393939393939,-0.5481030211475868
2023,2024,2024-01-09,Coastal Car,coastalcar,82,-4.6,https://www.teamrankings.com/college-football/ranking/schedule-strength-by-other?date=2024-01-09,0.38636363636363635,-0.5618573045084602
2023,2024,2024-01-09,UNLV,unlv,83,-4.7,https://www.teamrankings.com/college-football/ranking/schedule-strength-by-other?date=2024-01-09,0.3787878787878788,-0.5756115878693336
2023,2024,2024-01-09,E Carolina,ecarolina,84,-5.3,https://www.teamrankings.com/college-football/ranking/schedule-strength-by-other?date=2024-01-09,0.3712121212121212,-0.658137288034574
2023,2024,2024-01-09,Old Dominion,olddominion,85,-5.3,https://www.teamrankings.com/college-football/ranking/schedule-strength-by-other?date=2024-01-09,0.36363636363636365,-0.658137288034574
2023,2024,2024-01-09,Air Force,airforce,86,-5.4,https://www.teamrankings.com/college-football/ranking/schedule-strength-by-other?date=2024-01-09,0.3560606060606061,-0.6718915713954475
2023,2024,2024-01-09,Georgia St,georgiast,87,-5.7,https://www.teamrankings.com/college-football/ranking/schedule-strength-by-other?date=2024-01-09,0.3484848484848485,-0.7131544214780677
2023,2024,2024-01-09,Rice,rice,88,-5.8,https://www.teamrankings.com/college-football/ranking/schedule-strength-by-other?date=2024-01-09,0.34090909090909094,-0.7269087048389411
2023,2024,2024-01-09,Florida Atlantic,floridaatlantic,89,-5.9,https://www.teamrankings.com/college-football/ranking/schedule-strength-by-other?date=2024-01-09,0.33333333333333337,-0.7406629881998146
2023,2024,2024-01-09,Bowling Green,bowlinggreen,90,-6.5,https://www.teamrankings.com/college-football/ranking/schedule-strength-by-other?date=2024-01-09,0.3257575757575758,-0.8231886883650549
2023,2024,2024-01-09,UAB,uab,91,-6.6,https://www.teamrankings.com/college-football/ranking/schedule-strength-by-other?date=2024-01-09,0.31818181818181823,-0.8369429717259282
2023,2024,2024-01-09,Liberty,liberty,92,-6.7,https://www.teamrankings.com/college-football/ranking/schedule-strength-by-other?date=2024-01-09,0.31060606060606055,-0.8506972550868017
2023,2024,2024-01-09,Army,army,93,-6.8,https://www.teamrankings.com/college-football/ranking/schedule-strength-by-other?date=2024-01-09,0.303030303030303,-0.8644515384476751
2023,2024,2024-01-09,Fresno St,fresnost,94,-6.9,https://www.teamrankings.com/college-football/ranking/schedule-strength-by-other?date=2024-01-09,0.2954545454545454,-0.8782058218085486
2023,2024,2024-01-09,S Florida,sflorida,95,-6.9,https://www.teamrankings.com/college-football/ranking/schedule-strength-by-other?date=2024-01-09,0.28787878787878785,-0.8782058218085486
2023,2024,2024-01-09,San Diego St,sandiegost,96,-7.0,https://www.teamrankings.com/college-football/ranking/schedule-strength-by-other?date=2024-01-09,0.2803030303030303,-0.8919601051694219
2023,2024,2024-01-09,Southern Miss,southernmiss,97,-7.0,https://www.teamrankings.com/college-football/ranking/schedule-strength-by-other?date=2024-01-09,0.2727272727272727,-0.8919601051694219
2023,2024,2024-01-09,Texas St,texasst,98,-7.1,https://www.teamrankings.com/college-football/ranking/schedule-strength-by-other?date=2024-01-09,0.26515151515151514,-0.9057143885302953
2023,2024,2024-01-09,W Kentucky,wkentucky,99,-7.1,https://www.teamrankings.com/college-football/ranking/schedule-strength-by-other?date=2024-01-09,0.25757575757575757,-0.9057143885302953
2023,2024,2024-01-09,Georgia So,georgiaso,100,-7.2,https://www.teamrankings.com/college-football/ranking/schedule-strength-by-other?date=2024-01-09,0.25,-0.9194686718911688
2023,2024,2024-01-09,Arkansas St,arkansasst,101,-7.4,https://www.teamrankings.com/college-football/ranking/schedule-strength-by-other?date=2024-01-09,0.24242424242424243,-0.9469772386129156
2023,2024,2024-01-09,Miami OH,miamioh,102,-7.4,https://www.teamrankings.com/college-football/ranking/schedule-strength-by-other?date=2024-01-09,0.23484848484848486,-0.9469772386129156
2023,2024,2024-01-09,Navy,navy,103,-7.4,https://www.teamrankings.com/college-football/ranking/schedule-strength-by-other?date=2024-01-09,0.2272727272727273,-0.9469772386129156
2023,2024,2024-01-09,Charlotte,charlotte,104,-7.4,https://www.teamrankings.com/college-football/ranking/schedule-strength-by-other?date=2024-01-09,0.21969696969696972,-0.9469772386129156
2023,2024,2024-01-09,N Texas,ntexas,105,-7.5,https://www.teamrankings.com/college-football/ranking/schedule-strength-by-other?date=2024-01-09,0.21212121212121215,-0.960731521973789
2023,2024,2024-01-09,Utah St,utahst,106,-7.6,https://www.teamrankings.com/college-football/ranking/schedule-strength-by-other?date=2024-01-09,0.20454545454545459,-0.9744858053346623
2023,2024,2024-01-09,Toledo,toledo,107,-7.6,https://www.teamrankings.com/college-football/ranking/schedule-strength-by-other?date=2024-01-09,0.19696969696969702,-0.9744858053346623
2023,2024,2024-01-09,Louisiana,louisiana,108,-7.7,https://www.teamrankings.com/college-football/ranking/schedule-strength-by-other?date=2024-01-09,0.18939393939393945,-0.9882400886955358
2023,2024,2024-01-09,Tulsa,tulsa,109,-7.8,https://www.teamrankings.com/college-football/ranking/schedule-strength-by-other?date=2024-01-09,0.18181818181818177,-1.001994372056409
2023,2024,2024-01-09,UL Monroe,ulmonroe,110,-7.9,https://www.teamrankings.com/college-football/ranking/schedule-strength-by-other?date=2024-01-09,0.1742424242424242,-1.0157486554172825
2023,2024,2024-01-09,Colorado St,coloradost,111,-7.9,https://www.teamrankings.com/college-football/ranking/schedule-strength-by-other?date=2024-01-09,0.16666666666666663,-1.0157486554172825
2023,2024,2024-01-09,Jacksonville St,jacksonvillest,112,-8.2,https://www.teamrankings.com/college-football/ranking/schedule-strength-by-other?date=2024-01-09,0.15909090909090906,-1.0570115054999027
2023,2024,2024-01-09,Middle Tenn,middletenn,113,-8.4,https://www.teamrankings.com/college-football/ranking/schedule-strength-by-other?date=2024-01-09,0.1515151515151515,-1.0845200722216497
2023,2024,2024-01-09,W Michigan,wmichigan,114,-8.5,https://www.teamrankings.com/college-football/ranking/schedule-strength-by-other?date=2024-01-09,0.14393939393939392,-1.098274355582523
2023,2024,2024-01-09,UConn,uconn,115,-8.7,https://www.teamrankings.com/college-football/ranking/schedule-strength-by-other?date=2024-01-09,0.13636363636363635,-1.1257829223042697
2023,2024,2024-01-09,New Mexico St,newmexicost,116,-9.0,https://www.teamrankings.com/college-football/ranking/schedule-strength-by-other?date=2024-01-09,0.12878787878787878,-1.1670457723868901
2023,2024,2024-01-09,UTEP,utep,117,-9.0,https://www.teamrankings.com/college-football/ranking/schedule-strength-by-other?date=2024-01-09,0.12121212121212122,-1.1670457723868901
2023,2024,2024-01-09,Sam Houston,samhouston,118,-9.2,https://www.teamrankings.com/college-football/ranking/schedule-strength-by-other?date=2024-01-09,0.11363636363636365,-1.1945543391086366
2023,2024,2024-01-09,Ohio,ohio,119,-9.4,https://www.teamrankings.com/college-football/ranking/schedule-strength-by-other?date=2024-01-09,0.10606060606060608,-1.2220629058303836
2023,2024,2024-01-09,Temple,temple,120,-9.4,https://www.teamrankings.com/college-football/ranking/schedule-strength-by-other?date=2024-01-09,0.09848484848484851,-1.2220629058303836
2023,2024,2024-01-09,Nevada,nevada,121,-9.4,https://www.teamrankings.com/college-football/ranking/schedule-strength-by-other?date=2024-01-09,0.09090909090909094,-1.2220629058303836
2023,2024,2024-01-09,Louisiana Tech,louisianatech,122,-9.8,https://www.teamrankings.com/college-football/ranking/schedule-strength-by-other?date=2024-01-09,0.08333333333333337,-1.2770800392738773
2023,2024,2024-01-09,Hawai'i,hawaii,123,-9.9,https://www.teamrankings.com/college-football/ranking/schedule-strength-by-other?date=2024-01-09,0.0757575757575758,-1.2908343226347507
2023,2024,2024-01-09,C Michigan,cmichigan,124,-10.0,https://www.teamrankings.com/college-football/ranking/schedule-strength-by-other?date=2024-01-09,0.06818181818181823,-1.304588605995624
2023,2024,2024-01-09,Buffalo,buffalo,125,-10.1,https://www.teamrankings.com/college-football/ranking/schedule-strength-by-other?date=2024-01-09,0.06060606060606055,-1.3183428893564975
2023,2024,2024-01-09,Ball St,ballst,126,-10.2,https://www.teamrankings.com/college-football/ranking/schedule-strength-by-other?date=2024-01-09,0.05303030303030298,-1.3320971727173707
2023,2024,2024-01-09,New Mexico,newmexico,127,-10.6,https://www.teamrankings.com/college-football/ranking/schedule-strength-by-other?date=2024-01-09,0.045454545454545414,-1.3871143061608644
2023,2024,2024-01-09,UMass,umass,128,-10.7,https://www.teamrankings.com/college-football/ranking/schedule-strength-by-other?date=2024-01-09,0.037878787878787845,-1.4008685895217379
2023,2024,2024-01-09,Florida Intl,floridaintl,129,-11.3,https://www.teamrankings.com/college-football/ranking/schedule-strength-by-other?date=2024-01-09,0.030303030303030276,-1.4833942896869783
2023,2024,2024-01-09,N Illinois,nillinois,130,-11.4,https://www.teamrankings.com/college-football/ranking/schedule-strength-by-other?date=2024-01-09,0.022727272727272707,-1.4971485730478518
2023,2024,2024-01-09,E Michigan,emichigan,131,-13.3,https://www.teamrankings.com/college-football/ranking/schedule-strength-by-other?date=2024-01-09,0.015151515151515138,-1.7584799569044465
2023,2024,2024-01-09,Akron,akron,132,-13.3,https://www.teamrankings.com/college-football/ranking/schedule-strength-by-other?date=2024-01-09,0.007575757575757569,-1.7584799569044465
2023,2024,2024-01-09,Kent St,kentst,133,-13.9,https://www.teamrankings.com/college-football/ranking/schedule-strength-by-other?date=2024-01-09,0.0,-1.8410056570696869
2024,2025,2025-01-21,Georgia,georgia,1,17.6,https://www.teamrankings.com/college-football/ranking/schedule-strength-by-other?date=2025-01-21,1.0,2.053211237116856
2024,2025,2025-01-21,Ohio St,ohiost,2,17.4,https://www.teamrankings.com/college-football/ranking/schedule-strength-by-other?date=2025-01-21,0.9924812030075187,2.0302846669094765
2024,2025,2025-01-21,Texas,texas,3,14.9,https://www.teamrankings.com/college-football/ranking/schedule-strength-by-other?date=2025-01-21,0.9849624060150376,1.7437025393172316
2024,2025,2025-01-21,Notre Dame,notredame,4,14.4,https://www.teamrankings.com/college-football/ranking/schedule-strength-by-other?date=2025-01-21,0.9774436090225564,1.6863861137987828
2024,2025,2025-01-21,Alabama,alabama,5,13.2,https://www.teamrankings.com/college-football/ranking/schedule-strength-by-other?date=2025-01-21,0.9699248120300752,1.5488266925545051
2024,2025,2025-01-21,Florida,florida,6,13.2,https://www.teamrankings.com/college-football/ranking/schedule-strength-by-other?date=2025-01-21,0.9624060150375939,1.5488266925545051
2024,2025,2025-01-21,Tennessee,tennessee,7,12.9,https://www.teamrankings.com/college-football/ranking/schedule-strength-by-other?date=2025-01-21,0.9548872180451128,1.5144368372434358
2024,2025,2025-01-21,Penn St,pennst,8,12.5,https://www.teamrankings.com/college-football/ranking/schedule-strength-by-other?date=2025-01-21,0.9473684210526316,1.4685836968286767
2024,2025,2025-01-21,LSU,lsu,9,12.5,https://www.teamrankings.com/college-football/ranking/schedule-strength-by-other?date=2025-01-21,0.9398496240601504,1.4685836968286767
2024,2025,2025-01-21,Oregon,oregon,10,12.0,https://www.teamrankings.com/college-football/ranking/schedule-strength-by-other?date=2025-01-21,0.9323308270676691,1.4112672713102277
2024,2025,2025-01-21,Michigan,michigan,11,11.9,https://www.teamrankings.com/college-football/ranking/schedule-strength-by-other?date=2025-01-21,0.924812030075188,1.399803986206538
2024,2025,2025-01-21,South Carolina,southcarolina,12,11.9,https://www.teamrankings.com/college-football/ranking/schedule-strength-by-other?date=2025-01-21,0.9172932330827068,1.399803986206538
2024,2025,2025-01-21,Oklahoma,oklahoma,13,11.9,https://www.teamrankings.com/college-football/ranking/schedule-strength-by-other?date=2025-01-21,0.9097744360902256,1.399803986206538
2024,2025,2025-01-21,Texas A&M,texasaandm,14,11.7,https://www.teamrankings.com/college-football/ranking/schedule-strength-by-other?date=2025-01-21,0.9022556390977443,1.3768774159991581
2024,2025,2025-01-21,Mississippi,mississippi,15,11.6,https://www.teamrankings.com/college-football/ranking/schedule-strength-by-other?date=2025-01-21,0.8947368421052632,1.3654141308954684
2024,2025,2025-01-21,USC,usc,16,11.1,https://www.teamrankings.com/college-football/ranking/schedule-strength-by-other?date=2025-01-21,0.887218045112782,1.3080977053770195
2024,2025,2025-01-21,Kentucky,kentucky,17,10.1,https://www.teamrankings.com/college-football/ranking/schedule-strength-by-other?date=2025-01-21,0.8796992481203008,1.1934648543401216
2024,2025,2025-01-21,Indiana,indiana,18,9.4,https://www.teamrankings.com/college-football/ranking/schedule-strength-by-other?date=2025-01-21,0.8721804511278195,1.113221858614293
2024,2025,2025-01-21,UCLA,ucla,19,9.3,https://www.teamrankings.com/college-football/ranking/schedule-strength-by-other?date=2025-01-21,0.8646616541353384,1.1017585735106032
2024,2025,2025-01-21,Louisville,louisville,20,9.1,https://www.teamrankings.com/college-football/ranking/schedule-strength-by-other?date=2025-01-21,0.8571428571428572,1.0788320033032237
2024,2025,2025-01-21,Vanderbilt,vanderbilt,21,9.0,https://www.teamrankings.com/college-football/ranking/schedule-strength-by-other?date=2025-01-21,0.849624060150376,1.067368718199534
2024,2025,2025-01-21,Clemson,clemson,22,8.9,https://www.teamrankings.com/college-football/ranking/schedule-strength-by-other?date=2025-01-21,0.8421052631578947,1.0559054330958442
2024,2025,2025-01-21,Arkansas,arkansas,23,8.8,https://www.teamrankings.com/college-football/ranking/schedule-strength-by-other?date=2025-01-21,0.8345864661654135,1.0444421479921544
2024,2025,2025-01-21,Kansas,kansas,24,8.5,https://www.teamrankings.com/college-football/ranking/schedule-strength-by-other?date=2025-01-21,0.8270676691729324,1.0100522926810849
2024,2025,2025-01-21,Missouri,missouri,25,8.1,https://www.teamrankings.com/college-football/ranking/schedule-strength-by-other?date=2025-01-21,0.8195488721804511,0.9641991522663257
2024,2025,2025-01-21,Arizona St,arizonast,26,7.9,https://www.teamrankings.com/college-football/ranking/schedule-strength-by-other?date=2025-01-21,0.8120300751879699,0.9412725820589463
2024,2025,2025-01-21,Iowa St,iowast,27,7.7,https://www.teamrankings.com/college-football/ranking/schedule-strength-by-other?date=2025-01-21,0.8045112781954887,0.9183460118515667
2024,2025,2025-01-21,Washington,washington,28,7.6,https://www.teamrankings.com/college-football/ranking/schedule-strength-by-other?date=2025-01-21,0.7969924812030076,0.9068827267478767
2024,2025,2025-01-21,Auburn,auburn,29,7.6,https://www.teamrankings.com/college-football/ranking/schedule-strength-by-other?date=2025-01-21,0.7894736842105263,0.9068827267478767
2024,2025,2025-01-21,Minnesota,minnesota,30,7.5,https://www.teamrankings.com/college-football/ranking/schedule-strength-by-other?date=2025-01-21,0.7819548872180451,0.895419441644187
2024,2025,2025-01-21,Wisconsin,wisconsin,31,7.2,https://www.teamrankings.com/college-football/ranking/schedule-strength-by-other?date=2025-01-21,0.7744360902255639,0.8610295863331177
2024,2025,2025-01-21,Miami,miami,32,7.2,https://www.teamrankings.com/college-football/ranking/schedule-strength-by-other?date=2025-01-21,0.7669172932330828,0.8610295863331177
2024,2025,2025-01-21,SMU,smu,33,7.0,https://www.teamrankings.com/college-football/ranking/schedule-strength-by-other?date=2025-01-21,0.7593984962406015,0.838103016125738
2024,2025,2025-01-21,BYU,byu,34,7.0,https://www.teamrankings.com/college-football/ranking/schedule-strength-by-other?date=2025-01-21,0.7518796992481203,0.838103016125738
2024,2025,2025-01-21,Georgia Tech,georgiatech,35,7.0,https://www.teamrankings.com/college-football/ranking/schedule-strength-by-other?date=2025-01-21,0.7443609022556391,0.838103016125738
2024,2025,2025-01-21,Kansas St,kansasst,36,7.0,https://www.teamrankings.com/college-football/ranking/schedule-strength-by-other?date=2025-01-21,0.736842105263158,0.838103016125738
2024,2025,2025-01-21,Iowa,iowa,37,6.8,https://www.teamrankings.com/college-football/ranking/schedule-strength-by-other?date=2025-01-21,0.7293233082706767,0.8151764459183585
2024,2025,2025-01-21,Baylor,baylor,38,6.8,https://www.teamrankings.com/college-football/ranking/schedule-strength-by-other?date=2025-01-21,0.7218045112781954,0.8151764459183585
2024,2025,2025-01-21,Mississippi St,mississippist,39,6.7,https://www.teamrankings.com/college-football/ranking/schedule-strength-by-other?date=2025-01-21,0.7142857142857143,0.8037131608146687
2024,2025,2025-01-21,Nebraska,nebraska,40,6.6,https://www.teamrankings.com/college-football/ranking/schedule-strength-by-other?date=2025-01-21,0.7067669172932332,0.7922498757109788
2024,2025,2025-01-21,Houston,houston,41,6.5,https://www.teamrankings.com/college-football/ranking/schedule-strength-by-other?date=2025-01-21,0.6992481203007519,0.780786590607289
2024,2025,2025-01-21,UCF,ucf,42,6.4,https://www.teamrankings.com/college-football/ranking/schedule-strength-by-other?date=2025-01-21,0.6917293233082706,0.7693233055035993
2024,2025,2025-01-21,Illinois,illinois,43,6.2,https://www.teamrankings.com/college-football/ranking/schedule-strength-by-other?date=2025-01-21,0.6842105263157895,0.7463967352962197
2024,2025,2025-01-21,Virginia Tech,virginiatech,44,6.1,https://www.teamrankings.com/college-football/ranking/schedule-strength-by-other?date=2025-01-21,0.6766917293233083,0.7349334501925299
2024,2025,2025-01-21,Colorado,colorado,45,6.0,https://www.teamrankings.com/college-football/ranking/schedule-strength-by-other?date=2025-01-21,0.6691729323308271,0.7234701650888401
2024,2025,2025-01-21,Cincinnati,cincinnati,46,5.7,https://www.teamrankings.com/college-football/ranking/schedule-strength-by-other?date=2025-01-21,0.6616541353383458,0.6890803097777708
2024,2025,2025-01-21,West Virginia,westvirginia,47,5.4,https://www.teamrankings.com/college-football/ranking/schedule-strength-by-other?date=2025-01-21,0.6541353383458647,0.6546904544667014
2024,2025,2025-01-21,Utah,utah,48,5.3,https://www.teamrankings.com/college-football/ranking/schedule-strength-by-other?date=2025-01-21,0.6466165413533835,0.6432271693630115
2024,2025,2025-01-21,Florida St,floridast,49,5.1,https://www.teamrankings.com/college-football/ranking/schedule-strength-by-other?date=2025-01-21,0.6390977443609023,0.620300599155632
2024,2025,2025-01-21,TCU,tcu,50,4.6,https://www.teamrankings.com/college-football/ranking/schedule-strength-by-other?date=2025-01-21,0.631578947368421,0.562984173637183
2024,2025,2025-01-21,Rutgers,rutgers,51,4.6,https://www.teamrankings.com/college-football/ranking/schedule-strength-by-other?date=2025-01-21,0.6240601503759399,0.562984173637183
2024,2025,2025-01-21,Texas Tech,texastech,52,4.5,https://www.teamrankings.com/college-football/ranking/schedule-strength-by-other?date=2025-01-21,0.6165413533834587,0.5515208885334932
2024,2025,2025-01-21,Maryland,maryland,53,4.5,https://www.teamrankings.com/college-football/ranking/schedule-strength-by-other?date=2025-01-21,0.6090225563909775,0.5515208885334932
2024,2025,2025-01-21,Oklahoma St,oklahomast,54,4.1,https://www.teamrankings.com/college-football/ranking/schedule-strength-by-other?date=2025-01-21,0.6015037593984962,0.505667748118734
2024,2025,2025-01-21,Boston College,bostoncollege,55,3.6,https://www.teamrankings.com/college-football/ranking/schedule-strength-by-other?date=2025-01-21,0.5939849624060151,0.44835132260028515
2024,2025,2025-01-21,Michigan St,michiganst,56,3.2,https://www.teamrankings.com/college-football/ranking/schedule-strength-by-other?date=2025-01-21,0.5864661654135339,0.402498182185526
2024,2025,2025-01-21,Virginia,virginia,57,3.1,https://www.teamrankings.com/college-football/ranking/schedule-strength-by-other?date=2025-01-21,0.5789473684210527,0.3910348970818362
2024,2025,2025-01-21,Northwestern,northwestern,58,2.9,https://www.teamrankings.com/college-football/ranking/schedule-strength-by-other?date=2025-01-21,0.5714285714285714,0.3681083268744566
2024,2025,2025-01-21,Syracuse,syracuse,59,2.7,https://www.teamrankings.com/college-football/ranking/schedule-strength-by-other?date=2025-01-21,0.5639097744360902,0.345181756667077
2024,2025,2025-01-21,Stanford,stanford,60,2.7,https://www.teamrankings.com/college-football/ranking/schedule-strength-by-other?date=2025-01-21,0.5563909774436091,0.345181756667077
2024,2025,2025-01-21,Arizona,arizona,61,2.6,https://www.teamrankings.com/college-football/ranking/schedule-strength-by-other?date=2025-01-21,0.5488721804511278,0.33371847156338724
2024,2025,2025-01-21,Pittsburgh,pittsburgh,62,2.5,https://www.teamrankings.com/college-football/ranking/schedule-strength-by-other?date=2025-01-21,0.5413533834586466,0.3222551864596974
2024,2025,2025-01-21,Duke,duke,63,2.2,https://www.teamrankings.com/college-football/ranking/schedule-strength-by-other?date=2025-01-21,0.5338345864661654,0.28786533114862806
2024,2025,2025-01-21,Tulane,tulane,64,1.6,https://www.teamrankings.com/college-football/ranking/schedule-strength-by-other?date=2025-01-21,0.5263157894736843,0.2190856205264893
2024,2025,2025-01-21,California,california,65,1.0,https://www.teamrankings.com/college-football/ranking/schedule-strength-by-other?date=2025-01-21,0.518796992481203,0.15030590990435055
2024,2025,2025-01-21,Boise St,boisest,66,0.6,https://www.teamrankings.com/college-football/ranking/schedule-strength-by-other?date=2025-01-21,0.5112781954887218,0.10445276948959135
2024,2025,2025-01-21,Wake Forest,wakeforest,67,0.4,https://www.teamrankings.com/college-football/ranking/schedule-strength-by-other?date=2025-01-21,0.5037593984962406,0.08152619928221178
2024,2025,2025-01-21,NC State,ncstate,68,-0.2,https://www.teamrankings.com/college-football/ranking/schedule-strength-by-other?date=2025-01-21,0.49624060150375937,0.012746488660073017
2024,2025,2025-01-21,Purdue,purdue,69,-0.2,https://www.teamrankings.com/college-football/ranking/schedule-strength-by-other?date=2025-01-21,0.4887218045112782,0.012746488660073017
2024,2025,2025-01-21,North Carolina,northcarolina,70,-0.5,https://www.teamrankings.com/college-football/ranking/schedule-strength-by-other?date=2025-01-21,0.48120300751879697,-0.021643366650996358
2024,2025,2025-01-21,Navy,navy,71,-0.9,https://www.teamrankings.com/college-football/ranking/schedule-strength-by-other?date=2025-01-21,0.4736842105263158,-0.06749650706575554
2024,2025,2025-01-21,UNLV,unlv,72,-1.1,https://www.teamrankings.com/college-football/ranking/schedule-strength-by-other?date=2025-01-21,0.46616541353383456,-0.09042307727313513
2024,2025,2025-01-21,Old Dominion,olddominion,73,-3.1,https://www.teamrankings.com/college-football/ranking/schedule-strength-by-other?date=2025-01-21,0.4586466165413534,-0.31968877934693096
2024,2025,2025-01-21,Memphis,memphis,74,-3.7,https://www.teamrankings.com/college-football/ranking/schedule-strength-by-other?date=2025-01-21,0.45112781954887216,-0.38846848996906974
2024,2025,2025-01-21,Marshall,marshall,75,-4.4,https://www.teamrankings.com/college-football/ranking/schedule-strength-by-other?date=2025-01-21,0.443609022556391,-0.46871148569489834
2024,2025,2025-01-21,Rice,rice,76,-4.7,https://www.teamrankings.com/college-football/ranking/schedule-strength-by-other?date=2025-01-21,0.43609022556390975,-0.5031013410059677
2024,2025,2025-01-21,Army,army,77,-4.8,https://www.teamrankings.com/college-football/ranking/schedule-strength-by-other?date=2025-01-21,0.4285714285714286,-0.5145646261096575
2024,2025,2025-01-21,Charlotte,charlotte,78,-4.9,https://www.teamrankings.com/college-football/ranking/schedule-strength-by-other?date=2025-01-21,0.42105263157894735,-0.5260279112133474
2024,2025,2025-01-21,Georgia So,georgiaso,79,-5.0,https://www.teamrankings.com/college-football/ranking/schedule-strength-by-other?date=2025-01-21,0.4135338345864662,-0.537491196317037
2024,2025,2025-01-21,S Florida,sflorida,80,-5.1,https://www.teamrankings.com/college-football/ranking/schedule-strength-by-other?date=2025-01-21,0.40601503759398494,-0.5489544814207268
2024,2025,2025-01-21,App State,appstate,81,-5.1,https://www.teamrankings.com/college-football/ranking/schedule-strength-by-other?date=2025-01-21,0.3984962406015038,-0.5489544814207268
2024,2025,2025-01-21,Miami OH,miamioh,82,-5.3,https://www.teamrankings.com/college-football/ranking/schedule-strength-by-other?date=2025-01-21,0.39097744360902253,-0.5718810516281064
2024,2025,2025-01-21,Washington St,washingtonst,83,-5.4,https://www.teamrankings.com/college-football/ranking/schedule-strength-by-other?date=2025-01-21,0.3834586466165414,-0.5833443367317963
2024,2025,2025-01-21,N Texas,ntexas,84,-5.9,https://www.teamrankings.com/college-football/ranking/schedule-strength-by-other?date=2025-01-21,0.37593984962406013,-0.6406607622502453
2024,2025,2025-01-21,S Alabama,salabama,85,-6.1,https://www.teamrankings.com/college-football/ranking/schedule-strength-by-other?date=2025-01-21,0.368421052631579,-0.6635873324576247
2024,2025,2025-01-21,Texas St,texasst,86,-6.2,https://www.teamrankings.com/college-football/ranking/schedule-strength-by-other?date=2025-01-21,0.3609022556390977,-0.6750506175613146
2024,2025,2025-01-21,Louisiana,louisiana,87,-6.3,https://www.teamrankings.com/college-football/ranking/schedule-strength-by-other?date=2025-01-21,0.3533834586466166,-0.6865139026650043
2024,2025,2025-01-21,Ohio,ohio,88,-6.3,https://www.teamrankings.com/college-football/ranking/schedule-strength-by-other?date=2025-01-21,0.3458646616541353,-0.6865139026650043
2024,2025,2025-01-21,Oregon St,oregonst,89,-6.4,https://www.teamrankings.com/college-football/ranking/schedule-strength-by-other?date=2025-01-21,0.33834586466165417,-0.6979771877686942
2024,2025,2025-01-21,Georgia St,georgiast,90,-6.5,https://www.teamrankings.com/college-football/ranking/schedule-strength-by-other?date=2025-01-21,0.3308270676691729,-0.709440472872384
2024,2025,2025-01-21,Nevada,nevada,91,-6.8,https://www.teamrankings.com/college-football/ranking/schedule-strength-by-other?date=2025-01-21,0.32330827067669177,-0.7438303281834533
2024,2025,2025-01-21,UTSA,utsa,92,-7.0,https://www.teamrankings.com/college-football/ranking/schedule-strength-by-other?date=2025-01-21,0.3157894736842105,-0.7667568983908329
2024,2025,2025-01-21,Fresno St,fresnost,93,-7.1,https://www.teamrankings.com/college-football/ranking/schedule-strength-by-other?date=2025-01-21,0.30827067669172936,-0.7782201834945227
2024,2025,2025-01-21,Wyoming,wyoming,94,-7.1,https://www.teamrankings.com/college-football/ranking/schedule-strength-by-other?date=2025-01-21,0.3007518796992481,-0.7782201834945227
2024,2025,2025-01-21,UAB,uab,95,-7.3,https://www.teamrankings.com/college-football/ranking/schedule-strength-by-other?date=2025-01-21,0.29323308270676696,-0.8011467537019022
2024,2025,2025-01-21,Bowling Green,bowlinggreen,96,-7.3,https://www.teamrankings.com/college-football/ranking/schedule-strength-by-other?date=2025-01-21,0.2857142857142857,-0.8011467537019022
2024,2025,2025-01-21,N Illinois,nillinois,97,-7.5,https://www.teamrankings.com/college-football/ranking/schedule-strength-by-other?date=2025-01-21,0.27819548872180455,-0.8240733239092819
2024,2025,2025-01-21,UL Monroe,ulmonroe,98,-7.6,https://www.teamrankings.com/college-football/ranking/schedule-strength-by-other?date=2025-01-21,0.2706766917293233,-0.8355366090129717
2024,2025,2025-01-21,Toledo,toledo,99,-7.7,https://www.teamrankings.com/college-football/ranking/schedule-strength-by-other?date=2025-01-21,0.26315789473684215,-0.8469998941166614
2024,2025,2025-01-21,Coastal Car,coastalcar,100,-7.7,https://www.teamrankings.com/college-football/ranking/schedule-strength-by-other?date=2025-01-21,0.2556390977443609,-0.8469998941166614
2024,2025,2025-01-21,Troy,troy,101,-7.8,https://www.teamrankings.com/college-football/ranking/schedule-strength-by-other?date=2025-01-21,0.24812030075187974,-0.8584631792203512
2024,2025,2025-01-21,San Jose St,sanjosest,102,-7.8,https://www.teamrankings.com/college-football/ranking/schedule-strength-by-other?date=2025-01-21,0.24060150375939848,-0.8584631792203512
2024,2025,2025-01-21,J Madison,jmadison,103,-8.1,https://www.teamrankings.com/college-football/ranking/schedule-strength-by-other?date=2025-01-21,0.23308270676691734,-0.8928530345314206
2024,2025,2025-01-21,UConn,uconn,104,-8.1,https://www.teamrankings.com/college-football/ranking/schedule-strength-by-other?date=2025-01-21,0.22556390977443608,-0.8928530345314206
2024,2025,2025-01-21,E Carolina,ecarolina,105,-8.2,https://www.teamrankings.com/college-football/ranking/schedule-strength-by-other?date=2025-01-21,0.21804511278195493,-0.9043163196351104
2024,2025,2025-01-21,Utah St,utahst,106,-8.4,https://www.teamrankings.com/college-football/ranking/schedule-strength-by-other?date=2025-01-21,0.21052631578947367,-0.92724288984249
2024,2025,2025-01-21,Air Force,airforce,107,-9.0,https://www.teamrankings.com/college-football/ranking/schedule-strength-by-other?date=2025-01-21,0.20300751879699253,-0.9960226004646288
2024,2025,2025-01-21,Temple,temple,108,-9.2,https://www.teamrankings.com/college-football/ranking/schedule-strength-by-other?date=2025-01-21,0.19548872180451127,-1.0189491706720082
2024,2025,2025-01-21,Arkansas St,arkansasst,109,-9.2,https://www.teamrankings.com/college-football/ranking/schedule-strength-by-other?date=2025-01-21,0.18796992481203012,-1.0189491706720082
2024,2025,2025-01-21,Colorado St,coloradost,110,-9.2,https://www.teamrankings.com/college-football/ranking/schedule-strength-by-other?date=2025-01-21,0.18045112781954886,-1.0189491706720082
2024,2025,2025-01-21,Akron,akron,111,-9.3,https://www.teamrankings.com/college-football/ranking/schedule-strength-by-other?date=2025-01-21,0.17293233082706772,-1.0304124557756982
2024,2025,2025-01-21,W Michigan,wmichigan,112,-9.3,https://www.teamrankings.com/college-football/ranking/schedule-strength-by-other?date=2025-01-21,0.16541353383458646,-1.0304124557756982
2024,2025,2025-01-21,Hawai'i,hawaii,113,-9.7,https://www.teamrankings.com/college-football/ranking/schedule-strength-by-other?date=2025-01-21,0.1578947368421053,-1.0762655961904573
2024,2025,2025-01-21,W Kentucky,wkentucky,114,-9.9,https://www.teamrankings.com/college-football/ranking/schedule-strength-by-other?date=2025-01-21,0.15037593984962405,-1.099192166397837
2024,2025,2025-01-21,Sam Houston,samhouston,115,-9.9,https://www.teamrankings.com/college-football/ranking/schedule-strength-by-other?date=2025-01-21,0.1428571428571429,-1.099192166397837
2024,2025,2025-01-21,Jacksonville St,jacksonvillest,116,-10.3,https://www.teamrankings.com/college-football/ranking/schedule-strength-by-other?date=2025-01-21,0.13533834586466165,-1.145045306812596
2024,2025,2025-01-21,Ball St,ballst,117,-10.5,https://www.teamrankings.com/college-football/ranking/schedule-strength-by-other?date=2025-01-21,0.1278195488721805,-1.1679718770199756
2024,2025,2025-01-21,San Diego St,sandiegost,118,-10.5,https://www.teamrankings.com/college-football/ranking/schedule-strength-by-other?date=2025-01-21,0.12030075187969924,-1.1679718770199756
2024,2025,2025-01-21,C Michigan,cmichigan,119,-10.6,https://www.teamrankings.com/college-football/ranking/schedule-strength-by-other?date=2025-01-21,0.1127819548872181,-1.1794351621236654
2024,2025,2025-01-21,Buffalo,buffalo,120,-10.7,https://www.teamrankings.com/college-football/ranking/schedule-strength-by-other?date=2025-01-21,0.10526315789473684,-1.1908984472273552
2024,2025,2025-01-21,Southern Miss,southernmiss,121,-10.8,https://www.teamrankings.com/college-football/ranking/schedule-strength-by-other?date=2025-01-21,0.09774436090225569,-1.2023617323310452
2024,2025,2025-01-21,New Mexico,newmexico,122,-11.0,https://www.teamrankings.com/college-football/ranking/schedule-strength-by-other?date=2025-01-21,0.09022556390977443,-1.2252883025384247
2024,2025,2025-01-21,UMass,umass,123,-11.1,https://www.teamrankings.com/college-football/ranking/schedule-strength-by-other?date=2025-01-21,0.08270676691729328,-1.2367515876421145
2024,2025,2025-01-21,Florida Atlantic,floridaatlantic,124,-11.1,https://www.teamrankings.com/college-football/ranking/schedule-strength-by-other?date=2025-01-21,0.07518796992481203,-1.2367515876421145
2024,2025,2025-01-21,E Michigan,emichigan,125,-11.9,https://www.teamrankings.com/college-football/ranking/schedule-strength-by-other?date=2025-01-21,0.06766917293233088,-1.3284578684716328
2024,2025,2025-01-21,Louisiana Tech,louisianatech,126,-13.2,https://www.teamrankings.com/college-football/ranking/schedule-strength-by-other?date=2025-01-21,0.06015037593984962,-1.4774805748196
2024,2025,2025-01-21,Kennesaw St,kennesawst,127,-14.0,https://www.teamrankings.com/college-football/ranking/schedule-strength-by-other?date=2025-01-21,0.052631578947368474,-1.5691868556491184
2024,2025,2025-01-21,Tulsa,tulsa,128,-14.2,https://www.teamrankings.com/college-football/ranking/schedule-strength-by-other?date=2025-01-21,0.045112781954887216,-1.592113425856498
2024,2025,2025-01-21,Liberty,liberty,129,-14.7,https://www.teamrankings.com/college-football/ranking/schedule-strength-by-other?date=2025-01-21,0.03759398496240607,-1.6494298513749468
2024,2025,2025-01-21,Florida Intl,floridaintl,130,-14.8,https://www.teamrankings.com/college-football/ranking/schedule-strength-by-other?date=2025-01-21,0.03007518796992481,-1.6608931364786368
2024,2025,2025-01-21,Middle Tenn,middletenn,131,-15.2,https://www.teamrankings.com/college-football/ranking/schedule-strength-by-other?date=2025-01-21,0.022556390977443663,-1.7067462768933959
2024,2025,2025-01-21,New Mexico St,newmexicost,132,-15.3,https://www.teamrankings.com/college-football/ranking/schedule-strength-by-other?date=2025-01-21,0.015037593984962405,-1.7182095619970859
2024,2025,2025-01-21,Kent St,kentst,133,-15.4,https://www.teamrankings.com/college-football/ranking/schedule-strength-by-other?date=2025-01-21,0.007518796992481258,-1.7296728471007756
2024,2025,2025-01-21,UTEP,utep,134,-15.7,https://www.teamrankings.com/college-football/ranking/schedule-strength-by-other?date=2025-01-21,0.0,-1.7640627024118447
2025,2026,2026-01-20,Indiana,indiana,1,20.6,https://www.teamrankings.com/college-football/ranking/schedule-strength-by-other?date=2026-01-20,1.0,2.16056182204803
2025,2026,2026-01-20,Oregon,oregon,2,18.3,https://www.teamrankings.com/college-football/ranking/schedule-strength-by-other?date=2026-01-20,0.9925925925925926,1.9190236741078501
2025,2026,2026-01-20,Ohio St,ohiost,3,17.3,https://www.teamrankings.com/college-football/ranking/schedule-strength-by-other?date=2026-01-20,0.9851851851851852,1.8140070880469021
2025,2026,2026-01-20,Alabama,alabama,4,16.7,https://www.teamrankings.com/college-football/ranking/schedule-strength-by-other?date=2026-01-20,0.9777777777777777,1.7509971364103334
2025,2026,2026-01-20,Miami,miami,5,16.7,https://www.teamrankings.com/college-football/ranking/schedule-strength-by-other?date=2026-01-20,0.9703703703703703,1.7509971364103334
2025,2026,2026-01-20,Georgia,georgia,6,14.0,https://www.teamrankings.com/college-football/ranking/schedule-strength-by-other?date=2026-01-20,0.962962962962963,1.4674523540457742
2025,2026,2026-01-20,Texas,texas,7,13.8,https://www.teamrankings.com/college-football/ranking/schedule-strength-by-other?date=2026-01-20,0.9555555555555556,1.4464490368335847
2025,2026,2026-01-20,Iowa,iowa,8,13.7,https://www.teamrankings.com/college-football/ranking/schedule-strength-by-other?date=2026-01-20,0.9481481481481482,1.4359473782274899
2025,2026,2026-01-20,Texas A&M,texasaandm,9,13.6,https://www.teamrankings.com/college-football/ranking/schedule-strength-by-other?date=2026-01-20,0.9407407407407408,1.425445719621395
2025,2026,2026-01-20,Florida,florida,10,13.5,https://www.teamrankings.com/college-football/ranking/schedule-strength-by-other?date=2026-01-20,0.9333333333333333,1.4149440610153003
2025,2026,2026-01-20,Oklahoma,oklahoma,11,13.3,https://www.teamrankings.com/college-football/ranking/schedule-strength-by-other?date=2026-01-20,0.9259259259259259,1.3939407438031108
2025,2026,2026-01-20,Penn St,pennst,12,13.2,https://www.teamrankings.com/college-football/ranking/schedule-strength-by-other?date=2026-01-20,0.9185185185185185,1.3834390851970157
2025,2026,2026-01-20,Texas Tech,texastech,13,13.1,https://www.teamrankings.com/college-football/ranking/schedule-strength-by-other?date=2026-01-20,0.9111111111111111,1.372937426590921
2025,2026,2026-01-20,Notre Dame,notredame,14,12.9,https://www.teamrankings.com/college-football/ranking/schedule-strength-by-other?date=2026-01-20,0.9037037037037037,1.3519341093787316
2025,2026,2026-01-20,USC,usc,15,12.3,https://www.teamrankings.com/college-football/ranking/schedule-strength-by-other?date=2026-01-20,0.8962962962962963,1.2889241577421628
2025,2026,2026-01-20,Mississippi,mississippi,16,12.2,https://www.teamrankings.com/college-football/ranking/schedule-strength-by-other?date=2026-01-20,0.8888888888888888,1.278422499136068
2025,2026,2026-01-20,Vanderbilt,vanderbilt,17,11.7,https://www.teamrankings.com/college-football/ranking/schedule-strength-by-other?date=2026-01-20,0.8814814814814815,1.225914206105594
2025,2026,2026-01-20,Michigan,michigan,18,11.4,https://www.teamrankings.com/college-football/ranking/schedule-strength-by-other?date=2026-01-20,0.8740740740740741,1.1944092302873097
2025,2026,2026-01-20,LSU,lsu,19,11.4,https://www.teamrankings.com/college-football/ranking/schedule-strength-by-other?date=2026-01-20,0.8666666666666667,1.1944092302873097
2025,2026,2026-01-20,BYU,byu,20,11.1,https://www.teamrankings.com/college-football/ranking/schedule-strength-by-other?date=2026-01-20,0.8592592592592593,1.1629042544690253
2025,2026,2026-01-20,Auburn,auburn,21,11.0,https://www.teamrankings.com/college-football/ranking/schedule-strength-by-other?date=2026-01-20,0.8518518518518519,1.1524025958629307
2025,2026,2026-01-20,South Carolina,southcarolina,22,10.8,https://www.teamrankings.com/college-football/ranking/schedule-strength-by-other?date=2026-01-20,0.8444444444444444,1.1313992786507412
2025,2026,2026-01-20,Arkansas,arkansas,23,10.7,https://www.teamrankings.com/college-football/ranking/schedule-strength-by-other?date=2026-01-20,0.837037037037037,1.120897620044646
2025,2026,2026-01-20,Wisconsin,wisconsin,24,10.6,https://www.teamrankings.com/college-football/ranking/schedule-strength-by-other?date=2026-01-20,0.8296296296296296,1.1103959614385515
2025,2026,2026-01-20,Illinois,illinois,25,10.3,https://www.teamrankings.com/college-football/ranking/schedule-strength-by-other?date=2026-01-20,0.8222222222222222,1.0788909856202673
2025,2026,2026-01-20,Missouri,missouri,26,10.1,https://www.teamrankings.com/college-football/ranking/schedule-strength-by-other?date=2026-01-20,0.8148148148148149,1.0578876684080776
2025,2026,2026-01-20,Tennessee,tennessee,27,9.8,https://www.teamrankings.com/college-football/ranking/schedule-strength-by-other?date=2026-01-20,0.8074074074074074,1.0263826925897932
2025,2026,2026-01-20,Utah,utah,28,9.7,https://www.teamrankings.com/college-football/ranking/schedule-strength-by-other?date=2026-01-20,0.8,1.0158810339836983
2025,2026,2026-01-20,Kentucky,kentucky,29,9.5,https://www.teamrankings.com/college-football/ranking/schedule-strength-by-other?date=2026-01-20,0.7925925925925926,0.9948777167715088
2025,2026,2026-01-20,Washington,washington,30,9.5,https://www.teamrankings.com/college-football/ranking/schedule-strength-by-other?date=2026-01-20,0.7851851851851852,0.9948777167715088
2025,2026,2026-01-20,UCLA,ucla,31,8.8,https://www.teamrankings.com/college-football/ranking/schedule-strength-by-other?date=2026-01-20,0.7777777777777778,0.9213661065288454
2025,2026,2026-01-20,Florida St,floridast,32,8.5,https://www.teamrankings.com/college-football/ranking/schedule-strength-by-other?date=2026-01-20,0.7703703703703704,0.889861130710561
2025,2026,2026-01-20,Mississippi St,mississippist,33,8.1,https://www.teamrankings.com/college-football/ranking/schedule-strength-by-other?date=2026-01-20,0.762962962962963,0.8478544962861818
2025,2026,2026-01-20,Nebraska,nebraska,34,7.8,https://www.teamrankings.com/college-football/ranking/schedule-strength-by-other?date=2026-01-20,0.7555555555555555,0.8163495204678975
2025,2026,2026-01-20,Clemson,clemson,35,7.1,https://www.teamrankings.com/college-football/ranking/schedule-strength-by-other?date=2026-01-20,0.7481481481481482,0.742837910225234
2025,2026,2026-01-20,TCU,tcu,36,7.0,https://www.teamrankings.com/college-football/ranking/schedule-strength-by-other?date=2026-01-20,0.7407407407407407,0.7323362516191393
2025,2026,2026-01-20,Arizona St,arizonast,37,7.0,https://www.teamrankings.com/college-football/ranking/schedule-strength-by-other?date=2026-01-20,0.7333333333333334,0.7323362516191393
2025,2026,2026-01-20,NC State,ncstate,38,7.0,https://www.teamrankings.com/college-football/ranking/schedule-strength-by-other?date=2026-01-20,0.7259259259259259,0.7323362516191393
2025,2026,2026-01-20,Rutgers,rutgers,39,6.8,https://www.teamrankings.com/college-football/ranking/schedule-strength-by-other?date=2026-01-20,0.7185185185185186,0.7113329344069498
2025,2026,2026-01-20,Kansas St,kansasst,40,6.8,https://www.teamrankings.com/college-football/ranking/schedule-strength-by-other?date=2026-01-20,0.7111111111111111,0.7113329344069498
2025,2026,2026-01-20,Baylor,baylor,41,6.6,https://www.teamrankings.com/college-football/ranking/schedule-strength-by-other?date=2026-01-20,0.7037037037037037,0.6903296171947602
2025,2026,2026-01-20,Pittsburgh,pittsburgh,42,6.4,https://www.teamrankings.com/college-football/ranking/schedule-strength-by-other?date=2026-01-20,0.6962962962962963,0.6693262999825706
2025,2026,2026-01-20,Michigan St,michiganst,43,6.3,https://www.teamrankings.com/college-football/ranking/schedule-strength-by-other?date=2026-01-20,0.6888888888888889,0.6588246413764758
2025,2026,2026-01-20,Louisville,louisville,44,6.3,https://www.teamrankings.com/college-football/ranking/schedule-strength-by-other?date=2026-01-20,0.6814814814814815,0.6588246413764758
2025,2026,2026-01-20,SMU,smu,45,6.2,https://www.teamrankings.com/college-football/ranking/schedule-strength-by-other?date=2026-01-20,0.674074074074074,0.648322982770381
2025,2026,2026-01-20,Arizona,arizona,46,6.1,https://www.teamrankings.com/college-football/ranking/schedule-strength-by-other?date=2026-01-20,0.6666666666666667,0.6378213241642862
2025,2026,2026-01-20,Kansas,kansas,47,6.1,https://www.teamrankings.com/college-football/ranking/schedule-strength-by-other?date=2026-01-20,0.6592592592592592,0.6378213241642862
2025,2026,2026-01-20,Iowa St,iowast,48,6.0,https://www.teamrankings.com/college-football/ranking/schedule-strength-by-other?date=2026-01-20,0.6518518518518519,0.6273196655581914
2025,2026,2026-01-20,Virginia Tech,virginiatech,49,5.7,https://www.teamrankings.com/college-football/ranking/schedule-strength-by-other?date=2026-01-20,0.6444444444444444,0.5958146897399071
2025,2026,2026-01-20,Purdue,purdue,50,5.6,https://www.teamrankings.com/college-football/ranking/schedule-strength-by-other?date=2026-01-20,0.6370370370370371,0.5853130311338123
2025,2026,2026-01-20,Northwestern,northwestern,51,5.5,https://www.teamrankings.com/college-football/ranking/schedule-strength-by-other?date=2026-01-20,0.6296296296296297,0.5748113725277175
2025,2026,2026-01-20,Georgia Tech,georgiatech,52,5.5,https://www.teamrankings.com/college-football/ranking/schedule-strength-by-other?date=2026-01-20,0.6222222222222222,0.5748113725277175
2025,2026,2026-01-20,West Virginia,westvirginia,53,5.1,https://www.teamrankings.com/college-football/ranking/schedule-strength-by-other?date=2026-01-20,0.6148148148148148,0.5328047381033384
2025,2026,2026-01-20,Cincinnati,cincinnati,54,5.0,https://www.teamrankings.com/college-football/ranking/schedule-strength-by-other?date=2026-01-20,0.6074074074074074,0.5223030794972436
2025,2026,2026-01-20,Colorado,colorado,55,4.6,https://www.teamrankings.com/college-football/ranking/schedule-strength-by-other?date=2026-01-20,0.6,0.48029644507286445
2025,2026,2026-01-20,Duke,duke,56,4.4,https://www.teamrankings.com/college-football/ranking/schedule-strength-by-other?date=2026-01-20,0.5925925925925926,0.45929312786067494
2025,2026,2026-01-20,Minnesota,minnesota,57,3.9,https://www.teamrankings.com/college-football/ranking/schedule-strength-by-other?date=2026-01-20,0.5851851851851853,0.4067848348302009
2025,2026,2026-01-20,Stanford,stanford,58,3.8,https://www.teamrankings.com/college-football/ranking/schedule-strength-by-other?date=2026-01-20,0.5777777777777777,0.39628317622410614
2025,2026,2026-01-20,Virginia,virginia,59,3.8,https://www.teamrankings.com/college-football/ranking/schedule-strength-by-other?date=2026-01-20,0.5703703703703704,0.39628317622410614
2025,2026,2026-01-20,Houston,houston,60,3.0,https://www.teamrankings.com/college-football/ranking/schedule-strength-by-other?date=2026-01-20,0.5629629629629629,0.3122699073753478
2025,2026,2026-01-20,S Florida,sflorida,61,3.0,https://www.teamrankings.com/college-football/ranking/schedule-strength-by-other?date=2026-01-20,0.5555555555555556,0.3122699073753478
2025,2026,2026-01-20,Maryland,maryland,62,3.0,https://www.teamrankings.com/college-football/ranking/schedule-strength-by-other?date=2026-01-20,0.5481481481481482,0.3122699073753478
2025,2026,2026-01-20,Boston College,bostoncollege,63,2.4,https://www.teamrankings.com/college-football/ranking/schedule-strength-by-other?date=2026-01-20,0.5407407407407407,0.24925995573877913
2025,2026,2026-01-20,Syracuse,syracuse,64,2.4,https://www.teamrankings.com/college-football/ranking/schedule-strength-by-other?date=2026-01-20,0.5333333333333333,0.24925995573877913
2025,2026,2026-01-20,UCF,ucf,65,1.8,https://www.teamrankings.com/college-football/ranking/schedule-strength-by-other?date=2026-01-20,0.5259259259259259,0.18625000410221046
2025,2026,2026-01-20,Wake Forest,wakeforest,66,1.7,https://www.teamrankings.com/college-football/ranking/schedule-strength-by-other?date=2026-01-20,0.5185185185185186,0.17574834549611565
2025,2026,2026-01-20,Tulane,tulane,67,1.0,https://www.teamrankings.com/college-football/ranking/schedule-strength-by-other?date=2026-01-20,0.5111111111111111,0.10223673525345216
2025,2026,2026-01-20,Washington St,washingtonst,68,0.7,https://www.teamrankings.com/college-football/ranking/schedule-strength-by-other?date=2026-01-20,0.5037037037037038,0.0707317594351678
2025,2026,2026-01-20,California,california,69,-0.1,https://www.teamrankings.com/college-football/ranking/schedule-strength-by-other?date=2026-01-20,0.49629629629629635,-0.013281509413590482
2025,2026,2026-01-20,Oklahoma St,oklahomast,70,-0.4,https://www.teamrankings.com/college-football/ranking/schedule-strength-by-other?date=2026-01-20,0.48888888888888893,-0.04478648523187484
2025,2026,2026-01-20,North Carolina,northcarolina,71,-0.7,https://www.teamrankings.com/college-football/ranking/schedule-strength-by-other?date=2026-01-20,0.4814814814814815,-0.07629146105015919
2025,2026,2026-01-20,J Madison,jmadison,72,-0.7,https://www.teamrankings.com/college-football/ranking/schedule-strength-by-other?date=2026-01-20,0.4740740740740741,-0.07629146105015919
2025,2026,2026-01-20,Boise St,boisest,73,-0.7,https://www.teamrankings.com/college-football/ranking/schedule-strength-by-other?date=2026-01-20,0.4666666666666667,-0.07629146105015919
2025,2026,2026-01-20,E Carolina,ecarolina,74,-1.1,https://www.teamrankings.com/college-football/ranking/schedule-strength-by-other?date=2026-01-20,0.45925925925925926,-0.11829809547453835
2025,2026,2026-01-20,Navy,navy,75,-2.2,https://www.teamrankings.com/college-football/ranking/schedule-strength-by-other?date=2026-01-20,0.45185185185185184,-0.233816340141581
2025,2026,2026-01-20,UTSA,utsa,76,-2.5,https://www.teamrankings.com/college-football/ranking/schedule-strength-by-other?date=2026-01-20,0.4444444444444444,-0.26532131595986536
2025,2026,2026-01-20,N Texas,ntexas,77,-2.8,https://www.teamrankings.com/college-football/ranking/schedule-strength-by-other?date=2026-01-20,0.437037037037037,-0.2968262917781497
2025,2026,2026-01-20,Old Dominion,olddominion,78,-2.9,https://www.teamrankings.com/college-football/ranking/schedule-strength-by-other?date=2026-01-20,0.4296296296296296,-0.3073279503842445
2025,2026,2026-01-20,Army,army,79,-3.5,https://www.teamrankings.com/college-football/ranking/schedule-strength-by-other?date=2026-01-20,0.4222222222222223,-0.3703379020208132
2025,2026,2026-01-20,Memphis,memphis,80,-3.5,https://www.teamrankings.com/college-football/ranking/schedule-strength-by-other?date=2026-01-20,0.41481481481481486,-0.3703379020208132
2025,2026,2026-01-20,Utah St,utahst,81,-4.3,https://www.teamrankings.com/college-football/ranking/schedule-strength-by-other?date=2026-01-20,0.40740740740740744,-0.45435117086957144
2025,2026,2026-01-20,New Mexico,newmexico,82,-4.9,https://www.teamrankings.com/college-football/ranking/schedule-strength-by-other?date=2026-01-20,0.4,-0.5173611225061402
2025,2026,2026-01-20,Toledo,toledo,83,-5.1,https://www.teamrankings.com/college-football/ranking/schedule-strength-by-other?date=2026-01-20,0.3925925925925926,-0.5383644397183297
2025,2026,2026-01-20,Temple,temple,84,-5.3,https://www.teamrankings.com/college-football/ranking/schedule-strength-by-other?date=2026-01-20,0.3851851851851852,-0.5593677569305193
2025,2026,2026-01-20,Colorado St,coloradost,85,-5.3,https://www.teamrankings.com/college-football/ranking/schedule-strength-by-other?date=2026-01-20,0.37777777777777777,-0.5593677569305193
2025,2026,2026-01-20,San Diego St,sandiegost,86,-5.4,https://www.teamrankings.com/college-football/ranking/schedule-strength-by-other?date=2026-01-20,0.37037037037037035,-0.5698694155366141
2025,2026,2026-01-20,UNLV,unlv,87,-6.3,https://www.teamrankings.com/college-football/ranking/schedule-strength-by-other?date=2026-01-20,0.36296296296296293,-0.6643843429914671
2025,2026,2026-01-20,Oregon St,oregonst,88,-6.3,https://www.teamrankings.com/college-football/ranking/schedule-strength-by-other?date=2026-01-20,0.3555555555555555,-0.6643843429914671
2025,2026,2026-01-20,Air Force,airforce,89,-6.4,https://www.teamrankings.com/college-football/ranking/schedule-strength-by-other?date=2026-01-20,0.3481481481481481,-0.674886001597562
2025,2026,2026-01-20,Fresno St,fresnost,90,-7.1,https://www.teamrankings.com/college-football/ranking/schedule-strength-by-other?date=2026-01-20,0.3407407407407408,-0.7483976118402254
2025,2026,2026-01-20,W Michigan,wmichigan,91,-7.2,https://www.teamrankings.com/college-football/ranking/schedule-strength-by-other?date=2026-01-20,0.33333333333333337,-0.7588992704463202
2025,2026,2026-01-20,Hawai'i,hawaii,92,-7.2,https://www.teamrankings.com/college-football/ranking/schedule-strength-by-other?date=2026-01-20,0.32592592592592595,-0.7588992704463202
2025,2026,2026-01-20,San Jose St,sanjosest,93,-7.6,https://www.teamrankings.com/college-football/ranking/schedule-strength-by-other?date=2026-01-20,0.31851851851851853,-0.8009059048706993
2025,2026,2026-01-20,Miami OH,miamioh,94,-7.7,https://www.teamrankings.com/college-football/ranking/schedule-strength-by-other?date=2026-01-20,0.3111111111111111,-0.8114075634767942
2025,2026,2026-01-20,Texas St,texasst,95,-7.8,https://www.teamrankings.com/college-football/ranking/schedule-strength-by-other?date=2026-01-20,0.3037037037037037,-0.821909222082889
2025,2026,2026-01-20,Nevada,nevada,96,-8.1,https://www.teamrankings.com/college-football/ranking/schedule-strength-by-other?date=2026-01-20,0.2962962962962963,-0.8534141979011733
2025,2026,2026-01-20,Ohio,ohio,97,-8.2,https://www.teamrankings.com/college-football/ranking/schedule-strength-by-other?date=2026-01-20,0.28888888888888886,-0.8639158565072681
2025,2026,2026-01-20,Troy,troy,98,-8.3,https://www.teamrankings.com/college-football/ranking/schedule-strength-by-other?date=2026-01-20,0.28148148148148144,-0.8744175151133631
2025,2026,2026-01-20,Florida Atlantic,floridaatlantic,99,-8.3,https://www.teamrankings.com/college-football/ranking/schedule-strength-by-other?date=2026-01-20,0.274074074074074,-0.8744175151133631
2025,2026,2026-01-20,Wyoming,wyoming,100,-8.6,https://www.teamrankings.com/college-football/ranking/schedule-strength-by-other?date=2026-01-20,0.2666666666666667,-0.9059224909316472
2025,2026,2026-01-20,UAB,uab,101,-8.7,https://www.teamrankings.com/college-football/ranking/schedule-strength-by-other?date=2026-01-20,0.2592592592592593,-0.916424149537742
2025,2026,2026-01-20,Marshall,marshall,102,-9.2,https://www.teamrankings.com/college-football/ranking/schedule-strength-by-other?date=2026-01-20,0.2518518518518519,-0.968932442568216
2025,2026,2026-01-20,Coastal Car,coastalcar,103,-9.4,https://www.teamrankings.com/college-football/ranking/schedule-strength-by-other?date=2026-01-20,0.24444444444444446,-0.9899357597804056
2025,2026,2026-01-20,Tulsa,tulsa,104,-9.4,https://www.teamrankings.com/college-football/ranking/schedule-strength-by-other?date=2026-01-20,0.23703703703703705,-0.9899357597804056
2025,2026,2026-01-20,Georgia So,georgiaso,105,-9.6,https://www.teamrankings.com/college-football/ranking/schedule-strength-by-other?date=2026-01-20,0.22962962962962963,-1.0109390769925952
2025,2026,2026-01-20,UConn,uconn,106,-9.6,https://www.teamrankings.com/college-football/ranking/schedule-strength-by-other?date=2026-01-20,0.2222222222222222,-1.0109390769925952
2025,2026,2026-01-20,Rice,rice,107,-9.7,https://www.teamrankings.com/college-football/ranking/schedule-strength-by-other?date=2026-01-20,0.2148148148148148,-1.0214407355986899
2025,2026,2026-01-20,Charlotte,charlotte,108,-10.0,https://www.teamrankings.com/college-football/ranking/schedule-strength-by-other?date=2026-01-20,0.20740740740740737,-1.0529457114169742
2025,2026,2026-01-20,Georgia St,georgiast,109,-10.1,https://www.teamrankings.com/college-football/ranking/schedule-strength-by-other?date=2026-01-20,0.19999999999999996,-1.063447370023069
2025,2026,2026-01-20,Arkansas St,arkansasst,110,-10.2,https://www.teamrankings.com/college-football/ranking/schedule-strength-by-other?date=2026-01-20,0.19259259259259254,-1.0739490286291637
2025,2026,2026-01-20,S Alabama,salabama,111,-10.2,https://www.teamrankings.com/college-football/ranking/schedule-strength-by-other?date=2026-01-20,0.18518518518518523,-1.0739490286291637
2025,2026,2026-01-20,Kennesaw St,kennesawst,112,-10.3,https://www.teamrankings.com/college-football/ranking/schedule-strength-by-other?date=2026-01-20,0.1777777777777778,-1.0844506872352588
2025,2026,2026-01-20,C Michigan,cmichigan,113,-10.6,https://www.teamrankings.com/college-football/ranking/schedule-strength-by-other?date=2026-01-20,0.1703703703703704,-1.115955663053543
2025,2026,2026-01-20,Southern Miss,southernmiss,114,-10.6,https://www.teamrankings.com/college-football/ranking/schedule-strength-by-other?date=2026-01-20,0.16296296296296298,-1.115955663053543
2025,2026,2026-01-20,W Kentucky,wkentucky,115,-10.9,https://www.teamrankings.com/college-football/ranking/schedule-strength-by-other?date=2026-01-20,0.15555555555555556,-1.1474606388718274
2025,2026,2026-01-20,Liberty,liberty,116,-10.9,https://www.teamrankings.com/college-football/ranking/schedule-strength-by-other?date=2026-01-20,0.14814814814814814,-1.1474606388718274
2025,2026,2026-01-20,Louisiana Tech,louisianatech,117,-11.0,https://www.teamrankings.com/college-football/ranking/schedule-strength-by-other?date=2026-01-20,0.14074074074074072,-1.1579622974779222
2025,2026,2026-01-20,Louisiana,louisiana,118,-11.0,https://www.teamrankings.com/college-football/ranking/schedule-strength-by-other?date=2026-01-20,0.1333333333333333,-1.1579622974779222
2025,2026,2026-01-20,Missouri St,missourist,119,-11.0,https://www.teamrankings.com/college-football/ranking/schedule-strength-by-other?date=2026-01-20,0.12592592592592589,-1.1579622974779222
2025,2026,2026-01-20,Florida Intl,floridaintl,120,-11.5,https://www.teamrankings.com/college-football/ranking/schedule-strength-by-other?date=2026-01-20,0.11851851851851847,-1.2104705905083961
2025,2026,2026-01-20,UL Monroe,ulmonroe,121,-11.9,https://www.teamrankings.com/college-football/ranking/schedule-strength-by-other?date=2026-01-20,0.11111111111111116,-1.2524772249327754
2025,2026,2026-01-20,E Michigan,emichigan,122,-12.0,https://www.teamrankings.com/college-football/ranking/schedule-strength-by-other?date=2026-01-20,0.10370370370370374,-1.26297888353887
2025,2026,2026-01-20,Delaware,delaware,123,-12.0,https://www.teamrankings.com/college-football/ranking/schedule-strength-by-other?date=2026-01-20,0.09629629629629632,-1.26297888353887
2025,2026,2026-01-20,App State,appstate,124,-12.1,https://www.teamrankings.com/college-football/ranking/schedule-strength-by-other?date=2026-01-20,0.0888888888888889,-1.2734805421449649
2025,2026,2026-01-20,N Illinois,nillinois,125,-12.4,https://www.teamrankings.com/college-football/ranking/schedule-strength-by-other?date=2026-01-20,0.08148148148148149,-1.3049855179632492
2025,2026,2026-01-20,Jacksonville St,jacksonvillest,126,-12.4,https://www.teamrankings.com/college-football/ranking/schedule-strength-by-other?date=2026-01-20,0.07407407407407407,-1.3049855179632492
2025,2026,2026-01-20,Sam Houston,samhouston,127,-12.5,https://www.teamrankings.com/college-football/ranking/schedule-strength-by-other?date=2026-01-20,0.06666666666666665,-1.3154871765693439
2025,2026,2026-01-20,Ball St,ballst,128,-12.9,https://www.teamrankings.com/college-football/ranking/schedule-strength-by-other?date=2026-01-20,0.059259259259259234,-1.3574938109937231
2025,2026,2026-01-20,Bowling Green,bowlinggreen,129,-13.1,https://www.teamrankings.com/college-football/ranking/schedule-strength-by-other?date=2026-01-20,0.051851851851851816,-1.3784971282059126
2025,2026,2026-01-20,Middle Tenn,middletenn,130,-13.4,https://www.teamrankings.com/college-football/ranking/schedule-strength-by-other?date=2026-01-20,0.0444444444444444,-1.410002104024197
2025,2026,2026-01-20,Buffalo,buffalo,131,-14.0,https://www.teamrankings.com/college-football/ranking/schedule-strength-by-other?date=2026-01-20,0.03703703703703709,-1.4730120556607658
2025,2026,2026-01-20,New Mexico St,newmexicost,132,-14.1,https://www.teamrankings.com/college-football/ranking/schedule-strength-by-other?date=2026-01-20,0.029629629629629672,-1.4835137142668604
2025,2026,2026-01-20,UTEP,utep,133,-14.6,https://www.teamrankings.com/college-football/ranking/schedule-strength-by-other?date=2026-01-20,0.022222222222222254,-1.5360220072973345
2025,2026,2026-01-20,Kent St,kentst,134,-14.9,https://www.teamrankings.com/college-football/ranking/schedule-strength-by-other?date=2026-01-20,0.014814814814814836,-1.5675269831156189
2025,2026,2026-01-20,Akron,akron,135,-16.3,https://www.teamrankings.com/college-football/ranking/schedule-strength-by-other?date=2026-01-20,0.007407407407407418,-1.714550203600946
2025,2026,2026-01-20,UMass,umass,136,-17.0,https://www.teamrankings.com/college-football/ranking/schedule-strength-by-other?date=2026-01-20,0.0,-1.7880618138436093
