draft_year,position,position_year_rank,player_name,result_type,draft_team,draft_round,draft_pick,model_score_best2of3_ppg,prospect_model_percentile_pooled,prospect_model_percentile_temporal,temporal_reference_n,all_years_position_rank_by_percentile,all_years_overall_rank_by_percentile,hit_probability,realized_primary_ppg,hit3,star3,best_rank3,outcome_complete,target_valid,training_rows_before_draft,college_match,fuzzy_match,scout_boost
2007,RB,1,Adrian Peterson,historical_oof,,,7,11.577407061048696,95.71045576407506,,0.0,21,74,,18.209375,1.0,1.0,4.0,1,1.0,44.0,,,
2007,RB,2,Marshawn Lynch,historical_oof,,,12,11.564200177362572,95.44235924932975,,0.0,22,78,,13.3725,1.0,0.0,12.0,1,1.0,44.0,,,
2007,RB,3,Garrett Wolfe,historical_oof,,,93,9.287128369758577,89.54423592493298,,0.0,48,170,,1.575,0.0,0.0,93.0,1,1.0,44.0,,,
2007,RB,4,Chris Henry,historical_oof,,,50,8.850243172976993,87.39946380697052,,0.0,56,200,,1.109375,0.0,0.0,88.0,1,1.0,44.0,,,
2007,RB,5,Tony Hunt,historical_oof,,,90,8.14903029207031,83.6461126005362,,0.0,71,257,,0.709375,0.0,0.0,110.0,1,1.0,44.0,,,
2007,RB,6,Brian Leonard,historical_oof,,,52,7.855985713281171,82.30563002680965,,0.0,76,277,,4.3343750000000005,0.0,0.0,56.0,1,1.0,44.0,,,
2007,RB,7,Brandon Jackson,historical_oof,,,63,7.802981681498915,82.03753351206434,,0.0,77,280,,4.690625,0.0,0.0,59.0,1,1.0,44.0,,,
2007,RB,8,Lorenzo Booker,historical_oof,,,71,7.301617445324322,78.55227882037534,,0.0,93,334,,2.39375,0.0,0.0,65.0,1,1.0,44.0,,,
2007,RB,9,Michael Bush,historical_oof,,,100,6.951799490248968,74.79892761394102,,0.0,107,389,,6.056875,0.0,0.0,45.0,1,1.0,44.0,,,
2007,RB,10,Kenny Irons,historical_oof,,,49,6.216578728425592,70.77747989276139,,0.0,123,449,,0.0,0.0,0.0,,1,1.0,44.0,,,
2007,RB,11,Antonio Pittman,historical_oof,,,107,6.124081771544967,70.24128686327077,,0.0,125,458,,2.4625000000000004,0.0,0.0,69.0,1,1.0,44.0,,,
2007,RB,12,Kolby Smith,historical_oof,,,148,4.888256910444239,61.93029490616622,,0.0,162,597,,3.771875,0.0,0.0,52.0,1,1.0,44.0,,,
2007,RB,13,Le'Ron McClain,historical_oof,,,137,3.999398942704896,49.32975871313673,,0.0,218,796,,7.846875,0.0,0.0,23.0,1,1.0,44.0,,,
2007,RB,14,DeShawn Wynn,historical_oof,,,228,3.585642909509196,42.89544235924933,,0.0,249,892,,2.6125,0.0,0.0,70.0,1,1.0,44.0,,,
2007,RB,15,Ahmad Bradshaw,historical_oof,,,250,3.572843288830199,42.62734584450402,,0.0,250,899,,6.69375,0.0,0.0,32.0,1,1.0,44.0,,,
2007,RB,16,Dwayne Wright,historical_oof,,,111,2.895683212774532,34.852546916890084,,0.0,283,1015,,0.378125,0.0,0.0,122.0,1,1.0,44.0,,,
2007,RB,17,Reagan Maui'a,historical_oof,,,181,2.368657099183356,26.80965147453083,,0.0,320,1140,,0.09375,0.0,0.0,141.0,1,1.0,44.0,,,
2007,RB,18,Thomas Clayton,historical_oof,,,186,1.948182483117865,21.447721179624665,,0.0,342,1224,,0.0,0.0,0.0,,1,1.0,44.0,,,
2007,RB,19,Kenneth Darby,historical_oof,,,246,1.5538892202061767,15.281501340482572,,0.0,369,1314,,2.8781250000000003,0.0,0.0,78.0,1,1.0,44.0,,,
2007,RB,20,Deon Anderson,historical_oof,,,195,1.4530205633063458,13.136729222520108,,0.0,377,1345,,0.640625,0.0,0.0,125.0,1,1.0,44.0,,,
2007,RB,21,Jason Snelling,historical_oof,,,244,0.8987195789603233,7.238605898123325,,0.0,400,1435,,5.259375,0.0,0.0,37.0,1,1.0,44.0,,,
2007,RB,22,Oren O'Neal,historical_oof,,,175,0.7304873544970416,6.166219839142091,,0.0,404,1450,,0.034375,0.0,0.0,151.0,1,1.0,44.0,,,
2007,RB,23,Nate Ilaoa,historical_oof,,,236,0.3196763128072422,3.753351206434316,,0.0,417,1492,,0.0,0.0,0.0,,1,1.0,44.0,,,
2007,RB,24,Justise Hairston,historical_oof,,,208,-2.23123131424774,0.2680965147453083,,0.0,430,1547,,0.0,0.0,0.0,,1,1.0,44.0,,,
2007,WR,1,Calvin Johnson,historical_oof,,,2,9.273544349489764,89.90476190476191,,0.0,65,165,,14.990625,1.0,1.0,3.0,1,1.0,61.0,,,
2007,WR,2,Robert Meachem,historical_oof,,,27,7.835107359693843,80.76190476190476,,0.0,118,298,,7.634375,0.0,0.0,27.0,1,1.0,61.0,,,
2007,WR,3,Dwayne Bowe,historical_oof,,,23,7.736383860544183,79.42857142857143,,0.0,126,319,,13.428125,1.0,0.0,14.0,1,1.0,61.0,,,
2007,WR,4,Ted Ginn,historical_oof,,,9,7.509706675170036,78.85714285714286,,0.0,130,328,,8.515625,0.0,0.0,32.0,1,1.0,61.0,,,
2007,WR,5,Anthony Gonzalez,historical_oof,,,32,6.777530170068006,74.28571428571429,,0.0,160,395,,8.125,0.0,0.0,42.0,1,1.0,61.0,,,
2007,WR,6,Craig Davis,historical_oof,,,30,6.651043548044192,73.90476190476191,,0.0,162,400,,1.790625,0.0,0.0,106.0,1,1.0,61.0,,,
2007,WR,7,Sidney Rice,historical_oof,,,44,6.405140858843532,72.0,,0.0,173,428,,11.23625,1.0,1.0,11.0,1,1.0,61.0,,,
2007,WR,8,Dwayne Jarrett,historical_oof,,,45,5.373692695578229,64.76190476190476,,0.0,220,549,,2.015625,0.0,0.0,108.0,1,1.0,61.0,,,
2007,WR,9,Steve Smith,historical_oof,,,51,4.909812593537416,61.523809523809526,,0.0,243,603,,12.23125,1.0,1.0,8.0,1,1.0,61.0,,,
2007,WR,10,Jacoby Jones,historical_oof,,,73,4.416866415816328,58.85714285714285,,0.0,265,649,,4.459375,0.0,0.0,64.0,1,1.0,61.0,,,
2007,WR,11,Mike Sims-Walker,historical_oof,,,79,4.130464961734697,56.38095238095238,,0.0,278,684,,7.1125,1.0,0.0,24.0,1,1.0,61.0,,,
2007,WR,12,Laurent Robinson,historical_oof,,,75,3.942050765306127,54.85714285714286,,0.0,289,709,,3.7624999999999993,0.0,0.0,78.0,1,1.0,61.0,,,
2007,WR,13,Ryne Robinson,historical_oof,,,118,3.561555761054424,50.095238095238095,,0.0,319,783,,0.234375,0.0,0.0,159.0,1,1.0,61.0,,,
2007,WR,14,Jordan Kent,historical_oof,,,210,3.461620291241498,47.80952380952381,,0.0,332,820,,0.046875,0.0,0.0,167.0,1,1.0,61.0,,,
2007,WR,15,James Jones,historical_oof,,,78,2.963992457482995,40.0,,0.0,380,940,,7.143750000000001,0.0,0.0,59.0,1,1.0,61.0,,,
2007,WR,16,Jason Hill,historical_oof,,,76,2.845306811224492,37.71428571428572,,0.0,394,975,,3.29375,0.0,0.0,83.0,1,1.0,61.0,,,
2007,WR,17,Johnnie Lee Higgins,historical_oof,,,99,2.8048033163265305,36.95238095238096,,0.0,398,985,,4.73125,0.0,0.0,63.0,1,1.0,61.0,,,
2007,WR,18,Dallas Baker,historical_oof,,,227,2.730461437074829,35.23809523809524,,0.0,408,1009,,0.05,0.0,0.0,172.0,1,1.0,61.0,,,
2007,WR,19,Joel Filani,historical_oof,,,188,2.526100637755104,31.61904761904762,,0.0,427,1062,,0.0,0.0,0.0,,1,1.0,61.0,,,
2007,WR,20,Roy Hall,historical_oof,,,169,2.4397484800170064,30.47619047619048,,0.0,435,1083,,0.059375,0.0,0.0,170.0,1,1.0,61.0,,,
2007,WR,21,Yamon Figurs,historical_oof,,,74,2.3362389477040804,29.142857142857142,,0.0,443,1105,,0.86875,0.0,0.0,140.0,1,1.0,61.0,,,
2007,WR,22,Aundrae Allison,historical_oof,,,146,2.187266687925171,26.666666666666668,,0.0,458,1145,,1.39375,0.0,0.0,129.0,1,1.0,61.0,,,
2007,WR,23,Paul Williams,historical_oof,,,80,2.117631972789116,25.71428571428571,,0.0,465,1159,,0.053125,0.0,0.0,171.0,1,1.0,61.0,,,
2007,WR,24,Jonathan Holland,historical_oof,,,254,2.093847597789116,25.52380952380953,,0.0,467,1163,,0.0,0.0,0.0,174.0,1,1.0,61.0,,,
2007,WR,25,Legedu Naanee,historical_oof,,,172,1.915136160714285,21.904761904761905,,0.0,488,1216,,2.4418750000000005,0.0,0.0,98.0,1,1.0,61.0,,,
2007,WR,26,John Broussard,historical_oof,,,229,1.879219972363944,20.952380952380956,,0.0,494,1230,,0.70625,0.0,0.0,130.0,1,1.0,61.0,,,
2007,WR,27,Steve Breaston,historical_oof,,,142,1.7924689838435377,19.047619047619047,,0.0,504,1256,,10.771875,0.0,0.0,25.0,1,1.0,61.0,,,
2007,WR,28,Chansi Stuckey,historical_oof,,,235,1.4883272959183669,14.857142857142858,,0.0,529,1319,,5.012499999999999,0.0,0.0,76.0,1,1.0,61.0,,,
2007,WR,29,Chris Davis,historical_oof,,,128,1.2997896471088446,9.142857142857142,,0.0,569,1406,,0.4312499999999999,0.0,0.0,156.0,1,1.0,61.0,,,
2007,WR,30,Derek Stanley,historical_oof,,,249,1.1760314200680264,5.714285714285714,,0.0,589,1457,,0.6375000000000001,0.0,0.0,134.0,1,1.0,61.0,,,
2007,WR,31,Syndric Steptoe,historical_oof,,,234,0.8768430059523813,2.4761904761904763,,0.0,610,1510,,1.1,0.0,0.0,117.0,1,1.0,61.0,,,
2007,WR,32,David Clowney,historical_oof,,,157,0.7787202806122445,1.5238095238095235,,0.0,617,1528,,1.3375,0.0,0.0,112.0,1,1.0,61.0,,,
2007,WR,33,Chandler Williams,historical_oof,,,233,0.7300135204081634,0.7619047619047619,,0.0,622,1540,,0.0,0.0,0.0,,1,1.0,61.0,,,
2007,WR,34,Courtney Taylor,historical_oof,,,197,0.7282509672619044,0.5714285714285714,,0.0,623,1541,,0.8624999999999999,0.0,0.0,135.0,1,1.0,61.0,,,
2008,QB,1,Matt Ryan,historical_oof,,,3,6.1542435424572375,72.72727272727273,,0.0,61,419,,14.0125,1.0,0.0,8.0,1,1.0,38.0,,,
2008,QB,2,Joe Flacco,historical_oof,,,18,5.622114833390763,72.1590909090909,,0.0,62,426,,13.6875,1.0,0.0,10.0,1,1.0,38.0,,,
2008,QB,3,Kevin O'Connell,historical_oof,,,94,3.175916931378236,61.36363636363637,,0.0,88,607,,0.0099999999999999,0.0,0.0,66.0,1,1.0,38.0,,,
2008,QB,4,Colt Brennan,historical_oof,,,186,2.8397196526406296,59.09090909090909,,0.0,92,645,,0.0,0.0,0.0,,1,1.0,38.0,,,
2008,QB,5,Dennis Dixon,historical_oof,,,156,2.7330200240063225,57.38636363636363,,0.0,95,667,,0.808125,0.0,0.0,50.0,1,1.0,38.0,,,
2008,QB,6,Andre Woodson,historical_oof,,,198,2.6319785781084,56.81818181818182,,0.0,96,679,,0.0,0.0,0.0,,1,1.0,38.0,,,
2008,QB,7,Chad Henne,historical_oof,,,57,2.242083803775589,51.13636363636363,,0.0,107,766,,9.420000000000002,0.0,0.0,23.0,1,1.0,38.0,,,
2008,QB,8,Brian Brohm,historical_oof,,,56,2.159975673283708,48.86363636363637,,0.0,112,802,,0.048125,0.0,0.0,65.0,1,1.0,38.0,,,
2008,QB,9,Matt Flynn,historical_oof,,,209,1.7155607527557095,39.20454545454545,,0.0,132,955,,0.8300000000000001,0.0,0.0,50.0,1,1.0,38.0,,,
2008,QB,10,John David Booty,historical_oof,,,137,1.6581430146742848,37.5,,0.0,135,978,,0.0,0.0,0.0,,1,1.0,38.0,,,
2008,QB,11,Josh Johnson,historical_oof,,,160,1.6406773535885093,36.93181818181818,,0.0,136,986,,1.5168749999999998,0.0,0.0,41.0,1,1.0,38.0,,,
2008,QB,12,Alex Brink,historical_oof,,,223,1.2732613288617185,29.545454545454547,,0.0,151,1095,,0.0,0.0,0.0,,1,1.0,38.0,,,
2008,QB,13,Erik Ainge,historical_oof,,,162,1.233496471933295,27.84090909090909,,0.0,156,1125,,0.0,0.0,0.0,,1,1.0,38.0,,,
2008,RB,1,Darren McFadden,historical_oof,,,4,11.885201209664686,96.24664879356568,,24.0,19,64,,12.4,1.0,0.0,8.0,1,1.0,68.0,,,
2008,RB,2,Chris Johnson,historical_oof,,,24,11.70432990309349,95.97855227882036,,24.0,20,72,,20.80625,1.0,1.0,1.0,1,1.0,68.0,,,
2008,RB,3,Jonathan Stewart,historical_oof,,,13,11.445164735964871,95.17426273458445,,24.0,23,82,,11.29375,0.0,0.0,14.0,1,1.0,68.0,,,
2008,RB,4,Felix Jones,historical_oof,,,22,10.762646761850842,94.1018766756032,,24.0,27,97,,9.325,0.0,0.0,22.0,1,1.0,68.0,,,
2008,RB,5,Rashard Mendenhall,historical_oof,,,23,10.2265706350252,92.22520107238606,,24.0,36,130,,13.903125,1.0,0.0,11.0,1,1.0,68.0,,,
2008,RB,6,Ray Rice,historical_oof,,,55,6.218400868545402,71.0455764075067,,24.0,122,445,,18.771875,1.0,1.0,2.0,1,1.0,68.0,,,
2008,RB,7,Ryan Torain,historical_oof,,,139,5.377816419695273,65.95174262734585,,24.0,147,529,,4.7375,0.0,0.0,33.0,1,1.0,68.0,,,
2008,RB,8,Jamaal Charles,historical_oof,,,73,4.91524357466836,62.46648793565684,,24.0,160,588,,16.13125,1.0,1.0,4.0,1,1.0,68.0,,,
2008,RB,9,Kevin Smith,historical_oof,,,64,4.815368215615839,60.85790884718498,,24.0,167,615,,12.271875,0.0,0.0,17.0,1,1.0,68.0,,,
2008,RB,10,Steve Slaton,historical_oof,,,89,4.550135946664845,57.9088471849866,,24.0,180,661,,13.540625,1.0,0.0,7.0,1,1.0,68.0,,,
2008,RB,11,Tashard Choice,historical_oof,,,122,4.525799217019769,57.37265415549599,,24.0,182,668,,5.68125,0.0,0.0,52.0,1,1.0,68.0,,,
2008,RB,12,Matt Forte,historical_oof,,,44,4.071243786693197,50.40214477211797,,24.0,214,780,,17.815625,1.0,1.0,2.0,1,1.0,68.0,,,
2008,RB,13,Chauncey Washington,historical_oof,,,213,3.950264584569964,48.525469168900806,,24.0,222,809,,0.0875,0.0,0.0,153.0,1,1.0,68.0,,,
2008,RB,14,Xavier Omon,historical_oof,,,179,3.941521590773708,47.98927613941019,,24.0,226,818,,0.084375,0.0,0.0,152.0,1,1.0,68.0,,,
2008,RB,15,Thomas Brown,historical_oof,,,172,3.59378786126713,43.43163538873995,,24.0,247,884,,0.0,0.0,0.0,,1,1.0,68.0,,,
2008,RB,16,Owen Schmitt,historical_oof,,,163,3.234042347388624,38.8739946380697,,24.0,267,958,,1.646875,0.0,0.0,81.0,1,1.0,68.0,,,
2008,RB,17,Jalen Parmele,historical_oof,,,176,3.2007962777301486,38.6058981233244,,24.0,268,963,,0.1375,0.0,0.0,152.0,1,1.0,68.0,,,
2008,RB,18,Tim Hightower,historical_oof,,,149,3.12073807292872,36.99731903485255,,24.0,274,984,,11.296875,0.0,0.0,15.0,1,1.0,68.0,,,
2008,RB,19,Lex Hilliard,historical_oof,,,204,2.7767596798646474,32.43967828418231,,24.0,295,1050,,2.0,0.0,0.0,68.0,1,1.0,68.0,,,
2008,RB,20,Jerome Felton,historical_oof,,,146,2.745626578877795,31.36729222520107,,24.0,299,1067,,1.5593750000000002,0.0,0.0,90.0,1,1.0,68.0,,,
2008,RB,21,Jacob Hester,historical_oof,,,69,2.62663915866853,29.75871313672922,,24.0,306,1091,,2.784375,0.0,0.0,73.0,1,1.0,68.0,,,
2008,RB,22,Mike Hart,historical_oof,,,202,1.92272295320818,20.37533512064343,,24.0,346,1238,,1.7625,0.0,0.0,84.0,1,1.0,68.0,,,
2008,RB,23,Marcus Thomas,historical_oof,,,166,1.8411459383501367,19.034852546916888,,24.0,352,1257,,0.0,0.0,0.0,167.0,1,1.0,68.0,,,
2008,RB,24,Allen Patrick,historical_oof,,,240,1.266901040808689,10.991957104557642,,24.0,386,1378,,0.0,0.0,0.0,,1,1.0,68.0,,,
2008,RB,25,Cory Boyd,historical_oof,,,238,0.8547712582658351,6.702412868632708,,24.0,402,1443,,0.0,0.0,0.0,167.0,1,1.0,68.0,,,
2008,RB,26,Justin Forsett,historical_oof,,,233,0.4713788144944968,4.021447721179625,,24.0,416,1486,,9.003124999999999,0.0,0.0,27.0,1,1.0,68.0,,,
2008,RB,27,Peyton Hillis,historical_oof,,,227,0.1735147781254449,3.2171581769437,,24.0,419,1500,,12.41,1.0,1.0,3.0,1,1.0,68.0,,,
2008,WR,1,James Hardy,historical_oof,,,41,10.387676198979586,93.9047619047619,100.0,34.0,41,101,,0.9874999999999998,0.0,0.0,122.0,1,1.0,95.0,,,
2008,WR,2,Jordy Nelson,historical_oof,,,36,9.260577959183664,89.52380952380953,97.05882352941175,34.0,67,171,,6.0875,0.0,0.0,65.0,1,1.0,95.0,,,
2008,WR,3,Malcolm Kelly,historical_oof,,,51,8.573596675170062,84.95238095238096,97.05882352941175,34.0,94,239,,2.015625,0.0,0.0,99.0,1,1.0,95.0,,,
2008,WR,4,Donnie Avery,historical_oof,,,33,8.102046738945567,82.85714285714286,97.05882352941175,34.0,106,268,,9.0375,0.0,0.0,37.0,1,1.0,95.0,,,
2008,WR,5,DeSean Jackson,historical_oof,,,49,7.121062240646257,76.95238095238095,88.23529411764706,34.0,146,359,,14.7625,1.0,1.0,10.0,1,1.0,95.0,,,
2008,WR,6,Devin Thomas,historical_oof,,,34,7.074534965986391,76.76190476190476,88.23529411764706,34.0,147,361,,3.5500000000000007,0.0,0.0,88.0,1,1.0,95.0,,,
2008,WR,7,Jerome Simpson,historical_oof,,,46,6.266576092687077,71.23809523809524,79.41176470588235,34.0,178,441,,1.971875,0.0,0.0,94.0,1,1.0,95.0,,,
2008,WR,8,Earl Bennett,historical_oof,,,70,6.206547967687075,70.66666666666667,79.41176470588235,34.0,182,451,,8.334375,0.0,0.0,42.0,1,1.0,95.0,,,
2008,WR,9,Limas Sweed,historical_oof,,,53,5.497481254251701,65.9047619047619,79.41176470588235,34.0,212,532,,0.434375,0.0,0.0,145.0,1,1.0,95.0,,,
2008,WR,10,Dexter Jackson,historical_oof,,,58,5.390123307823135,64.95238095238095,79.41176470588235,34.0,217,544,,0.0,0.0,0.0,177.0,1,1.0,95.0,,,
2008,WR,11,Lavelle Hawkins,historical_oof,,,126,4.152043652210885,56.76190476190476,70.58823529411765,34.0,276,680,,0.99375,0.0,0.0,128.0,1,1.0,95.0,,,
2008,WR,12,Harry Douglas,historical_oof,,,84,3.985685114795914,55.04761904761904,67.64705882352942,34.0,288,707,,4.275,0.0,0.0,82.0,1,1.0,95.0,,,
2008,WR,13,Mario Manningham,historical_oof,,,95,3.8601531547619023,53.52380952380953,64.70588235294117,34.0,297,728,,11.68125,1.0,0.0,21.0,1,1.0,95.0,,,
2008,WR,14,Eddie Royal,historical_oof,,,42,3.756385280612244,52.19047619047619,64.70588235294117,34.0,304,747,,11.678125,1.0,0.0,15.0,1,1.0,95.0,,,
2008,WR,15,Keenan Burton,historical_oof,,,128,3.4322028188775526,47.04761904761905,58.82352941176471,34.0,336,833,,2.728125,0.0,0.0,101.0,1,1.0,95.0,,,
2008,WR,16,Mario Urrutia,historical_oof,,,246,3.416369264455784,46.85714285714286,58.82352941176471,34.0,337,837,,0.0,0.0,0.0,,1,1.0,95.0,,,
2008,WR,17,Steve Johnson,historical_oof,,,224,3.348135994897957,45.14285714285714,58.82352941176471,34.0,347,862,,8.753124999999999,1.0,1.0,10.0,1,1.0,95.0,,,
2008,WR,18,Marcus Henry,historical_oof,,,171,3.1531295748299284,42.285714285714285,58.82352941176471,34.0,365,903,,0.0,0.0,0.0,,1,1.0,95.0,,,
2008,WR,19,Will Franklin,historical_oof,,,105,2.976894198554422,40.38095238095238,58.82352941176471,34.0,377,934,,0.478125,0.0,0.0,141.0,1,1.0,95.0,,,
2008,WR,20,Marcus Monk,historical_oof,,,248,2.9751307185374154,40.19047619047619,58.82352941176471,34.0,379,938,,0.0,0.0,0.0,,1,1.0,95.0,,,
2008,WR,21,Marcus Smith,historical_oof,,,106,2.9199662117346934,39.23809523809524,55.88235294117647,34.0,385,953,,0.0,0.0,0.0,177.0,1,1.0,95.0,,,
2008,WR,22,Andre Caldwell,historical_oof,,,97,2.8599823554421766,37.90476190476191,55.88235294117647,34.0,393,973,,5.4281250000000005,0.0,0.0,65.0,1,1.0,95.0,,,
2008,WR,23,Arman Shields,historical_oof,,,125,2.7445315263605443,35.42857142857142,50.0,34.0,407,1006,,0.0,0.0,0.0,,1,1.0,95.0,,,
2008,WR,24,Early Doucet,historical_oof,,,81,2.6237045790816325,32.95238095238095,47.05882352941176,34.0,420,1045,,3.3125,0.0,0.0,95.0,1,1.0,95.0,,,
2008,WR,25,Chaz Schilens,historical_oof,,,226,2.551285982142857,31.80952380952381,47.05882352941176,34.0,426,1060,,3.965625,0.0,0.0,85.0,1,1.0,95.0,,,
2008,WR,26,Matt Slater,historical_oof,,,153,2.4872720578231275,31.047619047619047,44.11764705882353,34.0,432,1073,,0.01875,0.0,0.0,173.0,1,1.0,95.0,,,
2008,WR,27,Adrian Arrington,historical_oof,,,237,2.280888903061226,28.19047619047619,38.23529411764706,34.0,448,1119,,0.465625,0.0,0.0,151.0,1,1.0,95.0,,,
2008,WR,28,Justin Harper,historical_oof,,,215,1.939861528486396,22.666666666666664,29.411764705882355,34.0,484,1205,,0.0,0.0,0.0,174.0,1,1.0,95.0,,,
2008,WR,29,Kenny Moore,historical_oof,,,136,1.8987777742346943,21.333333333333336,26.47058823529412,34.0,492,1225,,0.3718749999999999,0.0,0.0,138.0,1,1.0,95.0,,,
2008,WR,30,Brett Swain,historical_oof,,,217,1.8636582142857128,20.38095238095238,23.52941176470588,34.0,497,1237,,0.4125,0.0,0.0,152.0,1,1.0,95.0,,,
2008,WR,31,Paul Hubbard,historical_oof,,,191,1.8050741113945576,19.428571428571427,23.52941176470588,34.0,502,1251,,0.05625,0.0,0.0,178.0,1,1.0,95.0,,,
2008,WR,32,Jaymar Johnson,historical_oof,,,193,1.597332920918367,16.19047619047619,20.588235294117645,34.0,522,1302,,0.059375,0.0,0.0,162.0,1,1.0,95.0,,,
2008,WR,33,Kevin Robinson,historical_oof,,,182,1.3683505654761896,11.80952380952381,17.647058823529413,34.0,550,1365,,0.0,0.0,0.0,177.0,1,1.0,95.0,,,
2008,WR,34,Josh Morgan,historical_oof,,,174,1.317552614795919,10.285714285714285,17.647058823529413,34.0,561,1389,,7.946875,0.0,0.0,53.0,1,1.0,95.0,,,
2008,WR,35,Pierre Garcon,historical_oof,,,205,1.268235850340136,8.380952380952381,14.705882352941178,34.0,574,1418,,10.396875,0.0,0.0,28.0,1,1.0,95.0,,,
2008,TE,1,Dustin Keller,historical_oof,,,30,5.98507630608478,85.77586206896551,,0.0,40,227,,8.5375,0.0,0.0,13.0,1,1.0,38.0,,,
2008,TE,2,Fred Davis,historical_oof,,,48,5.358242129259623,81.89655172413794,,0.0,53,282,,6.421875,0.0,0.0,15.0,1,1.0,38.0,,,
2008,TE,3,Martellus Bennett,historical_oof,,,61,5.182298282441756,80.60344827586206,,0.0,56,301,,4.103125,0.0,0.0,29.0,1,1.0,38.0,,,
2008,TE,4,John Carlson,historical_oof,,,38,5.052959427853886,80.17241379310344,,0.0,57,309,,9.315625,1.0,0.0,7.0,1,1.0,38.0,,,
2008,TE,5,Martin Rucker,historical_oof,,,111,4.171089421035312,68.96551724137932,,0.0,85,479,,0.115625,0.0,0.0,91.0,1,1.0,38.0,,,
2008,TE,6,Derek Fine,historical_oof,,,132,3.490843165742988,59.48275862068966,,0.0,115,641,,1.275,0.0,0.0,53.0,1,1.0,38.0,,,
2008,TE,7,Matt Sherry,historical_oof,,,207,3.465530090980445,58.620689655172406,,0.0,117,652,,0.0,0.0,0.0,,1,1.0,38.0,,,
2008,TE,8,Jacob Tamme,historical_oof,,,127,3.458908262194155,58.189655172413794,,0.0,118,657,,5.01875,1.0,0.0,12.0,1,1.0,38.0,,,
2008,TE,9,Gary Barnidge,historical_oof,,,141,3.3355695504099083,56.46551724137932,,0.0,123,683,,1.13125,0.0,0.0,48.0,1,1.0,38.0,,,
2008,TE,10,Tom Santi,historical_oof,,,196,2.6869119167935223,46.55172413793103,,0.0,152,841,,1.2218749999999998,0.0,0.0,56.0,1,1.0,38.0,,,
2008,TE,11,Craig Stevens,historical_oof,,,85,2.676875607666143,45.689655172413794,,0.0,154,853,,1.1593749999999998,0.0,0.0,49.0,1,1.0,38.0,,,
2008,TE,12,Jermichael Finley,historical_oof,,,91,2.630595957465152,45.25862068965517,,0.0,155,860,,6.4906250000000005,1.0,0.0,12.0,1,1.0,38.0,,,
2008,TE,13,Kellen Davis,historical_oof,,,158,2.5869512168684494,43.53448275862069,,0.0,160,883,,1.35625,0.0,0.0,50.0,1,1.0,38.0,,,
2008,TE,14,Brad Cottam,historical_oof,,,76,0.9305046373864232,14.6551724137931,,0.0,239,1324,,1.071875,0.0,0.0,60.0,1,1.0,38.0,,,
2008,TE,15,Keith Zinger,historical_oof,,,232,0.4849099866700763,6.0344827586206895,,0.0,262,1453,,0.0,0.0,0.0,101.0,1,1.0,38.0,,,
2008,TE,16,Mike Merritt,historical_oof,,,239,0.4296309690309693,3.0172413793103448,,0.0,271,1502,,0.0,0.0,0.0,,1,1.0,38.0,,,
2009,QB,1,Matthew Stafford,historical_oof,,,1,8.242028228846484,75.0,,13.0,54,385,,14.7275,1.0,1.0,5.0,1,1.0,51.0,,,
2009,QB,2,Josh Freeman,historical_oof,,,17,8.164834102285484,74.43181818181817,,13.0,56,394,,14.485,1.0,0.0,7.0,1,1.0,51.0,,,
2009,QB,3,Mark Sanchez,historical_oof,,,5,8.110223125793208,73.86363636363636,,13.0,57,401,,13.73125,1.0,0.0,10.0,1,1.0,51.0,,,
2009,QB,4,Pat White,historical_oof,,,44,2.4681475368053047,55.68181818181818,,13.0,98,697,,0.253125,0.0,0.0,57.0,1,1.0,51.0,,,
2009,QB,5,Keith Null,historical_oof,,,196,2.4317096258196864,55.11363636363637,,13.0,99,706,,0.46625,0.0,0.0,51.0,1,1.0,51.0,,,
2009,QB,6,Curtis Painter,historical_oof,,,201,1.8525922442413536,40.340909090909086,,13.0,128,936,,2.260625,0.0,0.0,35.0,1,1.0,51.0,,,
2009,QB,7,Stephen McGee,historical_oof,,,101,1.7410146602617829,39.77272727272727,,13.0,129,944,,1.21875,0.0,0.0,51.0,1,1.0,51.0,,,
2009,QB,8,Rhett Bomar,historical_oof,,,151,1.612195496003915,36.36363636363637,,13.0,137,993,,0.0,0.0,0.0,,1,1.0,51.0,,,
2009,QB,9,Tom Brandstater,historical_oof,,,174,1.567178921145737,35.22727272727273,,13.0,139,1010,,0.0,0.0,0.0,72.0,1,1.0,51.0,,,
2009,QB,10,Mike Teel,historical_oof,,,178,0.9958483994265608,19.318181818181817,,13.0,173,1253,,0.0,0.0,0.0,,1,1.0,51.0,,,
2009,QB,11,Nate Davis,historical_oof,,,171,0.6771910372347626,6.25,,13.0,199,1449,,0.0,0.0,0.0,,1,1.0,51.0,,,
2009,RB,1,Beanie Wells,historical_oof,,,31,12.470954334090784,97.31903485254692,100.0,51.0,13,47,,9.984375,0.0,0.0,23.0,1,1.0,95.0,,,
2009,RB,2,Knowshon Moreno,historical_oof,,,12,11.204151949334545,94.90616621983914,90.19607843137256,51.0,24,84,,12.065625,0.0,0.0,19.0,1,1.0,95.0,,,
2009,RB,3,Donald Brown,historical_oof,,,27,11.015872850427993,94.63806970509384,90.19607843137256,51.0,25,90,,6.915625,0.0,0.0,37.0,1,1.0,95.0,,,
2009,RB,4,Shonn Greene,historical_oof,,,65,7.148634317244476,77.21179624664879,74.50980392156863,51.0,98,355,,9.534375,0.0,0.0,20.0,1,1.0,95.0,,,
2009,RB,5,LeSean McCoy,historical_oof,,,53,7.111779766278959,76.40750670241286,74.50980392156863,51.0,101,366,,19.55,1.0,1.0,2.0,1,1.0,95.0,,,
2009,RB,6,Glen Coffee,historical_oof,,,74,6.801938103977689,73.7265415549598,72.54901960784314,51.0,111,402,,1.475,0.0,0.0,78.0,1,1.0,95.0,,,
2009,RB,7,Mike Goodson,historical_oof,,,111,6.094382206143751,69.97319034852548,66.66666666666666,51.0,127,461,,4.26875,0.0,0.0,37.0,1,1.0,95.0,,,
2009,RB,8,Andre Brown,historical_oof,,,129,5.884393316006605,69.43699731903486,66.66666666666666,51.0,130,472,,0.0,0.0,0.0,166.0,1,1.0,95.0,,,
2009,RB,9,Gartrell Johnson,historical_oof,,,134,4.397591965598398,56.03217158176944,54.90196078431373,51.0,189,692,,0.359375,0.0,0.0,122.0,1,1.0,95.0,,,
2009,RB,10,James Davis,historical_oof,,,195,4.35658122864763,55.76407506702413,54.90196078431373,51.0,190,695,,0.640625,0.0,0.0,111.0,1,1.0,95.0,,,
2009,RB,11,Cedric Peerman,historical_oof,,,185,4.355776428512063,55.49597855227882,54.90196078431373,51.0,192,700,,0.115625,0.0,0.0,141.0,1,1.0,95.0,,,
2009,RB,12,Aaron Brown,historical_oof,,,192,4.105304387067667,51.7426273458445,54.90196078431373,51.0,207,754,,1.7125,0.0,0.0,84.0,1,1.0,95.0,,,
2009,RB,13,Javon Ringer,historical_oof,,,173,4.078086280412984,50.67024128686327,54.90196078431373,51.0,213,772,,3.640625,0.0,0.0,61.0,1,1.0,95.0,,,
2009,RB,14,Chris Ogbonnaya,historical_oof,,,211,3.658485532826913,44.77211796246649,47.05882352941176,51.0,242,867,,2.66875,0.0,0.0,55.0,1,1.0,95.0,,,
2009,RB,15,Eddie Williams,historical_oof,,,221,3.645356087813578,44.50402144772118,47.05882352941176,51.0,243,870,,0.090625,0.0,0.0,142.0,1,1.0,95.0,,,
2009,RB,16,Tony Fiammetta,historical_oof,,,128,3.615979570731069,43.69973190348526,47.05882352941176,51.0,246,881,,0.559375,0.0,0.0,117.0,1,1.0,95.0,,,
2009,RB,17,LaRod Stephens-Howling,historical_oof,,,240,3.5700266867443102,42.35924932975871,41.17647058823529,51.0,251,902,,3.796875,0.0,0.0,63.0,1,1.0,95.0,,,
2009,RB,18,Bernard Scott,historical_oof,,,209,3.300202740902571,39.41018766756032,41.17647058823529,51.0,265,952,,3.928125000000001,0.0,0.0,58.0,1,1.0,95.0,,,
2009,RB,19,Javarris Williams,historical_oof,,,212,3.129677399313084,37.26541554959786,37.25490196078432,51.0,273,981,,0.01875,0.0,0.0,159.0,1,1.0,95.0,,,
2009,RB,20,Frank Summers,historical_oof,,,169,2.9883651700895024,36.193029490616624,35.294117647058826,51.0,277,995,,0.0,0.0,0.0,,1,1.0,95.0,,,
2009,RB,21,Quinn Johnson,historical_oof,,,145,2.96596423468207,35.924932975871315,35.294117647058826,51.0,279,999,,0.3625,0.0,0.0,130.0,1,1.0,95.0,,,
2009,RB,22,Fui Vakapuna,historical_oof,,,215,2.124779381567889,23.86058981233244,25.49019607843137,51.0,333,1189,,0.0,0.0,0.0,,1,1.0,95.0,,,
2009,RB,23,Rashad Jennings,historical_oof,,,250,1.2401870663204282,10.455764075067025,13.725490196078432,51.0,388,1386,,5.328125,0.0,0.0,41.0,1,1.0,95.0,,,
2009,WR,1,Hakeem Nicks,historical_oof,,,29,10.308579158163266,93.52380952380952,98.55072463768116,69.0,43,109,,15.23125,1.0,1.0,8.0,1,1.0,130.0,,,
2009,WR,2,Jeremy Maclin,historical_oof,,,19,10.214524982993195,93.33333333333331,98.55072463768116,69.0,44,110,,12.65625,1.0,0.0,15.0,1,1.0,130.0,,,
2009,WR,3,Michael Crabtree,historical_oof,,,10,9.784168299319726,91.23809523809524,98.55072463768116,69.0,58,146,,10.971875,0.0,0.0,27.0,1,1.0,130.0,,,
2009,WR,4,Kenny Britt,historical_oof,,,30,8.176844523809523,83.80952380952381,94.20289855072464,69.0,101,256,,9.425,0.0,0.0,34.0,1,1.0,130.0,,,
2009,WR,5,Percy Harvin,historical_oof,,,22,7.755936696428563,80.0,91.30434782608695,69.0,123,312,,15.021875,1.0,1.0,7.0,1,1.0,130.0,,,
2009,WR,6,Darrius Heyward-Bey,historical_oof,,,7,6.836400471938773,74.85714285714286,85.5072463768116,69.0,157,388,,7.965625,0.0,0.0,28.0,1,1.0,130.0,,,
2009,WR,7,Deon Butler,historical_oof,,,91,5.457716377551019,65.33333333333333,76.81159420289855,69.0,215,540,,4.112500000000001,0.0,0.0,74.0,1,1.0,130.0,,,
2009,WR,8,Brian Robiskie,historical_oof,,,36,5.294365097789116,63.8095238095238,73.91304347826086,69.0,226,561,,2.9875,0.0,0.0,86.0,1,1.0,130.0,,,
2009,WR,9,Juaquin Iglesias,historical_oof,,,99,5.110780414540811,63.04761904761905,73.91304347826086,69.0,232,576,,0.0,0.0,0.0,174.0,1,1.0,130.0,,,
2009,WR,10,Mohamed Massaquoi,historical_oof,,,50,5.006907553146259,62.47619047619048,73.91304347826086,69.0,235,586,,6.601875,0.0,0.0,67.0,1,1.0,130.0,,,
2009,WR,11,Patrick Turner,historical_oof,,,87,4.992470888605438,62.28571428571429,73.91304347826086,69.0,237,589,,0.8812500000000001,0.0,0.0,132.0,1,1.0,130.0,,,
2009,WR,12,Mike Wallace,historical_oof,,,84,4.831555146683671,61.33333333333333,72.46376811594203,69.0,245,608,,15.39375,1.0,1.0,9.0,1,1.0,130.0,,,
2009,WR,13,Ramses Barden,historical_oof,,,85,4.811852045068028,61.142857142857146,72.46376811594203,69.0,246,610,,0.93125,0.0,0.0,140.0,1,1.0,130.0,,,
2009,WR,14,Derrick Williams,historical_oof,,,82,4.54279018282313,59.42857142857143,72.46376811594203,69.0,262,642,,0.55,0.0,0.0,140.0,1,1.0,130.0,,,
2009,WR,15,Brandon Tate,historical_oof,,,83,3.4140855909863923,46.66666666666666,56.52173913043478,69.0,338,838,,3.35625,0.0,0.0,72.0,1,1.0,130.0,,,
2009,WR,16,Jarett Dillard,historical_oof,,,144,3.406962572278912,46.47619047619048,56.52173913043478,69.0,339,842,,2.5250000000000004,0.0,0.0,97.0,1,1.0,130.0,,,
2009,WR,17,Austin Collie,historical_oof,,,127,3.159996696428572,42.85714285714285,55.072463768115945,69.0,360,893,,10.5125,0.0,0.0,29.0,1,1.0,130.0,,,
2009,WR,18,Mike Thomas,historical_oof,,,107,2.9412268409863955,39.80952380952381,49.275362318840585,69.0,381,942,,9.2875,1.0,0.0,24.0,1,1.0,130.0,,,
2009,WR,19,Dominique Edison,historical_oof,,,206,2.344511114654193,29.52380952380953,33.33333333333333,69.0,440,1097,,0.0,0.0,0.0,,1,1.0,130.0,,,
2009,WR,20,Marko Mitchell,historical_oof,,,243,2.231167437641725,27.23809523809524,30.434782608695656,69.0,454,1134,,0.225,0.0,0.0,151.0,1,1.0,130.0,,,
2009,WR,21,Brooks Foster,historical_oof,,,160,1.925040416666666,22.47619047619048,24.637681159420293,69.0,485,1207,,0.0,0.0,0.0,,1,1.0,130.0,,,
2009,WR,22,Kenny McKinley,historical_oof,,,141,1.9189631930272115,22.09523809523809,24.637681159420293,69.0,487,1212,,0.0,0.0,0.0,174.0,1,1.0,130.0,,,
2009,WR,23,Louis Murphy,historical_oof,,,124,1.532545233843537,15.428571428571429,14.492753623188406,69.0,526,1312,,7.168749999999999,0.0,0.0,64.0,1,1.0,130.0,,,
2009,WR,24,Brandon Gibson,historical_oof,,,194,1.443909230442176,13.714285714285715,13.043478260869565,69.0,537,1336,,6.765625,0.0,0.0,53.0,1,1.0,130.0,,,
2009,WR,25,Freddie Brown,historical_oof,,,252,1.431250714285714,13.142857142857142,13.043478260869565,69.0,541,1344,,0.0,0.0,0.0,,1,1.0,130.0,,,
2009,WR,26,Sammie Stroughter,historical_oof,,,233,1.380036969954648,12.19047619047619,13.043478260869565,69.0,548,1360,,3.890625,0.0,0.0,86.0,1,1.0,130.0,,,
2009,WR,27,Brian Hartline,historical_oof,,,108,1.306781332199546,9.523809523809524,10.144927536231885,69.0,566,1400,,6.865625,0.0,0.0,66.0,1,1.0,130.0,,,
2009,WR,28,Tiquan Underwood,historical_oof,,,253,1.060208014455782,4.190476190476191,5.797101449275362,69.0,598,1484,,0.7843749999999999,0.0,0.0,144.0,1,1.0,130.0,,,
2009,WR,29,Manuel Johnson,historical_oof,,,229,1.0293482142857149,3.8095238095238098,5.797101449275362,69.0,601,1490,,0.05,0.0,0.0,181.0,1,1.0,130.0,,,
2009,WR,30,Quinten Lawrence,historical_oof,,,175,1.0188455683106576,3.619047619047619,5.797101449275362,69.0,603,1493,,0.190625,0.0,0.0,,1,1.0,130.0,,,
2009,WR,31,Johnny Knox,historical_oof,,,140,0.8658465525793648,2.2857142857142856,4.3478260869565215,69.0,612,1513,,9.653125,0.0,0.0,32.0,1,1.0,130.0,,,
2009,WR,32,Derek Kinder,historical_oof,,,251,0.7892792134353738,1.7142857142857144,4.3478260869565215,69.0,616,1525,,0.0,0.0,0.0,,1,1.0,130.0,,,
2009,WR,33,Demetrius Byrd,historical_oof,,,224,0.7236585161564624,0.3809523809523809,0.0,69.0,624,1546,,0.0,0.0,0.0,,1,1.0,130.0,,,
2009,WR,34,Julian Edelman,historical_oof,,,232,0.6029042346938772,0.1904761904761904,0.0,69.0,625,1548,,3.2,0.0,0.0,83.0,1,1.0,130.0,,,
2009,TE,1,Brandon Pettigrew,historical_oof,,,20,7.021028739177493,89.65517241379311,,16.0,30,169,,11.184375,1.0,1.0,6.0,1,1.0,54.0,,,
2009,TE,2,John Nalbone,historical_oof,,,161,3.567372082669314,62.06896551724138,,16.0,108,593,,0.0,0.0,0.0,,1,1.0,54.0,,,
2009,TE,3,Richard Quinn,historical_oof,,,64,3.341124750765104,56.896551724137936,,16.0,122,677,,0.059375,0.0,0.0,97.0,1,1.0,54.0,,,
2009,TE,4,Shawn Nelson,historical_oof,,,121,3.2691518161302984,56.03448275862068,,16.0,124,690,,1.2875,0.0,0.0,47.0,1,1.0,54.0,,,
2009,TE,5,Cornelius Ingram,historical_oof,,,153,3.262333019718376,55.603448275862064,,16.0,126,699,,0.0,0.0,0.0,,1,1.0,54.0,,,
2009,TE,6,James Casey,historical_oof,,,152,3.259821580413635,55.172413793103445,,16.0,127,705,,2.153125,0.0,0.0,43.0,1,1.0,54.0,,,
2009,TE,7,Davon Drew,historical_oof,,,149,3.2483417658135534,54.741379310344826,,16.0,128,711,,0.0,0.0,0.0,,1,1.0,54.0,,,
2009,TE,8,Travis Beckum,historical_oof,,,100,3.157228278764889,53.01724137931034,,16.0,133,736,,1.7781249999999995,0.0,0.0,48.0,1,1.0,54.0,,,
2009,TE,9,Jared Cook,historical_oof,,,89,3.1011160140058363,51.293103448275865,,16.0,137,763,,6.5625,0.0,0.0,16.0,1,1.0,54.0,,,
2009,TE,10,Chase Coffman,historical_oof,,,98,3.0781661431227514,50.86206896551724,,16.0,138,769,,0.1875,0.0,0.0,90.0,1,1.0,54.0,,,
2009,TE,11,Anthony Hill,historical_oof,,,122,2.3743220017978057,37.93103448275862,,16.0,176,972,,0.153125,0.0,0.0,93.0,1,1.0,54.0,,,
2009,TE,12,Cameron Morrah,historical_oof,,,248,2.268533301936161,35.77586206896552,,16.0,181,1003,,1.06875,0.0,0.0,63.0,1,1.0,54.0,,,
2009,TE,13,Zach Miller,historical_oof,,,180,2.224903618504513,35.3448275862069,,16.0,182,1008,,3.21875,0.0,0.0,37.0,1,1.0,54.0,,,
2009,TE,14,Bear Pascoe,historical_oof,,,184,1.6956439754392436,27.58620689655172,,16.0,204,1129,,1.30625,0.0,0.0,54.0,1,1.0,54.0,,,
2009,TE,15,John Phillips,historical_oof,,,208,1.6321283952357175,26.72413793103448,,16.0,207,1143,,1.384375,0.0,0.0,50.0,1,1.0,54.0,,,
2009,TE,16,Dan Gronkowski,historical_oof,,,255,1.4944260498132826,23.27586206896552,,16.0,216,1197,,0.49375,0.0,0.0,70.0,1,1.0,54.0,,,
2009,TE,17,David Johnson,historical_oof,,,241,1.468139937393955,22.41379310344828,,16.0,218,1208,,1.115625,0.0,0.0,53.0,1,1.0,54.0,,,
2009,TE,18,Brandon Myers,historical_oof,,,202,1.333508483470894,20.689655172413797,,16.0,224,1233,,1.5968749999999998,0.0,0.0,50.0,1,1.0,54.0,,,
2009,TE,19,Jake O'Connell,historical_oof,,,237,0.7187435876226947,11.637931034482758,,16.0,246,1367,,0.571875,0.0,0.0,73.0,1,1.0,54.0,,,
2010,QB,1,Sam Bradford,historical_oof,,,1,10.663765445872286,80.68181818181817,,24.0,44,300,,13.164375,0.0,0.0,16.0,1,1.0,62.0,,,
2010,QB,2,Tim Tebow,historical_oof,,,25,4.003663525623196,65.3409090909091,,24.0,77,538,,9.313125,0.0,0.0,18.0,1,1.0,62.0,,,
2010,QB,3,Jimmy Clausen,historical_oof,,,48,2.3820672534035747,54.54545454545454,,24.0,100,714,,1.813125,0.0,0.0,37.0,1,1.0,62.0,,,
2010,QB,4,John Skelton,historical_oof,,,155,1.6843740025070228,38.63636363636363,,24.0,133,962,,4.271875,0.0,0.0,29.0,1,1.0,62.0,,,
2010,QB,5,Mike Kafka,historical_oof,,,122,1.5054020978195477,34.659090909090914,,24.0,140,1018,,0.0087499999999999,0.0,0.0,71.0,1,1.0,62.0,,,
2010,QB,6,Colt McCoy,historical_oof,,,85,1.467189321554379,34.090909090909086,,24.0,141,1025,,7.87375,0.0,0.0,20.0,1,1.0,62.0,,,
2010,QB,7,Zac Robinson,historical_oof,,,250,1.20505391676589,27.27272727272727,,24.0,157,1133,,0.0,0.0,0.0,,1,1.0,62.0,,,
2010,QB,8,Levi Brown,historical_oof,,,209,1.1034557303586348,24.431818181818183,,24.0,164,1180,,0.0,0.0,0.0,78.0,1,1.0,62.0,,,
2010,QB,9,Sean Canfield,historical_oof,,,239,1.0563975544468065,23.295454545454543,,24.0,166,1196,,0.0,0.0,0.0,,1,1.0,62.0,,,
2010,QB,10,Jonathan Crompton,historical_oof,,,168,1.0471797498415052,22.727272727272727,,24.0,167,1204,,0.0,0.0,0.0,,1,1.0,62.0,,,
2010,QB,11,Dan LeFevour,historical_oof,,,181,0.9159576043391158,16.477272727272727,,24.0,180,1298,,0.0,0.0,0.0,,1,1.0,62.0,,,
2010,QB,12,Tony Pike,historical_oof,,,204,0.7651489179029661,8.522727272727272,,24.0,194,1417,,0.05875,0.0,0.0,67.0,1,1.0,62.0,,,
2010,QB,13,Rusty Smith,historical_oof,,,176,0.6376555356259243,5.113636363636364,,24.0,201,1468,,0.0425,0.0,0.0,60.0,1,1.0,62.0,,,
2010,RB,1,Jahvid Best,historical_oof,,,30,12.924873886000592,98.39142091152814,100.0,74.0,9,27,,9.678124999999998,0.0,0.0,18.0,1,1.0,118.0,,,
2010,RB,2,C.J. Spiller,historical_oof,,,9,12.542396077413011,97.85522788203752,100.0,74.0,11,35,,12.915625,1.0,1.0,6.0,1,1.0,118.0,,,
2010,RB,3,Ryan Mathews,historical_oof,,,12,12.125026623360396,96.7828418230563,98.64864864864865,74.0,16,55,,11.76875,1.0,0.0,7.0,1,1.0,118.0,,,
2010,RB,4,Toby Gerhart,historical_oof,,,51,9.672279493150947,90.6166219839142,86.48648648648648,74.0,42,154,,5.90625,0.0,0.0,37.0,1,1.0,118.0,,,
2010,RB,5,Ben Tate,historical_oof,,,58,7.434923778786464,79.62466487935657,79.72972972972973,74.0,89,316,,5.9,0.0,0.0,31.0,1,1.0,118.0,,,
2010,RB,6,Montario Hardesty,historical_oof,,,59,7.010933016990143,75.33512064343164,75.67567567567568,74.0,105,381,,2.796875,0.0,0.0,72.0,1,1.0,118.0,,,
2010,RB,7,Joe McKnight,historical_oof,,,112,4.901191845055773,62.19839142091153,63.51351351351351,74.0,161,590,,2.28125,0.0,0.0,77.0,1,1.0,118.0,,,
2010,RB,8,John Conner,historical_oof,,,139,4.3045207562252505,54.6916890080429,54.054054054054056,74.0,195,712,,0.8312499999999999,0.0,0.0,114.0,1,1.0,118.0,,,
2010,RB,9,Anthony Dixon,historical_oof,,,173,2.670934593351661,30.83109919571045,22.972972972972972,74.0,302,1077,,2.003125,0.0,0.0,80.0,1,1.0,118.0,,,
2010,RB,10,Deji Karim,historical_oof,,,180,2.6104804899317564,29.49061662198391,21.62162162162162,74.0,308,1099,,1.84375,0.0,0.0,85.0,1,1.0,118.0,,,
2010,RB,11,James Starks,historical_oof,,,193,2.259320323124161,25.7372654155496,20.27027027027027,74.0,326,1158,,4.71875,0.0,0.0,42.0,1,1.0,118.0,,,
2010,RB,12,Dennis Morris,historical_oof,,,174,1.9586703186540235,21.71581769436997,18.91891891891892,74.0,341,1217,,0.0,0.0,0.0,,1,1.0,118.0,,,
2010,RB,13,Ryan D'Imperio,historical_oof,,,237,1.8536033975667687,19.3029490616622,16.216216216216218,74.0,351,1254,,0.084375,0.0,0.0,,1,1.0,118.0,,,
2010,RB,14,Jonathan Dwyer,historical_oof,,,188,1.3144118580552555,11.528150134048255,12.162162162162163,74.0,384,1369,,3.5250000000000004,0.0,0.0,41.0,1,1.0,118.0,,,
2010,RB,15,Charles Scott,historical_oof,,,200,0.5425024614647174,4.289544235924933,5.405405405405405,74.0,415,1483,,0.0,0.0,0.0,,1,1.0,118.0,,,
2010,WR,1,Dez Bryant,historical_oof,,,24,11.969761135204063,97.71428571428572,100.0,103.0,15,41,,15.840625,1.0,1.0,4.0,1,1.0,164.0,,,
2010,WR,2,Demaryius Thomas,historical_oof,,,22,10.196826454081636,93.14285714285714,97.0873786407767,103.0,47,115,,12.65625,1.0,1.0,6.0,1,1.0,164.0,,,
2010,WR,3,Eric Decker,historical_oof,,,87,6.612893256802722,73.52380952380952,82.52427184466019,103.0,164,405,,13.334375,1.0,1.0,8.0,1,1.0,164.0,,,
2010,WR,4,Emmanuel Sanders,historical_oof,,,82,6.493165909863943,72.76190476190476,82.52427184466019,103.0,168,417,,5.89375,0.0,0.0,66.0,1,1.0,164.0,,,
2010,WR,5,Golden Tate,historical_oof,,,60,6.360430204081633,71.80952380952381,81.55339805825243,103.0,174,432,,7.978749999999999,0.0,0.0,40.0,1,1.0,164.0,,,
2010,WR,6,Damian Williams,historical_oof,,,77,6.219664175170066,70.85714285714285,80.58252427184466,103.0,180,447,,6.14375,0.0,0.0,53.0,1,1.0,164.0,,,
2010,WR,7,Brandon LaFell,historical_oof,,,78,5.978497576530613,69.52380952380952,79.6116504854369,103.0,190,471,,7.953125,0.0,0.0,54.0,1,1.0,164.0,,,
2010,WR,8,Marcus Easley,historical_oof,,,107,5.959713528911564,69.14285714285714,79.6116504854369,103.0,192,477,,0.0,0.0,0.0,200.0,1,1.0,164.0,,,
2010,WR,9,Jordan Shipley,historical_oof,,,84,5.472549832766442,65.71428571428571,78.64077669902912,103.0,213,533,,5.73125,0.0,0.0,52.0,1,1.0,164.0,,,
2010,WR,10,Arrelious Benn,historical_oof,,,39,4.955687476615645,62.095238095238095,71.84466019417476,103.0,238,591,,5.356250000000001,0.0,0.0,82.0,1,1.0,164.0,,,
2010,WR,11,Mike Williams,historical_oof,,,101,4.793883371598637,60.95238095238096,68.93203883495146,103.0,248,613,,13.785,1.0,0.0,17.0,1,1.0,164.0,,,
2010,WR,12,Dexter McCluster,historical_oof,,,36,4.458722471655328,59.04761904761905,67.96116504854369,103.0,264,647,,7.70625,0.0,0.0,51.0,1,1.0,164.0,,,
2010,WR,13,Taylor Price,historical_oof,,,90,3.4881931505102064,48.38095238095238,60.19417475728155,103.0,329,811,,0.40625,0.0,0.0,165.0,1,1.0,164.0,,,
2010,WR,14,David Reed,historical_oof,,,156,3.1007678628117907,41.71428571428572,52.42718446601942,103.0,369,912,,0.596875,0.0,0.0,160.0,1,1.0,164.0,,,
2010,WR,15,Jacoby Ford,historical_oof,,,108,3.0582208588435384,41.333333333333336,52.42718446601942,103.0,371,918,,5.921874999999999,0.0,0.0,54.0,1,1.0,164.0,,,
2010,WR,16,Andre Roberts,historical_oof,,,88,2.7930784110235,36.38095238095238,44.66019417475729,103.0,401,992,,9.284375,0.0,0.0,34.0,1,1.0,164.0,,,
2010,WR,17,Riley Cooper,historical_oof,,,159,2.7763763732993207,36.0,44.66019417475729,103.0,403,998,,3.728125,0.0,0.0,93.0,1,1.0,164.0,,,
2010,WR,18,Kerry Meier,historical_oof,,,165,2.752569834183673,35.80952380952381,44.66019417475729,103.0,404,1000,,0.0,0.0,0.0,190.0,1,1.0,164.0,,,
2010,WR,19,Dezmon Briscoe,historical_oof,,,191,2.6847242368197275,33.904761904761905,42.71844660194174,103.0,415,1030,,4.09375,0.0,0.0,66.0,1,1.0,164.0,,,
2010,WR,20,Armanti Edwards,historical_oof,,,89,2.658604286873841,33.714285714285715,42.71844660194174,103.0,416,1032,,0.5637500000000001,0.0,0.0,146.0,1,1.0,164.0,,,
2010,WR,21,David Gettis,historical_oof,,,198,2.612627659438775,32.38095238095238,41.74757281553398,103.0,423,1052,,3.3125,0.0,0.0,69.0,1,1.0,164.0,,,
2010,WR,22,Antonio Brown,historical_oof,,,195,2.577216098356009,32.0,41.74757281553398,103.0,425,1056,,11.71875,1.0,0.0,21.0,1,1.0,164.0,,,
2010,WR,23,Mardy Gilyard,historical_oof,,,99,1.9621469604849504,23.047619047619047,31.06796116504854,103.0,482,1200,,0.4937499999999999,0.0,0.0,154.0,1,1.0,164.0,,,
2010,WR,24,Carlton Mitchell,historical_oof,,,177,1.942727653061224,22.857142857142858,31.06796116504854,103.0,483,1201,,0.21875,0.0,0.0,163.0,1,1.0,164.0,,,
2010,WR,25,Kyle Williams,historical_oof,,,206,1.9036556526360544,21.714285714285715,27.184466019417474,103.0,489,1218,,3.39375,0.0,0.0,95.0,1,1.0,164.0,,,
2010,WR,26,Dorin Dickerson,historical_oof,,,227,1.7942250871598653,19.23809523809524,23.300970873786408,103.0,503,1255,,0.559375,0.0,0.0,,1,1.0,164.0,,,
2010,WR,27,Trindon Holliday,historical_oof,,,197,1.5936426530612249,16.0,21.35922330097087,103.0,523,1304,,0.490625,0.0,0.0,148.0,1,1.0,164.0,,,
2010,WR,28,Terrence Austin,historical_oof,,,219,1.415184508219955,12.95238095238095,17.475728155339805,103.0,542,1347,,0.98125,0.0,0.0,131.0,1,1.0,164.0,,,
2010,WR,29,Tim Toone,historical_oof,,,255,1.3176061590393728,10.476190476190476,15.53398058252427,103.0,560,1385,,0.0,0.0,0.0,,1,1.0,164.0,,,
2010,WR,30,Marc Mariani,historical_oof,,,222,1.314116005269532,10.095238095238097,14.563106796116504,103.0,562,1392,,0.80625,0.0,0.0,147.0,1,1.0,164.0,,,
2010,WR,31,Joe Webb,historical_oof,,,199,1.236362789115646,7.428571428571429,11.650485436893204,103.0,580,1432,,2.731875,0.0,0.0,,1,1.0,164.0,,,
2010,TE,1,Jermaine Gresham,historical_oof,,,21,7.809349312681382,94.39655172413794,100.0,35.0,18,93,,9.853125,1.0,0.0,10.0,1,1.0,73.0,,,
2010,TE,2,Rob Gronkowski,historical_oof,,,42,6.491019879654075,87.93103448275862,97.14285714285714,35.0,34,193,,16.528125000000003,1.0,1.0,1.0,1,1.0,73.0,,,
2010,TE,3,Ed Dickson,historical_oof,,,70,3.547392701385916,60.77586206896552,80.0,35.0,112,617,,5.634375,0.0,0.0,17.0,1,1.0,73.0,,,
2010,TE,4,Clay Harbor,historical_oof,,,125,3.1319231752771066,52.58620689655172,51.42857142857142,35.0,134,741,,2.778125,0.0,0.0,43.0,1,1.0,73.0,,,
2010,TE,5,Jimmy Graham,historical_oof,,,95,2.7055925905146454,46.98275862068966,45.71428571428572,35.0,151,834,,16.6,1.0,1.0,1.0,1,1.0,73.0,,,
2010,TE,6,Dennis Pitta,historical_oof,,,114,2.6033407804249347,44.396551724137936,37.142857142857146,35.0,158,871,,8.3875,1.0,0.0,8.0,1,1.0,73.0,,,
2010,TE,7,Tony Moeaki,historical_oof,,,93,2.5578030165271235,41.810344827586206,34.285714285714285,35.0,165,911,,6.403125,0.0,0.0,17.0,1,1.0,73.0,,,
2010,TE,8,Garrett Graham,historical_oof,,,118,2.37525317506898,38.362068965517246,34.285714285714285,35.0,175,965,,2.365625,0.0,0.0,35.0,1,1.0,73.0,,,
2010,TE,9,Aaron Hernandez,historical_oof,,,113,1.885627391512259,31.03448275862069,25.71428571428571,35.0,193,1074,,11.140625,1.0,1.0,3.0,1,1.0,73.0,,,
2010,TE,10,Andrew Quarless,historical_oof,,,154,1.5301065917911458,24.13793103448276,20.0,35.0,214,1185,,1.7312500000000002,0.0,0.0,42.0,1,1.0,73.0,,,
2010,TE,11,Anthony McCoy,historical_oof,,,185,1.173355568171907,18.96551724137931,11.428571428571429,35.0,229,1258,,2.8968750000000005,0.0,0.0,39.0,1,1.0,73.0,,,
2010,TE,12,Jim Dray,historical_oof,,,233,1.1528073806847925,18.53448275862069,11.428571428571429,35.0,230,1266,,0.38125,0.0,0.0,84.0,1,1.0,73.0,,,
2010,TE,13,Jameson Konz,historical_oof,,,245,1.0388527000479688,17.67241379310345,11.428571428571429,35.0,232,1279,,0.0,0.0,0.0,110.0,1,1.0,73.0,,,
2010,TE,14,Dedrick Epps,historical_oof,,,235,1.0090420196668417,17.24137931034483,11.428571428571429,35.0,233,1284,,0.0,0.0,0.0,114.0,1,1.0,73.0,,,
2010,TE,15,Michael Hoomanawanui,historical_oof,,,132,0.8618257479326229,14.224137931034484,8.571428571428571,35.0,240,1328,,1.921875,0.0,0.0,44.0,1,1.0,73.0,,,
2010,TE,16,Fendi Onobun,historical_oof,,,170,0.5995268932654644,9.913793103448276,5.714285714285714,35.0,251,1395,,0.109375,0.0,0.0,93.0,1,1.0,73.0,,,
2010,TE,17,Brody Eldridge,historical_oof,,,162,0.5015769748009925,6.465517241379311,5.714285714285714,35.0,261,1446,,0.7,0.0,0.0,70.0,1,1.0,73.0,,,
2010,TE,18,Nate Byham,historical_oof,,,182,0.4760165270542951,5.603448275862069,2.857142857142857,35.0,263,1461,,0.578125,0.0,0.0,79.0,1,1.0,73.0,,,
2010,TE,19,Mickey Shuler,historical_oof,,,214,0.4503583539773721,3.8793103448275854,2.857142857142857,35.0,269,1489,,0.2,0.0,0.0,88.0,1,1.0,73.0,,,
2011,QB,1,Jake Locker,historical_oof,,,8,11.96900515103892,86.93181818181817,100.0,37.0,32,205,,7.246250000000001,0.0,0.0,28.0,1,1.0,75.0,,,
2011,QB,2,Christian Ponder,historical_oof,,,12,11.544190858083864,85.22727272727273,100.0,37.0,36,236,,9.756875,0.0,0.0,22.0,1,1.0,75.0,,,
2011,QB,3,Blaine Gabbert,historical_oof,,,10,11.505125172628446,84.6590909090909,100.0,37.0,37,244,,6.57625,0.0,0.0,28.0,1,1.0,75.0,,,
2011,QB,4,Cam Newton,historical_oof,,,1,10.785132008576232,81.81818181818183,100.0,37.0,42,283,,21.74375,1.0,1.0,3.0,1,1.0,75.0,,,
2011,QB,5,Colin Kaepernick,historical_oof,,,36,2.228710789554467,50.0,59.45945945945946,37.0,109,784,,13.698124999999996,1.0,0.0,9.0,1,1.0,75.0,,,
2011,QB,6,Ryan Mallett,historical_oof,,,74,2.169853473335156,49.43181818181818,59.45945945945946,37.0,110,793,,0.0,0.0,0.0,70.0,1,1.0,75.0,,,
2011,QB,7,Andy Dalton,historical_oof,,,35,2.1246632603041826,47.72727272727273,56.75675675675676,37.0,114,821,,16.836875,1.0,1.0,5.0,1,1.0,75.0,,,
2011,QB,8,Nathan Enderle,historical_oof,,,160,1.5987964885320376,35.79545454545455,37.83783783783784,37.0,138,1002,,0.0,0.0,0.0,,1,1.0,75.0,,,
2011,QB,9,T.J. Yates,historical_oof,,,152,1.2657549047363683,28.97727272727273,27.027027027027028,37.0,153,1106,,1.4712500000000004,0.0,0.0,43.0,1,1.0,75.0,,,
2011,QB,10,Greg McElroy,historical_oof,,,208,1.0914634066134534,23.863636363636363,18.91891891891892,37.0,165,1188,,0.36125,0.0,0.0,48.0,1,1.0,75.0,,,
2011,QB,11,Ricky Stanzi,historical_oof,,,135,0.9270417864650992,17.045454545454543,10.81081081081081,37.0,179,1290,,0.0,0.0,0.0,,1,1.0,75.0,,,
2011,QB,12,Tyrod Taylor,historical_oof,,,180,0.8978418654343453,15.340909090909092,8.108108108108109,37.0,182,1313,,0.766875,0.0,0.0,40.0,1,1.0,75.0,,,
2011,RB,1,Mark Ingram,historical_oof,,,28,12.057847282037493,96.514745308311,95.50561797752808,89.0,18,61,,6.371874999999999,0.0,0.0,40.0,1,1.0,133.0,,,
2011,RB,2,Ryan Williams,historical_oof,,,38,7.644599779214349,80.9651474530831,78.65168539325843,89.0,82,296,,0.74375,0.0,0.0,107.0,1,1.0,133.0,,,
2011,RB,3,Mikel Leshoure,historical_oof,,,57,7.365532534404968,79.08847184986595,77.52808988764045,89.0,91,324,,5.753125000000001,0.0,0.0,19.0,1,1.0,133.0,,,
2011,RB,4,Shane Vereen,historical_oof,,,56,7.106918356690711,76.13941018766755,74.15730337078652,89.0,102,370,,6.390625,0.0,0.0,36.0,1,1.0,133.0,,,
2011,RB,5,DeMarco Murray,historical_oof,,,71,6.524864994715426,72.38605898123325,70.78651685393258,89.0,116,423,,12.640625,1.0,1.0,6.0,1,1.0,133.0,,,
2011,RB,6,Daniel Thomas,historical_oof,,,62,6.421962513437379,72.11796246648794,70.78651685393258,89.0,117,427,,5.65625,0.0,0.0,48.0,1,1.0,133.0,,,
2011,RB,7,Stevan Ridley,historical_oof,,,73,5.957480380343153,69.70509383378017,66.29213483146067,89.0,129,470,,10.403125,0.0,0.0,15.0,1,1.0,133.0,,,
2011,RB,8,Taiwan Jones,historical_oof,,,125,5.747940993649465,68.36461126005362,65.1685393258427,89.0,135,490,,0.675,0.0,0.0,119.0,1,1.0,133.0,,,
2011,RB,9,Alex Green,historical_oof,,,96,5.363371859357644,65.68364611260054,64.04494382022472,89.0,148,534,,2.6,0.0,0.0,52.0,1,1.0,133.0,,,
2011,RB,10,Kendall Hunter,historical_oof,,,115,5.141940914007826,64.07506702412869,64.04494382022472,89.0,154,559,,4.965624999999999,0.0,0.0,46.0,1,1.0,133.0,,,
2011,RB,11,Dion Lewis,historical_oof,,,149,5.030568176637385,63.00268096514745,64.04494382022472,89.0,158,577,,1.06875,0.0,0.0,109.0,1,1.0,133.0,,,
2011,RB,12,Owen Marecic,historical_oof,,,124,4.312999088921042,54.95978552278821,53.93258426966292,89.0,194,708,,0.278125,0.0,0.0,125.0,1,1.0,133.0,,,
2011,RB,13,Roy Helu,historical_oof,,,105,4.304346620400064,54.42359249329759,52.80898876404494,89.0,196,717,,8.512500000000001,0.0,0.0,24.0,1,1.0,133.0,,,
2011,RB,14,Bilal Powell,historical_oof,,,126,4.2188973592915975,53.35120643431635,52.80898876404494,89.0,200,732,,7.462499999999999,0.0,0.0,35.0,1,1.0,133.0,,,
2011,RB,15,Jacquizz Rodgers,historical_oof,,,145,4.200880098579073,53.08310991957105,52.80898876404494,89.0,201,735,,8.834375,0.0,0.0,28.0,1,1.0,133.0,,,
2011,RB,16,Johnny White,historical_oof,,,133,4.14334646869011,52.01072386058981,52.80898876404494,89.0,205,750,,0.246875,0.0,0.0,137.0,1,1.0,133.0,,,
2011,RB,17,Jamie Harper,historical_oof,,,130,3.386494408186953,40.21447721179624,38.20224719101123,89.0,261,937,,1.2,0.0,0.0,108.0,1,1.0,133.0,,,
2011,RB,18,Allen Bradford,historical_oof,,,187,3.142649640422553,37.80160857908847,34.831460674157306,89.0,271,974,,0.040625,0.0,0.0,,1,1.0,133.0,,,
2011,RB,19,Delone Carter,historical_oof,,,119,2.4617326264724246,27.61394101876676,23.59550561797753,89.0,317,1128,,2.59375,0.0,0.0,74.0,1,1.0,133.0,,,
2011,RB,20,Stanley Havili,historical_oof,,,240,2.336778298977911,26.541554959785525,22.47191011235955,89.0,323,1146,,1.78125,0.0,0.0,83.0,1,1.0,133.0,,,
2011,RB,21,Jordan Todman,historical_oof,,,183,2.208463250873036,24.664879356568363,21.34831460674157,89.0,330,1177,,2.21875,0.0,0.0,58.0,1,1.0,133.0,,,
2011,RB,22,Shane Bannon,historical_oof,,,223,1.9312385723099936,20.91152815013405,17.97752808988764,89.0,344,1231,,0.0,0.0,0.0,,1,1.0,133.0,,,
2011,RB,23,Anthony Allen,historical_oof,,,225,1.6063650215433316,16.0857908847185,14.606741573033707,89.0,366,1303,,0.503125,0.0,0.0,120.0,1,1.0,133.0,,,
2011,RB,24,Evan Royster,historical_oof,,,177,1.3268809962981312,11.796246648793565,12.359550561797752,89.0,383,1366,,2.978125,0.0,0.0,73.0,1,1.0,133.0,,,
2011,RB,25,Baron Batch,historical_oof,,,232,1.0958362137303774,8.847184986595174,8.98876404494382,89.0,394,1411,,0.5625,0.0,0.0,117.0,1,1.0,133.0,,,
2011,RB,26,Da'Rel Scott,historical_oof,,,221,0.7854236745071754,6.434316353887399,6.741573033707865,89.0,403,1447,,1.16875,0.0,0.0,85.0,1,1.0,133.0,,,
2011,RB,27,Anthony Sherman,historical_oof,,,136,0.5425383495874643,4.557640750670242,5.617977528089887,89.0,413,1477,,1.665625,0.0,0.0,82.0,1,1.0,133.0,,,
2011,RB,28,Jay Finley,historical_oof,,,246,-0.3874196444687638,1.6085790884718498,1.1235955056179776,89.0,425,1527,,0.0,0.0,0.0,,1,1.0,133.0,,,
2011,RB,29,Shaun Chapas,historical_oof,,,220,-0.4495780143214543,1.3404825737265416,1.1235955056179776,89.0,426,1529,,0.109375,0.0,0.0,149.0,1,1.0,133.0,,,
2011,WR,1,A.J. Green,historical_oof,,,4,12.549884770408172,98.47619047619048,100.0,134.0,10,26,,18.95,1.0,1.0,3.0,1,1.0,195.0,,,
2011,WR,2,Julio Jones,historical_oof,,,6,10.535928201530622,94.28571428571428,99.25373134328358,134.0,38,96,,14.478125,1.0,1.0,11.0,1,1.0,195.0,,,
2011,WR,3,Jonathan Baldwin,historical_oof,,,26,9.67432737670068,90.85714285714286,95.52238805970148,134.0,60,152,,3.465625,0.0,0.0,102.0,1,1.0,195.0,,,
2011,WR,4,Vincent Brown,historical_oof,,,82,8.888560858843537,87.23809523809524,94.02985074626866,134.0,79,201,,4.940625,0.0,0.0,78.0,1,1.0,195.0,,,
2011,WR,5,Jerrel Jernigan,historical_oof,,,83,7.917465369897961,81.33333333333333,91.7910447761194,134.0,114,290,,2.85625,0.0,0.0,88.0,1,1.0,195.0,,,
2011,WR,6,Greg Salas,historical_oof,,,112,7.395342801870747,78.0952380952381,88.80597014925374,134.0,137,340,,2.390625,0.0,0.0,106.0,1,1.0,195.0,,,
2011,WR,7,Randall Cobb,historical_oof,,,64,6.57653272959184,73.14285714285714,84.32835820895522,134.0,166,413,,10.896874999999998,1.0,0.0,16.0,1,1.0,195.0,,,
2011,WR,8,Torrey Smith,historical_oof,,,58,6.050343711734693,69.9047619047619,79.8507462686567,134.0,186,463,,12.1,1.0,0.0,22.0,1,1.0,195.0,,,
2011,WR,9,Leonard Hankerson,historical_oof,,,79,5.920110894982995,68.57142857142857,78.35820895522389,134.0,196,486,,6.134375,0.0,0.0,67.0,1,1.0,195.0,,,
2011,WR,10,Titus Young,historical_oof,,,44,5.6689142761801685,67.04761904761905,78.35820895522389,134.0,204,511,,7.750000000000001,0.0,0.0,45.0,1,1.0,195.0,,,
2011,WR,11,Greg Little,historical_oof,,,59,4.7838169727891175,60.76190476190476,67.91044776119402,134.0,250,618,,9.01875,0.0,0.0,47.0,1,1.0,195.0,,,
2011,WR,12,Stephen Burton,historical_oof,,,236,4.4143623852040825,58.66666666666666,65.67164179104478,134.0,266,651,,0.9125,0.0,0.0,150.0,1,1.0,195.0,,,
2011,WR,13,Kealoha Pilares,historical_oof,,,132,4.296184347363944,57.52380952380952,65.67164179104478,134.0,272,666,,0.621875,0.0,0.0,154.0,1,1.0,195.0,,,
2011,WR,14,Austin Pettis,historical_oof,,,78,3.755356052295919,52.0,61.19402985074627,134.0,306,752,,5.6875,0.0,0.0,71.0,1,1.0,195.0,,,
2011,WR,15,Tandon Doss,historical_oof,,,123,3.7375027338435394,51.8095238095238,61.19402985074627,134.0,307,753,,2.525,0.0,0.0,108.0,1,1.0,195.0,,,
2011,WR,16,Dwayne Harris,historical_oof,,,176,3.609144113520408,50.85714285714285,61.19402985074627,134.0,313,770,,2.7750000000000004,0.0,0.0,108.0,1,1.0,195.0,,,
2011,WR,17,Kris Durham,historical_oof,,,107,3.454728465136057,47.42857142857143,58.95522388059702,134.0,334,827,,3.859375,0.0,0.0,76.0,1,1.0,195.0,,,
2011,WR,18,Aldrick Robinson,historical_oof,,,178,3.356077370323132,45.71428571428572,55.970149253731336,134.0,343,851,,3.75625,0.0,0.0,99.0,1,1.0,195.0,,,
2011,WR,19,Denarius Moore,historical_oof,,,148,3.309440340136056,44.19047619047619,55.223880597014926,134.0,352,875,,9.753125,0.0,0.0,39.0,1,1.0,195.0,,,
2011,WR,20,Scotty McKnight,historical_oof,,,227,2.713823216411566,34.476190476190474,42.53731343283582,134.0,412,1021,,0.0,0.0,0.0,,1,1.0,195.0,,,
2011,WR,21,Ronald Johnson,historical_oof,,,182,2.342673446003401,29.33333333333333,35.07462686567165,134.0,442,1100,,0.0,0.0,0.0,,1,1.0,195.0,,,
2011,WR,22,Niles Paul,historical_oof,,,155,2.068718403486393,24.761904761904763,30.59701492537313,134.0,472,1176,,1.19375,0.0,0.0,,1,1.0,195.0,,,
2011,WR,23,DeMarco Sampson,historical_oof,,,249,2.0038815603741496,23.42857142857143,30.59701492537313,134.0,480,1194,,0.20625,0.0,0.0,162.0,1,1.0,195.0,,,
2011,WR,24,Cecil Shorts,historical_oof,,,114,1.7316444472789123,18.285714285714285,20.8955223880597,134.0,509,1270,,11.06875,0.0,0.0,25.0,1,1.0,195.0,,,
2011,WR,25,Jeremy Kerley,historical_oof,,,153,1.6743143601190469,17.523809523809526,20.8955223880597,134.0,513,1281,,8.486875,0.0,0.0,42.0,1,1.0,195.0,,,
2011,WR,26,Clyde Gates,historical_oof,,,111,1.5438423022959191,15.80952380952381,19.402985074626866,134.0,524,1308,,1.99375,0.0,0.0,122.0,1,1.0,195.0,,,
2011,WR,27,David Ausberry,historical_oof,,,241,1.136680025510203,4.571428571428571,8.208955223880597,134.0,595,1475,,0.60625,0.0,0.0,,1,1.0,195.0,,,
2011,WR,28,Ryan Whalen,historical_oof,,,167,0.9599227083333334,3.2380952380952377,5.970149253731343,134.0,606,1499,,0.59375,0.0,0.0,158.0,1,1.0,195.0,,,
2011,TE,1,Kyle Rudolph,historical_oof,,,43,7.383673193820077,91.3793103448276,98.14814814814817,54.0,25,144,,7.425000000000001,1.0,0.0,11.0,1,1.0,92.0,,,
2011,TE,2,Lance Kendricks,historical_oof,,,47,7.159579651955195,90.08620689655172,98.14814814814817,54.0,29,162,,6.303125,0.0,0.0,21.0,1,1.0,92.0,,,
2011,TE,3,Rob Housler,historical_oof,,,69,5.604688445815097,84.05172413793103,92.5925925925926,54.0,47,253,,5.534374999999999,0.0,0.0,28.0,1,1.0,92.0,,,
2011,TE,4,Jordan Cameron,historical_oof,,,102,4.518862486506553,74.13793103448276,87.03703703703704,54.0,72,397,,8.196875,1.0,1.0,4.0,1,1.0,92.0,,,
2011,TE,5,Luke Stocker,historical_oof,,,104,4.09680655693513,68.53448275862068,85.18518518518519,54.0,86,487,,1.865625,0.0,0.0,50.0,1,1.0,92.0,,,
2011,TE,6,Julius Thomas,historical_oof,,,129,4.0270051214212375,68.10344827586206,85.18518518518519,54.0,88,493,,6.790625000000001,1.0,1.0,3.0,1,1.0,92.0,,,
2011,TE,7,Charles Clay,historical_oof,,,174,2.5623110035202887,42.241379310344826,46.2962962962963,54.0,164,904,,7.678125,1.0,0.0,8.0,1,1.0,92.0,,,
2011,TE,8,D.J. Williams,historical_oof,,,141,2.515045755514326,40.51724137931034,44.44444444444444,54.0,169,930,,0.5,0.0,0.0,74.0,1,1.0,92.0,,,
2011,TE,9,Lee Smith,historical_oof,,,159,1.7574944853955574,28.879310344827587,35.18518518518518,54.0,201,1109,,0.940625,0.0,0.0,63.0,1,1.0,92.0,,,
2011,TE,10,Virgil Green,historical_oof,,,204,1.445636664481352,21.98275862068965,25.925925925925924,54.0,219,1214,,0.775,0.0,0.0,74.0,1,1.0,92.0,,,
2011,TE,11,Daniel Hardy,historical_oof,,,238,1.4021229594314426,21.551724137931032,25.925925925925924,54.0,221,1221,,0.0,0.0,0.0,,1,1.0,92.0,,,
2011,TE,12,Richard Gordon,historical_oof,,,181,0.5677029591539415,9.482758620689657,9.25925925925926,54.0,252,1401,,0.31875,0.0,0.0,84.0,1,1.0,92.0,,,
2011,TE,13,Ryan Taylor,historical_oof,,,218,0.284379166190952,0.8620689655172413,0.0,54.0,281,1538,,0.5125,0.0,0.0,84.0,1,1.0,92.0,,,
2012,QB,1,Ryan Tannehill,historical_oof,,,8,12.395349035372655,88.06818181818183,100.0,49.0,30,190,,16.181874999999998,1.0,0.0,8.0,1,1.0,87.0,,,
2012,QB,2,Robert Griffin,historical_oof,,,2,11.333832112949544,83.52272727272727,93.87755102040816,49.0,39,260,,16.57875,1.0,1.0,5.0,1,1.0,87.0,,,
2012,QB,3,Andrew Luck,historical_oof,,,1,11.09112033137596,82.95454545454545,93.87755102040816,49.0,40,267,,20.135,1.0,1.0,2.0,1,1.0,87.0,,,
2012,QB,4,Brandon Weeden,historical_oof,,,22,9.306352831129532,76.13636363636364,89.79591836734694,49.0,52,371,,7.976250000000001,0.0,0.0,26.0,1,1.0,87.0,,,
2012,QB,5,Russell Wilson,historical_oof,,,75,2.7349676068303674,57.95454545454546,73.46938775510205,49.0,94,660,,18.881875,1.0,1.0,3.0,1,1.0,87.0,,,
2012,QB,6,Nick Foles,historical_oof,,,88,2.34989932499304,52.84090909090909,63.26530612244898,49.0,104,738,,11.845625,1.0,0.0,11.0,1,1.0,87.0,,,
2012,QB,7,Brock Osweiler,historical_oof,,,57,2.264787810447311,52.27272727272727,63.26530612244898,49.0,105,746,,0.315,0.0,0.0,54.0,1,1.0,87.0,,,
2012,QB,8,B.J. Coleman,historical_oof,,,243,2.039169876668266,44.88636363636363,53.06122448979592,49.0,120,865,,0.0,0.0,0.0,,1,1.0,87.0,,,
2012,QB,9,Kirk Cousins,historical_oof,,,102,0.9972479665420954,19.88636363636364,14.285714285714285,49.0,172,1244,,3.81125,0.0,0.0,35.0,1,1.0,87.0,,,
2012,QB,10,Chandler Harnish,historical_oof,,,253,0.963646851378197,18.75,12.244897959183673,49.0,174,1262,,0.0,0.0,0.0,,1,1.0,87.0,,,
2012,QB,11,Ryan Lindley,historical_oof,,,185,0.6921382496763273,6.8181818181818175,4.081632653061225,49.0,197,1441,,1.1018750000000002,0.0,0.0,46.0,1,1.0,87.0,,,
2012,RB,1,Trent Richardson,historical_oof,,,3,13.142225890431082,98.65951742627344,100.0,118.0,8,25,,12.4875,1.0,0.0,7.0,1,1.0,162.0,,,
2012,RB,2,Doug Martin,historical_oof,,,31,10.262962841412268,92.49329758713137,88.98305084745762,118.0,35,127,,12.2625,1.0,1.0,2.0,1,1.0,162.0,,,
2012,RB,3,Isaiah Pead,historical_oof,,,50,9.430107213586355,90.3485254691689,87.28813559322035,118.0,44,158,,1.028125,0.0,0.0,105.0,1,1.0,162.0,,,
2012,RB,4,David Wilson,historical_oof,,,32,9.3245341056003,89.81233243967829,87.28813559322035,118.0,47,166,,3.01875,0.0,0.0,51.0,1,1.0,162.0,,,
2012,RB,5,LaMichael James,historical_oof,,,61,8.624846766659678,86.59517426273459,85.59322033898306,118.0,59,212,,0.871875,0.0,0.0,115.0,1,1.0,162.0,,,
2012,RB,6,Ronnie Hillman,historical_oof,,,67,7.685748393339868,81.50134048257372,83.05084745762711,118.0,80,288,,4.859375,0.0,0.0,44.0,1,1.0,162.0,,,
2012,RB,7,Bernard Pierce,historical_oof,,,84,5.7669265343675065,68.90080428954424,67.79661016949152,118.0,132,481,,4.903124999999999,0.0,0.0,54.0,1,1.0,162.0,,,
2012,RB,8,Lamar Miller,historical_oof,,,97,5.454487848952718,66.75603217158177,66.94915254237289,118.0,143,519,,10.915625000000002,1.0,0.0,9.0,1,1.0,162.0,,,
2012,RB,9,Chris Rainey,historical_oof,,,159,5.287587186301091,65.41554959785523,65.2542372881356,118.0,149,537,,1.25625,0.0,0.0,81.0,1,1.0,162.0,,,
2012,RB,10,Robert Turbin,historical_oof,,,106,4.582772501222275,58.4450402144772,60.16949152542372,118.0,178,655,,4.628125,0.0,0.0,55.0,1,1.0,162.0,,,
2012,RB,11,Cyrus Gray,historical_oof,,,182,3.512532471721852,41.55495978552279,39.83050847457627,118.0,254,913,,0.721875,0.0,0.0,115.0,1,1.0,162.0,,,
2012,RB,12,Rhett Ellison,historical_oof,,,128,2.960757547500235,35.388739946380696,32.20338983050847,118.0,281,1007,,2.028125,0.0,0.0,,1,1.0,162.0,,,
2012,RB,13,Vick Ballard,historical_oof,,,170,2.748676089834809,31.903485254691688,30.508474576271187,118.0,297,1057,,4.325000000000001,0.0,0.0,33.0,1,1.0,162.0,,,
2012,RB,14,Bryce Brown,historical_oof,,,229,2.121693736117224,23.324396782841823,22.033898305084744,118.0,335,1195,,4.8375,0.0,0.0,43.0,1,1.0,162.0,,,
2012,RB,15,Edwin Baker,historical_oof,,,250,1.7831608842986593,18.230563002680967,16.94915254237288,118.0,356,1271,,1.34375,0.0,0.0,75.0,1,1.0,162.0,,,
2012,RB,16,Bradie Ewing,historical_oof,,,157,1.747660014521677,17.962466487935657,16.94915254237288,118.0,357,1275,,0.153125,0.0,0.0,138.0,1,1.0,162.0,,,
2012,RB,17,Dan Herron,historical_oof,,,191,1.63191258140921,16.890080428954423,16.94915254237288,118.0,362,1292,,2.66875,0.0,0.0,61.0,1,1.0,162.0,,,
2012,RB,18,Alfred Morris,historical_oof,,,173,1.62403064446669,16.353887399463808,16.94915254237288,118.0,365,1301,,13.746875,1.0,0.0,8.0,1,1.0,162.0,,,
2012,RB,19,Terrance Ganaway,historical_oof,,,202,1.4237736732494943,12.8686327077748,14.40677966101695,118.0,378,1350,,0.0,0.0,0.0,,1,1.0,162.0,,,
2012,RB,20,Daryl Richardson,historical_oof,,,252,1.3390385811166956,12.332439678284182,14.40677966101695,118.0,380,1358,,4.168749999999999,0.0,0.0,47.0,1,1.0,162.0,,,
2012,RB,21,Michael Smith,historical_oof,,,212,0.3022321057755095,3.485254691689008,3.389830508474576,118.0,418,1494,,0.0,0.0,0.0,161.0,1,1.0,162.0,,,
2012,WR,1,Justin Blackmon,historical_oof,,,5,13.741077380952389,99.8095238095238,100.0,162.0,2,6,,8.162500000000001,0.0,0.0,29.0,1,1.0,223.0,,,
2012,WR,2,Kendall Wright,historical_oof,,,20,13.574447657312923,99.61904761904762,100.0,162.0,3,8,,11.931250000000002,1.0,0.0,20.0,1,1.0,223.0,,,
2012,WR,3,Michael Floyd,historical_oof,,,13,13.41491535289116,99.42857142857144,100.0,162.0,4,13,,11.3875,0.0,0.0,27.0,1,1.0,223.0,,,
2012,WR,4,A.J. Jenkins,historical_oof,,,30,11.02805127551021,95.42857142857144,98.76543209876544,162.0,30,79,,1.240625,0.0,0.0,135.0,1,1.0,223.0,,,
2012,WR,5,Mohamed Sanu,historical_oof,,,83,8.076305850340132,82.47619047619048,90.74074074074076,162.0,108,274,,8.88625,0.0,0.0,33.0,1,1.0,223.0,,,
2012,WR,6,Ryan Broyles,historical_oof,,,54,7.48496384141157,78.66666666666666,87.65432098765432,162.0,134,333,,2.546875,0.0,0.0,94.0,1,1.0,223.0,,,
2012,WR,7,Stephen Hill,historical_oof,,,43,7.2104130824829955,77.33333333333333,87.03703703703704,162.0,142,352,,3.95,0.0,0.0,96.0,1,1.0,223.0,,,
2012,WR,8,Alshon Jeffery,historical_oof,,,45,6.59100051445578,73.33333333333333,83.33333333333334,162.0,165,407,,17.0375,1.0,1.0,8.0,1,1.0,223.0,,,
2012,WR,9,T.Y. Hilton,historical_oof,,,92,6.556635488945578,72.95238095238096,82.71604938271605,162.0,167,414,,14.98125,1.0,1.0,12.0,1,1.0,223.0,,,
2012,WR,10,Rueben Randle,historical_oof,,,63,6.4227870110544245,72.19047619047619,82.09876543209876,162.0,172,425,,10.028125,0.0,0.0,30.0,1,1.0,223.0,,,
2012,WR,11,Chris Givens,historical_oof,,,96,5.565000494614515,66.66666666666666,75.92592592592592,162.0,208,520,,6.9593750000000005,0.0,0.0,56.0,1,1.0,223.0,,,
2012,WR,12,DeVier Posey,historical_oof,,,68,5.4420960119047646,65.14285714285715,74.07407407407408,162.0,216,542,,1.590625,0.0,0.0,126.0,1,1.0,223.0,,,
2012,WR,13,Brian Quick,historical_oof,,,33,4.545748754251703,59.61904761904761,66.66666666666666,162.0,261,639,,4.396875,0.0,0.0,88.0,1,1.0,223.0,,,
2012,WR,14,T.J. Graham,historical_oof,,,69,4.381228607568025,58.285714285714285,64.19753086419753,162.0,268,656,,4.38125,0.0,0.0,88.0,1,1.0,223.0,,,
2012,WR,15,Jarius Wright,historical_oof,,,118,4.264665886479594,57.333333333333336,63.580246913580254,162.0,273,670,,6.478125,0.0,0.0,62.0,1,1.0,223.0,,,
2012,WR,16,Travis Benjamin,historical_oof,,,100,3.997509213435373,55.61904761904762,62.34567901234568,162.0,284,698,,4.340624999999999,0.0,0.0,86.0,1,1.0,223.0,,,
2012,WR,17,Keshawn Martin,historical_oof,,,121,3.87123574829932,54.285714285714285,61.11111111111112,162.0,293,719,,2.9718750000000003,0.0,0.0,100.0,1,1.0,223.0,,,
2012,WR,18,Joe Adams,historical_oof,,,104,3.86160529761905,53.9047619047619,61.11111111111112,162.0,295,723,,0.09375,0.0,0.0,188.0,1,1.0,223.0,,,
2012,WR,19,Nick Toon,historical_oof,,,122,3.86022042162698,53.71428571428572,61.11111111111112,162.0,296,726,,1.678125,0.0,0.0,110.0,1,1.0,223.0,,,
2012,WR,20,Juron Criner,historical_oof,,,168,3.791000469812926,52.38095238095239,60.49382716049383,162.0,303,744,,1.415625,0.0,0.0,123.0,1,1.0,223.0,,,
2012,WR,21,Tommy Streeter,historical_oof,,,198,3.489716150085032,48.57142857142857,57.407407407407405,162.0,328,808,,0.0,0.0,0.0,188.0,1,1.0,223.0,,,
2012,WR,22,Greg Childs,historical_oof,,,134,3.4343006335034,47.23809523809524,55.55555555555556,162.0,335,829,,0.0,0.0,0.0,,1,1.0,223.0,,,
2012,WR,23,Jordan White,historical_oof,,,244,3.3382078103741497,44.95238095238096,51.85185185185185,162.0,348,864,,0.071875,0.0,0.0,191.0,1,1.0,223.0,,,
2012,WR,24,Danny Coale,historical_oof,,,152,3.336950525085034,44.761904761904766,51.85185185185185,162.0,349,868,,0.0,0.0,0.0,,1,1.0,223.0,,,
2012,WR,25,Rishard Matthews,historical_oof,,,227,3.3153386798469366,44.38095238095238,51.85185185185185,162.0,351,872,,4.2375,0.0,0.0,75.0,1,1.0,223.0,,,
2012,WR,26,Marvin McNutt,historical_oof,,,194,3.0702110565476186,41.523809523809526,49.38271604938272,162.0,370,914,,0.0,0.0,0.0,188.0,1,1.0,223.0,,,
2012,WR,27,Devon Wylie,historical_oof,,,107,2.940921447704084,39.61904761904762,46.2962962962963,162.0,383,950,,0.3531249999999999,0.0,0.0,161.0,1,1.0,223.0,,,
2012,WR,28,B.J. Cunningham,historical_oof,,,183,2.930008103741496,39.42857142857143,46.2962962962963,162.0,384,951,,0.0,0.0,0.0,,1,1.0,223.0,,,
2012,WR,29,Marvin Jones,historical_oof,,,166,2.319280342261901,28.952380952380956,32.71604938271605,162.0,444,1108,,7.421875,0.0,0.0,29.0,1,1.0,223.0,,,
2012,WR,30,LaVon Brazill,historical_oof,,,206,2.067403647959183,24.571428571428573,29.01234567901235,162.0,473,1178,,2.365625,0.0,0.0,119.0,1,1.0,223.0,,,
2012,WR,31,Jeremy Ebert,historical_oof,,,235,1.6506999255952366,17.142857142857142,19.1358024691358,162.0,515,1287,,0.15,0.0,0.0,172.0,1,1.0,223.0,,,
2012,WR,32,Junior Hemingway,historical_oof,,,238,1.4335531717687082,13.333333333333334,15.432098765432098,162.0,540,1343,,1.884375,0.0,0.0,120.0,1,1.0,223.0,,,
2012,WR,33,Toney Clemons,historical_oof,,,231,1.196238767006803,6.285714285714287,8.641975308641975,162.0,586,1448,,0.221875,0.0,0.0,176.0,1,1.0,223.0,,,
2012,TE,1,Coby Fleener,historical_oof,,,34,7.789751777161333,93.53448275862068,98.50746268656717,67.0,20,108,,9.9125,1.0,0.0,8.0,1,1.0,105.0,,,
2012,TE,2,Evan Rodriguez,historical_oof,,,111,5.468236599694946,83.1896551724138,89.55223880597015,67.0,49,264,,0.190625,0.0,0.0,87.0,1,1.0,105.0,,,
2012,TE,3,Michael Egnew,historical_oof,,,78,5.415197336928944,82.32758620689656,89.55223880597015,67.0,52,276,,0.434375,0.0,0.0,73.0,1,1.0,105.0,,,
2012,TE,4,Ladarius Green,historical_oof,,,110,4.87052111724585,77.58620689655173,85.07462686567165,67.0,64,349,,3.56875,0.0,0.0,38.0,1,1.0,105.0,,,
2012,TE,5,Dwayne Allen,historical_oof,,,64,4.294950493544155,71.12068965517241,83.5820895522388,67.0,79,442,,7.253124999999999,0.0,0.0,20.0,1,1.0,105.0,,,
2012,TE,6,Orson Charles,historical_oof,,,116,3.647197537799502,62.93103448275862,79.1044776119403,67.0,105,578,,0.621875,0.0,0.0,59.0,1,1.0,105.0,,,
2012,TE,7,Taylor Thompson,historical_oof,,,145,2.9469622514737246,49.137931034482754,56.71641791044776,67.0,145,799,,0.653125,0.0,0.0,80.0,1,1.0,105.0,,,
2012,TE,8,Adrien Robinson,historical_oof,,,127,2.1634670906424933,34.48275862068966,37.3134328358209,67.0,184,1020,,0.5,0.0,0.0,76.0,1,1.0,105.0,,,
2012,TE,9,James Hanna,historical_oof,,,186,1.9200943341678167,31.46551724137931,37.3134328358209,67.0,192,1063,,1.1218750000000002,0.0,0.0,63.0,1,1.0,105.0,,,
2012,TE,10,Drake Dunsmore,historical_oof,,,233,1.3757645019861084,21.120689655172413,23.88059701492537,67.0,223,1228,,0.0,0.0,0.0,,1,1.0,105.0,,,
2012,TE,11,David Paulson,historical_oof,,,240,0.9413837418434728,15.086206896551724,16.417910447761194,67.0,238,1316,,0.821875,0.0,0.0,72.0,1,1.0,105.0,,,
2012,TE,12,Brad Smelley,historical_oof,,,247,0.5442877827034074,8.189655172413794,8.955223880597014,67.0,256,1421,,0.040625,0.0,0.0,103.0,1,1.0,105.0,,,
2013,QB,1,EJ Manuel,historical_oof,,,16,12.318783345218316,87.5,98.33333333333331,60.0,31,197,,6.0062500000000005,0.0,0.0,28.0,1,1.0,98.0,,,
2013,QB,2,Geno Smith,historical_oof,,,39,4.569434768005905,69.88636363636364,76.66666666666667,60.0,68,465,,10.798125,0.0,0.0,20.0,1,1.0,98.0,,,
2013,QB,3,Mike Glennon,historical_oof,,,73,4.1467944883306105,65.9090909090909,76.66666666666667,60.0,76,531,,7.7375,0.0,0.0,26.0,1,1.0,98.0,,,
2013,QB,4,Brad Sorensen,historical_oof,,,221,2.236917092246343,50.56818181818182,56.66666666666666,60.0,108,774,,0.0,0.0,0.0,,1,1.0,98.0,,,
2013,QB,5,Matt Barkley,historical_oof,,,98,2.095155637871923,46.02272727272727,50.0,60.0,118,848,,0.05625,0.0,0.0,59.0,1,1.0,98.0,,,
2013,QB,6,Landry Jones,historical_oof,,,115,1.986187314983349,43.75,48.333333333333336,60.0,122,880,,0.688125,0.0,0.0,50.0,1,1.0,98.0,,,
2013,QB,7,Sean Renfree,historical_oof,,,249,1.9478954974183644,43.18181818181818,48.333333333333336,60.0,123,888,,0.0,0.0,0.0,74.0,1,1.0,98.0,,,
2013,QB,8,Ryan Nassib,historical_oof,,,110,1.4340134247553702,32.95454545454545,30.0,60.0,144,1044,,0.275625,0.0,0.0,59.0,1,1.0,98.0,,,
2013,QB,9,Zac Dysert,historical_oof,,,234,1.340119507150486,31.25,30.0,60.0,147,1068,,0.0,0.0,0.0,,1,1.0,98.0,,,
2013,QB,10,Tyler Wilson,historical_oof,,,112,1.3386159713276715,30.681818181818183,30.0,60.0,149,1078,,0.0,0.0,0.0,,1,1.0,98.0,,,
2013,QB,11,B.J. Daniels,historical_oof,,,237,0.8734154244398656,14.204545454545457,6.666666666666667,60.0,184,1330,,0.14625,0.0,0.0,,1,1.0,98.0,,,
2013,RB,1,Giovani Bernard,historical_oof,,,37,8.407982523180324,85.25469168900804,84.17266187050359,139.0,65,235,,12.8375,0.0,0.0,13.0,1,1.0,183.0,,,
2013,RB,2,Le'Veon Bell,historical_oof,,,48,7.583153600413349,80.6970509383378,80.57553956834532,139.0,83,299,,18.35625,1.0,1.0,1.0,1,1.0,183.0,,,
2013,RB,3,Montee Ball,historical_oof,,,58,7.133105831305537,76.94369973190348,77.6978417266187,139.0,99,360,,4.525,0.0,0.0,46.0,1,1.0,183.0,,,
2013,RB,4,Eddie Lacy,historical_oof,,,61,6.8459611185179785,73.9946380697051,74.82014388489209,139.0,110,399,,16.096875,1.0,1.0,6.0,1,1.0,183.0,,,
2013,RB,5,Knile Davis,historical_oof,,,96,6.6575123249703605,73.19034852546918,74.10071942446042,139.0,113,412,,5.990625,0.0,0.0,35.0,1,1.0,183.0,,,
2013,RB,6,Christine Michael,historical_oof,,,62,5.031182157831826,63.27077747989276,63.30935251798561,139.0,157,571,,1.5187499999999998,0.0,0.0,100.0,1,1.0,183.0,,,
2013,RB,7,Johnathan Franklin,historical_oof,,,125,4.176709551049225,52.54691689008043,51.798561151079134,139.0,203,743,,0.6781250000000001,0.0,0.0,106.0,1,1.0,183.0,,,
2013,RB,8,Marcus Lattimore,historical_oof,,,131,4.103354169897195,51.4745308310992,50.35971223021583,139.0,210,761,,0.0,0.0,0.0,,1,1.0,183.0,,,
2013,RB,9,Stepfan Taylor,historical_oof,,,140,3.749718685312379,45.57640750670242,46.76258992805755,139.0,238,854,,2.8843750000000004,0.0,0.0,71.0,1,1.0,183.0,,,
2013,RB,10,Kyle Juszczyk,historical_oof,,,130,3.6351019642360174,44.23592493297587,45.32374100719424,139.0,244,874,,4.26875,0.0,0.0,52.0,1,1.0,183.0,,,
2013,RB,11,Zac Stacy,historical_oof,,,160,3.4775789219552657,41.28686327077748,41.00719424460432,139.0,255,919,,7.746875,0.0,0.0,20.0,1,1.0,183.0,,,
2013,RB,12,Spencer Ware,historical_oof,,,194,3.438119807069395,40.75067024128686,41.00719424460432,139.0,258,928,,2.61875,0.0,0.0,59.0,1,1.0,183.0,,,
2013,RB,13,Mike Gillislee,historical_oof,,,164,3.420246736820717,40.48257372654155,41.00719424460432,139.0,259,932,,1.678125,0.0,0.0,75.0,1,1.0,183.0,,,
2013,RB,14,Joseph Randle,historical_oof,,,151,3.290605158644685,39.14209115281501,39.568345323741006,139.0,266,956,,4.021875,0.0,0.0,68.0,1,1.0,183.0,,,
2013,RB,15,Mike James,historical_oof,,,189,3.0099763610405743,36.46112600536193,35.97122302158273,139.0,276,991,,1.6275000000000002,0.0,0.0,72.0,1,1.0,183.0,,,
2013,RB,16,Chris Thompson,historical_oof,,,154,2.962615334396613,35.656836461126005,34.53237410071942,139.0,280,1004,,3.3906250000000004,0.0,0.0,54.0,1,1.0,183.0,,,
2013,RB,17,Theo Riddick,historical_oof,,,199,2.766351876312531,32.171581769437,32.37410071942446,139.0,296,1055,,8.553125000000001,0.0,0.0,18.0,1,1.0,183.0,,,
2013,RB,18,Jawan Jamison,historical_oof,,,228,2.747788264164104,31.63538873994638,31.654676258992804,139.0,298,1061,,0.0,0.0,0.0,,1,1.0,183.0,,,
2013,RB,19,Kenjon Barner,historical_oof,,,182,2.6294466318695493,30.02680965147453,30.215827338129497,139.0,305,1089,,0.78125,0.0,0.0,109.0,1,1.0,183.0,,,
2013,RB,20,Andre Ellington,historical_oof,,,187,2.2478889778399487,25.46916890080429,25.899280575539567,139.0,327,1165,,10.7125,0.0,0.0,19.0,1,1.0,183.0,,,
2013,RB,21,Kerwynn Williams,historical_oof,,,230,2.124395303313472,23.59249329758713,24.46043165467626,139.0,334,1193,,1.546875,0.0,0.0,96.0,1,1.0,183.0,,,
2013,RB,22,Latavius Murray,historical_oof,,,181,1.2776881846766228,11.26005361930295,11.510791366906476,139.0,385,1372,,9.078125,1.0,0.0,10.0,1,1.0,183.0,,,
2013,RB,23,Rex Burkhead,historical_oof,,,190,0.983530155675302,7.774798927613941,9.352517985611511,139.0,398,1427,,1.3875000000000002,0.0,0.0,105.0,1,1.0,183.0,,,
2013,RB,24,Michael Cox,historical_oof,,,253,0.62699802944129,5.630026809651475,6.474820143884892,139.0,408,1459,,0.459375,0.0,0.0,128.0,1,1.0,183.0,,,
2013,RB,25,Tommy Bohanon,historical_oof,,,215,-0.2671001975523164,2.1447721179624666,2.158273381294964,139.0,423,1516,,1.059375,0.0,0.0,101.0,1,1.0,183.0,,,
2013,WR,1,DeAndre Hopkins,historical_oof,,,27,12.686231938775522,98.85714285714286,98.46153846153848,195.0,7,20,,17.565625,1.0,1.0,4.0,1,1.0,256.0,,,
2013,WR,2,Tavon Austin,historical_oof,,,8,11.028515131802733,95.61904761904762,97.43589743589745,195.0,29,76,,10.3625,0.0,0.0,26.0,1,1.0,256.0,,,
2013,WR,3,Keenan Allen,historical_oof,,,76,8.837847066326534,86.66666666666667,91.7948717948718,195.0,82,209,,12.465625,1.0,0.0,18.0,1,1.0,256.0,,,
2013,WR,4,Cordarrelle Patterson,historical_oof,,,29,8.630190590986388,85.33333333333334,91.7948717948718,195.0,92,234,,8.024999999999999,0.0,0.0,,1,1.0,256.0,,,
2013,WR,5,Stedman Bailey,historical_oof,,,92,7.739440276360537,79.61904761904762,88.2051282051282,195.0,125,317,,4.240625,0.0,0.0,85.0,1,1.0,256.0,,,
2013,WR,6,Robert Woods,historical_oof,,,41,7.34036399659864,77.71428571428571,86.15384615384616,195.0,139,347,,8.9125,0.0,0.0,44.0,1,1.0,256.0,,,
2013,WR,7,Markus Wheaton,historical_oof,,,79,6.899957142857138,75.42857142857143,84.61538461538461,195.0,154,380,,8.81875,0.0,0.0,44.0,1,1.0,256.0,,,
2013,WR,8,Quinton Patton,historical_oof,,,128,6.649860850340137,73.71428571428571,83.07692307692308,195.0,163,403,,2.653125,0.0,0.0,90.0,1,1.0,256.0,,,
2013,WR,9,Terrance Williams,historical_oof,,,74,6.4600324787415,72.57142857142857,80.51282051282051,195.0,170,421,,9.4375,0.0,0.0,43.0,1,1.0,256.0,,,
2013,WR,10,Justin Hunter,historical_oof,,,34,6.203497448979595,70.47619047619048,77.43589743589745,195.0,183,453,,5.4125,0.0,0.0,79.0,1,1.0,256.0,,,
2013,WR,11,Aaron Dobson,historical_oof,,,59,5.626489383503403,66.85714285714286,74.87179487179488,195.0,206,515,,4.375,0.0,0.0,62.0,1,1.0,256.0,,,
2013,WR,12,Josh Boyce,historical_oof,,,102,4.718676641156464,60.1904761904762,66.15384615384615,195.0,254,627,,0.659375,0.0,0.0,136.0,1,1.0,256.0,,,
2013,WR,13,Kenny Stills,historical_oof,,,144,4.537743112244898,59.238095238095234,65.12820512820512,195.0,263,644,,9.40625,0.0,0.0,37.0,1,1.0,256.0,,,
2013,WR,14,Chris Harper,historical_oof,,,123,3.989668030045346,55.23809523809524,60.51282051282051,195.0,287,703,,0.0,0.0,0.0,188.0,1,1.0,256.0,,,
2013,WR,15,Marquess Wilson,historical_oof,,,236,3.3954376977040828,46.095238095238095,49.74358974358975,195.0,341,847,,3.66875,0.0,0.0,86.0,1,1.0,256.0,,,
2013,WR,16,Ace Sanders,historical_oof,,,101,3.158006785714285,42.66666666666667,46.15384615384615,195.0,363,898,,3.816875,0.0,0.0,63.0,1,1.0,256.0,,,
2013,WR,17,Marquise Goodwin,historical_oof,,,78,3.1346394897959176,42.095238095238095,45.64102564102564,195.0,366,905,,2.1437500000000003,0.0,0.0,101.0,1,1.0,256.0,,,
2013,WR,18,Tavarres King,historical_oof,,,161,2.7887843920068023,36.19047619047619,38.46153846153847,195.0,402,997,,0.103125,0.0,0.0,179.0,1,1.0,256.0,,,
2013,WR,19,Cobi Hamilton,historical_oof,,,197,2.695247852891156,34.095238095238095,35.8974358974359,195.0,414,1024,,0.0,0.0,0.0,,1,1.0,256.0,,,
2013,WR,20,Aaron Mellette,historical_oof,,,238,2.6535122767857144,33.33333333333333,34.87179487179487,195.0,418,1038,,0.0,0.0,0.0,,1,1.0,256.0,,,
2013,WR,21,Alan Bonner,historical_oof,,,195,2.3707477267573687,29.904761904761905,31.28205128205128,195.0,438,1090,,0.0,0.0,0.0,,1,1.0,256.0,,,
2013,WR,22,Denard Robinson,historical_oof,,,135,2.2961850425170054,28.57142857142857,29.230769230769237,195.0,446,1113,,5.675000000000001,0.0,0.0,,1,1.0,256.0,,,
2013,WR,23,Justin Brown,historical_oof,,,186,2.252480297619047,27.42857142857143,28.717948717948715,195.0,453,1131,,0.60625,0.0,0.0,138.0,1,1.0,256.0,,,
2013,WR,24,Charles Johnson,historical_oof,,,216,1.4727528231292493,14.476190476190476,14.358974358974358,195.0,532,1326,,3.534375,0.0,0.0,83.0,1,1.0,256.0,,,
2013,WR,25,Corey Fuller,historical_oof,,,171,1.4372708439625843,13.523809523809524,13.846153846153848,195.0,538,1339,,1.5875,0.0,0.0,114.0,1,1.0,256.0,,,
2013,WR,26,Kevin Dorsey,historical_oof,,,224,1.1542386607142856,4.9523809523809526,6.666666666666667,195.0,593,1471,,0.04375,0.0,0.0,187.0,1,1.0,256.0,,,
2013,WR,27,Brice Butler,historical_oof,,,209,0.7359685501700679,0.9523809523809524,2.051282051282051,195.0,621,1537,,3.2750000000000004,0.0,0.0,94.0,1,1.0,256.0,,,
2013,TE,1,Tyler Eifert,historical_oof,,,21,8.894850613503559,99.13793103448276,100.0,79.0,3,16,,8.968749999999998,1.0,0.0,7.0,1,1.0,117.0,,,
2013,TE,2,Zach Ertz,historical_oof,,,35,8.61194729814828,97.84482758620688,100.0,79.0,7,36,,9.828125,1.0,0.0,10.0,1,1.0,117.0,,,
2013,TE,3,Gavin Escobar,historical_oof,,,47,7.993924601123083,95.25862068965516,100.0,79.0,16,80,,2.434375,0.0,0.0,50.0,1,1.0,117.0,,,
2013,TE,4,Vance McDonald,historical_oof,,,55,6.823413247437088,89.22413793103449,93.67088607594935,79.0,31,174,,3.1406250000000004,0.0,0.0,31.0,1,1.0,117.0,,,
2013,TE,5,Travis Kelce,historical_oof,,,63,4.769023162858964,77.15517241379311,82.27848101265823,79.0,65,356,,11.459375,1.0,0.0,7.0,1,1.0,117.0,,,
2013,TE,6,Dion Sims,historical_oof,,,106,3.618552654706405,62.5,74.68354430379746,79.0,107,583,,3.0968750000000003,0.0,0.0,35.0,1,1.0,117.0,,,
2013,TE,7,Jordan Reed,historical_oof,,,85,2.988067578730796,50.43103448275862,55.69620253164557,79.0,139,777,,11.215625,1.0,1.0,3.0,1,1.0,117.0,,,
2013,TE,8,Levine Toilolo,historical_oof,,,133,2.682032125037661,46.12068965517241,51.89873417721519,79.0,153,845,,2.915625,0.0,0.0,34.0,1,1.0,117.0,,,
2013,TE,9,Nick Kasa,historical_oof,,,172,1.6305592349317342,26.29310344827586,30.37974683544304,79.0,208,1148,,0.246875,0.0,0.0,89.0,1,1.0,117.0,,,
2013,TE,10,Luke Willson,historical_oof,,,158,1.6263810330542467,25.86206896551724,30.37974683544304,79.0,209,1157,,4.04375,0.0,0.0,29.0,1,1.0,117.0,,,
2013,TE,11,Mychal Rivera,historical_oof,,,184,1.5426535162060169,24.568965517241377,30.37974683544304,79.0,213,1179,,7.378125,0.0,0.0,17.0,1,1.0,117.0,,,
2013,TE,12,Ryan Griffin,historical_oof,,,201,0.9866772190111476,16.379310344827587,16.455696202531644,79.0,235,1300,,3.328125,0.0,0.0,43.0,1,1.0,117.0,,,
2013,TE,13,Chris Gragg,historical_oof,,,222,0.9784866581830868,15.948275862068966,16.455696202531644,79.0,236,1305,,1.4,0.0,0.0,64.0,1,1.0,117.0,,,
2013,TE,14,Justice Cunningham,historical_oof,,,254,0.5052699750646182,6.896551724137931,7.59493670886076,79.0,260,1439,,0.04375,0.0,0.0,110.0,1,1.0,117.0,,,
2013,TE,15,D.C. Jefferson,historical_oof,,,219,0.4682847044522937,4.741379310344827,3.79746835443038,79.0,266,1474,,0.0,0.0,0.0,,1,1.0,117.0,,,
2013,TE,16,Michael Williams,historical_oof,,,211,0.4507885430442573,4.310344827586207,3.79746835443038,79.0,267,1481,,0.175,0.0,0.0,95.0,1,1.0,117.0,,,
2014,QB,1,Blake Bortles,historical_oof,,,3,12.868072597597552,89.20454545454545,100.0,71.0,27,175,,18.350625,1.0,1.0,4.0,1,1.0,109.0,,,
2014,QB,2,Johnny Manziel,historical_oof,,,22,10.177201293951155,79.54545454545455,87.32394366197182,71.0,46,318,,3.340625,0.0,0.0,33.0,1,1.0,109.0,,,
2014,QB,3,Teddy Bridgewater,historical_oof,,,32,10.019151896761969,78.97727272727273,87.32394366197182,71.0,47,326,,11.878125,0.0,0.0,22.0,1,1.0,109.0,,,
2014,QB,4,Derek Carr,historical_oof,,,36,8.920533224410294,75.56818181818183,85.91549295774648,71.0,53,378,,16.8675,1.0,0.0,11.0,1,1.0,109.0,,,
2014,QB,5,Jimmy Garoppolo,historical_oof,,,62,4.2172590396971525,66.47727272727273,77.46478873239437,71.0,75,523,,1.505,0.0,0.0,40.0,1,1.0,109.0,,,
2014,QB,6,Zach Mettenberger,historical_oof,,,178,1.4085510819766145,32.38636363636363,29.577464788732392,71.0,145,1051,,3.5337500000000004,0.0,0.0,38.0,1,1.0,109.0,,,
2014,QB,7,David Fales,historical_oof,,,183,1.0103190404327131,20.454545454545457,15.492957746478872,71.0,171,1236,,0.0275,0.0,0.0,63.0,1,1.0,109.0,,,
2014,QB,8,Logan Thomas,historical_oof,,,120,0.9292672378354516,17.613636363636363,11.267605633802818,71.0,178,1280,,0.22625,0.0,0.0,,1,1.0,109.0,,,
2014,QB,9,Aaron Murray,historical_oof,,,163,0.8207020153693183,11.363636363636363,5.633802816901409,71.0,189,1371,,0.0,0.0,0.0,,1,1.0,109.0,,,
2014,QB,10,A.J. McCarron,historical_oof,,,164,0.7670699042334886,9.090909090909092,5.633802816901409,71.0,193,1408,,1.7268750000000002,0.0,0.0,39.0,1,1.0,109.0,,,
2014,QB,11,Garrett Gilbert,historical_oof,,,214,0.5978025697464607,3.977272727272727,0.0,71.0,204,1488,,0.0,0.0,0.0,,1,1.0,109.0,,,
2014,QB,12,Keith Wenning,historical_oof,,,194,0.4104283838945529,1.1363636363636365,0.0,71.0,209,1535,,0.0,0.0,0.0,,1,1.0,109.0,,,
2014,QB,13,Tom Savage,historical_oof,,,135,0.3425022379660242,0.5681818181818182,0.0,71.0,210,1542,,0.56625,0.0,0.0,46.0,1,1.0,109.0,,,
2014,RB,1,Bishop Sankey,historical_oof,,,54,7.235467068802311,77.7479892761394,80.48780487804879,164.0,96,346,,4.85625,0.0,0.0,46.0,1,1.0,208.0,,,
2014,RB,2,Jeremy Hill,historical_oof,,,55,6.968361991807653,75.06702412868633,77.4390243902439,164.0,106,383,,12.099999999999998,1.0,0.0,11.0,1,1.0,208.0,,,
2014,RB,3,Terrance West,historical_oof,,,94,6.638917443306077,72.92225201072387,75.0,164.0,114,415,,8.865625,0.0,0.0,23.0,1,1.0,208.0,,,
2014,RB,4,Carlos Hyde,historical_oof,,,57,6.613087285234911,72.65415549597856,75.0,164.0,115,420,,8.54375,0.0,0.0,18.0,1,1.0,208.0,,,
2014,RB,5,Charles Sims,historical_oof,,,69,6.379061868193723,71.84986595174263,73.78048780487805,164.0,118,430,,7.746874999999999,0.0,0.0,17.0,1,1.0,208.0,,,
2014,RB,6,Jerick McKinnon,historical_oof,,,96,6.273646415379746,71.31367292225201,73.78048780487805,164.0,121,440,,7.584375,0.0,0.0,27.0,1,1.0,208.0,,,
2014,RB,7,Tre Mason,historical_oof,,,75,6.175353954719154,70.50938337801608,72.5609756097561,164.0,124,452,,5.8375,0.0,0.0,30.0,1,1.0,208.0,,,
2014,RB,8,De'Anthony Thomas,historical_oof,,,124,4.8843384046583465,61.66219839142091,62.80487804878049,164.0,163,601,,3.3843750000000004,0.0,0.0,,1,1.0,208.0,,,
2014,RB,9,Devonta Freeman,historical_oof,,,103,4.752581177832767,59.24932975871313,62.19512195121951,164.0,175,643,,18.765625,1.0,1.0,1.0,1,1.0,208.0,,,
2014,RB,10,Ka'Deem Carey,historical_oof,,,117,4.452941241950205,56.56836461126006,60.36585365853659,164.0,187,682,,1.978125,0.0,0.0,85.0,1,1.0,208.0,,,
2014,RB,11,Andre Williams,historical_oof,,,113,4.2650576692475415,53.88739946380697,56.70731707317073,164.0,198,724,,5.640625,0.0,0.0,27.0,1,1.0,208.0,,,
2014,RB,12,Lorenzo Taliaferro,historical_oof,,,138,3.805196218122692,46.91689008042895,50.0,164.0,232,835,,2.7875,0.0,0.0,67.0,1,1.0,208.0,,,
2014,RB,13,James White,historical_oof,,,130,3.382273159972484,39.94638069705093,41.46341463414634,164.0,262,941,,8.884375,0.0,0.0,26.0,1,1.0,208.0,,,
2014,RB,14,Marion Grice,historical_oof,,,201,2.943168843350729,35.120643431635386,34.14634146341464,164.0,282,1011,,0.625,0.0,0.0,109.0,1,1.0,208.0,,,
2014,RB,15,Lache Seastrunk,historical_oof,,,186,2.6677176563419924,30.563002680965145,29.8780487804878,164.0,303,1082,,0.0,0.0,0.0,,1,1.0,208.0,,,
2014,RB,16,Tyler Gaffney,historical_oof,,,204,2.219948390280866,24.932975871313676,25.0,164.0,329,1175,,0.0,0.0,0.0,,1,1.0,208.0,,,
2014,RB,17,Alfred Blue,historical_oof,,,181,2.200779064773923,24.128686327077748,24.390243902439025,164.0,332,1186,,6.7125,0.0,0.0,43.0,1,1.0,208.0,,,
2014,RB,18,Kiero Small,historical_oof,,,227,1.5535708128962948,15.013404825737265,15.24390243902439,164.0,370,1318,,0.0,0.0,0.0,158.0,1,1.0,208.0,,,
2014,RB,19,Trey Millard,historical_oof,,,245,1.5524856519849843,14.745308310991955,15.24390243902439,164.0,371,1322,,0.0,0.0,0.0,,1,1.0,208.0,,,
2014,RB,20,Storm Johnson,historical_oof,,,222,1.330579848922712,12.064343163538874,13.414634146341465,164.0,382,1362,,0.6625,0.0,0.0,104.0,1,1.0,208.0,,,
2014,RB,21,Jay Prosch,historical_oof,,,211,1.1094782632154745,9.115281501340483,10.365853658536585,164.0,393,1407,,0.2093749999999999,0.0,0.0,145.0,1,1.0,208.0,,,
2014,WR,1,Mike Evans,historical_oof,,,7,14.988583711734687,100.0,100.0,222.0,1,1,,17.1625,1.0,1.0,3.0,1,1.0,283.0,,,
2014,WR,2,Sammy Watkins,historical_oof,,,4,12.57098082057823,98.66666666666669,98.1981981981982,222.0,9,24,,13.025,1.0,0.0,19.0,1,1.0,283.0,,,
2014,WR,3,Brandin Cooks,historical_oof,,,20,10.670735085034012,94.47619047619048,96.3963963963964,222.0,36,91,,15.621875,1.0,1.0,10.0,1,1.0,283.0,,,
2014,WR,4,Marqise Lee,historical_oof,,,39,10.120866530612243,92.95238095238096,94.14414414414416,222.0,48,119,,8.328125,0.0,0.0,39.0,1,1.0,283.0,,,
2014,WR,5,Kelvin Benjamin,historical_oof,,,28,9.935840046768725,92.0,94.14414414414416,222.0,53,134,,13.215625,1.0,0.0,17.0,1,1.0,283.0,,,
2014,WR,6,Jordan Matthews,historical_oof,,,42,9.156508120748306,89.33333333333333,92.34234234234236,222.0,68,172,,13.528125,0.0,0.0,,1,1.0,283.0,,,
2014,WR,7,Odell Beckham,historical_oof,,,12,8.730909761904758,86.09523809523809,91.44144144144144,222.0,87,220,,19.259375,1.0,1.0,4.0,1,1.0,283.0,,,
2014,WR,8,Allen Robinson,historical_oof,,,61,8.346469931972786,84.19047619047619,90.54054054054052,222.0,99,250,,15.728125,1.0,1.0,6.0,1,1.0,283.0,,,
2014,WR,9,Paul Richardson,historical_oof,,,45,8.184971318027213,84.0,90.54054054054052,222.0,100,254,,3.7,0.0,0.0,98.0,1,1.0,283.0,,,
2014,WR,10,Davante Adams,historical_oof,,,53,7.76875332482993,80.19047619047619,88.28828828828829,222.0,122,308,,11.03125,1.0,1.0,9.0,1,1.0,283.0,,,
2014,WR,11,Jarvis Landry,historical_oof,,,63,7.754113612528343,79.80952380952381,87.83783783783784,222.0,124,314,,15.895625,1.0,1.0,8.0,1,1.0,283.0,,,
2014,WR,12,Donte Moncrief,historical_oof,,,90,7.061986581632647,76.57142857142857,83.78378378378379,222.0,148,365,,8.621875,0.0,0.0,35.0,1,1.0,283.0,,,
2014,WR,13,Cody Latimer,historical_oof,,,56,6.194565034013606,70.28571428571428,75.67567567567568,222.0,184,456,,1.05,0.0,0.0,155.0,1,1.0,283.0,,,
2014,WR,14,Josh Huff,historical_oof,,,86,4.691286812641722,60.0,64.86486486486487,222.0,255,629,,3.65625,0.0,0.0,89.0,1,1.0,283.0,,,
2014,WR,15,Ryan Grant,historical_oof,,,142,4.548622060657595,59.80952380952381,64.86486486486487,222.0,256,631,,2.45,0.0,0.0,98.0,1,1.0,283.0,,,
2014,WR,16,Dri Archer,historical_oof,,,97,4.36324514030612,58.0952380952381,61.71171171171172,222.0,269,659,,0.415625,0.0,0.0,,1,1.0,283.0,,,
2014,WR,17,Kevin Norwood,historical_oof,,,123,3.99154021400227,55.42857142857143,59.45945945945946,222.0,285,701,,0.6000000000000001,0.0,0.0,141.0,1,1.0,283.0,,,
2014,WR,18,Bruce Ellington,historical_oof,,,106,3.901779539399092,54.66666666666666,58.108108108108105,222.0,291,713,,1.9375,0.0,0.0,120.0,1,1.0,283.0,,,
2014,WR,19,Martavis Bryant,historical_oof,,,118,3.871090971513605,54.095238095238095,57.65765765765766,222.0,294,721,,9.384375,0.0,0.0,38.0,1,1.0,283.0,,,
2014,WR,20,Shaquelle Evans,historical_oof,,,115,3.822250525793652,52.761904761904766,56.30630630630631,222.0,301,740,,0.0,0.0,0.0,,1,1.0,283.0,,,
2014,WR,21,John Brown,historical_oof,,,91,3.6684938140976087,51.61904761904762,54.5045045045045,222.0,308,759,,11.078125,1.0,0.0,24.0,1,1.0,283.0,,,
2014,WR,22,Michael Campanaro,historical_oof,,,218,3.518335461309524,48.95238095238096,53.6036036036036,222.0,325,801,,1.23125,0.0,0.0,133.0,1,1.0,283.0,,,
2014,WR,23,Jalen Saunders,historical_oof,,,104,3.3955787500000003,46.285714285714285,49.549549549549546,222.0,340,844,,0.053125,0.0,0.0,185.0,1,1.0,283.0,,,
2014,WR,24,Devin Street,historical_oof,,,146,3.124547937925169,41.90476190476191,44.5945945945946,222.0,368,909,,0.81875,0.0,0.0,147.0,1,1.0,283.0,,,
2014,WR,25,Quincy Enunwa,historical_oof,,,209,2.620111590136057,32.761904761904766,33.33333333333333,222.0,421,1046,,6.949999999999999,0.0,0.0,44.0,1,1.0,283.0,,,
2014,WR,26,Jeff Janis,historical_oof,,,236,2.490280795068025,31.23809523809524,31.53153153153153,222.0,431,1070,,1.4374999999999998,0.0,0.0,127.0,1,1.0,283.0,,,
2014,WR,27,Robert Herron,historical_oof,,,185,2.4330214675453514,30.28571428571429,30.630630630630627,222.0,436,1085,,0.5562499999999999,0.0,0.0,144.0,1,1.0,283.0,,,
2014,WR,28,T.J. Jones,historical_oof,,,189,2.204912049319728,26.857142857142858,26.576576576576574,222.0,456,1138,,1.35,0.0,0.0,138.0,1,1.0,283.0,,,
2014,WR,29,James Wright,historical_oof,,,239,1.3223537797619045,10.666666666666668,10.81081081081081,222.0,558,1383,,1.253125,0.0,0.0,142.0,1,1.0,283.0,,,
2014,WR,30,Jared Abbrederis,historical_oof,,,176,1.312834122023809,9.904761904761903,9.45945945945946,222.0,564,1396,,0.684375,0.0,0.0,153.0,1,1.0,283.0,,,
2014,WR,31,Tevin Reese,historical_oof,,,240,1.229592523384354,7.047619047619048,7.657657657657657,222.0,582,1437,,0.0,0.0,0.0,,1,1.0,283.0,,,
2014,WR,32,Matt Hazel,historical_oof,,,190,1.1001576580215415,4.380952380952381,5.855855855855856,222.0,597,1480,,0.0,0.0,0.0,199.0,1,1.0,283.0,,,
2014,WR,33,Walt Powell,historical_oof,,,196,0.9167253684807244,2.857142857142857,4.054054054054054,222.0,608,1505,,0.8812500000000001,0.0,0.0,135.0,1,1.0,283.0,,,
2014,TE,1,Eric Ebron,historical_oof,,,10,9.032372939396913,100.0,100.0,95.0,1,1,,8.590625,0.0,0.0,14.0,1,1.0,133.0,,,
2014,TE,2,Austin Seferian-Jenkins,historical_oof,,,38,8.131098168607188,96.1206896551724,97.89473684210527,95.0,11,66,,4.121875,0.0,0.0,33.0,1,1.0,133.0,,,
2014,TE,3,Jace Amaro,historical_oof,,,49,7.788800100772243,93.10344827586206,94.73684210526316,95.0,21,116,,2.91875,0.0,0.0,25.0,1,1.0,133.0,,,
2014,TE,4,Troy Niklas,historical_oof,,,52,6.674216152379371,88.79310344827587,90.52631578947368,95.0,32,180,,0.815625,0.0,0.0,76.0,1,1.0,133.0,,,
2014,TE,5,C.J. Fiedorowicz,historical_oof,,,65,5.434924430291932,82.75862068965517,86.31578947368422,95.0,50,270,,5.362500000000001,0.0,0.0,18.0,1,1.0,133.0,,,
2014,TE,6,Richard Rodgers,historical_oof,,,98,4.273617252757161,70.25862068965517,77.89473684210526,95.0,82,457,,7.1625,1.0,0.0,12.0,1,1.0,133.0,,,
2014,TE,7,Crockett Gillmore,historical_oof,,,99,3.714689831646529,65.51724137931035,74.73684210526315,95.0,98,536,,3.946875,0.0,0.0,27.0,1,1.0,133.0,,,
2014,TE,8,Arthur Lynch,historical_oof,,,155,1.7345594829178754,28.01724137931034,35.78947368421053,95.0,203,1122,,0.0,0.0,0.0,,1,1.0,133.0,,,
2014,TE,9,Rob Blanchflower,historical_oof,,,230,0.8157844102375803,13.36206896551724,13.684210526315791,95.0,242,1342,,0.0,0.0,0.0,,1,1.0,133.0,,,
2014,TE,10,Ted Bolser,historical_oof,,,217,0.709806247710623,11.20689655172414,12.63157894736842,95.0,247,1374,,0.0,0.0,0.0,,1,1.0,133.0,,,
2015,QB,1,Marcus Mariota,historical_oof,,,2,13.746031261045,91.47727272727272,100.0,84.0,23,141,,14.7175,0.0,0.0,13.0,1,1.0,122.0,,,
2015,QB,2,Jameis Winston,historical_oof,,,1,10.66995288944599,81.25,89.28571428571429,84.0,43,292,,16.59625,0.0,0.0,13.0,1,1.0,122.0,,,
2015,QB,3,Garrett Grayson,historical_oof,,,75,5.385957922471202,71.02272727272727,77.38095238095238,84.0,65,446,,0.0,0.0,0.0,,1,1.0,122.0,,,
2015,QB,4,Sean Mannion,historical_oof,,,89,4.535826020945793,69.31818181818183,76.19047619047619,84.0,70,475,,0.20125,0.0,0.0,57.0,1,1.0,122.0,,,
2015,QB,5,Bryce Petty,historical_oof,,,103,1.887741374379841,42.04545454545455,48.80952380952381,84.0,125,908,,1.7975,0.0,0.0,42.0,1,1.0,122.0,,,
2015,QB,6,Brett Hundley,historical_oof,,,147,1.375493874168083,31.818181818181817,33.33333333333333,84.0,146,1059,,3.88875,0.0,0.0,31.0,1,1.0,122.0,,,
2015,QB,7,Trevor Siemian,historical_oof,,,250,0.9524493306852,18.181818181818183,16.666666666666664,84.0,177,1272,,9.9325,0.0,0.0,26.0,1,1.0,122.0,,,
2015,RB,1,Todd Gurley,historical_oof,,,10,10.80573281870046,94.36997319034852,92.97297297297298,185.0,26,94,,18.490625,1.0,1.0,1.0,1,1.0,229.0,,,
2015,RB,2,Melvin Gordon,historical_oof,,,15,9.818533607931585,91.15281501340483,91.35135135135135,185.0,40,147,,16.834375,1.0,1.0,5.0,1,1.0,229.0,,,
2015,RB,3,Duke Johnson,historical_oof,,,77,8.095136256015907,83.10991957104558,87.02702702702703,185.0,73,265,,11.8875,1.0,0.0,11.0,1,1.0,229.0,,,
2015,RB,4,T.J. Yeldon,historical_oof,,,36,7.082214491657174,75.87131367292224,80.0,185.0,103,373,,9.175,0.0,0.0,28.0,1,1.0,229.0,,,
2015,RB,5,Tevin Coleman,historical_oof,,,73,6.945401438623891,74.53083109919572,78.37837837837837,185.0,108,392,,11.2125,0.0,0.0,19.0,1,1.0,229.0,,,
2015,RB,6,David Johnson,historical_oof,,,86,5.698153286196471,67.828418230563,68.64864864864865,185.0,137,497,,19.55,1.0,1.0,1.0,1,1.0,229.0,,,
2015,RB,7,Ameer Abdullah,historical_oof,,,54,5.612734705979642,67.5603217158177,68.64864864864865,185.0,138,504,,7.543749999999999,0.0,0.0,40.0,1,1.0,229.0,,,
2015,RB,8,Matt Jones,historical_oof,,,95,5.237359004534962,65.14745308310992,66.48648648648648,185.0,150,541,,5.928125,0.0,0.0,44.0,1,1.0,229.0,,,
2015,RB,9,Jeremy Langford,historical_oof,,,106,5.032688638478872,63.53887399463807,65.94594594594595,185.0,156,567,,6.9,0.0,0.0,29.0,1,1.0,229.0,,,
2015,RB,10,Javorius Allen,historical_oof,,,125,4.418106729435228,56.30026809651475,59.45945945945946,185.0,188,686,,9.74375,0.0,0.0,23.0,1,1.0,229.0,,,
2015,RB,11,Karlos Williams,historical_oof,,,155,3.779711697536084,46.38069705093834,49.18918918918919,185.0,235,843,,3.884375,0.0,0.0,38.0,1,1.0,229.0,,,
2015,RB,12,David Cobb,historical_oof,,,138,3.3431784380716163,39.67828418230563,41.08108108108108,185.0,263,947,,0.66875,0.0,0.0,111.0,1,1.0,229.0,,,
2015,RB,13,Mike Davis,historical_oof,,,126,2.779032020341132,32.707774798927616,33.51351351351352,185.0,294,1048,,2.146875,0.0,0.0,77.0,1,1.0,229.0,,,
2015,RB,14,Jay Ajayi,historical_oof,,,149,2.543760622953318,28.418230563002684,28.10810810810811,185.0,314,1115,,10.95,1.0,0.0,11.0,1,1.0,229.0,,,
2015,RB,15,Cameron Artis-Payne,historical_oof,,,174,2.4453377883680467,27.07774798927614,27.56756756756757,185.0,319,1136,,1.9875,0.0,0.0,91.0,1,1.0,229.0,,,
2015,RB,16,Jalston Fowler,historical_oof,,,108,2.041932958369018,22.5201072386059,22.162162162162165,185.0,338,1206,,0.909375,0.0,0.0,107.0,1,1.0,229.0,,,
2015,RB,17,Josh Robinson,historical_oof,,,205,1.9383500168027976,21.17962466487936,21.08108108108108,185.0,343,1226,,0.35,0.0,0.0,129.0,1,1.0,229.0,,,
2015,RB,18,Michael Burton,historical_oof,,,168,1.8640302547799263,19.839142091152816,20.0,185.0,348,1245,,0.61875,0.0,0.0,119.0,1,1.0,229.0,,,
2015,RB,19,Aaron Ripkowski,historical_oof,,,206,1.7866221038562702,18.49865951742628,18.91891891891892,185.0,354,1267,,1.8375,0.0,0.0,75.0,1,1.0,229.0,,,
2015,RB,20,Marcus Murphy,historical_oof,,,230,1.515066733052559,14.209115281501342,14.594594594594597,185.0,373,1329,,0.4,0.0,0.0,136.0,1,1.0,229.0,,,
2015,RB,21,Kenny Hilliard,historical_oof,,,235,0.8971578893656709,6.970509383378016,7.567567567567568,185.0,401,1438,,0.0,0.0,0.0,,1,1.0,229.0,,,
2015,RB,22,Joey Iosefa,historical_oof,,,231,-0.1368102778456548,2.412868632707774,2.1621621621621623,185.0,422,1512,,0.159375,0.0,0.0,142.0,1,1.0,229.0,,,
2015,WR,1,Amari Cooper,historical_oof,,,4,12.059846947278908,97.90476190476193,97.25490196078432,255.0,14,34,,13.90625,1.0,0.0,15.0,1,1.0,316.0,,,
2015,WR,2,Kevin White,historical_oof,,,7,11.62473872448979,97.14285714285714,96.8627450980392,255.0,19,49,,1.2875,0.0,0.0,121.0,1,1.0,316.0,,,
2015,WR,3,Nelson Agholor,historical_oof,,,20,11.186434119897964,96.38095238095238,96.8627450980392,255.0,24,62,,8.606250000000001,1.0,0.0,23.0,1,1.0,316.0,,,
2015,WR,4,DeVante Parker,historical_oof,,,14,9.874223711734698,91.8095238095238,92.94117647058825,255.0,54,137,,8.887500000000001,0.0,0.0,49.0,1,1.0,316.0,,,
2015,WR,5,Phillip Dorsett,historical_oof,,,29,9.623633265306118,90.47619047619048,92.15686274509804,255.0,62,157,,4.59375,0.0,0.0,78.0,1,1.0,316.0,,,
2015,WR,6,Breshad Perriman,historical_oof,,,26,9.10170539540816,88.38095238095238,90.98039215686276,255.0,73,186,,3.7125,0.0,0.0,76.0,1,1.0,316.0,,,
2015,WR,7,Tyler Lockett,historical_oof,,,69,8.935483473639449,87.61904761904762,90.98039215686276,255.0,77,196,,9.115625,0.0,0.0,40.0,1,1.0,316.0,,,
2015,WR,8,Jaelen Strong,historical_oof,,,70,8.113812104591839,83.04761904761905,87.84313725490196,255.0,105,266,,2.35,0.0,0.0,111.0,1,1.0,316.0,,,
2015,WR,9,Sammie Coates,historical_oof,,,87,6.923469985119031,75.80952380952381,81.17647058823529,255.0,152,375,,2.840625,0.0,0.0,92.0,1,1.0,316.0,,,
2015,WR,10,Devin Smith,historical_oof,,,37,6.912992151360542,75.61904761904762,81.17647058823529,255.0,153,376,,0.921875,0.0,0.0,142.0,1,1.0,316.0,,,
2015,WR,11,Ty Montgomery,historical_oof,,,94,5.894325454931976,68.19047619047619,72.15686274509804,255.0,198,491,,7.253124999999999,0.0,0.0,55.0,1,1.0,316.0,,,
2015,WR,12,Vince Mayle,historical_oof,,,123,5.264079230442179,63.42857142857142,68.23529411764706,255.0,229,568,,0.19375,0.0,0.0,,1,1.0,316.0,,,
2015,WR,13,Dorial Green-Beckham,historical_oof,,,40,5.185650973639461,63.23809523809524,68.23529411764706,255.0,230,572,,6.253124999999999,0.0,0.0,58.0,1,1.0,316.0,,,
2015,WR,14,Jamison Crowder,historical_oof,,,105,5.100890744047619,62.66666666666667,67.84313725490196,255.0,234,582,,11.36875,0.0,0.0,26.0,1,1.0,316.0,,,
2015,WR,15,DeAndre Smelter,historical_oof,,,132,4.312304562074825,57.71428571428572,60.3921568627451,255.0,271,664,,0.103125,0.0,0.0,184.0,1,1.0,316.0,,,
2015,WR,16,Justin Hardy,historical_oof,,,107,3.827024187925172,52.95238095238095,54.50980392156863,255.0,300,737,,3.91875,0.0,0.0,97.0,1,1.0,316.0,,,
2015,WR,17,Stefon Diggs,historical_oof,,,146,3.548257376700678,49.71428571428572,51.37254901960784,255.0,321,789,,12.234375,1.0,0.0,19.0,1,1.0,316.0,,,
2015,WR,18,Tony Lippett,historical_oof,,,156,3.542107056405896,49.523809523809526,51.37254901960784,255.0,322,792,,0.0,0.0,0.0,,1,1.0,316.0,,,
2015,WR,19,Chris Conley,historical_oof,,,76,3.278665573979593,43.80952380952381,44.31372549019608,255.0,354,879,,4.371875,0.0,0.0,80.0,1,1.0,316.0,,,
2015,WR,20,Mario Alford,historical_oof,,,238,3.053745113378686,41.14285714285714,41.17647058823529,255.0,372,921,,0.078125,0.0,0.0,188.0,1,1.0,316.0,,,
2015,WR,21,Da'Ron Brown,historical_oof,,,233,2.9894938562925173,40.57142857142857,41.17647058823529,255.0,376,929,,0.0,0.0,0.0,,1,1.0,316.0,,,
2015,WR,22,Kenny Bell,historical_oof,,,162,2.8000264902210885,36.57142857142857,37.25490196078432,255.0,400,990,,0.0,0.0,0.0,,1,1.0,316.0,,,
2015,WR,23,Geremy Davis,historical_oof,,,186,2.7138960012755096,34.66666666666667,34.90196078431372,255.0,411,1017,,0.128125,0.0,0.0,183.0,1,1.0,316.0,,,
2015,WR,24,Neal Sterling,historical_oof,,,220,2.632059202806124,33.14285714285714,32.94117647058823,255.0,419,1041,,1.1625,0.0,0.0,,1,1.0,316.0,,,
2015,WR,25,Rashad Greene,historical_oof,,,139,2.6154135544217687,32.57142857142858,32.15686274509804,255.0,422,1049,,1.703125,0.0,0.0,113.0,1,1.0,316.0,,,
2015,WR,26,JJ Nelson,historical_oof,,,159,2.4623077239229043,30.666666666666664,29.80392156862745,255.0,434,1079,,7.26875,0.0,0.0,57.0,1,1.0,316.0,,,
2015,WR,27,Dezmin Lewis,historical_oof,,,234,2.2923522066326543,28.38095238095238,26.666666666666668,255.0,447,1118,,0.0,0.0,0.0,198.0,1,1.0,316.0,,,
2015,WR,28,Darren Waller,historical_oof,,,204,2.1865041113945574,26.476190476190474,24.705882352941178,255.0,459,1147,,1.071875,0.0,0.0,,1,1.0,316.0,,,
2015,WR,29,Tre McBride,historical_oof,,,245,1.7627000850340138,18.666666666666668,17.647058823529413,255.0,507,1265,,1.0,0.0,0.0,136.0,1,1.0,316.0,,,
2015,WR,30,Keith Mumphery,historical_oof,,,175,1.369255284863945,12.0,11.76470588235294,255.0,549,1363,,1.36875,0.0,0.0,141.0,1,1.0,316.0,,,
2015,WR,31,Kaelin Clay,historical_oof,,,184,1.3007355725623575,9.333333333333334,9.019607843137257,255.0,567,1404,,0.9125,0.0,0.0,135.0,1,1.0,316.0,,,
2015,WR,32,Andre Debose,historical_oof,,,221,1.2676169416099785,8.190476190476192,8.235294117647058,255.0,575,1420,,0.0,0.0,0.0,,1,1.0,316.0,,,
2015,WR,33,Evan Spencer,historical_oof,,,187,1.259566862244898,8.0,8.235294117647058,255.0,576,1423,,0.0,0.0,0.0,199.0,1,1.0,316.0,,,
2015,TE,1,Devin Funchess,historical_oof,,,41,7.27303796849976,90.51724137931036,91.42857142857144,105.0,28,156,,9.415625,0.0,0.0,,1,1.0,143.0,,,
2015,TE,2,Maxx Williams,historical_oof,,,55,5.900412267355662,85.34482758620689,85.71428571428571,105.0,43,233,,2.90625,0.0,0.0,40.0,1,1.0,143.0,,,
2015,TE,3,Clive Walford,historical_oof,,,68,5.874160475942709,84.91379310344827,85.71428571428571,105.0,44,240,,5.18125,0.0,0.0,32.0,1,1.0,143.0,,,
2015,TE,4,Tyler Kroft,historical_oof,,,85,4.228468405879834,69.39655172413794,74.28571428571429,105.0,84,473,,4.821875,0.0,0.0,15.0,1,1.0,143.0,,,
2015,TE,5,Blake Bell,historical_oof,,,117,3.732348319220462,65.94827586206897,71.42857142857143,105.0,97,530,,1.440625,0.0,0.0,58.0,1,1.0,143.0,,,
2015,TE,6,Jeff Heuerman,historical_oof,,,92,3.704489091444272,64.65517241379311,70.47619047619048,105.0,100,550,,1.821875,0.0,0.0,56.0,1,1.0,143.0,,,
2015,TE,7,MyCole Pruitt,historical_oof,,,143,2.9526217361953533,49.56896551724138,53.333333333333336,105.0,144,791,,0.69375,0.0,0.0,77.0,1,1.0,143.0,,,
2015,TE,8,Nick Boyle,historical_oof,,,171,2.7144987234095272,47.8448275862069,52.38095238095239,105.0,149,819,,2.675,0.0,0.0,45.0,1,1.0,143.0,,,
2015,TE,9,James O'Shaughnessy,historical_oof,,,173,2.535566250976207,41.37931034482759,43.80952380952381,105.0,166,916,,1.5500000000000005,0.0,0.0,57.0,1,1.0,143.0,,,
2015,TE,10,Jesse James,historical_oof,,,160,2.0077962395937408,33.189655172413794,38.095238095238095,105.0,188,1040,,5.90625,0.0,0.0,22.0,1,1.0,143.0,,,
2015,TE,11,Nick O'Leary,historical_oof,,,194,1.812784045032347,29.310344827586203,36.19047619047619,105.0,199,1101,,2.70625,0.0,0.0,33.0,1,1.0,143.0,,,
2015,TE,12,Malcolm Johnson,historical_oof,,,195,1.557633295429769,25.0,30.47619047619048,105.0,211,1170,,0.409375,0.0,0.0,,1,1.0,143.0,,,
2015,TE,13,C.J. Uzomah,historical_oof,,,157,1.245787641683714,20.25862068965517,22.857142857142858,105.0,225,1239,,2.4875,0.0,0.0,41.0,1,1.0,143.0,,,
2015,TE,14,Randall Telfer,historical_oof,,,198,1.213277472636491,19.82758620689655,22.857142857142858,105.0,227,1246,,0.28125,0.0,0.0,97.0,1,1.0,143.0,,,
2015,TE,15,Kennard Backman,historical_oof,,,213,1.0571002106573988,18.103448275862068,20.952380952380956,105.0,231,1273,,0.0,0.0,0.0,,1,1.0,143.0,,,
2015,TE,16,A.J. Derby,historical_oof,,,202,0.9619044990029813,15.517241379310343,17.142857142857142,105.0,237,1311,,2.66875,0.0,0.0,41.0,1,1.0,143.0,,,
2015,TE,17,Gerald Christian,historical_oof,,,256,0.7449373904716315,12.5,13.333333333333334,105.0,244,1355,,0.075,0.0,0.0,107.0,1,1.0,143.0,,,
2015,TE,18,Rory 'Busta' Anderson,historical_oof,,,254,0.5286712431616003,7.327586206896551,8.571428571428571,105.0,259,1434,,0.0,0.0,0.0,,1,1.0,143.0,,,
2015,TE,19,Ben Koyack,historical_oof,,,229,0.4158744901427941,2.155172413793104,0.9523809523809524,105.0,274,1515,,1.6218749999999995,0.0,0.0,48.0,1,1.0,143.0,,,
2015,TE,20,Geoff Swaim,historical_oof,,,246,0.3627536762988991,1.7241379310344829,0.9523809523809524,105.0,275,1521,,0.54375,0.0,0.0,82.0,1,1.0,143.0,,,
2016,QB,1,Carson Wentz,historical_oof,,,2,14.596803097150165,92.61363636363636,100.0,91.0,18,123,,15.49125,1.0,1.0,5.0,1,1.0,129.0,,,
2016,QB,2,Jared Goff,historical_oof,,,1,13.557322396220403,90.9090909090909,98.9010989010989,91.0,24,150,,17.674375,1.0,0.0,7.0,1,1.0,129.0,,,
2016,QB,3,Paxton Lynch,historical_oof,,,26,9.615693525833873,77.27272727272727,84.61538461538461,91.0,50,354,,1.3493750000000002,0.0,0.0,43.0,1,1.0,129.0,,,
2016,QB,4,Jacoby Brissett,historical_oof,,,91,3.9931115931849415,64.77272727272727,70.32967032967034,91.0,79,548,,7.319375000000001,0.0,0.0,20.0,1,1.0,129.0,,,
2016,QB,5,Cody Kessler,historical_oof,,,93,3.5716958960561334,62.5,70.32967032967034,91.0,84,583,,3.614375,0.0,0.0,32.0,1,1.0,129.0,,,
2016,QB,6,Christian Hackenberg,historical_oof,,,51,2.595504333931214,56.25,64.83516483516483,91.0,97,687,,0.0,0.0,0.0,,1,1.0,129.0,,,
2016,QB,7,Connor Cook,historical_oof,,,100,2.379237338669965,53.97727272727273,61.53846153846154,91.0,102,722,,0.1875,0.0,0.0,58.0,1,1.0,129.0,,,
2016,QB,8,Dak Prescott,historical_oof,,,135,2.259478481295824,51.70454545454546,59.34065934065934,91.0,106,758,,17.899375,1.0,1.0,6.0,1,1.0,129.0,,,
2016,QB,9,Brandon Doughty,historical_oof,,,223,2.1116528171737228,47.159090909090914,52.74725274725275,91.0,115,831,,0.0,0.0,0.0,,1,1.0,129.0,,,
2016,QB,10,Kevin Hogan,historical_oof,,,162,2.0213319781600703,44.31818181818182,50.54945054945055,91.0,121,873,,1.57625,0.0,0.0,43.0,1,1.0,129.0,,,
2016,QB,11,Cardale Jones,historical_oof,,,139,1.6682043799885495,38.06818181818182,42.85714285714285,91.0,134,971,,0.054375,0.0,0.0,60.0,1,1.0,129.0,,,
2016,QB,12,Jake Rudock,historical_oof,,,191,1.151782299494187,25.568181818181817,25.274725274725277,91.0,160,1161,,0.0,0.0,0.0,70.0,1,1.0,129.0,,,
2016,QB,13,Jeff Driskel,historical_oof,,,207,1.04036248220947,22.15909090909091,20.87912087912088,91.0,168,1211,,2.66,0.0,0.0,35.0,1,1.0,129.0,,,
2016,QB,14,Brandon Allen,historical_oof,,,201,0.8324634126099156,12.5,9.89010989010989,91.0,187,1355,,0.0,0.0,0.0,,1,1.0,129.0,,,
2016,QB,15,Nate Sudfeld,historical_oof,,,187,0.7836198605775646,10.227272727272728,8.791208791208792,91.0,191,1390,,0.3824999999999999,0.0,0.0,56.0,1,1.0,129.0,,,
2016,RB,1,Ezekiel Elliott,historical_oof,,,4,13.96053542795124,99.19571045576409,100.0,207.0,6,15,,20.453125,1.0,1.0,2.0,1,1.0,251.0,,,
2016,RB,2,Derrick Henry,historical_oof,,,45,9.01865621329307,88.20375335120644,89.3719806763285,207.0,53,188,,10.51125,0.0,0.0,16.0,1,1.0,251.0,,,
2016,RB,3,Kenyan Drake,historical_oof,,,73,8.291310438464144,84.71849865951742,87.92270531400966,207.0,67,243,,10.890625,0.0,0.0,14.0,1,1.0,251.0,,,
2016,RB,4,C.J. Prosise,historical_oof,,,90,7.503813366405114,80.16085790884718,84.54106280193237,207.0,87,310,,2.4375000000000004,0.0,0.0,67.0,1,1.0,251.0,,,
2016,RB,5,Tyler Ervin,historical_oof,,,119,4.758664207039603,59.78552278820375,61.83574879227053,207.0,172,636,,0.609375,0.0,0.0,114.0,1,1.0,251.0,,,
2016,RB,6,Paul Perkins,historical_oof,,,149,4.755244280336553,59.51742627345844,61.83574879227053,207.0,174,640,,3.075,0.0,0.0,57.0,1,1.0,251.0,,,
2016,RB,7,Jordan Howard,historical_oof,,,150,4.604979650390341,58.98123324396782,61.35265700483091,207.0,176,648,,13.431250000000002,1.0,0.0,10.0,1,1.0,251.0,,,
2016,RB,8,Devontae Booker,historical_oof,,,136,4.285318451181567,54.15549597855228,56.038647342995176,207.0,197,720,,7.315625,0.0,0.0,32.0,1,1.0,251.0,,,
2016,RB,9,Kenneth Dixon,historical_oof,,,134,4.1630660846225975,52.27882037533512,54.10628019323672,207.0,204,745,,4.9,0.0,0.0,47.0,1,1.0,251.0,,,
2016,RB,10,Wendell Smallwood,historical_oof,,,153,4.087770754546858,50.93833780160858,52.65700483091788,207.0,212,768,,5.378125,0.0,0.0,42.0,1,1.0,251.0,,,
2016,RB,11,DeAndre Washington,historical_oof,,,143,3.556612976464443,41.8230563002681,44.927536231884055,207.0,253,910,,5.31875,0.0,0.0,56.0,1,1.0,251.0,,,
2016,RB,12,Jonathan Williams,historical_oof,,,156,3.183305228926776,38.337801608579085,39.61352657004831,207.0,269,966,,0.4218749999999999,0.0,0.0,117.0,1,1.0,251.0,,,
2016,RB,13,Alex Collins,historical_oof,,,171,3.1362454362054986,37.53351206434317,39.130434782608695,207.0,272,976,,8.737499999999999,0.0,0.0,21.0,1,1.0,251.0,,,
2016,RB,14,Darius Jackson,historical_oof,,,216,1.989827299383925,22.25201072386059,22.70531400966184,207.0,339,1210,,0.05,0.0,0.0,143.0,1,1.0,251.0,,,
2016,RB,15,Kelvin Taylor,historical_oof,,,211,1.8611390684747249,19.571045576407503,19.806763285024157,207.0,349,1249,,0.0,0.0,0.0,,1,1.0,251.0,,,
2016,RB,16,Keenan Reynolds,historical_oof,,,182,1.2491060827802207,10.723860589812332,10.144927536231885,207.0,387,1382,,0.0,0.0,0.0,,1,1.0,251.0,,,
2016,RB,17,Dan Vitale,historical_oof,,,197,1.1840514103377584,9.919571045576408,9.66183574879227,207.0,390,1394,,0.3625,0.0,0.0,132.0,1,1.0,251.0,,,
2016,RB,18,Keith Marshall,historical_oof,,,242,1.1619242680082638,9.6514745308311,9.66183574879227,207.0,391,1399,,0.0,0.0,0.0,,1,1.0,251.0,,,
2016,RB,19,Andy Janovich,historical_oof,,,176,1.0553010382522414,8.310991957104557,8.695652173913043,207.0,396,1419,,1.3875,0.0,0.0,91.0,1,1.0,251.0,,,
2016,RB,20,Zac Brooks,historical_oof,,,247,1.0053492113441471,8.04289544235925,8.695652173913043,207.0,397,1422,,0.0,0.0,0.0,,1,1.0,251.0,,,
2016,RB,21,Dwayne Washington,historical_oof,,,236,0.9215312794440624,7.506702412868632,8.212560386473431,207.0,399,1431,,2.0031250000000003,0.0,0.0,74.0,1,1.0,251.0,,,
2016,RB,22,Daniel Lasco,historical_oof,,,237,0.5770942301385333,4.825737265415549,5.314009661835748,207.0,412,1472,,0.196875,0.0,0.0,134.0,1,1.0,251.0,,,
2016,RB,23,Derek Watt,historical_oof,,,198,0.1671087681924778,2.949061662198391,2.415458937198068,207.0,420,1504,,0.6437499999999999,0.0,0.0,116.0,1,1.0,251.0,,,
2016,WR,1,Corey Coleman,historical_oof,,,15,12.879383422619052,99.04761904761904,98.61111111111111,288.0,6,17,,4.9625,0.0,0.0,82.0,1,1.0,349.0,,,
2016,WR,2,Josh Doctson,historical_oof,,,22,11.7901031207483,97.52380952380952,96.875,288.0,16,43,,7.15625,0.0,0.0,57.0,1,1.0,349.0,,,
2016,WR,3,Laquon Treadwell,historical_oof,,,23,11.736085778061218,97.33333333333334,96.875,288.0,18,46,,3.475,0.0,0.0,94.0,1,1.0,349.0,,,
2016,WR,4,Tyler Boyd,historical_oof,,,55,11.21601822278911,96.57142857142856,96.5277777777778,288.0,23,59,,10.7875,1.0,0.0,17.0,1,1.0,349.0,,,
2016,WR,5,Sterling Shepard,historical_oof,,,40,7.668121267006798,79.23809523809524,83.33333333333334,288.0,127,322,,11.465625,0.0,0.0,30.0,1,1.0,349.0,,,
2016,WR,6,Leonte Carroo,historical_oof,,,86,7.655033588435369,79.04761904761905,83.33333333333334,288.0,129,325,,1.021875,0.0,0.0,157.0,1,1.0,349.0,,,
2016,WR,7,Tajae Sharpe,historical_oof,,,140,5.96751670493197,69.33333333333334,72.56944444444444,288.0,191,474,,5.515625,0.0,0.0,72.0,1,1.0,349.0,,,
2016,WR,8,Will Fuller,historical_oof,,,21,5.929676027494329,68.76190476190476,72.22222222222221,288.0,195,482,,7.543750000000001,0.0,0.0,61.0,1,1.0,349.0,,,
2016,WR,9,Michael Thomas,historical_oof,,,47,5.550539057539676,66.47619047619048,70.48611111111111,288.0,209,524,,17.9375,1.0,1.0,6.0,1,1.0,349.0,,,
2016,WR,10,Rashard Higgins,historical_oof,,,172,4.739437903911563,60.57142857142858,63.888888888888886,288.0,251,621,,5.8375,0.0,0.0,61.0,1,1.0,349.0,,,
2016,WR,11,Pharoh Cooper,historical_oof,,,117,4.075995846088434,56.00000000000001,58.333333333333336,288.0,282,693,,1.5187500000000005,0.0,0.0,134.0,1,1.0,349.0,,,
2016,WR,12,Braxton Miller,historical_oof,,,85,3.632013231292517,51.23809523809524,52.083333333333336,288.0,311,764,,2.25625,0.0,0.0,118.0,1,1.0,349.0,,,
2016,WR,13,Ricardo Louis,historical_oof,,,114,3.4901668601190483,48.76190476190476,50.34722222222222,288.0,326,804,,3.1625,0.0,0.0,94.0,1,1.0,349.0,,,
2016,WR,14,Demarcus Robinson,historical_oof,,,126,3.3357629676870766,44.57142857142857,45.13888888888889,288.0,350,869,,3.65625,0.0,0.0,90.0,1,1.0,349.0,,,
2016,WR,15,Mike Thomas,historical_oof,,,206,3.035821675170068,40.95238095238095,40.97222222222222,288.0,373,923,,0.65625,0.0,0.0,155.0,1,1.0,349.0,,,
2016,WR,16,Tyreek Hill,historical_oof,,,165,3.0227326296768697,40.76190476190476,40.97222222222222,288.0,374,926,,18.1,1.0,1.0,1.0,1,1.0,349.0,,,
2016,WR,17,Chris Moore,historical_oof,,,107,2.709913516156464,34.285714285714285,34.02777777777778,288.0,413,1023,,3.31875,0.0,0.0,98.0,1,1.0,349.0,,,
2016,WR,18,Malcolm Mitchell,historical_oof,,,112,2.6540040851757367,33.523809523809526,32.98611111111111,288.0,417,1035,,3.0031250000000003,0.0,0.0,81.0,1,1.0,349.0,,,
2016,WR,19,Daniel Braverman,historical_oof,,,230,2.079760286989797,25.142857142857142,22.916666666666664,288.0,470,1169,,0.0,0.0,0.0,198.0,1,1.0,349.0,,,
2016,WR,20,Demarcus Ayers,historical_oof,,,229,2.017680578231292,23.809523809523807,22.22222222222222,288.0,478,1190,,0.5031249999999999,0.0,0.0,152.0,1,1.0,349.0,,,
2016,WR,21,Aaron Burbridge,historical_oof,,,213,1.972769149659864,23.23809523809524,21.875,288.0,481,1198,,0.49375,0.0,0.0,153.0,1,1.0,349.0,,,
2016,WR,22,Moritz Boehringer,historical_oof,,,180,1.919486604630488,22.285714285714285,20.48611111111111,288.0,486,1209,,0.0,0.0,0.0,,1,1.0,349.0,,,
2016,WR,23,Jakeem Grant,historical_oof,,,186,1.751558422425789,18.47619047619048,17.01388888888889,288.0,508,1269,,3.7125,0.0,0.0,93.0,1,1.0,349.0,,,
2016,WR,24,Jordan Payton,historical_oof,,,154,1.6851788647959187,17.71428571428571,16.666666666666664,288.0,512,1277,,0.040625,0.0,0.0,196.0,1,1.0,349.0,,,
2016,WR,25,Trevor Davis,historical_oof,,,163,1.4467491652494324,13.904761904761903,13.88888888888889,288.0,535,1333,,0.7718750000000001,0.0,0.0,161.0,1,1.0,349.0,,,
2016,WR,26,Kenny Lawler,historical_oof,,,243,1.2727780463435376,8.571428571428571,8.333333333333332,288.0,572,1415,,0.0,0.0,0.0,,1,1.0,349.0,,,
2016,WR,27,Devin Lucien,historical_oof,,,225,1.2493416907596366,7.809523809523809,7.291666666666667,288.0,577,1425,,0.0,0.0,0.0,,1,1.0,349.0,,,
2016,WR,28,Kolby Listenbee,historical_oof,,,192,1.2095842524092966,6.476190476190475,6.597222222222222,288.0,585,1445,,0.0,0.0,0.0,,1,1.0,349.0,,,
2016,WR,29,Cody Core,historical_oof,,,199,1.149415381235828,4.761904761904762,5.555555555555555,288.0,594,1473,,2.3125,0.0,0.0,125.0,1,1.0,349.0,,,
2016,WR,30,Charone Peake,historical_oof,,,241,0.9146151275510208,2.666666666666667,3.125,288.0,609,1508,,1.3156250000000005,0.0,0.0,123.0,1,1.0,349.0,,,
2016,WR,31,Devin Fuller,historical_oof,,,238,0.7400099319727894,1.1428571428571428,1.7361111111111112,288.0,620,1534,,0.0,0.0,0.0,,1,1.0,349.0,,,
2016,TE,1,Hunter Henry,historical_oof,,,35,7.458536571850772,91.8103448275862,93.6,125.0,24,136,,8.021875,0.0,0.0,14.0,1,1.0,163.0,,,
2016,TE,2,Austin Hooper,historical_oof,,,81,4.664165789775698,75.43103448275862,78.4,125.0,69,379,,8.83125,1.0,1.0,6.0,1,1.0,163.0,,,
2016,TE,3,Nick Vannett,historical_oof,,,94,3.486611400603365,59.05172413793104,66.4,125.0,116,646,,3.2593750000000004,0.0,0.0,30.0,1,1.0,163.0,,,
2016,TE,4,Temarrick Hemingway,historical_oof,,,177,3.4460966506509365,57.75862068965517,64.8,125.0,119,663,,0.0,0.0,0.0,115.0,1,1.0,163.0,,,
2016,TE,5,Tyler Higbee,historical_oof,,,110,3.159218358684968,53.44827586206896,60.0,125.0,131,729,,3.928125,0.0,0.0,32.0,1,1.0,163.0,,,
2016,TE,6,Jerell Adams,historical_oof,,,184,2.1421327568760606,34.05172413793103,40.8,125.0,185,1027,,1.6062499999999995,0.0,0.0,57.0,1,1.0,163.0,,,
2016,TE,7,Seth Devalve,historical_oof,,,138,1.9947252216186588,32.758620689655174,40.0,125.0,189,1047,,3.475,0.0,0.0,31.0,1,1.0,163.0,,,
2016,TE,8,David Morgan,historical_oof,,,188,1.8489116667360403,30.17241379310345,38.4,125.0,197,1086,,1.065625,0.0,0.0,69.0,1,1.0,163.0,,,
2016,TE,9,Thomas Duarte,historical_oof,,,231,0.8032912887212003,12.93103448275862,14.4,125.0,243,1349,,0.0,0.0,0.0,,1,1.0,163.0,,,
2016,TE,10,Rico Gathers,historical_oof,,,217,0.7075864068074786,10.775862068965516,12.0,125.0,248,1381,,0.234375,0.0,0.0,102.0,1,1.0,163.0,,,
2016,TE,11,Beau Sandland,historical_oof,,,252,0.5660128961316464,9.051724137931034,10.4,125.0,254,1409,,0.0,0.0,0.0,,1,1.0,163.0,,,
2017,QB,1,Mitch Trubisky,historical_oof,,,2,15.626610593823422,94.88636363636364,100.0,106.0,13,85,,14.5575,0.0,0.0,15.0,1,1.0,144.0,,,
2017,QB,2,Patrick Mahomes,historical_oof,,,10,11.955229972888546,86.36363636363636,93.39622641509436,106.0,34,214,,22.003750000000004,1.0,1.0,1.0,1,1.0,144.0,,,
2017,QB,3,Deshaun Watson,historical_oof,,,12,10.80961347507986,82.38636363636364,89.62264150943396,106.0,41,275,,20.39625,1.0,1.0,4.0,1,1.0,144.0,,,
2017,QB,4,Davis Webb,historical_oof,,,87,3.820314493466032,63.63636363636363,70.75471698113208,106.0,81,564,,0.0,0.0,0.0,,1,1.0,144.0,,,
2017,QB,5,C.J. Beathard,historical_oof,,,104,3.215885075927968,61.93181818181818,69.81132075471697,106.0,86,595,,5.118125,0.0,0.0,33.0,1,1.0,144.0,,,
2017,QB,6,DeShone Kizer,historical_oof,,,52,2.7862870645173845,58.52272727272727,67.9245283018868,106.0,93,653,,5.6575,0.0,0.0,25.0,1,1.0,144.0,,,
2017,QB,7,Joshua Dobbs,historical_oof,,,135,2.087169617325266,45.45454545454545,50.0,106.0,119,856,,0.025625,0.0,0.0,63.0,1,1.0,144.0,,,
2017,QB,8,Chad Kelly,historical_oof,,,253,1.880337532543651,40.909090909090914,45.28301886792453,106.0,127,925,,0.0,0.0,0.0,67.0,1,1.0,144.0,,,
2017,QB,9,Brad Kaaya,historical_oof,,,215,1.1757481509173808,26.704545454545453,25.471698113207548,106.0,158,1144,,0.0,0.0,0.0,,1,1.0,144.0,,,
2017,QB,10,Nathan Peterman,historical_oof,,,171,0.7303254119236765,7.954545454545454,5.660377358490567,106.0,195,1424,,0.6993750000000001,0.0,0.0,50.0,1,1.0,144.0,,,
2017,RB,1,Leonard Fournette,historical_oof,,,4,14.266220636692289,99.73190348525468,100.0,230.0,3,7,,15.3,1.0,0.0,7.0,1,1.0,274.0,,,
2017,RB,2,Christian McCaffrey,historical_oof,,,8,13.14378403196567,98.92761394101876,99.56521739130434,230.0,7,18,,26.771875,1.0,1.0,1.0,1,1.0,274.0,,,
2017,RB,3,Dalvin Cook,historical_oof,,,41,9.760927876365871,90.88471849865952,91.7391304347826,230.0,41,151,,13.887500000000005,1.0,1.0,6.0,1,1.0,274.0,,,
2017,RB,4,Joe Mixon,historical_oof,,,48,9.238830165492208,88.73994638069705,90.0,230.0,51,182,,14.65,1.0,0.0,10.0,1,1.0,274.0,,,
2017,RB,5,Alvin Kamara,historical_oof,,,67,7.709199774041477,81.76943699731903,86.08695652173914,230.0,78,284,,21.08125,1.0,1.0,3.0,1,1.0,274.0,,,
2017,RB,6,Kareem Hunt,historical_oof,,,86,7.24440634416539,78.01608579088472,83.04347826086956,230.0,95,343,,16.41875,1.0,1.0,4.0,1,1.0,274.0,,,
2017,RB,7,James Conner,historical_oof,,,105,7.11878490278328,76.67560321715817,81.73913043478261,230.0,100,364,,13.296875,1.0,1.0,6.0,1,1.0,274.0,,,
2017,RB,8,D'Onta Foreman,historical_oof,,,89,6.354158681754511,71.58176943699732,75.21739130434783,230.0,120,437,,2.115625,0.0,0.0,75.0,1,1.0,274.0,,,
2017,RB,9,Tarik Cohen,historical_oof,,,119,5.39517631578819,66.21983914209115,69.56521739130434,230.0,146,527,,12.4325,1.0,0.0,11.0,1,1.0,274.0,,,
2017,RB,10,Jeremy McNichols,historical_oof,,,162,5.203316461015882,64.6112600536193,67.82608695652173,230.0,152,551,,0.0125,0.0,0.0,152.0,1,1.0,274.0,,,
2017,RB,11,Samaje Perine,historical_oof,,,114,4.808552488004628,60.58981233243968,63.91304347826087,230.0,168,619,,3.6,0.0,0.0,43.0,1,1.0,274.0,,,
2017,RB,12,Marlon Mack,historical_oof,,,143,4.774104532965915,60.05361930294906,63.91304347826087,230.0,171,628,,11.23125,0.0,0.0,21.0,1,1.0,274.0,,,
2017,RB,13,Joe Williams,historical_oof,,,121,4.539142201363833,57.64075067024129,61.30434782608696,230.0,181,665,,0.0,0.0,0.0,,1,1.0,274.0,,,
2017,RB,14,Jamaal Williams,historical_oof,,,134,4.504910214864543,57.10455764075068,60.86956521739131,230.0,184,674,,9.034375,0.0,0.0,32.0,1,1.0,274.0,,,
2017,RB,15,Wayne Gallman,historical_oof,,,140,4.182403502108411,52.81501340482574,55.65217391304348,230.0,202,739,,4.784375000000001,0.0,0.0,46.0,1,1.0,274.0,,,
2017,RB,16,Brian Hill,historical_oof,,,156,4.06981299598515,50.134048257372655,52.17391304347826,230.0,215,782,,2.5874999999999995,0.0,0.0,64.0,1,1.0,274.0,,,
2017,RB,17,Donnel Pumphrey,historical_oof,,,132,4.066852099644034,49.86595174262735,52.17391304347826,230.0,216,788,,0.0,0.0,0.0,,1,1.0,274.0,,,
2017,RB,18,T.J. Logan,historical_oof,,,179,3.790256881263104,46.64879356568365,50.43478260869565,230.0,234,839,,0.475,0.0,0.0,112.0,1,1.0,274.0,,,
2017,RB,19,Aaron Jones,historical_oof,,,182,3.721577592516112,45.0402144772118,49.56521739130435,230.0,241,863,,15.193749999999998,1.0,1.0,2.0,1,1.0,274.0,,,
2017,RB,20,Alex Armah,historical_oof,,,192,2.888722421958607,34.316353887399465,35.65217391304348,230.0,286,1022,,0.7718749999999999,0.0,0.0,104.0,1,1.0,274.0,,,
2017,RB,21,De'Angelo Henderson,historical_oof,,,203,2.573012668865798,29.2225201072386,30.869565217391305,230.0,309,1103,,0.403125,0.0,0.0,117.0,1,1.0,274.0,,,
2017,RB,22,Elijah McGuire,historical_oof,,,188,2.3345760922641667,26.273458445040216,28.695652173913043,230.0,324,1150,,5.128125000000001,0.0,0.0,60.0,1,1.0,274.0,,,
2017,RB,23,Matthew Dayes,historical_oof,,,252,2.2716170269211,26.005361930294907,28.695652173913043,230.0,325,1153,,0.25625,0.0,0.0,131.0,1,1.0,274.0,,,
2017,RB,24,Chris Carson,historical_oof,,,249,1.8800014706980552,20.10723860589812,22.17391304347826,230.0,347,1242,,13.562499999999998,1.0,0.0,12.0,1,1.0,274.0,,,
2017,RB,25,Khalfani Muhammad,historical_oof,,,241,1.659806380717345,17.158176943699733,19.130434782608692,230.0,360,1285,,0.0,0.0,0.0,,1,1.0,274.0,,,
2017,RB,26,Elijah Hood,historical_oof,,,242,1.3975338390573837,12.600536193029493,15.217391304347828,230.0,379,1353,,0.0,0.0,0.0,,1,1.0,274.0,,,
2017,RB,27,Sam Rogers,historical_oof,,,206,1.1566084051461196,9.383378016085793,10.869565217391305,230.0,392,1403,,0.0,0.0,0.0,,1,1.0,274.0,,,
2017,RB,28,Brandon Wilson,historical_oof,,,207,0.6919685674989262,5.898123324396782,6.086956521739131,230.0,406,1455,,0.1875,0.0,0.0,,1,1.0,274.0,,,
2017,RB,29,Marquez Williams,historical_oof,,,240,0.5993012977212298,5.361930294906166,5.652173913043479,230.0,410,1464,,0.0,0.0,0.0,157.0,1,1.0,274.0,,,
2017,RB,30,Devante Mays,historical_oof,,,238,-0.0782701011810915,2.680965147453083,2.1739130434782608,230.0,421,1507,,0.034375,0.0,0.0,152.0,1,1.0,274.0,,,
2017,WR,1,Corey Davis,historical_oof,,,5,10.78439401785715,94.85714285714286,94.67084639498434,319.0,33,86,,9.334375,0.0,0.0,28.0,1,1.0,380.0,,,
2017,WR,2,Zay Jones,historical_oof,,,37,10.073560463435369,92.57142857142856,92.47648902821317,319.0,50,126,,7.368749999999999,0.0,0.0,35.0,1,1.0,380.0,,,
2017,WR,3,Kenny Golladay,historical_oof,,,96,9.123411836734704,88.76190476190476,89.96865203761756,319.0,71,181,,14.221875,1.0,1.0,9.0,1,1.0,380.0,,,
2017,WR,4,John Ross,historical_oof,,,9,8.570378584183677,84.76190476190476,87.7742946708464,319.0,95,242,,5.621874999999999,0.0,0.0,75.0,1,1.0,380.0,,,
2017,WR,5,Mike Williams,historical_oof,,,7,8.352311130952375,84.38095238095238,87.7742946708464,319.0,98,249,,10.671875,0.0,0.0,33.0,1,1.0,380.0,,,
2017,WR,6,JuJu Smith-Schuster,historical_oof,,,62,7.993713014455786,81.71428571428572,85.8934169278997,319.0,112,286,,15.45625,1.0,1.0,8.0,1,1.0,380.0,,,
2017,WR,7,Curtis Samuel,historical_oof,,,40,7.9506930782313,81.52380952380952,85.8934169278997,319.0,113,287,,9.703125,0.0,0.0,36.0,1,1.0,380.0,,,
2017,WR,8,Taywan Taylor,historical_oof,,,72,6.800360401785712,74.66666666666667,79.3103448275862,319.0,158,390,,4.28125,0.0,0.0,81.0,1,1.0,380.0,,,
2017,WR,9,Chris Godwin,historical_oof,,,84,6.451550984214197,72.38095238095238,76.48902821316614,319.0,171,424,,14.415625000000002,1.0,1.0,2.0,1,1.0,380.0,,,
2017,WR,10,Dede Westbrook,historical_oof,,,110,5.954935493197283,68.95238095238095,72.72727272727273,319.0,194,480,,10.56875,0.0,0.0,32.0,1,1.0,380.0,,,
2017,WR,11,Amara Darboh,historical_oof,,,106,5.903658210613788,68.38095238095238,72.10031347962382,319.0,197,489,,0.471875,0.0,0.0,153.0,1,1.0,380.0,,,
2017,WR,12,Carlos Henderson,historical_oof,,,82,5.786057884778915,67.42857142857143,71.78683385579937,319.0,202,505,,0.0,0.0,0.0,,1,1.0,380.0,,,
2017,WR,13,Chad Williams,historical_oof,,,98,5.370401079748624,64.57142857142857,68.65203761755487,319.0,221,552,,1.575,0.0,0.0,126.0,1,1.0,380.0,,,
2017,WR,14,Cooper Kupp,historical_oof,,,69,5.268939770224817,63.61904761904762,68.3385579937304,319.0,227,565,,13.98125,1.0,1.0,4.0,1,1.0,380.0,,,
2017,WR,15,ArDarius Stewart,historical_oof,,,79,5.110344229604717,62.85714285714285,67.39811912225704,319.0,233,580,,0.528125,0.0,0.0,147.0,1,1.0,380.0,,,
2017,WR,16,Josh Reynolds,historical_oof,,,117,4.939213367346938,61.90476190476191,66.14420062695925,319.0,240,598,,5.059375,0.0,0.0,74.0,1,1.0,380.0,,,
2017,WR,17,Isaiah Ford,historical_oof,,,237,4.169799400510201,56.95238095238096,59.87460815047022,319.0,275,676,,1.5156249999999998,0.0,0.0,110.0,1,1.0,380.0,,,
2017,WR,18,Shelton Gibson,historical_oof,,,166,3.8950665362811807,54.47619047619048,57.05329153605015,319.0,292,716,,0.278125,0.0,0.0,179.0,1,1.0,380.0,,,
2017,WR,19,Chad Hansen,historical_oof,,,141,3.850149383503399,53.333333333333336,55.4858934169279,319.0,298,733,,0.575,0.0,0.0,141.0,1,1.0,380.0,,,
2017,WR,20,Josh Malone,historical_oof,,,128,3.814257961309524,52.57142857142857,54.858934169279,319.0,302,742,,0.646875,0.0,0.0,140.0,1,1.0,380.0,,,
2017,WR,21,Isaiah McKenzie,historical_oof,,,172,3.62041778132086,51.04761904761905,52.97805642633229,319.0,312,767,,3.68125,0.0,0.0,96.0,1,1.0,380.0,,,
2017,WR,22,Robert Davis,historical_oof,,,209,3.601710973639454,50.66666666666667,52.66457680250783,319.0,315,773,,0.115625,0.0,0.0,199.0,1,1.0,380.0,,,
2017,WR,23,Trent Taylor,historical_oof,,,177,3.5507038350340108,49.90476190476191,52.35109717868338,319.0,320,787,,4.796875,0.0,0.0,68.0,1,1.0,380.0,,,
2017,WR,24,Ryan Switzer,historical_oof,,,133,3.355733511904761,45.52380952380952,47.33542319749217,319.0,345,855,,2.6875,0.0,0.0,97.0,1,1.0,380.0,,,
2017,WR,25,Mack Hollins,historical_oof,,,118,2.80144292942177,36.76190476190476,38.24451410658307,319.0,399,987,,2.096875,0.0,0.0,114.0,1,1.0,380.0,,,
2017,WR,26,DeAngelo Yancey,historical_oof,,,175,2.4921426424319733,31.428571428571427,31.03448275862069,319.0,428,1064,,0.0,0.0,0.0,,1,1.0,380.0,,,
2017,WR,27,Rodney Adams,historical_oof,,,170,2.4697374312641704,30.85714285714285,30.407523510971785,319.0,433,1076,,0.0,0.0,0.0,,1,1.0,380.0,,,
2017,WR,28,Jehu Chesson,historical_oof,,,139,2.373968146258505,30.0952380952381,29.46708463949843,319.0,437,1088,,0.159375,0.0,0.0,182.0,1,1.0,380.0,,,
2017,WR,29,David Moore,historical_oof,,,226,1.3854119033446717,12.38095238095238,12.852664576802509,319.0,547,1357,,5.01875,0.0,0.0,72.0,1,1.0,380.0,,,
2017,WR,30,Malachi Dupre,historical_oof,,,247,1.2345933269557827,7.238095238095238,7.523510971786834,319.0,581,1436,,0.0,0.0,0.0,,1,1.0,380.0,,,
2017,WR,31,Noah Brown,historical_oof,,,239,1.188756505102041,6.095238095238095,6.583072100313479,319.0,587,1452,,0.553125,0.0,0.0,168.0,1,1.0,380.0,,,
2017,WR,32,Stacy Coley,historical_oof,,,219,1.053920238095238,4.0,4.702194357366771,319.0,600,1487,,0.0,0.0,0.0,200.0,1,1.0,380.0,,,
2017,TE,1,O.J. Howard,historical_oof,,,19,8.622158019440882,98.27586206896552,98.52941176470588,136.0,6,30,,6.9281250000000005,0.0,0.0,14.0,1,1.0,174.0,,,
2017,TE,2,Evan Engram,historical_oof,,,23,8.57978870396469,97.41379310344828,97.79411764705884,136.0,8,45,,9.371875,1.0,1.0,5.0,1,1.0,174.0,,,
2017,TE,3,David Njoku,historical_oof,,,29,8.461724969326308,96.98275862068964,97.79411764705884,136.0,9,53,,7.456249999999999,1.0,0.0,9.0,1,1.0,174.0,,,
2017,TE,4,Adam Shaheen,historical_oof,,,45,6.36029602198397,87.5,88.23529411764706,136.0,35,197,,1.909375,0.0,0.0,50.0,1,1.0,174.0,,,
2017,TE,5,Gerald Everett,historical_oof,,,44,6.298385386706551,86.63793103448276,88.23529411764706,136.0,37,210,,5.512499999999999,0.0,0.0,22.0,1,1.0,174.0,,,
2017,TE,6,Jonnu Smith,historical_oof,,,100,4.688558303189866,75.86206896551724,79.41176470588235,136.0,68,374,,5.265625,0.0,0.0,20.0,1,1.0,174.0,,,
2017,TE,7,Michael Roberts,historical_oof,,,127,2.705890626402367,47.41379310344828,53.67647058823529,136.0,150,828,,1.425,0.0,0.0,57.0,1,1.0,174.0,,,
2017,TE,8,Jake Butt,historical_oof,,,145,2.610009559007462,44.82758620689656,50.0,136.0,157,866,,0.515625,0.0,0.0,80.0,1,1.0,174.0,,,
2017,TE,9,Bucky Hodges,historical_oof,,,201,2.5348185929943083,40.94827586206897,46.32352941176471,136.0,168,924,,0.0,0.0,0.0,,1,1.0,174.0,,,
2017,TE,10,Jordan Leggett,historical_oof,,,150,2.459168525343705,39.6551724137931,45.588235294117645,136.0,172,949,,0.98125,0.0,0.0,65.0,1,1.0,174.0,,,
2017,TE,11,George Kittle,historical_oof,,,146,2.366691184995562,37.06896551724138,44.11764705882353,136.0,178,983,,15.0375,1.0,1.0,2.0,1,1.0,174.0,,,
2017,TE,12,Eric Saubert,historical_oof,,,174,2.190754136924001,34.91379310344828,42.64705882352941,136.0,183,1013,,0.434375,0.0,0.0,96.0,1,1.0,174.0,,,
2017,TE,13,Jeremy Sprinkle,historical_oof,,,154,1.856537592793528,30.603448275862068,38.23529411764706,136.0,195,1080,,2.225,0.0,0.0,43.0,1,1.0,174.0,,,
2017,TE,14,Mason Schreck,historical_oof,,,251,0.4225314453205525,2.586206896551724,2.2058823529411766,136.0,273,1509,,0.0,0.0,0.0,121.0,1,1.0,174.0,,,
2018,QB,1,Josh Allen,historical_oof,,,7,15.071535985368811,93.18181818181816,99.13793103448276,116.0,17,114,,21.394375000000004,1.0,1.0,1.0,1,1.0,154.0,,,
2018,QB,2,Josh Rosen,historical_oof,,,10,14.221865678057496,92.04545454545456,98.27586206896552,116.0,21,132,,4.090624999999999,0.0,0.0,34.0,1,1.0,154.0,,,
2018,QB,3,Baker Mayfield,historical_oof,,,1,12.75726015734295,88.63636363636364,95.6896551724138,116.0,29,183,,15.2725,0.0,0.0,16.0,1,1.0,154.0,,,
2018,QB,4,Sam Darnold,historical_oof,,,3,11.576546846100449,85.79545454545455,92.24137931034484,116.0,35,224,,11.164375,0.0,0.0,27.0,1,1.0,154.0,,,
2018,QB,5,Lamar Jackson,historical_oof,,,32,9.910239779390412,78.4090909090909,83.62068965517241,116.0,48,337,,23.389375,1.0,1.0,1.0,1,1.0,154.0,,,
2018,QB,6,Mason Rudolph,historical_oof,,,76,2.1338808116533654,48.29545454545455,51.72413793103448,116.0,113,812,,3.97375,0.0,0.0,30.0,1,1.0,154.0,,,
2018,QB,7,Kyle Lauletta,historical_oof,,,108,1.8855640121292776,41.47727272727273,43.96551724137931,116.0,126,915,,0.0,0.0,0.0,72.0,1,1.0,154.0,,,
2018,QB,8,Luke Falk,historical_oof,,,199,1.3271216224454203,30.113636363636363,28.448275862068968,116.0,150,1087,,0.27,0.0,0.0,53.0,1,1.0,154.0,,,
2018,QB,9,Logan Woodside,historical_oof,,,249,1.1624416956332333,26.13636363636364,24.13793103448276,116.0,159,1151,,0.04,0.0,0.0,74.0,1,1.0,154.0,,,
2018,QB,10,Danny Etling,historical_oof,,,219,0.8793980884513477,14.772727272727272,11.20689655172414,116.0,183,1321,,0.0,0.0,0.0,,1,1.0,154.0,,,
2018,QB,11,Alex McGough,historical_oof,,,220,0.8279884774452287,11.931818181818182,9.482758620689657,116.0,188,1364,,0.0,0.0,0.0,,1,1.0,154.0,,,
2018,QB,12,Tanner Lee,historical_oof,,,203,0.7760292467281474,9.659090909090908,7.758620689655173,116.0,192,1398,,0.0,0.0,0.0,,1,1.0,154.0,,,
2018,QB,13,Mike White,historical_oof,,,171,0.5766479421174061,3.4090909090909087,1.7241379310344829,116.0,205,1498,,0.0,0.0,0.0,,1,1.0,154.0,,,
2018,RB,1,Saquon Barkley,historical_oof,,,2,14.63031656827745,100.0,100.0,260.0,1,1,,19.684375,1.0,1.0,1.0,1,1.0,304.0,,,
2018,RB,2,Rashaad Penny,historical_oof,,,27,12.37880419319302,97.0509383378016,97.3076923076923,260.0,14,51,,4.553125,0.0,0.0,58.0,1,1.0,304.0,,,
2018,RB,3,Derrius Guice,historical_oof,,,59,9.283894250655564,89.27613941018767,90.0,260.0,49,173,,1.7937500000000002,0.0,0.0,69.0,1,1.0,304.0,,,
2018,RB,4,Sony Michel,historical_oof,,,31,8.851863775956964,87.66756032171583,89.23076923076924,260.0,55,195,,9.115625,0.0,0.0,31.0,1,1.0,304.0,,,
2018,RB,5,Ronald Jones II,historical_oof,,,38,8.631700154056729,86.8632707774799,88.84615384615384,260.0,58,207,,11.01875,0.0,0.0,20.0,1,1.0,304.0,,,
2018,RB,6,Nick Chubb,historical_oof,,,35,8.487616475537678,85.52278820375335,88.46153846153845,260.0,64,232,,14.465625,1.0,0.0,8.0,1,1.0,304.0,,,
2018,RB,7,Kerryon Johnson,historical_oof,,,43,8.338544829821059,84.98659517426273,88.07692307692308,260.0,66,238,,7.0125,0.0,0.0,34.0,1,1.0,304.0,,,
2018,RB,8,Royce Freeman,historical_oof,,,71,8.221470567215592,84.1823056300268,87.6923076923077,260.0,69,251,,7.609374999999999,0.0,0.0,36.0,1,1.0,304.0,,,
2018,RB,9,Mark Walton,historical_oof,,,112,5.191880170281099,64.343163538874,67.6923076923077,260.0,153,555,,1.7031250000000002,0.0,0.0,80.0,1,1.0,304.0,,,
2018,RB,10,Ito Smith,historical_oof,,,126,4.866302810287665,61.3941018766756,64.61538461538461,260.0,164,605,,4.843750000000001,0.0,0.0,51.0,1,1.0,304.0,,,
2018,RB,11,Chase Edmonds,historical_oof,,,134,4.797050958634525,60.32171581769437,63.84615384615384,260.0,170,625,,7.8375,0.0,0.0,25.0,1,1.0,304.0,,,
2018,RB,12,Kalen Ballage,historical_oof,,,131,4.581213460243274,58.17694369973191,61.53846153846154,260.0,179,658,,4.553125,0.0,0.0,52.0,1,1.0,304.0,,,
2018,RB,13,Nyheim Hines,historical_oof,,,104,4.5002072210567805,56.83646112600537,60.0,260.0,186,678,,11.065625,0.0,0.0,15.0,1,1.0,304.0,,,
2018,RB,14,Bo Scarbrough,historical_oof,,,236,2.829935587557939,34.04825737265416,35.38461538461539,260.0,287,1028,,1.446875,0.0,0.0,79.0,1,1.0,304.0,,,
2018,RB,15,John Kelly,historical_oof,,,176,2.700587253269493,31.099195710455763,33.07692307692307,260.0,300,1071,,0.40625,0.0,0.0,109.0,1,1.0,304.0,,,
2018,RB,16,Trenton Cannon,historical_oof,,,204,2.511168986852743,27.882037533512065,30.384615384615383,260.0,316,1124,,1.76875,0.0,0.0,80.0,1,1.0,304.0,,,
2018,RB,17,Jordan Wilkins,historical_oof,,,169,1.98079365395938,21.983914209115284,24.23076923076923,260.0,340,1213,,3.79375,0.0,0.0,70.0,1,1.0,304.0,,,
2018,RB,18,Boston Scott,historical_oof,,,201,1.743779570403032,17.694369973190348,19.230769230769237,260.0,358,1278,,6.078125,0.0,0.0,49.0,1,1.0,304.0,,,
2018,RB,19,Justin Jackson,historical_oof,,,251,1.5490981890867912,14.47721179624665,16.538461538461537,260.0,372,1325,,3.95,0.0,0.0,69.0,1,1.0,304.0,,,
2018,RB,20,Nick Bawden,historical_oof,,,237,-0.3213259246178959,1.876675603217158,1.153846153846154,260.0,424,1520,,0.178125,0.0,0.0,126.0,1,1.0,304.0,,,
2018,WR,1,Michael Gallup,historical_oof,,,81,11.296662023809525,96.76190476190476,96.29629629629628,351.0,22,57,,12.0625,1.0,0.0,24.0,1,1.0,412.0,,,
2018,WR,2,Anthony Miller,historical_oof,,,51,9.4679062202381,90.28571428571428,91.16809116809117,351.0,63,160,,7.74125,0.0,0.0,56.0,1,1.0,412.0,,,
2018,WR,3,Calvin Ridley,historical_oof,,,26,9.11345960034014,88.57142857142857,90.02849002849003,351.0,72,184,,15.259375000000002,1.0,1.0,5.0,1,1.0,412.0,,,
2018,WR,4,Christian Kirk,historical_oof,,,47,8.629092198129255,85.14285714285714,88.31908831908832,351.0,93,237,,9.83125,0.0,0.0,38.0,1,1.0,412.0,,,
2018,WR,5,James Washington,historical_oof,,,60,8.091710029761908,82.66666666666667,86.03988603988604,351.0,107,272,,7.271875,0.0,0.0,54.0,1,1.0,412.0,,,
2018,WR,6,Courtland Sutton,historical_oof,,,40,8.057957878401364,82.28571428571428,85.75498575498575,351.0,109,278,,11.21,1.0,0.0,19.0,1,1.0,412.0,,,
2018,WR,7,D.J. Moore,historical_oof,,,24,7.86292549107143,80.95238095238095,84.9002849002849,351.0,117,297,,13.8125,1.0,0.0,16.0,1,1.0,412.0,,,
2018,WR,8,DJ Chark,historical_oof,,,61,7.321935863095237,77.52380952380953,81.48148148148148,351.0,141,350,,11.85625,1.0,0.0,17.0,1,1.0,412.0,,,
2018,WR,9,Dante Pettis,historical_oof,,,44,6.780864436649664,74.47619047619047,78.91737891737893,351.0,159,393,,4.31375,0.0,0.0,71.0,1,1.0,412.0,,,
2018,WR,10,Tre'Quan Smith,historical_oof,,,91,5.818200725494746,67.61904761904762,71.22507122507122,351.0,201,502,,6.36875,0.0,0.0,72.0,1,1.0,412.0,,,
2018,WR,11,DaeSean Hamilton,historical_oof,,,113,4.721140718537416,60.38095238095238,62.96296296296296,351.0,253,623,,4.0625,0.0,0.0,95.0,1,1.0,412.0,,,
2018,WR,12,Keke Coutee,historical_oof,,,103,3.651822389455784,51.42857142857142,51.85185185185185,351.0,310,762,,4.740625,0.0,0.0,87.0,1,1.0,412.0,,,
2018,WR,13,Richie James,historical_oof,,,240,3.352103839285715,45.33333333333333,45.2991452991453,351.0,346,857,,3.2,0.0,0.0,100.0,1,1.0,412.0,,,
2018,WR,14,Justin Watson,historical_oof,,,144,3.249395464852612,43.61904761904762,43.3048433048433,351.0,355,882,,1.853125,0.0,0.0,118.0,1,1.0,412.0,,,
2018,WR,15,Antonio Callaway,historical_oof,,,105,3.1926905994897963,43.04761904761904,43.3048433048433,351.0,359,891,,4.6625000000000005,0.0,0.0,56.0,1,1.0,412.0,,,
2018,WR,16,Jordan Lasley,historical_oof,,,162,2.885830654761904,38.285714285714285,37.89173789173789,351.0,390,967,,0.0,0.0,0.0,,1,1.0,412.0,,,
2018,WR,17,J'Mon Moore,historical_oof,,,133,2.8422493218537404,37.333333333333336,37.32193732193732,351.0,396,980,,0.109375,0.0,0.0,188.0,1,1.0,412.0,,,
2018,WR,18,Daurice Fountain,historical_oof,,,159,2.314826145124717,28.76190476190476,26.495726495726498,351.0,445,1110,,0.134375,0.0,0.0,196.0,1,1.0,412.0,,,
2018,WR,19,Jaleel Scott,historical_oof,,,132,2.2656327295918377,28.000000000000004,25.64102564102564,351.0,450,1123,,0.13125,0.0,0.0,204.0,1,1.0,412.0,,,
2018,WR,20,Cedrick Wilson,historical_oof,,,208,2.1670595025510213,26.09523809523809,24.216524216524217,351.0,461,1152,,1.913125,0.0,0.0,117.0,1,1.0,412.0,,,
2018,WR,21,Braxton Berrios,historical_oof,,,210,1.863485221088436,20.19047619047619,18.803418803418804,351.0,498,1241,,3.5875,0.0,0.0,81.0,1,1.0,412.0,,,
2018,WR,22,Ray-Ray McCloud,historical_oof,,,187,1.7639784438775503,18.857142857142858,17.94871794871795,351.0,505,1259,,1.35,0.0,0.0,134.0,1,1.0,412.0,,,
2018,WR,23,Trey Quinn,historical_oof,,,256,1.6698323426870765,17.333333333333336,16.524216524216524,351.0,514,1283,,2.321875,0.0,0.0,106.0,1,1.0,412.0,,,
2018,WR,24,Marquez Valdes-Scantling,historical_oof,,,174,1.512985703656463,15.23809523809524,15.0997150997151,351.0,527,1315,,7.759374999999999,0.0,0.0,55.0,1,1.0,412.0,,,
2018,WR,25,Dylan Cantrell,historical_oof,,,191,1.4734629974489797,14.666666666666666,14.814814814814811,351.0,531,1323,,0.0,0.0,0.0,,1,1.0,412.0,,,
2018,WR,26,Damion Ratley,historical_oof,,,175,1.458593492772109,14.095238095238097,14.529914529914532,351.0,534,1331,,2.04375,0.0,0.0,126.0,1,1.0,412.0,,,
2018,WR,27,Equanimeous St.Brown,historical_oof,,,207,1.395176273384353,12.761904761904765,12.82051282051282,351.0,544,1351,,2.490625,0.0,0.0,114.0,1,1.0,412.0,,,
2018,WR,28,Deon Cain,historical_oof,,,185,1.3083966092687074,9.714285714285714,10.256410256410255,351.0,565,1397,,0.66875,0.0,0.0,144.0,1,1.0,412.0,,,
2018,WR,29,Tremon Smith,historical_oof,,,196,1.288571036899607,8.952380952380953,9.401709401709402,351.0,570,1410,,0.0,0.0,0.0,,1,1.0,412.0,,,
2018,WR,30,Auden Tate,historical_oof,,,253,1.2764616156462578,8.761904761904763,9.401709401709402,351.0,571,1412,,4.078125,0.0,0.0,68.0,1,1.0,412.0,,,
2018,WR,31,Austin Proehl,historical_oof,,,255,1.212635884353742,6.666666666666667,7.122507122507122,351.0,584,1444,,0.0,0.0,0.0,,1,1.0,412.0,,,
2018,WR,32,Javon Wims,historical_oof,,,224,1.1574850014172342,5.333333333333334,5.982905982905983,351.0,591,1465,,1.8625,0.0,0.0,119.0,1,1.0,412.0,,,
2018,WR,33,Marcell Ateman,historical_oof,,,228,1.1573196853741488,5.142857142857142,5.982905982905983,351.0,592,1467,,1.5937500000000002,0.0,0.0,135.0,1,1.0,412.0,,,
2018,WR,34,Russell Gage,historical_oof,,,194,0.9633034034863944,3.428571428571429,3.7037037037037033,351.0,604,1496,,8.808125,0.0,0.0,37.0,1,1.0,412.0,,,
2018,TE,1,Hayden Hurst,historical_oof,,,25,8.086908241946551,95.6896551724138,95.33333333333334,150.0,15,75,,7.0625,1.0,0.0,11.0,1,1.0,188.0,,,
2018,TE,2,Mike Gesicki,historical_oof,,,42,7.3354143608078415,90.94827586206895,91.33333333333331,150.0,27,149,,9.228125,1.0,0.0,7.0,1,1.0,188.0,,,
2018,TE,3,Mark Andrews,historical_oof,,,86,5.206727578592045,81.03448275862068,80.66666666666666,150.0,55,295,,11.790625,1.0,1.0,5.0,1,1.0,188.0,,,
2018,TE,4,Ian Thomas,historical_oof,,,101,4.962926502039627,78.87931034482759,79.33333333333333,150.0,60,327,,3.80625,0.0,0.0,24.0,1,1.0,188.0,,,
2018,TE,5,Dallas Goedert,historical_oof,,,49,4.525547012095047,74.56896551724138,76.66666666666667,150.0,71,391,,8.159375,1.0,0.0,10.0,1,1.0,188.0,,,
2018,TE,6,Jordan Akins,historical_oof,,,98,4.510663912228647,73.70689655172413,76.0,150.0,73,404,,5.421875,0.0,0.0,26.0,1,1.0,188.0,,,
2018,TE,7,Jaylen Samuels,historical_oof,,,165,3.55141380093121,61.63793103448276,68.0,150.0,110,602,,6.059375000000001,0.0,0.0,,1,1.0,188.0,,,
2018,TE,8,Tyler Conklin,historical_oof,,,157,3.551001972060678,61.206896551724135,68.0,150.0,111,609,,1.81875,0.0,0.0,52.0,1,1.0,188.0,,,
2018,TE,9,Christopher Herndon IV,historical_oof,,,107,3.115001134901805,51.72413793103448,57.99999999999999,150.0,136,757,,5.840624999999999,0.0,0.0,16.0,1,1.0,188.0,,,
2018,TE,10,Will Dissly,historical_oof,,,120,2.585517093268835,43.103448275862064,48.0,150.0,161,890,,4.21875,0.0,0.0,38.0,1,1.0,188.0,,,
2018,TE,11,Dalton Schultz,historical_oof,,,137,2.378281503595612,38.793103448275865,44.0,150.0,174,960,,5.315625,1.0,0.0,12.0,1,1.0,188.0,,,
2018,TE,12,Durham Smythe,historical_oof,,,123,2.3711177531991825,37.5,42.66666666666667,150.0,177,978,,2.2593750000000004,0.0,0.0,46.0,1,1.0,188.0,,,
2018,TE,13,Troy Fumagalli,historical_oof,,,156,2.065225624276517,33.62068965517241,38.66666666666666,150.0,186,1033,,1.18125,0.0,0.0,75.0,1,1.0,188.0,,,
2018,TE,14,Jordan Thomas,historical_oof,,,211,0.9984264257270504,16.810344827586206,19.33333333333333,150.0,234,1294,,2.275,0.0,0.0,,1,1.0,188.0,,,
2018,TE,15,Ryan Izzo,historical_oof,,,250,0.442206721562168,3.4482758620689653,3.333333333333333,150.0,270,1495,,1.696875,0.0,0.0,64.0,1,1.0,188.0,,,
2019,QB,1,Kyler Murray,historical_oof,,,1,17.345372583380062,98.86363636363636,100.0,129.0,3,19,,20.750625,1.0,1.0,3.0,1,1.0,167.0,,,
2019,QB,2,Daniel Jones,historical_oof,,,6,13.54849356069914,90.3409090909091,95.34883720930232,129.0,25,159,,12.343749999999998,0.0,0.0,24.0,1,1.0,167.0,,,
2019,QB,3,Dwayne Haskins,historical_oof,,,15,9.839226741108918,77.8409090909091,81.3953488372093,129.0,49,345,,4.526875,0.0,0.0,35.0,1,1.0,167.0,,,
2019,QB,4,Jarrett Stidham,historical_oof,,,133,3.85166359302172,64.20454545454545,69.76744186046511,129.0,80,557,,0.404375,0.0,0.0,54.0,1,1.0,167.0,,,
2019,QB,5,Drew Lock,historical_oof,,,42,3.042679075947283,60.79545454545454,66.66666666666666,129.0,89,616,,7.79125,0.0,0.0,23.0,1,1.0,167.0,,,
2019,QB,6,Will Grier,historical_oof,,,100,1.890333265481974,42.61363636363637,45.73643410852713,129.0,124,900,,0.04125,0.0,0.0,59.0,1,1.0,167.0,,,
2019,QB,7,Easton Stick,historical_oof,,,166,1.447113587964734,33.52272727272727,34.10852713178294,129.0,143,1036,,0.0,0.0,0.0,79.0,1,1.0,167.0,,,
2019,QB,8,Ryan Finley,historical_oof,,,104,1.0387921991714566,21.59090909090909,20.155038759689923,129.0,169,1220,,1.369375,0.0,0.0,46.0,1,1.0,167.0,,,
2019,QB,9,Trace McSorley,historical_oof,,,197,1.0104992723630546,21.022727272727277,20.155038759689923,129.0,170,1229,,0.2937499999999999,0.0,0.0,59.0,1,1.0,167.0,,,
2019,QB,10,Gardner Minshew,historical_oof,,,178,0.7287017071780739,7.386363636363637,5.426356589147287,129.0,196,1433,,12.184375000000005,0.0,0.0,19.0,1,1.0,167.0,,,
2019,QB,11,Clayton Thorson,historical_oof,,,167,0.6745192727243025,5.681818181818182,3.875968992248062,129.0,200,1458,,0.0,0.0,0.0,,1,1.0,167.0,,,
2019,RB,1,Josh Jacobs,historical_oof,,,24,10.710507668064864,93.5656836461126,92.85714285714286,280.0,30,107,,13.875183823529415,1.0,0.0,8.0,1,1.0,324.0,,,
2019,RB,2,Darrell Henderson,historical_oof,,,70,9.266629006343363,89.00804289544236,89.64285714285715,280.0,50,178,,8.877757352941178,0.0,0.0,27.0,1,1.0,324.0,,,
2019,RB,3,Miles Sanders,historical_oof,,,53,8.519976309786552,85.79088471849866,87.5,280.0,62,225,,12.159375,0.0,0.0,15.0,1,1.0,324.0,,,
2019,RB,4,David Montgomery,historical_oof,,,73,8.072012111965794,82.84182305630027,85.0,280.0,74,269,,14.010294117647057,1.0,1.0,4.0,1,1.0,324.0,,,
2019,RB,5,Devin Singletary,historical_oof,,,74,7.258778765425686,78.28418230563003,81.42857142857143,280.0,94,339,,10.439522058823531,0.0,0.0,18.0,1,1.0,324.0,,,
2019,RB,6,Damien Harris,historical_oof,,,87,7.080898654982089,75.60321715817693,78.57142857142857,280.0,104,377,,9.032536764705885,0.0,0.0,14.0,1,1.0,324.0,,,
2019,RB,7,Alexander Mattison,historical_oof,,,102,6.8759236512390505,74.26273458445041,77.14285714285715,280.0,109,396,,6.418566176470589,0.0,0.0,39.0,1,1.0,324.0,,,
2019,RB,8,Tony Pollard,historical_oof,,,128,5.754544624563679,68.63270777479893,70.71428571428572,280.0,133,484,,8.55735294117647,0.0,0.0,28.0,1,1.0,324.0,,,
2019,RB,9,Benny Snell Jr.,historical_oof,,,122,5.736236362140995,68.09651474530831,70.35714285714286,280.0,136,495,,4.15,0.0,0.0,62.0,1,1.0,324.0,,,
2019,RB,10,Justice Hill,historical_oof,,,113,5.4944077544001,67.02412868632707,69.64285714285714,280.0,142,514,,1.953125,0.0,0.0,76.0,1,1.0,324.0,,,
2019,RB,11,Bryce Love,historical_oof,,,112,3.837375541607217,47.18498659517426,48.92857142857142,280.0,231,830,,0.0,0.0,0.0,,1,1.0,324.0,,,
2019,RB,12,Ryquell Armstead,historical_oof,,,140,3.740047942579305,45.30831099195711,47.5,280.0,239,858,,1.9705882352941173,0.0,0.0,72.0,1,1.0,324.0,,,
2019,RB,13,Travis Homer,historical_oof,,,204,3.5886266558420443,43.16353887399464,45.35714285714285,280.0,248,889,,2.842647058823529,0.0,0.0,69.0,1,1.0,324.0,,,
2019,RB,14,Jordan Scarlett,historical_oof,,,154,3.456508669853216,41.01876675603217,43.21428571428572,280.0,257,922,,0.028125,0.0,0.0,145.0,1,1.0,324.0,,,
2019,RB,15,Trayveon Williams,historical_oof,,,182,3.1066510423918645,36.72922252010724,38.21428571428571,280.0,275,988,,0.8693014705882354,0.0,0.0,103.0,1,1.0,324.0,,,
2019,RB,16,Mike Weber,historical_oof,,,218,2.792214905935625,32.975871313672926,35.0,280.0,292,1042,,0.0,0.0,0.0,,1,1.0,324.0,,,
2019,RB,17,Ty Johnson,historical_oof,,,186,2.663078275499878,30.29490616621984,31.785714285714285,280.0,304,1084,,3.3957720588235296,0.0,0.0,,1,1.0,324.0,,,
2019,RB,18,Qadree Ollison,historical_oof,,,152,2.5664031762396604,28.9544235924933,30.35714285714285,280.0,311,1107,,1.5387867647058824,0.0,0.0,91.0,1,1.0,324.0,,,
2019,RB,19,Dexter Williams,historical_oof,,,194,2.521867993982126,28.15013404825737,30.0,280.0,315,1121,,0.059375,0.0,0.0,143.0,1,1.0,324.0,,,
2019,RB,20,Darwin Thompson,historical_oof,,,214,2.208260314562623,24.396782841823057,26.071428571428573,280.0,331,1181,,2.0406250000000004,0.0,0.0,88.0,1,1.0,324.0,,,
2019,RB,21,Cullen Gillaspia,historical_oof,,,220,2.0919668320564777,22.78820375335121,24.642857142857142,280.0,337,1203,,0.05,0.0,0.0,153.0,1,1.0,324.0,,,
2019,RB,22,Myles Gaskin,historical_oof,,,234,1.8370421390446343,18.766756032171585,20.0,280.0,353,1261,,10.237132352941176,0.0,0.0,25.0,1,1.0,324.0,,,
2019,RB,23,Kerrith Whyte Jr.,historical_oof,,,222,1.7233821956594473,17.426273458445042,18.571428571428573,280.0,359,1282,,0.440625,0.0,0.0,108.0,1,1.0,324.0,,,
2019,RB,24,Rodney Anderson,historical_oof,,,211,1.4943766641610758,13.941018766756033,15.357142857142858,280.0,374,1332,,0.0,0.0,0.0,,1,1.0,324.0,,,
2019,RB,25,Chandler Cox,historical_oof,,,233,1.0737436331372856,8.579088471849866,9.642857142857144,280.0,395,1414,,0.090625,0.0,0.0,146.0,1,1.0,324.0,,,
2019,WR,1,N'Keal Harry,historical_oof,,,32,11.17189295493197,96.1904761904762,95.84415584415584,385.0,26,65,,3.5406250000000004,0.0,0.0,,1,1.0,446.0,,,
2019,WR,2,Andy Isabella,historical_oof,,,62,9.668190459183668,90.66666666666666,91.94805194805194,385.0,61,153,,2.81875,0.0,0.0,112.0,1,1.0,446.0,,,
2019,WR,3,A.J. Brown,historical_oof,,,51,8.720441220238094,85.90476190476191,88.83116883116882,385.0,88,222,,14.51875,1.0,1.0,12.0,1,1.0,446.0,,,
2019,WR,4,Parris Campbell,historical_oof,,,59,8.169496517857148,83.61904761904762,86.75324675324674,385.0,102,259,,2.137683823529412,0.0,0.0,124.0,1,1.0,446.0,,,
2019,WR,5,Deebo Samuel,historical_oof,,,36,7.452970582482994,78.47619047619048,81.81818181818183,385.0,135,335,,15.878786764705882,1.0,1.0,3.0,1,1.0,446.0,,,
2019,WR,6,JJ Arcega-Whiteside,historical_oof,,,57,6.992794115646257,76.38095238095238,80.0,385.0,149,367,,1.4812500000000002,0.0,0.0,134.0,1,1.0,446.0,,,
2019,WR,7,Diontae Johnson,historical_oof,,,66,6.682700622874148,74.09523809523809,78.18181818181819,385.0,161,398,,15.064338235294116,1.0,1.0,8.0,1,1.0,446.0,,,
2019,WR,8,D.K. Metcalf,historical_oof,,,64,6.107598779761904,70.0952380952381,73.76623376623377,385.0,185,460,,15.66341911764706,1.0,1.0,7.0,1,1.0,446.0,,,
2019,WR,9,Marquise Brown,historical_oof,,,25,5.983813645124712,69.71428571428572,73.50649350649351,385.0,188,468,,12.43345588235294,1.0,0.0,21.0,1,1.0,446.0,,,
2019,WR,10,Mecole Hardman,historical_oof,,,56,5.851763171768705,67.80952380952381,71.42857142857143,385.0,200,498,,8.209742647058825,0.0,0.0,48.0,1,1.0,446.0,,,
2019,WR,11,Jalen Hurd,historical_oof,,,67,5.466124861111107,65.52380952380953,69.35064935064935,385.0,214,535,,0.0,0.0,0.0,,1,1.0,446.0,,,
2019,WR,12,Terry McLaurin,historical_oof,,,76,4.243142202380954,57.14285714285714,59.74025974025974,385.0,274,673,,13.273161764705884,1.0,0.0,20.0,1,1.0,446.0,,,
2019,WR,13,Miles Boykin,historical_oof,,,93,3.8354121917517,53.142857142857146,55.32467532467532,385.0,299,734,,3.7624999999999993,0.0,0.0,99.0,1,1.0,446.0,,,
2019,WR,14,Gary Jennings Jr.,historical_oof,,,120,3.5681748469387764,50.28571428571429,51.94805194805194,385.0,318,781,,0.0,0.0,0.0,,1,1.0,446.0,,,
2019,WR,15,KeeSean Johnson,historical_oof,,,174,3.2126418027210875,43.238095238095234,44.675324675324674,385.0,357,886,,2.4468749999999995,0.0,0.0,116.0,1,1.0,446.0,,,
2019,WR,16,Darius Slayton,historical_oof,,,171,2.916434387755102,39.04761904761905,39.48051948051948,385.0,386,957,,9.71875,0.0,0.0,37.0,1,1.0,446.0,,,
2019,WR,17,Hakeem Butler,historical_oof,,,103,2.86175059665533,38.095238095238095,39.22077922077922,385.0,391,968,,0.0,0.0,0.0,215.0,1,1.0,446.0,,,
2019,WR,18,John Ursua,historical_oof,,,236,2.72956230442177,35.04761904761905,36.103896103896105,385.0,409,1012,,0.065625,0.0,0.0,207.0,1,1.0,446.0,,,
2019,WR,19,Riley Ridley,historical_oof,,,126,2.143891496598639,25.9047619047619,25.71428571428571,385.0,462,1154,,0.65,0.0,0.0,159.0,1,1.0,446.0,,,
2019,WR,20,Dillon Mitchell,historical_oof,,,239,2.045256279761906,24.38095238095238,24.415584415584416,385.0,474,1182,,0.0,0.0,0.0,,1,1.0,446.0,,,
2019,WR,21,Scott Miller,historical_oof,,,208,2.0397498129251703,24.19047619047619,24.415584415584416,385.0,476,1184,,4.471875000000001,0.0,0.0,73.0,1,1.0,446.0,,,
2019,WR,22,Kelvin Harmon,historical_oof,,,206,2.0381101381802726,24.0,24.415584415584416,385.0,477,1187,,2.0918750000000004,0.0,0.0,92.0,1,1.0,446.0,,,
2019,WR,23,Hunter Renfrow,historical_oof,,,149,1.90144175170068,21.52380952380952,21.55844155844156,385.0,491,1223,,11.792463235294116,1.0,1.0,10.0,1,1.0,446.0,,,
2019,WR,24,Marcus Green,historical_oof,,,203,1.712846940901361,17.904761904761905,18.7012987012987,385.0,511,1276,,0.0,0.0,0.0,,1,1.0,446.0,,,
2019,WR,25,Olabisi Johnson,historical_oof,,,247,1.3339063964904148,11.047619047619047,12.467532467532468,385.0,554,1375,,3.559375,0.0,0.0,86.0,1,1.0,446.0,,,
2019,WR,26,Travis Fulgham,historical_oof,,,184,1.3270332589285725,10.857142857142858,12.467532467532468,385.0,557,1379,,3.621875,0.0,0.0,66.0,1,1.0,446.0,,,
2019,WR,27,Juwann Winfree,historical_oof,,,187,1.1707922682823133,5.523809523809524,6.233766233766234,385.0,590,1463,,0.3470588235294117,0.0,0.0,173.0,1,1.0,446.0,,,
2019,WR,28,Terry Godwin,historical_oof,,,237,0.8360163966836743,2.095238095238096,2.0779220779220777,385.0,613,1517,,0.203125,0.0,0.0,193.0,1,1.0,446.0,,,
2019,TE,1,Noah Fant,historical_oof,,,20,7.806176510374543,93.96551724137932,93.93939393939394,165.0,19,100,,9.342095588235296,1.0,0.0,9.0,1,1.0,203.0,,,
2019,TE,2,T.J. Hockenson,historical_oof,,,8,7.733094506743255,92.67241379310344,92.72727272727272,165.0,22,122,,9.751654411764706,1.0,1.0,5.0,1,1.0,203.0,,,
2019,TE,3,Jace Sternberger,historical_oof,,,75,6.353655812010414,87.06896551724138,86.66666666666667,165.0,36,203,,0.91875,0.0,0.0,66.0,1,1.0,203.0,,,
2019,TE,4,Irv Smith Jr.,historical_oof,,,50,5.629196079446349,84.48275862068965,84.24242424242424,165.0,46,247,,5.55,0.0,0.0,23.0,1,1.0,203.0,,,
2019,TE,5,Josh Oliver,historical_oof,,,69,5.2170534025795625,81.46551724137932,81.21212121212122,165.0,54,289,,0.5994485294117646,0.0,0.0,82.0,1,1.0,203.0,,,
2019,TE,6,Kahale Warring,historical_oof,,,86,4.753969318766552,76.72413793103449,77.57575757575758,165.0,66,362,,0.203125,0.0,0.0,97.0,1,1.0,203.0,,,
2019,TE,7,Dawson Knox,historical_oof,,,96,4.443944465593931,73.27586206896551,74.54545454545455,165.0,74,411,,7.317095588235294,1.0,0.0,11.0,1,1.0,203.0,,,
2019,TE,8,Drew Sample,historical_oof,,,52,4.39828368111551,72.84482758620689,74.54545454545455,165.0,75,416,,3.027389705882353,0.0,0.0,31.0,1,1.0,203.0,,,
2019,TE,9,Foster Moreau,historical_oof,,,137,3.351494080448324,57.32758620689656,62.42424242424243,165.0,120,671,,4.646323529411765,0.0,0.0,26.0,1,1.0,203.0,,,
2019,TE,10,Kaden Smith,historical_oof,,,176,2.440895810974739,39.22413793103448,43.03030303030303,165.0,173,954,,3.28125,0.0,0.0,36.0,1,1.0,203.0,,,
2019,TE,11,Trevon Wesco,historical_oof,,,121,2.36548357402518,36.637931034482754,40.0,165.0,179,989,,0.4068014705882353,0.0,0.0,97.0,1,1.0,203.0,,,
2019,TE,12,Zach Gentry,historical_oof,,,141,1.7530977412270268,28.448275862068968,31.515151515151512,165.0,202,1114,,1.09375,0.0,0.0,61.0,1,1.0,203.0,,,
2019,TE,13,Isaac Nauta,historical_oof,,,224,0.6114048440448443,10.344827586206897,10.909090909090908,165.0,249,1387,,0.14375,0.0,0.0,106.0,1,1.0,203.0,,,
2019,TE,14,Caleb Wilson,historical_oof,,,254,0.5463932621644224,8.620689655172415,9.090909090909092,165.0,255,1413,,0.0,0.0,0.0,118.0,1,1.0,203.0,,,
2019,TE,15,Tommy Sweeney,historical_oof,,,228,0.3239122941641694,1.293103448275862,0.6060606060606061,165.0,279,1532,,1.1768382352941176,0.0,0.0,73.0,1,1.0,203.0,,,
2019,TE,16,AlizÃ© Mack,historical_oof,,,231,0.2088180256449899,0.4310344827586206,0.0,165.0,282,1545,,0.0,0.0,0.0,,1,1.0,203.0,,,
2020,QB,1,Tua Tagovailoa,historical_oof,,,5,16.02324038314265,97.72727272727272,99.28571428571428,140.0,5,37,,12.112941176470589,0.0,0.0,15.0,1,1.0,178.0,,,
2020,QB,2,Joe Burrow,historical_oof,,,1,15.893569007682084,96.5909090909091,99.28571428571428,140.0,10,58,,19.55705882352941,1.0,1.0,4.0,1,1.0,178.0,,,
2020,QB,3,Justin Herbert,historical_oof,,,6,15.453865813222848,94.31818181818184,98.57142857142858,140.0,14,95,,21.60007352941177,1.0,1.0,2.0,1,1.0,178.0,,,
2020,QB,4,Jordan Love,historical_oof,,,26,9.396919365647731,76.70454545454545,80.0,140.0,51,363,,0.9658823529411764,0.0,0.0,51.0,1,1.0,178.0,,,
2020,QB,5,Jalen Hurts,historical_oof,,,53,6.2029971974949625,73.29545454545455,76.42857142857142,140.0,58,408,,20.3,1.0,1.0,3.0,1,1.0,178.0,,,
2020,QB,6,Tommy Stevens,historical_oof,,,240,2.917169536684836,59.65909090909091,65.71428571428571,140.0,91,638,,0.075,0.0,0.0,67.0,1,1.0,178.0,,,
2020,QB,7,Jake Fromm,historical_oof,,,167,1.2391188649240643,28.40909090909091,28.57142857142857,140.0,154,1116,,0.3205882352941177,0.0,0.0,59.0,1,1.0,178.0,,,
2020,QB,8,Jacob Eason,historical_oof,,,122,0.8511888013529232,13.068181818181818,12.142857142857142,140.0,186,1346,,0.0105882352941176,0.0,0.0,78.0,1,1.0,178.0,,,
2020,QB,9,Nate Stanley,historical_oof,,,244,0.6247711932944874,4.545454545454546,2.857142857142857,140.0,203,1479,,0.0,0.0,0.0,,1,1.0,178.0,,,
2020,QB,10,Ben DiNucci,historical_oof,,,231,0.5706075587137323,2.840909090909091,1.4285714285714286,140.0,206,1506,,0.2175,0.0,0.0,64.0,1,1.0,178.0,,,
2020,QB,11,James Morgan,historical_oof,,,125,0.5684180606740734,2.272727272727273,1.4285714285714286,140.0,207,1514,,0.0,0.0,0.0,,1,1.0,178.0,,,
2020,QB,12,Jake Luton,historical_oof,,,189,0.5301240279480094,1.7045454545454544,1.4285714285714286,140.0,208,1526,,0.8831249999999999,0.0,0.0,45.0,1,1.0,178.0,,,
2020,RB,1,Jonathan Taylor,historical_oof,,,41,10.697720897976431,93.2975871313673,93.11475409836063,305.0,31,113,,18.873529411764707,1.0,1.0,1.0,1,1.0,349.0,,,
2020,RB,2,D'Andre Swift,historical_oof,,,35,10.294380130144738,92.76139410187668,93.11475409836063,305.0,34,121,,12.075367647058822,0.0,0.0,15.0,1,1.0,349.0,,,
2020,RB,3,Clyde Edwards-Helaire,historical_oof,,,32,9.864596250472566,91.42091152815014,92.45901639344262,305.0,39,143,,8.958823529411765,0.0,0.0,22.0,1,1.0,349.0,,,
2020,RB,4,Cam Akers,historical_oof,,,52,9.335432989713858,90.0804289544236,91.14754098360656,305.0,45,163,,7.337132352941177,0.0,0.0,35.0,1,1.0,349.0,,,
2020,RB,5,AJ Dillon,historical_oof,,,62,8.777264275309498,87.1313672922252,88.52459016393442,305.0,57,202,,10.388235294117647,0.0,0.0,23.0,1,1.0,349.0,,,
2020,RB,6,J.K. Dobbins,historical_oof,,,55,8.620097082036878,86.32707774798928,87.8688524590164,305.0,60,215,,7.653860294117647,0.0,0.0,24.0,1,1.0,349.0,,,
2020,RB,7,Ke'Shawn Vaughn,historical_oof,,,76,8.22565422118079,84.45040214477211,86.22950819672131,305.0,68,248,,1.8045955882352944,0.0,0.0,90.0,1,1.0,349.0,,,
2020,RB,8,Antonio Gibson,historical_oof,,,66,8.008758346177409,82.57372654155496,84.91803278688525,305.0,75,273,,13.056985294117649,1.0,0.0,10.0,1,1.0,349.0,,,
2020,RB,9,Zack Moss,historical_oof,,,86,7.531484120494651,80.42895442359249,82.95081967213115,305.0,84,303,,6.269117647058824,0.0,0.0,46.0,1,1.0,349.0,,,
2020,RB,10,Darrynton Evans,historical_oof,,,93,7.342868413822418,78.82037533512064,81.9672131147541,305.0,92,332,,0.8178308823529412,0.0,0.0,119.0,1,1.0,349.0,,,
2020,RB,11,Joshua Kelley,historical_oof,,,112,5.827570087818824,69.16890080428955,71.14754098360656,305.0,131,476,,4.443382352941176,0.0,0.0,60.0,1,1.0,349.0,,,
2020,RB,12,Anthony McFarland Jr.,historical_oof,,,124,5.528960950838416,67.29222520107238,69.18032786885246,305.0,139,506,,0.8887867647058824,0.0,0.0,101.0,1,1.0,349.0,,,
2020,RB,13,La'Mical Perine,historical_oof,,,120,4.330719305052361,55.22788203753352,56.72131147540984,305.0,193,704,,1.731801470588235,0.0,0.0,78.0,1,1.0,349.0,,,
2020,RB,14,Jason Huntley,historical_oof,,,172,3.890098355193084,47.72117962466488,49.8360655737705,305.0,227,822,,0.240625,0.0,0.0,139.0,1,1.0,349.0,,,
2020,RB,15,DeeJay Dallas,historical_oof,,,144,3.7535784319774153,45.84450402144772,48.52459016393443,305.0,237,850,,3.545772058823529,0.0,0.0,71.0,1,1.0,349.0,,,
2020,RB,16,Malcolm Perry,historical_oof,,,246,3.5661716527372653,42.0911528150134,44.59016393442623,305.0,252,907,,0.771875,0.0,0.0,99.0,1,1.0,349.0,,,
2020,RB,17,Eno Benjamin,historical_oof,,,222,1.6247953503391843,16.621983914209114,17.04918032786885,305.0,364,1296,,3.458823529411765,0.0,0.0,50.0,1,1.0,349.0,,,
2020,RB,18,Raymond Calais,historical_oof,,,245,1.4868982623746607,13.672922252010723,14.426229508196723,305.0,375,1337,,0.0,0.0,0.0,164.0,1,1.0,349.0,,,
2020,WR,1,Justin Jefferson,historical_oof,,,22,13.380072947929168,99.23809523809524,99.0314769975787,413.0,5,14,,20.56058823529412,1.0,1.0,1.0,1,1.0,474.0,,,
2020,WR,2,CeeDee Lamb,historical_oof,,,17,10.947024875075032,95.23809523809524,95.3995157384988,413.0,31,81,,15.717647058823529,1.0,1.0,5.0,1,1.0,474.0,,,
2020,WR,3,Jalen Reagor,historical_oof,,,21,10.39508092311925,94.0952380952381,94.6731234866828,413.0,39,98,,5.022058823529411,0.0,0.0,90.0,1,1.0,474.0,,,
2020,WR,4,Jerry Jeudy,historical_oof,,,15,10.098088753251302,92.76190476190476,93.46246973365618,413.0,49,120,,10.930882352941175,1.0,0.0,22.0,1,1.0,474.0,,,
2020,WR,5,Henry Ruggs III,historical_oof,,,12,9.144405501200488,88.95238095238095,90.79903147699758,413.0,70,179,,5.113419117647059,0.0,0.0,86.0,1,1.0,474.0,,,
2020,WR,6,Laviska Shenault Jr.,historical_oof,,,42,8.71268912202381,85.71428571428571,88.86198547215496,413.0,90,230,,8.644669117647059,0.0,0.0,46.0,1,1.0,474.0,,,
2020,WR,7,Tee Higgins,historical_oof,,,33,8.706981458833535,85.52380952380952,88.86198547215496,413.0,91,231,,12.941176470588236,1.0,0.0,19.0,1,1.0,474.0,,,
2020,WR,8,KJ Hamler,historical_oof,,,46,8.419684651610645,84.57142857142857,87.89346246973365,413.0,96,245,,3.574448529411765,0.0,0.0,86.0,1,1.0,474.0,,,
2020,WR,9,Brandon Aiyuk,historical_oof,,,25,8.122553230792326,83.42857142857143,86.68280871670703,413.0,103,261,,12.465625,1.0,0.0,15.0,1,1.0,474.0,,,
2020,WR,10,Denzel Mims,historical_oof,,,59,8.02300322128852,82.0952380952381,85.4721549636804,413.0,110,279,,2.7674632352941178,0.0,0.0,105.0,1,1.0,474.0,,,
2020,WR,11,Lynn Bowden Jr.,historical_oof,,,80,7.436707784197012,78.28571428571428,81.84019370460048,413.0,136,338,,1.674375,0.0,0.0,113.0,1,1.0,474.0,,,
2020,WR,12,Bryan Edwards,historical_oof,,,81,7.165596407563026,77.14285714285715,80.87167070217917,413.0,144,357,,4.343198529411764,0.0,0.0,66.0,1,1.0,474.0,,,
2020,WR,13,Chase Claypool,historical_oof,,,49,6.973817760729291,76.19047619047619,79.90314769975787,413.0,150,369,,11.615625,1.0,0.0,23.0,1,1.0,474.0,,,
2020,WR,14,Michael Pittman Jr.,historical_oof,,,34,6.963048478391352,76.0,79.90314769975787,413.0,151,372,,13.385294117647058,1.0,0.0,17.0,1,1.0,474.0,,,
2020,WR,15,Van Jefferson,historical_oof,,,57,6.899807548519409,75.23809523809524,79.1767554479419,413.0,155,382,,7.267647058823528,0.0,0.0,36.0,1,1.0,474.0,,,
2020,WR,16,Devin Duvernay,historical_oof,,,92,5.856789740146061,68.0,71.1864406779661,413.0,199,496,,5.685294117647058,0.0,0.0,59.0,1,1.0,474.0,,,
2020,WR,17,Antonio Gandy-Golden,historical_oof,,,142,4.935753749749905,61.71428571428571,64.89104116222761,413.0,242,600,,0.109375,0.0,0.0,199.0,1,1.0,474.0,,,
2020,WR,18,K.J. Osborn,historical_oof,,,176,3.469563252050821,48.19047619047619,49.87893462469734,413.0,330,816,,9.238235294117649,0.0,0.0,40.0,1,1.0,474.0,,,
2020,WR,19,Tyler Johnson,historical_oof,,,161,3.2947349974989995,44.0,45.52058111380145,413.0,353,876,,3.3957720588235296,0.0,0.0,101.0,1,1.0,474.0,,,
2020,WR,20,James Proche,historical_oof,,,201,2.905350969387756,38.85714285714285,39.70944309927361,413.0,387,959,,1.423529411764706,0.0,0.0,132.0,1,1.0,474.0,,,
2020,WR,21,Darnell Mooney,historical_oof,,,173,2.890564831682674,38.47619047619048,39.70944309927361,413.0,389,964,,11.214889705882351,1.0,0.0,23.0,1,1.0,474.0,,,
2020,WR,22,Joe Reed,historical_oof,,,151,2.842141640906362,37.142857142857146,38.49878934624697,413.0,397,982,,0.278125,0.0,0.0,183.0,1,1.0,474.0,,,
2020,WR,23,Isaiah Hodgins,historical_oof,,,207,2.7487134351240496,35.61904761904762,36.803874092009686,413.0,406,1005,,2.947058823529412,0.0,0.0,74.0,1,1.0,474.0,,,
2020,WR,24,John Hightower,historical_oof,,,168,2.7220482556355874,34.85714285714286,36.077481840193705,413.0,410,1014,,0.9,0.0,0.0,145.0,1,1.0,474.0,,,
2020,WR,25,Quez Watkins,historical_oof,,,200,2.36197429363412,29.714285714285715,30.024213075060537,413.0,439,1094,,5.897058823529411,0.0,0.0,61.0,1,1.0,474.0,,,
2020,WR,26,Collin Johnson,historical_oof,,,165,2.181644429771908,26.285714285714285,26.634382566585955,413.0,460,1149,,2.4823529411764707,0.0,0.0,107.0,1,1.0,474.0,,,
2020,WR,27,Gabriel Davis,historical_oof,,,128,1.8823264885954376,21.142857142857142,21.06537530266344,413.0,493,1227,,9.32518382352941,0.0,0.0,35.0,1,1.0,474.0,,,
2020,WR,28,Freddie Swain,historical_oof,,,214,1.8647533515906367,20.57142857142857,20.823244552058117,413.0,496,1235,,3.822242647058823,0.0,0.0,83.0,1,1.0,474.0,,,
2020,WR,29,Quintez Cephus,historical_oof,,,166,1.8057576250500191,19.61904761904762,20.33898305084746,413.0,501,1248,,3.543566176470588,0.0,0.0,101.0,1,1.0,474.0,,,
2020,WR,30,Donovan Peoples-Jones,historical_oof,,,187,1.639657931172469,16.952380952380953,17.433414043583532,413.0,518,1291,,8.141176470588235,0.0,0.0,39.0,1,1.0,474.0,,,
2020,WR,31,Jauan Jennings,historical_oof,,,217,1.6005585585067352,16.380952380952383,17.433414043583532,413.0,521,1299,,4.847058823529412,0.0,0.0,90.0,1,1.0,474.0,,,
2020,WR,32,Dezmon Patmon,historical_oof,,,212,1.5075214794667864,15.04761904761905,16.222760290556902,413.0,528,1317,,0.4264705882352941,0.0,0.0,178.0,1,1.0,474.0,,,
2020,WR,33,Isaiah Coulter,historical_oof,,,171,1.3500723189275712,11.23809523809524,12.590799031477,413.0,553,1373,,0.0,0.0,0.0,226.0,1,1.0,474.0,,,
2020,WR,34,Tyrie Cleveland,historical_oof,,,252,1.1770890813825523,5.904761904761905,6.5375302663438255,413.0,588,1454,,0.5255514705882354,0.0,0.0,171.0,1,1.0,474.0,,,
2020,WR,35,K.J. Hill,historical_oof,,,220,0.7926377150860348,1.9047619047619049,1.937046004842615,413.0,614,1518,,0.6233455882352942,0.0,0.0,167.0,1,1.0,474.0,,,
2020,TE,1,Cole Kmet,historical_oof,,,43,6.587450645616636,88.36206896551724,87.84530386740332,181.0,33,187,,7.897058823529411,1.0,0.0,8.0,1,1.0,219.0,,,
2020,TE,2,Devin Asiasi,historical_oof,,,91,5.557424514823413,83.62068965517241,82.87292817679558,181.0,48,258,,0.4454044117647059,0.0,0.0,83.0,1,1.0,219.0,,,
2020,TE,3,Adam Trautman,historical_oof,,,105,5.005090651129041,79.74137931034483,78.45303867403315,181.0,58,315,,3.176470588235293,0.0,0.0,39.0,1,1.0,219.0,,,
2020,TE,4,Dalton Keene,historical_oof,,,101,4.995783207765916,79.3103448275862,78.45303867403315,181.0,59,321,,0.14375,0.0,0.0,102.0,1,1.0,219.0,,,
2020,TE,5,Josiah Deguara,historical_oof,,,94,4.897675600529253,78.01724137931035,77.90055248618785,181.0,62,341,,2.5264705882352945,0.0,0.0,41.0,1,1.0,219.0,,,
2020,TE,6,Harrison Bryant,historical_oof,,,115,3.984746874321405,67.67241379310344,69.06077348066299,181.0,90,499,,3.763602941176471,0.0,0.0,39.0,1,1.0,219.0,,,
2020,TE,7,Albert Okwuegbunam,historical_oof,,,118,3.770581499260544,66.37931034482759,69.06077348066299,181.0,96,525,,3.1446691176470587,0.0,0.0,30.0,1,1.0,219.0,,,
2020,TE,8,Colby Parkinson,historical_oof,,,133,3.5454172657574112,60.3448275862069,64.08839779005525,181.0,113,624,,2.2794117647058822,0.0,0.0,37.0,1,1.0,219.0,,,
2020,TE,9,Brycen Hopkins,historical_oof,,,136,3.2138392788001,53.8793103448276,57.4585635359116,181.0,130,725,,0.5823529411764706,0.0,0.0,84.0,1,1.0,219.0,,,
2020,TE,10,Charlie Woerner,historical_oof,,,190,1.994379050677964,32.327586206896555,34.806629834254146,181.0,190,1053,,0.50625,0.0,0.0,90.0,1,1.0,219.0,,,
2020,TE,11,Tyler Davis,historical_oof,,,206,1.5065769457803508,23.70689655172414,26.519337016574585,181.0,215,1191,,0.4147058823529411,0.0,0.0,96.0,1,1.0,219.0,,,
2020,TE,12,Stephen Sullivan,historical_oof,,,251,0.5308891623397607,7.758620689655173,8.83977900552486,181.0,257,1428,,0.1941176470588235,0.0,0.0,97.0,1,1.0,219.0,,,
2021,QB,1,Trevor Lawrence,historical_oof,,,1,18.09059644082,100.0,100.0,152.0,1,1,,16.416470588235295,1.0,0.0,7.0,1,1.0,190.0,,,
2021,QB,2,Justin Fields,historical_oof,,,11,17.82503974269056,99.43181818181816,100.0,152.0,2,12,,15.475294117647058,1.0,1.0,6.0,1,1.0,190.0,,,
2021,QB,3,Trey Lance,historical_oof,,,3,15.884434907495958,95.45454545454544,98.02631578947368,152.0,12,77,,2.2758823529411765,0.0,0.0,39.0,1,1.0,190.0,,,
2021,QB,4,Zach Wilson,historical_oof,,,2,15.089573318515932,93.75,96.71052631578948,152.0,15,104,,7.994117647058823,0.0,0.0,29.0,1,1.0,190.0,,,
2021,QB,5,Mac Jones,historical_oof,,,15,13.10390327758246,89.77272727272727,92.76315789473684,152.0,26,167,,11.618235294117648,0.0,0.0,18.0,1,1.0,190.0,,,
2021,QB,6,Kyle Trask,historical_oof,,,64,4.478410646513077,68.75,71.71052631578947,152.0,71,483,,0.0270588235294117,0.0,0.0,75.0,1,1.0,190.0,,,
2021,QB,7,Kellen Mond,historical_oof,,,66,3.645331458839825,63.06818181818182,67.76315789473685,152.0,82,574,,0.0058823529411764,0.0,0.0,72.0,1,1.0,190.0,,,
2021,QB,8,Davis Mills,historical_oof,,,67,2.943938165003739,60.22727272727273,65.13157894736842,152.0,90,626,,9.95529411764706,0.0,0.0,21.0,1,1.0,190.0,,,
2021,QB,9,Sam Ehlinger,historical_oof,,,218,0.8535529790363143,13.636363636363637,14.473684210526317,152.0,185,1338,,1.0741176470588234,0.0,0.0,49.0,1,1.0,190.0,,,
2021,QB,10,Ian Book,historical_oof,,,133,0.8135793785712848,10.795454545454543,11.842105263157894,152.0,190,1380,,0.0588235294117647,0.0,0.0,66.0,1,1.0,190.0,,,
2021,RB,1,Travis Etienne,historical_oof,,,25,12.52784589687358,97.58713136729224,97.8328173374613,323.0,12,42,,14.338235294117649,1.0,1.0,3.0,1,1.0,367.0,,,
2021,RB,2,Najee Harris,historical_oof,,,24,10.653913096701489,93.02949061662198,93.18885448916409,323.0,32,117,,15.47529411764706,1.0,1.0,3.0,1,1.0,367.0,,,
2021,RB,3,Javonte Williams,historical_oof,,,35,10.045983908463723,91.95710455764076,92.26006191950464,323.0,37,135,,11.297058823529412,0.0,0.0,17.0,1,1.0,367.0,,,
2021,RB,4,Trey Sermon,historical_oof,,,88,8.116502099831914,83.37801608579089,84.21052631578947,323.0,72,262,,1.4294117647058824,0.0,0.0,92.0,1,1.0,367.0,,,
2021,RB,5,Michael Carter,historical_oof,,,107,5.10990419901808,63.806970509383376,64.08668730650155,323.0,155,562,,8.247058823529413,0.0,0.0,29.0,1,1.0,367.0,,,
2021,RB,6,Rhamondre Stevenson,historical_oof,,,120,4.233139583147931,53.61930294906166,53.56037151702786,323.0,199,727,,11.611764705882354,1.0,0.0,7.0,1,1.0,367.0,,,
2021,RB,7,Kenneth Gainwell,historical_oof,,,150,4.089099592426392,51.206434316353885,51.08359133126935,323.0,211,765,,6.4935294117647056,0.0,0.0,41.0,1,1.0,367.0,,,
2021,RB,8,Chuba Hubbard,historical_oof,,,126,3.978423066027719,49.06166219839142,49.22600619195047,323.0,220,800,,9.41470588235294,0.0,0.0,27.0,1,1.0,367.0,,,
2021,RB,9,Kene Nwangwu,historical_oof,,,119,3.856517156672224,47.45308310991957,48.29721362229103,323.0,229,825,,1.0147058823529411,0.0,0.0,105.0,1,1.0,367.0,,,
2021,RB,10,Elijah Mitchell,historical_oof,,,194,2.889281425043116,34.584450402144775,34.6749226006192,323.0,285,1019,,6.25,0.0,0.0,26.0,1,1.0,367.0,,,
2021,RB,11,Khalil Herbert,historical_oof,,,217,2.827274816153821,33.78016085790885,34.05572755417957,323.0,289,1031,,6.773529411764706,0.0,0.0,41.0,1,1.0,367.0,,,
2021,RB,12,Larry Rountree III,historical_oof,,,198,2.815986851142422,33.24396782841823,34.05572755417957,323.0,291,1039,,0.6147058823529412,0.0,0.0,116.0,1,1.0,367.0,,,
2021,RB,13,Chris Evans,historical_oof,,,202,2.544132889891503,28.686327077747997,29.102167182662537,323.0,312,1111,,1.8411764705882352,0.0,0.0,82.0,1,1.0,367.0,,,
2021,RB,14,Jake Funk,historical_oof,,,233,1.929609394057049,20.64343163538874,21.052631578947366,323.0,345,1234,,0.1088235294117647,0.0,0.0,130.0,1,1.0,367.0,,,
2021,RB,15,Jermar Jefferson,historical_oof,,,257,1.587578295356558,15.81769436997319,15.789473684210526,323.0,367,1307,,0.7558823529411764,0.0,0.0,102.0,1,1.0,367.0,,,
2021,RB,16,Demetric Felton,historical_oof,,,211,1.5778617277425628,15.549597855227882,15.789473684210526,323.0,368,1310,,1.5558823529411767,0.0,0.0,79.0,1,1.0,367.0,,,
2021,RB,17,Gerrid Doaks,historical_oof,,,244,1.4673811917996096,13.404825737265416,13.622291021671826,323.0,376,1341,,0.0,0.0,0.0,,1,1.0,367.0,,,
2021,RB,18,Gary Brightwell,historical_oof,,,196,1.21924527468586,10.187667560321715,10.21671826625387,323.0,389,1391,,1.1941176470588233,0.0,0.0,93.0,1,1.0,367.0,,,
2021,RB,19,Kylin Hill,historical_oof,,,256,0.5986233304660655,5.093833780160858,4.643962848297214,323.0,411,1470,,0.1352941176470588,0.0,0.0,146.0,1,1.0,367.0,,,
2021,RB,20,Ben Mason,historical_oof,,,184,-1.4120536001981376,0.8042895442359249,0.3095975232198142,323.0,428,1539,,0.0,0.0,0.0,,1,1.0,367.0,,,
2021,WR,1,Ja'Marr Chase,historical_oof,,,5,11.51404838010204,96.95238095238096,96.875,448.0,21,54,,16.685882352941178,1.0,1.0,5.0,1,1.0,509.0,,,
2021,WR,2,Rashod Bateman,historical_oof,,,27,11.083509661864753,95.8095238095238,95.98214285714286,448.0,28,73,,5.294117647058823,0.0,0.0,70.0,1,1.0,509.0,,,
2021,WR,3,Jaylen Waddle,historical_oof,,,6,10.071935559973994,92.38095238095238,92.85714285714286,448.0,51,128,,14.911764705882351,1.0,1.0,8.0,1,1.0,509.0,,,
2021,WR,4,Elijah Moore,historical_oof,,,34,10.046180120048016,92.1904761904762,92.85714285714286,448.0,52,131,,7.949999999999999,0.0,0.0,50.0,1,1.0,509.0,,,
2021,WR,5,DeVonta Smith,historical_oof,,,10,9.711026629401765,91.04761904761904,92.1875,448.0,59,148,,14.241176470588236,1.0,1.0,9.0,1,1.0,509.0,,,
2021,WR,6,Kadarius Toney,historical_oof,,,20,9.325570912364949,90.0952380952381,91.29464285714286,448.0,64,161,,4.166470588235294,0.0,0.0,89.0,1,1.0,509.0,,,
2021,WR,7,Rondale Moore,historical_oof,,,49,9.149542019807924,89.14285714285714,90.625,448.0,69,177,,6.355882352941176,0.0,0.0,63.0,1,1.0,509.0,,,
2021,WR,8,Tutu Atwell,historical_oof,,,57,9.0600847127601,88.19047619047619,89.73214285714286,448.0,74,189,,5.164705882352941,0.0,0.0,62.0,1,1.0,509.0,,,
2021,WR,9,Terrace Marshall Jr.,historical_oof,,,59,8.005276582132845,81.9047619047619,84.375,448.0,111,281,,3.4088235294117646,0.0,0.0,88.0,1,1.0,509.0,,,
2021,WR,10,Dyami Brown,historical_oof,,,82,6.283305467603711,71.42857142857143,73.66071428571429,448.0,177,439,,1.9929411764705884,0.0,0.0,133.0,1,1.0,509.0,,,
2021,WR,11,D'Wayne Eskridge,historical_oof,,,56,5.725844200805327,67.23809523809524,69.19642857142857,448.0,203,510,,1.238235294117647,0.0,0.0,145.0,1,1.0,509.0,,,
2021,WR,12,Josh Palmer,historical_oof,,,77,5.535915859260366,66.28571428571428,68.30357142857143,448.0,210,526,,8.117647058823529,0.0,0.0,36.0,1,1.0,509.0,,,
2021,WR,13,Tylan Wallace,historical_oof,,,131,5.510229963485394,66.0952380952381,68.30357142857143,448.0,211,528,,0.4529411764705882,0.0,0.0,178.0,1,1.0,509.0,,,
2021,WR,14,Amon-Ra St. Brown,historical_oof,,,112,5.352563763755506,64.38095238095238,66.51785714285714,448.0,222,553,,17.602941176470587,1.0,1.0,3.0,1,1.0,509.0,,,
2021,WR,15,Jaelon Darden,historical_oof,,,129,5.345719302721091,64.19047619047619,66.51785714285714,448.0,224,558,,0.4764705882352942,0.0,0.0,174.0,1,1.0,509.0,,,
2021,WR,16,Ihmir Smith-Marsette,historical_oof,,,157,4.136828027460985,56.57142857142857,58.48214285714286,448.0,277,681,,1.7970588235294118,0.0,0.0,138.0,1,1.0,509.0,,,
2021,WR,17,Anthony Schwartz,historical_oof,,,91,4.082436908263308,56.19047619047619,58.25892857142857,448.0,280,688,,1.5352941176470587,0.0,0.0,137.0,1,1.0,509.0,,,
2021,WR,18,Nico Collins,historical_oof,,,89,3.5235561876417245,49.333333333333336,50.89285714285714,448.0,323,795,,10.51470588235294,1.0,1.0,12.0,1,1.0,509.0,,,
2021,WR,19,Amari Rodgers,historical_oof,,,85,3.455834669617845,47.61904761904761,49.55357142857143,448.0,333,824,,1.5500000000000005,0.0,0.0,122.0,1,1.0,509.0,,,
2021,WR,20,Dez Fitzpatrick,historical_oof,,,109,3.375460169567824,45.90476190476191,47.767857142857146,448.0,342,849,,0.4676470588235294,0.0,0.0,163.0,1,1.0,509.0,,,
2021,WR,21,Jacob Harris,historical_oof,,,141,3.1551270388155257,42.47619047619048,44.19642857142857,448.0,364,901,,0.0470588235294117,0.0,0.0,211.0,1,1.0,509.0,,,
2021,WR,22,Seth Williams,historical_oof,,,219,2.8989205249599843,38.66666666666666,39.955357142857146,448.0,388,961,,0.1294117647058823,0.0,0.0,202.0,1,1.0,509.0,,,
2021,WR,23,Cornell Powell,historical_oof,,,181,2.8430583683473416,37.523809523809526,38.83928571428572,448.0,395,977,,0.0,0.0,0.0,,1,1.0,509.0,,,
2021,WR,24,Simi Fehoko,historical_oof,,,179,2.260144208808524,27.80952380952381,27.901785714285715,448.0,451,1126,,0.3911764705882353,0.0,0.0,181.0,1,1.0,509.0,,,
2021,WR,25,Dax Milne,historical_oof,,,258,2.252829161539614,27.61904761904762,27.901785714285715,448.0,452,1127,,0.9147058823529411,0.0,0.0,155.0,1,1.0,509.0,,,
2021,WR,26,Mike Strachan,historical_oof,,,229,2.068887956800145,24.952380952380956,25.44642857142857,448.0,471,1174,,0.4235294117647058,0.0,0.0,173.0,1,1.0,509.0,,,
2021,WR,27,Marquez Stevenson,historical_oof,,,203,1.867222709708884,20.761904761904763,20.982142857142858,448.0,495,1232,,0.0,0.0,0.0,226.0,1,1.0,509.0,,,
2021,WR,28,Jalen Camp,historical_oof,,,209,1.831780695278111,20.0,20.3125,448.0,499,1243,,0.0499999999999999,0.0,0.0,208.0,1,1.0,509.0,,,
2021,WR,29,Dazz Newsome,historical_oof,,,221,1.8180239587084832,19.80952380952381,20.3125,448.0,500,1247,,0.1264705882352941,0.0,0.0,204.0,1,1.0,509.0,,,
2021,WR,30,Frank Darby,historical_oof,,,187,1.7228482445895024,18.09523809523809,18.526785714285715,448.0,510,1274,,0.1441176470588235,0.0,0.0,206.0,1,1.0,509.0,,,
2021,WR,31,Shi Smith,historical_oof,,,204,1.6138943008453377,16.57142857142857,17.1875,448.0,520,1297,,2.285294117647059,0.0,0.0,103.0,1,1.0,509.0,,,
2021,WR,32,Kawaan Baker,historical_oof,,,255,1.3945118978841535,12.571428571428571,13.169642857142858,448.0,546,1354,,0.0,0.0,0.0,226.0,1,1.0,509.0,,,
2021,WR,33,Racey McMath,historical_oof,,,205,1.2383855782312925,7.6190476190476195,8.035714285714286,448.0,579,1430,,0.2117647058823529,0.0,0.0,180.0,1,1.0,509.0,,,
2021,WR,34,Tre Nixon,historical_oof,,,242,1.2230172208883556,6.857142857142858,7.366071428571429,448.0,583,1440,,0.0,0.0,0.0,,1,1.0,509.0,,,
2021,WR,35,Ben Skowronek,historical_oof,,,249,0.7495814713802191,1.3333333333333337,1.3392857142857142,448.0,618,1530,,3.194117647058824,0.0,0.0,86.0,1,1.0,509.0,,,
2021,TE,1,Kyle Pitts,historical_oof,,,4,8.764799308163829,98.70689655172411,98.96373056994818,193.0,4,22,,9.232352941176472,1.0,1.0,6.0,1,1.0,231.0,,,
2021,TE,2,Pat Freiermuth,historical_oof,,,55,4.930197577611466,78.44827586206897,77.2020725388601,193.0,61,336,,8.820588235294117,1.0,0.0,7.0,1,1.0,231.0,,,
2021,TE,3,Tommy Tremble,historical_oof,,,83,4.351076748277984,72.41379310344827,71.50259067357513,193.0,76,422,,3.3764705882352946,0.0,0.0,39.0,1,1.0,231.0,,,
2021,TE,4,Noah Gray,historical_oof,,,162,3.663214819596256,63.793103448275865,65.80310880829016,193.0,102,563,,4.135294117647058,0.0,0.0,36.0,1,1.0,231.0,,,
2021,TE,5,Hunter Long,historical_oof,,,81,3.515158330799104,59.91379310344828,62.17616580310881,193.0,114,630,,0.0529411764705882,0.0,0.0,113.0,1,1.0,231.0,,,
2021,TE,6,Tre' McKitty,historical_oof,,,97,3.2387697007934864,54.310344827586206,55.95854922279793,193.0,129,718,,0.8147058823529413,0.0,0.0,86.0,1,1.0,231.0,,,
2021,TE,7,Kylen Granson,historical_oof,,,127,2.7285155554532405,48.27586206896552,50.77720207253886,193.0,148,813,,3.947058823529412,0.0,0.0,33.0,1,1.0,231.0,,,
2021,TE,8,Luke Farrell,historical_oof,,,145,2.5910538099406417,43.96551724137931,46.1139896373057,193.0,159,878,,1.2088235294117646,0.0,0.0,63.0,1,1.0,231.0,,,
2021,TE,9,Brevin Jordan,historical_oof,,,147,2.289682667815962,36.206896551724135,38.34196891191709,193.0,180,994,,3.1382352941176475,0.0,0.0,44.0,1,1.0,231.0,,,
2021,TE,10,John Bates,historical_oof,,,124,1.955816273433033,31.89655172413793,33.67875647668394,193.0,191,1058,,2.5,0.0,0.0,48.0,1,1.0,231.0,,,
2021,TE,11,Zach Davidson,historical_oof,,,168,1.4829156641937091,22.844827586206897,24.870466321243523,193.0,217,1202,,0.0,0.0,0.0,,1,1.0,231.0,,,
2022,QB,1,Kenny Pickett,historical_oof,,,20,10.5969981645527,80.11363636363636,80.8641975308642,162.0,45,311,,7.648823529411764,0.0,0.0,28.0,1,1.0,200.0,,,
2022,QB,2,Malik Willis,historical_oof,,,86,5.109003667928539,70.45454545454545,71.60493827160494,162.0,66,454,,2.0923529411764705,0.0,0.0,44.0,1,1.0,200.0,,,
2022,QB,3,Desmond Ridder,historical_oof,,,74,4.469538658346083,68.18181818181817,69.75308641975309,162.0,72,492,,6.3488235294117645,0.0,0.0,22.0,1,1.0,200.0,,,
2022,QB,4,Chris Oladokun,historical_oof,,,241,4.432262742847757,67.61363636363636,69.75308641975309,162.0,73,503,,0.0,0.0,0.0,,1,1.0,200.0,,,
2022,QB,5,Matt Corral,historical_oof,,,94,4.414914455253246,67.04545454545455,69.75308641975309,162.0,74,513,,0.0,0.0,0.0,,1,1.0,200.0,,,
2022,QB,6,Brock Purdy,historical_oof,,,262,2.359973056372316,53.40909090909091,55.55555555555556,162.0,103,731,,16.542941176470592,1.0,1.0,6.0,1,1.0,200.0,,,
2022,QB,7,Sam Howell,historical_oof,,,144,2.1011797147809426,46.590909090909086,48.76543209876543,162.0,117,840,,8.111764705882354,0.0,0.0,13.0,1,1.0,200.0,,,
2022,QB,8,Skylar Thompson,historical_oof,,,247,1.1037732025598106,25.0,25.925925925925924,162.0,162,1170,,0.7452941176470588,0.0,0.0,57.0,1,1.0,200.0,,,
2022,QB,9,Bailey Zappe,historical_oof,,,137,0.899077447369099,15.909090909090908,16.666666666666664,162.0,181,1306,,3.2005882352941177,0.0,0.0,39.0,1,1.0,200.0,,,
2022,RB,1,Breece Hall,historical_oof,,,36,10.712754150607427,93.8337801608579,93.87755102040816,343.0,28,102,,15.629411764705884,1.0,1.0,2.0,1,1.0,387.0,,,
2022,RB,2,Kenneth Walker,historical_oof,,,41,9.892203522568158,91.68900804289544,91.83673469387756,343.0,38,139,,11.820588235294116,0.0,0.0,18.0,1,1.0,387.0,,,
2022,RB,3,Rachaad White,historical_oof,,,91,9.106175631241918,88.47184986595174,88.62973760932945,343.0,52,185,,13.75,1.0,1.0,4.0,1,1.0,387.0,,,
2022,RB,4,James Cook,historical_oof,,,63,8.587204809061195,86.05898123324397,86.58892128279884,343.0,61,221,,14.688235294117648,1.0,0.0,8.0,1,1.0,387.0,,,
2022,RB,5,Tyrion Davis-Price,historical_oof,,,93,7.373763613638733,79.35656836461126,80.466472303207,343.0,90,320,,0.3529411764705882,0.0,0.0,124.0,1,1.0,387.0,,,
2022,RB,6,Brian Robinson,historical_oof,,,98,7.149526323989057,77.4798927613941,78.71720116618076,343.0,97,351,,10.526470588235291,0.0,0.0,21.0,1,1.0,387.0,,,
2022,RB,7,Zamir White,historical_oof,,,122,5.413131550186368,66.48793565683646,67.3469387755102,343.0,144,521,,3.035294117647059,0.0,0.0,56.0,1,1.0,387.0,,,
2022,RB,8,Pierre Strong,historical_oof,,,127,5.204718190296043,64.87935656836461,65.88921282798835,343.0,151,547,,2.294117647058824,0.0,0.0,72.0,1,1.0,387.0,,,
2022,RB,9,Isaiah Spiller,historical_oof,,,123,4.9632962214518095,62.73458445040214,63.84839650145773,343.0,159,581,,0.8058823529411765,0.0,0.0,95.0,1,1.0,387.0,,,
2022,RB,10,Dameon Pierce,historical_oof,,,107,4.826683793326708,61.12600536193029,62.390670553935855,343.0,166,612,,7.326470588235294,0.0,0.0,27.0,1,1.0,387.0,,,
2022,RB,11,Tyler Allgeier,historical_oof,,,151,4.598804539583558,58.71313672922251,60.05830903790087,343.0,177,650,,8.73529411764706,0.0,0.0,29.0,1,1.0,387.0,,,
2022,RB,12,Kyren Williams,historical_oof,,,164,4.061998693443465,49.59785522788204,50.43731778425656,343.0,217,790,,15.50294117647059,1.0,0.0,7.0,1,1.0,387.0,,,
2022,RB,13,Snoop Conner,historical_oof,,,154,3.969707850481349,48.79356568364612,49.85422740524781,343.0,221,803,,0.3,0.0,0.0,121.0,1,1.0,387.0,,,
2022,RB,14,Jerome Ford,historical_oof,,,156,3.943013980383895,48.257372654155496,49.56268221574344,343.0,224,814,,10.152941176470588,0.0,0.0,16.0,1,1.0,387.0,,,
2022,RB,15,Ty Chandler,historical_oof,,,169,3.755254961792928,46.11260053619303,47.521865889212826,343.0,236,846,,3.805882352941176,0.0,0.0,48.0,1,1.0,387.0,,,
2022,RB,16,Hassan Haskins,historical_oof,,,131,3.619352149154369,43.96782841823057,45.481049562682216,343.0,245,877,,1.7294117647058824,0.0,0.0,81.0,1,1.0,387.0,,,
2022,RB,17,Tyler Badie,historical_oof,,,196,3.1799887177322,38.069705093833775,39.35860058309038,343.0,270,970,,0.5529411764705883,0.0,0.0,112.0,1,1.0,387.0,,,
2022,RB,18,Keaontay Ingram,historical_oof,,,201,2.8237102903660367,33.51206434316354,34.69387755102041,343.0,290,1037,,0.9441176470588232,0.0,0.0,105.0,1,1.0,387.0,,,
2022,RB,19,Kevin Harris,historical_oof,,,183,2.4459365764038745,27.34584450402145,28.2798833819242,343.0,318,1132,,0.9558823529411764,0.0,0.0,91.0,1,1.0,387.0,,,
2022,RB,20,Isaih Pacheco,historical_oof,,,251,2.232427721250592,25.201072386058986,26.239067055393583,343.0,328,1168,,10.261764705882351,0.0,0.0,15.0,1,1.0,387.0,,,
2022,RB,21,Trestan Ebner,historical_oof,,,203,2.100191017404313,23.056300268096518,24.198250728862973,343.0,336,1199,,0.1823529411764705,0.0,0.0,135.0,1,1.0,387.0,,,
2022,RB,22,Brittain Brown,historical_oof,,,250,-0.8848348975545766,1.0723860589812333,0.5830903790087464,343.0,427,1536,,0.0,0.0,0.0,,1,1.0,387.0,,,
2022,RB,23,Zander Horvath,historical_oof,,,260,-1.4765322484899377,0.5361930294906166,0.2915451895043732,343.0,429,1544,,0.0,0.0,0.0,,1,1.0,387.0,,,
2022,WR,1,Treylon Burks,historical_oof,,,18,12.371295022634047,98.28571428571428,98.13664596273291,483.0,11,29,,3.764705882352941,0.0,0.0,81.0,1,1.0,544.0,,,
2022,WR,2,Garrett Wilson,historical_oof,,,10,11.118766133453386,96.0,96.06625258799173,483.0,27,71,,13.75294117647059,1.0,1.0,10.0,1,1.0,544.0,,,
2022,WR,3,Jameson Williams,historical_oof,,,12,10.934230732793106,95.04761904761904,95.23809523809524,483.0,32,83,,8.602941176470589,1.0,0.0,22.0,1,1.0,544.0,,,
2022,WR,4,Chris Olave,historical_oof,,,11,10.694960824829929,94.66666666666669,95.03105590062113,483.0,35,89,,12.632352941176473,1.0,0.0,16.0,1,1.0,544.0,,,
2022,WR,5,Drake London,historical_oof,,,8,10.359437708833536,93.71428571428572,94.20289855072464,483.0,42,106,,13.511764705882356,1.0,1.0,5.0,1,1.0,544.0,,,
2022,WR,6,Jahan Dotson,historical_oof,,,16,9.802243619447786,91.42857142857144,92.13250517598344,483.0,57,142,,7.511764705882353,0.0,0.0,51.0,1,1.0,544.0,,,
2022,WR,7,Skyy Moore,historical_oof,,,54,9.261234021358536,89.71428571428571,90.47619047619048,483.0,66,168,,3.0323529411764705,0.0,0.0,107.0,1,1.0,544.0,,,
2022,WR,8,David Bell,historical_oof,,,99,8.856432478741493,87.04761904761905,88.40579710144928,483.0,80,204,,2.7676470588235293,0.0,0.0,113.0,1,1.0,544.0,,,
2022,WR,9,Jalen Tolbert,historical_oof,,,88,8.850298998057552,86.85714285714286,88.40579710144928,483.0,81,208,,6.258823529411766,0.0,0.0,45.0,1,1.0,544.0,,,
2022,WR,10,John Metchie,historical_oof,,,44,8.834536714685875,86.47619047619047,88.19875776397515,483.0,83,213,,2.5764705882352943,0.0,0.0,110.0,1,1.0,544.0,,,
2022,WR,11,Wan'Dale Robinson,historical_oof,,,43,8.731584620098038,86.28571428571429,88.19875776397515,483.0,84,216,,9.291176470588235,0.0,0.0,36.0,1,1.0,544.0,,,
2022,WR,12,Tyquan Thornton,historical_oof,,,50,8.11834575767807,83.23809523809523,85.09316770186336,483.0,104,263,,2.75,0.0,0.0,98.0,1,1.0,544.0,,,
2022,WR,13,George Pickens,historical_oof,,,52,6.290461941276506,71.61904761904762,73.70600414078675,483.0,176,434,,11.038235294117648,0.0,0.0,29.0,1,1.0,544.0,,,
2022,WR,14,Alec Pierce,historical_oof,,,53,6.238455403411365,71.04761904761905,73.29192546583852,483.0,179,444,,8.05,0.0,0.0,43.0,1,1.0,544.0,,,
2022,WR,15,Velus Jones,historical_oof,,,71,4.383117211759707,58.47619047619048,60.041407867494826,483.0,267,654,,1.4441176470588235,0.0,0.0,126.0,1,1.0,544.0,,,
2022,WR,16,Christian Watson,historical_oof,,,34,4.355079638480386,57.90476190476191,59.62732919254658,483.0,270,662,,7.923529411764706,0.0,0.0,41.0,1,1.0,544.0,,,
2022,WR,17,Danny Gray,historical_oof,,,105,3.577904368747498,50.47619047619048,51.96687370600414,483.0,316,775,,0.0852941176470588,0.0,0.0,203.0,1,1.0,544.0,,,
2022,WR,18,Romeo Doubs,historical_oof,,,132,3.5227662605042047,49.142857142857146,50.72463768115942,483.0,324,798,,9.01470588235294,0.0,0.0,36.0,1,1.0,544.0,,,
2022,WR,19,Khalil Shakir,historical_oof,,,148,3.469119815801321,48.0,49.68944099378882,483.0,331,817,,8.694117647058823,0.0,0.0,37.0,1,1.0,544.0,,,
2022,WR,20,Erik Ezukanma,historical_oof,,,125,2.6120497556522606,32.19047619047619,32.91925465838509,483.0,424,1054,,0.1029411764705882,0.0,0.0,197.0,1,1.0,544.0,,,
2022,WR,21,Kyle Philips,historical_oof,,,163,2.216588221163465,27.047619047619047,27.536231884057973,483.0,455,1137,,1.4382352941176473,0.0,0.0,136.0,1,1.0,544.0,,,
2022,WR,22,Calvin Austin,historical_oof,,,138,2.080173148759505,25.333333333333336,25.87991718426501,483.0,469,1167,,5.102941176470588,0.0,0.0,68.0,1,1.0,544.0,,,
2022,WR,23,Dareke Young,historical_oof,,,233,1.638257570262952,16.761904761904763,16.977225672877847,483.0,519,1295,,0.0,0.0,0.0,,1,1.0,544.0,,,
2022,WR,24,Samori Toure,historical_oof,,,258,1.5398499803671464,15.61904761904762,15.942028985507244,483.0,525,1309,,0.0,0.0,0.0,,1,1.0,544.0,,,
2022,WR,25,Jalen Nailor,historical_oof,,,191,1.468425029011606,14.285714285714285,14.699792960662524,483.0,533,1327,,4.055882352941176,0.0,0.0,77.0,1,1.0,544.0,,,
2022,WR,26,Michael Woods,historical_oof,,,202,1.3678042123099243,11.61904761904762,12.008281573498964,483.0,551,1368,,0.6617647058823529,0.0,0.0,164.0,1,1.0,544.0,,,
2022,WR,27,Bo Melton,historical_oof,,,229,1.364000400035014,11.428571428571429,12.008281573498964,483.0,552,1370,,2.011764705882353,0.0,0.0,116.0,1,1.0,544.0,,,
2022,WR,28,Montrell Washington,historical_oof,,,162,0.9545384376667332,3.0476190476190474,3.1055900621118013,483.0,607,1501,,0.0,0.0,0.0,,1,1.0,544.0,,,
2022,TE,1,Trey McBride,historical_oof,,,55,6.259837267223904,86.20689655172413,86.27450980392157,204.0,39,219,,12.508823529411764,1.0,1.0,2.0,1,1.0,242.0,,,
2022,TE,2,Greg Dulcich,historical_oof,,,80,4.738212473685861,76.29310344827587,75.49019607843137,204.0,67,368,,2.761764705882353,0.0,0.0,30.0,1,1.0,242.0,,,
2022,TE,3,Jeremy Ruckert,historical_oof,,,101,4.28679709332684,70.6896551724138,71.07843137254902,204.0,81,450,,1.7529411764705882,0.0,0.0,62.0,1,1.0,242.0,,,
2022,TE,4,Jelani Woods,historical_oof,,,73,3.957367922871947,67.24137931034483,68.13725490196079,204.0,93,509,,2.182352941176472,0.0,0.0,35.0,1,1.0,242.0,,,
2022,TE,5,Daniel Bellinger,historical_oof,,,112,3.781602846609213,66.8103448275862,68.13725490196079,204.0,94,517,,3.691176470588236,0.0,0.0,34.0,1,1.0,242.0,,,
2022,TE,6,Isaiah Likely,historical_oof,,,139,3.712479641497041,65.08620689655173,66.66666666666666,204.0,99,543,,6.6117647058823525,0.0,0.0,16.0,1,1.0,242.0,,,
2022,TE,7,Cade Otton,historical_oof,,,106,3.664761158844657,64.22413793103449,66.17647058823529,204.0,101,556,,7.620588235294117,0.0,0.0,14.0,1,1.0,242.0,,,
2022,TE,8,Cole Turner,historical_oof,,,149,3.653097203854737,63.36206896551724,65.68627450980392,204.0,103,569,,0.8029411764705883,0.0,0.0,72.0,1,1.0,242.0,,,
2022,TE,9,Jake Ferguson,historical_oof,,,129,3.129424715162872,52.1551724137931,53.431372549019606,204.0,135,749,,8.279411764705882,1.0,0.0,9.0,1,1.0,242.0,,,
2022,TE,10,Chigoziem Okonkwo,historical_oof,,,143,2.95665945594788,50.0,51.47058823529412,204.0,142,784,,6.6764705882352935,0.0,0.0,21.0,1,1.0,242.0,,,
2022,TE,11,Charlie Kolar,historical_oof,,,128,2.563932576768177,42.672413793103445,44.11764705882353,204.0,162,896,,1.4705882352941178,0.0,0.0,63.0,1,1.0,242.0,,,
2022,TE,12,James Mitchell,historical_oof,,,177,2.4979816048546453,40.08620689655172,41.66666666666667,204.0,171,939,,0.973529411764706,0.0,0.0,67.0,1,1.0,242.0,,,
2022,TE,13,Andrew Ogletree,historical_oof,,,192,1.837145821425306,29.74137931034483,30.392156862745097,204.0,198,1093,,0.0,0.0,0.0,,1,1.0,242.0,,,
2022,TE,14,Teagan Quitoriano,historical_oof,,,170,1.6412012244102183,27.155172413793103,27.94117647058824,204.0,206,1135,,1.0470588235294118,0.0,0.0,64.0,1,1.0,242.0,,,
2022,TE,15,Grant Calcaterra,historical_oof,,,198,1.6177658569310598,25.43103448275862,26.47058823529412,204.0,210,1166,,2.144117647058824,0.0,0.0,41.0,1,1.0,242.0,,,
2022,TE,16,Connor Heyward,historical_oof,,,208,1.1762437914711332,19.39655172413793,20.098039215686278,204.0,228,1252,,2.2205882352941178,0.0,0.0,,1,1.0,242.0,,,
2022,TE,17,Ko Kieft,historical_oof,,,218,0.8542734487454653,13.79310344827586,14.215686274509803,204.0,241,1335,,0.0,0.0,0.0,,1,1.0,242.0,,,
2022,TE,18,John FitzPatrick,historical_oof,,,213,0.7374231308997962,12.06896551724138,12.745098039215684,204.0,245,1361,,0.1,0.0,0.0,104.0,1,1.0,242.0,,,
2022,TE,19,Nick Muse,historical_oof,,,227,0.4752103828757609,5.172413793103448,5.392156862745098,204.0,265,1466,,0.0,0.0,0.0,,1,1.0,242.0,,,
2023,QB,1,Anthony Richardson,historical_oof,,,4,16.565322806629435,98.29545454545456,98.24561403508773,171.0,4,28,,6.94235294117647,0.0,0.0,25.0,1,1.0,209.0,,,
2023,QB,2,C.J. Stroud,historical_oof,,,2,15.948952835543665,97.1590909090909,97.6608187134503,171.0,9,48,,14.599999999999998,1.0,0.0,9.0,1,1.0,209.0,,,
2023,QB,3,Bryce Young,historical_oof,,,1,15.887818340371188,96.02272727272728,97.07602339181284,171.0,11,70,,12.148823529411766,0.0,0.0,19.0,1,1.0,209.0,,,
2023,QB,4,Will Levis,historical_oof,,,33,11.430089599371223,84.0909090909091,85.38011695906432,171.0,38,252,,6.528235294117646,0.0,0.0,30.0,1,1.0,209.0,,,
2023,QB,5,Hendon Hooker,historical_oof,,,68,5.465732215754702,71.5909090909091,73.09941520467837,171.0,63,435,,0.0788235294117647,0.0,0.0,67.0,1,1.0,209.0,,,
2023,RB,1,Bijan Robinson,historical_oof,,,8,14.165526669413053,99.46380697050938,99.4535519125683,366.0,4,10,,20.95588235294117,1.0,1.0,2.0,1,1.0,410.0,,,
2023,RB,2,Jahmyr Gibbs,historical_oof,,,12,12.7112865553686,98.12332439678283,98.36065573770492,366.0,10,31,,21.46470588235294,1.0,1.0,1.0,1,1.0,410.0,,,
2023,RB,3,Zach Charbonnet,historical_oof,,,52,8.886170077439033,87.93565683646113,88.25136612021858,366.0,54,192,,10.83235294117647,0.0,0.0,24.0,1,1.0,410.0,,,
2023,RB,4,Devon Achane,historical_oof,,,84,8.201516274430496,83.91420911528151,84.42622950819673,366.0,70,255,,18.314705882352943,1.0,1.0,5.0,1,1.0,410.0,,,
2023,RB,5,Tank Bigsby,historical_oof,,,88,7.659102548314932,81.23324396782841,81.9672131147541,366.0,81,293,,5.376470588235294,0.0,0.0,36.0,1,1.0,410.0,,,
2023,RB,6,Tyjae Spears,historical_oof,,,81,7.448076824459596,79.89276139410187,80.87431693989072,366.0,88,313,,7.86470588235294,0.0,0.0,34.0,1,1.0,410.0,,,
2023,RB,7,Kendre Miller,historical_oof,,,71,6.782207011235595,73.45844504021449,74.59016393442623,366.0,112,406,,2.252941176470588,0.0,0.0,70.0,1,1.0,410.0,,,
2023,WR,1,Jordan Addison,historical_oof,,,23,12.117726965286108,98.09523809523807,98.04305283757338,511.0,12,32,,12.758823529411766,1.0,0.0,21.0,1,1.0,572.0,,,
2023,WR,2,Zay Flowers,historical_oof,,,22,9.839565963635454,91.61904761904762,91.58512720156556,511.0,56,140,,13.31764705882353,1.0,1.0,7.0,1,1.0,572.0,,,
2023,WR,3,Jaxon Smith-Njigba,historical_oof,,,20,9.058353419617845,88.0,88.06262230919765,511.0,75,191,,18.02647058823529,1.0,1.0,2.0,1,1.0,572.0,,,
2023,WR,4,Josh Downs,historical_oof,,,79,9.000027548019204,87.80952380952381,88.06262230919765,511.0,76,194,,10.01764705882353,0.0,0.0,35.0,1,1.0,572.0,,,
2023,WR,5,Quentin Johnston,historical_oof,,,21,8.896019459783911,87.42857142857143,87.866927592955,511.0,78,199,,10.173529411764708,0.0,0.0,35.0,1,1.0,572.0,,,
2023,WR,6,Rashee Rice,historical_oof,,,55,7.913562529511806,81.14285714285714,81.60469667318982,511.0,116,294,,10.66470588235294,0.0,0.0,27.0,1,1.0,572.0,,,
2023,WR,7,Jonathan Mingo,historical_oof,,,39,7.827985053271312,80.57142857142857,81.2133072407045,511.0,119,302,,3.441176470588236,0.0,0.0,81.0,1,1.0,572.0,,,
2023,WR,8,Marvin Mims Jr.,historical_oof,,,63,7.792127237269915,80.38095238095238,81.2133072407045,511.0,120,306,,6.602941176470589,0.0,0.0,57.0,1,1.0,572.0,,,
2023,WR,9,Nathaniel Dell,historical_oof,,,69,7.391597511129447,77.90476190476191,78.86497064579257,511.0,138,344,,8.970588235294116,0.0,0.0,39.0,1,1.0,572.0,,,
2023,WR,10,Jayden Reed,historical_oof,,,50,6.877318463135248,75.04761904761905,76.1252446183953,511.0,156,384,,12.182352941176472,0.0,0.0,25.0,1,1.0,572.0,,,
2023,WR,11,Cedric Tillman,historical_oof,,,74,5.309841765664598,64.0,64.9706457925636,511.0,225,560,,4.129411764705882,0.0,0.0,91.0,1,1.0,572.0,,,
2023,WR,12,Jalin Hyatt,historical_oof,,,73,4.0752542624549815,55.80952380952381,56.75146771037182,511.0,283,694,,2.191176470588235,0.0,0.0,100.0,1,1.0,572.0,,,
2023,WR,13,Michael Wilson,historical_oof,,,94,3.2334131855242094,43.42857142857143,44.22700587084149,511.0,356,885,,10.15,1.0,1.0,10.0,1,1.0,572.0,,,
2023,WR,14,Tre Tucker,historical_oof,,,100,2.013212523259304,23.61904761904762,24.07045009784736,511.0,479,1192,,8.558823529411764,0.0,0.0,38.0,1,1.0,572.0,,,
2023,TE,1,Dalton Kincaid,historical_oof,,,25,8.979800113502854,99.56896551724138,99.55156950672644,223.0,2,9,,8.129411764705882,1.0,0.0,11.0,1,1.0,261.0,,,
2023,TE,2,Michael Mayer,historical_oof,,,35,8.441851371520048,96.55172413793105,96.8609865470852,223.0,10,60,,4.270588235294118,0.0,0.0,35.0,1,1.0,261.0,,,
2023,TE,3,Sam LaPorta,historical_oof,,,34,7.822817433644204,94.82758620689656,95.51569506726456,223.0,17,88,,12.173529411764706,1.0,1.0,1.0,1,1.0,261.0,,,
2023,TE,4,Luke Musgrave,historical_oof,,,42,7.499902827137261,92.24137931034484,93.27354260089686,223.0,23,129,,3.6588235294117646,0.0,0.0,31.0,1,1.0,261.0,,,
2023,TE,5,Tucker Kraft,historical_oof,,,78,4.538407277540969,75.0,75.7847533632287,223.0,70,385,,8.25,1.0,0.0,10.0,1,1.0,261.0,,,
2023,TE,6,Luke Schoonmaker,historical_oof,,,58,4.342133302329091,71.98275862068965,73.09417040358744,223.0,77,429,,2.4794117647058824,0.0,0.0,43.0,1,1.0,261.0,,,
2023,TE,7,Cameron Latu,historical_oof,,,101,4.312117937749399,71.55172413793103,73.09417040358744,223.0,78,438,,0.0,0.0,0.0,124.0,1,1.0,261.0,,,
2023,TE,8,Brenton Strange,historical_oof,,,61,4.251381938034541,69.82758620689656,71.74887892376681,223.0,83,467,,6.15,0.0,0.0,23.0,1,1.0,261.0,,,
2023,TE,9,Darnell Washington,historical_oof,,,93,2.7866233192997463,48.706896551724135,50.22421524663677,223.0,146,806,,3.4823529411764707,0.0,0.0,39.0,1,1.0,261.0,,,
2024,QB,1,Caleb Williams,frozen_prospect,CHI,1.0,1,16.40469630796272,97.72727272727272,,,5,37,0.5974246263504028,,,,,0,,,1.0,0.0,2.716934945625148
2024,QB,2,Jayden Daniels,frozen_prospect,WAS,1.0,2,16.174775694825883,97.72727272727272,,,5,37,0.6774269342422485,,,,,0,,,1.0,0.0,1.360117123778097
2024,QB,3,Bo Nix,frozen_prospect,DEN,1.0,12,15.040626347755753,92.61363636363636,,,18,123,0.6140146255493164,,,,,0,,,1.0,0.0,-0.9600239787776116
2024,QB,4,Drake Maye,frozen_prospect,NE,1.0,3,14.598286413481135,92.61363636363636,,,18,123,0.5738378763198853,,,,,0,,,1.0,0.0,0.9920061302481332
2024,QB,5,Michael Penix,frozen_prospect,ATL,1.0,8,14.556562619712398,92.04545454545456,,,21,132,0.4035809636116028,,,,,0,,,1.0,0.0,0.7180443032740018
2024,QB,6,J.J. McCarthy,frozen_prospect,MIN,1.0,10,11.994421752973782,86.93181818181817,,,32,205,0.4359665215015411,,,,,0,,,1.0,0.0,-0.2300097953155688
2024,QB,7,Jordan Travis,frozen_prospect,NYJ,5.0,171,3.480177562025485,61.93181818181818,,,86,595,0.1127250865101814,,,,,0,,,1.0,0.0,-2.8573803156301008
2024,QB,8,Joe Milton,frozen_prospect,NE,6.0,193,2.114314822374386,47.159090909090914,,,115,831,0.0796116888523101,,,,,0,,,1.0,0.0,-2.861280260829292
2024,QB,9,Spencer Rattler,frozen_prospect,NO,5.0,150,1.353263235588014,31.25,,,147,1068,0.0635991618037223,,,,,0,,,1.0,0.0,-0.2384020400557052
2024,QB,10,Michael Pratt,frozen_prospect,GB,7.0,245,0.9682438975819152,18.75,,,174,1262,0.0842808857560157,,,,,0,,,1.0,0.0,-1.3259556242747568
2024,QB,11,Devin Leary,frozen_prospect,BAL,6.0,218,0.34931767712733,0.5681818181818182,,,210,1542,0.0285591483116149,,,,,0,,,1.0,0.0,0.3532923222664754
2024,RB,1,Trey Benson,frozen_prospect,ARI,3.0,66,9.41460714571137,90.0804289544236,,,45,163,0.2222950309514999,,,,,0,,,1.0,0.0,0.3827385952215314
2024,RB,2,Jonathon Brooks,frozen_prospect,CAR,2.0,46,8.521358818652926,85.79088471849866,,,62,225,0.4660419523715973,,,,,0,,,1.0,0.0,0.7592914919855112
2024,RB,3,Blake Corum,frozen_prospect,LA,3.0,83,7.710738968346922,81.76943699731903,,,78,284,0.2114465236663818,,,,,0,,,1.0,0.0,-0.2302093834070833
2024,RB,4,MarShawn Lloyd,frozen_prospect,GB,3.0,88,7.578291900634623,80.42895442359249,,,84,303,0.1450955271720886,,,,,0,,,1.0,0.0,-0.1741100019557544
2024,RB,5,Bucky Irving,frozen_prospect,TB,4.0,125,6.160161932999548,70.24128686327077,,,125,458,0.1520161926746368,,,,,0,,,1.0,0.0,-0.2471507289280916
2024,RB,6,Jaylen Wright,frozen_prospect,MIA,4.0,120,6.106890675658471,69.97319034852548,,,127,461,0.1316508203744888,,,,,0,,,1.0,0.0,-0.0140535334895668
2024,RB,7,Audric Estime,frozen_prospect,DEN,5.0,147,4.879880696045345,61.3941018766756,,,164,605,0.0549681223928928,,,,,0,,,1.0,0.0,-1.2602133523451609
2024,RB,8,Ray Davis,frozen_prospect,BUF,4.0,128,4.518375475292728,57.10455764075068,,,184,674,0.0478582493960857,,,,,0,,,1.0,0.0,0.1709149358143777
2024,RB,9,Will Shipley,frozen_prospect,PHI,4.0,127,4.1171946544940745,51.7426273458445,,,207,754,0.0918675288558006,,,,,0,,,1.0,0.0,-0.0486797213937935
2024,RB,10,Isaac Guerendo,frozen_prospect,SF,4.0,129,3.958311184968224,48.525469168900806,,,222,809,0.0340804383158683,,,,,0,,,1.0,0.0,-0.0514564251950044
2024,RB,11,Braelon Allen,frozen_prospect,NYJ,4.0,134,3.945763695395299,48.257372654155496,,,224,814,0.0549968257546424,,,,,0,,,1.0,0.0,-0.969609880002828
2024,RB,12,Keilan Robinson,frozen_prospect,JAX,5.0,167,3.369240716965081,39.67828418230563,,,263,947,0.0357344448566436,,,,,0,,,1.0,0.0,-0.140552376530243
2024,RB,13,Tyrone Tracy,frozen_prospect,NYG,5.0,166,2.879084632623257,34.04825737265416,,,287,1028,0.0354923643171787,,,,,0,,,1.0,0.0,0.1547490816336969
2024,RB,14,Rasheen Ali,frozen_prospect,BAL,5.0,165,2.741297733895091,31.099195710455763,,,300,1071,0.064888596534729,,,,,0,,,1.0,0.0,0.7267711473483747
2024,RB,15,Dylan Laube,frozen_prospect,LV,6.0,208,2.5591028716894555,28.686327077747997,,,312,1111,0.0326266437768936,,,,,0,,,0.0,0.0,-0.1137798683393844
2024,RB,16,Jawhar Jordan,frozen_prospect,HOU,6.0,205,2.4402322116924857,26.80965147453083,,,320,1140,0.0713955983519554,,,,,0,,,1.0,0.0,-0.0683565490941768
2024,RB,17,Kimani Vidal,frozen_prospect,LAC,6.0,181,2.402084601203049,26.80965147453083,,,320,1140,0.0304859727621078,,,,,0,,,1.0,0.0,-0.3101908478716728
2024,RB,18,Jase McClellan,frozen_prospect,ATL,6.0,186,0.7405910655759647,6.166219839142091,,,404,1450,0.0472293235361576,,,,,0,,,1.0,0.0,-0.6268731945533474
2024,RB,19,Isaiah Davis,frozen_prospect,NYJ,5.0,173,0.6849964070268311,5.630026809651475,,,408,1459,0.0176672898232936,,,,,0,,,1.0,0.0,2.377129276410604
2024,WR,1,Marvin Harrison,frozen_prospect,ARI,1.0,4,12.193560551970773,98.09523809523807,,,12,32,0.6488704085350037,,,,,0,,,1.0,0.0,2.593022067194441
2024,WR,2,Malik Nabers,frozen_prospect,NYG,1.0,6,11.79073366096438,97.52380952380952,,,16,43,0.6569235920906067,,,,,0,,,1.0,0.0,1.939899070500644
2024,WR,3,Xavier Worthy,frozen_prospect,KC,1.0,28,11.679776757202887,97.14285714285714,,,19,49,0.6484211683273315,,,,,0,,,1.0,0.0,0.5579443975644058
2024,WR,4,Rome Odunze,frozen_prospect,CHI,1.0,9,11.18907840511204,96.38095238095238,,,24,62,0.472349613904953,,,,,0,,,1.0,0.0,1.3251522553616577
2024,WR,5,Brian Thomas,frozen_prospect,JAX,1.0,23,10.900237761354552,94.85714285714286,,,33,86,0.712899923324585,,,,,0,,,1.0,0.0,0.8972985867004075
2024,WR,6,Xavier Legette,frozen_prospect,CAR,1.0,32,8.436081699929977,84.57142857142857,,,96,245,0.1067368611693382,,,,,0,,,1.0,0.0,0.796750176268771
2024,WR,7,Ladd McConkey,frozen_prospect,LAC,2.0,34,7.80800847989196,80.38095238095238,,,120,306,0.1627336293458938,,,,,0,,,1.0,0.0,0.5881557708516469
2024,WR,8,Ricky Pearsall,frozen_prospect,SF,1.0,31,7.714264141406559,79.23809523809524,,,127,322,0.1253107488155365,,,,,0,,,1.0,0.0,0.9603721300937158
2024,WR,9,Keon Coleman,frozen_prospect,BUF,2.0,33,7.516633018332333,78.85714285714286,,,130,328,0.1734130680561065,,,,,0,,,1.0,0.0,0.2855197306925676
2024,WR,10,Malachi Corley,frozen_prospect,NYJ,3.0,65,7.223660413665462,77.33333333333333,,,142,352,0.2724120020866394,,,,,0,,,1.0,0.0,0.2170408426493484
2024,WR,11,Adonai Mitchell,frozen_prospect,IND,2.0,52,6.3736724584833935,71.80952380952381,,,174,432,0.1139068603515625,,,,,0,,,1.0,0.0,0.3115588549641619
2024,WR,12,Jacob Cowing,frozen_prospect,SF,4.0,135,5.998173062224888,69.71428571428572,,,188,468,0.1714180558919906,,,,,0,,,1.0,0.0,-1.1731360263379371
2024,WR,13,Ja'Lynn Polk,frozen_prospect,NE,2.0,37,5.6801641871748725,67.04761904761905,,,204,511,0.1280847191810608,,,,,0,,,1.0,0.0,0.6996442946675523
2024,WR,14,Jermaine Burton,frozen_prospect,CIN,3.0,80,5.356739304721887,64.38095238095238,,,222,553,0.0834827050566673,,,,,0,,,1.0,0.0,-0.7174680398219828
2024,WR,15,Roman Wilson,frozen_prospect,PIT,3.0,84,5.272874828431374,63.61904761904762,,,227,565,0.0711606740951538,,,,,0,,,1.0,0.0,-0.3378149392477256
2024,WR,16,Jalen McMillan,frozen_prospect,TB,3.0,92,5.224172282204551,63.23809523809524,,,230,572,0.1166523322463035,,,,,0,,,1.0,0.0,-0.6476981866575273
2024,WR,17,Luke McCaffrey,frozen_prospect,WAS,3.0,100,4.776556708683473,60.57142857142858,,,251,621,0.0828910171985626,,,,,0,,,1.0,0.0,-0.4984792892369896
2024,WR,18,Troy Franklin,frozen_prospect,DEN,4.0,102,4.629222487161531,59.80952380952381,,,256,631,0.0969933345913887,,,,,0,,,1.0,0.0,-1.619150931968102
2024,WR,19,Javon Baker,frozen_prospect,NE,4.0,110,3.736442280578904,51.61904761904762,,,308,759,0.0353310480713844,,,,,0,,,1.0,0.0,-0.2567736695748035
2024,WR,20,Anthony Gould,frozen_prospect,IND,5.0,142,3.58537599114646,50.47619047619048,,,316,775,0.0151766287162899,,,,,0,,,1.0,0.0,-0.3118496534213673
2024,WR,21,Devontez Walker,frozen_prospect,BAL,4.0,113,3.2293222769107635,43.238095238095234,,,357,886,0.0614163726568222,,,,,0,,,1.0,0.0,0.2773903935856774
2024,WR,22,Jamari Thrash,frozen_prospect,CLE,5.0,156,3.1489865299869955,42.095238095238095,,,366,905,0.0260890573263168,,,,,0,,,1.0,0.0,0.0219303416397833
2024,WR,23,Ainias Smith,frozen_prospect,PHI,5.0,152,2.510651739320729,31.428571428571427,,,428,1064,0.039736833423376,,,,,0,,,1.0,0.0,-0.3546763728948772
2024,WR,24,Bub Means,frozen_prospect,NO,5.0,170,2.114784733018208,25.52380952380953,,,467,1163,0.026528276503086,,,,,0,,,1.0,0.0,-0.8664384545930872
2024,WR,25,Johnny Wilson,frozen_prospect,PHI,6.0,185,1.77262543967587,18.857142857142858,,,505,1259,0.0237369127571582,,,,,0,,,1.0,0.0,-1.217215898977801
2024,WR,26,Malik Washington,frozen_prospect,MIA,6.0,184,1.6522894373999604,17.142857142857142,,,515,1287,0.0199417062103748,,,,,0,,,1.0,0.0,-1.1991259922676845
2024,WR,27,Devaughn Vele,frozen_prospect,DEN,7.0,235,1.4380096719937965,13.523809523809524,,,538,1339,0.0219296272844076,,,,,0,,,1.0,0.0,-1.0211946226250683
2024,WR,28,Cornelius Johnson,frozen_prospect,LAC,7.0,253,1.4191698261804713,12.95238095238095,,,542,1347,0.0230887848883867,,,,,0,,,1.0,0.0,-0.8643785630344851
2024,WR,29,Ryan Flournoy,frozen_prospect,DAL,6.0,216,1.3960004150675418,12.761904761904765,,,544,1351,0.0286248940974473,,,,,0,,,0.0,0.0,-0.2573648103586325
2024,WR,30,Jha'Quan Jackson,frozen_prospect,TEN,6.0,182,1.3264978161264502,10.666666666666668,,,558,1383,0.0404442735016346,,,,,0,,,1.0,0.0,0.3629469392645372
2024,WR,31,Brenden Rice,frozen_prospect,LAC,7.0,225,1.2590855907362952,7.809523809523809,,,577,1425,0.041198194026947,,,,,0,,,1.0,0.0,-1.8625817020135509
2024,WR,32,Jordan Whittington,frozen_prospect,LA,6.0,213,0.9786728396358544,3.428571428571429,,,604,1496,0.023635845631361,,,,,0,,,1.0,0.0,-0.4616466350223307
2024,WR,33,Tejhaun Palmer,frozen_prospect,ATL,6.0,191,0.7539581123699485,1.3333333333333337,,,618,1530,0.0496889799833297,,,,,0,,,1.0,0.0,1.1983895194817116
2024,WR,34,Casey Washington,frozen_prospect,ATL,6.0,187,0.722951338285314,0.1904761904761904,,,625,1548,0.0391028113663196,,,,,0,,,1.0,0.0,0.9813101570696556
2024,WR,35,Tahj Washington,frozen_prospect,ATL,7.0,241,0.58243775097539,0.0,,,627,1550,0.0236282795667648,,,,,0,,,1.0,0.0,0.0981505031635698
2024,TE,1,Brock Bowers,frozen_prospect,LV,1.0,13,8.375988362178202,96.1206896551724,,,11,66,0.3451785445213318,,,,,0,,,1.0,0.0,1.6202011239552498
2024,TE,2,Ben Sinnott,frozen_prospect,WAS,2.0,53,6.188396042422799,85.77586206896551,,,40,227,0.4785485565662384,,,,,0,,,1.0,0.0,-0.5344976868275961
2024,TE,3,Tip Reiman,frozen_prospect,ARI,3.0,82,4.0212208049898255,67.67241379310344,,,90,499,0.189381256699562,,,,,0,,,1.0,0.0,0.5335662884905936
2024,TE,4,Ja'Tavion Sanders,frozen_prospect,CAR,4.0,101,3.866056987670357,66.8103448275862,,,94,517,0.1556882411241531,,,,,0,,,1.0,0.0,-0.1563233807336868
2024,TE,5,Cade Stover,frozen_prospect,HOU,4.0,123,3.6481168056441673,62.93103448275862,,,105,578,0.1075211763381958,,,,,0,,,1.0,0.0,-1.027714852686295
2024,TE,6,Theo Johnson,frozen_prospect,NYG,4.0,107,3.202940810549744,53.44827586206896,,,131,729,0.0449179261922836,,,,,0,,,1.0,0.0,0.1558764225836908
2024,TE,7,AJ Barner,frozen_prospect,SEA,4.0,121,3.0379445513050816,50.43103448275862,,,139,777,0.0486226342618465,,,,,0,,,1.0,0.0,0.1179791792590485
2024,TE,8,Jared Wiley,frozen_prospect,KC,4.0,131,2.907883133158856,48.706896551724135,,,146,806,0.042495135217905,,,,,0,,,1.0,0.0,-0.6155771696685219
2024,TE,9,Erick All,frozen_prospect,CIN,4.0,115,2.5257047599844125,40.51724137931034,,,169,930,0.040564477443695,,,,,0,,,1.0,0.0,-0.3683959263585308
2024,TE,10,Tanner McLachlan,frozen_prospect,CIN,6.0,194,1.9010527535705437,31.03448275862069,,,193,1074,0.1182410195469856,,,,,0,,,1.0,0.0,-0.5297570135803351
2024,TE,11,Jaheim Bell,frozen_prospect,NE,7.0,231,0.4397002957231843,3.0172413793103448,,,271,1502,0.0309156570583581,,,,,0,,,1.0,0.0,-0.4521235021608243
2024,TE,12,Devin Culp,frozen_prospect,TB,7.0,246,0.389968308404947,1.7241379310344829,,,275,1521,0.037575289607048,,,,,0,,,1.0,0.0,-0.3604425856350701
2025,QB,1,Cam Ward,frozen_prospect,TEN,1.0,1,15.227762262709264,93.75,,,15,104,0.52110535,,,,,0,,,1.0,0.0,3.784806795167566
2025,QB,2,Jaxson Dart,frozen_prospect,NYG,1.0,25,8.875396862416672,75.0,,,54,385,0.30108956,,,,,0,,,1.0,0.0,0.4868705188111764
2025,QB,3,Tyler Shough,frozen_prospect,NOR,2.0,40,7.426820357715169,73.29545454545455,,,58,408,0.17978016,,,,,0,,,1.0,0.0,1.6028843947884872
2025,QB,4,Jalen Milroe,frozen_prospect,SEA,3.0,92,5.586481452746393,71.5909090909091,,,63,435,0.105208516,,,,,0,,,1.0,0.0,0.3503041591975941
2025,QB,5,Dillon Gabriel,frozen_prospect,CLE,3.0,94,5.3319677837805495,70.45454545454545,,,66,454,0.13468665,,,,,0,,,1.0,0.0,1.1195932703603804
2025,QB,6,Graham Mertz,frozen_prospect,HOU,6.0,197,5.095014334308552,69.88636363636364,,,68,465,0.08416292,,,,,0,,,1.0,0.0,-0.5484382243500141
2025,QB,7,Shedeur Sanders,frozen_prospect,CLE,5.0,144,4.137089950320523,65.3409090909091,,,77,538,0.047151636,,,,,0,,,1.0,0.0,-0.6698462077922933
2025,QB,8,Will Howard,frozen_prospect,PIT,6.0,185,3.621076788181328,62.5,,,84,583,0.09292024,,,,,0,,,1.0,0.0,-1.5216313216879265
2025,QB,9,Kyle McCord,frozen_prospect,PHI,6.0,181,1.8162904771421384,39.77272727272727,,,129,944,0.066406325,,,,,0,,,1.0,0.0,-1.987658930698399
2025,QB,10,Tommy Mellott,frozen_prospect,LVR,6.0,213,1.285163491141489,29.545454545454547,,,151,1095,0.05005873,,,,,0,,,0.0,0.0,-0.126956107632056
2025,QB,11,Cam Miller,frozen_prospect,LVR,6.0,215,1.243816280006118,28.40909090909091,,,154,1116,0.05005873,,,,,0,,,0.0,0.0,-0.0699860854278577
2025,QB,12,Kurtis Rourke,frozen_prospect,SFO,7.0,227,1.1499789441653778,25.0,,,162,1170,0.086064406,,,,,0,,,1.0,0.0,-1.3021913548159008
2025,QB,13,Riley Leonard,frozen_prospect,IND,6.0,189,0.9764044596760006,18.75,,,174,1262,0.11826091,,,,,0,,,1.0,0.0,-1.3776254971175903
2025,QB,14,Quinn Ewers,frozen_prospect,MIA,7.0,231,0.7000913429428676,6.8181818181818175,,,197,1441,0.0499719,,,,,0,,,1.0,0.0,-2.455674322514196
2025,RB,1,Ashton Jeanty,frozen_prospect,LVR,1.0,6,14.198655685607903,99.46380697050938,,,4,10,0.7356364,,,,,0,,,1.0,0.0,2.2936335174334865
2025,RB,2,Omarion Hampton,frozen_prospect,LAC,1.0,22,12.398800841844215,97.0509383378016,,,14,51,0.7055811,,,,,0,,,1.0,0.0,1.130934696412588
2025,RB,3,TreVeyon Henderson,frozen_prospect,NWE,2.0,38,10.741024693335724,93.8337801608579,,,28,102,0.5690015,,,,,0,,,1.0,0.0,0.5359898618726842
2025,RB,4,Quinshon Judkins,frozen_prospect,CLE,2.0,36,10.670418180891922,93.02949061662198,,,32,117,0.5432904,,,,,0,,,1.0,0.0,1.5660167647458625
2025,RB,5,RJ Harvey,frozen_prospect,DEN,2.0,60,9.686323408312216,90.6166219839142,,,42,154,0.39632985,,,,,0,,,1.0,0.0,1.028227820167305
2025,RB,6,Kaleb Johnson,frozen_prospect,PIT,3.0,83,7.582721819695914,80.42895442359249,,,84,303,0.22359931,,,,,0,,,1.0,0.0,-0.9181919488455144
2025,RB,7,Cam Skattebo,frozen_prospect,NYG,4.0,105,5.765909997391834,68.63270777479893,,,133,484,0.42050332,,,,,0,,,1.0,0.0,-0.5688585299878861
2025,RB,8,Bhayshul Tuten,frozen_prospect,JAX,4.0,104,5.606774348106744,67.29222520107238,,,139,506,0.08345909,,,,,0,,,1.0,0.0,0.2729021925712072
2025,RB,9,Trevor Etienne,frozen_prospect,CAR,4.0,114,5.555912067754464,67.29222520107238,,,139,506,0.065973766,,,,,0,,,1.0,0.0,0.3634126594879419
2025,RB,10,Jarquez Hunter,frozen_prospect,LAR,4.0,117,5.415897163929122,66.48793565683646,,,144,521,0.14018248,,,,,0,,,1.0,0.0,-0.0901039187664203
2025,RB,11,DJ Giddens,frozen_prospect,IND,5.0,151,4.812116905762735,60.58981233243968,,,168,619,0.14460012,,,,,0,,,1.0,0.0,-0.5399929235519281
2025,RB,12,Brashard Smith,frozen_prospect,KAN,7.0,228,4.394396491310857,55.76407506702413,,,190,695,0.21236129,,,,,0,,,1.0,0.0,-0.3088091283811147
2025,RB,13,Dylan Sampson,frozen_prospect,CLE,4.0,126,4.162785517910595,52.01072386058981,,,205,750,0.040321898,,,,,0,,,1.0,0.0,-0.19143144500761
2025,RB,14,Jaydon Blue,frozen_prospect,DAL,5.0,149,4.027662786014826,49.32975871313673,,,218,796,0.069637515,,,,,0,,,1.0,0.0,0.2686831912335528
2025,RB,15,Woody Marks,frozen_prospect,HOU,4.0,116,3.908285117542705,47.72117962466488,,,227,822,0.08208841,,,,,0,,,1.0,0.0,0.6078918769924693
2025,RB,16,Ollie Gordon,frozen_prospect,MIA,6.0,179,3.87293917089893,47.45308310991957,,,229,825,0.102320366,,,,,0,,,1.0,0.0,-0.2089824540213056
2025,RB,17,Jordan James,frozen_prospect,SFO,5.0,147,3.8235637879937903,46.91689008042895,,,232,835,0.045845453,,,,,0,,,1.0,0.0,0.17835413626978
2025,RB,18,Devin Neal,frozen_prospect,NOR,6.0,184,3.7481415951191472,45.30831099195711,,,239,858,0.114407115,,,,,0,,,1.0,0.0,-0.3846658639774079
2025,RB,19,Damien Martinez,frozen_prospect,SEA,7.0,223,3.5081741097231984,41.28686327077748,,,255,919,0.14244048,,,,,0,,,1.0,0.0,0.211376990989148
2025,RB,20,Tahj Brooks,frozen_prospect,CIN,6.0,193,2.627012506070865,29.75871313672922,,,306,1091,0.047783785,,,,,0,,,1.0,0.0,-0.2779963253680808
2025,RB,21,Kalel Mullings,frozen_prospect,TEN,6.0,188,2.590321113526758,29.2225201072386,,,309,1103,0.049722854,,,,,0,,,1.0,0.0,-0.1125124468173446
2025,RB,22,Kyle Monangai,frozen_prospect,CHI,7.0,233,1.8149238964251169,18.49865951742628,,,354,1267,0.02112474,,,,,0,,,1.0,0.0,-0.4136291552182847
2025,RB,23,Jacory Croskey-Merritt,frozen_prospect,WAS,7.0,245,1.7197843912890476,17.158176943699733,,,360,1285,0.020709265,,,,,0,,,1.0,0.0,-0.3718926830733107
2025,RB,24,LeQuint Allen,frozen_prospect,JAX,7.0,236,1.388719345200261,12.332439678284182,,,380,1358,0.1160046,,,,,0,,,1.0,0.0,-0.2800032397681606
2025,RB,25,Phil Mafah,frozen_prospect,DAL,7.0,239,0.7101731685575867,5.898123324396782,,,406,1455,0.017842503,,,,,0,,,1.0,0.0,-0.3001962456620033
2025,WR,1,Travis Hunter,frozen_prospect,JAX,1.0,2,12.825028477390957,98.85714285714286,,,7,20,0.76975596,,,,,0,,,1.0,0.0,4.031335830474905
2025,WR,2,Tetairoa McMillan,frozen_prospect,CAR,1.0,8,10.694696256252492,94.47619047619048,,,36,91,0.4653468,,,,,0,,,1.0,0.0,2.1998468768364385
2025,WR,3,Matthew Golden,frozen_prospect,GNB,1.0,23,10.21923117496999,93.33333333333331,,,44,110,0.25322956,,,,,0,,,1.0,0.0,1.6807427637769772
2025,WR,4,Luther Burden,frozen_prospect,CHI,2.0,39,8.805465106542622,86.28571428571429,,,84,216,0.370927,,,,,0,,,1.0,0.0,0.8008755013322002
2025,WR,5,Emeka Egbuka,frozen_prospect,TAM,1.0,19,8.721990136054428,85.90476190476191,,,88,222,0.30163196,,,,,0,,,1.0,0.0,0.8971377585184235
2025,WR,6,Tre Harris,frozen_prospect,LAC,2.0,55,7.941531991046424,81.33333333333333,,,114,290,0.30315188,,,,,0,,,1.0,0.0,0.5780460483855494
2025,WR,7,Kyle Williams,frozen_prospect,NWE,3.0,69,7.622676454581829,78.85714285714286,,,130,328,0.30329987,,,,,0,,,1.0,0.0,0.6789281789600254
2025,WR,8,Jayden Higgins,frozen_prospect,HOU,2.0,34,7.184912574779917,77.14285714285715,,,144,357,0.39724836,,,,,0,,,1.0,0.0,1.1787073729633697
2025,WR,9,Jack Bech,frozen_prospect,LVR,2.0,58,6.5556605186658015,72.76190476190476,,,168,417,0.1415581,,,,,0,,,1.0,0.0,1.18450050513147
2025,WR,10,Pat Bryant,frozen_prospect,DEN,3.0,74,6.226603510404167,70.85714285714285,,,180,447,0.16251701,,,,,0,,,1.0,0.0,0.945549025411882
2025,WR,11,Jaylin Noel,frozen_prospect,HOU,3.0,79,6.103470229216687,69.9047619047619,,,186,463,0.24935624,,,,,0,,,1.0,0.0,0.5112495656091323
2025,WR,12,Isaac TeSlaa,frozen_prospect,DET,3.0,70,4.947292410964386,61.90476190476191,,,240,598,0.17879988,,,,,0,,,1.0,0.0,1.4268850532872932
2025,WR,13,Tory Horton,frozen_prospect,SEA,5.0,166,4.826903100115047,61.142857142857146,,,246,610,0.04694339,,,,,0,,,1.0,0.0,-0.0324290239023064
2025,WR,14,Tai Felton,frozen_prospect,MIN,3.0,102,4.801731898050886,60.95238095238096,,,248,613,0.035213478,,,,,0,,,1.0,0.0,0.3631977301400289
2025,WR,15,Dont'e Thornton,frozen_prospect,LVR,4.0,108,4.5875430072028855,59.80952380952381,,,256,631,0.028485429,,,,,0,,,1.0,0.0,0.2442771372117445
2025,WR,16,Jalen Royals,frozen_prospect,KAN,4.0,133,4.57230576055422,59.80952380952381,,,256,631,0.04266418,,,,,0,,,1.0,0.0,0.4877864488539174
2025,WR,17,Elic Ayomanor,frozen_prospect,TEN,4.0,136,3.942121104691873,54.85714285714286,,,289,709,0.13841248,,,,,0,,,1.0,0.0,0.7880980219470324
2025,WR,18,Arian Smith,frozen_prospect,NYJ,4.0,110,3.5095891939275727,48.76190476190476,,,326,804,0.02601527,,,,,0,,,1.0,0.0,-0.271144873782327
2025,WR,19,Savion Williams,frozen_prospect,GNB,3.0,87,3.3671416431572605,45.71428571428572,,,343,851,0.04111033,,,,,0,,,1.0,0.0,-0.1103677816658184
2025,WR,20,Chimere Dike,frozen_prospect,TEN,4.0,103,3.165922305672268,42.85714285714285,,,360,893,0.058447495,,,,,0,,,1.0,0.0,0.4448511973124223
2025,WR,21,Jaylin Lane,frozen_prospect,WAS,4.0,128,2.355125596613643,29.52380952380953,,,440,1097,0.037105713,,,,,0,,,1.0,0.0,0.9716081801207954
2025,WR,22,LaJohntay Wester,frozen_prospect,BAL,6.0,203,2.286727022934172,28.19047619047619,,,448,1119,0.041982435,,,,,0,,,1.0,0.0,-0.3819033335614685
2025,WR,23,KeAndre Lambert-Smith,frozen_prospect,LAC,5.0,158,2.151692737469989,25.9047619047619,,,462,1154,0.037866153,,,,,0,,,1.0,0.0,0.3676492510900777
2025,WR,24,Ricky White,frozen_prospect,SEA,7.0,238,2.146844999082965,25.9047619047619,,,462,1154,0.0752475,,,,,0,,,1.0,0.0,-0.642548470510488
2025,WR,25,Jordan Watkins,frozen_prospect,SFO,4.0,138,1.9079644746648656,21.714285714285715,,,489,1218,0.023617418,,,,,0,,,1.0,0.0,-0.4210517950674353
2025,WR,26,Tez Johnson,frozen_prospect,TAM,7.0,235,1.6596153185024014,17.142857142857142,,,515,1287,0.027882421,,,,,0,,,1.0,0.0,-1.0360499369389364
2025,WR,27,Jimmy Horn,frozen_prospect,CAR,6.0,208,1.3020361839735892,9.333333333333334,,,567,1404,0.04518243,,,,,0,,,1.0,0.0,0.3936816819725379
2025,WR,28,Konata Mumpfield,frozen_prospect,LAR,7.0,242,1.0961128677304262,4.190476190476191,,,598,1484,0.07886412,,,,,0,,,1.0,0.0,0.0395907619150133
2025,WR,29,Dominic Lovett,frozen_prospect,DET,7.0,244,1.0520804317977202,3.8095238095238098,,,601,1490,0.029247127,,,,,0,,,1.0,0.0,-0.5394973370770577
2025,WR,30,Kaden Prather,frozen_prospect,BUF,7.0,240,0.8811553108743501,2.4761904761904763,,,610,1510,0.020680664,,,,,0,,,1.0,0.0,0.0856778134100313
2025,WR,31,Junior Bergen,frozen_prospect,SFO,7.0,252,0.8354259518390692,1.9047619047619049,,,614,1518,0.028624894,,,,,0,,,0.0,0.0,-0.2609929043729027
2025,TE,1,Tyler Warren,frozen_prospect,IND,1.0,14,8.801870597513473,98.70689655172411,,,4,22,0.5451454,,,,,0,,,1.0,0.0,1.3574038736100524
2025,TE,2,Colston Loveland,frozen_prospect,CHI,1.0,10,8.406849365389514,96.1206896551724,,,11,66,0.536196,,,,,0,,,1.0,0.0,1.806458233247259
2025,TE,3,Mason Taylor,frozen_prospect,NYJ,2.0,42,7.45709452673727,91.3793103448276,,,25,144,0.4912205,,,,,0,,,1.0,0.0,0.9974933912554724
2025,TE,4,Harold Fannin,frozen_prospect,CLE,3.0,67,6.233762871990292,85.77586206896551,,,40,227,0.41908875,,,,,0,,,1.0,0.0,-0.8927818933451142
2025,TE,5,Terrance Ferguson,frozen_prospect,LAR,2.0,46,5.882278577629769,84.91379310344827,,,44,240,0.26814148,,,,,0,,,1.0,0.0,0.5028550959775551
2025,TE,6,Elijah Arroyo,frozen_prospect,SEA,2.0,50,4.920891724035767,78.01724137931035,,,62,341,0.2630886,,,,,0,,,1.0,0.0,1.0345335010703205
2025,TE,7,Oronde Gadsden II,frozen_prospect,LAC,5.0,165,3.662968199364828,63.36206896551724,,,103,569,0.09362026,,,,,0,,,1.0,0.0,-1.3205862331939833
2025,TE,8,Gunnar Helm,frozen_prospect,TEN,4.0,120,2.5812458477050475,42.672413793103445,,,162,896,0.06722506,,,,,0,,,1.0,0.0,-0.1365997189682142
2025,TE,9,Jackson Hawes,frozen_prospect,BUF,5.0,173,1.833800617148083,29.310344827586203,,,199,1101,0.04136502,,,,,0,,,1.0,0.0,-0.1964616600167792
2025,TE,10,Mitchell Evans,frozen_prospect,CAR,5.0,163,1.5959765312441994,25.0,,,211,1170,0.025042599,,,,,0,,,1.0,0.0,-0.1804289315669729
2025,TE,11,Gavin Bartholomew,frozen_prospect,MIN,6.0,202,1.4471255279827553,21.98275862068965,,,219,1214,0.03277857,,,,,0,,,1.0,0.0,-0.2113963169849233
2025,TE,12,Robbie Ouzts,frozen_prospect,SEA,5.0,175,1.2887128191719583,20.25862068965517,,,225,1239,0.019367324,,,,,0,,,1.0,0.0,0.1859033442502564
2025,TE,13,Moliki Matavao,frozen_prospect,NOR,7.0,248,0.5948958597570729,9.482758620689657,,,252,1401,0.04319144,,,,,0,,,1.0,0.0,-0.8446605515579222
2025,TE,14,Thomas Fidone,frozen_prospect,NYG,7.0,219,0.4517539106015366,4.310344827586207,,,267,1481,0.060167585,,,,,0,,,1.0,0.0,-0.7833496593415532
2025,TE,15,Luke Lachey,frozen_prospect,HOU,7.0,255,0.3812216178965756,1.7241379310344829,,,275,1521,0.030152341,,,,,0,,,1.0,0.0,-0.1925102877246676
2025,TE,16,Caleb Lohner,frozen_prospect,DEN,7.0,241,0.3807698623773515,1.7241379310344829,,,275,1521,0.031442124,,,,,0,,,1.0,0.0,-0.4685800284297174
2026,QB,1,Fernando Mendoza,frozen_prospect,LVR,1.0,1,16.078387867038995,97.72727272727272,,,5,37,0.4858231842517853,,,,,0,,,1.0,0.0,1.1205299999117333
2026,QB,2,Ty Simpson,frozen_prospect,LAR,1.0,13,13.029138068869283,89.20454545454545,,,27,175,0.4321836233139038,,,,,0,,,1.0,0.0,-0.5703349192736467
2026,QB,3,Carson Beck,frozen_prospect,ARI,3.0,65,6.628983107822465,73.29545454545455,,,58,408,0.0589385516941547,,,,,0,,,1.0,0.0,0.560031103215251
2026,QB,4,Drew Allar,frozen_prospect,PIT,3.0,76,3.7983204807937145,63.06818181818182,,,82,574,0.100314624607563,,,,,0,,,1.0,0.0,-1.5814536457282171
2026,QB,5,Cade Klubnik,frozen_prospect,NYJ,4.0,110,2.431670815460159,54.54545454545454,,,100,714,0.1223677918314933,,,,,0,,,1.0,0.0,-1.1513317268250476
2026,QB,6,Garrett Nussmeier,frozen_prospect,KAN,7.0,249,2.171524319637929,49.43181818181818,,,110,793,0.0513334050774574,,,,,0,,,1.0,0.0,-2.119475924087126
2026,QB,7,Taylen Green,frozen_prospect,CLE,6.0,182,1.8476005965705269,39.77272727272727,,,129,944,0.1100491136312484,,,,,0,,,1.0,0.0,-3.3203944968420216
2026,QB,8,Athan Kaliakmanis,frozen_prospect,WAS,7.0,223,1.467641871581196,34.090909090909086,,,141,1025,0.0635128319263458,,,,,0,,,1.0,0.0,-1.0476512405177312
2026,QB,9,Cole Payton,frozen_prospect,PHI,5.0,178,1.1618229532545394,25.568181818181817,,,160,1161,0.0500587299466133,,,,,0,,,0.0,0.0,-0.5561570427679161
2026,QB,10,Behren Morton,frozen_prospect,NWE,7.0,234,0.6617588760309832,5.113636363636364,,,201,1468,0.0464363731443882,,,,,0,,,1.0,0.0,-0.9050613604798086
2026,RB,1,Jeremiyah Love,frozen_prospect,ARI,1.0,3,16.055744652459907,100.0,,,1,1,0.5895364880561829,,,,,0,,,1.0,0.0,1.9894954158977287
2026,RB,2,Jadarian Price,frozen_prospect,SEA,1.0,32,12.184896460151638,96.7828418230563,,,16,55,0.2551852166652679,,,,,0,,,1.0,0.0,1.6667279389341831
2026,RB,3,Kaelon Black,frozen_prospect,SFO,3.0,90,6.409410417692221,71.84986595174263,,,118,430,0.1336853057146072,,,,,0,,,1.0,0.0,0.7220071743254151
2026,RB,4,Eli Heidenreich,frozen_prospect,PIT,7.0,230,4.766462086744459,59.78552278820375,,,172,636,0.13900887966156,,,,,0,,,1.0,0.0,-1.3226058404888272
2026,RB,5,Mike Washington Jr.,frozen_prospect,LVR,4.0,122,4.532991907294855,57.37265415549599,,,182,668,0.0288272630423307,,,,,0,,,1.0,0.0,0.3217745368479052
2026,RB,6,Jonah Coleman,frozen_prospect,DEN,4.0,108,4.114206373471666,51.7426273458445,,,207,754,0.1033262833952903,,,,,0,,,1.0,0.0,0.0428165365164954
2026,RB,7,Emmett Johnson,frozen_prospect,KAN,5.0,161,3.431561093491017,40.48257372654155,,,259,932,0.0480498597025871,,,,,0,,,1.0,0.0,-0.5462537332012927
2026,RB,8,Demond Claiborne,frozen_prospect,MIN,6.0,198,2.995577286247344,36.193029490616624,,,277,995,0.0368047766387462,,,,,0,,,1.0,0.0,-0.5014008286743366
2026,RB,9,Adam Randall,frozen_prospect,BAL,5.0,174,2.9338903477650438,34.852546916890084,,,283,1015,0.0411865077912807,,,,,0,,,1.0,0.0,0.1145210007759622
2026,RB,10,Nicholas Singleton,frozen_prospect,TEN,5.0,165,2.7933267426359487,32.975871313672926,,,292,1042,0.0389265641570091,,,,,0,,,1.0,0.0,-0.6910917586677217
2026,RB,11,Kaytron Allen,frozen_prospect,WAS,6.0,187,1.863826677397292,19.571045576407503,,,349,1249,0.022278431802988,,,,,0,,,1.0,0.0,-0.8732728495621966
2026,RB,12,Seth McGowan,frozen_prospect,IND,7.0,237,1.6407759509443278,16.890080428954423,,,362,1292,0.0613901987671852,,,,,0,,,1.0,0.0,-0.7922354631268842
2026,RB,13,Jam Miller,frozen_prospect,NWE,7.0,245,0.5676106526524607,4.557640750670242,,,413,1477,0.0225462187081575,,,,,0,,,1.0,0.0,-0.5000508015513407
2026,WR,1,Carnell Tate,frozen_prospect,TEN,1.0,4,10.396023701730696,94.0952380952381,,,39,98,0.5679136514663696,,,,,0,,,1.0,0.0,2.4313149037892225
2026,WR,2,Makai Lemon,frozen_prospect,PHI,1.0,20,10.264735414915965,93.33333333333331,,,44,110,0.5795919895172119,,,,,0,,,1.0,0.0,0.9161786334048196
2026,WR,3,KC Concepcion,frozen_prospect,CLE,1.0,24,9.917473993347349,91.8095238095238,,,54,137,0.6734994053840637,,,,,0,,,1.0,0.0,1.064641962652487
2026,WR,4,Denzel Boston,frozen_prospect,CLE,2.0,39,8.742896696928765,86.28571428571429,,,84,216,0.400825947523117,,,,,0,,,1.0,0.0,0.7029098576219042
2026,WR,5,De'Zhaun Stribling,frozen_prospect,SFO,2.0,33,7.555284829556821,78.85714285714286,,,130,328,0.148521214723587,,,,,0,,,1.0,0.0,1.8199351454025403
2026,WR,6,Jordyn Tyson,frozen_prospect,NOR,1.0,8,7.351202510004004,77.71428571428571,,,139,347,0.2917986512184143,,,,,0,,,1.0,0.0,2.1556648854031937
2026,WR,7,Omar Cooper Jr.,frozen_prospect,NYJ,1.0,30,5.960267758103249,69.14285714285714,,,192,477,0.0698685944080352,,,,,0,,,1.0,0.0,0.3417855919870716
2026,WR,8,Germie Bernard,frozen_prospect,PIT,2.0,47,5.660352908288315,66.85714285714286,,,206,515,0.072311982512474,,,,,0,,,1.0,0.0,0.44392548001679
2026,WR,9,Elijah Sarratt,frozen_prospect,BAL,4.0,115,5.434221705682271,64.95238095238095,,,217,544,0.146666020154953,,,,,0,,,1.0,0.0,-1.6321828396915623
2026,WR,10,Malachi Fields,frozen_prospect,NYG,3.0,74,5.400392316551621,64.95238095238095,,,217,544,0.0601765140891075,,,,,0,,,1.0,0.0,0.1342940741976583
2026,WR,11,Antonio Williams,frozen_prospect,WAS,3.0,71,5.087450011129453,62.47619047619048,,,235,586,0.092394083738327,,,,,0,,,1.0,0.0,0.4831385364879299
2026,WR,12,Caleb Douglas,frozen_prospect,MIA,3.0,75,4.990803552546019,62.095238095238095,,,238,591,0.0602826811373233,,,,,0,,,1.0,0.0,-0.0462108524026243
2026,WR,13,Ted Hurst,frozen_prospect,TAM,3.0,84,4.924652876150459,61.523809523809526,,,243,603,0.2257747650146484,,,,,0,,,1.0,0.0,0.7126772734525373
2026,WR,14,Chris Bell,frozen_prospect,MIA,3.0,94,4.660868620406493,59.80952380952381,,,256,631,0.0931193977594375,,,,,0,,,1.0,0.0,-0.5265480721744158
2026,WR,15,Brenen Thompson,frozen_prospect,LAC,4.0,105,4.1361262229892,56.38095238095238,,,278,684,0.0304117612540721,,,,,0,,,1.0,0.0,-0.2158707821414269
2026,WR,16,Chris Brazzell II,frozen_prospect,CAR,3.0,83,4.119425413400209,56.19047619047619,,,280,688,0.1873580813407898,,,,,0,,,1.0,0.0,0.0278125984344068
2026,WR,17,Ja'Kobi Lane,frozen_prospect,BAL,3.0,80,3.99235551770708,55.42857142857143,,,285,701,0.0623683519661426,,,,,0,,,1.0,0.0,-0.0172370930348382
2026,WR,18,Zachariah Branch,frozen_prospect,ATL,3.0,79,3.783675322378949,52.19047619047619,,,304,747,0.0837177634239196,,,,,0,,,1.0,0.0,-0.475709279790637
2026,WR,19,Reggie Virgil,frozen_prospect,ARI,5.0,143,3.6164644365246073,50.85714285714285,,,313,770,0.0252148918807506,,,,,0,,,1.0,0.0,-0.1653648159069014
2026,WR,20,Kendrick Law,frozen_prospect,DET,5.0,168,3.1763659176170465,42.85714285714285,,,360,893,0.0174341760575771,,,,,0,,,1.0,0.0,-0.1726893166040595
2026,WR,21,Bryce Lance,frozen_prospect,NOR,4.0,136,3.0266134433773506,40.76190476190476,,,374,926,0.0288796629756689,,,,,0,,,0.0,0.0,0.0640678415233724
2026,WR,22,Emmanuel Henderson Jr.,frozen_prospect,SEA,6.0,199,2.978181425320128,40.38095238095238,,,377,934,0.0225928593426942,,,,,0,,,1.0,0.0,-0.7190690614345652
2026,WR,23,Kevin Coleman Jr.,frozen_prospect,MIA,5.0,177,2.955727631677674,39.80952380952381,,,381,942,0.0492158345878124,,,,,0,,,1.0,0.0,-0.6732539082216791
2026,WR,24,Kaden Wetjen,frozen_prospect,PIT,4.0,121,2.863327910164068,38.095238095238095,,,391,968,0.0199064146727323,,,,,0,,,1.0,0.0,-0.7092706813543943
2026,WR,25,Skyler Bell,frozen_prospect,BUF,4.0,125,2.776019068127253,35.80952380952381,,,404,1000,0.0182853285223245,,,,,0,,,1.0,0.0,-0.7622288549497824
2026,WR,26,Zavion Thomas,frozen_prospect,CHI,3.0,89,2.509102265906362,31.428571428571427,,,428,1064,0.090075559914112,,,,,0,,,1.0,0.0,0.0602638314048622
2026,WR,27,Cyrus Allen,frozen_prospect,KAN,5.0,176,2.215292807706417,26.857142857142858,,,456,1138,0.0266568548977375,,,,,0,,,1.0,0.0,-0.4407430133115673
2026,WR,28,Colbie Young,frozen_prospect,CIN,4.0,140,2.1208277613545428,25.71428571428571,,,465,1159,0.0429901368916034,,,,,0,,,1.0,0.0,0.8763541990263155
2026,WR,29,Barion Brown,frozen_prospect,NOR,6.0,190,2.060712861519608,24.38095238095238,,,474,1182,0.0449112392961978,,,,,0,,,1.0,0.0,-0.5498668034679923
2026,WR,30,Josh Cameron,frozen_prospect,JAX,6.0,191,1.494856783338335,14.857142857142858,,,529,1319,0.030785571783781,,,,,0,,,1.0,0.0,-0.5644455116615248
2026,WR,31,Lewis Bond,frozen_prospect,HOU,6.0,204,1.449890933248299,13.904761904761903,,,535,1333,0.0318082273006439,,,,,0,,,1.0,0.0,0.6540563257510579
2026,WR,32,CJ Williams,frozen_prospect,JAX,6.0,203,1.3443847534013604,11.047619047619047,,,554,1375,0.0179843734949827,,,,,0,,,1.0,0.0,0.0785390544903936
2026,WR,33,Anthony Smith,frozen_prospect,DAL,7.0,218,1.3357829581415894,11.047619047619047,,,554,1375,0.0182197764515876,,,,,0,,,1.0,0.0,-0.119894095792012
2026,WR,34,Deion Burks,frozen_prospect,IND,7.0,254,1.3152049614845938,10.095238095238097,,,562,1392,0.0181554406881332,,,,,0,,,1.0,0.0,-0.0554507865678362
2026,WR,35,Malik Benson,frozen_prospect,LVR,6.0,195,1.274803914982659,8.571428571428571,,,572,1415,0.0262004975229501,,,,,0,,,1.0,0.0,-0.1747323631227724
2026,WR,36,CJ Daniels,frozen_prospect,LAR,6.0,197,1.144071504976991,4.571428571428571,,,595,1475,0.0369401313364505,,,,,0,,,1.0,0.0,-0.6986523478991673
2026,TE,1,Kenyon Sadiq,frozen_prospect,NYJ,1.0,16,8.22883863853933,96.1206896551724,,,11,66,0.3663089871406555,,,,,0,,,1.0,0.0,1.65484433274657
2026,TE,2,Eli Stowers,frozen_prospect,PHI,2.0,54,6.314184573853434,86.63793103448276,,,37,210,0.3712873458862304,,,,,0,,,1.0,0.0,0.22123326052251
2026,TE,3,Max Klare,frozen_prospect,LAR,2.0,61,5.466731235400921,82.75862068965517,,,50,270,0.3199263513088226,,,,,0,,,1.0,0.0,0.8305108951952169
2026,TE,4,Marlin Klein,frozen_prospect,HOU,2.0,59,4.295241791700364,71.12068965517241,,,79,442,0.215879201889038,,,,,0,,,1.0,0.0,0.526454058939323
2026,TE,5,Tanner Koziol,frozen_prospect,JAX,5.0,164,4.117402183331957,68.53448275862068,,,86,487,0.0954383239150047,,,,,0,,,1.0,0.0,-1.199730376059088
2026,TE,6,Sam Roush,frozen_prospect,CHI,3.0,69,4.044895445670111,68.10344827586206,,,88,493,0.4164258539676666,,,,,0,,,1.0,0.0,0.030760931185469
2026,TE,7,Eli Raridon,frozen_prospect,NWE,3.0,95,4.018446792915301,67.67241379310344,,,90,499,0.160235121846199,,,,,0,,,1.0,0.0,0.1226880690624225
2026,TE,8,Nate Boerkircher,frozen_prospect,JAX,2.0,56,3.618462663819024,62.06896551724138,,,108,593,0.2198312133550644,,,,,0,,,1.0,0.0,1.2234354459581045
2026,TE,9,Oscar Delp,frozen_prospect,NOR,3.0,73,3.3962940802684702,57.32758620689656,,,120,671,0.1375362575054168,,,,,0,,,1.0,0.0,0.6569710811174243
2026,TE,10,Matthew Hibner,frozen_prospect,BAL,4.0,133,3.305785028753923,56.03448275862068,,,124,690,0.0624257922172546,,,,,0,,,1.0,0.0,-0.6962461322034565
2026,TE,11,Justin Joly,frozen_prospect,DEN,5.0,152,3.060623861970486,50.43103448275862,,,139,777,0.0746129751205444,,,,,0,,,1.0,0.0,-0.4268310187993656
2026,TE,12,Will Kacmarek,frozen_prospect,MIA,3.0,87,2.96991387449152,50.0,,,142,784,0.0733389034867286,,,,,0,,,1.0,0.0,0.7965486428209001
2026,TE,13,Seydou Traore,frozen_prospect,MIA,5.0,180,2.6449425848422115,45.25862068965517,,,155,860,0.0605135560035705,,,,,0,,,1.0,0.0,-0.5093820355513365
2026,TE,14,Bauer Sharp,frozen_prospect,TAM,6.0,185,2.5552164276065894,41.37931034482759,,,166,916,0.0866243168711662,,,,,0,,,1.0,0.0,-0.4969538071591479
2026,TE,15,Josh Cuevas,frozen_prospect,BAL,5.0,173,2.106412673386953,33.62068965517241,,,186,1033,0.0338257886469364,,,,,0,,,1.0,0.0,-0.137376147546786
2026,TE,16,Joe Royer,frozen_prospect,CLE,5.0,170,1.8771893180701764,30.603448275862068,,,195,1080,0.0408310331404209,,,,,0,,,1.0,0.0,-1.0763893554954649
2026,TE,17,Riley Nowakowski,frozen_prospect,PIT,5.0,169,1.7077233299791372,27.58620689655172,,,204,1129,0.0300058517605066,,,,,0,,,1.0,0.0,-0.5078091347927085
2026,TE,18,Max Bredeson,frozen_prospect,MIN,5.0,159,1.4130097379933917,21.551724137931032,,,221,1221,0.0238278917968273,,,,,0,,,1.0,0.0,0.4438973772434922
2026,TE,19,Carsen Ryan,frozen_prospect,CLE,7.0,248,0.6644573505958324,10.344827586206897,,,249,1387,0.0260759443044662,,,,,0,,,1.0,0.0,-0.1910885974273419
2026,TE,20,Dallen Bentley,frozen_prospect,DEN,7.0,256,0.5346043039272815,7.758620689655173,,,257,1428,0.038285631686449,,,,,0,,,1.0,0.0,-1.0257894489953543
2026,TE,21,Jaren Kanak,frozen_prospect,TEN,7.0,225,0.4774166286365944,5.603448275862069,,,263,1461,0.1150564700365066,,,,,0,,,1.0,0.0,-0.8729500222114339
2026,TE,22,Jack Endries,frozen_prospect,CIN,7.0,221,0.3449504716239641,1.293103448275862,,,279,1532,0.0724321603775024,,,,,0,,,1.0,0.0,-0.7004920614455132
