season,week,game_id,team,y,v42,QueryRMSE_base_raw,QueryRMSE_base_0.25,QueryRMSE_base_0.5,QueryRMSE_base_1.0,QueryRMSE_context_raw,QueryRMSE_context_0.25,QueryRMSE_context_0.5,QueryRMSE_context_1.0,YetiRank_base_raw,YetiRank_base_0.25,YetiRank_base_0.5,YetiRank_base_1.0,YetiRank_context_raw,YetiRank_context_0.25,YetiRank_context_0.5,YetiRank_context_1.0
2021,1,2021_01_ARI_TEN,ARI,16.0,4.581853884468154,-2.0663793143812437,4.5441267943154795,4.5063997041628046,4.430945523857455,-2.053040404680689,4.530131065115796,4.478408245763439,4.374962607058724,-0.2973666649195306,4.5586308285885355,4.5354077727089175,4.488961660949681,-0.29900327080927824,4.535498168916115,4.489142453364076,4.396431022259998
2021,1,2021_01_ARI_TEN,TEN,0.0,4.431639460314487,-1.0514416125612311,4.692140752318851,4.952642044323214,5.473644628331941,-0.7973013235823363,4.757090610216089,5.082541760117692,5.733444059920897,-0.22106850936780173,4.537036146619932,4.642432832925377,4.853226205536267,-0.19702212500574123,4.551191807629289,4.6707441549440905,4.909848849573693
2021,1,2021_01_BAL_LV,BAL,4.0,5.801687211258774,0.18117792902845659,6.036260354332176,6.270833497405576,6.7399797835523785,-0.13964818587340738,5.962491714757907,6.12329621825704,6.444905225255305,0.2121216008240459,6.081608699010734,6.3615301867626926,6.921373162266612,0.15898535847999645,6.026802084108352,6.251916956957929,6.702146702657085
2021,1,2021_01_BAL_LV,LV,7.0,4.484277482950988,-2.902428768325096,4.256215053291689,4.028152623632391,3.5720277643137934,-3.1196907461786845,4.168468313017776,3.852659143084564,3.221040803218139,-0.38010273590292887,4.3866983774643415,4.289119271977696,4.0939610610044035,-0.35708024859087106,4.389219621617666,4.294161760284344,4.1040460376176995
2021,1,2021_01_CHI_LA,CHI,0.0,3.5859696021722067,-2.7063341394301585,3.6328487349319225,3.6797278676916374,3.773486133211068,-2.756631156895713,3.592928524647805,3.599887447123403,3.613805292074599,-0.3630394927809774,3.733333406397542,3.8806972106228765,4.175424819073546,-0.34049896445839345,3.7363580756751777,3.8867465491781483,4.18752349618409
2021,1,2021_01_CHI_LA,LA,8.0,7.395955756446339,-0.549861502917213,7.044202908748728,6.692450061051119,5.988944365655898,-0.5524333867609756,7.04655348292575,6.6971512094051615,5.998346662363985,0.21722674539466233,7.283403384824737,7.170851013203137,6.945746269959935,0.21021862803931216,7.286986181774641,7.178016607102944,6.9600774577595494
2021,1,2021_01_CLE_KC,CLE,1.0,3.174035309135266,-2.918933714235238,3.2692943222715414,3.3645533354078165,3.555071361680367,-2.8739282566694424,3.2522542691221794,3.3304732291090926,3.486911149082919,-0.40949118739617124,3.3689399787918375,3.563844648448409,3.953653987761552,-0.36963829389091707,3.3907323139356826,3.6074293187360995,4.040823328336932
2021,1,2021_01_CLE_KC,KC,5.0,5.352557179715857,-1.4241426310408702,5.28710518179734,5.221653183878823,5.09074918804179,-1.450060606729029,5.271237173725835,5.189917167735812,5.027277155755767,-0.21653990018592792,5.233129585710018,5.113701991704181,4.8748468036925034,-0.2065660002434214,5.229868083464265,5.107178987212674,4.86180079470949
2021,1,2021_01_DAL_TB,DAL,7.0,3.381956434826984,-3.1121657973348373,3.375605785435857,3.36925513604473,3.3565538372624766,-3.302635272411768,3.292249345204705,3.2025422555824257,3.023128076337868,-0.39394987352112354,3.5434302544984977,3.7049040741700114,4.027851713513039,-0.3685381616980739,3.548057795226729,3.714159155626474,4.046361876425964
2021,1,2021_01_DAL_TB,TB,2.0,7.065991229946878,0.5177871113902959,7.070942466067056,7.075893702187234,7.085796174427591,0.934409381023885,7.201203497635433,7.336415765323988,7.606840300701098,0.1680163555693516,6.977194624366855,6.888398018786832,6.710804807626787,0.17714078414451917,6.997880692528889,6.9297701551109,6.793549080274921
2021,1,2021_01_DEN_NYG,DEN,8.0,7.959580350069281,0.6056249561029412,7.763694420404444,7.567808490739607,7.176036631409931,0.8502817470134927,7.848642635315454,7.737704920561628,7.5158294910539745,0.2578334351367383,7.754588196099895,7.549596042130508,7.139611734191736,0.2503828230627906,7.760255671457664,7.560930992846047,7.162281635622813
2021,1,2021_01_DEN_NYG,NYG,4.0,6.557914197216578,0.05866507086787502,6.57196461139058,6.586015025564581,6.614115853912585,-0.13247302761935056,6.531602508509431,6.505290819802285,6.452667442387993,0.10758625097832693,6.5240101241827375,6.4901060511488975,6.4222979050812175,0.0945798573943874,6.512910936753974,6.46790767629137,6.377901155366162
2021,1,2021_01_GB_NO,GB,-4.0,6.342533219434731,-0.4312445573991898,6.284601369195408,6.226669518956085,6.110805818477438,-0.3342437477080119,6.31549696343888,6.288460707443028,6.234388195451325,0.2196423098874198,6.496219594028278,6.649905968621825,6.957278717808918,0.22854089767576727,6.5199798648577705,6.69742651028081,7.052319801126887
2021,1,2021_01_GB_NO,NO,15.0,4.341947538411801,-2.243993830625224,4.318578841484808,4.295210144557814,4.248472750703828,-1.7823398189797313,4.4234135139233794,4.504879489434959,4.6678114404581175,-0.36829852282621467,4.294039910692511,4.246132282973223,4.150317027534644,-0.33935484929912924,4.304781522264226,4.267615506116652,4.193283473821502
2021,1,2021_01_JAX_HOU,HOU,7.0,5.447886681437519,0.04880081097352301,5.736910455765009,6.025934230092499,6.603981778747478,-0.5335686913365189,5.5906037196081835,5.7333207577788485,6.018754834120178,-0.3134918863216386,5.188909068432064,4.929931455426609,4.411976229415699,-0.30262771261871746,5.180461009113438,4.913035336789357,4.378183992141195
2021,1,2021_01_JAX_HOU,JAX,-3.0,6.295411901895008,0.04429211122489351,6.371396364764039,6.44738082763307,6.599349753371133,0.18377493723556676,6.420256491849278,6.545101081803547,6.794790261712086,0.1861755220656694,6.420934113976822,6.546456326058634,6.797500750222261,0.19200949838656237,6.438660104097488,6.581908306299967,6.868404710704927
2021,1,2021_01_LAC_WAS,LAC,4.0,5.410329367171743,-1.402867819847137,5.335898506678545,5.261467646185345,5.112605925198947,-0.47752004044355634,5.577594347239066,5.74485932730639,6.079389287441036,-0.14664191240055027,5.359885902568655,5.309442437965567,5.20855550875939,-0.14321274222195848,5.352934247577383,5.295539127983022,5.180748888794302
2021,1,2021_01_LAC_WAS,WAS,5.0,6.232967181649368,0.8328883297879534,6.527104460734707,6.821241739820046,7.4095162979907245,0.2729429370062421,6.3975388439910486,6.56211050633273,6.891253831016092,0.16801810557255883,6.35242867687089,6.4718901720924125,6.710813162535457,0.15721533659455775,6.348034295230411,6.463101408811454,6.69323563597354
2021,1,2021_01_MIA_NE,MIA,5.0,6.216368291990746,0.2879933269807769,6.374705439809864,6.533042587628981,6.849716883267216,-0.23319467707459407,6.248202449998647,6.280036608006549,6.343704924022351,0.13125071265533664,6.296095560074736,6.375822828158727,6.535277364326708,0.12053552286298914,6.2894195595278095,6.362470827064873,6.508573362138999
2021,1,2021_01_MIA_NE,NE,5.0,6.381500280696601,0.054059227183115684,6.438471217382463,6.495442154068325,6.609384027440048,0.12024585552393122,6.467641045979319,6.553781811262038,6.726063341827474,0.18877387249396874,6.488601675325797,6.595703069954992,6.809905859213384,0.19116833582623685,6.502167692861576,6.622835105026551,6.864169929356501
2021,1,2021_01_MIN_CIN,CIN,5.0,4.463159866443821,-1.5103224998508702,4.597922914150203,4.732685961856586,5.002212057269352,-1.2993033459998247,4.644962177696744,4.826764488949666,5.190369111455512,-0.31715763913628814,4.445988675209332,4.428817483974843,4.394475101505864,-0.29456631669682987,4.452062048773608,4.440964231103395,4.41876859576297
2021,1,2021_01_MIN_CIN,MIN,5.0,6.445151243233607,1.1572477805241315,6.7695504055761635,7.093949567918721,7.742747892603836,0.568208717143543,6.6365328674317965,6.827914491629986,7.210677740026365,0.3053386913127294,6.675466558727748,6.905781874221889,7.36641250521017,0.26255891246933427,6.639758785267918,6.834366327302229,7.223581411370852
2021,1,2021_01_NYJ_CAR,CAR,9.0,7.916463157331898,0.5587526452258226,7.719317925726349,7.522172694120801,7.127882230909703,0.5309570198981093,7.729941911541737,7.543420665751576,7.170378174171255,0.2698652396835961,7.736610936388301,7.556758715444703,7.197054273557509,0.2544264734670416,7.733007154427817,7.549551151523735,7.182639145715573
2021,1,2021_01_NYJ_CAR,NYJ,4.0,5.763497030224933,-1.3112947438481641,5.624293718307696,5.485090406390459,5.206683782555985,-1.2173849369681546,5.642370257970289,5.521243485715646,5.2789899412063575,-0.174381824067068,5.591652506469014,5.419807982713096,5.07611893520126,-0.19196314513426332,5.5564522660766,5.349407501928267,4.9353179736316015
2021,1,2021_01_PHI_ATL,ATL,0.0,6.383945434983299,0.3595264367770167,6.518760732473482,6.6535760299636655,6.923206624944032,0.055621453348593676,6.451996947306885,6.5200484596304715,6.656151484277644,0.27845443058324926,6.597474326626255,6.81100321826921,7.238061001555122,0.24669737131453873,6.573890939914184,6.7638364448450705,7.143727454706841
2021,1,2021_01_PHI_ATL,PHI,10.0,4.858643038915208,-2.211943910746331,4.714332110710126,4.570021182505045,4.281399326094883,-2.288654996627939,4.6739998896756525,4.489356740436096,4.120070441956985,-0.3936793035612018,4.65126814801623,4.443893257117253,4.029143475319297,-0.3779500839789091,4.643726811845044,4.4288105847748795,3.9989781306345513
2021,1,2021_01_PIT_BUF,BUF,2.0,7.348869435832057,0.3992700429131064,7.252661409515306,7.156453383198555,6.964037330565052,0.9326525757501912,7.41288701604843,7.476904596264803,7.604939756697549,0.2597709329346206,7.298867522919427,7.248865610006797,7.148861784181538,0.24611149784701222,7.296846554535897,7.244823673239736,7.140777910647416
2021,1,2021_01_PIT_BUF,PIT,14.0,4.720721620389199,-2.5105906418322523,4.5341871568874215,4.347652693385644,3.9745837663820893,-2.321105744831158,4.561782372887959,4.402843125386719,4.0849646303842375,-0.38873531939148737,4.553728007050337,4.386734393711474,4.052747167033749,-0.37011561736362797,4.550146283435028,4.379570946480857,4.038420272572515
2021,1,2021_01_SEA_IND,IND,4.0,5.037300487378388,-2.5224061128912765,4.768586642767625,4.499872798156862,3.962445108935336,-1.4088015527812567,5.045953353838382,5.054606220298375,5.07191195321836,-0.35787470132579874,4.827996039134028,4.618691590889669,4.200082694400949,-0.3237140815665628,4.845981855589856,4.6546632238013235,4.272025960224258
2021,1,2021_01_SEA_IND,SEA,6.0,5.739923791386948,-0.19148638668236811,5.894223356028977,6.048522920671008,6.357122049955067,-0.8348661310696966,5.728144284963307,5.716364778539667,5.692805765692385,0.22893943282118073,6.055359161656057,6.370794531925167,7.001665272463385,0.24218525320589712,6.085195711708319,6.43046763202969,7.121011472672432
2021,1,2021_01_SF_DET,DET,1.0,3.7492790226182464,-2.1208948518492257,3.9056939752155566,4.062108927812867,4.374938833007487,-2.3349401485818406,3.8294588469522624,3.9096386712862783,4.06999831995431,-0.4258486866160282,3.780849169392483,3.8124193161667197,3.875559609715193,-0.40469624539649846,3.7780408220792623,3.806802621540278,3.86432622046231
2021,1,2021_01_SF_DET,SF,10.0,8.103022119219544,0.09738543121219127,7.740740420687041,7.378458722154539,6.653895325089534,-0.027927123841395285,7.718708366631047,7.33439461404255,6.565767108865557,0.271062913706002,7.877959649051824,7.652897178884106,7.202772238548668,0.28787883909707834,7.915029846894376,7.727037574569208,7.351053029918873
2021,2,2021_02_ATL_TB,ATL,1.0,2.576500290448748,-3.1306811816059357,2.69131493343179,2.8061295764148317,3.035758862380915,-3.013285065754175,2.682573279632594,2.7886462688164397,3.0007922471841315,-0.39452572515641315,2.8864453615631005,3.1963904326774526,3.8162805749061572,-0.3785834522405913,2.8760359067666093,3.1755715230844705,3.774642755720193
2021,2,2021_02_ATL_TB,TB,19.0,7.655044391104437,0.7330423388010306,7.578065389152038,7.501086387199639,7.347128383294842,0.8401501323594539,7.633684716943508,7.612325042782578,7.5696056944607175,0.2625518497580609,7.558889875298741,7.462735359493044,7.27042632788165,0.27712893182824844,7.585193185790871,7.515341980477304,7.375639569850172
2021,2,2021_02_BUF_MIA,BUF,22.0,6.739595180809856,0.35381394566115953,6.785687155588759,6.831779130367662,6.923963079925467,0.5017060964074501,6.846779029801743,6.95396287879363,7.168330576777403,0.21935907331490934,6.815538686233341,6.891482191656826,7.043369202503796,0.21425548247865014,6.812285241475979,6.884975302142102,7.030355423474347
2021,2,2021_02_BUF_MIA,MIA,1.0,4.561833617664687,-2.7703183785605083,4.280843421456844,3.9998532252490007,3.437872832833314,-2.75175296991186,4.249094453872451,3.936355290080214,3.310876962495741,-0.36774049444367857,4.410646714638533,4.259459811612379,3.95708600556007,-0.3405316047702845,4.417278541192817,4.272723464720946,3.9836133117772055
2021,2,2021_02_CIN_CHI,CHI,20.0,7.154271983270361,0.31564514544398226,7.086047010446222,7.017822037622085,6.881372091973809,0.19986944196204406,7.068318709208317,6.982365435146274,6.810458887022188,0.2284273871927489,7.138463936414178,7.122655889557997,7.091039795845633,0.2592326184815563,7.185043439844387,7.215814896418413,7.277357809566467
2021,2,2021_02_CIN_CHI,CIN,6.0,4.8589362212192375,-0.6328118587404862,5.099959187985411,5.340982154751585,5.823028088283933,-0.9798725342036005,4.9971275372651185,5.135318853311,5.411701485402763,0.14442649684877096,5.3065674941700625,5.754198767120888,6.649461313022539,0.12142546925802176,5.274341628579228,5.68974703593922,6.520557850659202
2021,2,2021_02_DAL_LAC,DAL,7.0,3.5420859928999184,-1.915153922402926,3.754593378367262,3.9671007638346056,4.392115534769292,-1.4813584224844205,3.86084357043472,4.179601147969522,4.817116303039125,-0.30625321995859894,3.726643048433286,3.911200103966654,4.280314215033389,-0.3149893762337586,3.6875355923535365,3.832985191807154,4.12388439071439
2021,2,2021_02_DAL_LAC,LAC,5.0,4.874835271977293,-1.7949884413959667,4.787677262157146,4.700519252336999,4.526203232696704,-1.5724849953409394,4.833394545382945,4.791953818788597,4.7090723655999005,-0.24539254764294108,4.806188574685343,4.737541877393395,4.600248482809496,-0.23917801326491928,4.791181477464386,4.707527682951479,4.540220093925664
2021,2,2021_02_DEN_JAX,DEN,9.0,7.85089891729645,1.0762565356320724,7.820700921031792,7.790502924767134,7.730106932237818,0.44103198980013636,7.662272315760088,7.473645714223725,7.0963925111510004,0.3492601844558957,7.819733534988448,7.788568152680446,7.72623738806444,0.34256200885477,7.821919314462765,7.79293971162908,7.73498050596171
2021,2,2021_02_DEN_JAX,JAX,9.0,5.252525195973757,-1.9819097028305699,5.018800276010982,4.785075356048206,4.317625516122655,-1.5950943330732037,5.109960315654892,4.9673954353360275,4.682265674698298,-0.40012168955237565,4.886109780955019,4.519694365936281,3.7868635358988048,-0.3586684653007093,4.9103965296750065,4.568267863376256,3.8840105307787565
2021,2,2021_02_DET_GB,DET,-1.0,2.436562928519572,-2.5636589516034074,2.744541084692383,3.0525192408651938,3.6684755532108153,-1.9808854172406918,2.8836356155609346,3.330708302602298,4.224853676685024,-0.43147515448504725,2.732933113906519,3.0293032992934665,3.6220436700673613,-0.40326496822921964,2.7371968162891864,3.0378307040588006,3.6390984795980295
2021,2,2021_02_DET_GB,GB,5.0,7.506446791458796,0.5991139074405404,7.429255887949049,7.352064984439302,7.197683177419808,0.10118458694413696,7.3031984675607236,7.099950143662651,6.693453495866506,0.22732046469372627,7.4011403164337946,7.295833841408794,7.085220891358793,0.22109668234835428,7.396816458867022,7.287186126275248,7.067925461091701
2021,2,2021_02_HOU_CLE,CLE,7.0,8.038433076221384,0.2990066205424206,7.744526269450327,7.4506194626792706,6.862805849137156,-0.1461383224383986,7.62887877172832,7.219324467235255,6.400215858249127,0.19643133816424793,7.759535300673813,7.480637525126241,6.922841974031097,0.2059281828315618,7.774980838129978,7.511528600038572,6.984624123855759
2021,2,2021_02_HOU_CLE,HOU,5.0,3.002174817254872,-1.884148599766693,3.358309386418611,3.71444395558235,4.426713093909828,-2.3583217223258623,3.1959679870619264,3.389761156868981,3.7773474964830895,-0.40544988683950156,3.191344638772398,3.380514460289924,3.7588541033249765,-0.3968230253977137,3.170250089061721,3.33832536086857,3.6744759044822684
2021,2,2021_02_KC_BAL,BAL,3.0,4.042774334381318,-2.3429547355905864,4.010768319212229,3.978762304043139,3.91475027370496,-2.1753015090029906,4.030666961457321,4.018559588533325,3.994344842685331,-0.38106422326187195,4.003842104566285,3.964909874751252,3.887045415121186,-0.3519048312457659,4.0123694002143635,3.9819644660474083,3.9211545977134987
2021,2,2021_02_KC_BAL,KC,7.0,5.433619608860619,-1.4666015465513016,5.298373858560016,5.1631281082594125,4.892636607658205,-1.333586881496833,5.323294999298641,5.212970389736663,4.992321170612706,-0.21939581780585887,5.259441931053325,5.085264253246029,4.73690889763144,-0.19635107428620904,5.269068250090888,5.104516891321157,4.775414173781694
2021,2,2021_02_LA_IND,IND,5.0,4.503972115812132,-2.5557524588619343,4.297303607348143,4.090635098884154,3.6772980819561756,-2.528505983555427,4.271871351089903,4.039770586367673,3.5755690569232144,-0.42059955537403515,4.297782800962878,4.0915934861136245,3.6792148564151166,-0.38252452433617523,4.316228947655786,4.128485779499439,3.752999443186745
2021,2,2021_02_LA_IND,LA,7.0,6.040462069518376,0.1558025430170549,6.206099135326745,6.371736201135116,6.703010332751857,-0.2974799761563877,6.085541076546321,6.130620083574267,6.220778097630158,0.23229122541475525,6.308184387218303,6.575906704918232,7.1113513403180875,0.21913804720709804,6.294638842492937,6.548815615467497,7.057169161416619
2021,2,2021_02_LV_PIT,LV,5.0,4.813934925706384,-2.135072749448546,4.647130493627386,4.4803260615483875,4.146717197390391,-1.9131671616577735,4.68673709818394,4.559539270661495,4.305143615616606,-0.4018947434285537,4.554836917117505,4.295738908528627,3.777542891350869,-0.3672924004773693,4.569613741347409,4.325292556988434,3.836650188270484
2021,2,2021_02_LV_PIT,PIT,2.0,7.22630765719712,0.508936141220791,7.193995125912122,7.1616825946271225,7.097057532057125,0.05931949025510353,7.080684811472617,6.935061965748112,6.6438162742991045,0.18289071342829616,7.132646042500842,7.0389844278045635,6.851661198412007,0.17299789217327974,7.120675689463381,7.015043721729641,6.803779786262162
2021,2,2021_02_MIN_ARI,ARI,1.0,6.24561475512135,0.10220426261383783,6.345011622599298,6.444408490077247,6.643202225033144,-0.30770858103307436,6.236373712365703,6.2271326696100555,6.208650584098761,0.2712750582189971,6.513281756435029,6.78094875774871,7.31628276037607,0.29949270498670943,6.558824922100628,6.8720350890799065,7.498455423038464
2021,2,2021_02_MIN_ARI,MIN,12.0,3.777330473703601,-2.314812719787916,3.8195360520258097,3.8617416303480185,3.9461527869924358,-2.216589790918267,3.8193457352174174,3.861360996731234,3.9453915197588665,-0.41986472138863096,3.7537672938966393,3.730204114089678,3.6830777544757547,-0.38605469669424153,3.7664010257709934,3.7554715778383856,3.7336126819731703
2021,2,2021_02_NE_NYJ,NE,19.0,8.116629690021144,0.7248429009911647,7.9219670098271235,7.727304329633101,7.33797896924506,1.8980709159613047,8.293453812099443,8.47027793417774,8.823926178334336,0.3814540631880593,8.061341059314415,8.006052428607685,7.895475167194227,0.3922239575640868,8.08939992472808,8.062170159435013,8.007710628848884
2021,2,2021_02_NE_NYJ,NYJ,3.0,5.606846838092999,-1.9518547736843177,5.292925771173492,4.979004704253985,4.351162570414969,-2.0341411115688075,5.245562935690915,4.884279033288831,4.161711228484661,-0.33579245649731165,5.236392988877398,4.865939139661797,4.125031441230594,-0.3131707803711745,5.238603036613099,4.870359235133197,4.133871632173395
2021,2,2021_02_NO_CAR,CAR,12.0,5.4792720181498815,-1.99907492711473,5.184071901411269,4.888871784672655,4.298471551195428,-1.6387458689990728,5.2670816053650995,5.0548911925803175,4.6305103670107535,-0.19169230589246203,5.330089407950062,5.180906797750244,4.882541577350606,-0.20544501797288117,5.290822181213482,5.102372344277082,4.725472670404284
2021,2,2021_02_NO_CAR,NO,6.0,7.237816841023725,2.3450953689553624,7.7148505779286785,8.191884314833633,9.14595178864354,1.9876084882775167,7.66088416132513,8.083951481626537,8.93008612222935,0.29767593375158524,7.292129555970578,7.346442270917431,7.455067700811138,0.26282799757985154,7.252638297951562,7.2674597548793995,7.297102668735074
2021,2,2021_02_NYG_WAS,NYG,2.0,5.72376621272932,-0.6057646562697818,5.756126895693352,5.788487578657383,5.853208944585447,-0.7431845521989414,5.7159071231670024,5.708048033604685,5.692329854480051,0.09120235112424371,5.88524240325218,6.04671859377504,6.369670974820761,0.09822531478634278,5.891111863367207,6.058457514005093,6.393148815280867
2021,2,2021_02_NYG_WAS,WAS,3.0,7.687681432286973,1.077696616558395,7.6986895389837855,7.709697645680599,7.731713859074224,1.4960479726561098,7.852578305980887,8.0174751796748,8.347268927062629,0.3173963597344402,7.655444735986148,7.623208039685323,7.558734647083672,0.28891711158013933,7.625855348261183,7.564029264235392,7.440377096183812
2021,2,2021_02_SF_PHI,PHI,1.0,5.35099095097092,-1.0630601988066608,5.348976146490294,5.346961342009669,5.3429317330484185,-0.5679973120978415,5.4882532283194845,5.62551550566805,5.900040060365178,-0.3497227431301132,5.026193782948161,4.701396614925402,4.051802278879885,-0.3265644634595171,5.0283224910952615,4.705654031219602,4.060317111468285
2021,2,2021_02_SF_PHI,SF,8.0,6.324805145891258,0.5744272871937146,6.536137958753397,6.747470771615537,7.170136397339816,0.3870752175201665,6.501708567433296,6.678611988975333,7.032418832059408,0.2746004810476147,6.577044845950371,6.829284546009484,7.33376394612771,0.24916194330028024,6.549116949015566,6.773428752139875,7.222052358388492
2021,2,2021_02_TEN_SEA,SEA,4.0,5.61749187589866,0.06875510962206685,5.864588331053686,6.111684786208712,6.605877696518764,-0.21770761441624406,5.791958894424945,5.96642591295123,6.3153599500038,0.194170204832896,5.940857801494453,6.264223727090246,6.910955578281833,0.19146665437178229,5.939420227508678,6.261348579118695,6.905205282338731
2021,2,2021_02_TEN_SEA,TEN,2.0,3.647612357464991,-2.7164671426614553,3.610200068884702,3.572787780304413,3.4979632031438346,-2.56278684338418,3.6194402836437973,3.591268209822604,3.5349240621802167,-0.41842272747402826,3.6583737862889905,3.6691352151129903,3.6906580727609892,-0.3828532721867753,3.673507780106149,3.699403202747307,3.751194048029623
2021,3,2021_03_ARI_JAX,ARI,17.0,7.720086083477672,1.372714535906808,7.778637182147578,7.837188280817482,7.954290478157294,1.0251755766988244,7.718166192001201,7.716246300524729,7.712406517571784,0.34563189148209106,7.719186461817516,7.71828684015736,7.716487596837048,0.33964213942243404,7.711168097134125,7.70225011079058,7.684414138103486
2021,3,2021_03_ARI_JAX,JAX,8.0,3.676317373210544,-2.1208868120063054,3.8261683057017803,3.9760192381930173,4.27572110317549,-1.7813605450434145,3.899114639414703,4.1219119056188624,4.567506438027181,-0.43326229311708,3.7218562227698437,3.767395072329144,3.858472771447744,-0.37989902729540054,3.763484325772814,3.850651278335084,4.024985183459624
2021,3,2021_03_ATL_NYG,ATL,5.0,5.154374236321683,-1.8007029285183125,5.018994941881289,4.883615647440895,4.612857058560108,-1.653632183571591,5.043439200531468,4.932504164741254,4.7106340931608255,-0.33937799716856976,4.94665567776796,4.738937119214237,4.323500002106791,-0.32673982897113907,4.939615986268825,4.724857736215966,4.295341236110248
2021,3,2021_03_ATL_NYG,NYG,6.0,5.862751119996375,-0.20453816225375565,5.970445952559515,6.078140785122654,6.293530450248934,-0.3135873022798436,5.950122986857528,6.03749485371868,6.212238587440985,0.24062761053908155,6.19615856786352,6.529566015730665,7.196380911464955,0.26263323689385903,6.220254266908262,6.57775741382015,7.292763707643925
2021,3,2021_03_BAL_DET,BAL,3.0,6.404183463831129,-0.28081392986600884,6.3564416672040185,6.308699870576907,6.213216277322687,-0.2771439503666158,6.366406511188681,6.328629558546233,6.2530756532613365,0.24449201725549655,6.607018115801462,6.809852767771794,7.21552207171246,0.2247441669197542,6.578154644629484,6.752125825427839,7.100068187024549
2021,3,2021_03_BAL_DET,DET,7.0,3.532989699805622,-1.0515633317715527,4.000157200341322,4.467324700877023,5.401659701948423,-1.2521792956810343,3.9398640949179446,4.346738490030267,5.1604872802549115,-0.42823316191503125,3.6205880346693955,3.708186369533169,3.883383039260716,-0.40860217431242807,3.619494089186317,3.705998478567012,3.879007257328402
2021,3,2021_03_CAR_HOU,CAR,8.0,8.425567318522305,0.6105389455569457,8.107115902162407,7.788664485802509,7.151761653082714,0.543444373038302,8.11232459718808,7.799081875853856,7.172596433185407,0.2695935108238935,8.15413915528889,7.882710992055474,7.339854665588644,0.28377924815734956,8.169252412557357,7.912937506592409,7.400307694662514
2021,3,2021_03_CAR_HOU,HOU,3.0,5.114826917051734,-2.618032442892661,4.774183736775322,4.43354055649891,3.7522541959460867,-2.2867630956195097,4.836412968283437,4.5579990195151385,4.001171121978543,-0.4050858293509166,4.835629260916085,4.556431604780435,3.998036292509137,-0.37729602188042466,4.845676062669217,4.576525208286698,4.038223499521662
2021,3,2021_03_CHI_CLE,CHI,5.0,4.465863836294232,-1.2611374097537622,4.644645318764891,4.82342680123555,5.180989766176869,-1.819460281823221,4.480601199440946,4.4953385625876585,4.524813288881086,-0.3779433371255697,4.382517464931942,4.299171093569652,4.132478350845072,-0.36505830668645406,4.3745133376366105,4.28316283897899,4.100461841663749
2021,3,2021_03_CHI_CLE,CLE,16.0,6.748819977601797,0.612688155518369,6.8501211463356455,6.951422315069495,7.154024652537194,0.6551265974853421,6.88605082907309,7.0232816805443825,7.297743383486969,0.2704304656056671,6.897615049670594,7.046410121739392,7.3440002658769865,0.2612956829215363,6.883105283393137,7.017390589184476,7.285961200767156
2021,3,2021_03_CIN_PIT,CIN,12.0,6.246985852634833,0.3460938962348561,6.403568292808579,6.560150732982325,6.873315613329816,-0.4065069514007248,6.212268459921582,6.17755106720833,6.108116281781826,0.12225118315575367,6.337749233585608,6.428512614536382,6.610039376437932,0.14029771967231902,6.352887397298854,6.458788941962874,6.670592031290915
2021,3,2021_03_CIN_PIT,PIT,2.0,8.216542619570955,1.2564044621488235,8.120362562359595,8.024182505148236,7.831822390725517,1.6723548184301835,8.271809845909058,8.327077072247162,8.43761152492337,0.29016892640370484,8.022849142763812,7.829155665956671,7.441768712342387,0.31373112923123114,8.05056606693127,7.884589514291585,7.552636409012215
2021,3,2021_03_GB_SF,GB,7.0,4.275570008679224,-2.1629585627408283,4.26453297450529,4.253495940331357,4.231421871983491,-1.8469007003010536,4.330193650433182,4.384817292187142,4.494064575695061,-0.3761917614315852,4.241966068238209,4.208362127797195,4.141154246915167,-0.3542775607775788,4.245500095702834,4.215430182726445,4.155290356773666
2021,3,2021_03_GB_SF,SF,0.0,5.443053105347079,-0.2512153552587301,5.643385314651152,5.843717523955223,6.244381942563367,-0.8705561801206165,5.479319819361276,5.515586533375472,5.588119961403864,0.28512181315585466,5.936482172997566,6.429911240648054,7.416769375949029,0.2649199744941929,5.908388217708539,6.373723330069998,7.304393554792916
2021,3,2021_03_IND_TEN,IND,7.0,4.352279015019297,-2.3238003594087573,4.279725345876411,4.207171676733525,4.062064338447753,-2.7082855554646987,4.146416440862403,3.9405538667055087,3.5288287183917197,-0.3377564342538894,4.347092241144733,4.341905467270168,4.331531919521039,-0.33980145459939426,4.3214374277025485,4.290595840385799,4.228912665752301
2021,3,2021_03_IND_TEN,TEN,3.0,5.585076047779976,-0.12165534029370757,5.78400740750963,5.982938767239284,6.3808014866985925,-0.3319717334796471,5.736716455098411,5.888356862416846,6.191637677053716,0.16109206412828647,5.889413494858957,6.193750941937937,6.802425836095898,0.1797526388842221,5.906619815475343,6.22816358317071,6.871251118561444
2021,3,2021_03_LAC_KC,KC,0.0,5.037466079220965,-2.7225753288160854,4.6886436363565975,4.339821193492231,3.6421763077634965,-1.9885274010768235,4.861940298925055,4.686414518629146,4.335362958037326,-0.20059305446922668,5.0308317829971845,5.024197486773405,5.010928894325844,-0.17894376947151616,5.039849474490864,5.042232869760763,5.046999660300561
2021,3,2021_03_LAC_KC,LAC,10.0,3.425650264175144,-2.6600719423703456,3.496234929018181,3.5668195938612177,3.707988923547291,-2.218889740212683,3.5885445685538104,3.7514388729324764,4.077227481689809,-0.3944621410908965,3.5819020713038485,3.738153878432552,4.05065749268996,-0.3643367132252947,3.5952706251660898,3.7648909861570354,4.104131708138927
2021,3,2021_03_MIA_LV,LV,4.0,6.62117834179069,0.9573022679948265,6.8451048289717615,7.069031316152831,7.516884290514972,0.9594626867969991,6.875576530147187,7.129974718503683,7.638771095216676,0.26899641395335594,6.800108038423196,6.979037735055702,7.336897128320712,0.27848382748745837,6.809227842256356,6.997277342722022,7.373376343653352
2021,3,2021_03_MIA_LV,MIA,10.0,5.077147303951549,-2.1267995014607517,4.875234319852741,4.673321335753933,4.269495367556315,-2.350199428578649,4.79038215914626,4.5036170143409695,3.9300867247303906,-0.3746161624816435,4.845100101925276,4.613052899899001,4.148958495846453,-0.36589887465194415,4.8319072021857785,4.586667100420009,4.096186896888467
2021,3,2021_03_NO_NE,NE,3.0,6.562683833616068,0.5623310589846086,6.697263227603035,6.8318426215900026,7.101001409563937,0.22002908100550275,6.6245601941923535,6.686436554768639,6.810189275921209,0.2656400363664611,6.75208095907369,6.9414780845313135,7.320272335446558,0.25653775879761537,6.737453735111738,6.9122236366074095,7.26176343959875
2021,3,2021_03_NO_NE,NO,20.0,5.93246934521074,0.4165045501733291,6.186215545234999,6.439961745259259,6.947454145307779,0.10382060139097848,6.11934460197977,6.3062198587488,6.679970372286859,0.14635483677972225,6.131709377516381,6.330949409822022,6.729429474433303,0.1627701983167502,6.145572544210054,6.3586757432093695,6.784882141207998
2021,3,2021_03_NYJ_DEN,DEN,19.0,9.597974592934603,1.7615142212214963,9.289399716031141,8.980824839127681,8.36367508532076,1.3700191321240416,9.223187292316265,8.848399991697928,8.09882539046125,0.34563275603378446,9.127603914483508,8.657233236032413,7.716491879130222,0.35922738020440986,9.144486041679517,8.690997490424433,7.784020387914262
2021,3,2021_03_NYJ_DEN,NYJ,4.0,5.0789744813915885,-2.3690601213556213,4.812832937899983,4.546691394408377,4.014408307425166,-2.470585113939925,4.758027610936818,4.437080740482046,3.795186999572504,-0.38775764176966615,4.8301974074412355,4.5814203334908825,4.0838661855901774,-0.3648658603991007,4.834591006388278,4.5902075313849675,4.1014405813783466
2021,3,2021_03_PHI_DAL,DAL,12.0,6.283394940697982,-1.0085032536171055,6.0742961023631405,5.865197264028299,5.446999587358616,0.1365481512000176,6.391707117613118,6.5000192945282524,6.716643648358522,-0.06278231287071247,6.135929300140328,5.988463659582673,5.693532378467364,-0.066816393592658,6.116859946297093,5.950324951896204,5.6172549630944255
2021,3,2021_03_PHI_DAL,PHI,2.0,4.279949635949907,-1.7942259756942165,4.364881460052574,4.449813284155242,4.619676932360578,-1.6669232104962293,4.383897392542334,4.4878451491347615,4.695740662319616,-0.362667499483207,4.261997865550623,4.244046095151339,4.208142554352771,-0.3543957311872234,4.248634568943235,4.217319501936563,4.154689367923218
2021,3,2021_03_SEA_MIN,MIN,3.0,4.759511186146716,-2.125514521389599,4.637345484770345,4.515179783393973,4.27084838064123,-1.893270073266314,4.680159584500441,4.600807982854165,4.442104779561614,-0.34753374666723374,4.640409135610204,4.521307085073692,4.283102984000668,-0.3274084346225595,4.642618603120755,4.525726020094794,4.291940854042871
2021,3,2021_03_SEA_MIN,SEA,0.0,4.898669740385832,-1.6742933344067177,4.8604921511488035,4.822314561911775,4.745959383437719,-2.1372080828077817,4.716191533155933,4.533713325926033,4.168756911466235,-0.23892053898071883,4.879273652159672,4.859877563933511,4.8210853874811885,-0.22270328438232784,4.88011439055269,4.8615590407195475,4.824448341053263
2021,3,2021_03_TB_LA,LA,3.0,4.471445797508848,-1.6498359102421147,4.546512273394185,4.621578749279523,4.771711701050199,-1.5731647745218822,4.553785068470431,4.636124339432014,4.800802881355178,-0.2462866738861641,4.549734219250496,4.628022640992144,4.784599484475441,-0.25158586344644296,4.522973813828189,4.574501830147531,4.677557862786214
2021,3,2021_03_TB_LA,TB,0.0,4.865154272452655,-1.292690585072651,4.935807207909358,5.006460143366061,5.147766014279466,-0.7547293461208805,5.078343506125808,5.291532739798961,5.717911207145267,-0.232650295733726,4.861901485674704,4.8586486988967525,4.85214312534085,-0.22141743729787255,4.856612673842149,4.848071075231644,4.830987878010633
2021,3,2021_03_WAS_BUF,BUF,7.0,7.836121701222445,1.5619886668298504,7.915487698471468,7.994853695720492,8.15358569021854,1.6538898155928785,7.981321358155178,8.12652101508791,8.416920328953376,0.26271872641301947,7.703541905272847,7.570962109323251,7.3058025174240555,0.24682986169928756,7.680189075622907,7.524256450023371,7.212391198824296
2021,3,2021_03_WAS_BUF,WAS,-4.0,4.125515462049324,-2.6250651471161834,4.030348883186771,3.935182304324218,3.744849146599112,-2.4724998653719794,4.042396946605765,3.9592784311622076,3.793041400275091,-0.4085499349832168,4.0893560719402275,4.053196681831131,3.980877901612938,-0.3785370412401157,4.102114583178281,4.078713704307239,4.031911946565153
2021,4,2021_04_ARI_LA,ARI,5.0,4.688023065947418,-1.9837602456327679,4.665529219335715,4.643035372724012,4.598047679500606,-1.568839295731918,4.741052303064006,4.794081540180594,4.900140014413771,-0.36521425479693015,4.526585300264221,4.365147534581024,4.042272003214631,-0.35468265675827026,4.520418811515648,4.352814557083878,4.0176060482203395
2021,4,2021_04_ARI_LA,LA,-1.0,5.63099035266751,-1.0792307754605375,5.556236433334116,5.481482514000723,5.331974675333936,-1.2949107724092732,5.512211604126238,5.393432855584965,5.1558753585024215,-0.22117978487503986,5.4274254229092875,5.223860493151064,4.816730633634618,-0.20445637581750414,5.435221464942696,5.239452577217883,4.8479148017682565
2021,4,2021_04_BAL_DEN,BAL,11.0,6.7545792862294665,0.11495074741084109,6.641165143592658,6.527751000955847,6.300922715682229,0.15088045570352157,6.692345269739073,6.630111253248678,6.50564322026789,0.22193208943721907,6.865758943210352,6.976938600191237,7.199297914153007,0.20824632089968637,6.8481706785652054,6.941762070900943,7.128944855572419
2021,4,2021_04_BAL_DEN,DEN,3.0,7.210965493149692,2.1091072568158875,7.387964918251473,7.564964343353256,7.91896319355682,1.0843032264064534,7.252492114964116,7.29401873677854,7.377071980407389,0.21400005844072614,7.197386168314646,7.1838068434796,7.156648193809508,0.20855437886135847,7.19088599699581,7.17080650084193,7.130647508534168
2021,4,2021_04_CAR_DAL,CAR,-4.0,4.51258405802712,-1.7100594964383737,4.589469538831581,4.666355019636042,4.820125981244964,-1.7950006961149296,4.5566878690370185,4.6007916800469175,4.688999302066714,-0.34050193940401746,4.428224943147455,4.3438658282677896,4.175147598508458,-0.33288995690712003,4.41895191230911,4.325319766591099,4.138055475155078
2021,4,2021_04_CAR_DAL,DAL,8.0,6.0852489227353646,-0.04500645809028642,6.106720415077713,6.128191907420061,6.1711348921047575,-0.49630540298770276,6.039296872438964,5.9933448221425625,5.901440721549761,0.16111996015251798,6.282016018918281,6.478783115101198,6.87231730746703,0.18284003091903753,6.3110674223468095,6.536885921958254,6.9885229211811435
2021,4,2021_04_CLE_MIN,CLE,8.0,4.952797918314768,-0.9064406513521882,5.082642191861551,5.212486465408335,5.472175012501903,-1.1022561972091887,5.048532095717535,5.144266273120303,5.335734627925839,-0.2067095805637282,4.938232299726503,4.923666681138239,4.89453544396171,-0.20464049128733278,4.92632273514626,4.899847551977754,4.8468971856407395
2021,4,2021_04_CLE_MIN,MIN,4.0,3.840733227608689,-2.3846711059870933,3.948737982974027,4.0567427383393655,4.272752249070042,-2.752651326090888,3.829287869472453,3.8178425113362175,3.7949517950637457,-0.2512917068392716,4.044255397062189,4.24777756651569,4.654821905422691,-0.25763109613638474,4.019053734677755,4.197374241746821,4.554015255884952
2021,4,2021_04_DET_CHI,CHI,9.0,6.966504945173023,0.40202428679140434,6.858341603357852,6.750178261542679,6.533851577912335,-0.1498653634759464,6.7810966269317445,6.595688308690464,6.2248716722079065,0.21889000946660783,7.020613949111132,7.074722953049239,7.182940960925455,0.22662855224745201,7.032514818686908,7.098524692200793,7.230544439228563
2021,4,2021_04_DET_CHI,DET,3.0,5.809520296672881,0.5203978415786178,6.0146149237607345,6.219709550848587,6.629898805024293,0.11867247959398267,5.976033813087301,6.142547329501719,6.4755743623305575,0.16273507469225706,6.07739062584203,6.345260955011179,6.8810016133494765,0.152467488192114,6.062303282536552,6.315086268400223,6.820652240127565
2021,4,2021_04_HOU_BUF,BUF,22.0,10.019347566039054,4.241380500541643,9.926778258299368,9.834208950559681,9.64907033508031,3.549397701204172,9.934121989192004,9.848896412344953,9.678445258650854,0.24832234072832238,9.349809574368274,8.680271582697495,7.341195599355936,0.28151258616450525,9.397983537909061,8.776619509779067,7.5338914535190815
2021,4,2021_04_HOU_BUF,HOU,-1.0,2.1823502316994827,-3.474018257582225,2.483979140103524,2.785608048507565,3.3888658653156476,-3.446378631217627,2.423587407983373,2.6648245842672624,3.1472989368350417,-0.3733107658285593,2.636447146405923,3.0905440611123627,3.998737890525243,-0.3816834873907444,2.6038554241955594,3.025360616691636,3.8683710016837893
2021,4,2021_04_IND_MIA,IND,8.0,5.773129750142728,-0.1634099388691716,5.848613158435793,5.924096566728858,6.075063383314989,0.24684599728471315,5.978656096259123,6.184182442375519,6.595235134608309,0.10660390266352572,5.974644821514328,6.176159892885927,6.579190035629127,0.09760389792194635,5.959201867350924,6.14527398455912,6.517418218975511
2021,4,2021_04_IND_MIA,MIA,4.0,6.481742513217995,0.24754677858518,6.463434367649819,6.445126222081644,6.408509930945293,0.10648187875011086,6.477355237381061,6.472967961544127,6.4641934098702585,0.1878733356794491,6.615348753560937,6.74895499390388,7.016167474589766,0.18569027633845472,6.612375980231668,6.743009447245343,7.004276381272691
2021,4,2021_04_JAX_CIN,CIN,1.0,8.012875811434936,1.808287470147556,7.928377046361455,7.843878281287976,7.674880751141015,0.5742951105249202,7.7348909726669195,7.456906133898904,6.900936456362872,0.3220453570264777,7.9440560402152,7.875236268995464,7.737596726555992,0.28917488059286,7.903717200552066,7.794558589669196,7.576241367903456
2021,4,2021_04_JAX_CIN,JAX,1.0,5.4291177630500185,-1.9711787374486063,5.223902372526891,5.018686982003763,4.608256200957508,-1.34105711367911,5.350036788021484,5.270955812992948,5.112793862935879,-0.4045822626521521,5.029486883976263,4.629856004902507,3.8305942467549965,-0.35214926106313416,5.07974038798857,4.730363012927123,4.031608262804228
2021,4,2021_04_KC_PHI,KC,2.0,6.9619092284339725,0.4105997032833767,6.8566343195653285,6.751359410696686,6.5408095929594,0.5502982034997994,6.941065252043316,6.920221275652661,6.87853332287135,0.2777133377517471,7.0962389182779235,7.230568608121875,7.499227987809778,0.25947555762331553,7.074454823511126,7.187000418588281,7.412091608742589
2021,4,2021_04_KC_PHI,PHI,-1.0,3.3325931032641813,-2.284560402940378,3.5879401184905833,3.8432871337169847,4.353981164169788,-1.892573658174961,3.6489215087851736,3.9652499143061655,4.59790672534815,-0.4067450491876297,3.454186118573344,3.575779133882506,3.8189651645008307,-0.38217665883083474,3.465856131584947,3.5991191599057126,3.865645216547244
2021,4,2021_04_LV_LAC,LAC,7.0,5.38813836166925,-1.640655555061645,5.260213698464329,5.132289035259409,4.876439708849568,-1.3953173664860214,5.306638108170843,5.225137854672437,5.062137347675624,-0.21854269935755855,5.24883126451727,5.10952416736529,4.83090997306133,-0.21353649470073127,5.240535895048448,5.092933428427646,4.797728495186043
2021,4,2021_04_LV_LAC,LV,1.0,3.85950961708466,-2.54861552127951,3.929564522734897,3.999619428385135,4.13972923968561,-2.096613837369381,3.996486721766594,4.133463826448528,4.4074180358123956,-0.38138170656259684,3.88346752949194,3.9074254418992203,3.955341266713781,-0.36040930849163605,3.8911208466542,3.92273207622374,3.9859545353628203
2021,4,2021_04_NYG_NO,NO,2.0,7.840787457610595,1.18723037606979,7.6733307597975715,7.505874061984548,7.170960666358501,0.67664370362444,7.629712464911319,7.418637472212042,6.99648748681349,0.33461207160508327,7.831882259969957,7.8229770623293176,7.80516666704804,0.29351665703265,7.780650243296429,7.720513028982262,7.600238600353929
2021,4,2021_04_NYG_NO,NYG,2.0,5.083709405730412,-2.470592241984654,4.863541209243684,4.643373012756957,4.203036619783503,-2.393860140701003,4.845260449420607,4.606811493110802,4.129913580491193,-0.3725133024003716,4.8135384967755375,4.543367587820663,4.003025769910915,-0.3650904012431687,4.802802525138959,4.521895644547506,3.9600818833646
2021,4,2021_04_PIT_GB,GB,7.0,7.19565048427095,0.2974421792215408,7.008986514652804,6.822322545034658,6.448994605798366,0.21802862570076903,7.038820786082962,6.881991087894972,6.5683316915189955,0.3111428491484998,7.316481627073289,7.4373127698756285,7.678975055480306,0.33607514589255055,7.355603278862235,7.515556073453519,7.835461662636089
2021,4,2021_04_PIT_GB,PIT,5.0,4.74682084266387,-2.1733260907486374,4.671174550670118,4.5955282586763655,4.44423567468886,-2.077358003434661,4.6664643765797695,4.586107910495668,4.425394978327467,-0.38788620622928155,4.540207441121941,4.333594039580013,3.9203672364961553,-0.36207732093628375,4.55429946716233,4.3617780916607884,3.9767353406577075
2021,4,2021_04_SEA_SF,SEA,6.0,4.289641392881322,-2.2025773495779006,4.3223564119054085,4.3550714309294944,4.420501468977667,-2.1070770595174007,4.3166434788678725,4.343645564854423,4.397649736827525,-0.35059222847211036,4.247454330910601,4.205267268939881,4.120893144998441,-0.3411219445604302,4.240370253561959,4.191099114242598,4.092556835603874
2021,4,2021_04_SEA_SF,SF,2.0,5.78377479900862,-1.692227492533582,5.546479776065685,5.309184753122748,4.834594707236877,-1.622624694964532,5.550312802994621,5.3168508069806215,4.849926814952622,-0.2344651720404891,5.524155215271878,5.264535631535135,4.745296464061649,-0.21422622458192062,5.5363101794937055,5.288845559978791,4.79391632094896
2021,4,2021_04_TB_NE,NE,2.0,3.664758344790087,-2.775245323403603,3.737529727799229,3.8103011108083717,3.9558438768266564,-2.469834726326865,3.7633149853367738,3.8618716258834604,4.058984906976834,-0.4040041417426354,3.7069944445489362,3.749230544307786,3.8337027438254845,-0.38182208083763847,3.715470005650353,3.7661816665106187,3.8676049882311507
2021,4,2021_04_TB_NE,TB,9.0,7.046673549828973,0.48725934344493543,6.935757794534506,6.824842039240041,6.603010528651108,0.7430361654129024,7.0496227725750735,7.052571995321175,7.0584704408133785,0.3392182634270175,7.242488584849926,7.438303619870879,7.829933689912785,0.33757555040551845,7.24594378218847,7.445214014547968,7.843754479266964
2021,4,2021_04_TEN_NYJ,NYJ,7.0,4.315995150145305,-3.45495786432116,4.08807918642728,3.8601632227092555,3.4043312952732054,-3.5539727827085676,3.9987090465831487,3.681422943020992,3.0468507358966788,-0.3720598267946613,4.238362378088083,4.160729606030861,4.005464061916417,-0.35429316327639176,4.241936062532106,4.167876974918906,4.019758799692507
2021,4,2021_04_TEN_NYJ,TEN,3.0,8.029030973077962,4.911039702461342,8.569879661980991,9.11072835088402,10.19242572869008,3.981179941613678,8.542160814940502,9.055290656803042,10.081550340528121,0.37117961103169556,8.022219877523167,8.015408781968373,8.001786590858785,0.3838340305903266,8.046630128076128,8.064229283074294,8.099427593070624
2021,4,2021_04_WAS_ATL,ATL,0.0,5.67864501795221,-1.4408347751264419,5.518626882119994,5.358608746287779,5.038572474623349,-1.5303489554612373,5.493002260547775,5.30735950314334,4.936073988334471,-0.24544349691101433,5.430550546654755,5.182456075357299,4.686267132762389,-0.23721186312092207,5.4257021278577655,5.172759237763321,4.6668734575744315
2021,4,2021_04_WAS_ATL,WAS,6.0,5.39059737548223,0.33169336244401043,5.66214445779806,5.933691540113892,6.476785704745554,0.8988224527342061,5.843925546315982,6.297253717149735,7.20391005881724,0.3418766957236086,6.0040049838091765,6.617412592136122,7.844227808790015,0.3487125128853416,6.019275299434979,6.647953223387729,7.905309071293228
2021,5,2021_05_BUF_KC,BUF,17.0,4.037041018348074,-2.485662611697784,4.102065420191773,4.1670898220354715,4.297138625722869,-2.0693112995159026,4.178628603076624,4.320216187805174,4.603391357262275,-0.3093925310794395,4.145147966298963,4.253254914249853,4.469468810151633,-0.2956013274725172,4.147463580407544,4.257886142467016,4.478731266585958
2021,5,2021_05_BUF_KC,KC,-1.0,4.182063329035555,-3.5781381660348393,3.953189784597514,3.7243162401594736,3.266569151283392,-3.6241891944193343,3.9002706795089432,3.618478029982331,3.054892730929107,-0.2391062230855733,4.343955509719679,4.5058476904038045,4.8296320517720535,-0.23722074566930998,4.332108631153982,4.482153933272411,4.782244537509266
2021,5,2021_05_CHI_LV,CHI,9.0,4.71498496192128,-2.1913070240519077,4.679942295772,4.644899629622721,4.574814297324161,-2.3385334085659104,4.620057170955417,4.525129379989554,4.3352737980578295,-0.37636240530787124,4.567813656318683,4.420642350716086,4.126299739510894,-0.37815114571484004,4.548630018480345,4.38227507503941,4.0495651881575405
2021,5,2021_05_CHI_LV,LV,3.0,7.386622783927796,1.2885628358082317,7.504340662250039,7.622058540572283,7.857494297216769,0.6514188556399032,7.36820685007598,7.3497909162241655,7.3129590485205345,0.2917502701365379,7.427432856415049,7.468242928902301,7.549863073876807,0.28496416345779707,7.4142215690690305,7.441820354210265,7.497017924492735
2021,5,2021_05_CLE_LAC,CLE,0.0,4.776382572860124,-1.4671112290197292,4.896780156182696,5.017177739505268,5.257972906150413,-1.5199871895711359,4.86990236216675,4.963422151473375,5.150461730086626,-0.30440074529806044,4.706048897393364,4.6357152219266045,4.495047870993086,-0.29538062197955306,4.702256601286905,4.628130629713686,4.479878686567248
2021,5,2021_05_CLE_LAC,LAC,-3.0,6.033453750509612,0.12643772519697177,6.215395817717714,6.397337884925815,6.761222019342018,-0.060790227277798155,6.176008307467928,6.318562864426243,6.603671978342872,0.14547714995125346,6.225171786203689,6.416889821897765,6.800325893285918,0.17912326196075057,6.2617814243942185,6.490109098278824,6.946764446048034
2021,5,2021_05_DEN_PIT,DEN,3.0,7.034382230961704,0.8510919985000939,7.13698995481333,7.239597678664957,7.44481312636821,0.7622521991858832,7.131621090982477,7.228859951003249,7.423337671044794,0.3268360793239626,7.2081993848878705,7.382016538814037,7.729650846666369,0.33741161449448165,7.218208072710372,7.402033914459039,7.769685597956373
2021,5,2021_05_DEN_PIT,PIT,5.0,7.740924473636541,0.20953934735745938,7.515597009132473,7.290269544628405,6.839614615620268,1.3108545943252092,7.798115677746408,7.855306881856274,7.969689290076006,0.1597651316462436,7.524078556367147,7.3072326390977524,6.873540804558964,0.13963629409684267,7.491062527127639,7.241200580618736,6.74147668760093
2021,5,2021_05_DET_MIN,DET,7.0,2.989419781607773,-3.296222214231552,3.125192358669371,3.260964935730968,3.5325100898541626,-2.732821963698248,3.2277155633540184,3.4660113451002634,3.942602908592754,-0.41805753265512174,3.2202259104975326,3.4510320393872917,3.9126442971668105,-0.39379307285664383,3.2341260323635717,3.47883228311937,3.9682447846309667
2021,5,2021_05_DET_MIN,MIN,9.0,6.606059369672368,-0.008781388442245274,6.612960830925481,6.619862292178592,6.633665214684816,0.1873866779091991,6.667252196455175,6.728445023237982,6.850830676803596,0.2659496969853549,6.808958274899572,7.011857180126777,7.417654990581185,0.26366581580794074,6.801117153551741,6.996174937431114,7.386290505189859
2021,5,2021_05_GB_CIN,CIN,4.0,4.381813511493695,-1.8756658141117868,4.504502489338238,4.627191467182781,4.872569422871868,-2.0978989452238155,4.430090383468863,4.478367255444031,4.574920999394366,-0.3349012775178148,4.371049162168302,4.3602848128429095,4.338756114192124,-0.3371079297171633,4.35209605464207,4.322378597790446,4.2629436840871975
2021,5,2021_05_GB_CIN,GB,7.0,6.565060772155452,-0.49212993789162546,6.468222087181015,6.371383402206577,6.177706032257702,-0.12801784534450633,6.557975623640574,6.550890475125694,6.536720178095937,-0.08747264766491995,6.325454939230815,6.085849106306178,5.606637440456902,-0.03847089535201906,6.377675555573366,6.190290338991279,5.815519905827106
2021,5,2021_05_IND_BAL,BAL,6.0,7.164147045976208,0.2684689343032249,7.096911511016317,7.029675976056424,6.895204906136641,0.22647020579410854,7.09554874821046,7.026950450444712,6.889753854913215,0.24704025272724228,7.203299944479269,7.242452842982329,7.320758639988451,0.21895430250340225,7.161570533205448,7.158994020434688,7.153840994893167
2021,5,2021_05_IND_BAL,IND,3.0,5.201039128615292,-2.630261220376748,4.940962802284227,4.680886475953161,4.1607338232910305,-2.6090543576111522,4.917245028378552,4.633450928141812,4.065862727668332,-0.41203399557725207,4.886656918823378,4.572274709031463,3.9435102894476346,-0.3891004413389501,4.898939642256373,4.596840155897453,3.9926411831796154
2021,5,2021_05_LA_SEA,LA,7.0,6.026518828003323,-1.7711929230345207,5.762669687622123,5.498820547240921,4.97112226647852,-1.279567928125641,5.867362774113796,5.708206720224268,5.3898946124452145,-0.21684725281344425,5.755812157415804,5.485105486828283,4.943692145653243,-0.20671360250264634,5.755100951394845,5.4836830747863665,4.940847321569411
2021,5,2021_05_LA_SEA,SEA,3.0,3.988803690250647,-2.789493422899951,3.994233930780551,3.999664171310454,4.010524652370261,-2.659880121214281,3.9954141399998333,4.002024589749019,4.01524548924739,-0.38228667222753165,4.01558837528807,4.042373060325493,4.0959424304003385,-0.37167453130229383,4.01241183979977,4.036019989348893,4.083236288447139
2021,5,2021_05_MIA_TB,MIA,-2.0,3.437843064671024,-3.476769856067094,3.4189306328973204,3.4000182011236175,3.3621933375762105,-3.693399591801,3.32487387005489,3.211904675438757,2.9859662862064895,-0.4144311952826348,3.5611889199170292,3.684534775163035,3.9312264856550456,-0.39293456933978005,3.571559307498319,3.7052755503256147,3.9727080359802054
2021,5,2021_05_MIA_TB,TB,8.0,8.119923032191451,1.0032529921304612,7.987030220297081,7.854137408402711,7.588351784613971,1.5282542709749876,8.136491531928842,8.153060031666232,8.186197031141013,0.26688699140959365,7.945556749952811,7.77119046771417,7.42245790323689,0.25696988919677505,7.92781208126366,7.735701130335868,7.351479228480285
2021,5,2021_05_NE_HOU,HOU,5.0,5.829269341013234,-1.7108735195956462,5.628957910341059,5.428646479668885,5.028023618324537,-1.5385851129300603,5.6549370330792925,5.4806047251453505,5.131940109277467,-0.03262039588916304,5.843880260960589,5.858491180907943,5.887713020802652,-0.01442333563283828,5.857087038618397,5.884904736223561,5.940540131433888
2021,5,2021_05_NE_HOU,NE,5.0,8.398489517153367,1.487254922069138,8.310098968653833,8.221708420154297,8.044927323155225,1.1103945822416783,8.241380066475422,8.084270615797475,7.770051714441582,0.37670514025941526,8.295164990022446,8.191840462891523,7.98519140862968,0.3932944848955949,8.313920533559633,8.2293515499659,8.060213582778433
2021,5,2021_05_NO_WAS,NO,6.0,6.924206810401985,0.921508415735992,7.070964941781514,7.217723073161043,7.5112393359200995,-0.027492905930676936,6.852363280113638,6.78051974982529,6.636832689248594,0.2447427306366561,7.020401509618388,7.11659620883479,7.308985607267594,0.2278794311306991,6.99321551063173,7.062224210861474,7.200241611320962
2021,5,2021_05_NO_WAS,WAS,5.0,5.627961902091096,-0.619007823822798,5.7354758746601044,5.842989847229113,6.058017792367129,-0.09075174613341916,5.8644297725631676,6.100897643035237,6.573833383979379,0.11707194674046417,5.884664197881946,6.141366493672796,6.654771085254495,0.09931955095056473,5.853940184635109,6.079918467179121,6.531875032267146
2021,5,2021_05_NYG_DAL,DAL,11.0,6.556919999740886,-0.17571002485781073,6.536738933557988,6.516557867375088,6.47619573500929,-0.5252226553216546,6.452976249415172,6.349032499089455,6.141144998438025,0.18464409973210716,6.667946592578175,6.778973185415462,7.001026371090038,0.19959800967803729,6.680992518137629,6.80506503653437,7.053210073327854
2021,5,2021_05_NYG_DAL,NYG,2.0,3.274968616157288,-2.7681488231400717,3.4638913975611647,3.6528141789650417,4.030659741772795,-2.82316662713802,3.4193836887006794,3.563798761244071,3.852628906330854,-0.40705074628813576,3.448487863951781,3.6220071117462735,3.9690456073352585,-0.40811953186389444,3.4296672955637675,3.584365974970247,3.893763333783205
2021,5,2021_05_NYJ_ATL,ATL,5.0,7.5839007180916065,0.6595309329870027,7.503952297485911,7.4240038768802155,7.264107035668824,0.7085856796817489,7.530398371474169,7.47689602485673,7.369891331621854,0.2780612157625186,7.557854839627728,7.531808961163849,7.479717204236091,0.30770374234379605,7.591735069307415,7.599569420523222,7.615238122954837
2021,5,2021_05_NYJ_ATL,NYJ,4.0,5.419845312558349,-1.12701743211865,5.459582732292986,5.499320152027623,5.578794991496899,-0.9362397662659274,5.497837530961549,5.575829749364749,5.731814186171148,-0.3305225559896904,5.155182407544254,4.89051950253016,4.361193692501971,-0.32045241156974347,5.152267389225864,4.884689465893379,4.349533619228409
2021,5,2021_05_PHI_CAR,CAR,8.0,6.838566521405863,0.9367762796306494,7.010335399302891,7.182104277199919,7.525642032993975,0.4223530641951349,6.900133154995058,6.961699788584253,7.084833055762644,0.19305604296915052,6.889957667805886,6.941348814205909,7.044131107005956,0.20676938592742392,6.901548179217887,6.964529837029911,7.090493152653958
2021,5,2021_05_PHI_CAR,PHI,12.0,5.86495693173697,-0.962216442403749,5.832282046159554,5.799607160582139,5.734257389427308,-0.8198585634712054,5.8606471754248695,5.856337419112769,5.84771790648857,-0.302349332836197,5.525107644116095,5.18525835649522,4.505559781253471,-0.2908532747230486,5.524571647082357,5.184186362427745,4.50341579311852
2021,5,2021_05_SF_ARI,ARI,8.0,7.005087311998546,-0.013139203620437051,6.91120406872481,6.817320825451073,6.629554338903601,0.11672032184516917,6.948929045705612,6.892770779412679,6.780454246826811,0.1943949331790556,7.016563456255529,7.028039600512512,7.050991889026479,0.22115940072556106,7.0451417395066604,7.085196167014773,7.165305022031002
2021,5,2021_05_SF_ARI,SF,5.0,4.239141490421606,-2.8990442983813764,4.1561515110096,4.073161531597595,3.9071815727735846,-2.97272786229053,4.105276438538741,3.971411386655877,3.7036812828901486,-0.4255067588477571,4.14797430413413,4.056807117846654,3.874472745271704,-0.4099013602754685,4.1504810760483775,4.061820661675149,3.884499832928693
2021,5,2021_05_TEN_JAX,JAX,-1.0,3.888155522527224,-2.428785221652344,4.003814894111852,4.119474265696481,4.350793008865738,-1.7992300946706299,4.134207763798023,4.3802600050688225,4.8723644876104215,-0.36622100724344725,3.960683292036393,4.033211061545562,4.1782666005639,-0.34348820816147946,3.9735599974775493,4.058964472427875,4.229773422328527
2021,5,2021_05_TEN_JAX,TEN,7.0,6.661888739507522,1.2872200428593135,6.960473453330938,7.259058167154352,7.856227594801183,0.44860914317479084,6.774161907812548,6.886435076117573,7.110981412727624,0.26087793881950927,6.844333087833101,7.026777436158679,7.391666132809836,0.24872653732378347,6.823572325451892,6.985255911396262,7.308623083285001
2021,6,2021_06_ARI_CLE,ARI,12.0,5.180169652945212,-1.4797917719779818,5.185304583197642,5.1904395134500705,5.200709373954929,-1.3216568600806597,5.191796221632673,5.203422790320134,5.226675927695058,-0.32427835059251897,4.995123075023733,4.810076497102255,4.439983341259299,-0.32022086122082916,4.9829107254946186,4.785651798044025,4.391133943142839
2021,6,2021_06_ARI_CLE,CLE,-2.0,6.173226131052691,-0.14078468790755969,6.266614160949826,6.360002190846959,6.546778250641228,0.061446304341107094,6.26809670147472,6.36296727189675,6.552708412740808,0.15283083179949414,6.2978805729302705,6.422535014807849,6.671843898563008,0.162055631578845,6.314992341597639,6.4567585521425865,6.740290973232482
2021,6,2021_06_BUF_TEN,BUF,1.0,6.24057499173117,0.04196818504865408,6.363054979899568,6.485534968067965,6.73049494440476,0.8105560020502516,6.498158184547651,6.755741377364132,7.270907762997095,0.21990365649184726,6.4268319118166986,6.613088831902228,6.985602672073286,0.17602595121427844,6.382516258632352,6.524457525533533,6.808340059335897
2021,6,2021_06_BUF_TEN,TEN,4.0,3.288717091818152,-3.3978014856783303,3.2846838849401023,3.2806506780620524,3.272584264305953,-3.470929826779023,3.258059802648562,3.2274025134789723,3.166087935139793,-0.4192525642426584,3.465464108029713,3.6422111242412742,3.9957051566643966,-0.39773981151369026,3.4699230757472126,3.651129059676273,4.013541027534394
2021,6,2021_06_CIN_DET,CIN,7.0,5.890122495169171,0.4384567035284698,6.199860497530993,6.509598499892816,7.129074504616461,0.5033774655724982,6.16169293797659,6.433263380784009,6.9764042663988475,0.2856898570002871,6.240927563677032,6.591732632184895,7.293342769200618,0.2606135430499248,6.222682910237406,6.555243325305643,7.220364155442113
2021,6,2021_06_CIN_DET,DET,3.0,5.728951867386227,-1.6032378534144036,5.565866963024353,5.402782058662481,5.076612249938735,-1.653688491055411,5.523800111622311,5.318648355858395,4.908344844330562,-0.3681693197651729,5.3553805398688095,4.981809212351392,4.234666557316556,-0.3206692161934318,5.393951404792177,5.058950942198129,4.388950017010029
2021,6,2021_06_DAL_NE,DAL,13.0,6.256903470538977,0.5732660702639332,6.5088263136014355,6.760749156663895,7.264594842788812,0.4351928621894291,6.420435890203077,6.583968309867176,6.911033149195374,0.25632847688704935,6.481676025769436,6.7064485809998935,7.15599369146081,0.29783629071631973,6.543096415700078,6.829289360861178,7.401675251183381
2021,6,2021_06_DAL_NE,NE,3.0,3.739642623594059,-1.7927155482206711,4.026265784763382,4.312888945932704,4.886135268271349,-1.7840004831872958,4.00058443945872,4.261526255323381,4.783409887052703,-0.3729878422331807,3.8577634868898585,3.975884350185658,4.212126076777257,-0.3475092814683918,3.8692851461670483,3.9989276687400372,4.2582127138860155
2021,6,2021_06_GB_CHI,CHI,3.0,4.750635968816537,-2.227666347109481,4.675199621947247,4.599763275077955,4.4488905813393735,-2.6624071771491145,4.548289150074335,4.345942331332132,3.9412486938477276,-0.3613871158853099,4.62957520366281,4.508514438509082,4.266392908201627,-0.3647439631365266,4.606542726603294,4.46244948439005,4.174262999963563
2021,6,2021_06_GB_CHI,GB,7.0,7.902227716879635,1.1854213329129393,7.896665425789717,7.891103134699801,7.879978552519967,0.7616122620672499,7.732666682087479,7.563105647295324,7.223983577711014,0.3123001374640971,7.781126419366731,7.6600251218538284,7.417822526828022,0.3132599361829467,7.7958716506479835,7.689515584416333,7.476803451953032
2021,6,2021_06_HOU_IND,HOU,1.0,4.021316473140334,-3.376315022907873,3.839533366001011,3.6577502588616895,3.2941840445830453,-3.1918673595200677,3.874396232268465,3.7274759913965965,3.4336355096528592,-0.41335737695442176,4.021807891958776,4.022299310777218,4.023282148414102,-0.40256669580424564,4.013494702834994,4.005672932529655,3.990029391918976
2021,6,2021_06_HOU_IND,IND,15.0,8.79230743284327,0.4673431180381687,8.38375889044638,7.975210348049489,7.158113263255709,1.148890050305715,8.49305087673112,8.193794320618972,7.595281208394673,0.337956159251451,8.478690168324343,8.165072903805418,7.537838374767566,0.34554678062603483,8.502748545511762,8.213189658180255,7.6340718835172385
2021,6,2021_06_KC_WAS,KC,8.0,5.793083296983487,-1.0140393348807217,5.762042008719536,5.731000720455585,5.668918143927683,-0.18455622069263464,5.924026631583376,6.054969966183265,6.3168566353830435,-0.04477004363941509,5.781685042325189,5.770286787666891,5.747490278350296,-0.06993560830973028,5.7473792986726115,5.701675300361736,5.6102673037399855
2021,6,2021_06_KC_WAS,WAS,8.0,2.557362466323658,-3.823011773657596,2.629304714439483,2.7012469625553086,2.84513145878696,-3.625532501314265,2.672487998868678,2.787613531413698,3.017864596503738,-0.36307361090923346,2.982647770525058,3.4079330747264587,4.25850368312926,-0.36319203982905507,2.963477444875548,3.369592423427439,4.181822380531219
2021,6,2021_06_LAC_BAL,BAL,11.0,5.621269992667475,-0.7757448966638039,5.693069825436562,5.764869658205649,5.908469323743823,-0.16386629195078373,5.80012570454564,5.978981416423805,6.3366928401801355,0.1593889337252066,5.8915829762264,6.1618959597853245,6.702521926903174,0.121966862462873,5.852207383734123,6.08314477480077,6.545019556934064
2021,6,2021_06_LAC_BAL,LAC,6.0,5.4916041932395805,-1.402166725020397,5.438389096887329,5.385174000535079,5.278743807830577,-1.276459642390835,5.436205190581463,5.380806187923346,5.2700081826071115,-0.3720620603015474,5.172817338831452,4.854030484423324,4.216456775607067,-0.35454510181952653,5.174688496082689,4.857772798925799,4.2239414046120185
2021,6,2021_06_LA_NYG,LA,16.0,6.858574742041306,-0.2380619495804947,6.756178046078163,6.65378135011502,6.448987958188735,0.33092739079119593,6.846698546740498,6.8348223514396915,6.811069960838077,0.2521184446480406,6.9280059706658985,6.997437199290492,7.136299656539679,0.2750698870656358,6.966626220142,7.074677698242694,7.290780654444083
2021,6,2021_06_LA_NYG,NYG,2.0,4.188752432216259,-3.0452402560772196,4.04831554101385,3.9078786498114404,3.627004867406622,-2.9076047898758643,4.068106478131895,3.9474605240475302,3.706168615878801,-0.44735457460029976,4.107626139737725,4.026499847259191,3.864247262302123,-0.41337823282752667,4.12590598887544,4.063059545534619,3.9373666588529783
2021,6,2021_06_LV_DEN,DEN,1.0,6.811509965908122,0.6781770851091741,6.951147261451705,7.090784556995288,7.370059148082454,0.3823319990240568,6.823720842459281,6.835931719010439,6.860353472112756,0.3232883490910528,6.975938496064861,7.140367026221601,7.46922408653508,0.2922726727285855,6.952276225356957,7.093042484805792,7.374575003703461
2021,6,2021_06_LV_DEN,LV,13.0,5.963066093501608,-1.5312761608968957,5.7595379354752,5.556009777448794,5.14895346139598,-1.5002993035217262,5.736150762078779,5.509235430655951,5.055404767810295,-0.34939007884109224,5.552927978721883,5.142789863942157,4.322513634382707,-0.3222891164101496,5.567564450770181,5.1720628080387545,4.381059522575901
2021,6,2021_06_MIA_JAX,JAX,3.0,5.109778951457925,-0.9291778485854254,5.270891008947323,5.432003066436721,5.754227181415517,-0.5952710973170877,5.313106462517888,5.5164339735778505,5.923088995697777,-0.34285116987008124,4.920609683678816,4.731440415899706,4.3531018803414865,-0.31346661800422126,4.9383426378595265,4.766906324261129,4.424033697064331
2021,6,2021_06_MIA_JAX,MIA,4.0,6.2436098199593,0.7335502548946555,6.539138452609111,6.834667085258923,7.425724350558546,0.081638286235974,6.3257241693098045,6.407838518660308,6.572067217361317,0.26581320627023647,6.482797899550546,6.721985979141791,7.200362138324282,0.2553676099957938,6.48141020085024,6.719210581741179,7.1948113435230585
2021,6,2021_06_MIN_CAR,CAR,9.0,5.403281180338817,-1.6580565744083309,5.3078369903448595,5.2123928003509015,5.021504420362985,-1.4765835041281463,5.321996382111351,5.240711583883884,5.07814198742895,-0.2011038316621957,5.306505693325645,5.209730206312472,5.016179232286127,-0.1811458599873929,5.319602105521483,5.235923030704146,5.068564881069476
2021,6,2021_06_MIN_CAR,MIN,9.0,6.5176728060212215,0.4018143894690771,6.661314340158568,6.804955874295914,7.092238942570607,0.6776074317426803,6.674115859537052,6.830558913052883,7.143445020084544,0.2555580623614133,6.676352050279861,6.835031294538499,7.152389783055777,0.24126137422580735,6.669779657826979,6.821886509632735,7.126100213244249
2021,6,2021_06_SEA_PIT,PIT,8.0,8.47528078140252,-0.09798057886614539,8.003912612145434,7.53254444288835,6.589808104374179,0.6433223284878066,8.134104239913803,7.7929276984250855,7.110574615447651,0.244131132179935,8.131194573458544,7.787108365514569,7.098935949626618,0.2363848909515045,8.132047331599162,7.788813881795804,7.102346982189089
2021,6,2021_06_SEA_PIT,SEA,2.0,4.743135617796478,-2.3737300137052304,4.632865860654404,4.522596103512331,4.302056589228185,-2.46937119955456,4.588931581016316,4.434727544236154,4.1263194706758295,-0.3582941535474942,4.627567068773072,4.511998519749665,4.280861421702852,-0.3532984831978137,4.614855126723361,4.4865746356502445,4.230013653504012
2021,6,2021_06_TB_PHI,PHI,1.0,3.923036642354071,-2.8448145406338377,3.899399383891293,3.8757621254285146,3.828487608502958,-2.857117462930147,3.880920655625758,3.8388046688974438,3.754572695440817,-0.3724240471329931,3.995968342727407,4.068900043100742,4.2147634438474135,-0.36468623829572894,3.9859135258292406,4.048790409304409,4.174544176254748
2021,6,2021_06_TB_PHI,TB,4.0,6.876913337716912,0.6525159999323437,6.993750685499695,7.110588033282477,7.344262728848042,1.0186111601743488,7.025279500096889,7.173645662476867,7.47037798723682,0.28161412209408415,6.976254243633605,7.075595149550298,7.274276961383684,0.25228682921056494,6.952636237158068,7.028359136599224,7.179804935481537
2021,7,2021_07_ATL_MIA,ATL,6.0,5.967159583533609,-0.3640083338627421,5.976948431494129,5.986737279454648,6.0063149753756875,-0.145088200076285,6.078299909058131,6.189440234582654,6.411720885631699,0.3413358553482862,6.574294601583594,7.181429619633578,8.395699655733548,0.30322925477306106,6.523934603277681,7.080709623021752,8.194259662509895
2021,7,2021_07_ATL_MIA,MIA,4.0,4.997357436764765,-1.3904777580916161,4.971431857025085,4.9455062772854035,4.893655117806043,-1.244048001661978,5.02888433403543,5.060411231306095,5.123465025847426,-0.2602094753935445,4.788928267876303,4.580499098987842,4.163640761210919,-0.2478539459340669,4.798520039048729,4.599682641332693,4.202007845900621
2021,7,2021_07_CAR_NYG,CAR,2.0,6.99200735928738,0.22875678684390488,6.906218847060743,6.820430334834107,6.648853310380833,0.07561145417126383,6.911614544963138,6.8312217306388945,6.6704361019904095,0.28434624547688925,7.242695516333656,7.493383673379933,7.994759987472486,0.2425967063906402,7.1827592481820455,7.3735111370767115,7.755014914866042
2021,7,2021_07_CAR_NYG,NYG,17.0,6.133804038978089,-0.5166287106062156,6.060572877566015,5.98734171615394,5.840879393329792,-0.7509291181650837,6.025733964557773,5.917663890137457,5.701523741296826,0.11094015633313166,6.294051554793859,6.454299070609629,6.774794102241169,0.11100633224977888,6.300784346044738,6.467764653111386,6.801725267244684
2021,7,2021_07_CHI_TB,CHI,-2.0,3.0957066453888853,-2.4995052756909164,3.2446562193038133,3.393605793218741,3.6915049410485965,-3.0129921926644823,3.0842349400168776,3.07276323464487,3.049819823900855,-0.3398913207686024,3.22254351987879,3.349380394368695,3.603054143348505,-0.34921740973092075,3.1887032808244715,3.2816999162600577,3.4676931871312298
2021,7,2021_07_CHI_TB,TB,21.0,9.256161195795892,1.8242290687922424,9.036694390289876,8.817227584783858,8.378293973771825,2.1349869247117796,9.213255755043722,9.170350314291554,9.084539432787214,0.2855478811391217,8.942924364068993,8.629687532342096,8.003213868888299,0.2921523918112007,8.97062458296083,8.685087970125767,8.114014744455641
2021,7,2021_07_CIN_BAL,BAL,-1.0,7.894538799699826,0.1557646580848008,7.56333714710264,7.232135494505455,6.5697321893110825,0.3398887161583091,7.665962894333931,7.437386988968036,6.980235178236246,0.2658370595889544,7.887039623702935,7.879540447706045,7.864542095712263,0.24747748787739016,7.868497377915109,7.842455956130392,7.7903731125609585
2021,7,2021_07_CIN_BAL,CIN,6.0,5.139067164119825,-1.5297631468527229,5.039968931601922,4.940870699084019,4.742674234048213,-1.8442726754127,4.959263254371224,4.779459344622622,4.419851525125419,-0.3833409587960057,4.678643472394432,4.21821978066904,3.297372397218256,-0.38095583919712195,4.663742420884238,4.188417677648651,3.237768191177478
2021,7,2021_07_DEN_CLE,CLE,5.0,8.084425786830186,0.7747626918258457,7.8734958798042145,7.662565972778244,7.240706158726301,0.2791475914291556,7.79057718560483,7.496728584379475,6.909031381928763,0.26595917438199657,8.02966964295831,7.974913499086435,7.865401211342684,0.2632907108198374,8.039551836414251,7.994677885998318,7.90492998516645
2021,7,2021_07_DEN_CLE,DEN,4.0,5.7059551273715385,0.10505931976106767,5.908158653681537,6.110362179991535,6.514769232611531,-0.23200497605553064,5.856924514681515,6.007893901991492,6.309832676611445,0.12470476797770552,5.997374454375143,6.288793781378748,6.871632435385957,0.12808657620363684,6.010831573437741,6.315708019503945,6.9254609116363515
2021,7,2021_07_DET_LA,DET,0.0,2.36553957294934,-1.9346363655542196,2.850105849858449,3.3346721267675576,4.303804680585776,-1.8805428695812298,2.8684881252975085,3.3714366776456774,4.377333782342014,-0.4044339821362182,2.561398780621371,2.7572579882934023,3.1489764036374646,-0.38657647457688504,2.5734172338398262,2.781294894730312,3.1970502165112844
2021,7,2021_07_DET_LA,LA,7.0,8.333815456977348,4.59675630155972,9.096267683889852,9.858719910802357,11.383624364627366,3.7121383789803386,8.983700482368704,9.63358550776006,10.933355558542772,0.3279211817064878,8.325692404110203,8.317569351243058,8.301323245508769,0.3007534301981581,8.294442559682645,8.255069662387942,8.176323867798535
2021,7,2021_07_HOU_ARI,ARI,11.0,10.549061650183928,4.715396199255466,10.789852787580102,11.030643924976278,11.512226199768627,4.047272423273508,10.743350365845359,10.937639081506791,11.326216512829657,0.3458323336971987,10.018629683238878,9.48819771629383,8.42733378240373,0.3671198325447471,10.076072934556311,9.603084218928693,8.65710678767346
2021,7,2021_07_HOU_ARI,HOU,7.0,2.128392256647609,-2.9061841244800983,2.408963728140049,2.6895351996324894,3.2506781426173705,-2.971356557978073,2.3709509938521736,2.6135097310567383,3.0986272054658675,-0.4217167032023157,2.353140961028145,2.577889665408681,3.0273870741697535,-0.4146732135642598,2.3446709379374457,2.5609496192272823,2.9935069818069557
2021,7,2021_07_IND_SF,IND,11.0,5.705099518833566,-0.33817268238607306,5.787404636882199,5.869709754930831,6.034319991028097,-0.5380598318232779,5.766589590930748,5.82807966302793,5.951059807222294,0.11354928649559648,5.977112175665491,6.249124832497417,6.793150146161267,0.09565873647723518,5.951460031915753,6.197820544997938,6.690541571162312
2021,7,2021_07_IND_SF,SF,4.0,7.507521358234694,0.7705730382816658,7.439682195918711,7.371843033602728,7.236164708970762,0.3586122376267141,7.38118697623519,7.254852594235686,7.002183830236679,0.1948687422440357,7.471955484530839,7.436389610826984,7.365257863419274,0.18866765206049974,7.471724211962826,7.435927065690957,7.36433277314722
2021,7,2021_07_KC_TEN,KC,3.0,4.624836129159959,-2.2154622427822637,4.468476711241101,4.312117293322243,3.999398457484526,-1.9214070550289608,4.550984779947511,4.477133430735062,4.329430732310165,-0.2566388357968388,4.515817427792251,4.406798726424542,4.188761323689125,-0.23516380023222747,4.542112093014934,4.459388056869908,4.293939984579856
2021,7,2021_07_KC_TEN,TEN,17.0,2.450033228619491,-2.79391961614385,2.6806172366258556,2.91120124463222,3.372369260644949,-3.0462779959023374,2.5902250549688643,2.730416881318238,3.0108005340169846,-0.35813276950075046,2.706204887946853,2.962376547274215,3.47471986592894,-0.35097297429694024,2.701268727465057,2.952504226310623,3.454975224001755
2021,7,2021_07_NO_SEA,NO,9.0,8.243327605992166,0.5938750881326235,7.943653157340109,7.643978708688053,7.044629811383939,0.7577582334900801,8.050016406565893,7.85670520713962,7.470082808287074,0.3248564244521578,8.252436135240423,8.261544664488682,8.279761722985196,0.29584779886135426,8.217692116629332,8.192056627266496,8.140785648540826
2021,7,2021_07_NO_SEA,SEA,8.0,5.465156102815492,-2.1448930488125235,5.117840375895017,4.770524648974542,4.075893195133592,-1.907177268247713,5.185394977829962,4.905633852844433,4.346111602873376,-0.25843876559187146,5.1428916412540335,4.8206271796925755,4.17609825656966,-0.24256981387757365,5.1589390934236246,4.8527220840317575,4.240288065248024
2021,7,2021_07_NYJ_NE,NE,12.0,8.278460224239675,0.7163929209447996,8.003203969061254,7.7279477138828305,7.177435203525986,0.6968454118087488,8.05851460322753,7.838568982215385,7.398677740191095,0.3148226858813038,8.261137979372709,8.243815734505741,8.209171244771808,0.3548039538373472,8.350816662780364,8.423173101321055,8.567885978402433
2021,7,2021_07_NYJ_NE,NYJ,-3.0,5.443164222068708,-1.4200836166238233,5.29776399627845,5.1523637704881935,4.861563318907678,-1.7133052854453785,5.225717685478458,5.008271148888211,4.573378075707713,-0.37427337512739034,4.922664585191093,4.402164948313478,3.361165674558249,-0.35346426688904753,4.9416050098556905,4.440045797642674,3.4369273732166405
2021,7,2021_07_PHI_LV,LV,6.0,6.469551655589398,0.9414301191494725,6.707505814698379,6.94545997380736,7.421368292025322,0.47466766506562663,6.636721199090025,6.803890742590652,7.138229829591906,0.32211176366106875,6.917276786404509,7.365001917219621,8.260452178849842,0.299804132108764,6.8945254414706705,7.319499227351944,8.169446799114489
2021,7,2021_07_PHI_LV,PHI,1.0,5.777603770095889,-1.1104127042212257,5.632511985783434,5.487420201470979,5.197236632846067,-1.3017684139047307,5.597153392669631,5.416703015243373,5.055802260390857,-0.21823003415180056,5.447947631250799,5.11829149240571,4.458979214715531,-0.21184570877443798,5.448919057069109,5.120234344042329,4.462864917988767
2021,7,2021_07_WAS_GB,GB,14.0,6.884329028197591,0.3440676604655185,6.856708418759471,6.829087809321351,6.7738465904451095,0.2788613275963349,6.890420723420745,6.8965124186438995,6.908695809090208,0.2545072891061625,7.109455178409312,7.334581328621033,7.784833629044474,0.2571440302176352,7.128347056927504,7.372365085657417,7.860401143117244
2021,7,2021_07_WAS_GB,WAS,7.0,3.746156244768363,-3.076290050990925,3.5761893802608067,3.4062225157532504,3.066288786738138,-2.4943576291141056,3.7240645087483344,3.701972772728306,3.657789300688249,-0.40475060285767467,3.5963044031202815,3.4464525614722,3.1467488781760373,-0.39464400710420844,3.594268685622287,3.442381126476211,3.1386060081840594
2021,8,2021_08_CAR_ATL,ATL,3.0,6.4894272698749225,0.6474011177681815,6.692354558904936,6.895281847934949,7.301136425994975,0.20214595384106135,6.599861479267796,6.710295688660668,6.931164107446415,0.28241169508331593,6.780984196446175,7.072541123017428,7.655654976159935,0.27097341069591696,6.764718520405717,7.0400097709365115,7.5905922719981005
2021,8,2021_08_CAR_ATL,CAR,11.0,5.0447909799927,-1.7733239503088956,4.943074716347583,4.841358452702467,4.637925925412235,-1.9434953911975805,4.897483874940917,4.7501767698891335,4.455562559785568,-0.34108212070387106,4.770609182570138,4.496427385147576,3.9480637903024514,-0.32483555300122935,4.775467577077316,4.506144174161932,3.9674973683311627
2021,8,2021_08_CIN_NYJ,CIN,7.0,9.217629612943789,2.064707387707702,9.128325981233958,9.039022349524128,8.860415086104467,1.5702317724080161,9.040631304683274,8.863632996422757,8.509636379901725,0.3828950302678053,8.97651639603225,8.735403179120713,8.253176745297637,0.39947177692284125,9.006218872715642,8.794808132487496,8.371986652031204
2021,8,2021_08_CIN_NYJ,NYJ,4.0,4.49920847012307,-1.0516516302669536,4.732378497554915,4.96554852498676,5.431888579850451,-0.9390823641644502,4.778015314983813,5.056822159844556,5.614435849566043,-0.42150091528575534,4.24187018657051,3.98453190301795,3.4698553359128304,-0.38896024927218753,4.268795647279686,4.038382824436302,3.5775571787495344
2021,8,2021_08_DAL_MIN,DAL,2.0,4.10946650615243,-2.787269756538439,3.962703024701235,3.8159395432500407,3.5224125803476523,-3.143570585745182,3.849834343949043,3.5902021817456564,3.0709378573388832,-0.3599504441474863,4.041065817743116,3.972665129333802,3.8358637525151744,-0.362327113546844,4.016977982038161,3.924489457923893,3.739512409695356
2021,8,2021_08_DAL_MIN,MIN,8.0,5.461053565680436,-1.4235078470622835,5.351486001856696,5.241918438032956,5.022783310385476,-1.5986990862230552,5.309135724063439,5.157217882446442,4.853382199212447,0.10079409370470274,5.7397077286758105,6.018361891671184,6.575670217661932,0.13623134725935743,5.788597717405516,6.116141869130596,6.771230172580756
2021,8,2021_08_GB_ARI,ARI,1.0,6.553629623582562,0.5974139644674911,6.726757725334001,6.8998858270854395,7.2461420305883175,0.09051359697333658,6.615813404152345,6.677997184722127,6.8023647458616905,0.19316907180685908,6.6964661761233195,6.839302728664077,7.124975833745592,0.17907064520223592,6.673155854727371,6.79268208587218,7.031734548161798
2021,8,2021_08_GB_ARI,GB,8.0,4.165110198824952,-2.1536033991609833,4.178721065082568,4.192331931340183,4.2195536638554145,-1.9823192707514201,4.226524719400619,4.287939239976284,4.410768281127616,-0.36579665776050546,4.074107494604149,3.9831047903833463,3.8010993819417407,-0.3524687495243793,4.073697849179792,3.982285499534632,3.7994608002443115
2021,8,2021_08_JAX_SEA,JAX,2.0,6.078874980874862,-2.180638700148665,5.6066087909324,5.134342600989939,4.189810221105015,-1.1196457614547568,5.910682515774548,5.742490050674233,5.406105120473603,-0.21209753266107004,5.737923131529127,5.39697128218339,4.715067583491919,-0.20090530365889633,5.739434530247537,5.39999407962021,4.7211131783655595
2021,8,2021_08_JAX_SEA,SEA,13.0,6.974539296120639,0.6238449479072606,7.049709627328459,7.1248799585362805,7.275220620951922,0.057635241992252215,6.922012048135185,6.869484800149731,6.764430304178824,0.24673338048754864,7.091778153273341,7.209017010426043,7.443494724731448,0.23469375687882485,7.073398691767608,7.172258087414576,7.369976878708513
2021,8,2021_08_LA_HOU,HOU,-3.0,2.8530605174290846,-2.1873351238055396,3.1854061412745347,3.5177517651199857,4.182443012810887,-2.508475401574003,3.090720140065934,3.3283797627027836,3.8036990079764825,-0.4145011567019533,3.0176651966448405,3.182269875860597,3.5114792342921093,-0.39721629135341024,3.0216335020068446,3.1902064865846054,3.5273524557401257
2021,8,2021_08_LA_HOU,LA,7.0,9.42716113251829,2.646716008932114,9.445551811413981,9.463942490309671,9.500723848101053,2.7167362686449295,9.528483898201445,9.629806663884601,9.832452195250912,0.40109678079148103,9.160724105145738,8.894287077773186,8.361413023028081,0.39840593336478547,9.161747172405603,8.896333212292916,8.36550529206754
2021,8,2021_08_MIA_BUF,BUF,12.0,8.585239007206273,0.9541763299384214,8.348589627628998,8.111940248051722,7.638641488897172,1.1662554864550572,8.449813246937765,8.314387486669256,8.04353596613224,0.24482232635460216,8.296961927070068,8.008684846933864,7.432130686661457,0.24230748378739012,8.292998181422755,8.000757355639237,7.416275704072203
2021,8,2021_08_MIA_BUF,MIA,0.0,2.425552296522093,-3.4503050796769053,2.5174043785825244,2.6092564606429556,2.7929606247638183,-3.3481098879417255,2.5279002648504627,2.6302482331788326,2.834944169835572,-0.4024710524472899,2.714918213361508,3.004284130200923,3.5830159638797534,-0.39166582202853323,2.7094403921251975,2.993328487728302,3.561104678934511
2021,8,2021_08_NE_LAC,LAC,3.0,6.273454532160204,-0.3101756811208378,6.267000550218491,6.260546568276778,6.247638604393352,-0.3790116183143051,6.270249694669033,6.267044857177861,6.26063518219552,0.1521424423881038,6.425343887892171,6.577233243624139,6.8810119550880735,0.1961587839485177,6.489002639956082,6.704550747751961,7.135646963343717
2021,8,2021_08_NE_LAC,NE,13.0,3.4979007465154943,-2.683160438154985,3.532663207253833,3.5674256679921723,3.6369505894688503,-2.513140492097927,3.5730046879548567,3.6481086293942195,3.7983165122729448,-0.39805280635837864,3.5257477997474944,3.5535948529794945,3.6092889594434947,-0.3784512244878924,3.5337911139366627,3.5696814813578306,3.641462216200167
2021,8,2021_08_NYG_KC,KC,6.0,6.656857653629695,0.02650734424715455,6.647155081089341,6.6374525085489875,6.61804736346828,0.3290876046846033,6.762050002982322,6.86724235233495,7.077627051040204,0.24115539379001583,6.8452245800093765,7.033591506389056,7.410325359148419,0.23642466373437546,6.8377688569533115,7.018680060276928,7.380502466924161
2021,8,2021_08_NYG_KC,NYG,7.0,2.09766718380349,-3.464857815009057,2.2674879212282133,2.4373086586529364,2.7769501335023823,-3.963108147709211,2.1045930081524946,2.111518832501499,2.125370481199508,-0.3030945350624852,2.6167394046591532,3.1358116255148167,4.173956067226143,-0.3209800301002735,2.5709860572334837,3.0443049306634773,3.990942677523464
2021,8,2021_08_PHI_DET,DET,-4.0,5.0548498314227865,-1.495525696474328,5.027025221385741,4.999200611348695,4.943551391274604,-1.4462425499013567,5.048458310745836,5.042066790068887,5.029283748714986,-0.3895622401906034,4.706081851006551,4.357313870590315,3.6597779097578433,-0.35255387042154257,4.74087316927732,4.426896507131852,3.798943182840918
2021,8,2021_08_PHI_DET,PHI,15.0,5.657456183595496,-0.13565370532251153,5.853002774600605,6.048549365605714,6.439642547615932,-0.37699700749811726,5.808832038478446,5.960207893361396,6.262959603127295,0.29268751426786394,6.172282110494383,6.687108037393268,7.716759891191041,0.26650018848673507,6.133939826054119,6.610423468512741,7.563390753429987
2021,8,2021_08_PIT_CLE,CLE,3.0,7.139773086430263,0.05025799128752733,7.015874096468327,6.891975106506392,6.64417712658252,0.3227649461408728,7.122412835777951,7.105052585125639,7.070332083821016,0.2562278307040805,7.229818126754916,7.3198631670795695,7.499953247728877,0.2836894818963508,7.271809386528995,7.403845686627726,7.66791828682519
2021,8,2021_08_PIT_CLE,PIT,10.0,5.367025169480783,-1.3402320573233677,5.303869098167588,5.240713026854392,5.114400884228,-1.4288340382938367,5.287611219471717,5.208197269462651,5.049369369444518,-0.3242852551773171,5.037255365291186,4.7074855611015884,4.047945952722393,-0.3089533903439706,5.041287947658714,4.7155507258366445,4.064076282192507
2021,8,2021_08_SF_CHI,CHI,-1.0,5.820354336029469,-0.33112244680594,5.921414149285641,6.022473962541813,6.224593589054156,-0.6419651911777791,5.854576797730474,5.8887992594314795,5.957244182833489,0.06189143665200298,5.951349874596355,6.082345413163241,6.344336490297012,0.07534241380309152,5.965507389844974,6.110660443660478,6.400966551291487
2021,8,2021_08_SF_CHI,SF,6.0,8.351140756540197,2.5002340209715608,8.598247736040847,8.845354715541497,9.339568674542798,1.5881047839550644,8.395920050436176,8.440699344332156,8.530257932124114,0.33116645075664697,8.249749060973544,8.148357365406891,7.945573974273586,0.29385141710401447,8.195783738371272,8.040426720202348,7.729712683864497
2021,8,2021_08_TB_NO,NO,15.0,4.116548379637782,-2.6579998688358466,4.003569161626675,3.8905899436155673,3.664631507593352,-2.4750974720167376,4.047963747134165,3.9793791146305493,3.842209849623316,-0.3436532334704558,4.070604967034486,4.024661554431189,3.9327747292245965,-0.3510906261157682,4.039371565680519,3.9621947517232563,3.80784112380873
2021,8,2021_08_TB_NO,TB,0.0,6.963427037910792,0.150845892823042,6.911280522555595,6.859134007200398,6.754840976490003,0.8035113989659504,7.128822404711819,7.294217771512845,7.625008505114899,0.2385021359825004,7.071207234566397,7.178987431222,7.394547824533208,0.23121753168925452,7.059779795069597,7.1561325522284,7.3488380665460085
2021,8,2021_08_TEN_IND,IND,6.0,5.334576117400524,-1.659878875476452,5.1916158028290305,5.048655488257536,4.762734859114548,-1.2651673968794637,5.310483321091547,5.286390524782568,5.238204932164614,-0.11113843713891017,5.329786700598444,5.324997283796362,5.315418450192201,-0.1029843590328469,5.3300739014261485,5.325571685451772,5.316567253503019
2021,8,2021_08_TEN_IND,TEN,12.0,4.474684355792704,-2.414274448443704,4.339206027981383,4.203727700170063,3.9327710445474215,-2.425471489358707,4.330880115920394,4.187075876048085,3.899467396303466,-0.3733692744034434,4.295030516020131,4.115376676247559,3.7560689967024143,-0.3689552026153932,4.280815070828554,4.086945785864405,3.699207215936106
2021,8,2021_08_WAS_DEN,DEN,17.0,5.996609588473606,0.28245507474078346,6.2223655729571155,6.448121557440625,6.899633526407643,-0.19828689381690592,6.114745203268794,6.2328808180639825,6.469152047654358,0.2514754982099161,6.365380595175472,6.734151601877337,7.471693615281068,0.24986781671000316,6.363019651941773,6.729429715409941,7.462249842346275
2021,8,2021_08_WAS_DEN,WAS,7.0,6.212924866636416,-1.373497660914285,5.929144411440587,5.645363956244758,5.0778030458531,-1.1846229266054635,5.992477565373195,5.772030264109976,5.331135661583535,-0.32737066929272307,5.667093302695655,5.121261738754892,4.02959861087337,-0.3061985910386042,5.679900681739535,5.146876496842655,4.080828127048893
2021,9,2021_09_ARI_SF,ARI,12.0,5.33492960955763,-1.9822970873410035,5.078013856650261,4.821098103742893,4.307266597928155,-1.9295341443958838,5.083081181776991,4.8312327539963515,4.327535898435074,-0.3499967974682138,4.974260121015806,4.613590632473982,3.8922516553903344,-0.34040972346380044,4.9702727563014655,4.605615903045301,3.876302196532971
2021,9,2021_09_ARI_SF,SF,1.0,7.491126038032413,0.47723533311595506,7.409824713824259,7.3285233896161035,7.165920741199795,-0.14026835394078377,7.270167329908931,7.049208621785448,6.607291205538482,0.20876578113429625,7.397989271617846,7.304852505203279,7.118578972374144,0.20806735690617956,7.3974446761494015,7.303763314266391,7.116400590500367
2021,9,2021_09_ATL_NO,ATL,3.0,4.4283791384019136,-2.817289621663209,4.155478173026414,3.882577207650914,3.336775276899915,-2.361530413276407,4.265563592450496,4.102748046499079,3.7771169545962446,-0.37091520721885657,4.264151241916966,4.099923345432018,3.7714675524621217,-0.34535377339998363,4.283058226697307,4.137737314992699,3.8470954915834845
2021,9,2021_09_ATL_NO,NO,2.0,7.615654975460905,0.6931046711078742,7.565946324719901,7.516237673978898,7.416820372496891,0.45766763808075017,7.55402591941313,7.4923968633653555,7.369138751269805,0.25852759063804487,7.5632178633538185,7.510780751246731,7.405906527032558,0.2805655563528768,7.597911167549171,7.5801673596374375,7.54467974381397
2021,9,2021_09_BUF_JAX,BUF,8.0,8.37803732052465,1.8710473526951905,8.480006547698197,8.581975774871744,8.78591422921884,1.2913421882707206,8.391364893864324,8.404692467203997,8.431347613883347,0.3530020531870242,8.27137986941741,8.16472241831017,7.95140751609569,0.31768144207009413,8.224512943239715,8.07098856595478,7.763939811384909
2021,9,2021_09_BUF_JAX,JAX,17.0,2.212948439581268,-3.4544190809733717,2.3087751671399404,2.4046018946986125,2.5962553498159573,-2.7982802630248647,2.4648716636490557,2.7167948877168433,3.220641335852419,-0.4490386397867393,2.489805917793178,2.7666633960050877,3.3203783524289068,-0.4035667753929238,2.5355126701753115,2.8580769007693547,3.5032053619574413
2021,9,2021_09_CHI_PIT,CHI,5.0,4.912089582530542,-1.4505959888389566,4.915379619356102,4.918669656181661,4.925249729832782,-1.7369729080277208,4.827288122020666,4.742486661510789,4.572883740491036,0.23047861172059425,5.495054713640636,6.078019844750729,7.2439501069709165,0.2269137358252811,5.491000823037546,6.06991206354455,7.227734544558558
2021,9,2021_09_CHI_PIT,PIT,7.0,9.296127648970174,1.3206141838768595,9.0086355547064,8.721143460442626,8.146159271915078,1.4129125472068653,9.118656718036652,8.94118578710313,8.586243925236088,0.336949600034042,8.936775668445419,8.577423687920664,7.858719726871152,0.30936889428119096,8.900804209067857,8.505480769165539,7.714833889360904
2021,9,2021_09_CLE_CIN,CIN,-2.0,5.648869075699976,0.07915706001144399,5.9124628413766445,6.176056607053312,6.703244138406648,-0.2629025988970059,5.849411648332312,6.049954220964649,6.451039366229322,0.24641786735565693,6.070647878576512,6.492426681453049,7.335984287206121,0.22807847060877015,6.045305594693268,6.44174211368656,7.234615151673144
2021,9,2021_09_CLE_CIN,CLE,18.0,5.559210624575868,-0.36064126963678816,5.717427302993755,5.875643981411644,6.19207733824742,-0.5481735581386763,5.691299814473559,5.823389004371251,6.087567384166634,-0.3266731877915691,5.176138848743268,4.793067072910668,4.02692352124547,-0.3125952541131816,5.179561632174419,4.79991263977297,4.0406146549700726
2021,9,2021_09_DEN_DAL,DAL,3.0,8.206782816814442,0.9156837595104179,8.073966758098685,7.941150699382926,7.67551858195141,0.4219697537438151,7.9860008736347865,7.765218930455131,7.323655044095818,0.2735355121016828,8.028227895138688,7.849672973462934,7.492563130111426,0.2680078969803457,8.022711126856219,7.838639436897996,7.470496056981548
2021,9,2021_09_DEN_DAL,DEN,7.0,3.061113869697239,-2.171451581129172,3.317689645802464,3.5742654219076897,4.08741697411814,-2.773375113480415,3.1089288291212616,3.1567437885452847,3.25237370739333,-0.34985934040455735,3.269096737371492,3.4770796050457458,3.893045340394252,-0.3690795740356448,3.2225695573362243,3.38402524497521,3.706936620253182
2021,9,2021_09_GB_KC,GB,5.0,3.270555510870033,-2.608349511782966,3.34782194227665,3.425088373683268,3.5796212364965028,-2.678169904610511,3.2963359877281526,3.322116464586272,3.3736774183025107,-0.29842258709900604,3.5004276624153383,3.7302998139606434,4.190044117051254,-0.3090887361591428,3.468248937716112,3.6659423645621914,4.0613292182543494
2021,9,2021_09_GB_KC,KC,11.0,6.198708617749159,-0.6327201503975518,6.117993147188339,6.037277676627518,5.875846735505878,-0.474211086781338,6.1944827404764595,6.190256863203759,6.1818051086583585,0.19281835539126727,6.405655867678093,6.612603117607026,7.026497617464894,0.19829202821464262,6.41369480585999,6.62868099397082,7.05865337019248
2021,9,2021_09_HOU_MIA,HOU,15.0,5.253523398180199,-1.8124340391293756,5.066316110687252,4.879108823194304,4.504694248208408,-1.4800463860383577,5.165202862396547,5.076882326612894,4.900241255045589,-0.31368527085719,4.965621674087103,4.677719949994007,4.101916501807815,-0.31139507138613404,4.952068715853907,4.650614033527615,4.047704668875031
2021,9,2021_09_HOU_MIA,MIA,17.0,7.255029676563017,1.3122267573688622,7.475374950427699,7.69572022429238,8.136410772021744,1.1709853550943734,7.510771630124383,7.766513583685748,8.277997490808481,0.2963836569999319,7.347394666158872,7.439759655754726,7.624489634946434,0.3259338134243851,7.394444818524347,7.533859960485676,7.812690244408335
2021,9,2021_09_LAC_PHI,LAC,1.0,5.882591679142459,-1.1827118208688019,5.721094989579544,5.559598300016628,5.236604920890797,-1.174208184784876,5.734423398148377,5.586255117154294,5.289918555166128,-0.21461853862925984,5.580427139491833,5.278262599841208,4.673933520539956,-0.20876383768262016,5.575442028398587,5.268292377654715,4.65399307616697
2021,9,2021_09_LAC_PHI,PHI,0.0,5.464791023748296,-0.8679242638824194,5.499211960156487,5.533632896564678,5.602474769381061,-0.8304224575624676,5.530579741797756,5.596368459847217,5.727945895946139,-0.2523772873451548,5.212571350391253,4.960351677034212,4.455912330320128,-0.2339222100571661,5.224936109195617,4.985081194642937,4.50537136553758
2021,9,2021_09_LV_NYG,LV,6.0,6.361134286463955,0.7384299578690697,6.638225924954302,6.915317563444648,7.469500840425342,1.0272163055172987,6.79455501122339,7.227975735982826,8.094817185501697,0.2763560020789323,6.648062915277339,6.934991544090723,7.508848801717492,0.27530102231700987,6.64924566398565,6.937357041507346,7.513579796550736
2021,9,2021_09_LV_NYG,NYG,14.0,5.1306170157651865,-2.0025200270828782,4.918903254724152,4.707189493683118,4.2837619716010495,-2.080085784502004,4.881891186402589,4.63316535703999,4.1357136983147935,-0.3548451325460224,4.814027034163239,4.49743705256129,3.864257089357393,-0.3477437449071196,4.806206978185766,4.481796940606344,3.8329768654475016
2021,9,2021_09_MIN_BAL,BAL,-1.0,6.241319030638006,-0.5876520038158317,6.163046356907829,6.084773683177653,5.9282283357173,-0.7905007893481673,6.125692085066605,6.010065139495204,5.778811248352403,0.21889795078971838,6.475259948888336,6.709200867138668,7.1770827036393285,0.22437874707938427,6.484179082229897,6.727039133821787,7.212759237005569
2021,9,2021_09_MIN_BAL,MIN,12.0,4.397992500000094,-2.1552291484457227,4.325062352329044,4.252132204657993,4.106271909315893,-1.582708005671738,4.4908536538672195,4.583714807734344,4.769437115468595,-0.3857834161516702,4.219898789396202,4.0418050787923105,3.6856176575845265,-0.36908066154434416,4.225226923963806,4.052461347927517,3.7069301958549405
2021,9,2021_09_NE_CAR,CAR,7.0,6.083580468603445,-0.2559968209211186,6.141111104364868,6.198641740126289,6.313703011649134,-0.6461041080658042,6.053383160795657,6.023185852987867,5.962791237372289,0.08819898256255931,6.168290184462058,6.2529999003206695,6.422419332037894,0.10758263817677824,6.193383502245933,6.30318653588842,6.522792603173394
2021,9,2021_09_NE_CAR,NE,20.0,7.005432924077084,0.806519048843334,7.141234472825261,7.277036021573437,7.54863911906979,0.8056098118202821,7.207190178258648,7.408947432440211,7.812461940803338,0.32528812696286846,7.201921120454366,7.398409316831648,7.791385709586213,0.2914927910775907,7.156382639581486,7.307332355085888,7.609231786094693
2021,9,2021_09_NYJ_IND,IND,5.0,8.134396520552393,0.9929923323820434,8.042140499923983,7.949884479295572,7.765372438038751,0.8751497418666759,8.076063584780947,8.017730649009499,7.901064777466606,0.255719534256951,7.948220552346031,7.7620445841396695,7.389692647726945,0.29471274121278696,8.007860756824734,7.881324993097072,7.628253465641752
2021,9,2021_09_NYJ_IND,NYJ,-3.0,3.4667980268683456,-3.2432922263487023,3.310509247435693,3.1542204680030412,2.8416429091377364,-2.780071027785127,3.4110590824674594,3.355320138066573,3.243842249264801,-0.4094810994737524,3.4872949873891868,3.507791947910029,3.5487858689517116,-0.38027301393747376,3.5103015165085143,3.553805006148683,3.640811985429021
2021,9,2021_09_TEN_LA,LA,5.0,5.915299594906477,0.06036887945467166,6.106826470543025,6.298353346179574,6.681407097452671,-0.16929882045070527,6.0790503582564535,6.242801121606432,6.570302648306385,0.17997621533590458,6.174561286429764,6.433822977953053,6.952346360999628,0.1812343289867126,6.1759461821074995,6.436592769308524,6.957885943710569
2021,9,2021_09_TEN_LA,TEN,16.0,3.216162709143974,-2.0656365332583793,3.4647228334019986,3.7132829576600237,4.210403206176073,-2.6610115524720843,3.261006874646343,3.3058510401487116,3.3955393711534496,-0.3835011591811119,3.336820917059094,3.4574791249742134,3.6987955408044533,-0.38525449008069884,3.3149680786594025,3.4137734481748314,3.6113841872056884
2021,10,2021_10_ATL_DAL,ATL,-2.0,2.8306875080976304,-2.8503964224752094,2.9838235705008227,3.1369596329040155,3.443231757710401,-3.1315260294829117,2.906155106459109,2.9816227048205883,3.1325579015435467,-0.4131208463793156,2.987115573021678,3.1435436379457258,3.4563997677938207,-0.3877320717235939,2.9940962995977056,3.157505091097781,3.4843226740979314
2021,10,2021_10_ATL_DAL,DAL,23.0,6.506301999596654,0.576007564455881,6.642974978102872,6.7796479566090895,7.052993913621526,0.42179750596365556,6.637664211291973,6.769026422987293,7.031750846377933,0.1853808351825238,6.573289692195699,6.640277384794745,6.7742527699928345,0.22335238042921376,6.642688173217778,6.779074346838902,7.051846694081149
2021,10,2021_10_BAL_MIA,BAL,4.0,7.674937608062483,1.3094912431429118,7.71263538633049,7.750333164598496,7.82572872113451,0.6277155522837953,7.570631284013561,7.466324959964639,7.257712311866794,0.381222265811305,7.721182962016963,7.767428315971442,7.859919023880401,0.31743400261386534,7.656477507060902,7.638017406059323,7.6010972040561615
2021,10,2021_10_BAL_MIA,MIA,12.0,4.544775221964861,-1.9148052708944774,4.515803785231741,4.486832348498622,4.428889475032383,-2.7360023227591364,4.3002265789569405,4.055677935949021,3.5665806499331807,-0.3617114543151032,4.343929615133912,4.143084008302963,3.741392794641064,-0.3595493498220927,4.320794917366023,4.096814612767186,3.64885400356951
2021,10,2021_10_BUF_NYJ,BUF,12.0,8.63094066961753,1.8005315799994088,8.558967063370368,8.486993457123205,8.343046244628882,1.6562048264690405,8.569783381748433,8.508626093879336,8.38631151814114,0.2426538569218996,8.246143353537342,7.861346037457153,7.091751405296775,0.2508829296485714,8.276348158606334,7.921755647595139,7.212570625572748
2021,10,2021_10_BUF_NYJ,NYJ,2.0,2.6413122322123312,-3.8188739029752767,2.5867161380673567,2.532120043922382,2.4229278556324334,-3.7345642150878944,2.598689639996018,2.556067047779705,2.4708218633470787,-0.4331097758594349,2.8173814664203674,2.993450700628403,3.345589169044475,-0.4130809771092269,2.8150679805786085,2.988823728944886,3.3363352256774403
2021,10,2021_10_CAR_ARI,ARI,3.0,8.154648992658462,1.3891943411225234,8.093410993130552,8.032172993602643,7.909696994546826,0.8926520465651188,8.003095968648452,7.851542944638442,7.548436896618423,0.3198260445139681,7.995877500954596,7.83710600925073,7.519563025842998,0.2895761603250927,7.975602376661061,7.79655576066366,7.4384625286688575
2021,10,2021_10_CAR_ARI,CAR,12.0,5.310711229653146,-1.1851772528160713,5.282423995447692,5.254136761242238,5.197562292831329,-2.0435412861735522,5.064644342238104,4.818577454823061,4.326443679992977,-0.3408924337460838,4.947234693508672,4.583758157364198,3.8568050850752504,-0.35363696494660946,4.903876080274251,4.497040930895356,3.6833706321375654
2021,10,2021_10_CLE_NE,CLE,-2.0,5.693273559234454,-0.9126695687961591,5.641118359692404,5.588963160150355,5.484652761066256,-0.6585068220901451,5.73152843712709,5.769783315019728,5.846293070805001,-0.1664705431970476,5.475887671798785,5.258501784363117,4.82373000949178,-0.17327628509140822,5.454035198079438,5.214796836924423,4.736320114614392
2021,10,2021_10_CLE_NE,NE,11.0,6.155661196889821,-0.09962447917196793,6.202047540869501,6.248433884849179,6.341206572808537,-0.7035872593731746,6.065952058823818,5.976242920757814,5.796824644625806,0.18580655900411924,6.310899100646373,6.466137004402925,6.776612811916029,0.18113481203825965,6.318090805792373,6.480520414694924,6.805379632500027
2021,10,2021_10_DET_PIT,DET,7.0,3.899146591505902,-2.566686939304255,3.859890811200483,3.820635030895064,3.742123470284226,-2.073547162185482,3.997739225072797,4.096331858639692,4.293517125773481,-0.4052868879376889,3.799316965572555,3.699487339639208,3.499828087772514,-0.3723519855165417,3.8178879296972426,3.736629267888583,3.574111944271264
2021,10,2021_10_DET_PIT,PIT,5.0,8.17488463667919,1.4071642546431666,8.113320611849247,8.051756587019302,7.928628537359415,1.3694231612111394,8.149067332942554,8.123250029205916,8.071615421732645,0.3357621449851436,8.033140069490962,7.891395502302733,7.607906367926276,0.3038425826283542,8.011601028834756,7.8483174209903215,7.521750205301453
2021,10,2021_10_JAX_IND,IND,14.0,7.374916534304909,0.8294989495696926,7.361200015260704,7.347483496216499,7.320050458128089,0.3661726677323523,7.273865315781602,7.1728140972582946,6.97071166021168,0.2936160820789166,7.374753780319792,7.3745910263346754,7.374265518364443,0.27094044551244484,7.363604108103479,7.352291681902049,7.329666829499189
2021,10,2021_10_JAX_IND,JAX,1.0,3.4684367983128905,-2.9637339506122586,3.432284889970017,3.396132981627143,3.323829164941395,-2.4721743151446707,3.5653498115820774,3.6622628248512648,3.8560888513896385,-0.40405024718106414,3.477998480627322,3.4875601629417528,3.506683527570615,-0.3854107701522052,3.4757962192371386,3.483155640161386,3.4978744820098813
2021,10,2021_10_KC_LV,KC,7.0,4.599184497009936,-1.742848232277195,4.6019004981241345,4.604616499238334,4.610048501466733,-1.6368116040102803,4.64257916237109,4.685973827732245,4.772763158454555,-0.2484217264010303,4.541744761811239,4.484305026612542,4.36942555621515,-0.21465923147923371,4.57306977126421,4.5469550455184855,4.4947255940270345
2021,10,2021_10_KC_LV,LV,-2.0,3.5463417360428515,-2.1213218153088156,3.712586689471059,3.878831642899266,4.211321549755681,-1.9043103602343956,3.779563029329456,4.012784322616061,4.47922690918927,-0.3186702142501759,3.654755338763205,3.763168941483558,3.9799961469242646,-0.2994618304929028,3.659667856668521,3.7729939772941905,3.9996462185455295
2021,10,2021_10_LA_SF,LA,1.0,6.37208349975441,0.6309629855826858,6.556785169925111,6.741486840095812,7.110890180437213,0.5688876629344378,6.577352199714724,6.782620899675037,7.193158299595664,0.2527389998322562,6.5659774718250485,6.759871443895687,7.1476593880369625,0.2765634933249816,6.6196862003518175,6.867288900949225,7.3624943021440385
2021,10,2021_10_LA_SF,SF,16.0,4.40094384898676,-2.5592072297482034,4.23820874767703,4.075473646367301,3.7500034437478416,-2.779327008135913,4.180467605506159,3.9599913620255576,3.5190388750643558,-0.4248562629319011,4.1485437193967,3.8961435898066403,3.3913433306265204,-0.3855699894196767,4.174944125875633,3.9489444027645058,3.4969449565422517
2021,10,2021_10_MIN_LAC,LAC,4.0,4.936939832453636,-2.1623617838056113,4.744726223664804,4.552512614875971,4.168085397298304,-2.3867800096764094,4.690153667267477,4.443367502081317,3.949795171708998,-0.2454961097260678,4.799115874419909,4.6612919163861815,4.385644000318727,-0.21182187513669537,4.830527409505592,4.724114986557549,4.51129014066146
2021,10,2021_10_MIN_LAC,MIN,5.0,3.511215430187395,-2.562797616555747,3.5699668035180925,3.62871817684879,3.746220923510185,-2.1260748139256003,3.6923807217788625,3.8735460133703303,4.235876596553266,-0.3732424766211931,3.552778931916683,3.594342433645971,3.6774694371045467,-0.35899426897374004,3.5464352169805906,3.581655003773786,3.6520945773601774
2021,10,2021_10_NO_TEN,NO,2.0,5.456497865471581,0.08307335051934812,5.725793690464519,5.995089515457458,6.533681165443335,0.44213720928549577,5.855890987319407,6.255284109167235,7.0540703528628885,0.23115254920852668,5.849371592486381,6.2422453195011816,7.027992773530782,0.1950742096928151,5.814062932174365,6.171627998877151,6.886758132282719
2021,10,2021_10_NO_TEN,TEN,6.0,6.081639567792079,-0.054922673976463596,6.158304805572527,6.234970043352977,6.388300518913874,-0.1850120952076721,6.152698749546295,6.223757931300513,6.365876294808946,0.21732920915156564,6.299070107552334,6.51650064731259,6.951361726833101,0.23013433271210326,6.334089644758032,6.586539721723986,7.091439875655892
2021,10,2021_10_PHI_DEN,DEN,3.0,6.6369359952363896,0.530389012435935,6.728935537064306,6.820935078892221,7.004934162548053,0.3900599833278669,6.726933019543123,6.816930043849856,6.996924092463323,0.2320655346322062,6.735965495957923,6.834994996679455,7.033053998122522,0.2107486164192763,6.722268409403294,6.807600823570198,6.978265651904007
2021,10,2021_10_PHI_DEN,PHI,9.0,6.860162909668717,0.01550888883270372,6.760747458940196,6.661332008211675,6.462501106754633,0.2332420551731598,6.851332681554616,6.842502453440514,6.824841997212311,0.21086095393011373,6.873998261533317,6.887833613397916,6.915504317127116,0.2097065171942347,6.888167645871258,6.9161723820738,6.972181854478881
2021,10,2021_10_SEA_GB,GB,17.0,6.849213128567108,0.08650938116734122,6.771235113778998,6.693257098990887,6.537301069414665,0.3966135382485095,6.88793873391062,6.926664339254133,7.004115549941158,0.2672253780566642,6.943901359450537,7.038589590333966,7.2279660521008235,0.2472558546218408,6.934758767544057,7.0203044065210065,7.191395684474906
2021,10,2021_10_SEA_GB,SEA,4.0,3.930309057009856,-2.343541991258555,3.9420342027246784,3.9537593484395,3.9772096398691446,-2.549917082970004,3.890426504126785,3.850543951243713,3.77077884547757,-0.30317505073369533,3.9642055706531614,3.998102084296466,4.065895111583076,-0.31266534976509996,3.9283727408573412,3.9264364247048267,3.9225637923997967
2021,10,2021_10_TB_WAS,TB,6.0,6.989687235770394,-0.23229298257277592,6.792625061973947,6.595562888177499,6.201438540584602,0.03721771748415766,6.894699742586928,6.799712249403461,6.609737263036527,0.30444083483916906,7.1008338271107885,7.211980418451182,7.434273601131968,0.27936593709249363,7.086979183933648,7.184271132096901,7.378855028423409
2021,10,2021_10_TB_WAS,WAS,5.0,2.989632295285805,-3.503747929388381,2.930953536103532,2.872274776921259,2.754917258556713,-3.352976777876056,2.964612178789113,2.939592062292421,2.889551829299038,-0.42705816426817855,3.0870084399049427,3.1843845845240804,3.379136873762356,-0.40888985715174586,3.0824249897317326,3.1752176841776603,3.3608030730695155
2021,11,2021_11_ARI_SEA,ARI,8.0,6.67860411353156,-1.5371482266083112,6.2367307673913395,5.79485742125112,4.911110728970678,-1.3965946239321094,6.269310984240997,5.860017854950434,5.041431596369308,-0.23634712340671227,6.18560136373835,5.69259861394514,4.70659311435872,-0.26585502404212624,6.130367611094014,5.582131108656469,4.485658103781377
2021,11,2021_11_ARI_SEA,SEA,2.0,5.874272463572838,0.4209777898907479,6.164186700871216,6.454100938169592,7.033929412766347,0.08976861940805261,6.118885269661835,6.36349807575083,6.8527236879288225,0.2262388326456809,6.219609879188783,6.564947294804727,7.2556221260366165,0.2211423463119235,6.221693986248667,6.569115508924494,7.263958554276149
2021,11,2021_11_BAL_CHI,BAL,9.0,8.739958075406204,0.9437038146600853,8.455123682915167,8.17028929042413,7.600620505442057,0.764889173057239,8.473826072928093,8.20769407044998,7.6754300654937575,0.2555051630494274,8.409191311429776,8.07842454745335,7.416891019500497,0.25767065658697236,8.423056331104998,8.106154586803795,7.472351098201385
2021,11,2021_11_BAL_CHI,CHI,9.0,5.741187399102359,-1.123768866360424,5.645705125777946,5.5502228524535315,5.359258305804704,-1.2609352497559518,5.607577301358,5.47396720361364,5.206747008124921,-0.15227835374545373,5.598351754162282,5.455516109222204,5.169844819342049,-0.17380656291181457,5.558588269285961,5.375989139469562,5.0107908798367635
2021,11,2021_11_CIN_LV,CIN,10.0,4.983376529153334,-0.9766477629252224,5.117220738400926,5.251064947648518,5.518753366143702,-1.2498837455632488,5.042586007945284,5.101795486737235,5.220214444321134,-0.23537936163950204,4.9155138616381,4.847651194122865,4.711925859092396,-0.23000387997111355,4.910079257288268,4.836781985423201,4.690187441693067
2021,11,2021_11_CIN_LV,LV,4.0,5.238661995263425,-0.9237531875865667,5.32302068662835,5.407379377993275,5.576096760723124,-0.7861048263858246,5.375341123082427,5.512020250901427,5.7853785065394305,-0.26515138054516324,5.065964102642697,4.893266210021968,4.547870424780513,-0.21892296808529169,5.117347396255017,4.996032797246608,4.75340359922979
2021,11,2021_11_DAL_KC,DAL,8.0,3.4214810152334025,-2.156509540715761,3.6260249151551065,3.830568815076811,4.239656614920219,-1.7855031541186162,3.707987032923463,3.9944930506135243,4.567505085993646,-0.3067942240276909,3.645711290876446,3.86994156651949,4.318402117805577,-0.31852500525273003,3.6124052551931247,3.8033294951528465,4.185177975072291
2021,11,2021_11_DAL_KC,KC,15.0,4.567309568737739,-1.6751364751567384,4.61586134234521,4.66441311595268,4.76151666316762,-1.5871144425968131,4.627797897466957,4.688286226196174,4.809262883654609,-0.26369862189261534,4.564451099424749,4.56159263011176,4.555875691485781,-0.22639328411521487,4.603178613085014,4.639047657432288,4.710785746126836
2021,11,2021_11_DET_CLE,CLE,8.0,9.01824786382753,1.2425183990761803,8.74482779135497,8.47140771888241,7.924567573937294,0.5355712706923194,8.61268133563247,8.207114807437408,7.395981751047287,0.34425377381961725,8.740168516366502,8.462089168905475,7.905930473983419,0.3430372504455598,8.753526920288682,8.488805976749836,7.9593640896721425
2021,11,2021_11_DET_CLE,DET,11.0,3.46357695040222,-2.532470764966948,3.5557012908003327,3.647825631198446,3.8320743119946723,-2.645056522748745,3.4776946274800005,3.4918123045577816,3.5200476587133434,-0.41107849017392023,3.533621498748804,3.6036660470953885,3.7437551437885572,-0.3990472427595932,3.529133173337318,3.5946893962724165,3.7258018421426136
2021,11,2021_11_GB_MIN,GB,1.0,5.390184903257423,1.6504114402679348,6.1343305255186955,6.878476147779967,8.366767392302512,0.8111364059432404,5.9755854898816265,6.56098607650583,7.731787249754237,0.28843997286334616,5.942232343719285,6.494279784181147,7.5983746651048705,0.28729753812512304,5.952981494492081,6.51577808572674,7.641371268196057
2021,11,2021_11_GB_MIN,MIN,1.0,4.440501829213231,-1.7707082709404889,4.494853017636191,4.5492042060591515,4.657906582905072,-1.6769365440659842,4.50532764090253,4.570153452591828,4.699805075970426,-0.19880736351433992,4.558739329579831,4.6769768299464305,4.91345183067963,-0.21796468611062383,4.520094011767725,4.599686194322219,4.758870559431208
2021,11,2021_11_HOU_TEN,HOU,16.0,4.185557817091069,-3.138644393989079,3.932897628680017,3.6802374402689657,3.1749170634468626,-2.9497588757028876,3.926352201207363,3.667146585323658,3.1487353535562463,-0.402102832970719,4.087471991618152,3.989386166145235,3.7932145151994012,-0.3892361106609267,4.084611852058489,3.9836658870259107,3.781773956960753
2021,11,2021_11_HOU_TEN,TEN,0.0,8.618439408886687,1.5840538424813022,8.537536715909798,8.456634022932912,8.294828636979137,1.4722108627162709,8.598173796826927,8.577908184767168,8.537376960647647,0.3444510013869472,8.44058387536299,8.26272834183929,7.907017274791894,0.29777583919066847,8.389116945462774,8.159794482038862,7.701149555191035
2021,11,2021_11_IND_BUF,BUF,-4.0,6.801405644378272,-0.3315341650496321,6.655585662956191,6.509765681534109,6.218125718689945,0.01066883649119984,6.790137275443579,6.778868906508884,6.756332168639496,0.2025006894124303,6.882258158208597,6.963110672038919,7.124815699699567,0.18298798749508763,6.862626600455522,6.923847556532771,7.04628946868727
2021,11,2021_11_IND_BUF,IND,10.0,4.113955515253009,-2.2997817825649265,4.106550169808299,4.09914482436359,4.0843341334741705,-2.299700927833789,4.070691704875779,4.02742789449855,3.940900273744091,-0.3839268465492697,4.058809458549494,4.003663401845978,3.8933712884389466,-0.3759422046459084,4.049870425734291,3.9857853362155726,3.8576151571781363
2021,11,2021_11_MIA_NYJ,MIA,5.0,6.915360989286303,0.872212071354237,7.067299688351632,7.21923838741696,7.523115785547615,0.2589710935863218,6.951249477835059,6.987137966383816,7.058914943481328,0.25445329195433386,7.039294441857281,7.16322789442826,7.4110947995702166,0.2796405831076625,7.085942903754884,7.256524818223463,7.597688647160622
2021,11,2021_11_MIA_NYJ,NYJ,2.0,5.881039029582192,-1.848886222346123,5.554067596208078,5.2270961628339645,4.573153296085736,-0.8729491316515223,5.8306666374438505,5.780294245305508,5.679549461028824,-0.22487034946770773,5.603237925771625,5.325436821961056,4.769834614339921,-0.20158076098696928,5.623864320845252,5.366689612108312,4.852340194634431
2021,11,2021_11_NE_ATL,ATL,6.0,4.169542690339794,-2.575967676788951,4.073386765983987,3.9772308416281783,3.784918992916563,-2.7734199458110647,3.9680628030802034,3.7665829158206128,3.363623141301432,-0.40804460536687925,4.06727527580336,3.9650078612669266,3.760473032194059,-0.380137269374325,4.085577638076444,4.001612585813094,3.833682481286393
2021,11,2021_11_NE_ATL,NE,28.0,7.264736763554261,2.2474803087891373,7.702066098576397,8.139395433598533,9.014054103642806,1.9375069566000507,7.72465003816829,8.18456331278232,9.104389862010379,0.346378252404499,7.427961867532017,7.591186971509773,7.9176371794652844,0.3472365995877369,7.4443828746588,7.624028985763339,7.983321207972418
2021,11,2021_11_NO_PHI,NO,4.0,6.623081111004219,0.16461384661777037,6.656311681673622,6.689542252343024,6.756003393681829,-0.24610556615447618,6.578167128534215,6.533253146064211,6.443425181124202,0.10894171581766658,6.619628150794299,6.616175190584379,6.609269270164538,0.09702783341178134,6.606283393242951,6.589485675481684,6.555890239959148
2021,11,2021_11_NO_PHI,PHI,11.0,7.064314412820274,-0.44042830387133064,6.82325400692946,6.582193601038647,6.100072789257018,-0.7583182650719945,6.753045658157441,6.441776903494606,5.819239394168939,0.21139783981750496,7.091696426624599,7.119078440428925,7.173842468037575,0.24212866865637814,7.1441569798378115,7.223999546855348,7.383684680890421
2021,11,2021_11_NYG_TB,NYG,2.0,2.8549292676041755,-3.376160861617599,2.8705528832167158,2.886176498829256,2.9174237300543364,-3.116819077010054,2.8774856221809713,2.900041976757767,2.945154685911359,-0.4001270747175209,3.0922223791175023,3.329515490630829,3.804101713657483,-0.39123437283637574,3.083790438567429,3.312651609530683,3.7703739514571906
2021,11,2021_11_NYG_TB,TB,12.0,7.95577579781713,0.8849627971568607,7.851066583439766,7.746357369062402,7.5369389403076745,1.3511034636543766,8.064280518896503,8.172785239975875,8.389794682134621,0.2526310305002737,7.817095205446413,7.678414613075695,7.401053428334261,0.24063488833135607,7.810622529386439,7.665469260955749,7.375162724094368
2021,11,2021_11_PIT_LAC,LAC,-1.0,6.091054543371732,-0.26979933575142123,6.139554131780764,6.188053720189796,6.2850528970078585,-0.21718387085206073,6.187958245166165,6.284861946960596,6.4786693505494615,0.22687451173228382,6.383072148953412,6.675089754535092,7.259124965698451,0.2205292184817476,6.383406078682565,6.675757613993399,7.260460684615066
2021,11,2021_11_PIT_LAC,PIT,2.0,4.445333557795212,-2.211075848351627,4.379125389140184,4.312917220485156,4.1805008831751,-1.754927328479558,4.485191415746753,4.525049273698294,4.604764989601376,-0.4024902843374751,4.281770045115121,4.118206532435031,3.791079507074849,-0.37448143203086415,4.300487369924822,4.15564118205443,3.8659488063136482
2021,11,2021_11_SF_JAX,JAX,1.0,4.804662800872897,-0.9390892078442654,4.993364818005846,5.1820668351387935,5.55947086940469,-1.394529529958262,4.864484134045079,4.924305467217261,5.043948133561624,-0.401055434487301,4.553243622978466,4.301824445084035,3.7989860892951732,-0.3660052933207926,4.582073310013316,4.359483819153734,3.914304837434571
2021,11,2021_11_SF_JAX,SF,11.0,7.595312594895344,0.8451135824662532,7.569918975239336,7.5445253555833265,7.493738116271309,0.5897850821699387,7.561996211355765,7.528679827816185,7.462047060737025,0.3453669250968915,7.674500539075218,7.753688483255093,7.912064371614841,0.29903431340810266,7.623566721193546,7.651820847491747,7.70832910008815
2021,11,2021_11_WAS_CAR,CAR,5.0,6.96411825636862,-0.6332801558001558,6.695838865082897,6.427559473797175,5.891000691225731,-0.64630084754704,6.712024832522456,6.459931408676292,5.955744560983964,0.26668442541816273,7.092711970953827,7.221305685539036,7.478493114709453,0.25283709788198167,7.084282652226844,7.204447048085068,7.444775839801518
2021,11,2021_11_WAS_CAR,WAS,1.0,5.4717230962246814,-0.3410608744545534,5.655741758068705,5.839760419912728,6.207797743600774,-0.4960996075303772,5.638487518857065,5.805251941489448,6.138780786754216,0.13043313768086204,5.785716168569165,6.099709240913648,6.7276953856026145,0.1375720402285074,5.800590650284094,6.129458204343507,6.787193312462333
2021,12,2021_12_ATL_JAX,ATL,6.0,6.477546023866156,0.6493962464640332,6.529963343968598,6.5823806640710405,6.687215304275925,0.823094418625698,6.572718496722404,6.667890969578651,6.858235915291146,0.32515608948929453,6.6223789097988455,6.767211795731535,7.056877567596914,0.2824230722829537,6.58663384893538,6.695721674004603,6.91389732414305
2021,12,2021_12_ATL_JAX,JAX,3.0,6.244627083570869,1.1629522957404475,6.446363419751487,6.648099755932105,7.051572428293341,1.0806532578267058,6.446340225712534,6.6480533678541995,7.051479652137529,0.17490037862782915,6.303454569458969,6.362282055347069,6.479937027123269,0.15692788014404385,6.287644395221058,6.330661706871246,6.416696330171623
2021,12,2021_12_BUF_NO,BUF,11.0,6.926725055457761,0.011102386300449444,6.753633628899605,6.58054220234145,6.234359349225139,0.32474144095460644,6.816125497443808,6.705525939429855,6.4843268234019495,0.2917425470613579,6.927188483774003,6.927651912090246,6.92857876872273,0.3019296429335473,6.9428389550672565,6.9589528546767525,6.991180653895743
2021,12,2021_12_BUF_NO,NO,5.0,4.200100773944698,-3.3078416011026577,4.119985327378891,4.039869880813085,3.879638987681472,-2.9427779241301426,4.158260778577322,4.116420783209946,4.032740792475194,-0.4159967208920467,4.2028393136287185,4.205577853312739,4.21105493268078,-0.3936698562968494,4.208894623555359,4.217688473166021,4.235276172387344
2021,12,2021_12_CAR_MIA,CAR,3.0,7.415419353550344,0.38739865272873925,7.186897907338799,6.958376461127255,6.501333568704165,0.3209713891047326,7.181939063272285,6.948458772994227,6.481498192438111,0.25304703435182785,7.256564179895657,7.0977090062409705,6.779998658931598,0.24718242630960047,7.255133755598013,7.094848157645684,6.774276961741024
2021,12,2021_12_CAR_MIA,MIA,23.0,6.494963005911028,0.7054302782608977,6.5529648197603,6.610966633609572,6.726970261308116,0.6475298156218148,6.552850156179002,6.610737306446974,6.726511606982919,0.24476186166503144,6.558268723942454,6.621574441973881,6.748185878036734,0.21564180211066983,6.533551195071167,6.572139384231306,6.649315762551583
2021,12,2021_12_CHI_DET,CHI,4.0,7.190053616405914,1.0544814075880842,7.136193870780828,7.082334125155742,6.974614633905571,0.6491988792967284,7.074481184359241,6.958908752312567,6.72776388821922,0.3282610791267121,7.159740180431527,7.129426744457138,7.068799872508363,0.3474098283103321,7.185382506648358,7.180711396890801,7.171369177375688
2021,12,2021_12_CHI_DET,DET,4.0,6.754303843565764,0.512158980503218,6.713189976422193,6.6720761092786205,6.589848374991478,1.3123633649972533,6.872060220754587,6.989816597943411,7.225329352321057,0.1588290367969221,6.670284758044977,6.58626567252419,6.418227501482615,0.15632869347384526,6.669308483899499,6.584313124233235,6.414322404900706
2021,12,2021_12_CLE_BAL,BAL,10.0,6.545321862661997,0.7809492087651402,6.604128732167133,6.6629356016722685,6.780549340682541,0.26410004448069296,6.518698449487626,6.492075036313254,6.438828209964511,0.23203433608264998,6.583820318423331,6.622318774184663,6.699315685707329,0.21587992833790012,6.571556196464624,6.59779053026725,6.650259197872503
2021,12,2021_12_CLE_BAL,CLE,11.0,5.549730850898065,-1.323817478282829,5.484113643185146,5.4184964354722265,5.287262020046387,-1.5007153578921812,5.440974498555105,5.332218146212146,5.114705441526227,-0.22557408389250355,5.397854489472957,5.245978128047849,4.942225405197632,-0.24687423610894968,5.36651503879804,5.183299226698015,4.816867602497965
2021,12,2021_12_LAC_DEN,DEN,17.0,4.405228515043102,-1.3427755384071898,4.622374305908358,4.839520096773614,5.273811678504127,-1.6768021282414263,4.549568725395327,4.693908935747551,4.982589356452001,-0.35246751637394363,4.4176687808727655,4.43010904670243,4.454989578361759,-0.32763431067364174,4.428147195888913,4.4510658767347255,4.49690323842635
2021,12,2021_12_LAC_DEN,LAC,3.0,6.468032030854157,-0.16619175395307506,6.378167252457894,6.2883024740616325,6.108572917269109,-0.11557642226144035,6.3895142427582465,6.3109964546623365,6.153960878470516,0.25122256015422584,6.544272318285616,6.620512605717076,6.772993180579995,0.25225424477310904,6.549616789055853,6.63120154725755,6.794371063660943
2021,12,2021_12_LA_GB,GB,13.0,4.70740853803129,-0.9794279475711049,4.913456175349091,5.119503812666892,5.531599087302494,-0.8593927471332674,4.9295271966369665,5.151645855242644,5.595883172453998,-0.29330007248140105,4.70110046970478,4.694792401378272,4.682176264725253,-0.2629638512203927,4.71883689158569,4.730265245140091,4.7531219522488914
2021,12,2021_12_LA_GB,LA,2.0,5.706637747612843,-0.5433615121801136,5.740223054181219,5.7738083607495945,5.8409789738863465,-0.8767546915635757,5.67569248192749,5.644747216242138,5.582856684871432,0.2088089930246897,5.932512502206199,6.158387256799556,6.610136765986269,0.20664513482725833,5.933396248783399,6.160154749953957,6.61367175229507
2021,12,2021_12_LV_DAL,DAL,5.0,6.420358014895066,0.4067211987543559,6.44402913748688,6.4677002600786935,6.515042505262322,-0.0929358521843,6.3580054772601535,6.295652939625242,6.170947864355417,0.21204849092519115,6.4709123975654235,6.52146678023578,6.622575545576495,0.21160818537649634,6.473602242480158,6.52684647006525,6.633334925235434
2021,12,2021_12_LV_DAL,LV,0.0,3.8412667855336498,-2.4810582336166624,3.997506151690428,4.153745517847206,4.466224250160762,-2.2838770506023574,4.012726917250413,4.184187048967177,4.527107312400703,-0.4122169145315486,3.937342176131427,4.033417566729204,4.225568347924757,-0.3959673443402992,3.937493520489819,4.033720255445989,4.226173725358327
2021,12,2021_12_MIN_SF,MIN,9.0,4.5569308814315175,-2.304447191706933,4.5655796706563745,4.574228459881231,4.591526038330944,-1.80074440279528,4.640097348072807,4.723263814714097,4.889596747996677,-0.38703269837887283,4.498265361258888,4.439599841086258,4.322268800740998,-0.35994951201268466,4.509916469133126,4.462902056834735,4.368873232237952
2021,12,2021_12_MIN_SF,SF,5.0,6.246543542701119,-0.9833466854600273,6.067112363498325,5.887681184295531,5.528818825889942,-1.3288480870780295,5.995821576945972,5.745099611190826,5.243655679680532,0.1583003846843951,6.288957062773916,6.331370582846713,6.416197622992306,0.17122496706680437,6.303242692087595,6.359941841474072,6.473340140247025
2021,12,2021_12_NYJ_HOU,HOU,6.0,6.925080336618112,0.0015145193849069316,6.750699492717351,6.57631864881659,6.227556961015067,-0.28734348824569395,6.700081708204863,6.475083079791614,6.025085822965115,0.1958765028805668,6.833930144013344,6.742779951408575,6.560479566199037,0.23933855932592205,6.879610313868166,6.834140291118219,6.743200245618325
2021,12,2021_12_NYJ_HOU,NYJ,8.0,5.728795577872036,-0.9688939486057329,5.681364867437448,5.6339341570028605,5.539072736133684,-1.0641146561321588,5.657167293056539,5.585539008241041,5.442282438610047,0.03143779686189633,5.778866741191612,5.8289379045111875,5.929080231150339,0.009836440903131488,5.755079906104435,5.781364234336833,5.833932890801631
2021,12,2021_12_PHI_NYG,NYG,13.0,5.61943140554366,-1.828308921787383,5.446907564546844,5.274383723550027,4.929336041556396,-2.3142717326133044,5.34064917826287,5.061866950982081,4.504302496420502,-0.3385890811052124,5.341643290872426,5.0638551762011925,4.508278946858725,-0.3324858363818278,5.333994033449929,5.048556661356198,4.477681917168735
2021,12,2021_12_PHI_NYG,PHI,5.0,6.836512069034296,0.617192550791345,6.793475918091447,6.750439767148597,6.664367465262899,0.4532059312745872,6.772562152685404,6.70861223633651,6.5807124036387235,0.310195357728704,6.877242171450506,6.917972273866715,6.999432478699132,0.27070475446594194,6.8442516448022666,6.851991220570236,6.867470372106176
2021,12,2021_12_PIT_CIN,CIN,19.0,6.394100752889195,0.1370009666479333,6.376495995059329,6.358891237229463,6.32368172156973,0.4534544128389197,6.440800273864395,6.487499794839593,6.580898836789991,0.20328721354029544,6.4428092281139175,6.49151770333864,6.588934653788084,0.23191238683803841,6.474020164321413,6.553939575753631,6.713778398618066
2021,12,2021_12_PIT_CIN,PIT,0.0,6.019223531440312,-0.1962879617579889,6.036222722629416,6.05322191381852,6.087220296196727,0.1215141747210603,6.097379524727075,6.175535518013837,6.331847504587362,0.07811966189296167,6.041499082066831,6.063774632693349,6.108325733946384,0.09113962177848667,6.053429897244283,6.087636263048252,6.156048994656192
2021,12,2021_12_SEA_WAS,SEA,6.0,5.7410765805808905,-0.16002720983007968,5.834044068078004,5.927011555575119,6.112946530569348,-0.43176976850905946,5.784988504584609,5.828900428588328,5.916724276595765,0.2147637123570342,5.964057747421557,6.187038914262224,6.633001247943558,0.20252182386169873,5.955141324002064,6.169206067423238,6.597335554265585
2021,12,2021_12_SEA_WAS,WAS,5.0,6.730656769409841,-0.3051541607496793,6.550488086345712,6.370319403281581,6.00998203715332,-0.06242284242192096,6.596452942163722,6.4622491149176025,6.193841460425364,0.007602524158341901,6.5073824144575285,6.284108059505216,5.83755934960059,-0.031751479104592216,6.465283872775127,6.199910976140412,5.669165182870984
2021,12,2021_12_TB_IND,IND,2.0,3.63070745532845,-3.501363239625407,3.658615463971825,3.6865234726151996,3.7423394899019495,-2.9880891862574708,3.7227166466213704,3.81472583791429,3.9987442205001305,-0.37779559304483423,3.8124647766921367,3.9942220980558227,4.357736740783196,-0.3592433874896915,3.8159483004824986,4.0011891456365465,4.371670835944643
2021,12,2021_12_TB_IND,TB,12.0,5.099223980954536,-1.6173886095207275,5.094162868045178,5.089101755135821,5.078979529317106,-1.0177737347433964,5.1936808740394245,5.288137767124313,5.47705155329409,-0.22336111043019458,5.062098639143459,5.024973297332383,4.95072261371023,-0.20749636031996174,5.067637812765447,5.03605164457636,4.972879308198184
2021,12,2021_12_TEN_NE,NE,14.0,7.37975322201009,3.8329667990632417,7.771287687809465,8.162822153608841,8.945891085207593,3.599592898175828,7.770168428339796,8.1605836346695,8.94141404732891,0.2779586213152473,7.253727989197358,7.127702756384625,6.875652290759161,0.2987727338805757,7.27948323047384,7.179213238937589,6.978673255865088
2021,12,2021_12_TEN_NE,TEN,-2.0,4.89501213648314,-1.8422306023380934,4.901123828486332,4.9072355204895235,4.919458904495907,-1.82706495236838,4.888721280238546,4.882430423993952,4.869848711504764,-0.3768259023906283,4.761624123808773,4.628236111134407,4.361460085785674,-0.3582307617427994,4.765179795047123,4.635347453611107,4.375682770739074
2021,13,2021_13_ARI_CHI,ARI,11.0,9.012194686643372,0.8648577195827629,8.599208791416538,8.186222896189703,7.360251105736034,0.9088292553102721,8.590402736737007,8.16861078683064,7.325026887017908,0.3495442112801421,8.748598963600317,8.485003240557262,7.9578117944711515,0.30952204045379006,8.702349891951679,8.392505097259985,7.7728155078765955
2021,13,2021_13_ARI_CHI,CHI,0.0,4.802972042972645,-2.0321177524280545,4.664771932898136,4.526571822823627,4.250171602674608,-2.1784704601409013,4.646507715037561,4.490043387102478,4.177114731232312,-0.38404982243808755,4.5343187647934835,4.265665486614322,3.7283589302560003,-0.3694564234489332,4.5355005679241645,4.268029092875684,3.733086142778724
2021,13,2021_13_BAL_PIT,BAL,2.0,6.703059026992332,0.5299811721129167,6.777479457412802,6.851899887833272,7.000740748674213,0.6492077841630103,6.7923713479527335,6.881683668913135,7.06030831083394,0.29299502009567135,6.935240238287248,7.167421449582164,7.631783872171997,0.3048682814585011,6.963576010551177,7.224092994110022,7.7451269612277125
2021,13,2021_13_BAL_PIT,PIT,10.0,6.109099839409057,-1.0174622902539832,5.91669137996467,5.724282920520281,5.339466001631505,-0.7274149168771533,5.995989531039967,5.882879222670876,5.656658605932696,-0.1336288738492963,5.874857977792695,5.640616116176333,5.172132392943609,-0.13074958983485643,5.870155911489956,5.631211983570855,5.1533241277326525
2021,13,2021_13_DAL_NO,DAL,17.0,6.720589264006249,0.2281903542984077,6.709629432071739,6.6986696001372295,6.67674993626821,0.8037118386977802,6.844903377429498,6.9692174908527456,7.217845717699243,0.3608530099111004,7.0461947943050225,7.371800324603797,8.023011385201343,0.36065848745751095,7.059707665507153,7.398826067008056,8.077062870009863
2021,13,2021_13_DAL_NO,NO,3.0,4.702598470020481,-2.3782351884940613,4.49659721938823,4.290595968755977,3.8785934674914735,-2.220813668017409,4.560433904070024,4.418269338119566,4.13394020621865,-0.41965055286699954,4.407725595755573,4.112852721490665,3.5231069729608473,-0.38986472677349776,4.429864483488784,4.1571304969570875,3.611662523893693
2021,13,2021_13_DEN_KC,DEN,4.0,3.1960230130013203,-2.68516004025325,3.284289999037526,3.3725569850737305,3.549090957146141,-2.873304109670015,3.264177141892033,3.332331270782745,3.46863952856417,-0.341719361144526,3.390119855878699,3.5842166987560766,3.972410384510833,-0.3577611126852623,3.3476847412811184,3.4993464695609156,3.8026699261205112
2021,13,2021_13_DEN_KC,KC,17.0,7.9594814394865345,1.3187489763359075,7.931493828972853,7.903506218459171,7.847530997431808,1.004447704458891,7.825241728922142,7.69100201835775,7.422522597228965,0.25903720266139535,7.828612065280542,7.69774269107455,7.436003942662567,0.2703080776379709,7.854486966253411,7.749492493020287,7.539503546554039
2021,13,2021_13_IND_HOU,HOU,2.0,3.879373146708845,-2.996230320190062,3.7133143793634154,3.547255612017986,3.215138077327127,-3.067436175182061,3.727203885179696,3.5750346236505477,3.2706961005922506,-0.4199094596813014,3.7899334288330606,3.700493710957277,3.521614275205709,-0.41046651956835717,3.7818017844106384,3.6842304221124325,3.48908769751602
2021,13,2021_13_IND_HOU,IND,18.0,8.301921643924732,1.3084717974743123,8.185565688036021,8.069209732147309,7.836497820369885,1.507404704192115,8.21027974990402,8.118637855883307,7.9353540678418835,0.3644582679308878,8.23739050538599,8.172859366847248,8.043797089769765,0.32345481687157057,8.19036912732436,8.078816610723985,7.8557115775232385
2021,13,2021_13_JAX_LA,JAX,-3.0,2.708718778543497,-2.1014366470270174,3.075477471408144,3.442236164272791,4.175753550002085,-1.8483890742226758,3.15995822139283,3.6111976642421633,4.51367654994083,-0.4130862188746576,2.9217773071795268,3.134835835815557,3.5609528930876175,-0.38391878102248134,2.943298887756425,3.177878996969353,3.647039215395209
2021,13,2021_13_JAX_LA,LA,10.0,8.502080162225317,1.4145932400463646,8.364166533768637,8.226252905311958,7.950425648398599,1.784706213342173,8.431085069485395,8.36008997674547,8.218099791265626,0.32089792355591096,8.32472384283413,8.147367523442945,7.792654884660572,0.3028381068477306,8.309822121134555,8.117564080043794,7.733047997862269
2021,13,2021_13_LAC_CIN,CIN,6.0,5.439632240441375,0.497627517134462,5.821225963017066,6.2028196855927575,6.966007130744141,-0.047911946726413905,5.667099716468899,5.894567192496424,6.349502144551472,0.16538357240430385,5.803737830860048,6.1678434212787225,6.89605460211607,0.1732790909977201,5.8202763264405375,6.200920412439702,6.962208584438028
2021,13,2021_13_LAC_CIN,LAC,14.0,4.961995189061719,-1.9558797430927641,4.804500828339053,4.6470064676163885,4.332017746171058,-1.807754656838443,4.860273575812169,4.758551962562619,4.555108736063517,-0.3681707920394546,4.676473309749482,4.390951430437244,3.819907671812769,-0.3417528053442034,4.695975095879587,4.429955002697454,3.897914816333189
2021,13,2021_13_MIN_DET,DET,5.0,3.5554399285644607,-3.4386942782576293,3.351611468005874,3.1477830074472872,2.740126086330114,-3.42854321077084,3.392204824125458,3.2289697196864555,2.9024995108084504,-0.43470532933067363,3.5256575398246213,3.495875151084782,3.436310373605103,-0.4129386637648202,3.5351747315276363,3.514909534490812,3.4743791404171627
2021,13,2021_13_MIN_DET,MIN,6.0,7.205735427261625,0.8138575940361221,7.2306764121144145,7.255617396967205,7.305499366672786,1.8971207120471354,7.487481896714291,7.769228366166958,8.33272130507229,0.37611992789558824,7.43205933603071,7.658383244799795,8.111031062337965,0.3992111430479996,7.480911630652946,7.756087834044266,8.306440240826907
2021,13,2021_13_NE_BUF,BUF,3.0,7.432957505649274,0.5544885503887961,7.331480856980669,7.230004208312065,7.027050910974856,0.8082971655909847,7.380348396124576,7.327739286599878,7.222521067550483,0.2068563158441548,7.3585083746762,7.284059243703127,7.1351609817569805,0.24728352181056035,7.425346620987675,7.417735736326077,7.40251396700288
2021,13,2021_13_NE_BUF,NE,8.0,6.1501061161887645,2.0689007075509855,6.775795722472127,7.4014853287554905,8.652864541322216,1.5346415988980282,6.6033610121311455,7.0566159080735265,7.963125699958289,0.10217320189255019,6.245485189376497,6.34086426256423,6.531622408939696,0.08587244732477992,6.22312054588564,6.2961349755825164,6.4421638349762675
2021,13,2021_13_NYG_MIA,MIA,9.0,8.187013778620871,1.289401344640792,8.094266466082605,8.00151915354434,7.81602452846781,1.506995625249094,8.123994573345705,8.06097536807054,7.93493695752021,0.32843004163117057,8.099280447393676,8.011547116166481,7.836080453712091,0.29372699164970234,8.059970195340307,7.9329266120597435,7.678839445498616
2021,13,2021_13_NYG_MIA,NYG,3.0,5.565975449037452,-0.2558016776114459,5.713770344343059,5.861565239648668,6.157155030259884,-1.0636995345790645,5.502924528884493,5.439873608731535,5.313771768425617,0.1165080978866691,5.828048741634036,6.090122034230621,6.6142686194237905,0.08520470066141932,5.784029319688114,6.002083190338777,6.438190931640102
2021,13,2021_13_PHI_NYJ,NYJ,0.0,5.619451577307066,-1.651551060120107,5.379271960805242,5.139092344303418,4.658733111299771,-1.8315539683510016,5.3472992271397715,5.075146876972479,4.530842176637892,-0.3717601137258767,5.164392144570207,4.7093327118333494,3.799213846359632,-0.36832054757810667,5.149549753525655,4.6796479297442435,3.739844282181422
2021,13,2021_13_PHI_NYJ,PHI,5.0,7.585564805537647,0.6220723720662965,7.464075168467065,7.342585531396483,7.099606257255319,0.6454087437569909,7.453282275278568,7.320999745019488,7.056434684501331,0.3032488865230861,7.6118989470062015,7.638233088474756,7.690901371411865,0.32944695862951995,7.662014384695514,7.738463963853381,7.891363122169116
2021,13,2021_13_SF_SEA,SEA,9.0,5.157028839740285,-0.9322958838470673,5.2254959605153,5.293963081290315,5.430897322840344,-1.3916746339334414,5.112611026968642,5.068193214197,4.9793575886537145,-0.01493200910147227,5.331888042349349,5.506747244958413,5.856465650176542,0.0011730557092600904,5.35232824673805,5.547627653735815,5.938226467731345
2021,13,2021_13_SF_SEA,SF,9.0,8.473230522535971,1.9507614762456111,8.486431613298574,8.499632704061177,8.526034885586384,1.7558400366243756,8.402089614330821,8.330948706125671,8.18866688971537,0.33385799770761393,8.321766570994102,8.170302619452233,7.867374716368493,0.2897787610255818,8.268760040060972,8.064289557585974,7.655348592635978
2021,13,2021_13_TB_ATL,ATL,7.0,2.365105548520184,-3.704801771038811,2.3874400352224665,2.4097745219247484,2.4544434953293126,-3.7827046247510814,2.409175387606053,2.4532452266919216,2.541384904863659,-0.4333358697804456,2.6348806205642115,2.9046556926082383,3.4442058366962924,-0.41121424281724944,2.6449889004326033,2.924872252345022,3.4846389561698596
2021,13,2021_13_TB_ATL,TB,11.0,7.977009235585692,1.616503293774593,8.024554021936671,8.072098808287649,8.167188380989607,2.3284449290196467,8.175885336301597,8.3747614370175,8.772513638449308,0.3535966949848467,7.978050908638931,7.97909258169217,7.981175927798647,0.34678273518620367,7.981383446156268,7.985757656726843,7.994506077867993
2021,13,2021_13_WAS_LV,LV,4.0,5.663040817486692,0.6749176968813155,6.036365345626829,6.4096898737669665,7.156338930047241,0.4830070613688387,5.969991762358111,6.276942707229531,6.89084459697237,0.21282140431242752,6.039668618128303,6.416296418769913,7.169552020053134,0.2104665573993962,6.04314647977059,6.423252142054486,7.18346346662228
2021,13,2021_13_WAS_LV,WAS,3.0,5.307997957159316,-0.7049203343401268,5.399748171667045,5.491498386174774,5.674998815190233,-1.0661416684769096,5.308818889999566,5.3096398228398165,5.311281688520317,-0.2168323731964307,5.154106490909907,5.000215024660499,4.692432092161683,-0.2245536722234669,5.1298025757772585,4.951607194395201,4.595216431631086
2021,14,2021_14_ATL_CAR,ATL,13.0,6.363333703943559,0.44072139610096733,6.514686611461061,6.666039518978563,6.968745334013566,-0.45294477775050906,6.28035350796258,6.197373311981602,6.031412920019645,0.15762389320459166,6.520170205858508,6.677006707773458,6.990679711603356,0.13976370047195424,6.491072753292471,6.618811802641384,6.874289901339207
2021,14,2021_14_ATL_CAR,CAR,2.0,7.8388392561829985,1.2921321092515408,7.835115541470502,7.831391826758006,7.823944397333014,1.078647470666085,7.797976288262148,7.757113320341298,7.675387384499597,0.305594403957701,7.8356893318182514,7.832539407453504,7.826239558724011,0.31450423390307275,7.8514432286892974,7.864047201195596,7.889255146208195
2021,14,2021_14_BAL_CLE,BAL,2.0,5.890368076555955,0.7353829842281845,6.2339555619805775,6.5775430474052,7.264718018254446,0.2532656528912861,6.115136631123304,6.339905185690655,6.7894422948253546,0.2797065696495874,6.337790092848564,6.785212109141174,7.680056141726394,0.22517914792334084,6.260380588789105,6.630393101022255,7.370418125488556
2021,14,2021_14_BAL_CLE,CLE,8.0,7.273980480408374,0.8732924901106862,7.306295648354262,7.33861081630015,7.403241152191927,0.7704393193491355,7.291626393080161,7.309272305751948,7.344564131095523,0.24557029291397986,7.327309215773468,7.380637951138562,7.487295421868749,0.25255016446094253,7.337835436053433,7.401690391698492,7.529400302988609
2021,14,2021_14_BUF_TB,BUF,1.0,3.4921154928332387,-2.8013590423931163,3.5471464359899056,3.602177379146573,3.7122392654599072,-2.3765686087435958,3.610746903908303,3.729378314983368,3.966641137133497,-0.3802136145421454,3.607491367826483,3.7228672428197274,3.953618992806216,-0.32990155712050107,3.655656608446359,3.81919772405948,4.146279955285721
2021,14,2021_14_BUF_TB,TB,5.0,5.869345280659921,-0.9592348433608378,5.792648958550643,5.715952636441365,5.56255999222281,-0.6974346072523353,5.844254807571793,5.8191643344836645,5.768983388307407,-0.21082398129904226,5.629541044501574,5.389736808343226,4.910128336026531,-0.18253426451878793,5.65257148625706,5.4357976918542,5.002250103048478
2021,14,2021_14_CHI_GB,CHI,5.0,3.6809919944599376,-3.6416241957514055,3.477802834364325,3.274613674268712,2.8682353540774863,-3.5856886035735274,3.427944163859205,3.174896333258472,2.6688006720570066,-0.41906732558045284,3.6942989623399924,3.707605930220047,3.734219865980156,-0.4131487513273825,3.676430456394807,3.671868918329676,3.6627458421994152
2021,14,2021_14_CHI_GB,GB,13.0,8.879521457891824,1.5075721647853197,8.669726856653519,8.459932255415211,8.0403430529386,1.1250029869919578,8.590927164997915,8.302332872104007,7.72514428631619,0.31123268182257713,8.624160539647358,8.368799621402893,7.858077784913959,0.29855191350854937,8.608790462337616,8.33805946678341,7.7965974756749965
2021,14,2021_14_DAL_WAS,DAL,16.0,6.921115340021147,0.8746331623336581,7.0419834524491405,7.162851564877134,7.404587789733122,1.073290934833214,7.108245956798953,7.29537657357676,7.669637807132373,0.29971780005455406,7.139100393294437,7.3570854465677264,7.793055553114306,0.26647694058986726,7.093409698814643,7.265704057608139,7.6102927751951315
2021,14,2021_14_DAL_WAS,WAS,14.0,4.31162873896007,-2.7605620683394982,4.172025995610892,4.032423252261715,3.7532177655633605,-2.8296965938076277,4.103787654843146,3.895946570726221,3.480264402492372,-0.4271057942286808,4.155928614972567,4.000228490985066,3.688828243010061,-0.3928836978205339,4.178834966535178,4.046041194110287,3.7804536492605036
2021,14,2021_14_DET_DEN,DEN,10.0,9.156953413644864,1.3846692402603058,8.846938378261308,8.536923342877753,7.916893272110642,1.016824907349556,8.769972191386083,8.382990969127302,7.60902852460974,0.3207736139055235,8.845703439751684,8.534453465858505,7.911953518072147,0.34813552720958213,8.88886495992993,8.620776506214993,8.084599598785122
2021,14,2021_14_DET_DEN,DET,-3.0,3.664553013415118,-2.407887952412069,3.775280036117414,3.8860070588197093,4.107461104224301,-2.098263893670085,3.81475644949648,3.9649598855778416,4.265366757740565,-0.33697180296239065,3.797863971259113,3.9311749291031077,4.197796844791098,-0.33993598419853954,3.7704137238658455,3.8762744343165725,4.087995855218027
2021,14,2021_14_JAX_TEN,JAX,5.0,3.6388254205132062,-2.625090440479743,3.7014421089211504,3.7640587973290955,3.889292174144985,-2.1976410617596183,3.768793486351492,3.898761552189778,4.158697683866349,-0.352004046285714,3.7573472595212563,3.8758690985293067,4.112912776545407,-0.34678846952082004,3.7411675124052914,3.843509604297377,4.048193788081548
2021,14,2021_14_JAX_TEN,TEN,21.0,7.348992445939648,1.4434625075858902,7.505731369443472,7.662470292947296,7.975948139954944,2.069201938633962,7.69640054542515,8.043808644910651,8.738624843881656,0.3442776350216906,7.522913339272014,7.696834232604381,8.044676019269113,0.3033846114513553,7.467911280169472,7.5868301143992944,7.824667782858942
2021,14,2021_14_LA_ARI,ARI,2.0,5.8051564653208185,-1.028857004244229,5.727024360911039,5.648892256501259,5.492628047681701,-0.42896199379583366,5.8681562155772236,5.9311559658336295,6.05715546634644,-0.09093977017346648,5.750639967159154,5.696123468997492,5.587090472674165,-0.08021817655725699,5.7530034072251635,5.700850349129508,5.596544232938199
2021,14,2021_14_LA_ARI,LA,8.0,4.339155862496601,-1.9239583068467947,4.402752895303658,4.466349928110715,4.593543993724827,-1.4877117410331158,4.484546603444029,4.629937344391456,4.9207188262863095,-0.3498483144766581,4.285638337483456,4.23212081247031,4.1250857624440185,-0.33307755493193947,4.286325008682443,4.233494154868284,4.127832447239966
2021,14,2021_14_LV_KC,KC,18.0,7.707438127883292,1.9462768804461257,7.900828541988624,8.094218956093957,8.480999784304622,1.761867285387143,7.882763391512716,8.058088655142141,8.40873918240099,0.24513248754032715,7.65178440155808,7.596130675232869,7.484823222582445,0.23934736906865067,7.64375684844956,7.580075569015829,7.452713010148365
2021,14,2021_14_LV_KC,LV,-1.0,2.9328532986460165,-2.880734285325183,3.1077676846225524,3.282682070599088,3.6325108425521586,-2.470026298668566,3.1662214463476817,3.3995895940493464,3.8663258894526757,-0.4261320256612102,3.123221703769434,3.3135901088928517,3.6943269191396864,-0.40220386368651584,3.1312195423702405,3.3295857860944644,3.7263182735429123
2021,14,2021_14_NO_NYJ,NO,7.0,7.45999691137138,1.3950550518642406,7.576829007368875,7.69366110336637,7.927325295361361,0.5468992770377535,7.371153083421242,7.2823092554711035,7.104621599570827,0.28916265259636315,7.528360870728879,7.596724830086378,7.733452748801376,0.32190315302447503,7.578055465206335,7.696114019041289,7.932231126711197
2021,14,2021_14_NO_NYJ,NYJ,1.0,5.397676392604829,-0.6831521003760839,5.508225085650879,5.618773778696928,5.839871164789028,-0.6269951425733613,5.509405150427357,5.621133908249885,5.84459142389494,0.11791021461071247,5.739863424497692,6.082050456390555,6.766424520176281,0.10473925152773264,5.715970650697594,6.034264908790359,6.670853424975889
2021,14,2021_14_NYG_LAC,LAC,6.0,8.032825204919206,0.5749278390712611,7.800506135756464,7.568187066593722,7.103548928268237,0.6262803052195979,7.822075727546295,7.611326250173383,7.189827295427561,0.2910064868994309,7.960585031672587,7.8883448584259686,7.743864511932731,0.31878907375839904,8.003154720481936,7.973484236044666,7.914143267170124
2021,14,2021_14_NYG_LAC,NYG,-2.0,3.936590950583621,-2.0940417863272156,4.05811914497819,4.1796473393727585,4.422703728161896,-2.264007458306635,3.9743086084708623,4.012026266358104,4.087461582132587,-0.38657094772715533,3.93187331423644,3.9271556778892593,3.9177204051948977,-0.3768769502000058,3.920800076842495,3.9050092031013683,3.873427455619116
2021,14,2021_14_PIT_MIN,MIN,6.0,6.401783788679927,0.09934747657374542,6.457800959498154,6.5138181303163805,6.625852471952835,0.353428937034785,6.52557663322447,6.649369477769015,6.896955166858103,0.19781689867354907,6.605748232990376,6.809712677300825,7.217641565921724,0.23954715596083082,6.6648062052593025,6.927828621838679,7.4538734549974315
2021,14,2021_14_PIT_MIN,PIT,0.0,5.36880174571365,-1.840776747800825,5.195875226520734,5.022948707327817,4.677095668941984,-1.8662832015916329,5.155193629464892,4.941585513216134,4.514369280718618,-0.34297000376963666,5.067582860737849,4.766363975762047,4.163926205810444,-0.3332946223419001,5.058244216785477,4.747686687857303,4.126571630000956
2021,14,2021_14_SEA_HOU,HOU,-1.0,5.927969837034515,-2.500135576721444,5.449678133852263,4.9713864306700115,4.014803024305508,-2.090406733492432,5.5144274891341505,5.100885141233786,4.273800445433058,-0.35716771933114405,5.466916014961901,5.005862192889289,4.0837545487440625,-0.34753423396255373,5.456942897763895,4.985915958493275,4.043862079952036
2021,14,2021_14_SEA_HOU,SEA,6.0,9.032509115664526,2.392269921837096,9.006626154446082,8.980743193227635,8.928977270790742,2.9046816650863994,9.183234033513735,9.333958951362945,9.635408787061362,0.38515737750439766,8.843260771749287,8.654012427834047,8.27551574000357,0.4034819223595208,8.875900421378496,8.719291727092465,8.406074338520405
2021,14,2021_14_SF_CIN,CIN,4.0,5.142431384815428,-1.6697795646225093,5.069036964542941,4.995642544270455,4.848853703725482,-1.6192124452601482,5.051715817991957,4.961000251168486,4.779569117521545,-0.3768604192862747,4.849961992368883,4.557492599922337,3.972553815029246,-0.3503526669478718,4.863696402664347,4.584961420513267,4.027491456211107
2021,14,2021_14_SF_CIN,SF,9.0,6.520027993254315,0.5272315927845718,6.653931109349359,6.787834225444404,7.055640457634492,0.322951017398136,6.60608121927466,6.692134445295007,6.8642408973357,0.22658016778256967,6.735036491818693,6.950044990383073,7.380061987511832,0.20899341435401325,6.709122168630193,6.898216344006072,7.276404694757829
2021,15,2021_15_ARI_DET,ARI,3.0,8.16679262108691,1.7123990710339183,8.174156923040373,8.181521224993837,8.196249828900761,1.3474377195232514,8.093553646977773,8.020314672868635,7.873836724650358,0.36876984411398533,8.194308195237038,8.221823769387168,8.276854917687427,0.3799026872841659,8.221067757756488,8.275342894426068,8.383893167765224
2021,15,2021_15_ARI_DET,DET,8.0,2.263168014536918,-3.2411162790876507,2.5005343568222087,2.737900699107499,3.2126333836780794,-2.890838222267387,2.577285213961554,2.8914024133861895,3.519636812235461,-0.43507796748477884,2.5269491535624278,2.790730292587937,3.3182925706389557,-0.4082975351201176,2.546324398187655,2.829480781838392,3.395793549139866
2021,15,2021_15_ATL_SF,ATL,1.0,3.8051472642780166,-2.929104743516091,3.7354956792221428,3.6658440941662684,3.5265409240545202,-2.954610394212382,3.7173905392586817,3.6296338142393467,3.454120364200677,-0.4284120448005242,3.6937133331134726,3.582279401948928,3.35941153961984,-0.37908723587223964,3.7490229440399805,3.6928986238019443,3.580649983325872
2021,15,2021_15_ATL_SF,SF,9.0,7.837188234976113,0.27186556026151537,7.564631828297051,7.292075421617988,6.746962608259864,0.28889076210386766,7.574475358421907,7.311762481867701,6.78633672875929,0.26481245274413734,7.786788736627282,7.736389238278452,7.635590241580791,0.2816809319213044,7.818466167544994,7.799744100113873,7.762299965251634
2021,15,2021_15_CAR_BUF,BUF,7.0,8.87651828822605,1.7327616572206561,8.711572754343548,8.546627220461048,8.216736152696043,1.2243303721696228,8.594229262277047,8.311940236328045,7.747362184430042,0.3083472614057883,8.63342276057975,8.390327232933451,7.904136177640852,0.2958760633342948,8.620422065008498,8.364325841790945,7.85213339535584
2021,15,2021_15_CAR_BUF,CAR,5.0,3.473757446892645,-2.983691965801513,3.473223582879977,3.472689718867309,3.471621990841973,-3.010762772071414,3.454426116276313,3.4350947856599805,3.396432124427316,-0.4100185782854419,3.4735361497693376,3.4733148526460296,3.4728722583994145,-0.3990904583839681,3.4688331443008984,3.4639088417091513,3.4540602365256574
2021,15,2021_15_CIN_DEN,CIN,9.0,5.785273342906474,-0.8890922536337492,5.733692503677926,5.682111664449378,5.578949985992281,-0.5049419175110886,5.831652854954228,5.878032367001982,5.970791391097491,-0.1645185236259509,5.585766914316819,5.386260485727165,4.987247628547856,-0.18637332724267816,5.539013437703746,5.292753532501019,4.800233722095562
2021,15,2021_15_CIN_DEN,DEN,4.0,6.749574016942794,0.2814925461238758,6.751342536347119,6.753111055751444,6.756648094560094,0.18612877435326577,6.7323715196879075,6.715169022433021,6.6807640279232485,0.19248354229393527,6.859537241993944,6.969500467045096,7.189426917147397,0.17793066840294197,6.838610457121381,6.927646897299969,7.105719777657144
2021,15,2021_15_DAL_NYG,DAL,16.0,8.972588470459664,1.891710524356122,8.823604079496347,8.674619688533028,8.376650906606391,1.7626187432893092,8.804534764656012,8.636481058852358,8.30037364724505,0.37262887991386695,8.804606230399717,8.636623990339768,8.30065951021987,0.37834692828903793,8.822953252163442,8.673318033867218,8.374047597274775
2021,15,2021_15_DAL_NYG,NYG,5.0,4.0832697954578,-2.644644825178496,4.015634702569415,3.9479996096810286,3.812729423904258,-2.7759201427787255,3.9718768701809335,3.8604839449040664,3.637698094350333,-0.3635624248022191,4.0023119987321625,3.9213542020065244,3.7594386085552496,-0.36497413894113734,3.979943411809421,3.876617028161042,3.6699642608642837
2021,15,2021_15_GB_BAL,BAL,2.0,3.757244936205612,-2.9457098326440767,3.695392434792267,3.633539933378922,3.509834930552232,-3.2054161247256516,3.617047371006261,3.47684980580691,3.196454675408208,-0.41792579472242763,3.673957783910339,3.5906706316150663,3.4240963270245204,-0.3985328838925934,3.682330909320071,3.6074168824345305,3.4575888286634493
2021,15,2021_15_GB_BAL,GB,0.0,8.18042182531956,1.108648205414177,8.032523904505265,7.8846259836909685,7.588830142062378,1.3135067486194472,8.095060790155115,8.00969975499067,7.838977684661783,0.3237262362568036,8.135066844710675,8.08971186410179,7.99900190288402,0.30268845084615975,8.109127711346002,8.037833597372446,7.895245369425332
2021,15,2021_15_HOU_JAX,HOU,10.0,6.080196728409847,2.6835783267575333,6.853480212060574,7.6267636957113,9.173330663012752,2.867465305392007,6.919007451264147,7.757818174118446,9.435439619827045,0.1175519151695241,6.241949708081261,6.403702687752675,6.7272086470955035,0.10468181493902638,6.220689240616391,6.361181752822934,6.642166777236021
2021,15,2021_15_HOU_JAX,JAX,2.0,8.214959679060648,2.6051425905808756,8.434824333124343,8.654688987188038,9.094418295315426,2.2416721602951672,8.359352254393034,8.50374482972542,8.792529980390194,0.3283512712845861,8.168102656169983,8.121245633279319,8.02753158749799,0.35354296531239987,8.21548888921773,8.21601809937481,8.217076519688975
2021,15,2021_15_KC_LAC,KC,3.0,5.430881869684695,-0.14645544574788044,5.654686298568319,5.878490727451945,6.326099585219194,0.03545196542093966,5.704652891016474,5.978423912348254,6.525965955011813,-0.21235974130354104,5.2461957680580396,5.061509666431386,4.692137463178075,-0.19709782965077827,5.256252416117377,5.081622962550059,4.732364055415423
2021,15,2021_15_KC_LAC,LAC,4.0,3.5283242834746016,-3.032004448433868,3.5019971943758392,3.475670105277077,3.423015927079552,-2.497417962202555,3.6271976570226028,3.726071030570604,3.9238177776666068,-0.38842040824530927,3.5477685373553194,3.567212791236037,3.606101298997473,-0.37122019255742333,3.5538522907406582,3.5793802980067144,3.6304363125388273
2021,15,2021_15_LV_CLE,CLE,7.0,5.76291384325051,-0.37928328338665335,5.845149612299316,5.927385381348122,6.0918569194457355,-0.20698535609552562,5.891409773754802,6.019905704259095,6.27689756526768,0.10817022377936805,5.989519724243967,6.216125605237423,6.669337367224337,0.12412664910488146,6.013491077799524,6.264068312348538,6.765222781446567
2021,15,2021_15_LV_CLE,LV,1.0,7.199471644801885,0.4766108737117044,7.137841758697008,7.076211872592133,6.95295210038238,0.7791638800006588,7.222108643719563,7.244745642637243,7.290019640472601,0.2976060606565473,7.359073413206258,7.518675181610632,7.837878718419379,0.29834522759431215,7.366543588983262,7.533615533164641,7.867759421527396
2021,15,2021_15_MIN_CHI,CHI,7.0,4.06986495169412,-3.7709886692621954,3.7222839914296824,3.3747030311652444,2.679541110636369,-3.6781624976908196,3.7300931874103473,3.390321423126575,2.7107778945590297,-0.4432192030482291,3.8694169848673003,3.668969018040481,3.2680730843868413,-0.41978849795537093,3.8831670543786707,3.696469157063222,3.323073362432324
2021,15,2021_15_MIN_CHI,MIN,15.0,7.344801392018848,0.5922511803016776,7.275924824019032,7.207048256019216,7.069295120019584,0.654195677605751,7.29900938093862,7.253217369858392,7.1616333476979355,0.2682099717327517,7.422738032037064,7.500674672055281,7.656547952091713,0.25175448791064786,7.401828902037414,7.4588564120559795,7.572911432093111
2021,15,2021_15_NE_IND,IND,14.0,6.033747889154855,-0.047304125936685384,6.131774271672158,6.22980065418946,6.425853419224065,-0.21872925737985402,6.091519029002214,6.149290168849573,6.264832448544292,0.18053352274047382,6.304239121453012,6.574730353751168,7.115712818347482,0.21489176655428874,6.360217639880644,6.686687390606433,7.3396268920580106
2021,15,2021_15_NE_IND,NE,3.0,5.373855942303937,1.6558609439726861,6.065233990683559,6.756612039063181,8.139368135822425,1.3001170086590952,5.986697384930024,6.5995388275561115,7.825221712808287,0.25416775229889293,5.922873968663044,6.471891995022151,7.569928047740365,0.2298423628848326,5.888952271093625,6.404048599883312,7.434241257462688
2021,15,2021_15_NO_TB,NO,18.0,3.2107626432740832,-2.843025533504883,3.3113577856528997,3.4119529280317162,3.6131432127893492,-3.0716542035735452,3.241540784937663,3.2723189266012427,3.333875209928402,-0.344671270869557,3.3770643146960007,3.543365986117918,3.875969328961753,-0.35988967680237155,3.3336072612275274,3.4564518791809715,3.70214111508786
2021,15,2021_15_NO_TB,TB,6.0,8.45965279702035,0.46229792000549585,8.07937764050347,7.699102483986588,6.938552170952825,0.9979360830920324,8.223433505521967,7.987214214023585,7.51477563102682,0.2716767955552254,8.26422289071741,8.068792984414468,7.677933171808588,0.2727177464369494,8.271133781706727,8.082614766393103,7.705576735765856
2021,15,2021_15_NYJ_MIA,MIA,9.0,8.693225860310504,2.5106273051331693,8.769751562114891,8.846277263919278,8.999328667528053,2.336804584797387,8.742485504382723,8.791745148454943,8.89026443659938,0.34420241291703413,8.551246867598618,8.409267874886734,8.125309889462965,0.30826598282435774,8.502555045278587,8.31188423024667,7.930542600182837
2021,15,2021_15_NYJ_MIA,NYJ,12.0,4.463681245213489,-2.3344993370721494,4.37895082825489,4.294220411296292,4.124759577379097,-2.347200874546877,4.367296822698063,4.270912400182638,4.078143555151787,-0.3914375291607049,4.244633455619001,4.025585666024512,3.5874900868355364,-0.3827384161380092,4.237146835681618,4.010612426149748,3.5575436070860085
2021,15,2021_15_SEA_LA,LA,9.0,8.348253654913417,0.05326296907815138,7.892948149108388,7.4376426433033584,6.5270316316932995,0.19684374365757412,7.934133258596951,7.520012862280485,6.691772069647553,0.27126929632463515,8.18004511594906,8.0118365769847,7.675419499055984,0.25516727097502306,8.159817521023376,7.971381387133334,7.594509119353252
2021,15,2021_15_SEA_LA,SEA,7.0,4.036208914555877,-2.7747522477018003,3.947614529869568,3.8590201451832593,3.6818313758106425,-2.776709424149422,3.9363784921187923,3.8365480696817076,3.6368872248075386,-0.4169176499777339,3.884735461390954,3.733262008226031,3.430315101896185,-0.3968650317842923,3.8941926301158434,3.75217634567581,3.468143776795744
2021,15,2021_15_TEN_PIT,PIT,16.0,6.350013187129985,0.13564884387133727,6.41498942581474,6.479965664499496,6.609918141869008,0.6775613793318709,6.558919425507215,6.767825663884445,7.185638140638906,0.2779370954102198,6.691647401017934,7.033281614905883,7.716550042681781,0.2640538813495714,6.675196826780716,7.000380466431446,7.650747745732908
2021,15,2021_15_TEN_PIT,TEN,4.0,5.677666144625157,0.9173128416361791,6.107332630478448,6.536999116331739,7.396332088038321,0.9843768573237229,6.13346099287978,6.5892558411344035,7.5008455376436505,0.26007454770277566,6.159840687088845,6.642015229552534,7.606364314479911,0.27561280578050984,6.189224114769117,6.700782084913078,7.723898025200998
2021,15,2021_15_WAS_PHI,PHI,3.0,8.947844791150482,0.9123457129012669,8.558717287233778,8.169589783317072,7.391334775483664,0.14689887887598085,8.370998875579804,7.794152960009127,6.640461128867773,0.2979209921334149,8.670838939327858,8.393833087505232,7.839821383859981,0.2871411293009546,8.660097255312012,8.372349719473542,7.796854647796601
2021,15,2021_15_WAS_PHI,WAS,7.0,4.986215191259853,-1.950457008982166,4.867445298641163,4.748675406022473,4.511135620785094,-2.3445143363837535,4.759887287107179,4.533559382954504,4.080903574649156,-0.3519891885858912,4.69736852010181,4.408521848943766,3.8308285066276793,-0.3480574669750159,4.683916611532304,4.381618031804756,3.7770208723496577
2021,16,2021_16_BAL_CIN,BAL,-1.0,5.463662391520165,-2.3375775235849034,5.1462614832192735,4.828860574918384,4.1940587583166025,-1.766077202250849,5.250645212446447,5.037628033372728,4.611593675225292,-0.34736116460384997,5.107259346081408,4.750856300642651,4.038050209765137,-0.3376404790468466,5.111123701560035,4.758585011599907,4.053507631679648
2021,16,2021_16_BAL_CIN,CIN,3.0,7.749890897195261,0.9268085055948857,7.674436989929365,7.5989830826634694,7.448075268131678,0.8687966926236618,7.6658935889529385,7.581896280710616,7.413901664225971,0.22695820790694304,7.631393006455174,7.512895115715088,7.275899334234914,0.2313846110311433,7.636186662269104,7.522482427342947,7.295073957490634
2021,16,2021_16_BUF_NE,BUF,5.0,6.0092076390503255,0.1845215969209923,6.183942298950602,6.358676958850877,6.708146278651429,-0.07519466678706443,6.109386730282271,6.209565821514216,6.409924003978106,0.2266223573113493,6.325407205334545,6.641606771618763,7.274005904187201,0.23677544908291254,6.338351718036626,6.667495797022925,7.325783954995525
2021,16,2021_16_BUF_NE,NE,-1.0,6.301612742813838,0.2750528813660092,6.425807053361388,6.550001363908937,6.798389985004035,0.21397269478965003,6.405576211824519,6.509539680835198,6.717466618856557,0.19707602178029224,6.503067576045376,6.704522409276914,7.107432075739989,0.18548886735195677,6.484614453645632,6.667616164477424,7.03361958614101
2021,16,2021_16_CHI_SEA,CHI,2.0,6.818078398500106,-1.6592944564772643,6.3311056034497435,5.844132808399381,4.870187218298657,-0.5932171965093493,6.578304681279401,6.338530964058696,5.858983529617287,-0.20702431020485115,6.3208661597868465,5.823653921073587,4.829229443647069,-0.21253493856011618,6.305107950113201,5.792137501726296,4.766196604952488
2021,16,2021_16_CHI_SEA,SEA,4.0,7.86553090756286,0.7067638542966049,7.706330581161445,7.547130254760029,7.228729601957198,0.22968911023129082,7.5826936156911255,7.29985632381939,6.73418174007592,0.3118998078544552,7.837842154044473,7.810153400526087,7.754775893489314,0.29496250766276133,7.813462751571146,7.761394595579432,7.657258283596004
2021,16,2021_16_CLE_GB,CLE,0.0,4.297550328697131,-2.499902315645856,4.231225146713038,4.164899964728947,4.032249600760762,-2.2405340931938187,4.249909555330657,4.202268781964182,4.106987235231233,-0.4003584395058407,4.15797941181753,4.01840849493793,3.7392666611787275,-0.38337189921343867,4.171410087122969,4.045269845548807,3.792989362400484
2021,16,2021_16_CLE_GB,GB,13.0,7.340843204076965,0.527370469169892,7.268108920745793,7.195374637414622,7.049906070752278,0.3851828868335801,7.230521510468399,7.120199816859833,6.8995564296427,0.3191693565976028,7.45457228800813,7.568301371939295,7.795759539801626,0.32665635318325004,7.465084571650611,7.589325939224258,7.8378086743715505
2021,16,2021_16_DEN_LV,DEN,9.0,6.184092353143363,0.5736956439429091,6.412090287560011,6.64008822197666,7.096084090809955,0.6267312019335919,6.427182771626658,6.670273190109953,7.156454027076543,0.30144343284651376,6.562025721838674,6.9399590905339865,7.69582582792461,0.3132339447277943,6.578405568430063,6.972718783716763,7.761345214290164
2021,16,2021_16_DEN_LV,LV,6.0,6.216676185321573,0.8385358645639603,6.502527896610168,6.788379607898764,7.3600830304759555,0.7346901387271444,6.480325453194277,6.743974721066984,7.2712732568123934,0.24954952376759235,6.513322824426556,6.809969463531541,7.403262741741509,0.24373235472931787,6.5038609821864,6.7910457790512275,7.365415372780883
2021,16,2021_16_DET_ATL,ATL,3.0,7.272312575625964,-0.2112251988533729,7.032648580837925,6.7929845860498865,6.313656596473809,-0.19390574689953405,7.0251517771601995,6.777990978694435,6.283669381762906,0.23899788668022043,7.2901783356425405,7.308044095659117,7.343775615692269,0.2803665342178836,7.347761775114647,7.423210974603331,7.574109373580697
2021,16,2021_16_DET_ATL,DET,6.0,4.049140266302219,-2.4015053482486417,4.069438700788825,4.089737135275431,4.130334004248643,-1.8075050792105265,4.178738511624335,4.30833675694645,4.567533247590681,-0.31882158835989716,4.0865922537158585,4.124044241129498,4.198948215956778,-0.3233897556678087,4.0705276384717655,4.091915010641312,4.134689754980406
2021,16,2021_16_IND_ARI,ARI,2.0,5.849705922317569,-0.4205365416824961,5.913531977679659,5.977358033041748,6.105010143765927,-0.6839549229747951,5.827899401430172,5.806092880542775,5.762479838767981,0.13298039410171195,6.073799235160186,6.297892548002802,6.7460791736880354,0.15657412393957196,6.104504669661539,6.359303417005508,6.868900911693448
2021,16,2021_16_IND_ARI,IND,3.0,4.322516387977564,-1.5504966030439726,4.486547158178171,4.650577928378777,4.97863946877999,-1.5162126672655125,4.461221278482119,4.599926168986675,4.877335949995787,-0.3219367858259293,4.287233695853287,4.25195100372901,4.181385619480455,-0.3127077443614417,4.290772788320254,4.259029188662944,4.195541989348324
2021,16,2021_16_JAX_NYJ,JAX,3.0,6.222556291861434,0.6287138343028377,6.454649097037461,6.686741902213488,7.150927512565543,0.37554295072982624,6.38924319890153,6.555930105941627,6.88930392002182,0.14790848683499214,6.374477096589987,6.526397901318541,6.830239510775649,0.1404768429306502,6.361217093893222,6.49987789592501,6.777199499988586
2021,16,2021_16_JAX_NYJ,NYJ,9.0,7.164597208775521,2.6500268970901746,7.664902844666056,8.16520848055659,9.16581975233766,2.1093885886649466,7.556779771188546,7.948962333601571,8.73332745842762,0.3130575795980915,7.313773676827754,7.462950144879987,7.761303080984454,0.28072236596295225,7.267482016823559,7.3703668248715974,7.576136440967675
2021,16,2021_16_LAC_HOU,HOU,12.0,2.5070110175501297,-3.108342195912316,2.736693879792325,2.9663767420345204,3.425742466518911,-2.789139846327846,2.7611382917983285,3.0152655660465273,3.5235201145429245,-0.38456135982252476,2.837339787989265,3.1676685584284003,3.8283260993066706,-0.38500058253548475,2.8261860729088895,3.1453611282676492,3.7837112389851684
2021,16,2021_16_LAC_HOU,LAC,-3.0,8.758459237732469,1.0965775782111016,8.473170693058357,8.187882148384245,7.617305059036023,1.9355337457001514,8.705950663634736,8.653442089537002,8.548424941341537,0.3026116145343265,8.494447354229727,8.230435470726986,7.702411703721504,0.3367700808030709,8.542700319791498,8.326941401850526,7.895423565968585
2021,16,2021_16_LA_MIN,LA,11.0,6.562408241562875,0.09940848266357953,6.57763206400756,6.592855886452243,6.623303531341612,0.44150558165828097,6.661670724217183,6.76093320687149,6.959458172180106,0.2660551684259804,6.795885398043158,7.02936255452344,7.496316867484006,0.29345423032142315,6.833972700462837,7.1055371593628,7.648666077162725
2021,16,2021_16_LA_MIN,MIN,5.0,4.886525909659108,-2.112000943211605,4.769624127509158,4.652722345359209,4.418918781059309,-1.6990651538988069,4.835610439856471,4.784694970053835,4.682864030448561,-0.3900039847073392,4.614304964648667,4.342084019638226,3.7976421296173446,-0.3631634537977253,4.641922145317829,4.39731838097655,3.908110852293992
2021,16,2021_16_MIA_NO,MIA,25.0,8.16326448029295,0.9758871589817325,7.996697865272733,7.830131250252515,7.4969980202120805,1.4207068791232973,8.122669160167948,8.082073840042948,8.000883199792948,0.31365524438554526,8.063616496447807,7.963968512602664,7.764672544912378,0.28043833215506403,8.016077956476616,7.868891432660284,7.574518385027617
2021,16,2021_16_MIA_NO,NO,6.0,6.522718557408539,1.119249098060447,6.802015058414751,7.081311559420963,7.639904561433387,0.6004364845065654,6.67416101843816,6.82560347946778,7.128488401527021,0.1615507269606558,6.618826562286198,6.714934567163858,6.907150576919176,0.14171687306382985,6.588104813565122,6.653491069721706,6.784263582034872
2021,16,2021_16_NYG_PHI,NYG,0.0,4.655512833077788,-2.2679138082036303,4.557509920483049,4.45950700788831,4.263501182698832,-2.453307379666486,4.461807921531932,4.268103009986076,3.8806931868943644,-0.3774882049738576,4.458685257996213,4.261857682914638,3.868202532751488,-0.36156427565443666,4.470939848183514,4.28636686328924,3.9172208935006934
2021,16,2021_16_NYG_PHI,PHI,16.0,8.906826392448394,1.3952694579292038,8.65888182582619,8.410937259203987,7.915048125959581,1.3282017510154494,8.655744743604124,8.404663094759856,7.902499797071317,0.30154248120275806,8.60421585292628,8.301605313404169,7.696384234359942,0.31158323173773406,8.618105192941965,8.329383993435535,7.751941594422673
2021,16,2021_16_PIT_KC,KC,12.0,8.517437134206343,0.8859789438810962,8.23992170165137,7.962406269096398,7.407375403986454,0.9803340289737684,8.271209521734855,8.024981909263369,7.532526684320394,0.2621275260806544,8.256621335171195,7.995805536136046,7.474173938065748,0.2672323018925207,8.262899742408319,8.008362350610293,7.4992875670142425
2021,16,2021_16_PIT_KC,PIT,-2.0,3.67879198191855,-3.788408460060942,3.4460531049211527,3.213314227923756,2.747836473928962,-3.7724494736208305,3.3785254093572483,3.078258836795947,2.4777256916733448,-0.4015778609176987,3.6921919640400716,3.705591946161593,3.7323919104046364,-0.38730479795588374,3.701740189080166,3.724688396241783,3.7705848105650155
2021,16,2021_16_SF_TEN,SF,5.0,6.430352129555143,0.4335127383995226,6.561850718349348,6.693349307143553,6.956346484731963,0.2199898758547663,6.503730638178929,6.577109146802717,6.723866164050291,0.29697834882260643,6.740427335996828,7.0505025424385135,7.670652955321883,0.27426597545658266,6.7076031743523234,6.984854219149504,7.539356308743866
2021,16,2021_16_SF_TEN,TEN,7.0,5.106413073918023,-0.9587304700808338,5.221941260659465,5.337469447400907,5.568525820883791,-0.8776202482293949,5.218936799071578,5.331460524225134,5.556507974532245,-0.3424037945923152,4.8463094180939414,4.586205762269861,4.065998450621699,-0.3092715016538057,4.883589115387121,4.660765156856219,4.215117239794416
2021,16,2021_16_TB_CAR,CAR,-1.0,3.7015906738077344,-2.655543745528567,3.745468649175696,3.789346624543658,3.877102575279581,-3.0927060881397983,3.576358914591421,3.451127155375108,3.200663636942481,-0.3177094140063104,3.8274975899426815,3.953404506077629,4.205218338347524,-0.3363558559913018,3.79139944193395,3.8812082100601653,4.060825746312596
2021,16,2021_16_TB_CAR,TB,16.0,8.615190146837545,1.955739958597811,8.57982717468687,8.544464202536194,8.473738258234842,1.847082987038741,8.57498099626854,8.534771845699535,8.454353544561524,0.37507345856293284,8.48912534809142,8.363060549345295,8.110930951853048,0.33742315357733904,8.43617859185283,8.257167036868115,7.899143926898683
2021,16,2021_16_WAS_DAL,DAL,24.0,8.2060707542024,2.3978891039024073,8.383173788171069,8.560276822139738,8.914482890077077,2.2581900728236812,8.377449213453087,8.548827672703771,8.891584591205142,0.31705314431005976,8.10051029999421,7.994949845786021,7.78382893736964,0.34654307712170185,8.142327418878388,8.078584083554373,7.951097412906347
2021,16,2021_16_WAS_DAL,WAS,-1.0,3.764229644394608,-2.397477665718546,3.856759456446442,3.949289268498275,4.134348892601942,-2.0094611483309173,3.9113581835263243,4.05848672265804,4.352743800921472,-0.34857004433780536,3.830980955788468,3.8977322671823273,4.0312348899700465,-0.36530166605276226,3.7971547569023194,3.8300798694100298,3.895930094425452
2021,17,2021_17_ARI_DAL,ARI,3.0,4.097470639708551,-2.2770848488691793,4.146417103400598,4.195363567092644,4.293256494476737,-2.044588911879622,4.167215567544631,4.2369604953807105,4.3764503510528705,-0.3643581577331843,3.987430163986362,3.877389688264172,3.6573087368197927,-0.3659235256092792,3.950509457319879,3.803548274931207,3.509625910153862
2021,17,2021_17_ARI_DAL,DAL,1.0,5.335240833333435,-0.8647869006323503,5.464922845999679,5.5946048586659245,5.853968883998413,-0.8344214168793148,5.453753742363609,5.572266651393782,5.809292469454131,0.22062370220658947,5.895617575897477,6.455994318461519,7.576747803589604,0.2307623207443148,5.920401314226127,6.505561795118819,7.675882756904204
2021,17,2021_17_ATL_BUF,ATL,8.0,2.480325598707783,-3.2892642596373114,2.6539216941367605,2.8275177895657375,3.174709980423692,-3.3140315281226638,2.578600774721103,2.6768759507344226,2.873426302761062,-0.4158146545334998,2.688380418348842,2.8964352379899005,3.312544877272018,-0.38948009306234954,2.696530750968147,2.9127359032285103,3.3451462077492375
2021,17,2021_17_ATL_BUF,BUF,8.0,8.347055987186689,1.202238361076835,8.294845002675078,8.242634018163468,8.138212049140245,1.1884066554170778,8.311373806909893,8.275691626633098,8.204327266079506,0.2557245519923656,8.213273773806392,8.079491560426096,7.811927133665503,0.2912329316760631,8.284819103637677,8.222582220088666,8.098108452990644
2021,17,2021_17_CAR_NO,CAR,3.0,6.598319713790766,-0.4635231642059288,6.523089861388124,6.447860008985481,6.297400304180196,-0.6554276919864169,6.454045185947492,6.309770658104218,6.021221602417669,0.10073244759421486,6.64210577952732,6.685891845263873,6.773463976736979,0.10009505684706552,6.639620020360731,6.6809203269306945,6.763520940070622
2021,17,2021_17_CAR_NO,NO,15.0,8.760792002017718,2.947789778190121,9.08739364713747,9.41399529225722,10.06719858249672,1.9723041126793537,8.853710081454023,8.946628160890327,9.132464319762937,0.3515623846790613,8.68410663692286,8.607421271828002,8.454050541638285,0.3050297985927422,8.619204680512757,8.477617359007795,8.194442715997871
2021,17,2021_17_CLE_PIT,CLE,4.0,5.8968190930726765,0.3230697200837696,6.214277828463611,6.531736563854544,7.166654034636412,0.6345699717531975,6.309760042695237,6.722700992317797,7.548582891562919,0.2761727897892958,6.4098474311492994,6.9228757692259215,7.9489324453791665,0.291016765221434,6.446764096729739,6.9967091003868,8.096599107700923
2021,17,2021_17_CLE_PIT,PIT,14.0,6.751647529799559,0.7908555278384849,6.984635183490907,7.217622837182255,7.68359814456495,0.8990567764405982,7.029169672290145,7.306691814780732,7.861736099761904,0.2508051361460289,7.008477281808347,7.265307033817136,7.778966537834713,0.22822887586453042,6.978284000206939,7.204920470614319,7.658193411429078
2021,17,2021_17_DEN_LAC,DEN,-1.0,3.467367881939193,-3.788607566994399,3.2562489318352985,3.045129981731404,2.6228920815236147,-3.4369196001456883,3.2825075212471355,3.097647160555078,2.727926439170963,-0.37334447421718037,3.49980078279901,3.532233683658827,3.597099485378461,-0.35428253436147283,3.4982526964819343,3.529137511024676,3.5909071401101587
2021,17,2021_17_DEN_LAC,LAC,13.0,7.866852050595419,0.22976656468133788,7.666025515845296,7.465198981095172,7.063545911594925,0.01227191640197474,7.603084047384359,7.339316044173299,6.811780037751179,0.2630252082782781,7.865349609732125,7.863847168868832,7.860842287142245,0.2685920782453708,7.885144679720443,7.903437308845467,7.9400225670955145
2021,17,2021_17_DET_SEA,DET,-3.0,5.623586418069105,-2.529760407523127,5.221196805571612,4.81880719307412,4.0140279680791355,-1.5683000946806507,5.452784265525097,5.28198211298109,4.940377807893076,-0.370963422214024,5.120953008672049,4.618319599274993,3.6130527804808805,-0.3357886754993507,5.147699150016616,4.6718118819641274,3.7200373458591502
2021,17,2021_17_DET_SEA,SEA,5.0,7.685423442954821,-0.11599064273844975,7.4344310937924485,7.183438744630076,6.68145404630533,-0.5461840877384211,7.301709175533355,6.917994908111888,6.150566373268954,0.27671854157377596,7.752214841935128,7.819006240915436,7.9525890388760505,0.2941365604677478,7.793663218291872,7.901902993628923,8.118382544303024
2021,17,2021_17_HOU_SF,HOU,3.0,3.662096089677899,-2.7279337789536147,3.6953293450888305,3.7285626004997616,3.7950291113216243,-2.48690720256791,3.709758093356459,3.757420097035019,3.8527441043921384,-0.4104969542816795,3.583615572229056,3.505135054780214,3.3481740198825287,-0.3867630376670735,3.587601462818029,3.513106835958159,3.36411758223842
2021,17,2021_17_HOU_SF,SF,9.0,9.27778831594777,1.0929609228142392,8.962703974593762,8.647619633239753,8.017450950531735,0.5747958590068285,8.827793775501684,8.377799235055596,7.477810154163422,0.26102115008806187,8.920194959371768,8.562601602795766,7.847414889643762,0.2657593645493661,8.938402144037635,8.5990159721275,7.92024362830723
2021,17,2021_17_JAX_NE,JAX,-2.0,3.4162335578223613,-1.9804006228682693,3.7174547773627036,4.0186759969030454,4.62111843598373,-2.3084999123496233,3.578169892581122,3.740106227339882,4.063978896857403,-0.4069529069828879,3.4051550443552987,3.3940765308882357,3.3719195039541106,-0.38820877896012224,3.40068090361266,3.385128249402959,3.354022940983557
2021,17,2021_17_JAX_NE,NE,12.0,9.655699010701376,1.785325288749318,9.437417745823483,9.21913648094559,8.782573951189805,1.4126222233578634,9.359224058869174,9.06274910703697,8.469799203372563,0.3266529525549189,9.313562949462167,8.971426888222958,8.287154765744539,0.29152029174904637,9.266802981911379,8.87790695312138,8.100114895541385
2021,17,2021_17_KC_CIN,CIN,-1.0,3.808130636320926,-3.847872025845105,3.4954478988533695,3.1827651613858126,2.557399686450699,-3.0397821933159954,3.6556325715684594,3.503134506815993,3.1981383773110594,-0.393413538641928,3.7217566458760607,3.6353826554311954,3.4626346745414645,-0.37926241979559094,3.710220318088382,3.612309999855837,3.416489363390748
2021,17,2021_17_KC_CIN,KC,3.0,6.409365411056551,0.7064247692586764,6.704597756720593,6.999830102384637,7.590294793712724,1.4059273261864733,6.922492164311249,7.435618917565948,8.461872424075347,0.10725775536450387,6.511320112000298,6.613274812944047,6.817184214831542,0.10798789580933896,6.511681892765386,6.613998374474223,6.818631337891895
2021,17,2021_17_LA_BAL,BAL,14.0,3.9844093405580097,-2.887447799135498,3.8929950576455123,3.801580774733015,3.618752208908021,-2.5659650257963422,3.928091853708756,3.871774366859502,3.759139393160995,-0.43328158949580464,3.787185656273178,3.5899619719883464,3.1955146034186828,-0.40458407764751997,3.798228310226305,3.6120472798946,3.2396852192311902
2021,17,2021_17_LA_BAL,LA,13.0,7.081056160525348,0.7527420445949723,7.2211619758860195,7.361267791246693,7.641479421968038,0.9597439573665031,7.294189598583091,7.507323036640834,7.933589912756321,0.30522026943371594,7.346680512485996,7.612304864446645,8.143553568367942,0.2825613069989108,7.320182199679655,7.559308238833963,8.037560317142578
2021,17,2021_17_LV_IND,IND,6.0,6.569376105641773,0.030349214900070826,6.637825166801597,6.706274227961421,6.84317235028107,0.2975020008345266,6.714405417825743,6.859434730009713,7.149493354377655,0.2623650677889668,6.891136898599359,7.212897691556945,7.856419277472117,0.26784372282476343,6.910731405079515,7.252086704517258,7.9347973033927435
2021,17,2021_17_LV_IND,LV,2.0,3.612403248704677,-2.422810092359241,3.7423567847113293,3.8723103207179816,4.132217392731286,-2.3098603493039596,3.7248944703351965,3.837385691965716,4.062368135226755,-0.41297854340830703,3.542189215437764,3.4719751821708513,3.3315471156370253,-0.391665037019877,3.541774989114884,3.471146729525091,3.329890210345505
2021,17,2021_17_MIA_TEN,MIA,0.0,6.506739876870993,0.6379562087399614,6.7587126735709235,7.010685470270855,7.514631063670716,0.9402192728633311,6.857673063884782,7.208606250898571,7.9104726249261486,0.15864419714647912,6.670424582277898,6.834109287684802,7.161478698498612,0.15327153145207534,6.66375905192024,6.820778226969488,7.1348165770679834
2021,17,2021_17_MIA_TEN,TEN,16.0,7.479338363163198,0.6209840958216222,7.483472622091289,7.48760688101938,7.495875398875563,0.26012338483454944,7.385813011254668,7.2922876593461385,7.1052369555290795,0.21993832027196059,7.502542690777595,7.525747018391993,7.572155673620788,0.21514351099723816,7.501210544813548,7.523082726463899,7.566827089764602
2021,17,2021_17_MIN_GB,GB,6.0,9.57715609437484,0.24118027921000326,8.951906836146149,8.326657577917457,7.076159061460073,0.5219579165711725,9.036679536835274,8.496202979295708,7.415249864216575,0.2593358167685322,9.141897816230967,8.706639538087094,7.836122981799348,0.2555442101678124,9.145096585868819,8.713037077362799,7.848918060350756
2021,17,2021_17_MIN_GB,MIN,-4.0,3.596178920563206,-2.9217234341097336,3.5923528512526093,3.5885267819420124,3.5808746433208185,-2.499160672438019,3.656693179808788,3.71720743905437,3.838235957545533,-0.3920736203563316,3.5650372568906312,3.5338955932180562,3.4716122658729063,-0.3860722788200643,3.5393693623521854,3.4825598041411645,3.3689406877191224
2021,17,2021_17_NYG_CHI,CHI,21.0,8.639591654174842,1.642403554263959,8.635851983473419,8.632112312771994,8.624632971369149,1.6850777746381314,8.677790598778207,8.715989543381575,8.792387432588308,0.3188922507225148,8.538483055492321,8.437374456809799,8.235157259444758,0.32566760950049883,8.56432941566571,8.489067177156578,8.338542700138316
2021,17,2021_17_NYG_CHI,NYG,5.0,6.06185696245291,-0.28100492765893037,6.17116743976858,6.2804779170842515,6.499098871715593,-0.023180638551566348,6.238843747148785,6.4158305318446605,6.76980410123641,0.09771199402345859,6.234699378061804,6.407541793670699,6.753226624888487,0.12030166184714658,6.272545247521527,6.483233532590145,6.904610102727379
2021,17,2021_17_PHI_WAS,PHI,6.0,7.992380130707188,1.5579880413785225,8.12712171511506,8.261863299522933,8.531346468338675,1.1921186226039797,8.046465659754855,8.100551188802523,8.208722246897857,0.3750801941900103,8.147190673492647,8.302001216278107,8.611622301849026,0.3319642427420533,8.08991206417503,8.187443997642873,8.382507864578558
2021,17,2021_17_PHI_WAS,WAS,2.0,4.730420118290188,-2.3532538113549952,4.600085875908235,4.469751633526281,4.209083148762374,-2.99394513939721,4.36091748702907,3.9914148557679527,3.2524095932457175,-0.41486650253181795,4.377539487196026,4.024658856101864,3.31889759391354,-0.3931701154953842,4.377660403058885,4.02490068782758,3.3193812573649737
2021,17,2021_17_TB_NYJ,NYJ,2.0,2.48131059046428,-3.740575105165547,2.5299759779538933,2.5786413654435067,2.675972140422734,-3.763956152222981,2.4461614762054538,2.4110123619466277,2.340714133428976,-0.44502601300342076,2.6401893801417713,2.7990681698192628,3.116825749174246,-0.4182231168386284,2.6470961831777284,2.8128817758911766,3.1444529613180734
2021,17,2021_17_TB_NYJ,TB,3.0,8.852412536275041,2.3809251744548794,8.999500342964856,9.14658814965467,9.4407637630343,2.5230299895217563,9.085440774512197,9.318469012749354,9.784525489223665,0.3179289266116684,8.696485124231275,8.540557712187507,8.228702888099974,0.2871249416814744,8.65666568110873,8.460918825942418,8.069425115609794
2021,18,2021_18_CAR_TB,CAR,-3.0,4.0072544815053295,-3.2721418064117107,3.886221228521127,3.765187975536924,3.523121469568519,-3.526962871324707,3.826195587585847,3.6451366936663643,3.283018905827399,-0.39703291405322133,3.887814924910038,3.7683753683147465,3.529496255124164,-0.3792957770698378,3.880660487662239,3.754066493819148,3.5008785061329672
2021,18,2021_18_CAR_TB,TB,7.0,9.314272556543663,2.087392168867655,9.208792280640642,9.10331200473762,8.892351452931578,2.2285293137465265,9.21791188120163,9.121551205859594,8.928829855175525,0.3498553439656453,9.077777379498555,8.841282202453446,8.36829184836323,0.3075982418331519,9.02071206796694,8.727151579390215,8.140030602236767
2021,18,2021_18_CHI_MIN,CHI,3.0,6.1350958909266105,-1.4519496876190365,5.937973549057963,5.7408512071893165,5.346606523452023,-1.8873650092218628,5.824164740019166,5.513233589111721,4.89137128729683,-0.3013945846244226,5.638596772695461,5.142097654464312,4.149099418002014,-0.29096333452378575,5.625686691109712,5.116277491292813,4.097459091659015
2021,18,2021_18_CHI_MIN,MIN,18.0,6.3396530864439615,0.49754897740380877,6.5796478282959825,6.819642570148003,7.299632053852044,1.5263239894441063,6.814741393310891,7.28982970017782,8.240006313911678,0.21616053500841548,6.630273741306472,6.920894396168982,7.502135705894002,0.2215419830982202,6.644445547590273,6.949238008736584,7.558822931029206
2021,18,2021_18_CIN_CLE,CIN,5.0,6.205687855271135,-0.022077977267769687,6.349032150145563,6.492376445019993,6.77906503476885,-0.29192365030368805,6.268368053207997,6.3310482511448605,6.456408647018586,0.12309892752701061,6.379072419502082,6.55245698373303,6.899226112194926,0.11579019156147759,6.365414731926918,6.5251416085827,6.8445953618942665
2021,18,2021_18_CIN_CLE,CLE,5.0,8.677128879645744,0.10788800166954186,8.235163193979677,7.7931975083136065,6.9092661369814685,0.07575816310031988,8.21211756558772,7.747106251529695,6.817083623413646,0.1985266723783772,8.354819869169512,8.03251085869328,7.387892837740815,0.2084573806826926,8.375459660915777,8.073790442185807,7.470452004725868
2021,18,2021_18_DAL_PHI,DAL,5.0,7.099365413008748,0.4825128460891164,7.145666239871887,7.191967066735026,7.284568720461304,0.027541938420294197,7.016970621119469,6.934575829230191,6.769786245451635,0.23475612466269272,7.230176366157291,7.360987319305836,7.622609225602924,0.22482405304266884,7.219771412197298,7.340177411385849,7.580989409762949
2021,18,2021_18_DAL_PHI,PHI,-3.0,5.081795808977872,-2.365454152580759,4.9192092129210465,4.756622616864222,4.431449424750573,-2.195507596204949,4.958622084353327,4.835448359728783,4.589100910479694,-0.4198572668301852,4.656753416858457,4.231711024739043,3.3816262405002138,-0.3862470280816322,4.674829625099861,4.2678634412218495,3.4539310734658266
2021,18,2021_18_GB_DET,DET,9.0,3.9322264885906537,-3.126807332757059,3.8663495839074447,3.8004726792242356,3.6687188698578175,-2.1635511418368862,4.104281960753547,4.276337432916441,4.620448377242229,-0.38933820761642796,3.844006675218974,3.755786861847294,3.5793472351039344,-0.3702185689166741,3.839715929104535,3.7472053696184164,3.562184250646179
2021,18,2021_18_GB_DET,GB,-3.0,6.331886771548038,0.20585085060201128,6.500766631630503,6.669646491712968,7.007406211877899,0.3567258408429166,6.52208931807845,6.712291864608862,7.092696957669687,0.2925476831119008,6.748169585708279,7.16445239986852,7.997018028189003,0.31640256019450935,6.798788403857367,7.265690036166697,8.199493300785356
2021,18,2021_18_IND_JAX,IND,1.0,9.38022050306976,2.673898184855899,9.405145008597136,9.430069514124511,9.479918525179263,2.4952884801542465,9.332791738999067,9.285362974928375,9.19050544678699,0.3774602422531178,9.171948662105773,8.963676821141785,8.547133139213809,0.3293881944478948,9.106964331019213,8.833708158968665,8.287195814867573
2021,18,2021_18_IND_JAX,JAX,14.0,3.2222315446629533,-2.520988542338222,3.4855820723840107,3.7489326001050687,4.2756336555471846,-2.6531059774052066,3.4517293804732256,3.6812272162834976,4.140222887904042,-0.43191687612601104,3.242547850931949,3.2628641572009447,3.303496769738936,-0.4044550016836681,3.2494131256493914,3.27659470663583,3.330957868608707
2021,18,2021_18_KC_DEN,DEN,0.0,3.014641924712546,-3.712277510694845,3.0315288209368436,3.0484157171611406,3.082189509609735,-3.4451257653660656,3.1018055582393536,3.188969191766161,3.3632964588197756,-0.435179873185847,3.081570716965407,3.1484995092182677,3.2823570937239896,-0.3914956083543755,3.1156022326494117,3.216562540586277,3.418483156460008
2021,18,2021_18_KC_DEN,KC,3.0,8.769157739182022,0.9386029683303154,8.512239294821379,8.255320850460734,7.741483961739446,0.8468976301127124,8.470250215273774,8.171342691365524,7.573527643549026,0.3522404028189789,8.672804231300114,8.576450723418205,8.383743707654387,0.31186970453676505,8.619088117451703,8.469018495721384,8.168879252260746
2021,18,2021_18_LAC_LV,LAC,-1.0,5.576801638706258,-0.24521735984238857,5.821481720931599,6.066161803156939,6.555521967607621,-0.2630712969024685,5.803779020787348,6.0307564028684375,6.484711167030617,0.22341057807433334,6.069877700676956,6.562953762647655,7.549105886589051,0.2600807081731281,6.137377774129328,6.697953909552396,7.819106180398535
2021,18,2021_18_LAC_LV,LV,6.0,3.89726210539374,-3.2584851086851763,3.8071472974999176,3.717032489606095,3.5368028738184494,-2.6517746951218655,3.9583287790987014,4.019395452803662,4.141528800213585,-0.3984652845076276,3.8030007014668943,3.708739297540049,3.5202164896863577,-0.36360629625645524,3.8246571509788385,3.7520521965639366,3.6068422877341337
2021,18,2021_18_NE_MIA,MIA,14.0,5.641887487372981,-0.31355909688621353,5.853179763671935,6.064472039970889,6.4870565925687975,-0.960779101985855,5.681490474700545,5.721093462028108,5.800299436683236,0.17387432373615194,6.038460604547669,6.435033721722358,7.2281799560717355,0.14520604227914358,5.992231726994204,6.342575966615426,7.043264445857872
2021,18,2021_18_NE_MIA,NE,1.0,7.852004916289556,1.0353135079086702,7.848596052645004,7.84518718900045,7.838369461711345,0.96558251135223,7.811491380046158,7.7709778438027595,7.689950771315962,0.3647656879407272,8.005226214502532,8.158447512715508,8.46489010914146,0.31932204969761907,7.943806432191224,8.03560794809289,8.219210979896225
2021,18,2021_18_NO_ATL,ATL,-1.0,6.147767661684853,-0.749549013004171,6.1233952265083165,6.099022791331779,6.050277920978706,-1.3361598849357224,5.968843798370649,5.789919935056446,5.432072208428038,0.10228297063900878,6.301917672637587,6.456067683590321,6.76436770549579,0.09708337245496762,6.290389008510743,6.4330103553366325,6.718253048988413
2021,18,2021_18_NO_ATL,NO,10.0,8.13320966094072,1.7077245713753364,8.227906494071462,8.322603327202204,8.511996993463688,1.543399513751143,8.164096354067897,8.194983047195073,8.256756433449429,0.2602637058327261,8.04687295141152,7.960536241882323,7.787862822823926,0.25099252592206783,8.039338825432235,7.945467989923751,7.757726318906781
2021,18,2021_18_NYJ_BUF,BUF,15.0,9.60549420649076,1.506881806418318,9.281818375128998,8.958142543767234,8.310790881043708,1.284555259634532,9.204831885184742,8.804169563878723,8.002844921266684,0.2569721776195211,9.145755231036908,8.686016255583057,7.766538304675354,0.26236035750136666,9.162746279908875,8.71999835332699,7.834502500163218
2021,18,2021_18_NYJ_BUF,NYJ,0.0,2.596911821519732,-4.05720213683364,2.63184408501283,2.6667763485059286,2.7366408754921245,-4.333169366627189,2.5707278967841938,2.544543972048656,2.492176122577579,-0.3635111539172484,2.8843515084722737,3.1717911954248152,3.7466705693298983,-0.36719238336463067,2.8433394998052455,3.089767178090759,3.582622534661786
2021,18,2021_18_PIT_BAL,BAL,4.0,6.524894537376968,-0.07854675737824923,6.574294427081797,6.623694316786625,6.722494096196282,0.15053390948478776,6.61627949896146,6.707664460545952,6.890434383714936,0.2619732622603123,6.84340549485366,7.161916452330352,7.798938367283736,0.28247683967775944,6.886262255640896,7.247629973904824,7.970365410432681
2021,18,2021_18_PIT_BAL,PIT,13.0,6.695267233163606,-0.17822593481628535,6.677109071812783,6.658950910461959,6.622634587760313,0.3518780513725845,6.793435812755295,6.8916043923469825,7.08794155153036,0.09748758512903954,6.704775496558419,6.714283759953231,6.733300286742856,0.10102810406531744,6.707674179646715,6.7200811261298234,6.744895019096041
2021,18,2021_18_SEA_ARI,ARI,1.0,7.418190063991142,-0.7189288950557927,7.083880906546337,6.749571749101532,6.080953434211922,-0.6891786181806177,7.080323569417902,6.742457074844661,6.06672408569818,0.17475089473202324,7.372107276787102,7.3260244895830615,7.233858915174981,0.19221948943518982,7.403838638725718,7.389487213460294,7.360784362929445
2021,18,2021_18_SEA_ARI,SEA,6.0,3.4280858063514192,-3.241830357058342,3.4594362937110743,3.490786781070729,3.5534877557900386,-3.263126282831876,3.456521258386738,3.484956710422057,3.541827614492695,-0.3981213739889119,3.4516754924697577,3.4752651785880957,3.5224445508247726,-0.3832254787241515,3.439648866138944,3.451211925926469,3.474338045501519
2021,18,2021_18_SF_LA,LA,7.0,6.51982933644451,0.30349786678529717,6.666179472995305,6.8125296095461,7.10522988264769,0.19607334490219958,6.623648498193145,6.727467659941778,6.935105983439048,0.172995662629614,6.695493866324039,6.871158396203567,7.222487455962624,0.1766282070519815,6.703742951064754,6.887656565684998,7.255483794925486
2021,18,2021_18_SF_LA,SF,9.0,5.199350892088804,-1.6677615795058562,5.1821142198777945,5.1648775476667845,5.130404203244765,-1.1773243280684424,5.2964833862218565,5.3936158803549095,5.587880868621014,-0.32552601471770176,4.8977035098060915,4.596056127523378,3.9927613629579537,-0.31362444519069116,4.885615729705032,4.571880567321261,3.9444102425537184
2021,18,2021_18_TEN_HOU,HOU,0.0,3.9619152276613954,-3.3451019324191225,3.8339437583395117,3.7059722890176277,3.45002935037386,-3.4196879057357803,3.8184988093383727,3.6750823910153496,3.388249554369304,-0.4187543769949247,3.8186292783585056,3.6753433290556154,3.388771430449835,-0.3961549560802628,3.8181901218626892,3.6744650160639827,3.3870148044665704
2021,18,2021_18_TEN_HOU,TEN,2.0,8.23795198630612,1.8464949503002763,8.341218595686449,8.444485205066778,8.651018423827436,2.05793494177869,8.368835606032816,8.499719225759513,8.761486465212906,0.3184917619864732,8.219738870367236,8.201525754428351,8.165099522550582,0.3517960192070767,8.28809749446161,8.338243002617101,8.438534018928085
2021,18,2021_18_WAS_NYG,NYG,4.0,6.229215897794883,-0.2334259048460831,6.3137456120187965,6.398275326242711,6.567334754690539,-0.31841654962060434,6.279517077710572,6.329818257626261,6.43042061745764,0.10538715133674736,6.36803154151991,6.506847185244938,6.7844784726949925,0.0940311585508451,6.346321666949414,6.463427436103945,6.697638974413007
2021,18,2021_18_WAS_NYG,WAS,18.0,8.79438839394868,3.53102123795005,9.18043934836405,9.566490302779423,10.338592211610166,4.364742099657277,9.35187461335331,9.90936083275794,11.024333271567203,0.34974886177949854,8.687691793489737,8.580995193030795,8.367601992112908,0.36114899165082687,8.721216851268062,8.648045308587445,8.50170222322621
2022,1,2022_01_BAL_NYJ,BAL,11.0,7.619097750731901,0.8441266584982706,7.433610255719327,7.248122760706754,6.877147770681607,0.43185061550752973,7.385929230501755,7.152760710271611,6.686423669811321,0.34687208556307275,7.554166086811027,7.489234422890153,7.359371095048405,0.31029799321911533,7.536008884991334,7.452920019250767,7.286742287769634
2022,1,2022_01_BAL_NYJ,NYJ,4.0,4.5811771140355,-2.331437499487961,4.494511566609333,4.407846019183166,4.234514924330833,-2.449325129629247,4.454943934514868,4.328710754994237,4.076244395952973,-0.40533308518550343,4.480507812495435,4.37983851095537,4.1784999078752385,-0.3739495005675706,4.486831350321948,4.392485586608395,4.20379405918129
2022,1,2022_01_BUF_LA,BUF,17.0,6.150546314767982,-0.8634001570723454,5.976955355916908,5.803364397065835,5.4561824793636875,-0.5354078473595214,6.065445539834675,5.9803447649013695,5.810143215034756,-0.17005591317235624,5.906265513682416,5.661984712596851,5.17342311042572,-0.1509583658087555,5.915035686718049,5.679525058668117,5.208503802568253
2022,1,2022_01_BUF_LA,LA,9.0,4.92481697144352,-1.0091764675061885,5.027330409275846,5.129843847108171,5.3348707227728225,-1.0695291137294796,5.0251777566468,5.125538541850079,5.326260112256638,-0.2024942222520643,4.952675308427089,4.980533645410659,5.036250319377797,-0.19897930649316373,4.941647843904708,4.958478716365895,4.99214046128827
2022,1,2022_01_CLE_CAR,CAR,1.0,7.140763372229872,0.8886948264981365,7.084131627812472,7.027499883395072,6.914236394560273,0.2828657734467167,6.993435525222176,6.846107678214479,6.551451984199087,0.29987714682878563,7.145733097741041,7.15070282325221,7.160642274274548,0.3319196196750292,7.20161272264677,7.262462073063666,7.384160773897461
2022,1,2022_01_CLE_CAR,CLE,6.0,6.005684465961263,1.4234510733420862,6.344075469022837,6.6824664720844105,7.359248478207557,0.8980793931851079,6.281463371554885,6.557242277148506,7.10880008833575,0.28053822429382685,6.273979156465689,6.542273846970114,7.078863227978966,0.24365764163314838,6.250885163146048,6.496085860330832,6.9864872547004016
2022,1,2022_01_DEN_SEA,DEN,5.0,7.052925296350716,-0.31257236991574455,6.768336206327763,6.483747116304809,5.9145689362589025,0.07054524949875271,6.879469426971469,6.706013557592222,6.359101818833728,0.2346583242153146,7.010906372904931,6.968887449459147,6.884849602567578,0.1988733887239948,6.985870758945474,6.918816221540231,6.784707146729747
2022,1,2022_01_DEN_SEA,SEA,7.0,4.775465465937913,-2.4368351872590392,4.6183004360814595,4.461135406225006,4.146805346512099,-2.477014071372554,4.5943890518467985,4.413312637755684,4.051159809573456,-0.4318553929529559,4.598185168995275,4.4209048720526365,4.06634427816736,-0.391016933590055,4.6133228407271085,4.451180215516304,4.126894965094696
2022,1,2022_01_GB_MIN,GB,1.0,5.485426806905776,-1.2532437215968515,5.397010970298164,5.308595133690552,5.131763460475329,-1.51440806745159,5.344876456309145,5.204326105712516,4.923225404519255,-0.20852670987427002,5.3667552474540035,5.248083688002231,5.010740569098686,-0.20688398903061916,5.353201378233912,5.220975949562048,4.956525092218319
2022,1,2022_01_GB_MIN,MIN,12.0,5.3546373542141525,-0.3670815661048429,5.483279918912371,5.611922483610589,5.869207613007025,-1.0313610553668775,5.356187559338725,5.357737764463296,5.36083817471244,0.10921962429148775,5.60457887564164,5.854520397069128,6.354403439924103,0.08556563098215973,5.584524831394115,5.814412308574077,6.274187262934003
2022,1,2022_01_IND_HOU,HOU,7.0,3.863273972553868,-2.79611108816293,3.859411491323474,3.8555490100930796,3.847824047632291,-2.7188505634757507,3.855472948698714,3.84767192484356,3.832069877133252,-0.4779667546300191,3.8652934455594923,3.8673129185651165,3.8713518645763654,-0.4582629897671968,3.8534331961681936,3.8435924197825195,3.823910867011171
2022,1,2022_01_IND_HOU,IND,6.0,7.744470580719946,1.0905253214571817,7.578901730249673,7.413332879779401,7.082195178838856,1.1911178183932982,7.6519219412943285,7.559373301868711,7.374276023017477,0.41443738196263946,7.719624527172429,7.694778473624911,7.645086366529877,0.38449547987085836,7.713614630199601,7.682758679679255,7.621046778638563
2022,1,2022_01_JAX_WAS,JAX,6.0,5.42665410042273,0.18592349876570555,5.652342063140257,5.878030025857784,6.329405951292839,-0.3198949900703983,5.571336937950491,5.716019775478253,6.005385450533777,0.1961801231925427,5.750524512912154,6.074394925401579,6.7221357503804295,0.19814300262519582,5.765344654371789,6.104035208320848,6.781416316218967
2022,1,2022_01_JAX_WAS,WAS,4.0,6.578558660440935,1.2178945519754056,6.73096624003515,6.883373819629365,7.188188978817795,0.7435430866770572,6.676118769253208,6.77367887806548,6.9687990956900245,0.3190305664895321,6.744328215166277,6.910097769891619,7.241636879342304,0.29237059291952555,6.735411125755718,6.892263591070501,7.205968521700066
2022,1,2022_01_KC_ARI,ARI,-2.0,3.034552539640396,-2.342880572612992,3.3321624689929576,3.6297723983455192,4.224992257050642,-3.0730335172320133,3.1537145350844433,3.27287653052849,3.5112005214165842,-0.44647945965977737,3.277040173600203,3.5195278075600096,4.004503075479623,-0.41800364458097844,3.2772402879188562,3.5199280361973164,4.005303532754237
2022,1,2022_01_KC_ARI,KC,3.0,4.935738921371332,-1.185544168931888,4.998829566226096,5.06192021108086,5.188101500790389,-0.9455822445243269,5.0614414001809696,5.187143878990608,5.438548836609884,0.027773947582032815,5.204302144369336,5.472865367367341,6.00999181336335,0.008536828289892164,5.183585686842377,5.431432452313421,5.927125983255512
2022,1,2022_01_LV_LAC,LAC,13.0,5.212656297119848,-1.1427633761264675,5.215417900679473,5.218179504239098,5.223702711358348,-0.816367647282707,5.298394677627695,5.384133058135543,5.555609819151239,-0.21516689554972854,5.155157480077232,5.097658663034617,4.982661028949385,-0.15937693375049863,5.202135490184267,5.191614683248686,5.170573069377524
2022,1,2022_01_LV_LAC,LV,0.0,3.727578057866542,-2.053694757148807,3.9120950854435526,4.096612113020562,4.465646168174583,-1.9086577217701985,3.93719802486807,4.146817991869597,4.566057925872652,-0.33110681234298045,3.9187792029024027,4.109980347938263,4.492382638009984,-0.3388907262180076,3.886122296471191,4.04466653507584,4.361755012285138
2022,1,2022_01_NE_MIA,MIA,12.0,6.291947599704581,-0.2817714224398892,6.204010897235564,6.116074194766549,5.940200789828517,-0.30718626971080903,6.2231854045727015,6.154423209440823,6.016898819177065,0.12138828702402152,6.320426051449217,6.348904503193853,6.405861406683125,0.11208892767051493,6.317383383266002,6.342819166827423,6.393690733950266
2022,1,2022_01_NE_MIA,NE,4.0,5.562180734871046,-0.3288124217686006,5.646899134030562,5.731617533190077,5.901054331509108,-0.18574369942313,5.703365249391984,5.844549763912921,6.126918792954797,-0.15667502423584576,5.479137364220543,5.396093993570039,5.230007252269032,-0.16833211391943845,5.454191694653874,5.346202654436702,5.130224574002357
2022,1,2022_01_NO_ATL,ATL,6.0,4.767370799473666,-1.5739949576077281,4.791738479240246,4.816106159006827,4.864841518539988,-1.5862446325637098,4.790064503155735,4.812758206837803,4.858145614201941,-0.3929301657503384,4.633265220242549,4.499159641011433,4.230948482549199,-0.3425754473059256,4.66181637918047,4.556261958887275,4.345153118300883
2022,1,2022_01_NO_ATL,NO,6.0,7.579921235183448,1.4231857539159387,7.524697847729376,7.469474460275303,7.359027685367158,1.4809206958007988,7.594146110826159,7.608370986468871,7.636820737754293,0.35920174947782385,7.537818399397677,7.495715563611905,7.411509892040362,0.32761231681276093,7.5261293696364095,7.472337504089372,7.364753772995295
2022,1,2022_01_NYG_TEN,NYG,4.0,5.224426072509841,-1.4216459474970131,5.166225286260151,5.108024500010462,4.991622927511083,-1.5770772795046684,5.134932231394425,5.045438390279008,4.866450708048174,-0.3528665184057023,5.018411243443079,4.812396414376318,4.400366756242795,-0.33708804820494787,5.010788845759448,4.797151619009054,4.369877165508267
2022,1,2022_01_NYG_TEN,TEN,9.0,7.932772983402623,4.438987998628139,8.416757305547357,8.900741627692089,9.868710271981556,3.487478677075598,8.313241411095643,8.69370983878866,9.454646694174697,0.44035605417962287,7.8882520839488395,7.843731184495055,7.754689385587486,0.3778139942429224,7.847315400158868,7.7618578169151125,7.590942650427602
2022,1,2022_01_PHI_DET,DET,0.0,3.774106005097446,-2.85224256260842,3.780857679077259,3.787609353057072,3.8011127010166974,-2.8585880076910772,3.7569484541564138,3.739790903215381,3.7054758013333156,-0.4997604588337539,3.775377557301312,3.7766491095051773,3.7791922139129084,-0.45388268944478044,3.79149119521309,3.808876385328733,3.8436467655600204
2022,1,2022_01_PHI_DET,PHI,5.0,6.0298592958779045,-0.2781953244244503,6.008188656387013,5.986518016896122,5.9431767379143405,-0.3105638028566106,6.025854214080333,6.021849132282761,6.013838968687618,0.18242058102624503,6.188382068648847,6.346904841419791,6.663950386961678,0.21529428372643244,6.23706777104407,6.4442762462102365,6.858693196542569
2022,1,2022_01_PIT_CIN,CIN,2.0,7.091681964375078,0.5483119375664883,6.976505831777931,6.861329699180784,6.630977433986491,0.4541606530471227,6.995420292981002,6.899158621586928,6.706635278798776,0.3246455757233225,7.135106780032407,7.178531595689735,7.265381227004393,0.33013523590593247,7.162791735104476,7.233901505833874,7.376121047292671
2022,1,2022_01_PIT_CIN,PIT,26.0,5.165825204394384,-1.9924446108736356,5.003523192796093,4.8412211811978025,4.516617158001222,-1.5198026546479986,5.10395345810557,5.042081711816756,4.918338219239129,-0.4188892756308885,4.9046625191970294,4.643499833999675,4.121174463604967,-0.41154780979211586,4.882966645207658,4.6001080860209305,4.034390967647477
2022,1,2022_01_SF_CHI,CHI,10.0,6.177785002385537,-0.2625813688000279,6.1223813316663005,6.066977660947063,5.956170319508589,-0.41492577362645106,6.113162010353433,6.0485390183213275,5.919293034257118,-0.07118339719209227,6.031220777524121,5.884656552662705,5.591528102939872,-0.03214339746938572,6.069298000871413,5.960810999357289,5.74383699632904
2022,1,2022_01_SF_CHI,SF,5.0,8.410244531932337,1.6707264133768978,8.198939758261279,7.987634984590219,7.5650254372481,1.7642762889899148,8.28106454503495,8.15188455813756,7.893524584342783,0.3120460766082241,8.110708741524837,7.811172951117337,7.212101370302336,0.2952843081566734,8.112457541113642,7.814670550294946,7.219096568657555
2022,1,2022_01_TB_DAL,DAL,5.0,4.903928793451993,-2.018124708501316,4.80175828512412,4.699587776796248,4.495246760140503,-1.522837046756495,4.906843903780267,4.909759014108541,4.915589234765091,-0.26817025701003644,4.867577650539136,4.83122650762628,4.758524221800566,-0.27039443930006957,4.845539633830329,4.787150474208666,4.67037215496534
2022,1,2022_01_TB_DAL,TB,13.0,6.016812639343232,-0.30544531322596374,5.992734457516942,5.968656275690653,5.920499912038073,-0.3206359380648919,6.013788028089478,6.010763416835724,6.004714194328216,0.13052888280340127,6.123738104869641,6.23066357039605,6.444514501448867,0.13587114899637995,6.137820480736104,6.258828322128975,6.500844004914717
2022,2,2022_02_ARI_LV,ARI,3.0,3.955004765324156,-2.5127450532578197,3.843029519499842,3.731054273675527,3.507103782026898,-2.569623646019653,3.873162234548812,3.7913197037734676,3.62763464222278,-0.4516111105199218,3.807012618876036,3.6590204724279154,3.3630361795316754,-0.4172396368166185,3.8219117876747752,3.6888188100253942,3.4226328547266327
2022,2,2022_02_ARI_LV,LV,2.0,5.1481285265629415,0.1583183996679961,5.478434627735396,5.808740728907852,6.469352931252763,-0.3953554076077354,5.354790628275415,5.56145272998789,5.974776933412837,0.1609455477116948,5.503038212035095,5.85794789750725,6.567767268451558,0.15314312908279418,5.500591626898266,5.85305472723359,6.5579809279042385
2022,2,2022_02_ATL_LA,ATL,16.0,3.6603650798946674,-2.348220849711124,3.6676647034224477,3.6749643269502283,3.6895635740057893,-2.3874066324602676,3.7013587003392043,3.7423523207837412,3.8243395616728146,-0.4655711715011021,3.567774037097668,3.4751829943006687,3.2900009087066704,-0.43987159555555017,3.5698305105193997,3.479295941144132,3.298226802393596
2022,2,2022_02_ATL_LA,LA,9.0,7.829148685430507,1.2502419903882183,7.791939627895598,7.754730570360689,7.68031245529087,1.2818797790855763,7.818203397956468,7.8072581104824295,7.785367535534353,0.37261423221803164,7.790651686628729,7.752154687826951,7.675160690223395,0.34185025722409207,7.770683712949724,7.71221874046894,7.595288795507374
2022,2,2022_02_CAR_NYG,CAR,4.0,6.9678875971102325,1.8485307357586145,7.311871593875761,7.65585559064129,8.343823584172348,1.0392795445201832,7.106785293115735,7.245682989121239,7.523478381132244,0.3101774086175343,7.063042718500023,7.158197839889815,7.348508082669397,0.2732551594716358,7.030472466359225,7.0930573356082185,7.218227074106204
2022,2,2022_02_CAR_NYG,NYG,7.0,6.156026272520834,0.7791033318607211,6.406472870979147,6.65691946943746,7.157812666354086,0.43115138243322737,6.333769332495612,6.51151239247039,6.866998512419945,0.24800318205710198,6.372827032377227,6.589627792233619,7.0232293119464035,0.235721853402638,6.369997083646073,6.5839678947713125,7.01190951702179
2022,2,2022_02_CHI_GB,CHI,5.0,3.9652676160871234,-1.6474598971251841,4.0906301887652345,4.215992761443346,4.466717906799567,-2.0488266092510123,4.021410654258092,4.07755369242906,4.189839768770996,-0.4186173999842804,3.8578633038371493,3.7504589915871747,3.535650367087226,-0.4201397603326377,3.8256234894656336,3.6859793628441437,3.4066911096011645
2022,2,2022_02_CHI_GB,GB,9.0,8.911520834635645,1.7279369669769067,8.73616145062679,8.560802066617935,8.210083298600226,1.7370328704970825,8.752817982842043,8.59411513104844,8.276709427461235,0.39245284536201813,8.628378365769517,8.34523589690339,7.7789509591711345,0.35622618473459905,8.602218653445775,8.292916472255904,7.674312109876163
2022,2,2022_02_CIN_DAL,CIN,4.0,7.53243067316748,0.006798900756666668,7.2246518924737355,6.916873111779991,6.301315550392503,-0.5698648994613476,7.095921093269853,6.659411513372225,5.78639235357697,0.25395286624849617,7.412912118286134,7.293393563404788,7.054356453642097,0.25367937391367845,7.426978144706693,7.321525616245906,7.110620559324333
2022,2,2022_02_CIN_DAL,DAL,7.0,5.384717621414035,-1.3018373510962276,5.251042830479076,5.1173680395441155,4.850018457674196,-1.9073979026842296,5.124166551244849,4.863615481075662,4.3425133407372885,-0.308219928615483,5.066843250506572,4.748968879599108,4.113220137784181,-0.2847777277847213,5.076229538069755,4.767741454725473,4.1507652880369115
2022,2,2022_02_HOU_DEN,DEN,7.0,8.160721822883769,0.8982936016988168,7.943040479836713,7.725359136789658,7.289996450695546,1.4298334550426768,8.106812584952978,8.052903347022188,7.945084871160607,0.4041694754880625,8.080603668495236,8.000485514106702,7.840249205329634,0.39630419630703195,8.09419579414504,8.02766976540631,7.894617707928853
2022,2,2022_02_HOU_DEN,HOU,6.0,3.498010235245637,-2.8899714376200336,3.39569620237605,3.293382169506463,3.0887541037672888,-2.5855445731636517,3.5261196406630324,3.554229046080428,3.6104478569152185,-0.4650103113104108,3.4467414708921797,3.3954727065387225,3.2929351778318074,-0.44823926752520216,3.436565272503381,3.375120309761125,3.252230384276613
2022,2,2022_02_IND_JAX,IND,0.0,6.684560766979518,0.5771545233700338,6.746882682767315,6.809204598555112,6.933848430130706,0.6991260869670437,6.802490484580531,6.920420202181544,7.156279637383571,0.3212840543112614,6.865074338967299,7.04558791095508,7.406615054930642,0.29606548823222706,6.8493239782511415,7.014087189522765,7.3436136120660125
2022,2,2022_02_IND_JAX,JAX,21.0,4.773566434875926,-0.9446189188933275,4.891719580910024,5.009872726944122,5.246179019012319,-0.8213000686646879,4.958916277924704,5.144266120973481,5.514965807071036,0.13453664960820905,5.187575586683867,5.601584738491807,6.429603042107687,0.12100394204536531,5.175503428206694,5.577440421537463,6.381314408199
2022,2,2022_02_LAC_KC,KC,10.0,5.257665718925553,-1.2145843937766427,5.179945110892371,5.102224502859189,4.946783286792824,-1.2690212780674224,5.201160963995275,5.144656209064998,5.031646699204442,-0.1552215186364526,5.17166591920698,5.0856661194884065,4.913666520051259,-0.15738727180895037,5.156004377398639,5.0543430358717245,4.851020352817895
2022,2,2022_02_LAC_KC,LAC,1.0,3.666633111184325,-2.3712393994493346,3.665983748271424,3.665334385358523,3.664035659532721,-2.7754738847052947,3.601329193842547,3.5360252765007694,3.4054174418172143,-0.364143065706927,3.705136178341033,3.743639245497741,3.820645379811157,-0.3545372631403421,3.691800520143696,3.716967929103067,3.7673027470218092
2022,2,2022_02_MIA_BAL,BAL,7.0,6.420930356609597,0.2577888111166288,6.460614542195713,6.500298727781828,6.579667098954058,0.5821172402395112,6.573189648877916,6.725448941146235,7.029967525682872,0.25896883142223476,6.585847424826067,6.750764493042535,7.080598629475473,0.2423211549132043,6.577744103785203,6.734557850960807,7.048185345312017
2022,2,2022_02_MIA_BAL,MIA,-4.0,6.497481891994873,1.0560060875887867,6.739336905582848,6.981191919170822,7.46490194634677,0.6328191956567297,6.64428660564382,6.791091319292766,7.08470074659066,0.3114604920314202,6.711916626183437,6.926351360372001,7.355220828749129,0.2839901813918105,6.692420575000554,6.887359258006234,7.277236624017595
2022,2,2022_02_MIN_PHI,MIN,7.0,4.422647837119819,-1.3594931538008392,4.513505206292763,4.604362575465705,4.786077313811592,-1.4727236602035794,4.519922910197922,4.617197983276023,4.811748129432228,-0.23238731144087707,4.4444748581902775,4.466301879260735,4.509955921401651,-0.24390440843675815,4.410846535041019,4.3990452329622185,4.375442628804618
2022,2,2022_02_MIN_PHI,PHI,12.0,5.75345735454418,-0.637845202468618,5.711691925728978,5.669926496913776,5.586395639283373,-0.8506174803362005,5.685922364699503,5.618387374854828,5.483317395165476,0.15035251501706828,5.943179861098746,6.132902367653312,6.512347380762445,0.18769775194648694,6.0020742418045305,6.250691129064883,6.747924903585586
2022,2,2022_02_NE_PIT,NE,8.0,7.441155333993782,0.9353456131123112,7.413638421286763,7.386121508579746,7.331087683165709,0.9227063106424498,7.4302756298591754,7.41939592572457,7.397636517455357,0.3261104047891698,7.438832804959832,7.436510275925883,7.431865217857984,0.279781040956034,7.394391330103479,7.347627326213177,7.254099318432571
2022,2,2022_02_NE_PIT,PIT,3.0,6.113908617218994,-0.11449942953259874,6.127129936818126,6.140351256417258,6.166793895615523,0.009858599541976324,6.188483745605741,6.263058873992488,6.412209130765983,0.1424223070210984,6.203146131194865,6.2923836451707365,6.470858673122479,0.1561561527974479,6.22906728199381,6.344225946768626,6.574543276318257
2022,2,2022_02_NYJ_CLE,CLE,3.0,8.891900501738473,2.1894460204672566,8.849401304338326,8.80690210693818,8.721903712137888,1.6677031054466014,8.719392205563436,8.546883909388399,8.201867317038325,0.41979430791017486,8.649423904044635,8.406947306350796,7.92199411096312,0.4308087805695654,8.689997032667437,8.4880935635964,8.084286625454329
2022,2,2022_02_NYJ_CLE,NYJ,2.0,5.365852772130042,-0.7963649584761539,5.377038296359822,5.388223820589602,5.41059486904916,-1.161738870811646,5.31125433690861,5.2566559016871786,5.147459031244314,-0.005388574190894408,5.448777589372254,5.531702406614466,5.697552041098889,0.009756679714719803,5.466838873405284,5.567824974680525,5.769797177231008
2022,2,2022_02_SEA_SF,SEA,9.0,4.793723654014598,-2.1129040119577884,4.582926103418147,4.372128552821698,3.950533451628797,-1.8008639203365315,4.709672175835497,4.625620697656396,4.457517741298194,-0.4043909497876231,4.497812569106291,4.201901484197984,3.61007931438137,-0.3675929072320573,4.519176971548281,4.2446302890819645,3.6955369241493305
2022,2,2022_02_SEA_SF,SF,12.0,8.444855410910924,0.9081336958986014,8.1588688736109,7.8728823363108775,7.3009092617108315,0.7997418904666573,8.149865385728306,7.854875360545691,7.264895310180457,0.26403217330469947,8.110413725048328,7.775972039185735,7.107088667460546,0.24581986145664206,8.100495921451792,7.75613643199266,7.0674174530743965
2022,2,2022_02_TB_NO,NO,4.0,5.387315550121117,-0.9898979660389547,5.339477632938499,5.291639715755881,5.195963881390646,-0.788766239417972,5.428008255323989,5.46870096052686,5.550086370932603,0.10051299917391751,5.603386784344159,5.8194580185672,6.251600487013285,0.1309858775244997,5.649532738257509,5.911749926393901,6.4361843026666845
2022,2,2022_02_TB_NO,TB,26.0,7.102210981210938,2.370708253322886,7.5573897928828275,8.012568604554717,8.922926227898497,2.811621408771862,7.685842612060959,8.26947424291098,9.436737504611026,0.3182449245316843,7.174337022976669,7.246463064742399,7.390715148273861,0.2871387018022246,7.1502941826189215,7.198377384026904,7.294543786842871
2022,2,2022_02_TEN_BUF,BUF,20.0,8.381452779577158,0.5218487391097325,8.004217957613237,7.626983135649318,6.872513491721477,1.0750339854074757,8.176608490803229,7.9717642020293,7.562075624481443,0.3612119678501926,8.189966364896698,7.998479950216238,7.615507120855318,0.3484028603240471,8.19391656628283,8.006380352988502,7.631307926399846
2022,2,2022_02_TEN_BUF,TEN,-3.0,3.7298884731823416,-2.3497701154367037,3.719377708697514,3.708866944212687,3.6878454152430327,-2.6506130297228645,3.6824678218049645,3.635047170427587,3.5402058676728325,-0.4273532233612405,3.6699030791950213,3.609917685207701,3.4899468972330605,-0.398914003892728,3.6782582002070203,3.626627927231699,3.5233673812810564
2022,2,2022_02_WAS_DET,DET,9.0,5.094462557596342,-1.010770681554862,5.114050850454218,5.133639143312095,5.172815729027848,-1.1477556116736947,5.111485439786824,5.128508321977307,5.162554086358272,-0.17726838755510146,5.020427731438074,4.946392905279806,4.79832325296327,-0.1745890307198142,5.009962835970539,4.925463114344735,4.756463671093129
2022,2,2022_02_WAS_DET,WAS,-1.0,5.352877753360808,-0.4910922816230034,5.45194501854073,5.5510122837206515,5.749146814080495,-0.9825393701311294,5.349884944561296,5.3468921357617845,5.34090651816276,0.06169766895086923,5.526790604190243,5.700703455019678,6.048529156678549,0.10124225211912335,5.582829813044222,5.812781872727637,6.272685992094466
2022,3,2022_03_ATL_SEA,ATL,4.0,5.66699124619752,-0.6917541183774191,5.605543814754402,5.544096383311285,5.421201520425049,0.003717616896813841,5.792932637829569,5.918874029461619,6.170756812725718,0.15539497034630337,5.8201448839970205,5.97329852179652,6.279605797395521,0.15205602733652415,5.820199623595296,5.973408000993072,6.279824755788625
2022,3,2022_03_ATL_SEA,SEA,7.0,5.831973626023482,-0.5048802802384468,5.7744425012042,5.716911376384919,5.601849126746358,-0.21791405849432316,5.863341400456088,5.894709174888695,5.957444723753909,0.15576002658767102,5.944260797520216,6.056547969016952,6.281122312010422,0.15594658616355134,5.948123043724595,6.06427246142571,6.296571296827938
2022,3,2022_03_BAL_NE,BAL,11.0,5.804907054067109,-0.4094368679336906,5.777208433332965,5.74950981259882,5.694112571130531,-0.17204167166228065,5.854079079993998,5.903251105920887,6.0015951577746645,0.11378712816922801,5.880369973049538,5.955832892031966,6.106758729996821,0.11796376392437721,5.8869497518487215,5.968992449630335,6.13307784519356
2022,3,2022_03_BAL_NE,NE,4.0,6.256292351310557,-0.16972642009005384,6.17367835990305,6.091064368495545,5.925836385680531,-0.5274423888311275,6.107103122279177,5.957913893247799,5.65953543518504,-0.031115044525850306,6.068420995276499,5.880549639242442,5.504806927174327,-0.035550173826803914,6.060292182783435,5.864292014256314,5.472291677202071
2022,3,2022_03_BUF_MIA,BUF,4.0,6.383304518502606,-0.09002978584621987,6.288197814018579,6.193091109534551,6.002877700566496,1.545603667958441,6.701169315895918,7.019034113289228,7.65476370807585,-0.08562968614826809,6.107064015137926,5.830823511773245,5.278342505043884,-0.09868224590211827,6.0876148058065525,5.791925093110499,5.200545667718392
2022,3,2022_03_BUF_MIA,MIA,9.0,3.925742656012935,-1.3237418063580102,4.14687456559367,4.368006475174404,4.810270294335874,-1.738359283576245,4.067825444740377,4.20990823346782,4.494073810922703,-0.3361686789154102,4.003695694428005,4.081648732843076,4.237554809673217,-0.3193466707272312,4.006986143123202,4.088229630233468,4.250716604454001
2022,3,2022_03_CIN_NYJ,CIN,16.0,7.386452348297876,0.6796257624275931,7.226561759176355,7.066671170054834,6.746889991811791,0.020994967000334198,7.086685663094933,6.78691897789199,6.187385607486102,0.36404612069855335,7.326435073706206,7.266417799114535,7.146383249931195,0.3555654336287101,7.328792178910593,7.271132009523309,7.155811670748742
2022,3,2022_03_CIN_NYJ,NYJ,4.0,4.302366236694294,-2.308968463670541,4.191241991726626,4.080117746758959,3.857869256823624,-2.6550429559647637,4.129724805869903,3.957083375045512,3.6118005133967297,-0.450401048461202,4.167527510804279,4.032688784914263,3.763011333134232,-0.430449013088933,4.169896457916749,4.0374266791392035,3.7724871215841143
2022,3,2022_03_DAL_NYG,DAL,10.0,7.820281400869609,2.35156371639133,7.955991698623838,8.091701996378067,8.363122591886526,1.6880618463718509,7.8131796272612535,7.8060778536529,7.791874306436189,0.4364749571182328,7.727027730856063,7.6337740608425175,7.447266720815427,0.37717977346781006,7.677423186696317,7.534564972523025,7.248848544176442
2022,3,2022_03_DAL_NYG,NYG,0.0,6.866984257441217,0.04662384491481712,6.683982775111725,6.5009812927822335,6.13497832812325,-0.18904919053927788,6.646544709417094,6.426105161392972,5.985226065344725,0.23590372106005644,6.803751893947083,6.740519530452948,6.614054803464679,0.2768921796557835,6.854530722959449,6.842077188477681,6.817170119514144
2022,3,2022_03_DET_MIN,DET,2.0,3.7597830169099686,-2.9289716560081667,3.6344680699129253,3.509153122915882,3.258523228921795,-2.994526679702422,3.641102336137533,3.5224216553650973,3.285060293820226,-0.4882002695818645,3.7213337672380495,3.682884517566131,3.6059860182222927,-0.47914161563112717,3.7105608720806056,3.661338727251243,3.562894437592517
2022,3,2022_03_DET_MIN,MIN,2.0,6.037312719070558,-0.005092341557953624,6.0492308425652705,6.0611489660599815,6.084985213049406,-0.41082025333158806,5.97092949462324,5.904546270175921,5.771779821281284,0.2515771426775478,6.197775850476043,6.358238981881527,6.679165244692497,0.26526750704239654,6.219767744323269,6.402222769575979,6.7671328200814
2022,3,2022_03_GB_TB,GB,11.0,5.977980314500381,-0.5035276219955256,5.8842744152113635,5.790568515922347,5.603156717344314,-0.5430076602685663,5.894623848690941,5.811267382881502,5.644554451262621,0.19041024912597507,6.089751754490776,6.201523194481172,6.425066074461964,0.2186553227447245,6.125109010594111,6.272237706687841,6.5664950988753015
2022,3,2022_03_GB_TB,TB,6.0,6.190364404644822,0.7936241351463726,6.357045849855939,6.523727295067055,6.857090185489288,1.0908555182087056,6.447044765067428,6.703725125490033,7.217085846335243,0.21010179264171494,6.2694904473368,6.3486164900287765,6.50686857541273,0.18001579184204497,6.242817030272928,6.295269655901034,6.400174907157245
2022,3,2022_03_HOU_CHI,CHI,6.0,7.893583546984529,1.2253980587934086,7.738807244371017,7.584030941757505,7.274478336530481,0.9264528319513958,7.6849012829254955,7.476219018866463,7.058854490748396,0.36177015610681734,7.70441977284756,7.5152559987105905,7.136928450436652,0.3723615359710619,7.727214884836373,7.560846222688217,7.228108898391905
2022,3,2022_03_HOU_CHI,HOU,9.0,6.921458653017463,0.8530452589845782,6.9197268712861195,6.917995089554777,6.914531526092092,0.8406227441183083,6.935155560684582,6.948852468351702,6.976246283685941,0.2606122331628801,6.870268681642587,6.819078710267712,6.716698767517962,0.2439336097010593,6.859919760952007,6.798380868886552,6.67530308475564
2022,3,2022_03_JAX_LAC,JAX,9.0,3.9865673318367993,-1.7084795990341848,4.09951328192421,4.2124592320116205,4.438351132186442,-2.0215589910281304,4.045301704921114,4.104036078005429,4.221504824174057,-0.4231690817701935,3.9589600534410545,3.9313527750453092,3.876138218253819,-0.4258981152032335,3.9379445062271934,3.889321680617587,3.792076029398374
2022,3,2022_03_JAX_LAC,LAC,-4.0,7.065938471095487,0.23511020623842133,6.8787500362833205,6.691561601471153,6.317184731846819,0.42183157566786433,6.942747766791325,6.819557062487162,6.573175653878837,0.28383581932637086,7.002747368437342,6.939556265779197,6.813174060462908,0.287209249727184,7.014848595313996,6.963758719532504,6.861578967969521
2022,3,2022_03_KC_IND,IND,6.0,3.714769554991486,-2.702876264813298,3.6553485690041594,3.595927583016833,3.47708561104218,-2.7543206147193815,3.6651395484709886,3.6155095419504915,3.516249528909497,-0.4582368933818701,3.7186920936405587,3.7226146322896314,3.7304597095877767,-0.4331423642021369,3.7263006281103603,3.7378317012292346,3.7608938474669835
2022,3,2022_03_KC_IND,KC,8.0,5.801962067036583,0.7208225254779204,6.048150092248292,6.294338117460002,6.786714167883422,1.0203939832609017,6.138788872538258,6.475615678039933,7.149269289043283,0.32436805410060693,6.096859761664762,6.391757456292941,6.981552845549301,0.30626479071874885,6.087371983960219,6.372781900883855,6.943601734731128
2022,3,2022_03_LA_ARI,ARI,4.0,4.727394930021124,-1.475877430962935,4.711347072381077,4.695299214741029,4.663203499460934,-1.5840840173840829,4.706185674633099,4.684976419245074,4.642557908469024,-0.34804706554994486,4.592598617951118,4.457802305881111,4.188209681741097,-0.34025613310173775,4.58572464980093,4.444054369580737,4.160713809140349
2022,3,2022_03_LA_ARI,LA,6.0,5.456387979001689,0.5339008891219433,5.743796073220827,6.031204167439967,6.606020355878244,0.1705609321642572,5.6751252795634475,5.893862580125207,6.331337181248726,0.17463283922269568,5.682171895669663,5.907955812337637,6.359523645673585,0.17451403281654,5.686414261215415,5.916440543429141,6.376493107856595
2022,3,2022_03_LV_TEN,LV,3.0,6.3076953753928,0.06365959682298998,6.268633152957092,6.229570930521384,6.151446485649968,0.3416361312651298,6.3547691759438125,6.401842976494825,6.4959905775968485,0.23610384391810452,6.384493069727746,6.461290764062692,6.614886152732585,0.23187592668105356,6.386622014830728,6.465548654268655,6.62340193314451
2022,3,2022_03_LV_TEN,TEN,3.0,5.516932877355522,-0.08107329743612374,5.640583602558682,5.764234327761843,6.011535778168162,-0.28205456968855935,5.611627636090032,5.706322394824541,5.89571191229356,0.22796612567881108,5.78296978019633,6.049006683037137,6.581080488718753,0.25543719190849545,5.818904448525197,6.120876019694872,6.724819162034222
2022,3,2022_03_NO_CAR,CAR,10.0,6.430187387369319,0.7669334297423198,6.530462729681995,6.630738071994671,6.831288756620022,0.6020678898018635,6.50930210959991,6.588416831830502,6.746646276291685,0.2066415070829488,6.44576400960698,6.4613406318446405,6.492493876319963,0.1984818976244213,6.442555667034806,6.454923946700292,6.479660506031267
2022,3,2022_03_NO_CAR,NO,3.0,7.525455956965873,1.9680434073169706,7.642187055079509,7.758918153193144,7.992380349420415,1.1200152112349624,7.455379704195628,7.385303451425382,7.245150945884891,0.3638962677414306,7.430532150626189,7.335608344286506,7.145760731607138,0.3360304770069431,7.412023293956977,7.2985906309480795,7.071725304930286
2022,3,2022_03_PHI_WAS,PHI,15.0,6.776352273843447,0.49614364364851693,6.724644480408168,6.67293668697289,6.5695211001023335,0.21098056046206648,6.674824090834864,6.5732959078262825,6.370239541809118,0.30995200140832885,6.812680645218283,6.849009016593119,6.9216657593427895,0.28897436418973194,6.799558389273955,6.822764504704462,6.8691767355654765
2022,3,2022_03_PHI_WAS,WAS,5.0,4.248158611498227,-2.1199358061355005,4.196269897461487,4.144381183424747,4.040603755351266,-2.1480439627033525,4.211060916624835,4.173963221751443,4.099767832004658,-0.48466494026259377,4.091287074545942,3.934415537593657,3.620672463689087,-0.4509195813593353,4.107212334690166,3.9662660578821045,3.6843735042659813
2022,3,2022_03_PIT_CLE,CLE,4.0,8.006079999071758,1.147515794669684,7.804357734523629,7.6026354699755,7.19919094087924,0.832429559536785,7.746650162804261,7.487220326536765,6.968360654001772,0.32868734535922756,7.754434004643857,7.502788010215955,6.999496021360152,0.27981534061534113,7.711998146377093,7.417916293682428,6.829752588293098
2022,3,2022_03_PIT_CLE,PIT,1.0,6.417705937411257,0.22089495204226245,6.389140227846699,6.360574518282141,6.303443099153026,-0.3571928431284913,6.269127995914686,6.120550054418115,5.823394171424973,0.06837179865802281,6.292803108011989,6.167900278612721,5.918094619814185,0.07912216830471526,6.304751424330567,6.191796911249876,5.965887885088494
2022,3,2022_03_SF_DEN,DEN,16.0,5.629474181677221,0.2294072071139532,5.800023572335322,5.9705729629934225,6.311671744309625,0.41874343797658864,5.864656495851418,6.099838810025615,6.570203438374009,0.1661822138868503,5.80321016244123,5.9769461432052395,6.324418104733257,0.17935679713933994,5.821440218016642,6.013406254356063,6.397338327034905
2022,3,2022_03_SF_DEN,SF,8.0,6.433301854002488,0.7539404307234868,6.52965855455349,6.62601525510449,6.818728656206492,0.8159981816845985,6.563112909370796,6.6929239647391015,6.9525460754757145,0.27414016816697045,6.5182005005383115,6.6030991470741345,6.7728964401457805,0.24994885712364773,6.500275177027559,6.567248500052629,6.701195146102769
2022,4,2022_04_ARI_CAR,ARI,12.0,6.267151768715617,0.3204156556614027,6.361179025315883,6.455206281916148,6.64326079511668,-0.09163081483377326,6.283048247348801,6.298944725981986,6.330737683248356,0.21129433975773027,6.3792405169417,6.491329265167784,6.7155067616199515,0.21483082232031858,6.386839419791748,6.506527070867881,6.745902373020144
2022,4,2022_04_ARI_CAR,CAR,9.0,5.195728202191521,0.42241319972638763,5.585052909567601,5.974377616943681,6.753027031695841,-0.20281687282002994,5.448151477521724,5.700574752851926,6.20542130351233,0.17889051833697134,5.536929645965235,5.8781310897389485,6.560533977286375,0.16891537359036182,5.526125043491316,5.8565218847911105,6.5173155673907
2022,4,2022_04_BUF_BAL,BAL,5.0,3.8587991176007055,-2.1403548356311166,3.892865469057681,3.926931820514657,3.9950645234286077,-1.8426293128774185,3.9834017723853705,4.1080044271700356,4.357209736739366,-0.24485223993896735,4.027590465881823,4.19638181416294,4.533964510725176,-0.253078127898694,3.9982120491659723,4.137624980731239,4.416450843861772
2022,4,2022_04_BUF_BAL,BUF,7.0,7.001127957649851,1.039201866662913,7.105044395039094,7.208960832428337,7.416793707206823,1.0068175861136386,7.143042164686334,7.284956371722816,7.568784785795781,0.2680891117328783,6.997628568830339,6.994129180010825,6.9871304023717995,0.22900895498686896,6.954967768519053,6.908807579388252,6.8164872011266535
2022,4,2022_04_CHI_NYG,CHI,6.0,7.09298744346169,1.194530969780511,7.215728964334468,7.338470485207245,7.5839535269528,0.24384153929730387,6.996951650189971,6.900915856918253,6.708844270374816,0.2556851951782736,7.051692606108909,7.010397768756128,6.927808094050566,0.22992899526689956,7.025007471701409,6.957027499941128,6.821067556420565
2022,4,2022_04_CHI_NYG,NYG,15.0,8.35222894736027,1.2883681772105549,8.185406183243034,8.018583419125797,7.684937890891323,1.2882571831552396,8.23566964689588,8.11911034643149,7.885991745502713,0.3364058941911872,8.092636359171633,7.833043770982995,7.31385859460572,0.3059892017805922,8.064103685796752,7.775978424233234,7.199727901106196
2022,4,2022_04_CLE_ATL,ATL,6.0,5.195232677897433,-1.237123723513617,5.138197176465036,5.08116167503264,4.967090672167847,-1.002129502925333,5.222556081215005,5.2498794845325785,5.304526291167724,-0.17279212948463585,5.11607334426081,5.036914010624188,4.878595343350943,-0.16107931806610956,5.115039607163402,5.034846536429369,4.8744603949613055
2022,4,2022_04_CLE_ATL,CLE,3.0,6.193820206118003,-0.4600725543408472,6.096196734909737,5.998573263701472,5.803326321284939,-0.30963731124342814,6.166621493985092,6.139422781852181,6.0850253575863595,0.1772781128247796,6.283570797805325,6.373321389492649,6.552822572867294,0.1575296386243371,6.260523277895212,6.327226349672422,6.46063249322684
2022,4,2022_04_DEN_LV,DEN,1.0,5.236977840187553,-0.7197716403695728,5.308695162179651,5.3804124841717496,5.523847128155946,-1.0040325473235852,5.253328728700023,5.269679617212493,5.3023813942374325,-0.04073568623487435,5.305273737736493,5.373569635285433,5.510161430383314,-0.029597484160918126,5.309991725555176,5.383005610922799,5.529033381658046
2022,4,2022_04_DEN_LV,LV,5.0,6.115223748394775,0.19204840967853962,6.21269691016045,6.310170071926127,6.505116395457478,0.09235201931154885,6.220943405197325,6.3266630619998745,6.538102375604974,0.2592030095497953,6.3225758625549915,6.529927976715208,6.944632205035641,0.21963415680109652,6.27887166957793,6.442519590761084,6.769815433127394
2022,4,2022_04_JAX_PHI,JAX,9.0,4.815612431542579,-1.6430685404709842,4.7442660413917075,4.672919651240837,4.530226870939094,-1.2680354504262552,4.862916100807643,4.910219770072708,5.0048271086028375,-0.4309320908961399,4.522716564046344,4.229820696550108,3.6440289615576384,-0.37656953566429485,4.562123730431545,4.308635029320511,3.8016576270984426
2022,4,2022_04_JAX_PHI,PHI,14.0,6.882113387330599,0.13076895265496002,6.771377430199971,6.660641473069342,6.439169558808086,-0.3049844038000214,6.68415243796831,6.486191488606021,6.0902695898814425,0.25271505732851535,6.8899858583792035,6.897858329427807,6.913603271525014,0.24994624812885868,6.891765548089666,6.901417708848731,6.920722030366864
2022,4,2022_04_KC_TB,KC,4.0,5.4271311136485245,-0.8697722837412727,5.4109537384569,5.394776363265276,5.362421612882027,-0.11768013182157777,5.645692793290042,5.864254472931559,6.301377832214593,0.13422293853086828,5.657075634636488,5.887020155624452,6.346909197600378,0.16502964328189837,5.694841018883354,5.962550924118183,6.497970734587843
2022,4,2022_04_KC_TB,TB,1.0,5.665037323107343,0.2681636080286605,5.8955352285509255,6.126033133994506,6.587028944881669,0.3457227716589482,5.954696317456861,6.244355311806377,6.823673300505411,0.15275304761283867,5.857660569044578,6.050283814981812,6.435530306856281,0.14677296600598777,5.850548282668997,6.036059242230651,6.407081161353958
2022,4,2022_04_LAC_HOU,HOU,2.0,4.521254109189693,-1.9001760047263934,4.454324754821094,4.387395400452497,4.253536691715301,-2.314005272778455,4.347422566599774,4.1735910240098555,3.825927938830018,-0.4342707415108811,4.297956009287117,4.074657909384541,3.6280617095793892,-0.42640793030779156,4.279325760246078,4.037397411302463,3.553540713415233
2022,4,2022_04_LAC_HOU,LAC,8.0,7.241864398334365,0.5468433257422332,7.153131908433852,7.064399418533338,6.88693443873231,0.8779469867542222,7.287282395331654,7.332700392328943,7.42353638632352,0.3341823947012259,7.257204449948699,7.272544501563034,7.303224604791702,0.3439831805617357,7.278617856327854,7.315371314321341,7.388878230308318
2022,4,2022_04_LA_SF,LA,1.0,6.662828908397824,0.890899433630654,6.811420618120412,6.960012327842999,7.257195747288174,0.47845024482644505,6.7404388645417095,6.818048820685595,6.973268732973366,0.2801645735560668,6.758342146461008,6.853855384524191,7.044881860650559,0.2910208756093555,6.7784239689657095,6.894019029533596,7.125209150669368
2022,4,2022_04_LA_SF,SF,21.0,6.892544835333475,1.1999051956407185,7.0668428973344835,7.241140959335491,7.589737083337505,0.9374310367156922,7.042053650503492,7.191562465673508,7.49058009601354,0.17245540882004848,6.801848068117394,6.711151300901312,6.529757766469149,0.22085450039345159,6.863381333291895,6.834217831250314,6.775890827167152
2022,4,2022_04_MIA_CIN,CIN,8.0,6.756213176630388,-0.07327379867013777,6.6220563305138445,6.4878994843973015,6.219585792164215,-0.14702810070368688,6.634234910708705,6.512256644787023,6.268300112943656,0.162401985176243,6.687579082449941,6.618944988269494,6.481676799908599,0.15298423783367526,6.676660766899218,6.597108357168048,6.438003537705709
2022,4,2022_04_MIA_CIN,MIA,1.0,5.095950969145231,-1.329144969708543,5.03897837261754,4.982005776089848,4.868060583034466,-1.6808582131121494,4.956848193907293,4.817745418669355,4.539539868193478,-0.3177164503575595,4.86833523500635,4.640719500867468,4.1854880325897055,-0.3183102925191218,4.844887511339769,4.593824053534306,4.091697137923381
2022,4,2022_04_MIN_NO,MIN,6.0,7.918289025079197,1.1556022532675063,7.824231715266237,7.730174405453276,7.542059785827355,1.0257130940809336,7.836237186421098,7.754185347762998,7.590081670446798,0.38801084378542583,7.828882185868421,7.7394753466576445,7.560661668236092,0.33987216300997775,7.780819724044367,7.6433504230095375,7.368411820939878
2022,4,2022_04_MIN_NO,NO,4.0,5.773380636129915,-0.2976447528530325,5.824566855900548,5.875753075671179,5.978125515212444,-0.2904268897268861,5.856704771412245,5.940028906694574,6.106677177259233,0.07629630402888753,5.847503570003954,5.9216265038779925,6.06987237162607,0.09983363533001349,5.873384735112416,5.973388834094917,6.173397032059918
2022,4,2022_04_NE_GB,GB,7.0,8.40819505451259,0.8351898265823007,8.105457038620518,7.802719022728445,7.1972429909443,0.6129270108564295,8.08735523363141,7.7665154127502305,7.124835770987872,0.242828835413835,8.022726779638742,7.637258504764894,6.866321955017199,0.2221503678453305,8.001731843730976,7.595268632949365,6.78234221138614
2022,4,2022_04_NE_GB,NE,11.0,4.56600158383062,-2.2293761508774637,4.39931690198358,4.23263222013654,3.89926285644246,-2.5783562371349444,4.306496527328201,4.04699147082578,3.52798135782094,-0.4319392651423326,4.334304213833351,4.102606843836082,3.6392121038415435,-0.4193900602811362,4.321620858299096,4.077240132767572,3.5884786817045238
2022,4,2022_04_NYJ_PIT,NYJ,12.0,5.730230266813404,-0.6058162311389825,5.709293201738186,5.688356136662969,5.646482006512533,-0.4476700893665936,5.780035296098996,5.829840325384588,5.92945038395577,0.16494130182230146,5.921128000103266,6.112025733393128,6.493821199972851,0.15437447392590303,5.908903882487297,6.08757749816119,6.444924729508976
2022,4,2022_04_NYJ_PIT,PIT,5.0,7.448543371877357,1.3047268264540404,7.51204315505919,7.575542938241022,7.702542504604687,0.7699735718384608,7.411867762753673,7.375192153629987,7.301840935382617,0.3904501151668274,7.47948942819928,7.510435484521201,7.572327597165044,0.3912871846988855,7.492501994050459,7.536460616223559,7.624377860569761
2022,4,2022_04_SEA_DET,DET,-2.0,5.53630139846417,-0.7409661716447605,5.527485625124556,5.51866985178494,5.501038305105712,-0.707135834617423,5.561478516532219,5.586655634600267,5.637009870736364,0.11241768235482484,5.7128821850756015,5.889462971687031,6.2426245449098925,0.15173996799298856,5.76017830598194,5.984055213499708,6.4318090285352465
2022,4,2022_04_SEA_DET,SEA,7.0,4.401539908807382,-2.1146605845962108,4.306833879000763,4.212127849194145,4.022715789580907,-1.9895079135798797,4.349071119092521,4.296602329377661,4.19166474994794,-0.30626747589616277,4.361215753080007,4.320891597352633,4.2402432858978845,-0.2813394077334227,4.370093448159777,4.3386469875121705,4.27575406621696
2022,4,2022_04_TEN_IND,IND,3.0,7.4513057036223715,0.49460897966098083,7.296159687290794,7.141013670959216,6.830721638296061,0.8023442774438954,7.423060663326972,7.394815623031571,7.338325542440771,0.2915349871874089,7.363294625999783,7.275283548377194,7.099261393132017,0.32276585604188696,7.409291598894407,7.367277494166441,7.283249284710511
2022,4,2022_04_TEN_IND,TEN,10.0,5.088955875050607,-0.5072437786730641,5.254857475719556,5.420759076388505,5.752562277726401,-1.2665216808139175,5.068350221016775,5.047744566982944,5.006533258915281,-0.03204498356135641,5.204648186405251,5.320340497759895,5.551725120469184,-0.029028402859684343,5.199683534428601,5.310411193806594,5.531866512562582
2022,4,2022_04_WAS_DAL,DAL,10.0,7.880183766484318,1.5056437460680963,7.889828414624764,7.89947306276521,7.918762359046101,1.3693952808490317,7.904498188520291,7.928812610556264,7.97744145462821,0.3653605179767813,7.773221682535723,7.6662595985871285,7.452335430689938,0.33987499676501026,7.75224430701033,7.624304847536342,7.368425928588365
2022,4,2022_04_WAS_DAL,WAS,3.0,5.759722912952745,-0.6762842837547756,5.712453864820064,5.665184816687383,5.57064672042202,-0.6758160634335981,5.73786968048671,5.7160164480206745,5.672309983088605,0.10473776675989038,5.871265932484359,5.982808952015974,6.2058949910792025,0.14693676290149366,5.921766337860401,6.083809762768057,6.407896612583368
2022,5,2022_05_ATL_TB,ATL,0.0,3.303318039335703,-3.7171751271885385,3.036841810485807,2.770365581635911,2.237413123936119,-2.9033111213552676,3.312797595417888,3.322277151500073,3.341236263664443,-0.502120558124796,3.303176274059534,3.303034508783365,3.302750978231027,-0.4937484008440579,3.2789726547388556,3.2546272701420076,3.2059365009483125
2022,5,2022_05_ATL_TB,TB,6.0,8.414332030570698,1.1743498490638649,8.286709541318533,8.15908705206637,7.903842073562043,1.44011626992126,8.349970438589985,8.285608846609271,8.156885662647843,0.29544646464603064,8.191016324078102,7.967700617585506,7.521069204600314,0.27278999155161426,8.178339553538263,7.94234707650583,7.470362122440962
2022,5,2022_05_CHI_MIN,CHI,4.0,4.269175670892564,-2.009454752873108,4.255798397003778,4.24242112311499,4.215666575337417,-1.9233218373038248,4.308824507277885,4.348473343663207,4.427771016433848,-0.45027437847729473,4.09612288519513,3.9230700994976955,3.576964528102826,-0.43810697260117704,4.080752325898653,3.892328980904743,3.5154822909169217
2022,5,2022_05_CHI_MIN,MIN,4.0,9.188162653304111,1.5507820348763979,8.976098931959122,8.764035210614132,8.339907767924153,1.4785018939520327,8.9409831430318,8.693803632759492,8.199444612214872,0.4404974717261116,8.96318235975123,8.73820206619835,8.288241479092587,0.3933192237728399,8.92634533295688,8.664528012609647,8.140893371915183
2022,5,2022_05_CIN_BAL,BAL,6.0,6.059878809827538,-0.34886388789385364,6.079740199995776,6.099601590164014,6.139324370500491,-0.6969140460151754,5.991787896492008,5.9236969831564785,5.787515156485419,0.15449958020127041,6.23880999835443,6.4177411868813214,6.775603563935105,0.17376679668888512,6.274777557298498,6.489676304769459,6.91947379971138
2022,5,2022_05_CIN_BAL,CIN,4.0,5.236583089631534,-0.9963383681662262,5.274756940676523,5.312930791721513,5.389278493811491,-1.035661122157069,5.280422102446931,5.324261115262327,5.41193914089312,-0.25301452732766855,5.082504436808542,4.928425783985551,4.620268478339568,-0.24305951505598436,5.077581117626185,4.918579145620836,4.600575201610138
2022,5,2022_05_DAL_LA,DAL,17.0,5.711383999743181,-0.6927624181161551,5.718774559191547,5.726165118639913,5.740946237536645,-0.6060356857017621,5.755606476806502,5.799828953869822,5.888273907996462,-0.03397435913296825,5.7282300372432875,5.745076074743393,5.778768149743605,-0.014053902918115854,5.752184242342736,5.79298448494229,5.874584970141399
2022,5,2022_05_DAL_LA,LA,3.0,7.350258712352582,-0.11653762943001093,7.114807837450632,6.879356962548682,6.408455212744782,-0.06930812270773486,7.1335327987179475,6.916806885083313,6.483355057814043,0.26929052421538696,7.358376755969673,7.366494799586765,7.382730886820948,0.3030109510374172,7.422316064932545,7.494373417512509,7.638488122672436
2022,5,2022_05_DET_NE,DET,1.0,4.924797645566097,-1.5912572629366746,4.868626718137577,4.8124557907090555,4.7001139358520145,-1.1445650380327208,5.0163970032757215,5.1079963609853465,5.291195076404595,-0.2157328642673741,4.897960871975051,4.871124098384004,4.817450551201911,-0.19672008059949503,4.908191210750833,4.891584775935569,4.858371906305041
2022,5,2022_05_DET_NE,NE,16.0,6.315684163641777,0.09501510231595882,6.400143531391156,6.484602899140535,6.653521634639293,-0.38915265933125215,6.268947294175376,6.222210424708976,6.128736685776175,0.13242856530685082,6.401480709445535,6.4872772552492926,6.658870346856808,0.13972961065429768,6.4192924407744165,6.522900717907056,6.730117272172335
2022,5,2022_05_HOU_JAX,HOU,11.0,4.675413466681788,-1.8839303487330912,4.59682916568534,4.518244864688892,4.361076262695995,-2.5592571639698964,4.437234132568104,4.199054798454419,3.7226961302270514,-0.4134347350437378,4.449512291707255,4.223611116732723,3.7718087667836575,-0.4134448582034521,4.419730896173983,4.1640483256661796,3.6526831846505705
2022,5,2022_05_HOU_JAX,JAX,5.0,7.497017593240337,0.8740511641519642,7.5117558878481105,7.526494182455883,7.5559707716714275,0.9567661386956399,7.528009493751875,7.559001394263412,7.6209851952864875,0.35713089462880204,7.584592467629616,7.672167342018893,7.84731709079745,0.36724687148302737,7.621724946767549,7.74643230029476,7.995847007349183
2022,5,2022_05_IND_DEN,DEN,14.0,6.628852588516078,0.5326830789033519,6.761770429104491,6.894688269692905,7.160523950869731,0.779782933046925,6.827829488593645,7.026806388671212,7.424760188826347,0.32003407407255696,6.884417603074737,7.139982617633397,7.651112646750715,0.3098405896344752,6.890760176264818,7.152667764013557,7.676482939511038
2022,5,2022_05_IND_DEN,IND,14.0,6.030037282831443,-0.4500778133841577,6.028047054897539,6.026056826963635,6.022076371095827,-0.12242357954646166,6.128644170243132,6.227251057654822,6.4244648324782005,0.15320733551938356,6.214720188149148,6.399403093466852,6.768768904102262,0.15265603083160958,6.223035426449082,6.41603357006672,6.8020298573019975
2022,5,2022_05_LAC_CLE,CLE,0.0,5.177388241455312,-0.6675026683905536,5.325593075560325,5.473797909665336,5.770207577875361,-0.9881168743305511,5.249204293465503,5.321020345475693,5.464652449496075,-0.037110986687858546,5.323585826268689,5.469783411082066,5.762178580708818,-0.057446888430751845,5.291336187130115,5.405284132804917,5.633180024154522
2022,5,2022_05_LAC_CLE,LAC,1.0,5.750004880847572,0.23260559034335582,6.015730882320922,6.281456883794272,6.8129088867409715,0.31103257517670463,6.038765360030772,6.327525839213973,6.905046797580372,0.17708665822353195,6.036270218134453,6.322535555421333,6.895066229995094,0.1959009730555864,6.0731564619232135,6.396308042998854,7.042611205150136
2022,5,2022_05_LV_KC,KC,1.0,6.205940024729573,-0.6147959530275957,6.112271010573648,6.018601996417723,5.831263968105873,0.11119371953537567,6.325325331234882,6.44471063774019,6.683481250750806,0.2318889722255449,6.450683699416722,6.69542737410387,7.184914723478167,0.2212573960259912,6.450373691987072,6.694807359244571,7.183674693759568
2022,5,2022_05_LV_KC,LV,2.0,2.9489560898742773,-2.596079684562984,3.095744540090079,3.2425329903058815,3.5361098907374857,-3.1293116573476336,2.98438324515547,3.019810400436663,3.090664710999049,-0.4631504187065851,3.088932910762262,3.228909731650247,3.508863373426216,-0.4320836395969432,3.0989649294673614,3.248973769060446,3.548991448246615
2022,5,2022_05_MIA_NYJ,MIA,-2.0,6.852892297600195,1.1362963617753994,7.104609283601971,7.356326269603748,7.859760241607301,0.5823379851192456,6.941131427670722,7.029370557741251,7.205848817882307,0.3088758387533685,7.037693456353541,7.2224946151068865,7.592096932613578,0.2727617806304176,7.007220517884192,7.1615487381681895,7.470205178736184
2022,5,2022_05_MIA_NYJ,NYJ,9.0,5.474435710712837,-1.1395029007577189,5.411685325537567,5.348934940362296,5.223434170011756,-0.9467169412755414,5.483465139770664,5.492494568828491,5.510553426944145,-0.23917652762650599,5.279191138052196,5.083946565391555,4.693457420070274,-0.21639862503267698,5.293050716550868,5.111665722388899,4.748895734064961
2022,5,2022_05_NYG_GB,GB,3.0,9.005905053414928,1.2309305019876473,8.746775315436878,8.48764557745883,7.969386101502731,0.8462023303998443,8.62902898334193,8.252152913268933,7.498400773122938,0.4586286865035146,8.850463080388387,8.695021107361848,8.384137161308768,0.4001969199417923,8.799217676022144,8.59253029862936,8.179155543843793
2022,5,2022_05_NYG_GB,NYG,2.0,4.296427569416613,-2.4817657177082437,4.139453979435784,3.9824803894549543,3.668533209493296,-2.744516495764328,4.10164447917657,3.9068613889365267,3.51729520845644,-0.4485795293150333,4.118802816084442,3.9411780627522717,3.585928556087931,-0.4339709976003436,4.10694358977178,3.917459610126948,3.538491650837283
2022,5,2022_05_PHI_ARI,ARI,3.0,4.249472002464809,-1.8276528743764022,4.293671272655705,4.337870542846602,4.426269083228395,-2.1467254347261315,4.232123687908423,4.214775373352039,4.1800787442392675,-0.46856334856182696,4.057162622045689,3.8648532416265686,3.480234480788329,-0.42761255476125415,4.080570276751132,3.9116685510374563,3.5738650996101042
2022,5,2022_05_PHI_ARI,PHI,4.0,5.506156496675365,0.1840481305967417,5.818782139386552,6.131407782097739,6.756659067520114,-0.026613038363447156,5.762290371697965,6.018424246720567,6.5306919967657695,0.15178497946470798,5.819928894372274,6.133701292069183,6.761246087463003,0.16777337102210246,5.851150128414509,6.196143760153655,6.886131023631944
2022,5,2022_05_PIT_BUF,BUF,14.0,10.041556841477083,2.058327413510226,9.763131956404994,9.484707071332902,8.92785730118872,2.662084425549137,9.90909450239941,9.776632163321736,9.51170748516639,0.4181043065879074,9.573618734840718,9.10568062820435,8.169804414931615,0.36558436734715893,9.527817161762464,9.014077482047842,7.986598122618599
2022,5,2022_05_PIT_BUF,PIT,2.0,3.0935901563788297,-2.231310374949214,3.309858893100707,3.5261276298225845,3.9586651032663394,-2.7940500864387476,3.1857866856722903,3.277983214965751,3.4623762735526724,-0.4053014501349334,3.2738990098783733,3.454207863377918,3.8148255703770055,-0.39279970205790893,3.2620768261408175,3.4305634959028057,3.7675368354267817
2022,5,2022_05_SEA_NO,NO,4.0,6.725265206619803,-0.446904263849695,6.5503870717005315,6.37550893678126,6.025752666942716,-0.4077372042798168,6.57098180733901,6.416698408058215,6.108131609496626,0.20092539421279157,6.799236128328091,6.8732070500363776,7.021148893452952,0.17635776866841252,6.777420894977473,6.829576583335141,6.933887960050479
2022,5,2022_05_SEA_NO,SEA,1.0,5.503450777523353,-2.1099739336426335,5.152393928265303,4.801337079007254,4.099223380491155,-2.1900922343701508,5.160587348240478,4.817723918957604,4.131997060391854,-0.4386940792514914,5.037141215883004,4.570831654242656,3.6382125309619577,-0.41940886466260313,5.032464101703847,4.561477425884342,3.619504074245331
2022,5,2022_05_SF_CAR,CAR,5.0,5.494093660262936,-1.071726082630043,5.446057253578201,5.398020846893466,5.3019480335239955,-1.0906593726754836,5.458310600837862,5.422527541412789,5.3509614225626425,-0.047113765036895836,5.547888759836346,5.601683859409757,5.709274058556577,-0.019512843357123503,5.581624159120819,5.669154657978703,5.844215655694471
2022,5,2022_05_SF_CAR,SF,15.0,8.486729519910776,2.611826438517161,8.75730722749845,9.02788493508612,9.569040350261467,2.879464057801453,8.80322735501889,9.119725190127003,9.75272086034323,0.3704956388445325,8.34454788804028,8.202366256169782,7.918002992428789,0.34985372459834996,8.339818393959305,8.192907268007833,7.899085016104891
2022,5,2022_05_TEN_WAS,TEN,6.0,6.7424788096121535,1.2685742874302866,7.060107439109412,7.377736068606669,8.012993327601185,0.5917437135310932,6.860928393961331,6.979377978310507,7.21627714700886,0.31764100722275734,6.966473046574023,7.190467283535892,7.638455757459631,0.2818361986394579,6.937031159392648,7.13158350917314,7.520688208734127
2022,5,2022_05_TEN_WAS,WAS,5.0,6.379949569325484,0.36084139828163597,6.525327055034372,6.670704540743259,6.961459512161032,0.4953863348999604,6.562323100126357,6.744696630927229,7.1094436925289735,0.2007110659503555,6.539966005736572,6.6999824421476575,7.0200153149698306,0.2028989690129461,6.555347834964273,6.73074610060306,7.081542631880636
2022,6,2022_06_ARI_SEA,ARI,8.0,5.6586237438951725,-0.8406652030973413,5.6202279166006415,5.581832089306111,5.50504043471705,-0.8775397684255519,5.631372922832975,5.604122101770777,5.549620459646382,0.046066275580587214,5.752431019138287,5.846238294381402,6.033852844867633,0.04554489534654701,5.756115851467394,5.853607959039615,6.048592174184058
2022,6,2022_06_ARI_SEA,SEA,14.0,3.8185758622452255,-1.697523090045827,4.010618671768818,4.202661481292411,4.586747100339597,-1.8895163120684098,3.980738686722786,4.142901511200346,4.467227160155467,-0.23642943362982194,4.026059970801859,4.233544079358493,4.648512296471761,-0.2518378112826649,3.997051470002432,4.1755270777596385,4.5324782932740515
2022,6,2022_06_BAL_NYG,BAL,6.0,7.04238953676377,0.43957307035710286,7.001059628878384,6.959729720992998,6.877069905222227,0.436647915210508,7.020605596061051,6.9988216553583324,6.955253773952895,0.2897062738793228,7.088954032344507,7.135518527925244,7.228647519086717,0.2744302773413041,7.085665552909942,7.128941569056115,7.21549360134846
2022,6,2022_06_BAL_NYG,NYG,7.0,4.792572827072713,-2.0408729973846813,4.6491244979957935,4.505676168918875,4.218779510765036,-2.0199024990131957,4.676371685468658,4.560170543864604,4.3277682606564944,-0.46318366363927654,4.4785607026890455,4.164548578305378,3.5365243295380426,-0.4241480486122654,4.5079315621882525,4.223290297303792,3.65400776753487
2022,6,2022_06_BUF_KC,BUF,8.0,5.042476242310556,-0.7898803987667111,5.171723790397423,5.30097133848429,5.559466434658024,-0.936978926515181,5.153368512631496,5.2642607829524355,5.486045323594315,-0.18583560486063544,5.006012465652075,4.969548688993594,4.896621135676632,-0.1900491954772188,4.993729298505188,4.944982354699819,4.847488467089082
2022,6,2022_06_BUF_KC,KC,3.0,3.956884193277065,-2.2838495109614505,3.9572586297898673,3.9576330663026704,3.9583819393282753,-2.119882895470795,4.022870867343434,4.088857541409803,4.220830889542542,-0.2652275806107394,4.094485160053782,4.232086126830499,4.507288060383933,-0.2585140761638379,4.0922734996555405,4.227662806034017,4.498441418790968
2022,6,2022_06_CAR_LA,CAR,9.0,4.179186934918925,-2.4301878607441694,4.084778037583831,3.9903691402487373,3.8015513455785492,-2.6345131174821956,4.051987939549042,3.924788944179158,3.670390953439391,-0.370594854429162,4.132033655217308,4.08488037551569,3.9905738161124553,-0.36916437406435054,4.117971463715344,4.056755992511762,3.9343250501045994
2022,6,2022_06_CAR_LA,LA,11.0,8.878682433775062,1.993222078808278,8.794540139680766,8.71039784558647,8.54211325739788,1.479643661081838,8.676717999540529,8.474753565305996,8.07082469683693,0.42347310086928047,8.630169655676351,8.38165687757764,7.88463132138022,0.376420735206877,8.59287693789931,8.30707144202356,7.7354604502720585
2022,6,2022_06_CIN_NO,CIN,1.0,7.200519779989951,0.5888313196611012,7.159647272738659,7.118774765487366,7.037029750984782,0.5903635873829441,7.18030621081429,7.160092641638631,7.11966550328731,0.2622216361443943,7.173855996678201,7.147192213366452,7.0938646467429525,0.24465905486166917,7.166318389641802,7.132116999293654,7.063714218597356
2022,6,2022_06_CIN_NO,NO,4.0,6.080458423991276,0.5083849105809396,6.298047681232684,6.51563693847409,6.950815452956905,-0.20875811514598952,6.126578369436865,6.172698314882455,6.264938205773634,0.1739809698426502,6.2256283604017275,6.370798296812178,6.66113816963308,0.18480259956184653,6.249982460083019,6.41950649617476,6.758554568358245
2022,6,2022_06_DAL_PHI,DAL,4.0,5.21204013578996,-0.29029780420513973,5.4327471930504325,5.653454250310904,6.094868364831849,-0.871003424215143,5.298183008049466,5.384325880308971,5.556611624827983,-0.28959554072239885,5.005977394842027,4.799914653894094,4.387789171998229,-0.26697593977489936,5.0228554070121865,4.833670678234412,4.455301220678865
2022,6,2022_06_DAL_PHI,PHI,7.0,7.544251963599639,0.06379114122448634,7.276775214124289,7.009298464648938,6.474344965698237,-0.015302482746703004,7.276152756795112,7.008053549990583,6.471855136381528,0.26245747982439127,7.431944274894802,7.319636586189963,7.095021208780287,0.309830473104183,7.507181614158313,7.470111264716985,7.395970565834331
2022,6,2022_06_DEN_LAC,DEN,5.0,4.560489236134449,-1.5839350943690365,4.597486724068384,4.634484212002319,4.708479187870189,-2.1089862334601297,4.478488371652578,4.396487507170706,4.232485778206962,-0.2806810842763908,4.528243198469731,4.495997160805013,4.4315050854755755,-0.29828341037465045,4.494289364943061,4.4280894937516715,4.295689751368894
2022,6,2022_06_DEN_LAC,LAC,7.0,6.624452933165214,0.1406711801093071,6.607523997385119,6.590595061605024,6.556737190044833,0.4896342049100099,6.721321457167406,6.818189981169597,7.0119270291739815,0.2575518763714537,6.736080812157302,6.847708691149389,7.070964449133565,0.2211459071970314,6.704299624233415,6.7841463153016175,6.94383969743802
2022,6,2022_06_JAX_IND,IND,6.0,6.572900927421976,0.9001871676875933,6.772353034155394,6.9718051408888115,7.370709354355647,0.5266008383536986,6.692542177114591,6.812183426807206,7.051465926192435,0.326845684810982,6.782369888068656,6.991838848715335,7.4107767700086935,0.30956509859275255,6.778330104529151,6.983759281636326,7.3946176358506746
2022,6,2022_06_JAX_IND,JAX,-1.0,6.04318736419418,0.15716664336874356,6.175994361571776,6.308801358949374,6.574415353704567,1.272170792936821,6.494619314080264,6.94605126396635,7.848915163738519,0.2880653124540518,6.337540610944318,6.631893857694457,7.220600351194733,0.29328077152061943,6.360289779097571,6.677392194000964,7.311597023807747
2022,6,2022_06_MIN_MIA,MIA,3.0,5.073443191934141,-0.7634993816798928,5.202017126896256,5.330591061858371,5.587738931782601,-0.8978982283172412,5.187043741239042,5.300644290543943,5.527845389153745,-0.06284876111935436,5.180017544606715,5.286591897279289,5.499740602624437,-0.06186214700344487,5.18033502950527,5.287226867076399,5.5010105422186575
2022,6,2022_06_MIN_MIA,MIN,13.0,6.568922505923063,0.36319811269008717,6.6254966233603545,6.682070740797646,6.7952189756722285,0.484439695365295,6.67828464645715,6.787646786991235,7.006371068059408,0.23163226645863863,6.6626559722523755,6.756389438581688,6.9438563712403125,0.2835098169892674,6.742137586932526,6.915352667941988,7.261782829960914
2022,6,2022_06_NE_CLE,CLE,0.0,6.533689099404156,0.27504715751358527,6.575453756290595,6.617218413177035,6.700747726949913,-0.004174204320136905,6.521206264082276,6.508723428760397,6.483757758116638,0.18982941619044696,6.584981303982418,6.636273508560681,6.738857917717206,0.19984303040091256,6.609075214463965,6.684461329523774,6.835233559643393
2022,6,2022_06_NE_CLE,NE,12.0,5.8258923035864845,0.20084165518041228,6.024724677560682,6.223557051534879,6.6212217994832745,-0.289339997353044,5.914106518500306,6.002320733414128,6.178749163241771,0.17846621213264427,6.040202604072529,6.254512904558574,6.683133505530662,0.16845924484572214,6.038227483215751,6.2505626628450175,6.6752330221035505
2022,6,2022_06_NYJ_GB,GB,2.0,8.038354096263195,0.8123978274615118,7.847921984158059,7.657489872052924,7.2766256478426525,0.5369923860878985,7.794410710451902,7.550467324640609,7.062580553018022,0.37813646688232927,7.944341427894541,7.850328759525886,7.662303422788577,0.3537694568269583,7.933760548063943,7.829166999864691,7.619979903466187
2022,6,2022_06_NYJ_GB,NYJ,20.0,3.949621709575336,-3.147101058871279,3.7205254141623096,3.4914291187492834,3.033236527923231,-3.192100754517504,3.7307174021470537,3.5118130947187716,3.0740044798622077,-0.4955369902233631,3.8066827132712153,3.6637437169670948,3.3778657243588537,-0.49118987489874083,3.790270212825266,3.630918716075196,3.3122157225750564
2022,6,2022_06_SF_ATL,ATL,7.0,4.925603441098993,-1.67498093698168,4.846928953961699,4.768254466824406,4.610905492549818,-1.4229274398455165,4.935773297478716,4.945943153858439,4.966282866617885,-0.2492871475516146,4.8405673071507085,4.755531173202424,4.585458905305856,-0.22900556453596885,4.856422943675375,4.787242446251758,4.648881451404525
2022,6,2022_06_SF_ATL,SF,1.0,7.563171393335086,1.0426115259127688,7.553214877281974,7.543258361228861,7.523345329122636,1.0740440344004067,7.581629063554822,7.600086733774559,7.637002074214032,0.21967045840228983,7.393677656014939,7.2241839186947905,6.885196444054495,0.2071746085571368,7.390531381616563,7.21789136989804,6.872611346460994
2022,6,2022_06_TB_PIT,PIT,3.0,3.472015296649127,-3.2843447146744826,3.3255496485631375,3.1790840004771486,2.8861527043051702,-2.908280892090376,3.4484048449169893,3.4247943931848517,3.3775734897205765,-0.4827803882932745,3.464117289713512,3.456219282777898,3.4404232689066685,-0.46250571971382126,3.468624729605043,3.46523416256096,3.4584530284727935
2022,6,2022_06_TB_PIT,TB,3.0,8.293401797460715,1.1656136902391134,8.133842989924998,7.974284182389281,7.655166567317848,2.184110012464555,8.426128898905215,8.558856000349714,8.824310203238714,0.4702390932581773,8.248543523202317,8.20368524894392,8.113968700427122,0.3989602003950768,8.182644086109105,8.071886374757497,7.850370952054279
2022,6,2022_06_WAS_CHI,CHI,7.0,7.178686361430409,1.2067647436942737,7.308831793734399,7.4389772260383875,7.699268090646367,0.5327406804191288,7.148523020889485,7.11835968034856,7.058032999266709,0.3422389868033945,7.255580901031479,7.332475440632548,7.4862645198346875,0.3134728973257247,7.237649856257386,7.296613351084362,7.4145403407383155
2022,6,2022_06_WAS_CHI,WAS,13.0,8.089267550598482,1.0335031944823292,7.945346648887591,7.801425747176699,7.5135839437549174,0.6817635228668739,7.871307001920819,7.653346453243155,7.217425355887828,0.2847578409606074,7.86804584458159,7.646824138564698,7.204380726530914,0.2682286818556636,7.862919833492201,7.636572116385921,7.18387668217336
2022,7,2022_07_ATL_CIN,ATL,-1.0,3.853046140713048,-2.701054536621265,3.8143393991793473,3.7756326576456463,3.698219174578245,-2.279755418858491,3.8773699003399633,3.9016936599668783,3.950341179220709,-0.506623837364523,3.708592160062965,3.5641381794128817,3.2752302181127155,-0.49018325707815413,3.7093892703889706,3.565732400064893,3.2784186594167384
2022,7,2022_07_ATL_CIN,CIN,4.0,7.255839010213023,0.5020270126207751,7.198622397538766,7.141405784864508,7.026972559515992,0.5829575339667465,7.246912100555617,7.23798519089821,7.220131371583397,0.25523038362224126,7.221982374249343,7.188125738285664,7.120412466358305,0.22523419472995976,7.20038318655892,7.144927362904816,7.034015715596608
2022,7,2022_07_CHI_NE,CHI,10.0,4.853641451581562,-2.052774305861667,4.73321470465028,4.612787957718998,4.3719344638564355,-2.0195332770288137,4.7021228037657385,4.550604155949916,4.24756686031827,-0.3770588277151049,4.622521715623018,4.391401979664472,3.9291625077473835,-0.3610935291072212,4.629250478162117,4.404859504742673,3.9560775579037837
2022,7,2022_07_CHI_NE,NE,5.0,9.721235025042551,2.44539300325247,9.552572735351028,9.383910445659506,9.046585866276459,1.6849020718574652,9.410619322280326,9.100003619518102,8.478772213993654,0.47624246977353896,9.34989892724263,8.978562829442708,8.235890633842867,0.4151345597772377,9.298651561423505,8.87606809780446,8.03090117056637
2022,7,2022_07_CLE_BAL,BAL,12.0,6.659696970961273,0.05677522215808805,6.635835594130423,6.611974217299573,6.564251463637873,0.02293390412051374,6.6398908501389835,6.6200847293166944,6.580472487672115,0.2718460308089454,6.795841204667262,6.93198543837325,7.204273905785227,0.25622458594245684,6.793947814118502,6.928198657275729,7.1967003435901855
2022,7,2022_07_CLE_BAL,CLE,5.0,4.585400892491006,-2.3380233139986837,4.457924120886901,4.330447349282794,4.075493806074582,-2.138896145799568,4.466858322923796,4.348315753356586,4.111230614222166,-0.458186950641912,4.318975118656443,4.052549344821879,3.519697797152751,-0.4305189311518997,4.3369575779828065,4.088514263474606,3.5916276344582045
2022,7,2022_07_DET_DAL,DAL,22.0,6.400838502927489,0.8148550007589478,6.638647439539634,6.876456376151777,7.352074249376065,0.5873617921455796,6.606919355805831,6.813000208684171,7.225161914440854,0.23122502378771356,6.550442411816704,6.700046320705917,6.999254138484346,0.2359282165572668,6.573167422105272,6.745496341283054,7.09015417963862
2022,7,2022_07_DET_DAL,DET,4.0,3.693040883658861,-2.8927812205702175,3.6445232022853897,3.596005520911919,3.498970158164976,-2.6706229864885915,3.6457537421254678,3.598466600592075,3.5038923175252887,-0.48407062786148075,3.617045499004563,3.5410501143502655,3.3890593450416695,-0.4704643015355743,3.615264082442613,3.5374872812263654,3.381933678793869
2022,7,2022_07_GB_WAS,GB,9.0,7.908328203649793,1.2747921337514478,7.888760368311734,7.869192532973678,7.830056862297562,0.6275129443641163,7.749001790961856,7.589675378273919,7.271022552898044,0.3916752794184092,7.883513272861482,7.858698342073172,7.809068480496551,0.3523298224468442,7.856547789778961,7.804767375908131,7.701206548166469
2022,7,2022_07_GB_WAS,WAS,3.0,4.970618373602045,-0.9478339933666601,5.108020465398167,5.2454225571942885,5.520226740786533,-0.9319142705981938,5.100425051053744,5.2302317285054425,5.48984508340884,0.09206311629850752,5.3021850290647174,5.63375168452739,6.296884995452734,0.10980531245504187,5.334981199589982,5.699344025577918,6.428069677553791
2022,7,2022_07_HOU_LV,HOU,0.0,4.05095941491949,-2.59442504747441,3.9904776202268257,3.929995825534162,3.809032236148834,-2.393356716585073,3.9933660108095426,3.935772606699596,3.8205857984797023,-0.4588173573544537,3.917348573295249,3.783737731671008,3.5165160484225266,-0.4573727137847263,3.900884113488898,3.750808812058306,3.4506582091971225
2022,7,2022_07_HOU_LV,LV,10.0,7.062404978572941,0.36139757574297215,7.017010127332513,6.971615276092086,6.880825573611231,0.4658771307032054,7.0684042732190075,7.074403567865074,7.086402157157209,0.32516517719687404,7.165149462878769,7.267893947184598,7.473382915796255,0.3599229512380611,7.2320704382419825,7.401735897911025,7.741066817249109
2022,7,2022_07_IND_TEN,IND,8.0,6.773422735374866,0.20873614509579172,6.760610682200326,6.747798629025786,6.7221745226767045,0.3828728548253138,6.8279657237749065,6.882508712174946,6.991594688975027,0.2103402767782696,6.803528543908577,6.833634352442287,6.893845969509708,0.23059287098619327,6.845603597793097,6.917784460211328,7.062146185047791
2022,7,2022_07_IND_TEN,TEN,19.0,6.500227960211313,0.3682081010082215,6.597146797049121,6.69406563388693,6.887903307562547,0.4733140715945268,6.648895127567063,6.7975622949228125,7.094896629634313,0.2872747100173926,6.695707109108963,6.891186258006614,7.282144555801914,0.3100290213551726,6.744957899090723,6.989687837970132,7.479147715728953
2022,7,2022_07_KC_SF,KC,13.0,5.600616472863723,-1.2583220023852024,5.499851564234287,5.399086655604853,5.197556838345983,-1.0897821992133572,5.527844445961145,5.455072419058569,5.309528365253414,-0.016618008000307407,5.637551486118521,5.6744864993733195,5.748356525882916,-0.01952260385536715,5.637752455898521,5.674888438933318,5.749160405002914
2022,7,2022_07_KC_SF,SF,1.0,5.045220788848627,-1.2031910200420568,5.09762830823242,5.150035827616214,5.2548508663838005,-1.355795552506891,5.035337582516222,5.025454376183818,5.005687963519009,-0.1655647681665432,5.0330660655700985,5.020911342291571,4.996601895734516,-0.16540711645022285,5.029749835660492,5.0142788824723565,4.983336976096086
2022,7,2022_07_NO_ARI,ARI,17.0,6.842222382480809,0.3395668387911332,6.846201365605642,6.850180348730476,6.858138314980144,0.4173283725978596,6.889404230572374,6.93658607866394,7.0309497748470715,0.20229829767271568,6.84498103766425,6.847739692847691,6.853257003214573,0.20216644542336698,6.859897072319281,6.8775717621577535,6.912921141834698
2022,7,2022_07_NO_ARI,NO,1.0,5.173426165460203,0.6003163984428466,5.662349198242901,6.151272231025599,7.129118296590995,0.02824783181139064,5.526705137813623,5.879984110167045,6.586542054873886,0.24623023433657834,5.648816495188061,6.12420682491592,7.074987484371635,0.20650359306233398,5.613991893605919,6.054557621751636,6.935689078043068
2022,7,2022_07_NYG_JAX,JAX,1.0,6.798283527224439,0.6712541556858146,6.899422463685081,7.000561400145724,7.202839273067008,0.5943937850477257,6.90701110926869,7.01573869131294,7.233193855401441,0.2750488250508716,6.903822356796657,7.009361186368874,7.220438845513311,0.25955202438902847,6.902254593629264,7.006225660034088,7.214167792843738
2022,7,2022_07_NYG_JAX,NYG,5.0,5.321600622381698,-0.10670586481339574,5.58978952947971,5.8579784365777225,6.394356250773747,-0.374338444242795,5.522877488445434,5.724154354509169,6.12670808663664,0.21266434991189456,5.717594437750439,6.113588253119179,6.9055758838566605,0.209677756845041,5.729288444069488,6.136976265757278,6.952351909132859
2022,7,2022_07_NYJ_DEN,DEN,4.0,7.184946192410835,0.644688945408148,7.1825175907153955,7.180088989019957,7.175231785629078,0.9486616710622153,7.2981692862304985,7.411392380050163,7.63783856768949,0.2590163203332001,7.173589795740112,7.162233399069388,7.13952060572794,0.25023031583795735,7.18001797244714,7.175089752483444,7.165233312556055
2022,7,2022_07_NYJ_DEN,NYJ,7.0,7.706478829757033,0.7213178966711983,7.593575934373615,7.480673038990197,7.254867248223363,0.3903984773105084,7.529906735705738,7.353334641654442,7.000190453551852,0.35571762985149147,7.6867554510245375,7.667032072292042,7.627585314827052,0.28815261777076573,7.6209359056232335,7.5353929814894345,7.364307133221836
2022,7,2022_07_PIT_MIA,MIA,12.0,8.047889007885225,1.4162615347325578,8.030185947918149,8.012482887951073,7.9770767680169214,1.2748931466641626,8.03853178024291,8.029174552600594,8.010460097315963,0.43082806000260054,8.037586233052235,8.027283458219244,8.006677908553264,0.35878256379591617,7.969686839019305,7.891484670153385,7.735080332421545
2022,7,2022_07_PIT_MIA,PIT,1.0,4.804973787444549,-2.2743507703567283,4.63914647076301,4.473319154081471,4.141664520718394,-1.5852015587918737,4.789645457233996,4.774317127023442,4.7436604666023365,-0.46241532953726827,4.478319488504423,4.151665189564296,3.498356591684044,-0.4556084636856292,4.468710258709242,4.1324467299739345,3.4599196725033203
2022,7,2022_07_SEA_LAC,LAC,4.0,6.078484278345888,-0.3416465351480425,6.096412649169347,6.114341019992807,6.150197761639725,-0.18055482119748548,6.145875134800861,6.2132659912558355,6.348047704165783,0.11099781296543651,6.156975957299955,6.235467636254024,6.392450994162158,0.117742802554098,6.176297628171462,6.2741109779970365,6.469737677648186
2022,7,2022_07_SEA_LAC,SEA,7.0,3.13024501849759,-3.0222295217363695,3.1887945128982667,3.2473440072989432,3.3644429961002964,-3.251441135662675,3.057804248267531,2.9853634780374714,2.8404819375773527,-0.42099177387074976,3.2745404967600673,3.418835975022544,3.707426931547498,-0.42545599062212747,3.252235172318287,3.3742253261389834,3.6182056337803767
2022,7,2022_07_TB_CAR,CAR,8.0,3.622690347605253,-3.428451501255959,3.452588518897222,3.282486690189191,2.9422830327731293,-3.1230895972523234,3.463789020812155,3.3048876940190564,2.98708504043286,-0.4799157090806255,3.5695252075251918,3.516360067445131,3.410029787285009,-0.4665122736944266,3.5676877410910803,3.5126851345769077,3.4026799215485624
2022,7,2022_07_TB_CAR,TB,1.0,10.132153504877078,2.8341412610064176,9.961761761706708,9.79137001853634,9.4505865321956,2.8816007632705474,10.060525436809193,9.988897368741307,9.845641232605537,0.47940289267596287,9.662075558566983,9.191997612256886,8.251841719636694,0.4841152155831953,9.69736922627315,9.262584947669222,8.393016390461364
2022,8,2022_08_ARI_MIN,ARI,6.0,4.779475929481307,-1.9707106589787877,4.632792964317541,4.486109999153776,4.192744068826244,-1.6854917111211813,4.690897010915289,4.602318092349272,4.425160255217236,-0.38665210780404446,4.518752964986751,4.258030000492196,3.736584071503085,-0.3840123600454908,4.5097346211957605,4.239993312910214,3.7005106963391214
2022,8,2022_08_ARI_MIN,MIN,10.0,5.831747485093499,0.34187405359129797,6.055055616373051,6.278363747652602,6.724980010211706,0.001805528577599782,5.963349372463754,6.0949512598340085,6.358155034574519,0.21039919289724246,6.087193380880624,6.342639276667748,6.853531068241997,0.20972469898546023,6.088234102366561,6.344720719639625,6.85769395418575
2022,8,2022_08_BAL_TB,BAL,5.0,5.123337754251389,-1.5169393057918212,5.014907066786692,4.906476379321994,4.6896150043926,-1.5630294462259793,4.983867063183721,4.844396372116053,4.565454989980717,0.007844288806443705,5.291523163164502,5.459708572077616,5.796079389903843,-0.010425170202132083,5.264266328253153,5.405194902254916,5.687052050258444
2022,8,2022_08_BAL_TB,TB,5.0,6.420090487947133,0.6543953382013814,6.581864072868738,6.7436376577903445,7.067184827633556,1.023346834519283,6.697180150599259,6.974269813251384,7.528449138555635,0.1789886289007514,6.487455385627643,6.554820283308153,6.689550078669174,0.1761551453584623,6.484865020731394,6.5496395535156555,6.679188619084177
2022,8,2022_08_CAR_ATL,ATL,8.0,7.6054006627261295,0.9573487871083748,7.553778759124752,7.502156855523373,7.398913048320617,0.34112466760412724,7.390771617639963,7.176142572553796,6.746884482381462,0.29038616524896155,7.521827623918519,7.438254585110909,7.271108507495688,0.3216855110051141,7.567311251122467,7.5292218395188035,7.453043016311478
2022,8,2022_08_CAR_ATL,CAR,5.0,6.425658252503992,-0.730833175909307,6.206840227254069,5.988022202004146,5.550386151504299,-0.4757806709856823,6.271999845536344,6.118341438568697,5.811024624633402,0.005797420649968301,6.265592083184248,6.105525913864504,5.785393575225016,0.01249033581771749,6.271469871981643,6.117281491459294,5.8089047304145955
2022,8,2022_08_CHI_DAL,CHI,-1.0,4.741561432304936,-2.227412633922606,4.534086155667578,4.326610879030221,3.911660325755505,-2.0980527793205757,4.544301993895215,4.347042555485494,3.952523678666053,-0.47018018729336386,4.381301084517773,4.02104073673061,3.300520041156284,-0.4578945519167442,4.38308203113162,4.024602629958305,3.307643827611674
2022,8,2022_08_CHI_DAL,DAL,5.0,10.00252282577708,2.8504732790479133,9.86985414101855,9.737185456260018,9.471848086742959,2.1878112852203033,9.71751169169093,9.432500557604783,8.862478289432485,0.37110135630945384,9.425014034867147,8.847505243957212,7.692487662137344,0.3528020576101193,9.406518254975234,8.810513684173387,7.618504542569696
2022,8,2022_08_CIN_CLE,CIN,7.0,6.44699989807014,0.25673455407939266,6.493188396022141,6.539376893974142,6.6317538898781425,-0.19317930029636143,6.368944245395265,6.290888592720389,6.134777287370638,0.1677047348555835,6.49291035879085,6.5388208195115585,6.630641740952976,0.14531984030426043,6.4640555706406815,6.481111243211222,6.515222588352305
2022,8,2022_08_CIN_CLE,CLE,13.0,5.587189014431726,-0.641417070101798,5.602465529267228,5.617742044102728,5.64829507377373,-1.312963033458906,5.403375531602135,5.219562048772543,4.851935083113359,-0.042199683552567945,5.574097116410161,5.561005218388594,5.534821422345462,-0.06115160551843828,5.544720607929596,5.502252201427465,5.417315388423203
2022,8,2022_08_DEN_JAX,DEN,7.0,6.09921102433482,0.1545918986571572,6.204385678169856,6.309560332004892,6.519909639674964,0.7256878309880364,6.371269820784679,6.643328617234539,7.187446210134258,0.18075606155955345,6.249102538574223,6.398994052813626,6.698777081292433,0.16201823845169624,6.225412253080643,6.351613481826466,6.604015939318113
2022,8,2022_08_DEN_JAX,JAX,5.0,6.5723446417682485,0.06281201910278582,6.534111588939336,6.495878536110421,6.419412430452595,0.55559341822802,6.677404312034465,6.782463982300682,6.992583322833114,0.33236549289974915,6.801824593289226,7.031304544810201,7.490264447852153,0.3415568466491592,6.818935578822481,7.065526515876714,7.5587083899851795
2022,8,2022_08_GB_BUF,BUF,5.0,7.474369273118652,0.872784270220767,7.432356085574381,7.390342898030109,7.306316522941567,1.102041153407326,7.5104276079402945,7.546485942761937,7.618602612405222,0.36510704343249645,7.521075440670802,7.567781608222952,7.661193943327252,0.3801292409868448,7.546731008929823,7.619092744740995,7.763816216363338
2022,8,2022_08_GB_BUF,GB,6.0,3.3065304904725865,-2.4865139163637067,3.3868852145934643,3.467239938714341,3.627949386956096,-2.445971638037648,3.3683834313683962,3.430236372264206,3.553942254055825,-0.4307294697940196,3.3565166678355958,3.406502845198604,3.5064751999246218,-0.4026147554791409,3.3802960886712965,3.4540616868700056,3.601592883267425
2022,8,2022_08_LV_NO,LV,0.0,5.410738240547183,-0.6092099978813539,5.478943980568324,5.547149720589465,5.683561200631747,-0.921956469726652,5.3830232988221605,5.355308357097137,5.29987847364709,0.041553537090478807,5.551068884766837,5.691399528986489,5.972060817425794,0.033292024590614484,5.537932989313713,5.665127738080244,5.919517235613304
2022,8,2022_08_LV_NO,NO,16.0,5.2299242839824425,-1.6155527266864156,5.067852012577374,4.905779741172305,4.581635198362167,-1.5882279431604736,5.05659000992404,4.883255735865638,4.536587187748833,-0.19663609049155747,5.104587122249312,4.979249960516182,4.728575637049922,-0.18250375056976686,5.115450244807452,5.000976205632462,4.77202812728248
2022,8,2022_08_MIA_DET,DET,3.0,4.351757271480736,-2.3118858264072544,4.218608903322436,4.0854605351641355,3.8191637988475358,-1.9216804187170229,4.302462624536809,4.253167977592883,4.154578683705029,-0.37197445285332303,4.2171203959276085,4.082483520374481,3.813209769268226,-0.39413561238474437,4.1754880868890485,3.9992189022973608,3.6466805331139858
2022,8,2022_08_MIA_DET,MIA,1.0,5.5805052737231815,0.30475517350196824,5.8564628422594405,6.1324204107957,6.684335547868219,0.26156035604271877,5.849312538035378,6.118119802347577,6.655734330971971,-0.09410894569744344,5.501335350883456,5.42216542804373,5.263825582364279,-0.09575417956382365,5.493708202999425,5.40691113227567,5.233316990828159
2022,8,2022_08_NE_NYJ,NE,9.0,8.272457718839252,1.358261529265415,8.163819493580233,8.055181268321215,7.837904817803177,1.302789758337233,8.166489147604583,8.060520576369914,7.848583433900576,0.32684688106492665,8.06970682881581,7.866955938792367,7.461454158745483,0.2931061785580361,8.029611556234366,7.786765393629479,7.301073068419706
2022,8,2022_08_NE_NYJ,NYJ,8.0,5.824788373170016,0.5759283476153308,6.113907524052608,6.4030266749352,6.981264976700385,0.7596722448350868,6.175186104800829,6.525583836431642,7.226379299693269,0.13540788395112455,5.984099737424502,6.143411101678989,6.462033830187963,0.18017640139520752,6.043734168943568,6.262679964717121,6.700571556264227
2022,8,2022_08_NYG_SEA,NYG,5.0,5.073309910445303,-1.0079501482471778,5.116719527215114,5.160129143984924,5.246948377524545,-0.9917378642818682,5.10996638004955,5.146622849653797,5.21993578886229,0.03712791596052867,5.292221573025797,5.511133235606291,5.948956560767279,0.027480778616948368,5.277136449785159,5.480962989125015,5.888616067804725
2022,8,2022_08_NYG_SEA,SEA,13.0,6.717757409086103,0.4331990613284892,6.744562842692458,6.771368276298814,6.824979143511525,0.04104079264315216,6.639093952404356,6.56043049572261,6.403103582359115,0.20966438660086803,6.750741797290603,6.783726185495102,6.849694961904101,0.21479200235503706,6.759477862859441,6.80119831663278,6.884639224179455
2022,8,2022_08_PIT_PHI,PHI,14.0,8.623071503285916,0.9884379065196445,8.325542387033757,8.028013270781598,7.43295503827728,1.3529869758426496,8.443826170303971,8.264580837322029,7.906090171358141,0.4033079721408269,8.432459751103172,8.241847998920429,7.860624494554943,0.33631255074445254,8.350009119020992,8.076946734756069,7.530821966226223
2022,8,2022_08_PIT_PHI,PIT,-1.0,3.917244235238654,-2.3420340496255445,3.884471194476652,3.8516981537146497,3.7861520721906454,-2.3297452181788665,3.8597064526121327,3.802168669985611,3.687093104732568,-0.4351451215243356,3.808788923728037,3.7003336122174195,3.483422989196185,-0.40796382677684295,3.831220506115985,3.7451967769933163,3.5731493187479786
2022,8,2022_08_SF_LA,LA,2.0,6.336622032042796,0.4183042489848655,6.454633926392771,6.572645820742746,6.8086696094426955,0.5011459261922174,6.485018374708575,6.633414717374353,6.93020740270591,0.140481373500223,6.374596606050249,6.412571180057702,6.488520328072608,0.18068953937092483,6.428291562966205,6.519961093889614,6.703300155736431
2022,8,2022_08_SF_LA,SF,3.0,6.7815036799546,0.6576168399851811,6.853805837553264,6.926107995151926,7.070712310349252,0.4376522153976767,6.800494757286391,6.819485834618183,6.857467989281765,0.2573114322180876,6.860737662487696,6.939971645020792,7.098439610086984,0.29745640265903284,6.917179081408921,7.052854482863243,7.324205285771885
2022,8,2022_08_TEN_HOU,HOU,8.0,6.863161057889086,0.21771742711236522,6.794628514312313,6.726095970735541,6.589030883581995,0.542000262706718,6.891623489880655,6.920085921872224,6.977010785855362,0.2999766431481969,6.97766485612615,7.092168654363213,7.3211762508373415,0.280300698156899,6.955615848092851,7.0480706382966165,7.232980218704146
2022,8,2022_08_TEN_HOU,TEN,9.0,6.762041979388584,0.6782654379406355,6.844862016890496,6.927682054392408,7.093322129396232,0.8418673432744084,6.901667315227369,7.041292651066155,7.320543322743726,0.32548251367240283,6.935114330993584,7.108186682598584,7.454331385808583,0.34937718253003025,6.971604696419629,7.181167413450672,7.60029284751276
2022,8,2022_08_WAS_IND,IND,5.0,7.586570488844559,1.1348322756600164,7.5882413833714955,7.589912277898432,7.593254066952306,0.5750379541482602,7.443642690394095,7.300714891943631,7.0148592950427044,0.3904885562330657,7.638352831715633,7.6901351745867075,7.793699860328855,0.3437374511879297,7.582503792843989,7.578437096843418,7.570303704842276
2022,8,2022_08_WAS_IND,WAS,7.0,5.600845092020768,-0.17968751884259312,5.739103839944711,5.877362587868655,6.153880083716541,0.31876388068764244,5.8809507205802145,6.1610563491396615,6.7212676062585555,0.18123611933040049,5.875954632914314,6.15106417380786,6.7012832555949515,0.21655775596423735,5.924140963687722,6.2474368353546765,6.894028578688585
2022,9,2022_09_BAL_NO,BAL,10.0,5.699994910291351,-0.5760665010286212,5.680024417069853,5.660053923848355,5.6201129374053584,-0.4558927390275605,5.749598194965219,5.799201479639087,5.8984080489868225,0.12449681744746136,5.919387286395343,6.138779662499337,6.5775644147073224,0.13327746127612558,5.933510172216833,6.167025434142316,6.63405595799328
2022,9,2022_09_BAL_NO,NO,3.0,5.880563177200408,0.2586092202426764,6.072321459571457,6.264079741942507,6.647596306684607,0.3665796667025421,6.127767328087187,6.374971478973967,6.869379780747526,0.21931620782511974,6.188850441044346,6.497137704888286,7.113712232576164,0.20246763049527394,6.169802079916822,6.459040982633237,7.037518788066066
2022,9,2022_09_BUF_NYJ,BUF,5.0,9.05104122374145,2.3126223758508813,9.08230103977785,9.113560855814251,9.176080487887052,2.489634699566167,9.1322202652857,9.213399306829947,9.375757389918444,0.3955110353709235,8.815778475163862,8.580515726586274,8.109990229431098,0.3647579767140403,8.784248135556671,8.517455047371893,7.983868871002336
2022,9,2022_09_BUF_NYJ,NYJ,10.0,3.7111060041607855,-2.310067879436159,3.6547200823873323,3.598334160613879,3.485562317066973,-2.8968548042606077,3.5375106395028975,3.3639152748450103,3.0167245455292346,-0.4438592974678189,3.6242908189382272,3.537475633715669,3.363845263270553,-0.4322525904934113,3.617411504111067,3.5237170040613486,3.3363280039619116
2022,9,2022_09_CAR_CIN,CAR,-2.0,4.7941766059077,-1.7186958471892668,4.649017343794701,4.503858081681702,4.213539557455705,-2.4479009918107297,4.482316960445304,4.170457314982907,3.5467380240581146,-0.4169716728359527,4.474602191354673,4.155027776801647,3.515878947695593,-0.4006786774579085,4.475743033084604,4.157309460261509,3.520442314615317
2022,9,2022_09_CAR_CIN,CIN,6.0,8.368755825802682,1.4448156536590349,8.303520107719333,8.238284389635986,8.107812953469288,1.179965082735689,8.233972830717766,8.099189835632849,7.8296238454630185,0.3422812902358853,8.228818710653723,8.088881595504763,7.809007365206844,0.35981661889351796,8.265330555758585,8.161905285714488,7.955054745626293
2022,9,2022_09_GB_DET,DET,11.0,3.677768570539152,-2.8551798784540154,3.4619591884423158,3.24614980634548,2.8145310421518084,-2.6896228213240176,3.573669615422457,3.4695706603057626,3.2613727500723733,-0.4151350595959782,3.6398924064223057,3.6020162423054596,3.5262639140717673,-0.41128510834727144,3.6229749088646614,3.5681812471901715,3.458593923841191
2022,9,2022_09_GB_DET,GB,3.0,5.792271950778788,0.2567268830789815,6.005523751870803,6.218775552962818,6.645279155146849,-0.04646775043722579,5.93964288348359,6.087013816188393,6.3817556815979986,0.16726179883764491,6.049047763625525,6.305823576472263,6.819375202165738,0.17529173977620388,6.063966537093809,6.33566112340883,6.879050296038873
2022,9,2022_09_IND_NE,IND,7.0,5.928561943290122,-0.4676490412221572,5.8848150857233374,5.841068228156551,5.753574513022981,-0.46863968949390167,5.917261359130787,5.905960774971451,5.88335960665278,0.027683867173294137,5.953957504852134,5.979353066414147,6.030144189538171,0.03068000894083799,5.955368467492486,5.9821749916948495,6.035788040099577
2022,9,2022_09_IND_NE,NE,26.0,7.992851143540496,1.3888071884309674,8.004355031841504,8.015858920142513,8.03886669674453,1.2666136987866154,7.977617625856555,7.962384108172614,7.931917072804733,0.38310669259156227,8.004601101493563,8.01635105944663,8.039850975352762,0.3398522081025373,7.954297845555969,7.9157445475714425,7.838637951602388
2022,9,2022_09_LAC_ATL,ATL,5.0,3.770828760008833,-1.9996495435500379,3.795043164946298,3.8192575698837627,3.867686379758692,-1.8816216358328277,3.88193668219818,3.993044604387528,4.215260448766222,-0.26480456075635705,3.922195160604164,4.073561561199495,4.376294362390157,-0.26516712610896875,3.9057814343170136,4.040734108625194,4.310639457241554
2022,9,2022_09_LAC_ATL,LAC,7.0,6.828290677345607,0.16216681276259015,6.753437004364821,6.678583331384035,6.528875985422461,0.6005021054709667,6.907602374423551,6.986914071501493,7.14553746565738,0.21562399203087773,6.894426739617558,6.960562801889509,7.09283492643341,0.21627865691117043,6.9007314749920825,6.973172272638557,7.118053867931508
2022,9,2022_09_LA_TB,LA,4.0,5.764795157315674,-0.9002683784587412,5.628851711843211,5.4929082663707485,5.221021375425823,-0.8739765383932592,5.674805927227439,5.584816697139204,5.404838236962735,0.11646673021924246,5.956636117980657,6.14847707864564,6.532158999975606,0.12787266263235805,5.97423122024131,6.183667283166947,6.6025394090182195
2022,9,2022_09_LA_TB,TB,8.0,7.144904997180393,1.2452010960971123,7.324200752261373,7.503496507342351,7.862088017504311,1.2728616240367845,7.34350201679635,7.542099036412308,7.939293075644224,0.31708474997890707,7.275312689665563,7.405720382150735,7.666535767121076,0.37198538939855247,7.365182116973221,7.5854592367660505,8.026013476351707
2022,9,2022_09_LV_JAX,JAX,5.0,4.9385932069134135,-0.5191766297369284,5.126480955788566,5.314368704663719,5.690144202414026,-0.72306770021828,5.099693410328337,5.26079361374326,5.582994020573107,-0.2223722854088232,4.858000878458175,4.777408550002937,4.61622389309246,-0.20066187039017666,4.875640791233021,4.812688375552629,4.686783544191844
2022,9,2022_09_LV_JAX,LV,2.0,5.817637487854386,0.6814972013498581,6.155270659234813,6.49290383061524,7.168170173376094,-0.114414398269619,5.938613392589444,6.059589297324502,6.301541106794618,0.17332709032085683,6.076645829374795,6.335654170895203,6.85367085393602,0.16868353634310643,6.073357224305238,6.32907696075609,6.840516433657794
2022,9,2022_09_MIA_CHI,CHI,-4.0,5.578160055621583,-1.0486480037625285,5.443211664484854,5.308263273348125,5.038366491074665,-1.3355131535594602,5.398612566994166,5.21906507836675,4.859970101111916,-0.3176398762563996,5.203005483088834,4.8278509105560845,4.077541765490586,-0.3150546468015698,5.188553677318419,4.798947299015255,4.019734542408926
2022,9,2022_09_MIA_CHI,MIA,9.0,7.60693157101273,1.2280961860382464,7.665456659084139,7.723981747155548,7.841031923298368,0.7689566344742222,7.541300392213361,7.475669213413992,7.344406855815254,0.23762288150008137,7.509505101324979,7.41207863163723,7.21722569226173,0.21008742912876063,7.475686548431104,7.3444415258494775,7.081951480686225
2022,9,2022_09_MIN_WAS,MIN,6.0,7.579663127224102,1.5667007184907265,7.749210623279342,7.91875811933458,8.257853111445058,1.074989651163791,7.61117105866354,7.6426789901029775,7.705694852981852,0.41623934932794027,7.741546505148243,7.903429883072382,8.227196638920663,0.36431289671699885,7.680065723755339,7.780468320286577,7.98127351334905
2022,9,2022_09_MIN_WAS,WAS,5.0,5.606825221210739,-0.3403925658274854,5.682675631327149,5.7585260414435595,5.910226861676381,-0.4041587767139188,5.694989590856558,5.7831539605023785,5.959482699794018,0.1537890483254734,5.890917598781515,6.175009976352292,6.743194731493844,0.20109859797678645,5.962502831802034,6.31818044239333,7.0295356635759205
2022,9,2022_09_PHI_HOU,HOU,5.0,3.765785438107743,-2.356411850230325,3.6814673347549243,3.5971492314021054,3.428513024696468,-2.578610782435165,3.6724461469583782,3.5791068558090133,3.392428273510283,-0.4543457778570379,3.6504766764979957,3.535167914888248,3.3045503916687533,-0.4256833258330379,3.6679977800667576,3.5702101220257725,3.374634805943802
2022,9,2022_09_PHI_HOU,PHI,8.0,8.888571955211479,1.33860892848783,8.660697162837483,8.432822370463489,7.977072785715499,1.3250963766866102,8.66666870032358,8.44476544543568,8.000958935659881,0.42187678506810383,8.731197221010683,8.573822486809888,8.2590730184083,0.4133086013670483,8.733173480433253,8.577775005655027,8.266978056098578
2022,9,2022_09_SEA_ARI,ARI,9.0,5.630173633720396,-0.9544686703743072,5.511205468979078,5.392237304237761,5.154300974755126,-0.7354565975677403,5.614722294962243,5.599270956204089,5.568368278687782,-0.05749395542158749,5.609758665293128,5.589343696865861,5.548513760011327,-0.07260680801358568,5.581005297321909,5.53183696092342,5.433500288126444
2022,9,2022_09_SEA_ARI,SEA,7.0,4.827154940617292,-0.7787166223530064,4.963029013296904,5.098903085976516,5.3706512313357395,-0.9428536223495181,4.9512475138645655,5.075340087111838,5.323525233606386,-0.2429092345344223,4.745391090222654,4.663627239828015,4.500099539038738,-0.22733756752476175,4.753174152727332,4.679193364837371,4.5312317890574505
2022,9,2022_09_TEN_KC,KC,4.0,9.453565938145596,1.1725574849892746,9.033340439834895,8.613114941524191,7.772663944902789,1.8371808827344067,9.241549829334446,9.029533720523297,8.605501502900996,0.37598761295803707,9.090073646638986,8.726581355132375,7.999596772119153,0.35642896418451053,9.073999603329018,8.694433268512439,7.935300598879282
2022,9,2022_09_TEN_KC,TEN,7.0,3.3322498483323857,-2.022464755015615,3.4590876165589464,3.585925384785507,3.839600921238628,-1.9907865635381339,3.5207837704436846,3.7093176925549836,4.086385536777581,-0.4178558361676404,3.3769072674236518,3.421564686514918,3.5108795246974496,-0.4019210877471016,3.3774867741767247,3.4227237000210637,3.5131975517097414
2022,10,2022_10_ARI_LA,ARI,8.0,6.733290477072854,0.06899449875580528,6.675665027785328,6.618039578497804,6.502788679922753,0.6802297055118371,6.859036648827627,6.984782820582399,7.236275164091945,0.1645746692966982,6.715937624319323,6.698584771565792,6.66387906605873,0.1838388419312639,6.7473805099243345,6.7614705427758155,6.789650608478777
2022,10,2022_10_ARI_LA,LA,2.0,7.285313737448012,0.9376466574772521,7.322133098133966,7.358952458819921,7.43259118019183,0.6129537885605765,7.254472599815767,7.223631462183523,7.161949186919033,0.31166005573876937,7.304136739060168,7.322959740672325,7.360605743896638,0.2772277867283337,7.278096686581801,7.270879635715591,7.25644553398317
2022,10,2022_10_ATL_CAR,ATL,1.0,7.288659070697522,0.5636655917256865,7.224565063064096,7.16047105543067,7.0322830401638186,0.9241159461796216,7.342924060563291,7.397189050429059,7.505719030160597,0.27709784985497726,7.265716433464885,7.242773796232247,7.196888521766972,0.26779543341203427,7.268819027313231,7.248978983928939,7.209298897160358
2022,10,2022_10_ATL_CAR,CAR,10.0,6.929537448547416,-0.17888353367194862,6.756518292555363,6.58349913656331,6.237460824579204,-0.16134975685053551,6.773779055606036,6.618020662664655,6.306503876781895,0.15470676272418657,6.851437066305326,6.773336684063237,6.617135919579058,0.15443005787250513,6.857816551584968,6.786095654622519,6.642653860697622
2022,10,2022_10_CLE_MIA,CLE,-3.0,5.184006447287295,-1.5382074367757943,5.083616048975927,4.983225650664559,4.782444854041822,-1.5156654016254547,5.090571117851383,4.99713578841547,4.8102651295436445,-0.2338496812383927,5.08215194027173,4.980297433256166,4.776588419225037,-0.250229226728221,5.043006466093204,4.902006484899113,4.620006522510931
2022,10,2022_10_CLE_MIA,MIA,6.0,6.123964706829187,-0.12680586919127373,6.166274677758386,6.2085846486875855,6.293204590545983,0.24939769493173364,6.283047249673254,6.4421297925173215,6.760294878205456,0.13731593562038016,6.226662919544438,6.32936113225969,6.534757557690193,0.11892286633421394,6.209267244505657,6.294569782182126,6.465174857535066
2022,10,2022_10_DAL_GB,DAL,5.0,6.638408079573845,0.890662066609134,6.824380815674482,7.010353551775119,7.382299023976393,0.20916947375312683,6.657768812690801,6.677129545807756,6.715851012041667,0.3572722233396596,6.872972402863001,7.107536726152157,7.576665372730467,0.3736668775658177,6.913427633972891,7.188447188371937,7.738486297170027
2022,10,2022_10_DAL_GB,GB,5.0,5.707312426960553,-1.0950238803089514,5.594691100075728,5.4820697731909025,5.256827119421253,-0.627460233369364,5.7283713654154464,5.749430303870339,5.791548180780124,-0.04288931039669591,5.700770792086825,5.694229157213096,5.681145887465639,-0.06280250474020166,5.6696941939063645,5.632075960852175,5.556839494743798
2022,10,2022_10_DEN_TEN,DEN,4.0,7.818538456220388,1.0044392815753131,7.739925290165806,7.661312124111225,7.504085792002062,0.8589406575271965,7.722332295389783,7.626126134559177,7.433713812897967,0.2115908566524244,7.5855511861969305,7.352563916173472,6.886589376126556,0.21168497582557022,7.596112995158357,7.373687534096327,6.928836611972264
2022,10,2022_10_DEN_TEN,TEN,12.0,8.016249718624964,1.0865412195863524,7.910179150118261,7.804108581611558,7.5919674445981515,0.8276766304258221,7.861980670870614,7.707711623116264,7.399173527607563,0.41080348399732436,7.969746499214274,7.923243279803583,7.830236840982202,0.36158023136677514,7.931705402342114,7.847161086059264,7.678072453493564
2022,10,2022_10_DET_CHI,CHI,2.0,5.827541046345429,0.5971232946154466,6.137679799416334,6.447818552487242,7.068096058629054,0.1334902338219665,6.028716059904854,6.22989107346428,6.632241100583131,0.13494070720297316,6.001532377743446,6.175523709141466,6.5235063719375015,0.15976609320770302,6.037987154314973,6.248433262284516,6.6693254782236036
2022,10,2022_10_DET_CHI,DET,10.0,5.284545128616782,-1.0689214460769847,5.284600616905995,5.284656105195207,5.284767081773634,-0.8343818284172371,5.354144497640748,5.423743866664713,5.562942604712644,-0.2339800851950783,5.157401524106303,5.030257919595826,4.775970710574869,-0.22520398275676412,5.1496819967567244,5.014818864896666,4.74509260117655
2022,10,2022_10_HOU_NYG,HOU,3.0,6.24969780641035,0.07081797148802624,6.313458484637675,6.377219162865,6.504740519319649,-0.4411913275858013,6.186607556231532,6.1235173060527135,5.997336805695076,0.06442758510484309,6.234646796167422,6.2195957859244935,6.189493765438637,0.07799852644842144,6.252428055280902,6.255158304151452,6.260618801892553
2022,10,2022_10_HOU_NYG,NYG,9.0,8.069427073855051,1.329991004789629,8.015209134950238,7.960991196045427,7.852555318235802,1.303822560156051,8.03337438647006,7.997321699085068,7.925216324315086,0.384959626110392,7.979024664802169,7.888622255749286,7.707817437643523,0.3983970942805685,8.01759473358731,7.965762393319572,7.8620977127840925
2022,10,2022_10_IND_LV,IND,3.0,5.772825565624621,-0.5450553142692132,5.79099710383694,5.809168642049259,5.8455117184738965,-0.8670549969903509,5.711330551586686,5.649835537548752,5.526845509472882,0.018775037066449778,5.8229298889894565,5.873034212354292,5.973242859083963,0.049534782169803594,5.8592056085039275,5.945585651383235,6.118345737141848
2022,10,2022_10_IND_LV,LV,3.0,6.889064718669626,0.5870626777520985,6.931130340608531,6.973195962547436,7.057327206425247,0.37521022216622457,6.891621465443145,6.894178212216664,6.8992917057637015,0.3402962576938519,7.040861579549547,7.192658440429467,7.4962521621893075,0.27772953376852266,6.981536905094175,7.0740090915187235,7.2589534643678215
2022,10,2022_10_JAX_KC,JAX,6.0,2.718122189582032,-2.8942350636979044,2.871330943940631,3.02453969829923,3.3309572070164277,-2.9944507299437806,2.8327199220259454,2.9473176544698587,3.1765131193576854,-0.4316403093639042,2.9985108427549356,3.27889949592784,3.839676802273648,-0.40222345372957713,3.003661439810983,3.2892006900399346,3.860279190497837
2022,10,2022_10_JAX_KC,KC,6.0,6.873965795489738,0.20766775296032458,6.8182803688541105,6.762594942218483,6.651224088947227,0.40350027540020045,6.8881109378367125,6.902256080183687,6.930546364877635,0.2561078680343733,6.929839690372921,6.9857135852561045,7.097461375022471,0.21319496984092304,6.889570386611396,6.905174977733054,6.93638415997637
2022,10,2022_10_LAC_SF,LAC,3.0,4.732189663719002,-2.412936828713393,4.510676573469385,4.289163483219768,3.846137302720533,-1.93506387478052,4.635871382371362,4.539553101023721,4.34691653832844,-0.45851268193819944,4.477238608369605,4.222287553020208,3.712385442321413,-0.41917975161596865,4.4930234726498055,4.253857281580608,3.775524899442213
2022,10,2022_10_LAC_SF,SF,6.0,7.050784528768014,0.5391931413020903,7.039610348396348,7.02843616802468,7.006087807281346,0.050141902017489755,6.923128003673568,6.795471478579121,6.540158428390228,0.2647211422538068,7.07265376440842,7.094523000048824,7.138261471329634,0.25572969198573714,7.075335782529956,7.099887036291898,7.148989543815781
2022,10,2022_10_MIN_BUF,BUF,7.0,7.36973426173966,1.0334951229640081,7.411097464293643,7.4524606668476245,7.535187071955589,0.9122854756057506,7.4004628979137905,7.431191534087919,7.492648806436178,0.34664826861823944,7.4088859244330285,7.448037587126396,7.526340912513131,0.38679146719554003,7.47832274458214,7.58691122742462,7.80408819310958
2022,10,2022_10_MIN_BUF,MIN,9.0,4.733331403613112,-1.8830497425880335,4.653330240139703,4.573329076666294,4.413326749719476,-2.2137505779237094,4.559754891992768,4.386178380372424,4.039025357131736,-0.42229323173595984,4.520986763090747,4.308642122568381,3.8839528415236493,-0.4092065395718044,4.506342293297788,4.279353182982463,3.825374962351814
2022,10,2022_10_NO_PIT,NO,7.0,7.008828997154478,0.9986503718740478,7.131094088246015,7.253359179337551,7.497889361520624,1.4273082491672053,7.272032367058685,7.535235736962891,8.061642476771302,0.34856908938034514,7.140481653140316,7.272134309126153,7.5354396210978285,0.3040397186028872,7.104237294432578,7.199645591710677,7.390462186266876
2022,10,2022_10_NO_PIT,PIT,10.0,7.110854833121961,1.0442240609777373,7.2198089480882865,7.328763063054612,7.546671292987262,1.0397805402461062,7.241517247321275,7.37217966152059,7.633504489919218,0.2756591007621484,7.130659457747754,7.150464082373546,7.190073331625131,0.25717391265470607,7.122193207489035,7.13353158185611,7.156208330590257
2022,10,2022_10_SEA_TB,SEA,4.0,5.071289003250211,-1.0023237267160703,5.1424800194813685,5.213671035712526,5.356053068174841,-1.2955229750047752,5.06683600012411,5.062382996998009,5.053476990745806,0.11141513511804502,5.406483858359014,5.7416787134678176,6.412068423685424,0.13547269972768125,5.44044112196428,5.809593240678351,6.54789747810649
2022,10,2022_10_SEA_TB,TB,6.0,6.264511090727346,0.463303561653653,6.429597278861326,6.594683466995306,6.924855843263267,0.7967010694908512,6.539621302491284,6.8147315142552225,7.364951937783099,0.16100936617953915,6.360130976136658,6.45575086154597,6.646990632364593,0.1520216394290124,6.356037225958195,6.447563361189044,6.630615631650741
2022,10,2022_10_WAS_PHI,PHI,6.0,9.17183935222704,1.9339986923165833,9.0036503193151,8.835461286403158,8.499083220579275,1.36812432751017,8.877943634461905,8.58404791669677,7.9962564811664985,0.4377247795305062,8.868319500021153,8.564799647815263,7.957759943403485,0.3873910553761681,8.830650807234406,8.48946226224177,7.807085172256499
2022,10,2022_10_WAS_PHI,WAS,9.0,4.556455660147576,-2.0413662904084693,4.4783080505750945,4.400160441002614,4.24386522185765,-2.086618651617571,4.462211707071639,4.367967753995703,4.17947984784383,-0.4507615057363385,4.354617214804274,4.152778769460973,3.7491018787743693,-0.414787321002572,4.366711746842574,4.176967833537573,3.79748000692757
2022,11,2022_11_CAR_BAL,BAL,17.0,9.456827182929915,1.312833311465587,9.064866028053194,8.67290487317647,7.888982563423025,1.1272045270953315,9.02866135165618,8.600495520382442,7.744163857834969,0.33825223155770245,9.00556171632495,8.554296249719982,7.651765316510051,0.3545260472816965,9.034792889088557,8.6127585952472,7.768690007564484
2022,11,2022_11_CAR_BAL,CAR,9.0,4.425357719272847,-2.33416004891546,4.280696679536506,4.136035639800165,3.8467135603274842,-2.193768312066967,4.3270822970386265,4.228806874804405,4.032256030335964,-0.4448941538650163,4.2518462008735485,4.0783346824742495,3.7313116456756528,-0.40483683406348164,4.268203022935939,4.1110483265990325,3.7967389339252176
2022,11,2022_11_CHI_ATL,ATL,12.0,5.895937854493601,-0.012713722786622582,6.026895258506097,6.157852662518595,6.419767470543587,-0.04245343078484499,6.031157706881142,6.166377559268684,6.436817264043767,0.12493295746269376,6.0679240914050485,6.239910328316497,6.583882802139392,0.11776268740430651,6.054520134906283,6.213102415318964,6.530266976144328
2022,11,2022_11_CHI_ATL,CHI,4.0,5.982205679432753,-0.9360808544683886,5.83573479391176,5.689263908390766,5.396322137348777,-0.6241083903507798,5.933327165221652,5.884448651010551,5.786691622588348,-0.25827610093834696,5.653036026396073,5.323866373359392,4.66552706728603,-0.2385466196901192,5.653289902147561,5.324374124862368,4.666542570291983
2022,11,2022_11_CIN_PIT,CIN,1.0,7.685139475687672,1.1012625808775107,7.677474845700769,7.6698102157138655,7.654480955740059,0.9778487855331963,7.658161208054708,7.631182940421744,7.577226405155816,0.308843177574982,7.639990290170951,7.59484110465423,7.504542733620788,0.2453273186363545,7.563232399388702,7.44132532308973,7.197511170491789
2022,11,2022_11_CIN_PIT,PIT,2.0,6.043316822886057,-0.4649310774823057,6.012121867338996,5.980926911791934,5.91853700069781,-0.3273974324455138,6.062070243885342,6.080823664884628,6.118330506883199,0.04955396455375353,6.084120957866547,6.124925092847038,6.206533362808019,0.019520977084314897,6.036587696458465,6.029858570030871,6.016400317175686
2022,11,2022_11_CLE_BUF,BUF,5.0,6.467615453488548,0.32496498830607556,6.549222875898483,6.6308302983084175,6.794045143128287,0.745699548941108,6.680148903836045,6.892682354183541,7.3177492548785334,0.25173916250557715,6.655381181847894,6.84314691020724,7.218678366925932,0.2308630947826469,6.631175109051355,6.794734764614163,7.121854075739778
2022,11,2022_11_CLE_BUF,CLE,1.0,3.7076006906927432,-2.606637055767487,3.666876621010678,3.626152551328613,3.5447044119644824,-3.0004153862397853,3.5633637369142823,3.419126783135821,3.1306528755788987,-0.44264294736390647,3.7163458308066444,3.725090970920546,3.7425812511483487,-0.42161476217169425,3.707945441431134,3.708290192169525,3.708979693646307
2022,11,2022_11_DAL_MIN,DAL,16.0,6.417627102092638,0.4280478802769939,6.540295468779846,6.662963835467053,6.90830056884147,0.2655853505413899,6.5084996888812,6.5993722756697615,6.781117449246885,0.21137484222928812,6.567373676847425,6.717120251602212,7.016613401111787,0.2856504353774108,6.6653270090179335,6.913026915943229,7.40842672979382
2022,11,2022_11_DAL_MIN,MIN,-4.0,5.189193959091445,-1.302865279178235,5.139341508860048,5.089489058628651,4.989784158165857,-1.598456175310668,5.0663071020752835,4.943420245059121,4.697646531026798,-0.2141920769669252,5.113448713918995,5.037703468746544,4.886212978401645,-0.20407123679867423,5.1036131594388685,5.018032359786293,4.84687076048114
2022,11,2022_11_DET_NYG,DET,11.0,6.39375027294479,0.5116727277942243,6.54555995717557,6.697369641406349,7.000989009867908,0.5276636846220832,6.563824419918555,6.73389856689232,7.074046860839848,0.2209127150546103,6.561402772446393,6.7290552719479955,7.064360270951201,0.23036209717928313,6.575121089577382,6.756491906209973,7.119233539475157
2022,11,2022_11_DET_NYG,NYG,-1.0,6.607823171923113,0.8121466047016296,6.789374739040537,6.97092630615796,7.334029440392807,0.16594034232175098,6.6233030111262465,6.63878285032938,6.6697425287356475,0.20985073203289062,6.7081132941846855,6.808403416446257,7.0089836609694025,0.1802540002444136,6.67015145576689,6.732479739610667,6.85713630729822
2022,11,2022_11_KC_LAC,KC,9.0,5.683372535211539,0.01642943867881537,5.875546722342857,6.067720909474174,6.452069283736809,0.32242435484425347,5.97369124418597,6.2640099531604,6.84464737110926,0.252813675491411,6.068543753985008,6.453714972758475,7.224057410305411,0.25399651751966523,6.073243550685999,6.463114566160458,7.242856597109378
2022,11,2022_11_KC_LAC,LAC,2.0,3.213526407556647,-2.5915478848499336,3.3005020574745765,3.387477707392506,3.5614290072283645,-2.2593754906272863,3.3998762484103557,3.586226089264064,3.958925770971481,-0.45158832301513224,3.334594915532864,3.45566342350908,3.6978004394615134,-0.40070555863951823,3.364731838977642,3.5159372703986365,3.818348133240626
2022,11,2022_11_LA_NO,LA,4.0,6.790839955320424,0.7734644056036689,6.915918644174404,7.040997333028383,7.291154710736342,0.879479917209226,6.959949428468155,7.129058901615885,7.467277847911347,0.20799332242736626,6.8430513200537275,6.89526268478703,6.999685414253637,0.19263867227254655,6.82360897217144,6.856377989022457,6.92191602272449
2022,11,2022_11_LA_NO,NO,5.0,7.914253860485165,1.228283787680251,7.884507701873263,7.854761543261361,7.795269226037556,1.574815461280017,7.99680694841832,8.079360036351474,8.244466212217784,0.3290108069246666,7.837066014108018,7.7598781677308715,7.605502474976577,0.37953161927244267,7.910561660572101,7.9068694606590375,7.89948506083291
2022,11,2022_11_LV_DEN,DEN,1.0,7.188793485683738,0.59556476180396,7.165088513293148,7.1413835409025594,7.093973596121381,0.39469389616252176,7.122951180924279,7.05710887616482,6.925424266645903,0.2913739404506777,7.245867919895256,7.302942354106773,7.417091222529808,0.3100865647530267,7.275655923220948,7.362518360758159,7.536243235832579
2022,11,2022_11_LV_DEN,LV,6.0,6.444935353713097,0.6416661093904031,6.619969413055284,6.7950034723974735,7.145071591081849,0.2521372531010722,6.5252230857858855,6.605510817858676,6.766086282004254,0.23950022877137123,6.623053992113366,6.801172630513635,7.1574099073141735,0.2107716650795685,6.58789229369592,6.730849233678744,7.016763113644391
2022,11,2022_11_NYJ_NE,NE,17.0,8.799153014369448,2.021187035898164,8.76789238109893,8.736631747828412,8.674110481287377,1.7597274837714554,8.712151141990814,8.62514926961218,8.451145524854914,0.3540724587283236,8.532105219683835,8.265057424998222,7.730961835626995,0.3270839070205073,8.505652298723069,8.212151583076691,7.6251501517839335
2022,11,2022_11_NYJ_NE,NYJ,10.0,6.3687023421177065,0.16455253156135008,6.430588393198118,6.49247444427853,6.616246546439353,0.27685741155957283,6.474955862480559,6.581209382843412,6.793716423569118,0.1717193041646995,6.481050911524186,6.593399480930665,6.818096619743623,0.1660407905397705,6.472224800656594,6.575747259195483,6.78279217627326
2022,11,2022_11_PHI_IND,IND,8.0,5.100928496966179,-1.880506033192958,4.913080473283401,4.7252324496006235,4.349536402235067,-2.0842135871263747,4.86437317516884,4.627817853371502,4.154707209776824,-0.43713979875061315,4.76822891616991,4.4355293353736425,3.770130173781105,-0.397525869363266,4.784441355595176,4.467954214224173,3.8349799314821684
2022,11,2022_11_PHI_IND,PHI,7.0,7.208993483443806,0.5324789638792089,7.162757689721868,7.116521895999929,7.024050308556051,1.0193931058921641,7.31266041224101,7.416327341038214,7.623661198632621,0.36272717791038483,7.3503170157185895,7.491640547993373,7.774287612542939,0.3912423716686359,7.39693004952033,7.584866615596853,7.960739747749901
2022,11,2022_11_SF_ARI,ARI,-4.0,4.385487657325983,-2.6354977885051367,4.1672946525564,3.949101647786816,3.5127156382476485,-2.7015777647299064,4.155282934983547,3.925078212641111,3.464668767956239,-0.4696555801623911,4.190954548663318,3.9964214400006526,3.607355222675322,-0.4433616654050011,4.187923130885218,3.990358604444453,3.5952295515629222
2022,11,2022_11_SF_ARI,SF,11.0,7.949737277544262,1.1671671313865437,7.894185084034087,7.838632890523911,7.72752850350356,0.8975095219355684,7.8341604191013685,7.718583560658475,7.487429843772688,0.33501309529136036,7.871190484605238,7.792643691666213,7.635550105788164,0.316221062435786,7.854385598725397,7.759033919906532,7.568330562268802
2022,11,2022_11_TEN_GB,GB,5.0,8.540365327776533,1.6199156937642465,8.46261093469047,8.38485654160441,8.229347755432288,1.0951478521230695,8.33235738757706,8.12434944737759,7.708333566978647,0.3216835277391972,8.297479471192558,8.054593614608585,7.568821901440638,0.3034473477000329,8.280652972313083,8.020940616849634,7.501515905922736
2022,11,2022_11_TEN_GB,TEN,4.0,5.732523323433532,0.19556635274700568,5.962047934798142,6.191572546162752,6.650621768891972,0.4499447524909527,6.046187264701411,6.35985120596929,6.987179088505048,0.2030134794923531,6.043081536356456,6.353639749279381,6.974756175125229,0.19659300285771292,6.035042414559637,6.337561505685743,6.942599687937955
2022,11,2022_11_WAS_HOU,HOU,1.0,6.535804838857601,0.41368910255545693,6.624950011566352,6.714095184275104,6.892385529692607,-0.2608286568142725,6.450037519055523,6.364270199253445,6.19273555964929,0.1868065394748305,6.625259569194675,6.7147142995317495,6.893623760205899,0.17618119818344424,6.610811869363085,6.685818899868568,6.835832960879535
2022,11,2022_11_WAS_HOU,WAS,19.0,7.707458409111673,0.6236514075169689,7.561869902879674,7.416281396647674,7.125104384183676,0.8196679833777074,7.630700064871096,7.553941720630519,7.400425032149364,0.3441216947327488,7.7008808119672985,7.694303214822924,7.681148020534175,0.3444215835672022,7.709553114978745,7.711647820845817,7.715837232579962
2022,12,2022_12_ATL_WAS,ATL,3.0,5.984734835118086,0.1382960853602932,6.164376286086074,6.344017737054061,6.7033006389900365,-0.4287331388404634,5.9999616969921945,6.015188558866303,6.04564228261452,0.1904048817568127,6.264142115451535,6.543549395784984,7.102363956451881,0.17616261748352363,6.24173240579192,6.498729976465754,7.012725117813422
2022,12,2022_12_ATL_WAS,WAS,7.0,7.953030049477589,0.9258316298081865,7.903029222789703,7.853028396101818,7.753026742726046,0.8938513903207512,7.877230275206736,7.801430500935883,7.6498309523941765,0.27248581660164256,7.870497565574494,7.787965081671398,7.622900113865208,0.2649125316378455,7.862811826170479,7.7725936028633695,7.59215715624915
2022,12,2022_12_BAL_JAX,BAL,5.0,7.180713171615653,0.7017301866439626,7.249113939861613,7.317514708107573,7.454316244599492,0.32489450284450605,7.125467879759765,7.070222587903878,6.959732004192102,0.2835210508986775,7.30875556091296,7.436797950210268,7.692882728804884,0.268399393698177,7.289265439733595,7.397817707851537,7.6149222440874205
2022,12,2022_12_BAL_JAX,JAX,5.0,5.667740422017237,-0.18725006617795187,5.818148295471991,5.968556168926745,6.269371915836253,-0.08837981867283169,5.865421188585188,6.06310195515314,6.458463488289042,0.16179729517995198,5.981040818332352,6.294341214647467,6.920942007277698,0.15627150348029434,5.9715202301013885,6.2753000381855415,6.882859654353846
2022,12,2022_12_BUF_DET,BUF,8.0,6.4998643898674,0.1198286962125054,6.5445695392888386,6.589274688710278,6.678684987553155,0.39906274098869193,6.637321320487505,6.77477825110761,7.049692112347819,0.2572247562892722,6.756427891964659,7.012991394061919,7.526118398256438,0.265310545184625,6.773587220966529,7.047310052065658,7.594755714263916
2022,12,2022_12_BUF_DET,DET,4.0,2.924188954166592,-3.078940062393001,2.796882958021353,2.6695769618761145,2.414964969585637,-3.159517829096954,2.8764967323368813,2.8288045105071706,2.7334200668477497,-0.46798003650367825,2.924905791405096,2.9256226286436,2.9270563031206076,-0.4473959369929984,2.9285479139776367,2.932906873788682,2.9416247934107718
2022,12,2022_12_CHI_NYJ,CHI,0.0,6.497831776628142,-0.47790182238826373,6.343862536806738,6.189893296985335,5.881954817342527,-0.5547023465217225,6.346586773550248,6.195341770472355,5.892851764316568,0.038670647629174215,6.408399959201085,6.318968141774029,6.140104506919915,0.046468173863249584,6.414867256908595,6.331902737189047,6.165973697749953
2022,12,2022_12_CHI_NYJ,NYJ,8.0,9.676318704250338,1.747760053356044,9.469388025042866,9.262457345835394,8.848595987420449,1.4811933763740772,9.347796414841497,9.019274125432656,8.362229546614975,0.3209381361638022,9.239782090861173,8.803245477472007,7.930172250693676,0.29394798470396877,9.202670114519147,8.729021524787957,7.781724345325574
2022,12,2022_12_CIN_TEN,CIN,2.0,7.671551555784017,0.962776916066207,7.704231679820387,7.736911803856756,7.802272051929496,0.6796076059465168,7.601156284771075,7.5307610137581324,7.389970471732249,0.22759880939705676,7.588223234371668,7.504894912959319,7.338238270134621,0.2767919003925856,7.671092515086014,7.67063347438801,7.6697153929920034
2022,12,2022_12_CIN_TEN,TEN,2.0,6.1411041141099645,0.37924953404968065,6.3619464862692805,6.582788858428597,7.02447360274723,-0.003116857859715111,6.246298236279748,6.351492358449532,6.561880602789099,0.15757921261278895,6.329376088973323,6.51764806383668,6.894192013563396,0.13351758885986773,6.289403957244706,6.437703800379447,6.734303486648931
2022,12,2022_12_DEN_CAR,CAR,11.0,7.727256784158593,0.8772410641702492,7.717507374429998,7.7077579647014005,7.688259145244209,0.7556301070709717,7.665987501059099,7.604718217959605,7.482179651760617,0.33474791579830987,7.799880167586249,7.872503551013904,8.017750317869215,0.2927784144559285,7.738964696623787,7.750672609088981,7.774088434019369
2022,12,2022_12_DEN_CAR,DEN,2.0,7.973661739346595,1.0681621015953158,7.965931964237561,7.958202189128527,7.942742638910459,1.0716365249405728,7.946613810249815,7.919565881153035,7.865470022959476,0.3905361474336542,8.073132534626897,8.172603329907197,8.371544920467798,0.3294054879029732,7.983551287262005,7.993440835177415,8.013219931008233
2022,12,2022_12_GB_PHI,GB,0.0,4.881175524756841,-1.797944670473699,4.691490698833978,4.501805872911115,4.122436221065389,-1.9414163430440519,4.713601445569908,4.546027366382974,4.210879208009107,-0.4445440207844534,4.429802013896041,3.978428503035241,3.0756814813136413,-0.41946810211324564,4.441871779796966,4.00256803483709,3.1239605449173387
2022,12,2022_12_GB_PHI,PHI,6.0,6.83124303091495,0.25766012870792104,6.839033273222087,6.846823515529225,6.862404000143499,-0.06010285751521567,6.7466225652113545,6.662002099507759,6.492761168100567,0.2703740165995226,7.025809178667539,7.220375326420129,7.609507621925307,0.3006479415613454,7.079799059276567,7.328355087638185,7.82546714436142
2022,12,2022_12_HOU_MIA,HOU,6.0,3.177002304843205,-2.1271403073938715,3.3036624802007992,3.430322655558393,3.6836430062735817,-2.398040606047471,3.297009403468954,3.417016502094703,3.657030699346201,-0.4276430411319116,3.178467514429358,3.1799327240155115,3.1828631431878187,-0.4278400591957758,3.1500771188046555,3.123151932766106,3.069301560689007
2022,12,2022_12_HOU_MIA,MIA,12.0,9.58918175009224,2.0284720056826275,9.497577329865571,9.405972909638901,9.222764069185562,2.280100580428614,9.524696246544497,9.460210742996754,9.331239735901269,0.4568172849488906,9.389857020270327,9.190532290448411,8.791882830804582,0.48588586428983416,9.450599270441554,9.312016790790867,9.034851831489496
2022,12,2022_12_LAC_ARI,ARI,4.0,4.636717387862798,-1.5746927093158734,4.5825416466665345,4.528365905470272,4.420014423077745,-1.7475980842235694,4.589029333102997,4.541341278343196,4.4459651688235935,-0.29750907998693027,4.479572846486658,4.322428305110519,4.008139222358238,-0.26747556790063226,4.5066110760368705,4.376504764210944,4.11629214055909
2022,12,2022_12_LAC_ARI,LAC,5.0,5.314656159726211,0.045009431166220026,5.630731242623553,5.946806325520895,6.578956491315579,-0.015493169810004127,5.622709402723076,5.930762645719941,6.54686913171367,0.19720760264448517,5.772368385042453,6.230080610358696,7.145505060991182,0.1931572182563767,5.7669120631725015,6.219167966618793,7.123679773511375
2022,12,2022_12_LA_KC,KC,11.0,10.988342701508117,1.5609117787548807,10.391142321788948,9.793941942069779,8.599541182631441,2.603226977148626,10.672048543342848,10.35575438517758,9.723166068847043,0.39447012224637185,10.340380320117509,9.692417938726901,8.396493175945688,0.44288948450116605,10.429791099258333,9.871239497008549,8.754136292508983
2022,12,2022_12_LA_KC,LA,4.0,3.061754802649661,-2.6147578916288103,3.054737391835233,3.0477199810208044,3.033685159391948,-3.0160862688955077,3.023163855588731,2.9845729085278,2.907391014405939,-0.43999169959793705,3.0724538845631537,3.0831529664766464,3.1045511303036317,-0.41559847669973926,3.0836222582451516,3.105489713840642,3.149224625031623
2022,12,2022_12_LV_SEA,LV,6.0,4.699583550791895,-2.0059463155099673,4.485984051156252,4.272384551520609,3.845185552249323,-2.12302659718619,4.522337806865092,4.34509206293829,3.9906005750846862,-0.3986454508850116,4.36637726190209,4.033170973012286,3.3667583952326767,-0.38913616620252517,4.355185721730623,4.010787892669351,3.321992234546807
2022,12,2022_12_LV_SEA,SEA,1.0,6.551182654456074,-0.12680271967107362,6.500872920166086,6.4505631858760974,6.349943717296122,-0.7276336863376682,6.33416197996691,6.117141305477746,5.68309995649942,0.14324322175592022,6.614206203413653,6.677229752371232,6.803276850286389,0.1877487095086641,6.685479141882165,6.819775629308255,7.0883686041604355
2022,12,2022_12_NE_MIN,MIN,9.0,6.941551783933644,0.5180263685306051,7.008527029356489,7.075502274779334,7.209452765625024,0.7740503442643494,7.082294317473986,7.223036851014328,7.504521918095012,0.2936037724207034,7.145370026186643,7.349188268439642,7.756824752945641,0.27159935415014635,7.1151173888342925,7.288682993734942,7.63581420353624
2022,12,2022_12_NE_MIN,NE,2.0,6.860333085996793,1.9759125675665283,7.4334263797234925,8.006519673450192,9.152706260903594,2.204294021090166,7.455072933470841,8.04981278094489,9.239292475892986,0.27033382794114375,7.047563003447659,7.234792920898526,7.609252755800259,0.29413948264499395,7.090993464630829,7.321653843264865,7.7829746005329365
2022,12,2022_12_NO_SF,NO,5.0,4.745011879910879,-2.1887511397433816,4.459139001188462,4.173266122466046,3.601520365021212,-2.3139518471956206,4.49851481025771,4.25201774060454,3.7590236012982015,-0.4139325314847073,4.376211826348284,4.007411772785688,3.2698116656604967,-0.3962883187507754,4.377583192967583,4.010154506024287,3.275297132137695
2022,12,2022_12_NO_SF,SF,15.0,9.035313157729467,1.8010974828232882,9.0064075683243,8.977501978919136,8.919690800108803,1.910484880960728,8.997216272661326,8.959119387593185,8.882925617456904,0.322526678531151,8.761546462653154,8.487779767576843,7.940246377424217,0.29482123524821197,8.723341278099895,8.411369398470322,7.787425639211178
2022,12,2022_12_NYG_DAL,DAL,4.0,9.220666013229314,1.6289580225065943,9.088059946667425,8.955453880105535,8.690241746981757,1.6373190253625665,9.053398860670866,8.886131708112416,8.551597402995519,0.432131783650999,9.074332944108527,8.927999874987737,8.635333736746162,0.39069688805106706,9.018844592049906,8.817023170870495,8.413380328511677
2022,12,2022_12_NYG_DAL,NYG,3.0,3.442623651580767,-2.728593956097219,3.302455284062753,3.1622869165447387,2.881950181508711,-3.094198595957594,3.2851294995810605,3.127635347581354,2.8126470435819413,-0.47181154436283373,3.307657205356212,3.1726907591316564,2.9027578666825464,-0.4585909583671398,3.2991013727294427,3.1555790938781185,2.86853453617547
2022,12,2022_12_PIT_IND,IND,3.0,7.239983150486557,0.9778801039595211,7.385588231409498,7.531193312332441,7.822403474178325,1.0698325222923881,7.395807841071827,7.551632531657098,7.863281912827638,0.3071753456434354,7.390710406960638,7.541437663434719,7.842892176382882,0.2802554420778834,7.353069419451321,7.466155688416087,7.692328226345617
2022,12,2022_12_PIT_IND,PIT,10.0,5.956330704513882,0.09266791696984221,6.127868452371217,6.299406200228552,6.642481695943222,0.5103038268868842,6.263402679230165,6.570474653946448,7.184618603379013,0.2667408642649555,6.36386480467502,6.7713989048361585,7.586467105158435,0.28439425132715834,6.397085468069522,6.8378402316251625,7.719349758736443
2022,12,2022_12_TB_CLE,CLE,4.0,5.589077589982281,-0.5937176146304403,5.623703445009729,5.6583293000371775,5.7275810100920745,-0.07030875249508062,5.811903752052286,6.034729914122292,6.480382238262303,0.1303087399052432,5.872120616565304,6.155163643148327,6.7212496963143735,0.1403239184616573,5.886493385980435,6.1839091819785885,6.778740773974896
2022,12,2022_12_TB_CLE,TB,6.0,7.036979806645304,1.012193989241662,7.244770185552276,7.452560564459247,7.868141322273192,1.1644544329025304,7.272247525176899,7.507515243708496,7.9780506807716876,0.24726344952656482,7.143471443799374,7.249963080953446,7.462946355261588,0.22897342498962878,7.117114172306672,7.197248537968042,7.357517269290779
2022,13,2022_13_BUF_NE,BUF,5.0,7.271848518692261,0.6032456233681164,7.254325768287646,7.236803017883029,7.201757517073798,0.5795811596496214,7.258534360811644,7.2452202029310255,7.21859188716979,0.2885914478885905,7.311475845763295,7.3511031728343275,7.430357826976394,0.2657375524913427,7.2957114013039925,7.319574283915722,7.3673000491391845
2022,13,2022_13_BUF_NE,NE,4.0,5.953993658709011,-0.17959524581918646,6.051315045118987,6.148636431528962,6.343279204348913,-0.8469863063172862,5.884064724170289,5.814135789631566,5.674277920554119,0.06806533391946917,6.054670478379341,6.15534729804967,6.356700937390329,0.04918027805115875,6.0301436300216995,6.106293601334386,6.258593543959761
2022,13,2022_13_CLE_HOU,CLE,21.0,8.029867083354487,1.731033684938951,8.132028196854861,8.234189310355237,8.438511537355986,1.02766734500891,7.948315902350631,7.866764721346774,7.703662359339061,0.4490191786290181,8.075255009382769,8.120642935411052,8.211418787467615,0.4026096491783352,8.03941106303862,8.048955042722753,8.06804300209102
2022,13,2022_13_CLE_HOU,HOU,7.0,4.40118655970799,-2.255862452895636,4.317491109891954,4.233795660075918,4.066404760443846,-2.427321085209036,4.291766155612136,4.182345751516281,3.9635049433245717,-0.42716414057890534,4.287294661723628,4.173402763739267,3.9456189677705438,-0.39404518376055575,4.298243863639949,4.195301167571909,3.989415775435827
2022,13,2022_13_DEN_BAL,BAL,6.0,9.34581175503155,1.751706826640491,9.124654341542382,8.903496928053212,8.461182101074872,1.3635100308657462,9.026165051438493,8.706518347845435,8.067224940659322,0.4289340735926049,9.037766848965202,8.729721942898854,8.113632130766158,0.36514078489445173,8.978412307359376,8.6110128596872,7.876213964342852
2022,13,2022_13_DEN_BAL,DEN,12.0,4.853522399310587,-2.182757468794254,4.676785071539715,4.500047743768842,4.146573088227099,-2.1293055833397077,4.711671336469532,4.569820273628478,4.28611814794637,-0.39073164902727076,4.6708904910549105,4.488258582799235,4.122994766287882,-0.3606947740191571,4.680181698277229,4.50684099724387,4.160159595177154
2022,13,2022_13_GB_CHI,CHI,-1.0,5.029218238752277,-1.2152415741711218,5.073806073082654,5.11839390741303,5.207569576073784,-1.6659127734412382,4.9688533360465,4.9084884333407235,4.78775862792917,-0.32393971100567304,4.883958439313712,4.738698639875148,4.44817904099802,-0.3124870143599842,4.873655795981183,4.718093353210089,4.406968467667902
2022,13,2022_13_GB_CHI,GB,9.0,7.48067638239035,1.0514974615143278,7.533837056954791,7.586997731519233,7.693319080648115,0.5931873774024032,7.418837571656572,7.356998760922793,7.233321139455236,0.31253454891407806,7.497239182624222,7.5138019828580935,7.546927583325837,0.3318744218928846,7.536982396294618,7.593288410198885,7.705900438007419
2022,13,2022_13_IND_DAL,DAL,14.0,8.620131539690615,1.2344391852273804,8.438582775731579,8.257034011772543,7.893936483854471,1.8909260481194792,8.624641903970486,8.629152268250358,8.638172996810102,0.45851735753759415,8.529514097253795,8.438896654816977,8.25766176994334,0.46286442977126085,8.559230882027332,8.498330224364052,8.37652890903749
2022,13,2022_13_IND_DAL,IND,1.0,3.74597261920516,-2.6182211493207523,3.7267382803005282,3.7075039413958963,3.6690352635866326,-2.543965652330905,3.7687876464216505,3.791602673638141,3.837232728071122,-0.4332273232038322,3.7885043798931832,3.8310361405812063,3.916099661957252,-0.4160223567770775,3.778704320066806,3.8114360209284515,3.8768994226517433
2022,13,2022_13_JAX_DET,DET,5.0,5.174956091110655,-1.6274729095417768,5.070094265019981,4.965232438929307,4.75550878674796,-1.5884953404616442,5.099108560027301,5.023261028943947,4.871565966777239,-0.27350597966435464,5.054647441999827,4.934338792888999,4.6937214946673445,-0.25109942001518065,5.061530576309608,4.948105061508562,4.721254031906468
2022,13,2022_13_JAX_DET,JAX,-2.0,4.227637366899716,-2.0651065740997847,4.239625854173873,4.25161434144803,4.275591315996344,-1.3169112251255788,4.462119570744953,4.6966017745901905,5.165566182280665,-0.26666088644056596,4.3524899308394716,4.4773424947792275,4.727047622658739,-0.25820559036466245,4.341946182609901,4.456254998320086,4.684872629740457
2022,13,2022_13_KC_CIN,CIN,4.0,3.827228896169756,-2.245230945554668,3.889937540956212,3.952646185742669,4.078063475315582,-2.5458959248558592,3.829207455644715,3.831186015119674,3.8351431340695923,-0.2948601616796828,4.017860719608808,4.208492543047861,4.589756189925964,-0.28154625587731635,4.011765576023739,4.196302255877723,4.5653756155856895
2022,13,2022_13_KC_CIN,KC,1.0,5.832078389716429,-1.1406147570711185,5.696410486065675,5.560742582414922,5.289406775113415,-0.5661070046769268,5.868643925173558,5.905209460630687,5.978340531544944,-0.1911557528212848,5.647722066740476,5.463365743764524,5.094653097812619,-0.17650482773608514,5.649847631125987,5.467616872535546,5.103155355354661
2022,13,2022_13_LAC_LV,LAC,12.0,4.716802166161489,-2.169571634199694,4.577859856460957,4.4389175467604245,4.16103292735936,-1.9427723233487522,4.659613512690758,4.602424859220026,4.488047552278563,-0.3048844603599083,4.672839557745241,4.628876949328992,4.540951732496494,-0.27788614925489447,4.683630182995691,4.650458199829892,4.584114233498293
2022,13,2022_13_LAC_LV,LV,8.0,5.485057250094971,-0.2637703090396496,5.676535741438691,5.8680142327824125,6.250971215469855,-0.5825037853002955,5.603940534566542,5.722823819038113,5.960590387981255,0.12889368170573087,5.7770056334096545,6.068954016724337,6.6528507833537045,0.15999915921098384,5.82028095323445,6.155504656373929,6.825952062652887
2022,13,2022_13_MIA_SF,MIA,5.0,5.307171460758307,-1.7753158984275161,5.128723927913164,4.9502763950680215,4.593381329377736,-1.5357979534509434,5.21253182263593,5.117892184513553,4.928612908268799,-0.41786817213831,4.978097961868073,4.649024462977839,3.990877465197371,-0.39469795444527533,4.976897043244968,4.646622625731629,3.9860737907049515
2022,13,2022_13_MIA_SF,SF,12.0,6.944881599609493,0.44454367416956614,6.965591678592162,6.9863017575748305,7.027721915540168,0.9840574861959646,7.12277445357572,7.300667307541947,7.656453015474401,0.13690741654524094,6.881627844258124,6.818374088906755,6.691866578204017,0.11796156957336942,6.861344339485002,6.77780707936051,6.610732559111528
2022,13,2022_13_NO_TB,NO,6.0,5.917175822309559,-0.5570428997183889,5.920222583558716,5.923269344807872,5.929362867306185,-0.6459683075189033,5.910853769204624,5.904531716099688,5.891887609889818,0.1521746813517115,6.129431122373506,6.341686422437453,6.766197022565347,0.1506717387553142,6.132431502857602,6.347687183405645,6.77819854450173
2022,13,2022_13_NO_TB,TB,3.0,8.068894612986718,1.3840546665185034,8.066172882338638,8.063451151690558,8.058007690394396,2.0651873642699035,8.258375347618458,8.447856082250196,8.826817551513674,0.39895547395542036,8.043590422595907,8.018286232205096,7.967677851423474,0.37170007462475546,8.029119836309965,7.989345059633212,7.909795506279708
2022,13,2022_13_NYJ_MIN,MIN,5.0,7.097623749079763,0.6307521893468101,7.1311982480413425,7.164772747002922,7.231921744926081,0.7289429752778525,7.168288256330788,7.238952763581812,7.380281778083861,0.2987521162531107,7.1931743658060565,7.288724982532349,7.479826215984935,0.3199543643400555,7.23443616604324,7.371248583006716,7.64487341693367
2022,13,2022_13_NYJ_MIN,NYJ,2.0,5.6363779100205145,0.7507179181336336,6.068153048555773,6.499928187091031,7.363478464161548,1.4731924357924835,6.273773519629263,6.9111691292380115,8.18596034845551,0.19534530194122715,5.9713779779065455,6.3063780457925755,6.9763781815646375,0.25377466098202994,6.053796865367654,6.471215820714793,7.306053731409071
2022,13,2022_13_PIT_ATL,ATL,1.0,5.622910933963526,-0.11167569468722778,5.821623472191831,6.020336010420136,6.417761086876746,0.357781614190965,5.961804544711125,6.300698155458724,6.978485376953921,0.18972491470317368,5.954436869547992,6.285962805132458,6.949014676301389,0.1731604138364131,5.940516608027293,6.258122282091059,6.893333630218592
2022,13,2022_13_PIT_ATL,PIT,4.0,6.769639250915664,0.6096814109999604,6.87943321949548,6.989227188075295,7.208815125234926,0.6457391851201966,6.899782059632178,7.029924868348694,7.2902104857817225,0.2576226886074754,6.897125148410698,7.024611045905733,7.2795828408958005,0.23688110487465863,6.882120420811617,6.99460159070757,7.2195639304994765
2022,13,2022_13_SEA_LA,LA,8.0,5.122258633282777,-1.7257520129064812,5.003627484191801,4.8849963351008245,4.647734036918873,-1.7893120547928762,5.005237518860353,4.888216404437929,4.654174175593082,-0.23190259898067567,5.065762066195735,5.009265499108693,4.89627236493461,-0.23042502200784257,5.0484691194972715,4.974679605711766,4.827100578140755
2022,13,2022_13_SEA_LA,SEA,8.0,8.496835670655367,1.2126890028085113,8.340147957148119,8.18346024364087,7.870084816626374,0.9314811498646647,8.27251103198741,8.048186393319451,7.599537115983536,0.38212157454144485,8.344056769315289,8.19127786797521,7.885720065295051,0.34763825659786535,8.319278356366844,8.14172104207832,7.786606413501274
2022,13,2022_13_TEN_PHI,PHI,10.0,8.128746041151517,0.9530522298756672,7.9929000687054685,7.85705409625942,7.585362151367322,0.2682713135648109,7.8169562921940745,7.50516654323663,6.8815870453217425,0.27578743893470953,7.938564538015544,7.74838303487957,7.368020028607622,0.26774573738406704,7.940954865087425,7.753163689023332,7.3775813368951475
2022,13,2022_13_TEN_PHI,TEN,-2.0,4.82396116685138,-1.0518754741578555,4.9646508688518685,5.105340570852356,5.386719974853332,-1.9733441010928199,4.731708982878686,4.639456798905991,4.454952430960601,-0.3468719839337204,4.7021035296742095,4.580245892497038,4.336530618142695,-0.3282634191555872,4.699520409434533,4.575079652017685,4.326198137183989
2022,13,2022_13_WAS_NYG,NYG,8.0,6.21126890663231,0.14944203244440446,6.33447862870328,6.45768835077425,6.704107794916189,-0.46315548823801267,6.180899053608599,6.150529200584887,6.089789494537464,0.18595859862373113,6.391121162698277,6.570973418764244,6.930677930896178,0.1880324706995249,6.400820174473148,6.590371442313987,6.969473977995664
2022,13,2022_13_WAS_NYG,WAS,7.0,7.626774872617853,1.1614612120094103,7.673558014123927,7.720341155630001,7.813907438642148,0.6017964243828955,7.530741345169089,7.434707817720324,7.242640762822795,0.32411232230044745,7.620904982468563,7.615035092319271,7.603295312020689,0.3041923763805849,7.611125378515312,7.59547588441277,7.564176896207687
2022,14,2022_14_BAL_PIT,BAL,11.0,6.671298913312515,0.4224939648377825,6.792194452895799,6.913089992479085,7.154881071645656,0.34564513373459804,6.794999996997246,6.918701080681979,7.166103248051443,0.22829660515905298,6.844599898376021,7.017900883439529,7.364502853566542,0.22338897881744163,6.855328336643778,7.03935775997504,7.407416606637566
2022,14,2022_14_BAL_PIT,PIT,3.0,7.636778102775121,1.2390908181914864,7.744401123209186,7.85202414364325,8.06727018451138,0.879792314001971,7.673910943472337,7.7110437841695525,7.7853094655639845,0.3572902875063683,7.744780074765952,7.852782046756784,8.068785990738446,0.29537874112368084,7.683527426507287,7.730276750239453,7.823775397703784
2022,14,2022_14_CAR_SEA,CAR,7.0,5.650964366362135,-0.8650606103531174,5.667295213216642,5.683626060071149,5.716287753780163,-1.0407227375704335,5.627964879460745,5.604965392559353,5.558966418756571,-0.14865299113508082,5.564829130673409,5.478693894984682,5.306423423607229,-0.15978148886313032,5.536052841598,5.4211413168338645,5.191318267305593
2022,14,2022_14_CAR_SEA,SEA,1.0,7.452139211602726,0.3140759517295332,7.347540634251477,7.242942056900227,7.033744902197728,0.1700469598901054,7.329739995583542,7.207340779564358,6.96254234752599,0.24484884414745733,7.45282321074314,7.453507209883553,7.45487520816438,0.23523510891855054,7.458086830582449,7.46403444956217,7.4759296875216155
2022,14,2022_14_CLE_CIN,CIN,8.0,6.65815671834431,0.01871499840731622,6.6695515733335995,6.680946428322889,6.703736138301467,0.0853523548803156,6.709707725069808,6.761258731795303,6.864360745246297,0.16943923004203393,6.754405486689565,6.85065425503482,7.04315179172533,0.1695896902578975,6.76768352295019,6.877210327556067,7.0962639367678255
2022,14,2022_14_CLE_CIN,CLE,4.0,4.697685564299183,-1.927900804289997,4.655456501589645,4.613227438880107,4.52876931346103,-1.9071041501893322,4.661919196700845,4.626152829102508,4.554620093905832,-0.44651949571048044,4.4432951634363524,4.188904762573521,3.6801239608478586,-0.4238634234236979,4.43925876972426,4.180831975149337,3.6639783859994894
2022,14,2022_14_HOU_DAL,DAL,4.0,10.966919267396364,3.0706140717796426,10.753600284621093,10.540281301845823,10.113643336295285,3.2019660124336635,10.844507541841674,10.722095816286984,10.477272365177607,0.49126087180180217,10.425249987926277,9.88358070845619,8.800242149516015,0.45137991339292793,10.406694745830734,9.846470224265104,8.726021181133843
2022,14,2022_14_HOU_DAL,HOU,7.0,2.8990286201678743,-2.3135679393964987,3.1987366776517665,3.4984447351356582,4.097860850103443,-2.7890528072828227,3.0573283537747282,3.2156280873815817,3.5322275545952895,-0.4553942561804116,3.082188792033447,3.2653489638990205,3.6316693076301663,-0.43690080137032955,3.0714153711017507,3.2438021220356266,3.588575623903379
2022,14,2022_14_JAX_TEN,JAX,12.0,6.341414212768458,-0.2653554689008515,6.352646237017016,6.363878261265574,6.38634230976269,-0.01455578278105205,6.443196401164906,6.544978589561353,6.748542966354249,0.22811998832610864,6.596945298647672,6.852476384526884,7.363538556285311,0.2018414506927805,6.576759329980341,6.812104447192224,7.28279468161599
2022,14,2022_14_JAX_TEN,TEN,-4.0,6.813111518354361,0.3573306233986027,6.880352047631659,6.9475925769089555,7.08207363546355,0.059371745213013444,6.818394367076319,6.823677215798276,6.834242913242191,0.28937828658623,7.034333199303345,7.255554880252328,7.697998242150295,0.25451676513169913,7.006695327133089,7.200279135911817,7.587446753469272
2022,14,2022_14_KC_DEN,DEN,7.0,3.659226654982183,-3.119906113439914,3.5436534482567685,3.4280802415313536,3.196933828080524,-3.185801948481086,3.5124947438289924,3.3657628326758013,3.07229901036942,-0.4515263468440218,3.6576168467074357,3.656007038432688,3.6527874218831924,-0.42365690966160496,3.660713185125809,3.662199715269434,3.665172775556685
2022,14,2022_14_KC_DEN,KC,15.0,8.748606509967349,1.8994960601231194,8.762741224418347,8.776875938869345,8.805145367771344,1.4780383159550687,8.681160325965948,8.613714141964545,8.47882177396174,0.4567290598858686,8.714380993606216,8.680155477245085,8.611704444522822,0.3983888540629611,8.666340625571511,8.584074741175673,8.419542972383999
2022,14,2022_14_LV_LA,LA,5.0,4.942980012319088,-2.1160949670936335,4.786859689155485,4.630739365991882,4.318498719664676,-2.14348453152566,4.777384475058345,4.611788937797602,4.280597863276115,-0.4063314820067695,4.682120895933244,4.4212617795474,3.8995435467757127,-0.3860167441826843,4.677951961772353,4.412923911225616,3.882867810132144
2022,14,2022_14_LV_LA,LV,7.0,7.997028954379924,0.5973385105893466,7.835330728094072,7.67363250180822,7.350236049236517,0.6758183159017983,7.884985240289094,7.772941526198265,7.548854098016605,0.2985024667186046,7.934725386653378,7.872421818926832,7.747814683473741,0.30208830324091457,7.963416893157463,7.929804831935003,7.862580709490083
2022,14,2022_14_MIA_LAC,LAC,3.0,4.378600737637983,-1.9896556811021866,4.398893097615763,4.419185457593542,4.459770177549101,-1.8858377169638652,4.428768816053571,4.478936894469158,4.5792730513003335,-0.33359905947579876,4.358113043594182,4.337625349550381,4.296649961462777,-0.3245437718258684,4.3435510207009544,4.308501303763926,4.238401869889869
2022,14,2022_14_MIA_LAC,MIA,4.0,5.418770927448838,-0.9110620212711196,5.480300713192709,5.541830498936581,5.664890070424324,-0.7250799879446586,5.545296438317369,5.6718219491859,5.924872970922962,-0.19247485385418486,5.330869108634435,5.242967289820032,5.067163652191226,-0.1760284341349046,5.338416371848702,5.258061816248567,5.097352705048296
2022,14,2022_14_MIN_DET,DET,8.0,5.608481645727335,-1.3157176976668095,5.509552630092072,5.410623614456808,5.2127655831862825,-0.9758151499555989,5.614913750705046,5.621345855682758,5.634210065638181,-0.22975797195496442,5.42226230742683,5.236042969126324,4.863604292525314,-0.1780278564523285,5.477808454148482,5.347135262569628,5.085788879411921
2022,14,2022_14_MIN_DET,MIN,-1.0,4.038044834305044,-2.3598912170680735,4.040059511447842,4.042074188590639,4.046103542876233,-2.2714475847634183,4.061598032829985,4.085151231354926,4.132257628404808,-0.26579538660007984,4.195245190157101,4.352445546009157,4.666846257713272,-0.2528845385264476,4.191745880452189,4.345446926599335,4.652849018893625
2022,14,2022_14_NE_ARI,ARI,3.0,5.766205091210104,-0.4445066119642635,5.871197703972631,5.976190316735158,6.186175542260211,0.14867232210488826,6.059094807104049,6.351984522997994,6.9377639547858845,0.15623593880132658,6.067419846182071,6.36863460115404,6.971064111097975,0.16681361828790908,6.094705891689465,6.423206692168826,7.080208293127549
2022,14,2022_14_NE_ARI,NE,14.0,6.523573242634469,1.4034690528090557,6.955412702685205,7.387252162735942,8.250931082837416,0.9151715993755711,6.849260592909897,7.174947943185327,7.826322643736184,0.2750145011132708,6.797573548039102,7.071573853443734,7.619574464253001,0.2603242966587966,6.797938706012848,7.072304169391228,7.621035096147987
2022,14,2022_14_NYJ_BUF,BUF,12.0,8.355209517774178,1.6404117741183655,8.395324329910439,8.4354391420467,8.515668766319223,1.0967130856668537,8.275600459782591,8.195991401791005,8.036773285807834,0.38484445251317184,8.321213876726285,8.287218235678392,8.219226953582606,0.39189446281880874,8.361902668150112,8.368595818526048,8.381982119277918
2022,14,2022_14_NYJ_BUF,NYJ,8.0,4.268119550754473,-2.552077926108983,4.158932675698189,4.049745800641906,3.831372050529339,-2.026178612857779,4.3052356362491135,4.342351721743755,4.416583892733039,-0.3691058550909169,4.226786916701183,4.185454282647893,4.1027890145413135,-0.36282006095677927,4.205346603352978,4.142573655951484,4.017027761148495
2022,14,2022_14_PHI_NYG,NYG,2.0,4.561306693627143,-2.795495428891172,4.310830032846839,4.060353372066536,3.559400050505928,-3.2717460183368736,4.164147263993515,3.7669878343598873,2.9726689750926307,-0.49584013645387237,4.273690473957213,3.9860742542872822,3.410841814947421,-0.46238548692682463,4.281275725392776,4.001244757158408,3.4411828206896726
2022,14,2022_14_PHI_NYG,PHI,9.0,8.378593846474901,1.3011801186445229,8.318106128403329,8.257618410331759,8.136642974188614,0.4190578169460037,8.096746976077506,7.8149001056801115,7.251206364885322,0.3512119891517118,8.292845268791988,8.207096691109074,8.035599535743247,0.3281553194884732,8.287280752555233,8.195967658635563,8.013341470796227
2022,14,2022_14_TB_SF,SF,10.0,7.695052858211828,0.20358774687227307,7.498863567082772,7.302674275953715,6.910295693695601,0.542243856293793,7.619791863982425,7.544530869753022,7.394008881294215,0.30055761680434606,7.711048505299844,7.727044152387858,7.759035446563889,0.3222472282924399,7.766082526881368,7.837112195550906,7.979171532889984
2022,14,2022_14_TB_SF,TB,-2.0,6.277663544481226,0.351466957715467,6.477128189028769,6.676592833576311,7.075522122671398,0.5769645040978794,6.566812293029519,6.855961041577812,7.434258538674399,0.17424748532980303,6.475598666313431,6.673533788145637,7.069404031810047,0.17420116068504957,6.488981348454998,6.700299152428769,7.122934760376313
2022,15,2022_15_ARI_DEN,ARI,11.0,7.312902207273551,0.6703260225205382,7.299401500253669,7.28590079323379,7.258899379194029,1.2062088943656861,7.470705849631025,7.628509491988501,7.94411677670345,0.2942910978931303,7.339146608283397,7.365391009293244,7.417879811312939,0.25945578714665907,7.311423772918179,7.309945338562808,7.306988469852065
2022,15,2022_15_ARI_DEN,DEN,10.0,6.724543969812843,0.4813973401419668,6.803652389852779,6.882760809892714,7.040977649972584,0.6695715779603544,6.883449914989008,7.042355860165173,7.360167750517502,0.3361441562778096,6.9540093357568225,7.183474701700803,7.6424054335887615,0.2683503473082339,6.882636299804325,7.040728629795807,7.356913289778771
2022,15,2022_15_ATL_NO,ATL,4.0,5.4162079620531385,-1.7608915487672658,5.1758025965329555,4.935397231012772,4.454586499972406,-1.666435886317869,5.2667085189299,5.117209075806662,4.818210189560186,-0.30279991221548447,5.115834800767601,4.815461639482063,4.214715316910988,-0.3212471781573356,5.074037304549829,4.73186664704652,4.0475253320399
2022,15,2022_15_ATL_NO,NO,7.0,7.478598249039566,0.6148417536593783,7.407673806625642,7.336749364211718,7.19490047938387,0.6624788956870598,7.447061125294881,7.415524001550196,7.352449754060825,0.31788367396341094,7.495059922394119,7.511521595748671,7.544444942457776,0.2963688429271331,7.487493690515527,7.496389131991487,7.514180014943409
2022,15,2022_15_BAL_CLE,BAL,7.0,6.345434958650793,0.8380668551178074,6.622171660353029,6.8989083620552645,7.4523817654597355,0.32616740610115974,6.5056982035062045,6.665961448361614,6.986487938072434,0.24241256827548768,6.543969063268513,6.74250316788623,7.139571377121668,0.22714585694787845,6.540484741351516,6.7355345240522375,7.1256340894536825
2022,15,2022_15_BAL_CLE,CLE,16.0,7.346685297022799,1.3260237929233758,7.513819149590724,7.680953002158647,8.015220707294494,0.5473924086043892,7.3168181887619,7.286951080501,7.2272168639792,0.34532687877839974,7.432930778130443,7.519176259238085,7.691667221453372,0.29266274678454696,7.383358433159927,7.420031569297054,7.4933778415713075
2022,15,2022_15_CIN_TB,CIN,9.0,5.897655285511489,0.20331261262240113,6.103295955318643,6.308936625125796,6.720217964740103,-0.17161246637999572,6.03444700308219,6.171238720652891,6.444822155794292,0.23267170568172044,6.195070309510614,6.492485333509739,7.087315381507988,0.25496455462421486,6.243686303269801,6.589717321028113,7.281779356544737
2022,15,2022_15_CIN_TB,TB,3.0,5.0641874638778726,-1.4578673151593413,4.999168826573945,4.934150189270017,4.804112914662163,-1.2699823277997386,5.110544697150724,5.156901930423574,5.249616396969277,-0.3513612352454254,4.786691204177982,4.509194944478091,3.9542024250783094,-0.3289566587813787,4.799203677264125,4.534219890650377,4.004252317422882
2022,15,2022_15_DAL_JAX,DAL,6.0,6.6781326518151385,0.04873158328949966,6.644078211040648,6.61002377026616,6.541914888717182,0.3549920472293199,6.763062952439146,6.847993253063153,7.017853854311168,0.1713407948930247,6.698174124862485,6.718215597909833,6.758298544004527,0.17567117458766823,6.717776664172902,6.757420676530668,6.836708701246196
2022,15,2022_15_DAL_JAX,JAX,12.0,4.182307349554493,-2.207897246380692,4.121476308855194,4.060645268155896,3.9389831867572984,-2.2765582891494995,4.175304859710298,4.168302369866103,4.154297390177712,-0.3826040567684333,4.083379676731765,3.984452003909036,3.7865966582635795,-0.3829470062948146,4.062032161826811,3.941756974099129,3.7012065986437657
2022,15,2022_15_DET_NYJ,DET,13.0,6.095844709962364,0.2887702514269479,6.276581021465559,6.4573173329687545,6.818789955975144,0.5281268986158769,6.373446743297511,6.651048776632658,7.206252843302952,0.21108101960085715,6.314755938255324,6.533667166548284,6.971489623134203,0.22456417485669253,6.349669334566594,6.603493959170825,7.111143208379285
2022,15,2022_15_DET_NYJ,NYJ,1.0,5.904561092811307,-0.6650277940791898,5.858076270532791,5.8115914482542745,5.718621803697241,-0.6271161021730765,5.915710775157417,5.926860457503526,5.949159822195745,0.11345411894102689,6.040360496294674,6.176159899778041,6.447758706744774,0.14819080914855065,6.0990364395663725,6.293511786321437,6.6824624798315675
2022,15,2022_15_IND_MIN,IND,23.0,5.452444201233911,-1.5506284594383772,5.2636123059308115,5.074780410627712,4.697116620021513,-1.7569302810412903,5.269267528809488,5.086090856385064,4.719737511536216,-0.24867860888287321,5.2155969941170675,4.978749787000222,4.505055372766533,-0.26174879800528056,5.184705006824179,4.916965812414444,4.381487423594979
2022,15,2022_15_IND_MIN,MIN,4.0,5.921000063522654,0.3234513855532252,6.15544836422983,6.389896664937006,6.858793266351358,0.3196867881389681,6.185609039524097,6.450218015525541,6.979435967528428,0.2917223513863604,6.2917749152711915,6.66254976701973,7.404099470516805,0.31696065490580955,6.348190311130011,6.775380558737369,7.629761053952085
2022,15,2022_15_KC_HOU,HOU,5.0,2.3984344159931013,-3.415512424863576,2.435337575852482,2.4722407357118623,2.546047055430623,-3.764259887444461,2.4326845941929527,2.4669347723928046,2.535435128792508,-0.459581510761654,2.64223633985118,2.886038263709259,3.3736421114254167,-0.42164240024602756,2.669828526691197,2.941222637389293,3.484010858785485
2022,15,2022_15_KC_HOU,KC,3.0,9.11375314851875,1.9285821357893767,9.012876815612756,8.91200048270676,8.710247816894771,2.4387245230593373,9.156638620037125,9.199524091555498,9.285295034592245,0.43690498933900784,8.881052035526169,8.648350922533588,8.182948696548426,0.4295655173291794,8.90076680216172,8.68778045580469,8.26180776309063
2022,15,2022_15_LA_GB,GB,11.0,9.007938314268577,1.3894010218424446,8.778034691439917,8.548131068611257,8.088323822953937,1.2688377968354843,8.75902054797163,8.510102781674686,8.012267249080795,0.3818439873130808,8.727845615013399,8.447752915758223,7.887567517247869,0.3687879203284235,8.736120104992178,8.464301895715781,7.920665477162984
2022,15,2022_15_LA_GB,LA,7.0,4.933311684024952,-1.773656279937754,4.80994948544226,4.686587286859568,4.439862889694186,-2.2474738095237767,4.746470276301229,4.559628868577507,4.185946053130062,-0.1197481360311525,4.999163253026886,5.06501482202882,5.196717960032688,-0.11022476826092241,5.007980238969959,5.0826487939149665,5.231985903804981
2022,15,2022_15_MIA_BUF,BUF,1.0,8.405563012761021,1.2027675344708995,8.272434637067727,8.139306261374433,7.873049509987846,0.5935962336389986,8.123545802096825,7.841528591432626,7.277494170104231,0.3363650064256083,8.215069812074063,8.024576611387104,7.643590210013186,0.27728804331184115,8.155942316947653,7.9063216211342855,7.40708022950755
2022,15,2022_15_MIA_BUF,MIA,3.0,5.27726347190344,-1.7173444315883224,5.08415169631892,4.8910399207344,4.50481636956536,-1.7970686357118457,5.1269627108226254,4.9766619497418105,4.676060427580182,-0.4172200854530172,4.858171335794577,4.439079199685714,3.6008949274679867,-0.39420733936061714,4.867448300803539,4.457633129703638,3.6380027875038357
2022,15,2022_15_NE_LV,LV,5.0,6.036627588269363,-0.012877342957078292,6.145183551186519,6.253739514103675,6.470851439937985,0.26546680745856127,6.257579634983566,6.478531681697768,6.9204357751261725,0.15062035635493365,6.18925602376783,6.341884459266296,6.647141330263229,0.17318980648732335,6.233165910876329,6.429704233483292,6.8227808786972215
2022,15,2022_15_NE_LV,NE,10.0,6.12513566701175,0.6841926409526624,6.412575243421795,6.700014819831841,7.274893972651931,0.3854350203954793,6.356596945273799,6.588058223535849,7.050980780059947,0.23655885753198408,6.370893865715377,6.616652064419005,7.108168461826261,0.2234836888853337,6.3701213709300015,6.615107074848254,7.105078482684758
2022,15,2022_15_NYG_WAS,NYG,11.0,5.924459501303779,-0.22104597873949478,6.001028923189007,6.077598345074236,6.230737188844692,-0.8882307623318231,5.859600734801412,5.794741968299046,5.665024435294313,0.009704561478979712,5.916140146603173,5.907820791902568,5.891182082501357,0.020335691377431644,5.934548796255322,5.9446380912068655,5.964816681109952
2022,15,2022_15_NYG_WAS,WAS,1.0,8.157109433061617,1.3457931561643648,8.127338045391387,8.097566657721154,8.038023882380692,0.36622246006958786,7.875350669111869,7.593591905162121,7.030074377262626,0.3026965661473865,7.983575056783754,7.810040680505891,7.462971927950163,0.28223861704611275,7.976548976584955,7.795988520108294,7.434867607154971
2022,15,2022_15_PHI_CHI,CHI,7.0,3.522563005496103,-2.620175876497125,3.50778129568124,3.492999585866377,3.463436166236651,-2.900578795466843,3.5107375503276117,3.4989120951591204,3.4752611848221373,-0.4962887108905485,3.43610276588742,3.349642526278737,3.1767220470613706,-0.465679151025032,3.451130826869283,3.3796986482424627,3.236834290988822
2022,15,2022_15_PHI_CHI,PHI,9.0,7.920881210678979,0.20066279061815637,7.6199512830923215,7.319021355505663,6.717161500332348,-0.3292948964596912,7.508970389100491,7.0970595675220025,6.273237924365027,0.2525937104424665,7.73920823399747,7.557535257315962,7.194189303952944,0.22374046240020395,7.717290843616153,7.5137004765533275,7.106519742427676
2022,15,2022_15_PIT_CAR,CAR,1.0,7.931571787963117,0.8848070561920738,7.8252525235895085,7.718933259215899,7.506294730468682,0.5612082035268426,7.759241517171226,7.586911246379334,7.242250704795551,0.25859383678858877,7.75527326168669,7.578974735410262,7.226377682857407,0.23758671565879194,7.744738396707662,7.557905005452206,7.184238222941294
2022,15,2022_15_PIT_CAR,PIT,5.0,7.080854771975016,0.8448420499900536,7.1756902498749575,7.270525727774899,7.460196683574782,0.7092890746366927,7.1614877970450515,7.242120822115087,7.403386872255158,0.2660934362018102,7.12729361904257,7.173732466110124,7.266610160245232,0.25610729522979203,7.1326894577506605,7.184524143526305,7.2881935150775945
2022,15,2022_15_SF_SEA,SEA,1.0,5.15615720324252,-0.9862322962337526,5.204149195311505,5.25214118738049,5.3481251715184595,-1.1843115470347394,5.202827951275059,5.249498699307598,5.342840195372674,0.09416186224552113,5.453183687777511,5.750210172312501,6.344263141382483,0.0964084376249656,5.465070413513946,5.773983623785372,6.391810044328224
2022,15,2022_15_SF_SEA,SF,9.0,7.102076304685987,0.7718220841280636,7.170549992000905,7.239023679315823,7.375971053945659,1.7193610946713023,7.452184768953748,7.8022932332215085,8.50251016175703,0.21924823461083343,7.080383129115081,7.0586899535441745,7.015303602402362,0.1941061798756427,7.061603145580298,7.021129986474609,6.940183668263231
2022,15,2022_15_TEN_LAC,LAC,7.0,6.867058596137635,0.1505639116077843,6.81513755554328,6.763216514948924,6.659374433760213,-0.4692860330417844,6.6805201243584005,6.493981652579166,6.120904709020696,0.1971639184833219,6.87450137409377,6.881944152049904,6.896829707962174,0.19214500491947245,6.882587864498648,6.898117132859659,6.929175669581683
2022,15,2022_15_TEN_LAC,TEN,8.0,4.489192646784828,-1.2468383380445727,4.628776099049748,4.768359551314669,5.04752645584451,-1.6269044675937496,4.582201192114047,4.675209737443266,4.861226828101704,-0.23287492712738553,4.514353502643538,4.539514358502249,4.589836070219668,-0.24972345141666283,4.479140791552853,4.469088936320876,4.448985225856925
2022,16,2022_16_ATL_BAL,ATL,3.0,5.596277177896854,-0.8137199221508656,5.620641578869106,5.6450059798413585,5.693734781785863,-0.6466322412529709,5.7048180532670045,5.813358928637156,6.030440679377456,0.05712990847413012,5.767119119722276,5.937961061547698,6.279644945198542,0.030526513213057032,5.745653854027166,5.895030530157479,6.193783882418105
2022,16,2022_16_ATL_BAL,BAL,8.0,9.202700095669396,0.9570976427867423,8.841270961762465,8.479841827855534,7.756983560041673,0.7679313100428644,8.821120868257896,8.439541640846397,7.676383186023395,0.31413035428631997,8.87376558158609,8.544831067502784,7.886962039336174,0.2821251490424546,8.85351487194707,8.504329648224745,7.805959200780094
2022,16,2022_16_BUF_CHI,BUF,10.0,9.071960916219314,1.5692167735151377,8.921517559956673,8.771074203694031,8.470187491168746,0.8852470252843008,8.75719272038776,8.442424524556206,7.812888132893095,0.33848652955829917,8.813792937225426,8.555624958231535,8.039289000243755,0.29054821599850805,8.768953665300137,8.465946414380959,7.859931912542601
2022,16,2022_16_BUF_CHI,CHI,3.0,5.237470290470301,-1.6769349035466352,5.10009503235156,4.96271977423282,4.687969257995339,-1.6926453210323047,5.1314357506007635,5.025401210731227,4.813332130992151,-0.2382867051023413,5.036119645571368,4.834769000672436,4.43206771087457,-0.24316383872121466,5.038115438603077,4.838760586735853,4.440050883001405
2022,16,2022_16_CIN_NE,CIN,10.0,6.932060053555869,0.12828303979007324,6.896869855684293,6.861679657812717,6.791299262069566,0.2260362520427937,6.960507743891833,6.9889554342277975,7.045850814899725,0.24286275993465273,7.059356149268298,7.186652244980728,7.441244436405587,0.23078419024614152,7.068290131125325,7.204520208694782,7.476980363833695
2022,16,2022_16_CIN_NE,NE,14.0,6.21394588337976,0.4339628820617779,6.447324111887838,6.680702340395915,7.14745879741207,0.24214222377805197,6.4266072192135235,6.639268555047288,7.064591226714815,0.18948168982773986,6.437307333260173,6.660668783140586,7.107391682901412,0.18167498475595428,6.451034910617021,6.688123937854282,7.162301992328804
2022,16,2022_16_DEN_LA,DEN,-4.0,8.533505505576473,1.5009636696382664,8.497794912022867,8.462084318469259,8.390663131362047,1.7286603580470548,8.598693595729753,8.66388168588303,8.794257866189588,0.3172113439713674,8.376686875200551,8.219868244824628,7.906230984072781,0.3071042688145671,8.391633773096876,8.249762040617277,7.966018575658081
2022,16,2022_16_DEN_LA,LA,21.0,7.315296075062401,0.6068518295537154,7.323696673682826,7.332097272303251,7.348898469544101,0.5457570120972748,7.3409390631420735,7.366582051221746,7.417868027381091,0.27901740103958994,7.403312223642365,7.491328372222329,7.667360669382256,0.304888576829832,7.4744273129907715,7.633558550919142,7.951821026775883
2022,16,2022_16_DET_CAR,CAR,4.0,5.145459234811902,-0.2667167605381793,5.441861813976047,5.738264393140191,6.331069551468479,-0.4791132170425914,5.415434588035854,5.685409941259806,6.225360647707709,0.10957910845389113,5.511011838929866,5.87656444304783,6.607669651283757,0.11709451139535487,5.546216416924608,5.946973599037314,6.748487963262725
2022,16,2022_16_DET_CAR,DET,-4.0,7.423616830661798,0.8577681219776557,7.478025335965841,7.532433841269885,7.641250851877971,1.1714602790028061,7.604191884187424,7.7847669377130515,8.145917044764305,0.2775911492192028,7.482322795249678,7.541028759837557,7.658440689013317,0.2641571039097894,7.490418842164983,7.557220853668169,7.69082487667454
2022,16,2022_16_GB_MIA,GB,11.0,5.727706588264745,-1.3745118728217076,5.555863479916983,5.384020371569221,5.0403341548736975,-1.3122154878625303,5.6097770781921685,5.491847568119592,5.2559885479744395,-0.3441156389050417,5.238329593347039,4.748952598429334,3.7701986085939216,-0.36513370325109096,5.210405269911979,4.693103951559213,3.6585013148536802
2022,16,2022_16_GB_MIA,MIA,4.0,5.893062385250126,0.5033964412744364,6.226886426908232,6.560710468566339,7.228358551882552,0.22601602911897903,6.181253609969966,6.4694448346898055,7.045827284129485,0.11697442812513956,6.083277045245677,6.273491705241229,6.653921025232332,0.1593753710610652,6.174649829016998,6.45623727278387,7.019412160317614
2022,16,2022_16_HOU_TEN,HOU,11.0,7.998951318436337,0.8770207939601217,7.915134212008032,7.831317105579727,7.663682892723117,0.5026845169580407,7.841151039051078,7.683350759665819,7.367750200895301,0.30182780877755405,7.951718534268273,7.904485750100209,7.810020181764082,0.2762261798725793,7.941253543330988,7.883555768225639,7.768160218014942
2022,16,2022_16_HOU_TEN,TEN,4.0,8.780996230156404,1.8062261396909176,8.772331265120854,8.763666300085303,8.746336370014202,1.7598744861136617,8.793391588267314,8.805786946378223,8.830577662600044,0.32846713679501843,8.579903748237088,8.378811266317774,7.976626302479143,0.31571833341345196,8.591050959650504,8.401105689144604,8.021215148132802
2022,16,2022_16_JAX_NYJ,JAX,14.0,7.244683452863543,0.39239963219361523,7.208270547147534,7.171857641431526,7.099031829999507,0.5190873770537643,7.280221605359439,7.315759757855336,7.386836062847128,0.2872684989367921,7.363253639960237,7.481823827056932,7.71896420125032,0.25023214000163607,7.333911967755926,7.423140482648307,7.601597512433072
2022,16,2022_16_JAX_NYJ,NYJ,4.0,7.204311186784516,-0.19855919457490168,7.005854039167593,6.807396891550669,6.410482596316821,-0.41640450132440565,6.97781503375065,6.751318880716784,6.298326574649051,0.1792241912717631,7.164043349556504,7.123775512328491,7.043239837872465,0.14915954000629472,7.141721366592661,7.079131546400804,6.953951906017092
2022,16,2022_16_LAC_IND,IND,9.0,5.289815538342101,-0.7211687141471657,5.417754106928948,5.545692675515795,5.801569812689491,-1.3754210789117687,5.262972771813404,5.236130005284708,5.182444472227315,-0.05513579347470051,5.361741500161675,5.4336674619812495,5.577519385620398,-0.0828314794911299,5.334215862769965,5.37861618719783,5.467416836053558
2022,16,2022_16_LAC_IND,LAC,20.0,6.562065733390397,0.42159546289851246,6.704811558497324,6.8475573836042525,7.133049033818109,0.3614956078660505,6.722416085590021,6.8827664377896465,7.203467142188895,0.2313434014489853,6.7638494853216695,6.965633237252943,7.36920074111549,0.2623668351804789,6.841387630988276,7.120709528586155,7.679353323781913
2022,16,2022_16_LV_PIT,LV,6.0,6.118000054023836,0.4591850516450772,6.3827115738429665,6.6474230936620975,7.176846133300359,0.3490904080764125,6.385758249126565,6.653516444229293,7.189032834434751,0.19425803489661175,6.372815945445004,6.627631836866173,7.137263619708509,0.18559061091847168,6.3853481042623805,6.652696154500926,7.1873922549780165
2022,16,2022_16_LV_PIT,PIT,13.0,8.020172203306531,1.0520482324014702,7.982032703547028,7.943893203787524,7.867614204268516,0.99878610293495,8.001378827674328,7.982585452042123,7.944998700777715,0.261684260372641,7.904868342236655,7.789564481166778,7.558956759027024,0.28298609221068566,7.9679981248252,7.915824046343867,7.811475889381203
2022,16,2022_16_NO_CLE,CLE,3.0,9.449406001027032,1.6154352574584354,9.218064114222056,8.98672222741708,8.524038453807128,0.5585427241203128,8.94524077262792,8.441075544228807,7.432745087430583,0.29860349327071894,9.034518215042928,8.619630429058823,7.789854857090613,0.2786473601692669,9.032973120734784,8.616540240442538,7.783674479858043
2022,16,2022_16_NO_CLE,NO,8.0,7.363046340500425,1.1834367090931244,7.527459769208927,7.691873197917429,8.020700055334434,0.5475345721157092,7.377268840719782,7.3914913409391385,7.419936341377853,0.33817185918358134,7.531615007192145,7.700183673883865,8.037321007267305,0.3000918807716888,7.5025560326141445,7.642065724727863,7.921085108955301
2022,16,2022_16_NYG_MIN,MIN,9.0,6.437566967426457,0.39624310416188396,6.604052727934166,6.770538488441876,7.103510009457294,-0.32026198432885655,6.43072398588691,6.423881004347365,6.410195041268272,0.24301658468116205,6.688726845095049,6.9398867227636405,7.442206478100824,0.22227278300546643,6.683785623485606,6.930004279544755,7.422441591663053
2022,16,2022_16_NYG_MIN,NYG,4.0,5.10806230632766,-2.3780805504191256,4.798805992809378,4.489549679291096,3.871037052254531,-1.8296518569121945,4.994525617926286,4.8809889295249125,4.653915552722165,-0.3744225904919583,4.726210392734841,4.3443584791420236,3.5806546519563875,-0.3766193354015735,4.727272860260263,4.346483414192868,3.584904522058076
2022,16,2022_16_PHI_DAL,DAL,7.0,6.126410852504175,0.08430407063785413,6.279822550796179,6.433234249088183,6.740057645672191,-0.13759796208038233,6.250492454894939,6.374574057285704,6.6227372620672345,0.12859431289486176,6.276456495904153,6.426502139304132,6.72659342610409,0.10549614841327197,6.263350344902571,6.400289837300967,6.67416882209776
2022,16,2022_16_PHI_DAL,PHI,10.0,4.9436446752369205,-2.071416308826793,4.764819393860787,4.585994112484654,4.228343549732388,-1.4443264627701284,4.983300579781591,5.022956484326261,5.102268293415601,-0.2828665787743299,4.74604822722891,4.548451779220901,4.153258883204882,-0.31048830685448026,4.709897027709511,4.476149380182102,4.008654085127284
2022,16,2022_16_SEA_KC,KC,8.0,7.764100708228229,0.5135443235096783,7.633121092727378,7.502141477226527,7.2401822462248235,1.208053251643142,7.870199405864781,7.976298103501334,8.188495498774438,0.31447047332679634,7.795347829137015,7.8265949500457985,7.889089191863368,0.28489057448321126,7.778995354034702,7.793889999841175,7.823679291454121
2022,16,2022_16_SEA_KC,SEA,1.0,2.833368315142897,-2.9137507612029805,2.9367529230234224,3.040137530903948,3.2469067466649983,-3.192361534683652,2.8921033897398774,2.950838464336857,3.068308613530817,-0.45035469171179004,2.901467377388454,2.969566439634011,3.1057645641251246,-0.4280792940943092,2.9388170279291046,3.0442657407153115,3.2551631662877263
2022,16,2022_16_TB_ARI,ARI,5.0,4.3936434450384585,-2.5428536604795537,4.214995948683204,4.036348452327949,3.6790534596174393,-2.8684411098864375,4.156535690363888,3.919427935689316,3.445212426340174,-0.24965869775988475,4.385468999351765,4.377294553665072,4.360945662291686,-0.2814648676791492,4.3438896722238995,4.294135899409341,4.194628353780222
2022,16,2022_16_TB_ARI,TB,8.0,7.653597473423747,1.132488199376557,7.730532593752464,7.807467714081183,7.961337954738618,1.6094595152670315,7.904087965836638,8.15457845824953,8.655559443075314,0.44763530192522055,7.920678315541097,8.187759157658448,8.721920841893148,0.3779070829155961,7.845124021108832,8.036650568793918,8.41970366416409
2022,16,2022_16_WAS_SF,SF,7.0,8.529280342690608,2.246891855567414,8.711903563071187,8.894526783451767,9.259773224212923,2.22193391411576,8.739014196448018,8.948748050205428,9.368215757720247,0.4084101556808205,8.51611056602023,8.50294078934985,8.476601236009094,0.3504607653933119,8.457919047061367,8.386557751432127,8.243835160173646
2022,16,2022_16_WAS_SF,WAS,1.0,5.426551691438886,-1.2040252876178774,5.379657453773943,5.332763216108999,5.238974740779113,-2.012630442507228,5.180165597508652,4.9337795035784175,4.44100731571795,-0.0492527769858402,5.473491919035601,5.5204321466323165,5.6143126018257465,-0.039642442349381274,5.505953865141404,5.585356038843921,5.744160386248955
2022,17,2022_17_ARI_ATL,ARI,4.0,5.421602811893543,-1.1033018855210428,5.356636634856487,5.291670457819432,5.1617381037453205,-0.7991623452351433,5.485572342140213,5.549541872386884,5.677480932880226,-0.12682438184984343,5.314302172869038,5.207001533844533,4.992400255795524,-0.1330011538102662,5.304498089581707,5.1873933672698715,4.9531839226462
2022,17,2022_17_ARI_ATL,ATL,5.0,7.088642896853949,0.37575664773206396,7.066843525475192,7.045044154096432,7.001445411338916,0.7945350753391167,7.215671881118658,7.342700865383366,7.596758833912783,0.38466592168164393,7.370950942084817,7.6532589873156835,8.217875077777418,0.3163650809690668,7.305842804607893,7.523042712361837,7.957442527869725
2022,17,2022_17_CAR_TB,CAR,6.0,5.296596720491944,-0.9460626040419948,5.311777064149209,5.326957407806473,5.357318095121002,-1.697474145820644,5.121360225493206,4.946123730494468,4.595650740496991,0.09370534137417916,5.568214541914991,5.839832363338038,6.383068006184133,0.0996328126093178,5.599564788290673,5.902532856089402,6.508468991686859
2022,17,2022_17_CAR_TB,TB,8.0,7.686991361281478,0.9155047945485462,7.683444514289034,7.67989766729659,7.672803973311702,1.1243460726998256,7.763730459669468,7.840469558057457,7.993947754833434,0.2535994749399603,7.613084950134727,7.539178538987976,7.391365716694472,0.23384036679136308,7.616673461032138,7.546355560782798,7.405719760284117
2022,17,2022_17_CHI_DET,CHI,-2.0,3.646201159658013,-2.5410074148880066,3.5780176649108135,3.5098341701636144,3.3734671806692154,-3.037869558200226,3.480006508778895,3.3138118578997764,2.9814225561415393,-0.4630753617734526,3.4526484751892,3.2590957907203864,2.871990421782759,-0.4483652910606882,3.4458514937753373,3.2455018278926615,2.84480249612731
2022,17,2022_17_CHI_DET,DET,15.0,5.913646551424666,-0.3944339980521237,5.946098415670278,5.978550279915889,6.043454008407112,0.03125750528153099,6.104622252780532,6.295597954136397,6.677549356848129,-0.01392153627803849,5.861327249906347,5.809007948388029,5.704369345351391,-0.017577043617377632,5.866449191967494,5.8192518325103215,5.724857113595976
2022,17,2022_17_CLE_WAS,CLE,13.0,6.521896704461336,0.8952510634097772,6.803325438071368,7.0847541716814,7.647611638901464,0.5743369811715258,6.724316506761294,6.926736309061253,7.331575913661171,0.32485161781138894,6.851593551676776,7.181290398892216,7.840684093323095,0.2875905778214564,6.832689844660395,7.143482984859453,7.765069265257571
2022,17,2022_17_CLE_WAS,WAS,5.0,6.712161780638934,1.1661311923942177,7.030256907666967,7.348352034695001,7.984542288751067,0.19443226061871438,6.752636209485793,6.793110638332651,6.874059496026369,0.34696522806799307,7.029154648775852,7.346147516912769,7.9801332531866045,0.29613227555237764,6.989665129933934,7.2671684792289355,7.822175177818936
2022,17,2022_17_DAL_TEN,DAL,10.0,10.786436814863013,2.246082440775351,10.421783936676302,10.05713105848959,9.327825302116167,1.722098332576586,10.268281695416466,9.750126575969917,8.713816337076821,0.4783529302155913,10.291994726526362,9.797552638189709,8.808668461516405,0.4223547194216514,10.256337892298987,9.726238969734961,8.66604112460691
2022,17,2022_17_DAL_TEN,TEN,7.0,3.751110235843091,-2.229936469013678,3.7534298379274276,3.755749440011764,3.7603886441804373,-2.3505120508591757,3.7656331940541596,3.7801561522652287,3.809202068687366,-0.40607415500494926,3.621193157530623,3.4912760792181556,3.2314419225932203,-0.40980669011623083,3.588979625385793,3.4268490149284956,3.1025877940139
2022,17,2022_17_DEN_KC,DEN,6.0,2.9345686551992274,-2.8283847996595894,2.9549306509922904,2.975292646785353,3.016016638371479,-2.682635367772414,3.0532336010492243,3.1718985468992207,3.4092284385992135,-0.47919569522989724,2.893510257459144,2.85245185971906,2.770335064238892,-0.4579418285776356,2.8961210200591383,2.8576733849190497,2.7807781146388715
2022,17,2022_17_DEN_KC,KC,8.0,9.441432297753288,1.806931344281193,9.276472484508803,9.111512671264318,8.781593044775349,2.2057616161459945,9.405146327622305,9.36886035749132,9.296288417229352,0.46512366320223775,9.262385289532315,9.083338281311343,8.7252442648694,0.4179202869888804,9.24017285403307,9.03891341031285,8.636394522872411
2022,17,2022_17_IND_NYG,IND,1.0,6.230540448378422,-0.5111004577461057,6.147490331885582,6.0644402153927395,5.898339982407058,-1.0525300900030028,6.015993348818565,5.8014462492587064,5.372352050138992,0.029082147273454463,6.16679333638603,6.103046224393639,5.975552000408856,0.04158086545311397,6.2029953443420105,6.175450240305599,6.120360032232775
2022,17,2022_17_IND_NYG,NYG,14.0,8.238486071968836,1.1511520770826311,8.170342232767943,8.10219839356705,7.965910715165266,1.0476663965538207,8.1542653023603,8.070044532751762,7.901602993534686,0.36651566654267204,8.20471929566762,8.170952519366402,8.10341896676397,0.3886834976070024,8.289097210077863,8.33970834818689,8.440930624404945
2022,17,2022_17_JAX_HOU,HOU,5.0,5.15931921120002,-1.201903105611344,5.129262979908328,5.099206748616636,5.039094286033253,-1.4853714853575566,5.082260505999814,5.005201800799609,4.851084390399198,0.029476343280656656,5.363998861776796,5.568678512353573,5.978037813507125,0.011553410207274737,5.349391933602729,5.539464656005439,5.919610100810857
2022,17,2022_17_JAX_HOU,JAX,11.0,7.324304488979713,0.9116585567896169,7.410233337127722,7.496162185275731,7.668019881571748,1.3304768843996602,7.553775754702521,7.783247020425328,8.242189551870943,0.2850065531376651,7.390583315157589,7.456862141335465,7.589419793691216,0.2797984124724368,7.421471963201483,7.5186394374232535,7.7129743858667945
2022,17,2022_17_LA_LAC,LA,-1.0,5.215643265641615,-1.3826686282996914,5.115295322248896,5.014947378856176,4.8142514920707375,-1.7331777737000744,5.049895731254996,4.884148196868377,4.55265312809514,-0.15157187981128153,5.1208178774037405,5.025992489165866,4.836341712690117,-0.17268546712401917,5.0837006049818765,4.9517579443221384,4.6878726230026615
2022,17,2022_17_LA_LAC,LAC,9.0,8.181441612808602,1.2454501478692173,8.156881739052045,8.132321865295488,8.083202117782374,0.9673933079841806,8.08731388772936,7.993186162650119,7.804930712491636,0.26082062751675755,7.995306845705077,7.809172078601552,7.436902544394502,0.26673369871166547,8.042488620072296,7.90353562733599,7.625629641863378
2022,17,2022_17_MIA_NE,MIA,4.0,6.491299484584817,0.15802916693146507,6.551131607641265,6.610963730697714,6.730627976810609,0.5630882399261343,6.697981898086319,6.904664311587821,7.318029138590823,0.18694615553145327,6.6112365317841135,6.731173578983409,6.971047673382001,0.18780126667205194,6.642955423821411,6.794611363058005,7.097923241531192
2022,17,2022_17_MIA_NE,NE,12.0,7.909645061903112,1.3221322059046228,7.9768793156683575,8.044113569433602,8.178582076964092,1.1019752713657207,7.923985487893235,7.938325913883358,7.967006765863604,0.27712730018372084,7.8171670372226885,7.724689012542266,7.539732963181419,0.2362454011988368,7.787683478501264,7.665721895099416,7.42179872829572
2022,17,2022_17_MIN_GB,GB,23.0,6.907506856176549,0.3174340804498089,6.912855557339508,6.918204258502468,6.928901660828386,0.6797421896761988,7.0452587968929565,7.183010737609364,7.458514619042179,0.1710710091812909,6.898364760598426,6.889222665020304,6.870938473864059,0.24680777884278102,7.053733639442383,7.199960422708218,7.492413989239886
2022,17,2022_17_MIN_GB,MIN,-1.0,4.568720165310115,-2.2118575985440834,4.372259075742563,4.175797986175011,3.7828758070399076,-2.0897753463360966,4.457341457639228,4.345962749968342,4.123205334626569,-0.24336207638386365,4.490917546008423,4.413114926706731,4.257509688103347,-0.22709260282312682,4.507572928476901,4.446425691643688,4.3241312179772615
2022,17,2022_17_NO_PHI,NO,18.0,5.048311107426609,-0.9399919357545349,5.127450584375646,5.206590061324684,5.364869015222759,-1.2158663750422567,5.080145176056691,5.111979244686772,5.175647381946936,0.008448264009317207,5.24759184258184,5.4468725777370715,5.845434048047533,-0.0081723573544183,5.233166474477836,5.418021841529065,5.787732575631519
2022,17,2022_17_NO_PHI,PHI,10.0,8.926729862031504,0.8602860768788498,8.596077622750563,8.265425383469623,7.60412090490774,0.7653582605529324,8.585452749966997,8.24417563790249,7.561621413773478,0.30236026883232453,8.61976062165984,8.312791381288175,7.6988529005448445,0.2830048277103548,8.628650152081999,8.330570442132496,7.734411022233488
2022,17,2022_17_NYJ_SEA,NYJ,3.0,6.034541306839017,-0.022088901963098432,6.1525536075413125,6.270565908243609,6.5065905096482,-0.0786529587384837,6.162202231603662,6.289863156368307,6.545185005897597,0.2585032476317267,6.381478247620249,6.728415188401482,7.422289069963947,0.20628206061139412,6.331275339721202,6.628009372603387,7.2214774383677565
2022,17,2022_17_NYJ_SEA,SEA,17.0,6.625054893300447,0.6242465580981691,6.796422741277742,6.967790589255037,7.310526285209627,0.8163711191716374,6.874555124579661,7.124055355858875,7.623055818417304,0.2729226989645016,6.84709582207828,7.069136750856112,7.513218608411776,0.22534239960104063,6.806017722540531,6.986980551780615,7.348906210260782
2022,17,2022_17_PIT_BAL,BAL,3.0,6.994846845479989,1.4234656493953315,7.322291217723921,7.649735589967855,8.30462433445572,1.250783688027007,7.282689041777438,7.570531238074887,8.146215630669785,0.3194155576495605,7.197736163512387,7.400625481544786,7.806404117609583,0.2690778623349435,7.156460547972744,7.3180742504655,7.641301655451011
2022,17,2022_17_PIT_BAL,PIT,7.0,7.355809287046368,1.4563848882666792,7.60324958838488,7.8506898897233945,8.345570492400421,1.2799562733421954,7.562193954606965,7.768578622167563,8.181347957288757,0.38369764014702873,7.569799230859492,7.783789174672617,8.211769062298867,0.32195454915128047,7.5155597588263205,7.675310230606274,7.9948111741661805
2022,17,2022_17_SF_LV,LV,-2.0,4.048286576095205,-2.6559809255406095,3.843829658782353,3.6393727414695007,3.2304589068437957,-2.767364913950546,3.863012251806757,3.677737927518308,3.3071892789414106,-0.49507657455779724,3.7037623601646925,3.359238144234179,2.670189712373153,-0.46728393301228105,3.715795193644242,3.3833038111932785,2.7183210462913516
2022,17,2022_17_SF_LV,SF,3.0,9.127092240864693,1.744626507576356,9.021343180985316,8.91559412110594,8.704096001347185,1.5445986196132544,8.97033287025244,8.813573499640185,8.50005475841568,0.34127202786582533,8.831377116610641,8.535661992356587,7.944231743848483,0.34228633423859217,8.87800424498646,8.628916249108228,8.130740257351762
2022,18,2022_18_ARI_SF,ARI,0.0,3.826883406336494,-2.917297234134301,3.701854816730709,3.5768262271249234,3.326769047913353,-2.7488479395928933,3.7532812310240864,3.679679055711679,3.532474705086864,-0.472586237363563,3.7200341700193595,3.6131849337022253,3.3994864610679563,-0.4545848568032591,3.706007124203604,3.585130842070714,3.343378277804934
2022,18,2022_18_ARI_SF,SF,15.0,9.112542655431204,1.2079073132972786,8.876645923862702,8.640749192294201,8.168955729157197,1.49149063581845,8.990127173225778,8.867711691020354,8.622880726609502,0.4001313157914141,8.936752513295415,8.760962371159629,8.409382086888051,0.3291495525126616,8.870702209222205,8.628861763013205,8.145180870595208
2022,18,2022_18_BAL_CIN,BAL,4.0,4.243052539890304,-2.0237591148892315,4.276191596757969,4.309330653625635,4.375608767360965,-1.882774054388851,4.325332356216143,4.407612172541983,4.572171805193662,-0.3794347513646878,4.165846661248457,4.08864078260661,3.934229025322916,-0.3458793757982011,4.184638805066713,4.126225070243124,4.009397600595944
2022,18,2022_18_BAL_CIN,CIN,13.0,8.93753282500101,1.2461172736133819,8.756601313874368,8.575669802747726,8.213806780494442,1.004125474269951,8.712602791949323,8.487672758897636,8.037812692794262,0.39259498322397646,8.794679430559569,8.651826036118129,8.366119247235247,0.32297701464089473,8.729990323491732,8.522447821982453,8.107362818963894
2022,18,2022_18_CAR_NO,CAR,9.0,6.807704928540694,0.5047194920147531,6.941666242752812,7.07562755696493,7.343550185389166,0.3900689126084326,6.930942504294734,7.0541800800487735,7.300655231556852,0.18851221549486902,6.904420688536851,7.001136448533007,7.194567968525319,0.18147073735988856,6.915873396037084,7.0240418635334745,7.2403787985262555
2022,18,2022_18_CAR_NO,NO,10.0,7.8380536008418975,1.1544769491111793,7.905099922662106,7.972146244482313,8.106238888122729,0.8946364257493868,7.855133750596613,7.872213900351328,7.906374199860759,0.2697021648705823,7.793701326234825,7.749349051627753,7.660644502413608,0.24286364711487718,7.782670784657088,7.727287968472279,7.616522336102659
2022,18,2022_18_CLE_PIT,CLE,2.0,5.946495342636269,0.4785007477027827,6.288065128511395,6.6296349143865205,7.312774486136772,0.5335072260657407,6.328083720173844,6.709672097711419,7.4728488527865675,0.24399126486044265,6.3381338315220495,6.729772320407829,7.513049298179389,0.21620575894309835,6.323170045408081,6.699844748179893,7.4531941537235165
2022,18,2022_18_CLE_PIT,PIT,12.0,7.981803799793367,1.6209991141056526,8.149814111415592,8.31782442303782,8.653845046282271,1.020198778127704,8.00062990923146,8.019456018669555,8.05710823754574,0.3489620047823937,8.015263127118942,8.048722454444517,8.115641109095668,0.3189258864719656,8.006988417515945,8.032173035238525,8.082542270683682
2022,18,2022_18_DAL_WAS,DAL,6.0,8.66425325743549,1.7951341487605288,8.712751358339489,8.761249459243487,8.858245661051486,0.8011329366030824,8.446721422306243,8.229189587176997,7.794125916918505,0.42984365006510344,8.643176893566887,8.622100529698283,8.579947801961078,0.39482777953427567,8.63508489102102,8.60591652460655,8.547579791777611
2022,18,2022_18_DAL_WAS,WAS,18.0,5.118320080321661,-1.42748106883223,5.107620824642997,5.0969215689643335,5.075523057607006,-1.8066559464532375,5.004627418188532,4.890934756055403,4.663549431789144,-0.23015644638121519,5.036532931652394,4.954745782983125,4.79117148564459,-0.21567214670464344,5.040528646302462,4.9627372122832645,4.807154344244868
2022,18,2022_18_DET_GB,DET,7.0,4.1515512193674935,-2.984883801544381,3.925522309892608,3.6994934004177225,3.247435581467952,-2.250279365513459,4.146411443884412,4.141271668401332,4.130992117435172,-0.4437516249827964,4.004916802714554,3.8582823860616156,3.565013552755738,-0.4174105323879629,4.006448117407515,3.8613450154475366,3.5711388115275793
2022,18,2022_18_DET_GB,GB,2.0,6.467812675711532,-0.48982074564940226,6.394897919505747,6.3219831632999615,6.176153650888391,-0.9774213395112366,6.265615012955576,6.063417350199618,5.6590220246877045,0.12898134496496724,6.564066226417356,6.6603197771231795,6.8528268785348265,0.13233923858427377,6.585699198020743,6.703585720329954,6.939358764948375
2022,18,2022_18_HOU_IND,HOU,14.0,6.591825219110319,0.3825500363174334,6.743905674105054,6.895986129099789,7.200147039089259,0.21097583074922355,6.715283682723336,6.838742146336353,7.085659073562386,0.29183203030718186,6.890789546677471,7.189753874244622,7.787682529378925,0.3126850829895112,6.9549454062546125,7.318065593398905,8.04430596768749
2022,18,2022_18_HOU_IND,IND,13.0,7.684268198696122,1.197258533842013,7.802315183051382,7.920362167406643,8.156456136117164,1.2789145145854086,7.855123431738317,8.025978664780514,8.367689130864903,0.38099356295920983,7.8380812714704575,7.991894344244793,8.299520489793464,0.3433387571527473,7.821230055666973,7.958191912637825,8.232115626579528
2022,18,2022_18_KC_LV,KC,14.0,7.366618323808256,0.6570685641379274,7.405558323694295,7.444498323580332,7.522378323352409,1.2817261236211686,7.617729839769756,7.868841355731255,8.371064387654254,0.25373846235221664,7.417214683162665,7.467811042517074,7.569003761225891,0.22668946666022557,7.404320238644749,7.44202215348124,7.517425983154224
2022,18,2022_18_KC_LV,LV,1.0,2.797089949758071,-3.064404208392764,2.886340990281271,2.9755920308044708,3.15409411185087,-3.082299851061843,2.88086125141778,2.9646325530774886,3.1321751563969067,-0.4882540440351436,2.92520354494489,3.0533171401317083,3.3095443305053456,-0.4557458313600055,2.9318837601478944,3.066677570537718,3.336265191317365
2022,18,2022_18_LAC_DEN,DEN,4.0,7.563787417251551,0.21058847820787308,7.422414978553857,7.281042539856163,6.998297662460775,0.07824188376853827,7.404419498001647,7.245051578751742,6.926315740251932,0.27089746412943894,7.589717113110657,7.615646808969762,7.667506200687974,0.27567934327019267,7.627235143609681,7.6906828699678105,7.817578322684071
2022,18,2022_18_LAC_DEN,LAC,5.0,6.634272495763842,-0.051851478617251,6.648265438829942,6.6622583818960415,6.69024426802824,0.3512796938840154,6.789226840874795,6.944181185985749,7.254089876207656,0.025408125098417954,6.5402687789221154,6.446265062080389,6.258257628396937,0.045120471127471695,6.576950559082142,6.519628622400442,6.404984749037043
2022,18,2022_18_LA_SEA,LA,8.0,5.396510671929757,-0.6201617916334196,5.55317266623617,5.709834660542583,6.023158649155409,-1.0474958609592058,5.441107891951009,5.48570511197226,5.574899552014763,0.05066400666174318,5.648193195869178,5.899875719808598,6.403240767687438,0.06432405667567938,5.678043437212678,5.959576202495599,6.52264173306144
2022,18,2022_18_LA_SEA,SEA,8.0,7.989403090465754,0.6558337996985613,7.872284555447584,7.755166020429414,7.520928950393074,0.7817261694615936,7.934759478893115,7.880115867320477,7.770828644175198,0.26543768081715746,7.9010933018535265,7.812783513241299,7.636163936016843,0.2618446242854672,7.925256177307339,7.861109264148922,7.732815437832091
2022,18,2022_18_MIN_CHI,CHI,3.0,4.780412671099399,-1.98719495238442,4.689941496478635,4.59947032185787,4.418527972616342,-2.185989840050506,4.637351970009359,4.4942912689193175,4.208169866739237,-0.40454304450103457,4.532832785232269,4.285252899365139,3.790093127630877,-0.39219568965703006,4.516715930531357,4.253019189963315,3.725625708827232
2022,18,2022_18_MIN_CHI,MIN,9.0,8.28933796079403,1.4887298148132215,8.34165013327729,8.393962305760548,8.498586650727065,0.7713199243733593,8.156587531224314,8.023837101654596,7.758336242515162,0.4290200299251902,8.360808408955588,8.432278857117144,8.575219753440258,0.3704798015576803,8.316604476106269,8.343870991418507,8.398404022042984
2022,18,2022_18_NE_BUF,BUF,19.0,8.488542131121182,1.3258152953192606,8.443245782181025,8.397949433240868,8.307356735360552,1.4250394220946385,8.502183581327554,8.515825031533925,8.54310793194667,0.36241009049003975,8.41461679272969,8.340691454338199,8.192840777555213,0.3220320076696165,8.391799830292944,8.295057529464707,8.10157292780823
2022,18,2022_18_NE_BUF,NE,4.0,5.343818847967649,-2.1068602499521303,5.077380191033479,4.8109415340993085,4.278064220230968,-2.102323863423762,5.085016259804848,4.826213671642047,4.308608495316445,-0.4116880778310532,4.94513327807127,4.546447708174892,3.749076568382134,-0.4095959035215512,4.912618552291926,4.481418256616203,3.619017665264756
2022,18,2022_18_NYG_PHI,NYG,5.0,3.587823212572242,-1.9241968900303223,3.8139862663840636,4.040149320195885,4.49247542781953,-2.2452166173259775,3.725134860138456,3.862446507704671,4.1370698028371,-0.435918996717455,3.5933617340308612,3.5989002554894816,3.609977298406721,-0.4107954588788346,3.5937844596822206,3.5997457067921994,3.6116682010121575
2022,18,2022_18_NYG_PHI,PHI,3.0,9.786096907650563,0.2670681022567182,9.105721115906961,8.42534532416336,7.064593740676157,-0.40733230073161875,8.925422111616458,8.06474731558235,6.343397723514138,0.28758011097378733,9.280391203645097,8.77468549963963,7.763274091628698,0.28325291628879123,9.305567748169862,8.82503858868916,7.863980269727758
2022,18,2022_18_NYJ_MIA,MIA,9.0,8.423960294904482,2.341599292560145,8.692892547678834,8.961824800453186,9.499689306001892,2.45760698819967,8.763639212942898,9.103318130981314,9.782675967058145,0.3879987695592731,8.402903812179282,8.381847329454082,8.339734364003682,0.397394729481213,8.458796981597837,8.493633668291192,8.5633070416779
2022,18,2022_18_NYJ_MIA,NYJ,5.0,6.4698988235428905,-0.17827103370309189,6.487887200864456,6.505875578186023,6.541852332829157,0.17743019100176724,6.6137712391176064,6.757643654692323,7.045388485841755,0.1059348324459739,6.532555811515952,6.595212799489014,6.720526775435136,0.06083028610549541,6.477733121795801,6.485567420048712,6.501236016554534
2022,18,2022_18_TB_ATL,ATL,3.0,6.8542116818219885,-0.614080567703933,6.64823296677184,6.44225425172169,6.030296821621391,-0.48894100866043905,6.702015958260548,6.549820234699105,6.2454287875762216,0.23874748725533976,7.011395518678388,7.168579355534787,7.482947029247584,0.27602573500793337,7.095583912318919,7.336956142815849,7.819700603809709
2022,18,2022_18_TB_ATL,TB,2.0,5.508384447799356,-0.5246428290322879,5.66510816265478,5.821831877510206,6.135279307221056,-0.6127896107051294,5.655476350472302,5.802568253145248,6.09675205849114,0.05913574568779983,5.744256679093157,5.980128910386959,6.451873372974562,0.06114153133663982,5.757074076156723,6.00576370451409,6.503142961228824
2022,18,2022_18_TEN_JAX,JAX,9.0,8.731221876552526,2.3506374066655207,8.925990980321162,9.120760084089797,9.510298291627068,2.6548320624766637,9.053276174151273,9.375330471750019,10.019439066947513,0.410188764862377,8.665195800073624,8.59916972359472,8.467117570636914,0.3618330167269496,8.634773081259347,8.538324285966166,8.345426695379805
2022,18,2022_18_TEN_JAX,TEN,4.0,5.207436333997013,-0.9045910829348208,5.327900765213834,5.448365196430656,5.689294058864299,-0.8018295707646923,5.373030989432296,5.53862564486758,5.869814955738148,0.003979844397950444,5.439389024811614,5.671341715626217,6.135247097255421,-0.010122153617065241,5.422207981430944,5.636979628864875,6.066522923732738
2023,1,2023_01_ARI_WAS,ARI,13.0,6.22977372778951,-0.12582563977753738,6.199699689548583,6.169625651307657,6.109477574825803,-0.5854437322088895,6.115568804933749,6.001363882077987,5.772954036366464,-0.010284846969004571,6.142371786517555,6.0549698452456,5.880165962701689,0.005531319638844254,6.167558026912681,6.105342326035851,5.980910924282193
2023,1,2023_01_ARI_WAS,WAS,8.0,8.22789612990418,1.7029754903474794,8.091445154329973,7.9549941787557685,7.682092227607358,1.6116097838949848,8.122054533815245,8.016212937726312,7.804529745548444,0.4824332750065492,8.170614038715955,8.113331947527731,7.998767765151283,0.46337883492904003,8.166764368967007,8.105632608029836,7.983369086155491
2023,1,2023_01_BUF_NYJ,BUF,5.0,7.442537234768129,2.980976833762191,7.777169311520048,8.111801388271966,8.781065541775803,2.715690573791966,7.788266254347308,8.133995273926487,8.825453313084845,0.39473293818668154,7.4873208375611195,7.532104440354109,7.62167164594009,0.3837503218427173,7.4906786740331635,7.538820113298197,7.635102991828266
2023,1,2023_01_BUF_NYJ,NYJ,20.0,5.838637438032426,-0.9651747041598795,5.72590513001777,5.613172822003113,5.3877082059738015,-0.7662979041849507,5.780408440932469,5.722179443832513,5.605721449632599,-0.000272596636384902,5.859782300797788,5.880927163563149,5.923216889093872,0.005919855778663137,5.8746306384616735,5.910623838890921,5.982610239749417
2023,1,2023_01_CAR_ATL,ATL,12.0,7.204419494984841,0.5469093479758028,7.075307845518092,6.946196196051343,6.687972897117845,0.20902645800125413,7.0302111896662725,6.856002884347704,6.507586273710566,0.1957021528174266,7.09478313558377,6.985146776182699,6.765874057380556,0.1792028897676213,7.08843638988482,6.972453284784798,6.740487074584755
2023,1,2023_01_CAR_ATL,CAR,4.0,5.882178321746479,-0.510068921161255,5.856398935387508,5.830619549028537,5.779060776310596,-0.7589907849078092,5.814753294026611,5.747328266306743,5.612478210867009,0.068415452274438,5.966274614671855,6.050370907597232,6.218563493447985,0.03444592096504944,5.938476954330917,5.994775586915356,6.107372852084232
2023,1,2023_01_CIN_CLE,CIN,7.0,6.5224575568766365,0.6767916203851717,6.591758340551654,6.661059124226672,6.799660691576708,0.6665113433926219,6.624496739005918,6.726535921135201,6.930614285393766,0.3230727357018061,6.720229492837312,6.918001428797988,7.313545300719339,0.32233171666068927,6.733463267101483,6.94446897732633,7.366480397776023
2023,1,2023_01_CIN_CLE,CLE,9.0,5.409411546493837,-0.49999694270598066,5.503989116840797,5.598566687187757,5.787721827881677,-0.42980375996625697,5.536276536859528,5.6631415272252195,5.916871507956602,0.052658071608818066,5.5947610375737336,5.780110528653629,6.150809510813421,0.0404526533171642,5.590469687405542,5.771527828317247,6.133644110140655
2023,1,2023_01_DAL_NYG,DAL,37.0,6.4914264538703685,0.2041961232831005,6.466886951137717,6.442347448405064,6.393268442939759,-0.06945286129161139,6.431090209475453,6.370753965080537,6.250081476290706,0.2738338081851088,6.644026470116318,6.796626486362268,7.101826518854166,0.2469160302415805,6.627729758367201,6.764033062864032,7.036639671857694
2023,1,2023_01_DAL_NYG,NYG,-1.0,5.738121788855841,-0.45489000341434344,5.760218838998985,5.782315889142131,5.826509989428421,-0.6361977235030194,5.735097025940949,5.732072263026057,5.726022737196274,-0.10809710612845552,5.668488927864382,5.598856066872925,5.459590344890008,-0.13724992125477864,5.6427007955341555,5.547279802212471,5.356437815569102
2023,1,2023_01_DET_KC,DET,9.0,4.263587567905397,-2.646696911153607,4.183125925753069,4.102664283600742,3.941740999296088,-2.3921474066472523,4.223272620014935,4.182957672124474,4.102327776343552,-0.39188642346013725,4.257527146881331,4.251466725857265,4.239345883809133,-0.38808098647880945,4.2625392148686245,4.261490861831852,4.259394155758308
2023,1,2023_01_DET_KC,KC,4.0,5.385587570358361,-0.9999193232697445,5.37864836911455,5.371709167870739,5.357830765383117,-1.5010135035717997,5.2707764785935565,5.155965386828752,4.926343203299144,-0.1601238308588811,5.34816180833977,5.31073604632118,5.2358845222840005,-0.1754357584591993,5.3365473980410485,5.287507225723736,5.189426881089111
2023,1,2023_01_GB_CHI,CHI,0.0,5.786280507867103,-0.6625712846158008,5.751690783974478,5.717101060081854,5.647921612296605,-0.6957416617497416,5.7574512641050655,5.728622020343028,5.670963532818955,0.1011095023660595,5.929495929465137,6.072711351063173,6.359142194259244,0.09187023342205307,5.929341847285938,6.072403186704776,6.358525865542449
2023,1,2023_01_GB_CHI,GB,15.0,7.778267241007764,1.4876912802174862,7.707941924043937,7.637616607080112,7.496965973152459,1.3365192722380672,7.72124006009337,7.664212879178976,7.550158517350189,0.38659065982990914,7.730365748803882,7.6824642566,7.586661272192237,0.37824909885977487,7.736461092633686,7.694654944259609,7.611042647511455
2023,1,2023_01_HOU_BAL,BAL,11.0,8.586036377387845,1.4409033890427465,8.303710366748248,8.021384356108651,7.456732334829458,1.430491851620455,8.348790599148359,8.111544820908872,7.6370532644299,0.4052673788056911,8.356269257863453,8.12650213833906,7.666967899290275,0.3938063309193755,8.359298360654082,8.132560343920318,7.679084310452792
2023,1,2023_01_HOU_BAL,HOU,7.0,5.074169605171464,-1.0440375728550977,5.135600402267473,5.197031199363481,5.319892793555498,-0.9984138301051876,5.1533992150725645,5.232628824973664,5.391088044775863,-0.3251603256495838,4.937191314218824,4.800213023266183,4.526256441360901,-0.3107137026246794,4.955069818270062,4.83597003136866,4.597770457565856
2023,1,2023_01_JAX_IND,IND,5.0,4.617272499233018,-1.6049096096351407,4.672351916876211,4.7274313345194034,4.837590169805788,-1.6310058964124126,4.664489770726205,4.711707042219392,4.806141585205766,-0.29094908469983105,4.631294073842967,4.645315648452915,4.673358797672812,-0.3284512075663304,4.593002643343389,4.568732787453758,4.520193075674498
2023,1,2023_01_JAX_IND,JAX,10.0,6.937163523583715,2.3575247982164904,7.264109992626571,7.591056461669426,8.244949399755138,2.001606004231025,7.244160694550359,7.551157865517002,8.165152207450289,0.3784007950549101,7.090734213978693,7.24430490437367,7.551446285163625,0.3642075171777866,7.09028011441735,7.243396705250985,7.549629886918256
2023,1,2023_01_LA_SEA,LA,6.0,5.50629806980847,-0.8591580966027024,5.49944193798344,5.492585806158409,5.4788735425083495,-1.0321559874188702,5.469695372672921,5.43309267553737,5.359887281266271,-0.26022142208782617,5.331094146362845,5.155890222917218,4.805482376025967,-0.23450398371282596,5.362494550408687,5.218691031008904,4.931083992209338
2023,1,2023_01_LA_SEA,SEA,1.0,7.794819541979779,1.3231630122051439,7.684986042984015,7.575152543988251,7.355485545996722,1.4141953842131183,7.751610710314951,7.708401878650123,7.621984215320467,0.4072254776483691,7.764961501999412,7.735103462019045,7.675387382058311,0.38895657891503854,7.7605829721741255,7.7263464023684705,7.657873262757162
2023,1,2023_01_LV_DEN,DEN,3.0,6.9151739044841225,0.30659937060840065,6.806712077008063,6.698250249532003,6.481326594579883,0.3532454415504536,6.846616169190713,6.778058433897303,6.640942963310483,0.07914112758301481,6.7525509339974565,6.589927963510791,6.264682022537458,0.1112390699679466,6.79718995268942,6.679206000894718,6.443238097305312
2023,1,2023_01_LV_DEN,LV,3.0,5.927676235238633,-0.06317000581714147,5.986596209674458,6.045516184110283,6.163356132981932,-0.15926178367363356,5.987516373340643,6.047356511442652,6.167036787646673,0.16503703309172718,6.104262027055641,6.2808478188726475,6.634019402506662,0.11427847500789318,6.059890013226281,6.192103791213928,6.456531347189222
2023,1,2023_01_MIA_LAC,LAC,0.0,6.194750292207304,0.0666472419587729,6.214809722091222,6.23486915197514,6.274988011742977,0.0018677043891053482,6.2250702980002455,6.255390303793188,6.316030315379072,0.040873723264255535,6.171097437334062,6.147444582460819,6.100138872714336,0.0627094967259971,6.203809576990663,6.212868861774021,6.230987431340738
2023,1,2023_01_MIA_LAC,MIA,2.0,4.383678227145202,-1.8029672096666118,4.454578006960958,4.525477786776714,4.667277346408227,-1.7292709594837643,4.466578084353388,4.549477941561574,4.715277655977946,-0.30796523197545855,4.43780675501756,4.4919352828899175,4.600192338634634,-0.33162423197956453,4.4143375261968,4.4449968252483965,4.506315423351591
2023,1,2023_01_PHI_NE,NE,6.0,5.451775768254485,-0.3871342826621678,5.5600253741574965,5.668274980060508,5.88477419186653,-0.5535726414234646,5.539437990802727,5.627100213350969,5.802424658447452,-0.07509864519421657,5.489201315970026,5.526626863685566,5.601477959116647,-0.10835342132479882,5.459536969806214,5.467298171357943,5.482820574461401
2023,1,2023_01_PHI_NE,PHI,13.0,7.982158894686882,1.5536751921723884,7.87504581339888,7.767932732110878,7.5537065695348735,1.1123090249790115,7.822328008710349,7.662497122733814,7.342835350780748,0.36330626238038116,7.858254779273102,7.734350663859321,7.486542433031761,0.3375909005810724,7.844923797711395,7.707688700735909,7.433218506784936
2023,1,2023_01_SF_PIT,PIT,4.0,6.388915944207809,0.34392601461407785,6.420043047831558,6.451170151455308,6.513424358702807,0.14494750428361652,6.403770363762434,6.41862478331706,6.448333622426311,0.12762993791601793,6.409980816062229,6.43104568791665,6.473175431625491,0.12574392757946048,6.418356222647301,6.447796501086793,6.506677057965777
2023,1,2023_01_SF_PIT,SF,13.0,7.152764616306751,0.571483080699105,7.0418495206457274,6.930934424984704,6.709104233662656,0.7286879300397228,7.111600425280872,7.070436234254993,6.988107852203235,0.26227628485944704,7.127606259402484,7.102447902498216,7.052131188689681,0.2159855068363094,7.089913671134451,7.027062725962152,6.9013608356175515
2023,1,2023_01_TB_MIN,MIN,2.0,6.150837175817244,-0.20505867187329527,6.1234638451425365,6.096090514467829,6.041343853118412,-0.20581237502886468,6.1441259559853565,6.1374147361534686,6.123992296489694,0.130845521391049,6.234878351492259,6.318919527167274,6.487001878517303,0.13168417415109232,6.246292264725482,6.341747353633719,6.532657531450195
2023,1,2023_01_TB_MIN,TB,9.0,4.981293625038254,-1.71278999261068,4.92217575469914,4.8630578843600265,4.744822143681798,-1.4286089955904009,4.984293804843129,4.987293984648004,4.993294344257754,-0.38041047695541674,4.80814283075428,4.634992036470305,4.288690447902357,-0.3510177338444603,4.841344047396963,4.701394469755672,4.42149531447309
2023,1,2023_01_TEN_NO,NO,10.0,7.739564159904034,2.532002505841169,7.903419496282321,8.067274832660608,8.394985505417184,1.9624802210613714,7.836916445512019,7.934268731120005,8.128973302335975,0.43210284194162035,7.750262044981181,7.760959930058329,7.782355700212625,0.44022704366670273,7.775201017233661,7.810837874563289,7.882111589222545
2023,1,2023_01_TEN_NO,TEN,9.0,6.324131222840809,0.33695748358657257,6.369956419641213,6.415781616441615,6.50743201004242,0.1558343047323193,6.357698529679025,6.391265836517242,6.458400450193674,0.2000781418071944,6.439270928420312,6.554410633999815,6.78469004515882,0.20071400558382257,6.4517406309024246,6.57935003896404,6.83456885508727
2023,2,2023_02_BAL_CIN,BAL,3.0,5.682186809305287,-0.762314845086627,5.665347445586121,5.648508081866952,5.614829354428617,-0.8318941671044211,5.6619009157663776,5.641615022227468,5.601043235149648,-0.2363281156931108,5.525481246038755,5.36877568277222,5.055364556239153,-0.23995269785453668,5.517608597708985,5.353030386112682,5.023873962920075
2023,2,2023_02_BAL_CIN,CIN,6.0,6.804388815282424,0.8130952481325996,6.870407083751312,6.9364253522201995,7.068461889157975,1.0513871534608548,6.947756142501311,7.091123469720198,7.377858124157972,0.3112842322704439,6.942254263962531,7.080119712642638,7.355850610002851,0.3212672766960757,6.95774222147296,7.111095627663495,7.417802440044565
2023,2,2023_02_CHI_TB,CHI,2.0,5.578188694498095,-0.08409911555581424,5.743796449580367,5.909404204662639,6.240619714827182,-0.3812773991393018,5.6901879086945115,5.802187122890928,6.026185551283761,0.07871577032867416,5.7783526945535755,5.9785166946090555,6.378844694720017,0.07045450811542521,5.770626673328415,5.963064652158734,6.347940609819373
2023,2,2023_02_CHI_TB,TB,17.0,7.4254406063312945,1.3783780602611537,7.46659268699433,7.507744767657365,7.590048928983435,0.7825911539787533,7.3501449073224805,7.274849208313666,7.124257810296037,0.3980738208821785,7.499192548526242,7.57294449072119,7.720448375111085,0.3854710242154461,7.491997613748627,7.558554621165959,7.691668636000623
2023,2,2023_02_CLE_PIT,CLE,7.0,7.357761820274727,1.3410186909456208,7.407215715202106,7.4566696101294845,7.555577399984243,0.9799453925361271,7.345935149742365,7.334108479210002,7.310455138145278,0.331235360915385,7.378237386168597,7.398712952062468,7.439664083850207,0.3119715922798414,7.362859104753067,7.3679563892314075,7.378150958188089
2023,2,2023_02_CLE_PIT,PIT,20.0,7.424719207423491,1.125082941638714,7.407622720336294,7.390526233249098,7.356333259074703,0.7224489618923539,7.335418305883742,7.246117404343993,7.067515601264495,0.2769685512182905,7.371462537603055,7.318205867782618,7.211692528141746,0.26783390736480656,7.3660089429729325,7.307298678522374,7.189878149621257
2023,2,2023_02_GB_ATL,ATL,1.0,6.554001545988854,0.019960076108284,6.49965996934526,6.445318392701667,6.336635239414481,-0.358346033755334,6.427456297321752,6.300911048654651,6.0478205513204495,0.15274817230134297,6.587963733819429,6.6219259216500035,6.689850297311153,0.13387116006270858,6.570113506230711,6.586225466472568,6.618449386956283
2023,2,2023_02_GB_ATL,GB,3.0,6.963523713823404,0.514550962213084,6.920891476725206,6.87825923962701,6.792994765430615,0.9301355244318853,7.038508070847901,7.113492427872398,7.263461141921392,0.19251353874919783,6.936868329100745,6.910212944378086,6.8569021749327685,0.18889658445607313,6.93593396411301,6.908344214402617,6.85316471498183
2023,2,2023_02_IND_HOU,HOU,-1.0,7.280931248609849,1.5129248971223976,7.389247295348625,7.4975633420874,7.714195435564951,1.325440356859383,7.369803046339797,7.458674844069745,7.636418439529641,0.36141851623783067,7.352313855788184,7.42369646296652,7.566461677323192,0.33989335185344743,7.33501179804468,7.389092347479512,7.497253446349174
2023,2,2023_02_IND_HOU,IND,9.0,7.177146495850694,0.8330415328186136,7.154576458593907,7.1320064213371195,7.086866346823545,0.8175425466105889,7.172168201006346,7.167189906161997,7.157233316473299,0.3624177819591857,7.275524754796718,7.373903013742741,7.570659531634787,0.37158360085983033,7.290967553431716,7.4047886110127354,7.6324307261747775
2023,2,2023_02_KC_JAX,JAX,8.0,4.606407073688427,-2.2084723518211056,4.524919884251647,4.4434326948148675,4.280458315941308,-1.974772524126655,4.585498941732265,4.564590809776104,4.522774545863781,-0.3397779789821293,4.609999803757666,4.613592533826905,4.620777993965384,-0.36357806265556497,4.5789403373204145,4.551473600952403,4.496540128216379
2023,2,2023_02_KC_JAX,KC,10.0,5.695581076576951,-0.3121511065821999,5.7792347836969356,5.862888490816919,6.030195905056889,0.2207513625225494,5.920230851488792,6.1448806264006315,6.594180176224313,0.12639957475536992,5.916476169192544,6.137371261808138,6.579161447039324,0.1360070127109071,5.928575816545418,6.161570556513887,6.627560036450822
2023,2,2023_02_LAC_TEN,LAC,5.0,7.154617882035269,1.10413836356525,7.200215330291508,7.245812778547746,7.3370076750602236,0.9127813720242658,7.177735426919206,7.200852971803142,7.2470880615710165,0.31103705015712196,7.204666464783944,7.2547150475326205,7.354812213029971,0.3088112980558875,7.207131029426934,7.259644176818599,7.364670471601928
2023,2,2023_02_LAC_TEN,TEN,3.0,5.043173181952259,-0.998574389938551,5.131587993011821,5.220002804071383,5.396832426190507,-1.4085017493227883,5.046638053743277,5.050102925534295,5.057032669116332,-0.11937970657555766,5.169044307899405,5.29491543384655,5.546657685740842,-0.1500189276038202,5.134253291230262,5.225333400508266,5.407493619064273
2023,2,2023_02_LV_BUF,BUF,10.0,7.611762296250609,1.129560570994928,7.548937915274897,7.486113534299188,7.360464772347766,0.7551769321674442,7.483420067315218,7.355077838379827,7.098393380509047,0.24503787383503858,7.478210147473003,7.3446579986954,7.07755370114019,0.2545572974981523,7.492133150526987,7.372504004803368,7.133245713356127
2023,2,2023_02_LV_BUF,LV,-2.0,4.164271041490056,-2.2876449114322654,4.1750547092883705,4.185838377086686,4.2074057126833155,-2.125818795125642,4.21827010225995,4.2722691630298435,4.380267284569632,-0.5130896813745554,4.096379808415169,4.028488575340282,3.892706109190508,-0.47214441568978577,4.131563707860108,4.098856374230161,4.033441706970267
2023,2,2023_02_MIA_NE,MIA,9.0,6.25690885525811,-0.0037304106977288,6.271375642081333,6.285842428904555,6.314776002551001,0.008954378976804263,6.291270788085171,6.325632720912233,6.394356586566356,0.18524500164814506,6.399273514983609,6.5416381747091075,6.826367494160105,0.21176327109692414,6.430357738228908,6.603806621199707,6.950704387141305
2023,2,2023_02_MIA_NE,NE,5.0,5.773623951852505,-0.5091889686231788,5.792315179994599,5.811006408136694,5.848388864420883,-0.6682364034230169,5.769080221652512,5.764536491452521,5.755449031052536,-0.17853947547928914,5.654750740643352,5.5358775294342,5.2981311070158945,-0.17093263386810623,5.659789098931181,5.54595424600986,5.318284540167214
2023,2,2023_02_MIN_PHI,MIN,5.0,4.149466473212971,-2.5514366883328754,4.103101046220447,4.056735619227922,3.9640047652428736,-2.3245678386878574,4.160288355760679,4.171110238308388,4.192754003403804,-0.5481598359641195,4.048444487420535,3.9474225016280986,3.7453785300432263,-0.5087554290837929,4.0814184836431995,4.013370494073428,3.8772745149338834
2023,2,2023_02_MIN_PHI,PHI,7.0,7.413973424629791,0.6637258220641418,7.293139709489473,7.172305994349156,6.93063856406852,0.7121087000117408,7.3249200432990715,7.235866661968352,7.057759899306912,0.24978350795426785,7.334852523586225,7.255731622542658,7.097489820455525,0.257574618139093,7.347009152157992,7.2800448796861925,7.146116334742593
2023,2,2023_02_NO_CAR,CAR,7.0,6.974133616344648,0.8356269147647728,7.002913182618352,7.031692748892055,7.089251881439461,0.7141241309942543,6.995515560538239,7.016897504731831,7.059661393119013,0.23112827988005888,6.9853802987131814,6.996626981081714,7.019120345818779,0.23936466223142286,6.997710291814132,7.021286967283616,7.068440318222583
2023,2,2023_02_NO_CAR,NO,7.0,7.970659453842731,2.5925552152608367,8.155587454177324,8.340515454511918,8.710371455181104,2.063843671295783,8.061264099164147,8.151868744485562,8.333078035128393,0.4245939874631472,7.9359590844891255,7.901258715135519,7.831857976428308,0.39177868135328936,7.907638202792167,7.844616951741602,7.718574449640474
2023,2,2023_02_NYG_ARI,ARI,4.0,5.42412393984973,-0.8231643679483295,5.457763813955689,5.491403688061649,5.558683436273566,-1.0977106686378386,5.40565645014657,5.387188960443409,5.350253981037088,-0.015285222127303343,5.564081020428352,5.704038101006972,5.983952262164214,-0.007896198984465514,5.571525312789765,5.7189266857298,6.013729431609868
2023,2,2023_02_NYG_ARI,NYG,-1.0,7.260962136782607,0.5643063294945094,7.15544762625462,7.049933115726633,6.838904094670658,0.630524138015019,7.190918479889426,7.120874822996245,6.9807875092098834,0.29911470104240145,7.27190339058787,7.282844644393133,7.304727152003659,0.2996467032190831,7.277116143282416,7.293270149782224,7.325578162781841
2023,2,2023_02_NYJ_DAL,DAL,15.0,9.467497106037245,3.1605210413825393,9.409231358231429,9.350965610425611,9.234434114813979,3.0377208519210193,9.413597727476343,9.359698348915444,9.251899591793642,0.5291525307566759,9.168398338462884,8.869299570888524,8.271102035739803,0.5274871650269523,9.174985276969675,8.882473447902104,8.297449789766963
2023,2,2023_02_NYJ_DAL,NYJ,0.0,5.701964644688594,-0.8590291633379479,5.657871221564768,5.6137777984409425,5.5255909521932915,-0.9763116631786503,5.642670985556228,5.58337732642386,5.464790008159126,-0.09832893341511334,5.685246158288453,5.668527671888311,5.635090699088028,-0.11800930719677726,5.66248178427215,5.622998923855706,5.544033203022817
2023,2,2023_02_SEA_DET,DET,0.0,6.49928597729637,0.7770806251618554,6.633272272725392,6.767258568154416,7.035231159012462,1.0203232808280043,6.711602074748689,6.923918172201009,7.348550367105648,0.3173295590487025,6.719776147687353,6.940266318078338,7.381246658860306,0.3346371118008554,6.7431726169682955,6.987059256640222,7.474832535984075
2023,2,2023_02_SEA_DET,SEA,13.0,4.5023507662691244,-2.3941185580085147,4.404053666709968,4.305756567150812,4.1091623680325,-2.786169906790863,4.316074927857341,4.129799089445557,3.7572474126219904,-0.49695755144924425,4.366882125323083,4.231413484377041,3.960476202484957,-0.5074635952617691,4.347459308436246,4.192567850603368,3.882784934937612
2023,2,2023_02_SF_LA,LA,0.0,4.5936245131369695,-1.669716021179631,4.6396107207666555,4.6855969283963415,4.7775693436557125,-1.7896864038363365,4.619567710286839,4.645510907436709,4.697397301736448,-0.43939918633512054,4.4957872302580375,4.3979499473791055,4.202275381621241,-0.43185498924289206,4.4965432505282905,4.3994619879196115,4.205299462702254
2023,2,2023_02_SF_LA,SF,5.0,8.131230916713948,1.461782674625119,8.015174800928465,7.899118685142982,7.667006453572015,1.799176777134486,8.119266537113656,8.107302157513363,8.08337339831278,0.41400265952134896,8.045264301065222,7.959297685416496,7.787364454119045,0.3973698341074226,8.034029176734107,7.936827436754264,7.74242395679458
2023,2,2023_02_WAS_DEN,DEN,0.0,7.883186440953497,0.7563047164041671,7.666405132302977,7.449623823652457,7.016061206351417,0.674171787274837,7.667881743632849,7.452577046312201,7.021967651670905,0.2859427272765602,7.72473795423534,7.5662894675171835,7.24939249408087,0.2838158472284328,7.726902427301403,7.57061841364931,7.258050386345122
2023,2,2023_02_WAS_DEN,WAS,10.0,6.551266440885905,0.18547752792253888,6.535789421836241,6.520312402786576,6.489358364687248,0.45697441419739404,6.617712073043387,6.684157705200869,6.8170489695158345,0.12349984842203618,6.555194799084257,6.559123157282609,6.566979873679313,0.1157656873044501,6.548754593571285,6.546242746256665,6.541219051627426
2023,3,2023_03_ATL_DET,ATL,3.0,4.1929753144941,-1.9805489706774722,4.2540147137735165,4.315054113052932,4.437132911611764,-2.442446384156361,4.1789491981349585,4.164923081775816,4.136870849057533,-0.3288743760901398,4.322321894419268,4.4516684743444355,4.71036163419477,-0.3365580523662252,4.306846422440959,4.420717530387817,4.648459746281533
2023,3,2023_03_ATL_DET,DET,16.0,6.195724044368208,-0.14938202759211158,6.2173122676283334,6.238900490888459,6.28207693740871,0.2602240070831827,6.3403752419274095,6.485026439486612,6.774328834605016,0.12323692676137159,6.337718335393537,6.479712626418865,6.763701208469523,0.13985025361829723,6.367935863750079,6.54014768313195,6.884571321895692
2023,3,2023_03_BUF_WAS,BUF,32.0,7.900237828522547,1.5320800133253047,7.919225804348413,7.938213780174278,7.976189731826009,1.7427173301652013,7.980441185469324,8.060644542416101,8.221051256309655,0.41389225231750715,7.946118693413659,7.991999558304771,8.083761288086995,0.4187492087658555,7.973587316980758,8.046936805438971,8.193635782355393
2023,3,2023_03_BUF_WAS,WAS,1.0,5.472561980424319,-1.035881173107579,5.451648503118452,5.430735025812586,5.388908071200852,-1.312337319053466,5.414349397756922,5.356136815089526,5.239711649754732,-0.27983116036806543,5.33769639846607,5.20283081650782,4.933099652591322,-0.2737667819710236,5.340217067678408,5.207872154932497,4.943182329440675
2023,3,2023_03_CAR_SEA,CAR,0.0,5.333904613387509,-1.225683151639809,5.29984798168385,5.265791349980191,5.197678086572873,-1.0051129082068238,5.385309230065008,5.436713846742508,5.539523080097508,-0.1585857923144935,5.371367434478074,5.40883025556864,5.48375589774977,-0.1497668837546318,5.3817282266759054,5.429551839964303,5.525199066541097
2023,3,2023_03_CAR_SEA,SEA,3.0,7.764191660946166,1.2200871157904258,7.73860612193883,7.713020582931494,7.661849504916823,0.6899461063757089,7.6215643010955585,7.478936941244951,7.193682221543737,0.42372723330789586,7.855250873091267,7.9463100852363695,8.128428509526573,0.3765758597557801,7.822065564017515,7.879939467088864,7.995687273231563
2023,3,2023_03_CHI_KC,CHI,0.0,2.7834277052436955,-3.384382825333398,2.8432550500149016,2.903082394786108,3.0227370843285204,-3.3227508592571606,2.907022562368617,3.030617419493539,3.2778071337433827,-0.5195767252689626,3.048634483765849,3.313841262288003,3.8442548193323103,-0.49872269059363195,3.0593981931507597,3.3353686810578242,3.887309656871953
2023,3,2023_03_CHI_KC,KC,11.0,9.037656437355755,3.005701190596145,9.143466812519591,9.249277187683425,9.460897938011097,2.895848403616898,9.114831970544744,9.192007503733732,9.34635857011171,0.5082525735027835,8.906320970021376,8.774985502686999,8.51231456801824,0.49256034159660256,8.913262866255662,8.78886929515557,8.540082152955383
2023,3,2023_03_DAL_ARI,ARI,5.0,4.2586129218355095,-1.8982714269073617,4.323967062347073,4.389321202858637,4.520029483881765,-2.541697457255095,4.203963339639082,4.1493137574426555,4.040014593049801,-0.4262039360143765,4.261040455575192,4.263467989314876,4.268323056794242,-0.41423752158883614,4.264923845029155,4.271234768222801,4.283856614610091
2023,3,2023_03_DAL_ARI,DAL,1.0,9.157237753396226,2.8323632594704224,9.189492282730056,9.221746812063886,9.286255870731546,3.2825435456762606,9.298859113058093,9.440480472719962,9.723723192043696,0.48668619109482053,8.971520118195393,8.78580248299456,8.414367212592895,0.49122940166512163,9.001387099350449,8.84553644530467,8.533835137213117
2023,3,2023_03_DEN_MIA,DEN,2.0,4.743191000772564,-2.205746691980109,4.609953470223988,4.476715939675412,4.21024087857826,-2.1896010092364926,4.6532970877365,4.563403174700436,4.383615348628308,-0.47046634781890134,4.574217716584457,4.40524443239635,4.067297864020137,-0.4718919808401254,4.5607044046420455,4.378217808511528,4.013244616250493
2023,3,2023_03_DEN_MIA,MIA,8.0,7.015606855549674,0.6602034098794982,7.036143497353364,7.056680139157054,7.097753422764434,0.4803977604322743,7.009002652210922,7.002398448872171,6.989190042194667,0.29747365939503434,7.150461805300878,7.285316755052083,7.555026654554492,0.2744147842800488,7.140748926475125,7.265890997400577,7.51617513925148
2023,3,2023_03_HOU_JAX,HOU,13.0,5.075021599025424,-1.379356186841059,5.066978416085272,5.058935233145119,5.042848867264815,-1.868841703542434,4.980424972265126,4.885828345504829,4.696635091984234,-0.37148365329484,4.935477306878015,4.795933014730607,4.516844430435789,-0.3884621857678982,4.9074756939822555,4.739929788939087,4.40483797885275
2023,3,2023_03_HOU_JAX,JAX,-4.0,8.321713215047655,1.4086677952497033,8.204247161743087,8.086781108438517,7.85184900182938,1.5707993728388043,8.254605282910752,8.187497350773848,8.05328148650004,0.4625447472682353,8.317466106870842,8.313218998694031,8.304724782340408,0.4427521804380332,8.317859467198268,8.31400571934888,8.306298223650106
2023,3,2023_03_IND_BAL,BAL,6.0,7.932495978890909,1.3449565701020676,7.89628659289409,7.860077206897271,7.7876584349036335,0.9168776980899347,7.803156536277481,7.673817093664053,7.415138208437197,0.4161132356740145,7.972834048618708,8.013172118346507,8.093848257802104,0.3920042237401978,7.966397781177204,8.0002995834635,8.06810318803609
2023,3,2023_03_IND_BAL,IND,9.0,5.061468272712117,-1.5382246752359412,5.016797481015317,4.972126689318516,4.882785105924915,-1.5083813580762613,5.0582006879201895,5.054933103128262,5.048397933544406,-0.4038651371365064,4.888545822438801,4.715623372165485,4.369778471618853,-0.38572783859407356,4.90051924184106,4.739570210970004,4.41767214922789
2023,3,2023_03_LAC_MIN,LAC,8.0,5.2635514110211865,-1.346896317680888,5.2165517966501085,5.1695521822790305,5.075552953536874,-1.2101298845425734,5.282526791638163,5.301502172255139,5.339452933489091,-0.2606865686075473,5.202675567814138,5.141799724607089,5.020048038192991,-0.2293524709313259,5.235575861614768,5.207600312208349,5.151649213395512
2023,3,2023_03_LAC_MIN,MIN,2.0,4.918752647101605,-1.4292333340441732,4.937213600631694,4.9556745541617815,4.992596461221959,-1.4499550308283051,4.965418110085391,5.012083573069178,5.105414499036751,-0.25451833291772746,4.951080015006263,4.983407382910922,5.048062118720239,-0.2664000446617776,4.933504357870226,4.948256068638848,4.977759490176091
2023,3,2023_03_LA_CIN,CIN,11.0,6.561821214104696,0.3536316070162957,6.618584679832407,6.675348145560118,6.788875077015541,0.4308012182494696,6.656563462817475,6.7513057115302555,6.940790208955814,0.1858066154895284,6.683333905725949,6.804846597347202,7.047871980589709,0.19066329105791524,6.702133867117384,6.842446520130073,7.123071826155449
2023,3,2023_03_LA_CIN,LA,5.0,5.655896223110405,-1.0014478172379482,5.59782229034056,5.539748357570715,5.423600492031024,-0.5435925443923174,5.739399036106489,5.822901849102571,5.989907475094738,-0.29000767778540887,5.463642488829455,5.2713887545485045,4.886881285986604,-0.3097160109701287,5.4355341405443145,5.215172057978222,4.774447892846039
2023,3,2023_03_NE_NYJ,NE,9.0,8.702524246995882,2.112376906492446,8.667106331040245,8.631688415084607,8.56085258317333,1.7639316431874728,8.587331608184163,8.472138969372445,8.24175369174901,0.4330690450590488,8.5696071652128,8.436690083429717,8.170855919863552,0.43325348613710396,8.592321766156108,8.482119285316335,8.261714323636788
2023,3,2023_03_NE_NYJ,NYJ,1.0,7.039914595028849,0.42544883533157435,6.995244104757604,6.950573614486357,6.8612326339438665,0.22532348490043297,6.965003551992671,6.890092508956492,6.7402704228841355,0.24426866926839438,7.10828275558518,7.1766509161415115,7.313387237254173,0.17242965909121413,7.039308161492571,7.038701727956293,7.037488860883737
2023,3,2023_03_NO_GB,GB,5.0,7.349975102824544,1.429865384457045,7.480782845756224,7.611590588687903,7.8732060745512635,1.4493288578702648,7.496166806827741,7.642358510830938,7.934741918837332,0.3309148350166414,7.439207672603644,7.528440242382744,7.706905381940944,0.33072142624581546,7.457596553330383,7.565218003836222,7.780460904847899
2023,3,2023_03_NO_GB,NO,10.0,7.072078618709996,0.9007599101580432,7.139088911294681,7.206099203879363,7.340119789048731,0.5414371658638986,7.066248122838619,7.060417626967242,7.048756635224486,0.23372747150900403,7.120437117407173,7.168795616104349,7.265512613498701,0.1966907927784081,7.091899722514524,7.111720826319052,7.151363033928108
2023,3,2023_03_NYG_SF,NYG,1.0,3.91026647845752,-2.361059530991567,3.946139738375384,3.9820129982932477,4.053759518128976,-2.6978441870676195,3.904608736023249,3.898950993588978,3.887635508720436,-0.5299890512576668,3.881941230946418,3.853615983435315,3.79696548841311,-0.5071247548892254,3.894668107617106,3.8790697367766924,3.8478729950958646
2023,3,2023_03_NYG_SF,SF,8.0,8.197736208894543,1.9167996180301858,8.239253115953538,8.280770023012533,8.363803837130522,1.4920579524414834,8.142412158739438,8.087088108584332,7.976440008274123,0.4088968326388356,8.16357059388706,8.129404978879577,8.06107374886461,0.3464821521634719,8.111911362323335,8.026086515752127,7.854436822609708
2023,3,2023_03_PHI_TB,PHI,12.0,7.482744392368379,0.5474122264170702,7.35808670339243,7.23342901441648,6.984113636464581,0.16349605462524824,7.282041999067914,7.0813396057674485,6.679934819166518,0.29169971795676425,7.494259126209325,7.505773860050271,7.528803327732162,0.26906183600788436,7.484820812870299,7.486897233372218,7.491050074376059
2023,3,2023_03_PHI_TB,TB,5.0,5.217946019520763,-1.347650982729873,5.182157667301196,5.146369315081628,5.0747926106424925,-1.6687990615907446,5.136422246970303,5.0548984744198435,4.891850929318923,-0.33845086532970325,5.0801766137772955,4.942407208033828,4.666868396546893,-0.302400391202664,5.115655795597837,5.013365571674911,4.808785123829059
2023,3,2023_03_PIT_LV,LV,1.0,6.410288798778564,0.1647852668552368,6.457368579248835,6.504448359719106,6.598607920659648,0.3349693140686648,6.519534254372516,6.628779709966468,6.8472706211543715,0.2546227539755289,6.647819612981636,6.885350427184709,7.360412055590854,0.28265979553297815,6.696435259876151,6.982581720973737,7.554874643168911
2023,3,2023_03_PIT_LV,PIT,11.0,6.551321245083817,0.5855605737048685,6.669128183576828,6.786935122069838,7.022548999055861,0.47435927006927353,6.659315247270962,6.767309249458107,6.983297253832397,0.0838393407982739,6.559683544069469,6.5680458430551205,6.584770441026425,0.07739559561509603,6.561348106817309,6.571374968550801,6.591428692017785
2023,3,2023_03_TEN_CLE,CLE,12.0,8.356413036213794,1.244619247928538,8.188951329296913,8.02148962238003,7.686566208546265,1.2762215775672694,8.208762657930547,8.0611122796473,7.765811523080806,0.3810320409685214,8.250940054091238,8.14546707196868,7.934521107723565,0.37910944796613133,8.26920456311691,8.181996090020025,8.007579143826257
2023,3,2023_03_TEN_CLE,TEN,5.0,6.769826493467356,0.46389076402466295,6.8023608167875045,6.834895140107653,6.899963786747951,0.7521917762723086,6.890976363407949,7.012126233348543,7.25442597322973,0.23345088814070233,6.893433985995849,7.017041478524343,7.2642564635813285,0.19234185839249066,6.860107494149444,6.950388494831533,7.130950496195711
2023,4,2023_04_ARI_SF,ARI,-3.0,3.4794310035041023,-1.9876103240376408,3.6617752648101076,3.8441195261161125,4.208808048728123,-2.147008794504454,3.652830808897375,3.8262306142906475,4.173030225077193,-0.4304828773318209,3.5922259219557207,3.7050208404073386,3.9306106773105753,-0.40478697952543596,3.611701012988048,3.7439710224719933,4.008511041439884
2023,4,2023_04_ARI_SF,SF,2.0,9.22757537030786,2.1345291370034993,9.038395662926838,8.849215955545818,8.470856540783775,2.1491914806601513,9.0137048641182,8.79983435792854,8.37209334554922,0.41066414567231063,8.943922008904137,8.660268647500413,8.092961924692966,0.40516018836913376,8.956597968654023,8.685620567000187,8.143665763692514
2023,4,2023_04_ATL_JAX,ATL,3.0,4.884008845327411,-0.7524295536904948,5.034484618608211,5.18496039188901,5.485911938450609,-1.0175970913757684,4.98223311202651,5.080457378725607,5.276905912123803,-0.019968872294654976,5.1535085360387285,5.423008226750046,5.96200760817268,-0.040480643481454054,5.130122459489094,5.376236073650777,5.868463301974142
2023,4,2023_04_ATL_JAX,JAX,20.0,7.276533333220242,0.8285913701012982,7.237548524901382,7.198563716582523,7.120594099944804,0.5806561631439954,7.167155658872829,7.057777984525417,6.839022635830592,0.3661160551424121,7.425529782508231,7.57452623179622,7.872519130372198,0.36346957079136505,7.44010397186997,7.603674610519699,7.930815887819155
2023,4,2023_04_BAL_CLE,BAL,16.0,7.786319911168568,0.8992708874857974,7.6381580689213475,7.489996226674128,7.193672542179687,1.1066326259829162,7.678016624053121,7.569713336937674,7.353106762706781,0.31371524127586536,7.74304436826085,7.699768825353131,7.613217739537695,0.3081023825082717,7.7517751323661095,7.717230353563652,7.648140795958735
2023,4,2023_04_BAL_CLE,CLE,4.0,6.9689531749375,1.9329720604708187,7.292329491248464,7.6157058075594275,8.262458440181355,1.8632426960785669,7.249867348055936,7.530781521174372,8.092609867411245,0.2744581257713598,7.081454113090922,7.193955051244345,7.41895692755119,0.2665609065879373,7.085727970501429,7.202502766065357,7.436052357193214
2023,4,2023_04_CIN_TEN,CIN,5.0,8.218488250759107,1.4285438428764914,8.099093559614662,7.979698868470219,7.740909486181333,1.3049108465780008,8.050591665485939,7.8826950802127715,7.546901909666436,0.4160916736953037,8.193821095323527,8.169153939887948,8.119819629016789,0.43145609576248967,8.233345819884345,8.248203389009584,8.277918527260061
2023,4,2023_04_CIN_TEN,TEN,12.0,5.889899293586143,0.12419107013139564,6.015495929087655,6.141092564589169,6.392285835592195,0.23068768532222586,6.041666207866384,6.193433122146626,6.496966950707108,0.13647034986938997,6.101458232212636,6.31301717083913,6.736135048092116,0.12211656351016895,6.092073772855576,6.2942482521250085,6.698597210663875
2023,4,2023_04_DEN_CHI,CHI,0.0,5.378587215488614,-1.186404447119097,5.293242300684044,5.207897385879475,5.037207556270337,-1.3961306014320316,5.260673174263113,5.142759133037611,4.906931050586609,-0.2101639832504105,5.289150849836417,5.19971448418422,5.020841752879826,-0.22714744023544925,5.26280116422309,5.1470151129575665,4.915443010426518
2023,4,2023_04_DEN_CHI,DEN,7.0,7.232989064759155,0.4832360977830358,7.11562109021698,6.998253115674805,6.763517166590455,0.536702139355193,7.123757401869295,7.014525738979435,6.796062413199714,0.2787178843187931,7.284750802214821,7.336512539670487,7.440036014581818,0.2402083140497316,7.2501193460084306,7.267249627257706,7.301510189756256
2023,4,2023_04_DET_GB,DET,10.0,6.64605673441138,0.06290568300123085,6.566772642967794,6.487488551524208,6.328920368637035,0.044004896520453925,6.563168816470664,6.480280898529947,6.3145050626485135,0.14967015787552,6.6849058711064355,6.723755007801492,6.801453281191603,0.1112667913273758,6.6453435777920085,6.644630421172637,6.643204107933893
2023,4,2023_04_DET_GB,GB,3.0,5.6760312057283935,-0.531078837280342,5.685717277406146,5.6954033490838984,5.714775492439404,-0.18430410610621822,5.779862936822206,5.883694667916018,6.091358130103643,-0.023756906536949098,5.742839107428237,5.80964700912808,5.943262812527766,-0.026133390624220706,5.742451569395315,5.808871933062235,5.941712660396078
2023,4,2023_04_KC_NYJ,KC,5.0,9.497996471822152,3.840927290741367,9.682290190227373,9.866583908632593,10.235171345443035,4.954399054670711,9.901966137093874,10.305935802365596,11.113875132909039,0.5286992510779954,9.292759741669682,9.087523011517213,8.677049551212274,0.5274620860814107,9.315515726468826,9.1330349811155,8.768073490408847
2023,4,2023_04_KC_NYJ,NYJ,7.0,4.18306204697863,-2.3086192879885856,4.106522474937496,4.029982902896361,3.8769037588140915,-2.4079066202106083,4.116804361045694,4.0505466751127575,3.9180313032468836,-0.46961463357120187,4.071539084231662,3.9600161214846947,3.7369701959907586,-0.4779954477982204,4.045983527082456,3.9089050071862816,3.6347479673939325
2023,4,2023_04_LA_IND,IND,3.0,6.455351216123019,0.8404771030854649,6.6247342233766915,6.7941172306303645,7.132883245137711,0.9751569878000533,6.6476643597766225,6.839977503430226,7.224603790737432,0.24063784660079726,6.654413382429314,6.853475548735609,7.2515998813481986,0.2653455359191652,6.698975244111243,6.942599272099467,7.4298473280759145
2023,4,2023_04_LA_IND,LA,4.0,6.708765457752345,0.8335145549680952,6.812995188820935,6.9172249198895255,7.125684382026707,0.46872810610210114,6.713980411786801,6.719195365821259,6.729625273890173,0.24514309498492096,6.850047532295485,6.991329606838625,7.273893755924905,0.2165899141750529,6.826805928278117,6.944846398803889,7.180927339855432
2023,4,2023_04_LV_LAC,LAC,14.0,7.449435377073327,0.6678694700028884,7.325680822180731,7.201926267288137,6.954417157502946,0.24890734696024797,7.215770199183394,6.982105021293463,6.514774665513599,0.18035477489655216,7.325399969004154,7.201364560934984,6.953293744796641,0.19124739268589924,7.3499620458223,7.250488714571276,7.051542052069225
2023,4,2023_04_LV_LAC,LV,4.0,3.5288120158669067,-2.94388128666521,3.4516291144947786,3.37444621312265,3.2200804103783933,-3.088384948229745,3.459843662088347,3.390875308309787,3.2529386007526675,-0.5362009452477593,3.4984772523983705,3.468142488929834,3.407472961992761,-0.5193231636468381,3.502546730053576,3.4762814442402448,3.423750872613583
2023,4,2023_04_MIA_BUF,BUF,9.0,6.194623497276346,1.2307156161241877,6.530059321905605,6.8654951465348635,7.536366795793381,0.8715539896068202,6.426803437441335,6.658983377606324,7.123343257936301,-0.1480730166419278,5.977991152481685,5.761358807687025,5.328094118097704,-0.1518046073660998,5.970993373565381,5.747363249854416,5.300103002432486
2023,4,2023_04_MIA_BUF,MIA,-2.0,4.327688577232268,-2.5195918063391614,4.160459094933006,3.993229612633743,3.6587706480352176,-1.9468153476519927,4.337940756673929,4.348192936115591,4.368697294998913,-0.3030059295245853,4.386121566329679,4.444554555427091,4.561420533621915,-0.29134334802512807,4.392689738939147,4.457690900646027,4.587693224059786
2023,4,2023_04_MIN_CAR,CAR,12.0,5.065206487864907,-1.9708253166060958,4.855445554409404,4.645684620953901,4.226162754042895,-2.060774492931602,4.8632335578379955,4.6612606278110835,4.25731476775726,-0.4775767594799865,4.72329742321778,4.3813883585706535,3.6975702292763994,-0.4433890547116108,4.751762266467838,4.438318045070769,3.8114296022766316
2023,4,2023_04_MIN_CAR,MIN,11.0,7.065785176616415,0.4249867944754885,6.975161590164162,6.88453800371191,6.703290830807405,0.5028407856580955,6.990080548770714,6.914375920925014,6.762966665233613,0.2396903227762468,7.111066665635529,7.156348154654644,7.246911132692873,0.21320914406292849,7.0902556188468555,7.114726061077297,7.16366694553818
2023,4,2023_04_NE_DAL,DAL,21.0,8.311299167617683,1.4768164178302148,8.181179494386855,8.051059821156027,7.79082047469437,1.2627061040898742,8.109887229978003,7.908475292338322,7.50565141705896,0.4823981410885319,8.345457394497245,8.379615621376809,8.447932075135935,0.42691652982611467,8.297159861853451,8.28302055608922,8.254741944560754
2023,4,2023_04_NE_DAL,NE,2.0,4.991935854058873,-1.0414453610058327,5.04072356079078,5.089511267522687,5.187086680986501,-0.9318067739727898,5.084141017824892,5.17634618159091,5.360756509122947,-0.3216909691517495,4.861191654141348,4.730447454223823,4.4689590543887725,-0.3322833690978118,4.838620763128615,4.685305672198357,4.378675490337842
2023,4,2023_04_PIT_HOU,HOU,12.0,6.625156950530934,0.7705760842782634,6.7340201439994685,6.8428833374680025,7.060609724405071,0.258773983702679,6.599972267259857,6.57478758398878,6.524418217446627,0.17621838713836954,6.7020740000514545,6.778991049571975,6.932825148613017,0.1558091356763355,6.686521054722652,6.74788515891437,6.870613367297806
2023,4,2023_04_PIT_HOU,PIT,-1.0,8.038409725316832,1.6467135339917378,8.020428306008863,8.002446886700893,7.966484048084954,1.5780290620957036,7.982268523514019,7.926127321711206,7.81384491810558,0.36531281276419064,7.9959433808225295,7.953477036328226,7.86854434733962,0.37066939721561587,8.02070087651758,8.002992027718326,7.96757433011982
2023,4,2023_04_SEA_NYG,NYG,3.0,4.812385327000554,-1.5173989712213984,4.783033692132865,4.753682057265177,4.6949787875297995,-1.0922488351163504,4.910274506616469,5.0081636862323835,5.203942045464213,-0.2525561729267535,4.812055812214837,4.811726297429121,4.811067267857688,-0.23705747857292328,4.825500916101933,4.838616505203312,4.864847683406071
2023,4,2023_04_SEA_NYG,SEA,30.0,6.401838200557452,0.4194511990171061,6.475770488513331,6.549702776469211,6.697567352380969,0.5209592705920933,6.4965475231538194,6.591256845750188,6.780675490942922,0.2701223255326317,6.650754038935314,6.899669877313176,7.397501554068899,0.22849013615162894,6.6117995190167616,6.821760837476071,7.24168347439469
2023,4,2023_04_TB_NO,NO,3.0,7.134877009204391,1.0020872452468637,7.1761524012427245,7.217427793281057,7.299978577357722,0.748641928496694,7.101960317010688,7.069043624816985,7.003210240429579,0.23380916982401323,7.155609931990975,7.176342854777559,7.217808700350726,0.22713144461882112,7.15984443840598,7.184811867607567,7.2347467260107425
2023,4,2023_04_TB_NO,TB,13.0,6.455033666258691,0.24749939361794013,6.471220087643209,6.487406509027727,6.519779351796763,0.5064883258150205,6.532908183306807,6.610782700354923,6.766531734451155,0.13474260779571828,6.52317161207738,6.5913095578960705,6.72758544953345,0.1371999581501379,6.535176477993359,6.615319289728028,6.775604913197365
2023,4,2023_04_WAS_PHI,PHI,4.0,9.210396650507375,1.9033981156926738,8.965767670321156,8.72113869013494,8.231880729762505,2.3989227492992535,9.061842034465664,8.913287418423955,8.616178186340534,0.526402638191878,9.074218722695521,8.938040794883669,8.665684939259961,0.5150913393523906,9.084026265252948,8.95765587999852,8.704915109489665
2023,4,2023_04_WAS_PHI,WAS,2.0,4.706546220428669,-1.2314395443390238,4.777570647403173,4.848595074377677,4.990643928326684,-1.578582163318822,4.712060845655747,4.717575470882826,4.728604721336982,-0.37493778016234386,4.581277493285633,4.456008766142595,4.205471311856522,-0.3339319385372238,4.622474360629787,4.538402500830905,4.37025878123314
2023,5,2023_05_BAL_PIT,BAL,6.0,8.325906292152352,2.3179979160684705,8.364863464601463,8.403820637050575,8.481734981948797,2.126615260462487,8.364253096923736,8.402599901695122,8.479293511237895,0.413854824116718,8.213690394840965,8.10147449752958,7.877042702906806,0.4305661003578787,8.236518037887004,8.147129783621656,7.96835327509096
2023,5,2023_05_BAL_PIT,PIT,18.0,6.9429459731026695,-0.18438668132691416,6.745859210129839,6.54877244715701,6.154598921211349,-0.34209164509991524,6.718030241724845,6.493114510347022,6.043283047591375,-0.02909538238172079,6.680599944025251,6.418253914947832,5.893561856792995,-0.03576028534076537,6.671152685768326,6.399359398433982,5.855772823765295
2023,5,2023_05_CAR_DET,CAR,-2.0,4.169777275027521,-2.3793473212894933,4.155672234847461,4.141567194667401,4.11335711430728,-2.8815894576169847,4.011687770574583,3.8535982661216455,3.5374192572157708,-0.4577694801885307,4.120834908311754,4.071892541595988,3.974007808164455,-0.4439269178489326,4.1290007714315795,4.0882242678356375,4.0066712606437545
2023,5,2023_05_CAR_DET,DET,7.0,8.317492245163455,1.600233241528908,8.19167849497198,8.065864744780505,7.814237244397556,1.6298903106762177,8.235406025195367,8.153319805227278,7.989147365291102,0.48378242700245533,8.285661830633323,8.25383141610319,8.190170587042925,0.46201037522572275,8.265820199261455,8.214148153359456,8.110804061555458
2023,5,2023_05_CHI_WAS,CHI,10.0,5.2876743866825215,-2.0270087012142293,5.076010924890442,4.864347463098362,4.441020539514203,-1.7492864182363272,5.129437207013701,4.97120002734488,4.654725668007239,-0.40635628446761757,5.016813358606426,4.745952330530331,4.204230274378141,-0.3655269562924188,5.056216686182408,4.824758985682295,4.3618435846820685
2023,5,2023_05_CHI_WAS,WAS,-1.0,8.112874654822162,0.9839864435985113,7.89494294639284,7.677011237963518,7.241147821104874,0.8651461812902584,7.893288936648956,7.673703218475751,7.234531782129339,0.3835592308499395,8.02000160817266,7.927128561523156,7.741382468224149,0.3719688052888466,8.010379043061313,7.907883431300466,7.702892207778769
2023,5,2023_05_CIN_ARI,ARI,4.0,5.071071100678082,-1.557666339902329,5.0226767325121715,4.974282364346261,4.877493628014441,-1.2099995830431167,5.100020824120289,5.128970547562497,5.186869994446914,-0.22674277643703522,5.055433129568475,5.039795158458869,5.008519216239656,-0.23492423345144428,5.041680342032414,5.012289583386747,4.953508066095412
2023,5,2023_05_CIN_ARI,CIN,16.0,6.379950814098477,0.29610156608956073,6.435322440640781,6.490694067183086,6.601437320267696,0.5128623759442256,6.506691548116345,6.633432282134214,6.886913750169952,0.2152397501342431,6.531879835889111,6.683808857679747,6.987666901261017,0.19901571561068468,6.514805483526379,6.649660152954283,6.919369491810089
2023,5,2023_05_DAL_SF,DAL,-1.0,5.706284770920533,1.2079230252372604,6.1420639627844205,6.577843154648308,7.449401538376084,0.5568713854709862,6.012298550328019,6.318312329735504,6.930339888550476,-0.11218243945187269,5.660090435079724,5.613896099238914,5.521507427557296,-0.15116183690550578,5.612956983860358,5.519629196800183,5.332973622679835
2023,5,2023_05_DAL_SF,SF,16.0,6.530678837357638,0.7359130587204826,6.650621044027927,6.770563250698215,7.010447664038791,0.16349903610650568,6.533553504024127,6.536428170690614,6.542177504023591,0.11623268186457349,6.534090244352079,6.5375016513465205,6.544324465335402,0.08163845332689346,6.49491407916941,6.459149320981181,6.387619804604723
2023,5,2023_05_GB_LV,GB,9.0,6.686926579237591,0.7316424457171442,6.76681396773594,6.84670135623429,7.00647613323099,1.065203248195827,6.873179739755056,7.059432900272521,7.431939221307451,0.17852277379335285,6.721008044579184,6.755089509920779,6.823252440603968,0.20338685941042764,6.749987913450022,6.813049247662454,6.939171916087316
2023,5,2023_05_GB_LV,LV,12.0,5.821608638714748,-0.22095174798818878,5.89635512948098,5.9711016202472145,6.12059460177968,-0.3508101043855547,5.8748764937149005,5.928144348715055,6.03468005871536,0.0806719690867342,5.962478384518326,6.103348130321904,6.38508762192906,0.08664403838262008,5.968780582448663,6.1159525261825785,6.41029641365041
2023,5,2023_05_HOU_ATL,ATL,1.0,6.769722297046468,0.0257470809365107,6.664795839444869,6.559869381843269,6.350016466640071,0.335754606139832,6.7553296376224665,6.740936978198464,6.712151659350461,0.20765820329328105,6.815721121126133,6.861719945205799,6.953717593365129,0.2378706100403039,6.851139803396055,6.932557309745642,7.095392322444814
2023,5,2023_05_HOU_ATL,HOU,4.0,6.811664943802432,0.9141594494374568,6.902801456334427,6.993937968866423,7.176210993930415,0.6184610675418585,6.856527171533463,6.901389399264494,6.9911138547265566,0.271438089350082,6.9185778823446,7.025490820886768,7.2393166979711046,0.2772750257573591,6.927224864898721,7.042784785995012,7.273904628187592
2023,5,2023_05_JAX_BUF,BUF,9.0,6.709961534754798,1.0918269230534414,6.867830138515949,7.025698742277099,7.341435949799399,0.8595465947503205,6.839722740697835,6.969483946640872,7.229006358526946,0.21060575976859724,6.774200255404724,6.838438976054649,6.9669164173545,0.2208933875603863,6.7870914175170824,6.864221300279368,7.018481065803938
2023,5,2023_05_JAX_BUF,JAX,5.0,4.6050772481311295,-2.947182413529875,4.350130185690076,4.095183123249022,3.5852889983669156,-2.519844502541801,4.427401219107199,4.249725190083267,3.894373132035405,-0.4220923248340048,4.487249453157915,4.369421658184701,4.133766068238273,-0.41211426225792114,4.49150566312329,4.37793407811545,4.150790908099771
2023,5,2023_05_KC_MIN,KC,6.0,6.136192513804164,-0.20705335979099057,6.135524297730511,6.1348560816568565,6.13351964950955,-0.19855314155407375,6.14837450424936,6.160556494694556,6.184920475584948,-0.07938097320293802,6.019241554748634,5.9022905956931035,5.668388677582043,-0.047695159395024014,6.052570566315104,5.968948618826044,5.801704723847925
2023,5,2023_05_KC_MIN,MIN,2.0,3.871042338486107,-2.7002029019979736,3.857024726088978,3.843007113691848,3.8149718888975896,-2.6242549685713,3.851118132804647,3.831193927123186,3.791345515760266,-0.3744556027153168,3.990051232232141,4.109060125978175,4.347077913470242,-0.38886146281862305,3.9673147961539925,4.063587253821877,4.256132169157649
2023,5,2023_05_NO_NE,NE,1.0,8.154361681778639,1.406521969224623,8.02429428108752,7.8942268803964035,7.634092079014168,1.4021796635454282,8.056884411295856,7.959407140813074,7.764452599847509,0.39614011960270107,8.065200827049535,7.976039972320434,7.797718262862229,0.41200661517348236,8.086839750010421,8.019317818242204,7.884273954705771
2023,5,2023_05_NO_NE,NO,24.0,6.881895847809136,0.9023885358663146,6.952737992910741,7.023580138012347,7.1652644282155595,0.3627152803342046,6.846110700027279,6.810325552245423,6.73875525668171,0.2781546584510673,6.978770069240445,7.075644290671754,7.269392733534373,0.25322643097501446,6.952661437396793,7.023427026984452,7.164958206159769
2023,5,2023_05_NYG_MIA,MIA,11.0,7.87160923459533,1.8406438353582946,7.913159739873748,7.954710245152167,8.037811255709004,1.3249078840285038,7.825757984837166,7.779906735079001,7.688204235562671,0.4526558294877793,7.91640422831564,7.961199222035949,8.05078920947657,0.43741872326143433,7.903556288073384,7.935503341551438,7.999397448507546
2023,5,2023_05_NYG_MIA,NYG,12.0,3.083537787466252,-2.6272599149208915,3.2833549625637852,3.4831721376613185,3.8828064878563855,-2.3740277011786506,3.322218011412389,3.5608982353585263,4.038258683250801,-0.5062986796626997,3.251828228208906,3.4201186689515604,3.7566995504368683,-0.5012617359342995,3.249385726637315,3.4152336658083784,3.746929544150505
2023,5,2023_05_NYJ_DEN,DEN,7.0,7.50267249091411,1.0340167466065548,7.448922960978754,7.395173431043398,7.287674371172686,1.159931251855457,7.508357521492036,7.514042552069962,7.525412613225814,0.31229553600164844,7.4825722970945305,7.462472103274951,7.422271715635792,0.31805289234845474,7.491664124557475,7.480655758200838,7.4586390254875665
2023,5,2023_05_NYJ_DEN,NYJ,12.0,6.227246261860581,-0.2475343422914248,6.194403110411531,6.1615599589624805,6.09587365606438,-0.6475994861810269,6.105890061947242,5.984533862033902,5.741821462207223,0.14478830607058066,6.338483025313506,6.449719788766432,6.672193315672282,0.11647210007904378,6.3067910293651295,6.386335796869677,6.545425331878773
2023,5,2023_05_PHI_LA,LA,3.0,4.756435786900342,-1.300019608727861,4.846601011401051,4.936766235901761,5.11709668490318,-1.4073440754706157,4.815361641034041,4.87428749516774,4.992139203435138,-0.30069258540412175,4.736671927404641,4.71690806790894,4.677380348917538,-0.28987939037264915,4.743463549388739,4.730491311877136,4.70454683685393
2023,5,2023_05_PHI_LA,PHI,5.0,6.9292783579058765,0.41125393739877614,6.874090085907063,6.818901813908248,6.708525269910619,1.1356370446527146,7.0723188102390555,7.2153592625722345,7.501440167238592,0.23210603868444044,6.9627568261120185,6.99623529431816,7.0631922307304436,0.2438191039400463,6.977543907200316,7.025809456494754,7.122340555083632
2023,5,2023_05_TEN_IND,IND,4.0,6.844617578115708,0.7953237039696263,6.899887590199928,6.955157602284149,7.0656976264525895,0.6542011077824228,6.890058318842614,6.935499059569523,7.026380541023337,0.25184847907762714,6.9213623441704275,6.998107110225149,7.15159664233459,0.27893370251759797,6.953817900482645,7.063018222849583,7.281418867583458
2023,5,2023_05_TEN_IND,TEN,1.0,7.274250511148211,0.8048154791984383,7.224319050321854,7.174387589495495,7.07452466784278,0.6392841768960198,7.208603177194456,7.142955843240699,7.011661175333187,0.32107537374772666,7.321084591975955,7.3679186728036985,7.461586834459187,0.28946885572102327,7.2879743498812335,7.301698188614257,7.329145866080301
2023,6,2023_06_ARI_LA,ARI,5.0,4.58288383797094,-2.1185139013093477,4.401947992163238,4.221012146355535,3.8591404547401305,-2.129845839263117,4.418495518438294,4.254107198905648,3.9253305598403565,-0.4211141986766035,4.366573506884758,4.150263175798576,3.7176425136262137,-0.37922550917868025,4.4199610735590715,4.2570383091472035,3.931192780323467
2023,6,2023_06_ARI_LA,LA,10.0,6.783765895181129,0.5339549753943067,6.797950651821381,6.812135408461634,6.840504921742138,0.5192019862810258,6.823390752525431,6.863015609869733,6.9422653245583374,0.3006697176211842,6.994246992957816,7.204728090734502,7.625690286287876,0.2682139255149888,6.961920676055372,7.1400754569296145,7.4963850186781
2023,6,2023_06_BAL_TEN,BAL,11.0,8.1547461125215,2.1652690590370356,8.284583450158816,8.41442078779613,8.67409546307076,1.8688174016804069,8.235886783384363,8.317027454247224,8.479308795972946,0.42793880867731016,8.19475452051706,8.23476292851262,8.31477974450374,0.4428839863296998,8.230615529851722,8.306484947181941,8.458223781842381
2023,6,2023_06_BAL_TEN,TEN,5.0,5.689517623425133,-1.1898771606743228,5.49286933194009,5.2962210404550465,4.902924457484961,-1.3013103502342693,5.484370479324205,5.279223335223278,4.868929047021422,-0.19301731089606547,5.505302447335099,5.321087271245066,4.952656919064998,-0.21360699251205623,5.477935287334817,5.2663529512444995,4.843188279063867
2023,6,2023_06_CAR_MIA,CAR,4.0,2.9225944739002307,-0.841915204283655,3.515453933530373,4.108313393160515,5.294032312420799,-1.0553038155663228,3.4792208000297022,4.035847126159174,5.149099778418117,-0.47034521192157325,3.054717027301324,3.1868395807024172,3.4510846875046037,-0.4693283182874248,3.050703940159489,3.178813406418747,3.4350323389372632
2023,6,2023_06_CAR_MIA,MIA,5.0,8.400841045205263,1.295696867633015,8.224805728585817,8.048770411966371,7.6966997787274805,1.1906513939720593,8.227371377855896,8.053901710506526,7.706962375807787,0.4195606991487812,8.36798505021764,8.335129055230016,8.269417065254768,0.41350439550362617,8.374741290159596,8.348641535113927,8.296442025022591
2023,6,2023_06_DAL_LAC,DAL,4.0,6.040829721792104,-0.20386032987610625,6.033423154678877,6.026016587565649,6.011203453339194,-0.1537388882220715,6.074589711045447,6.10834970029879,6.175869678805477,-0.006205453652518652,6.021656405753969,6.0024830897158346,5.964136457639566,-0.044189125587796856,5.974648614624217,5.908467507456329,5.776105293120555
2023,6,2023_06_DAL_LAC,LAC,8.0,5.88650272383828,0.05848654462250562,5.991397117071056,6.096291510303832,6.306080296769385,-0.18460227766643494,5.950057075686393,6.013611427534507,6.140720131230735,-0.1076183645099707,5.768637905749395,5.650773087660509,5.415043451482737,-0.0977549084975574,5.785161984634249,5.683821245430218,5.481139767022157
2023,6,2023_06_DEN_KC,DEN,5.0,3.296814843480966,-3.2201475358277833,3.127838290455651,2.958861737430336,2.6209086313797068,-3.1572299747760284,3.161428204782607,3.026041566084249,2.755268288687532,-0.4991132216257289,3.296441717938168,3.296068592395371,3.2953223413097756,-0.4702345523169374,3.3301216494819244,3.3634284554828824,3.4300420674847993
2023,6,2023_06_DEN_KC,KC,14.0,7.890137905132191,0.8587348769667921,7.71899248866686,7.547847072201529,7.205556239270868,0.8828501653127697,7.756707229458715,7.62327655378524,7.3564152024382885,0.3970090596028724,7.954431632338758,8.018725359545325,8.147312813958461,0.37156822998004835,7.933982476446516,7.977827047760844,8.065516190389497
2023,6,2023_06_DET_TB,DET,10.0,6.833505006020249,0.4566963739108185,6.81354539475947,6.793585783498691,6.753666560977133,0.7289268439689843,6.920407693339984,7.007310380659718,7.181115755299188,0.19710060314022937,6.891359421687319,6.949213837354389,7.06492266868853,0.1965647994401978,6.900589177600095,6.9676733491799405,7.101841692339632
2023,6,2023_06_DET_TB,TB,4.0,5.134193060269662,-0.31511653181956617,5.322182776423604,5.510172492577546,5.88615192488543,-0.8280682147548312,5.202617985083731,5.271042909897801,5.40789275952594,0.006485135609218092,5.358856983263488,5.583520906257315,6.032848752244968,-0.002105115406694154,5.352606107616733,5.571019154963805,6.007845249657947
2023,6,2023_06_IND_JAX,IND,1.0,5.176983030431517,-1.3446209299514293,5.064985541904525,4.952988053377533,4.728993076323549,-1.3601706680676875,5.083210896114481,4.9894387617974445,4.801894493163372,-0.17801907129110736,5.141203228479904,5.105423426528291,5.033863822625065,-0.21301611202116907,5.094347778730123,5.011712527028728,4.84644202362594
2023,6,2023_06_IND_JAX,JAX,12.0,7.018422352656843,0.3559381634996476,6.923920447804893,6.82941854295294,6.640414733249037,0.34730795382181034,6.950441634725671,6.882460916794496,6.746499480932149,0.33317299774440146,7.214236011739116,7.410049670821388,7.801676988985932,0.3137692440151525,7.20062678790618,7.382831223155517,7.747240093654189
2023,6,2023_06_MIN_CHI,CHI,7.0,5.373400054413302,-1.0589074758101156,5.292583506392388,5.211766958371474,5.050133862329647,-1.4178313469092563,5.214106585398339,5.054813116383377,4.736226178353451,-0.10318121912483735,5.389817055850235,5.40623405728717,5.439068060161039,-0.1301152380442776,5.355786106814245,5.338172159215188,5.302944264017074
2023,6,2023_06_MIN_CHI,MIN,15.0,7.479129797448419,0.5437067724966532,7.322213823810465,7.16529785017251,6.851465902896601,0.610308395080773,7.370853385688173,7.262576973927927,7.046024150407435,0.22486759816420582,7.413163621077137,7.347197444705856,7.2152650919632935,0.21783786342916925,7.414093353171408,7.349056908894398,7.218984020340377
2023,6,2023_06_NE_LV,LV,9.0,7.580223024704878,3.460415598698784,8.217626024053356,8.855029023401833,10.129835022098787,2.767070041387185,8.060743872090914,8.541264719476949,9.502306414249022,0.3415581261910773,7.646936686445886,7.713650348186894,7.84707767166891,0.289074874245244,7.587981766369844,7.59574050803481,7.611257991364741
2023,6,2023_06_NE_LV,NE,2.0,6.580297527988809,0.6595746569040165,6.680648382015718,6.7809992360426286,6.981700944096447,0.5038237951993042,6.666411017176113,6.752524506363418,6.924751484738026,0.1398000468396292,6.6238913646364,6.6674852012839905,6.754672874579172,0.16796804969217569,6.67131582872098,6.762334129453151,6.944370730917493
2023,6,2023_06_NO_HOU,HOU,10.0,6.829057946747072,0.33371239871842917,6.775651725570242,6.722245504393413,6.615433062039754,0.6216618967484357,6.886532052917692,6.944006159088314,7.0589543714295555,0.2002257830742227,6.892254393453543,6.9554508401600135,7.081843733572955,0.201646961811924,6.904250246384311,6.97944254602155,7.12982714529603
2023,6,2023_06_NO_HOU,NO,5.0,6.955374577922793,1.8382063550577281,7.293150504621294,7.630926431319795,8.306478284716796,1.8569329993327583,7.332974419780658,7.710574261638523,8.465773945354252,0.3187833590566367,7.147472261413384,7.3395699449039755,7.723765311885158,0.3670974393807879,7.226755263281454,7.498135948640115,8.040897319357438
2023,6,2023_06_NYG_BUF,BUF,6.0,9.861751247414675,2.1876348799169874,9.57112207475549,9.280492902096306,8.699234556777935,1.8034874100543934,9.497539958396692,9.133328669378706,8.404906091342738,0.5338110006683128,9.6183177385053,9.374884229595926,8.888017211777177,0.5002623756200929,9.5898593904285,9.317967533442324,8.774183819469975
2023,6,2023_06_NYG_BUF,NYG,5.0,3.2698865246220934,-2.7633865619709668,3.2359914307641864,3.2020963369062794,3.1343061491904654,-2.8775534866018035,3.220861116904695,3.171835709187297,3.0737848937525003,-0.5068688775415051,3.2657473667057575,3.2616082087894216,3.25332989295675,-0.49536271819911715,3.275332698971022,3.2807788733199503,3.291671222017807
2023,6,2023_06_PHI_NYJ,NYJ,11.0,4.997668005764963,-2.065580024978792,4.7279104846204305,4.458152963475897,3.9186379211868325,-2.1509107162093533,4.723586078011055,4.449504150257147,3.901340294749332,-0.4053554190765156,4.6989928310728075,4.400317656380651,3.80296730699634,-0.39467448700732227,4.709781350670889,4.421894695576816,3.8461213853886695
2023,6,2023_06_PHI_NYJ,PHI,6.0,8.663266792058268,1.1302700990800771,8.375140281261837,8.087013770465406,7.510760748872543,1.6294760225086664,8.549132305194895,8.434997818331524,8.206728844604779,0.4599776536434028,8.619513043047583,8.5757592940369,8.488251796015529,0.4665281954046394,8.64455586044465,8.625844928831029,8.588423065603791
2023,6,2023_06_SEA_CIN,CIN,12.0,6.401279355718035,0.6056367522973176,6.531228255253768,6.661177154789501,6.921074953860965,0.25401019768173105,6.461020762796379,6.520762169874724,6.640244984031412,0.22542723745574653,6.605533321582641,6.809787287447247,7.2182952191764596,0.21268181482549953,6.598607443089201,6.795935530460367,7.190591705202699
2023,6,2023_06_SEA_CIN,SEA,6.0,5.900524533894603,-0.32567315573110667,5.893964980820627,5.88740542774665,5.874286321598698,-0.4635920023849744,5.881139816422419,5.861755098950235,5.822985664005868,-0.13912914004799826,5.736501049020849,5.572477564147095,5.244430594399588,-0.16417470424467964,5.7042414727252275,5.507958411555853,5.115392289217102
2023,6,2023_06_SF_CLE,CLE,5.0,5.474039666755045,0.3178740230825665,5.754937447772154,6.035835228789265,6.597630790823485,-0.24704135578304093,5.622932204112414,5.771824741469784,6.0696098161845216,-0.11610292030582721,5.447805856685368,5.421572046615692,5.369104426476338,-0.1258404308273819,5.437150733135169,5.4002617995152935,5.326483932275542
2023,6,2023_06_SF_CLE,SF,7.0,10.21988883724124,2.7415028080055364,9.995361604154498,9.770834371067757,9.32177990489427,2.7773932453324446,10.043432441627994,9.866976046014749,9.514063254788255,0.5009439335348522,9.84243183046562,9.464974823689998,8.710060810138755,0.4930651726653963,9.848554547105445,9.47722025696965,8.734551676698059
2023,6,2023_06_WAS_ATL,ATL,5.0,6.572132281211317,0.34788571426829573,6.586940163994057,6.601748046776796,6.6313638123422765,0.45966854689888914,6.6477152532307775,6.723298225250238,6.874464169289158,0.23425481711626353,6.745622091544868,6.919111901878418,7.266091522545519,0.22775900400909518,6.7475031627820385,6.92287404435276,7.273615807494202
2023,6,2023_06_WAS_ATL,WAS,10.0,6.530185182292836,0.2624624881100418,6.531475998199202,6.532766814105568,6.5353484459183,0.23632764062372466,6.552665576480232,6.575145970667627,6.620106759042419,0.20564818623570197,6.675439624353166,6.8206940664134965,7.111202950534157,0.21328078786135551,6.696111389769873,6.862037597246911,7.193890012200987
2023,7,2023_07_ARI_SEA,ARI,9.0,4.2313242564623925,-2.1106651800262446,4.309055344300432,4.3867864321384715,4.54224860781455,-1.8338907592937284,4.335284751853004,4.439245247243617,4.647166238024842,-0.424416778088825,4.249614225002374,4.267904193542356,4.30448413062232,-0.3780259264767553,4.2775280911712485,4.3237319258801055,4.4161395952978175
2023,7,2023_07_ARI_SEA,SEA,8.0,8.18976817628425,1.7705069510643856,8.122254623755387,8.054741071226523,7.919713966168795,1.400411941294836,8.097825876572806,8.005883576861361,7.821998977438474,0.4912871142067952,8.172819703421347,8.155871230558445,8.121974284832639,0.4706909818262487,8.179829772168606,8.16989136805296,8.15001455982167
2023,7,2023_07_ATL_TB,ATL,11.0,6.36849017487854,0.026773949184848204,6.376939216517441,6.38538825815634,6.40228634143414,-0.03133209924794186,6.380512827477273,6.392535480076004,6.41658078527347,0.09866826132320704,6.397662710952174,6.4268352470258066,6.4851803191730735,0.09434085662134153,6.399939282529406,6.431388390180271,6.494286605482003
2023,7,2023_07_ATL_TB,TB,6.0,7.646600111524139,0.9619115383420102,7.538965030053092,7.431329948582043,7.216059785639948,0.634571721668424,7.502510198698143,7.358420285872148,7.070240460220156,0.3464020154640366,7.61444030032918,7.582280489134221,7.517960866744303,0.31730172263173945,7.603747200513452,7.560894289502766,7.475188467481392
2023,7,2023_07_BUF_NE,BUF,2.0,9.131751139860445,3.483864157099725,9.201490362505336,9.271229585150227,9.410708030440007,2.6959805923901885,9.122249772970354,9.112748406080264,9.093745672300082,0.5310330968549041,8.920731315227851,8.709711490595257,8.287671841330068,0.49674142505483737,8.914968803491062,8.69818646712168,8.264621794382915
2023,7,2023_07_BUF_NE,NE,5.0,5.097385046686176,-1.986230843927212,4.98567218280388,4.873959318921583,4.650533591156989,-1.796824676586472,4.9939264792827025,4.89046791187923,4.683550777072284,-0.41792436428621776,4.905926395266158,4.714467743846139,4.331550441006104,-0.39763480086832004,4.905506691224448,4.713628335762721,4.329871624839266
2023,7,2023_07_CLE_IND,CLE,10.0,7.533260393668662,1.0973483530998542,7.4834251258923405,7.43358985811602,7.333919322563377,0.7134763247645988,7.436868851238842,7.340477308809021,7.1476942239493795,0.32766802371751363,7.509910415003093,7.486560436337523,7.439860479006385,0.293516078914368,7.4925815631030135,7.451902732537365,7.370545071406067
2023,7,2023_07_CLE_IND,IND,2.0,6.456665377337266,0.4210845345598124,6.528854648130997,6.601043918924728,6.74542246051219,0.6314198674389291,6.609285672990563,6.761905968643859,7.0671465599504515,0.1951129313566624,6.564311480194259,6.671957583051251,6.887249788765236,0.20813665916514068,6.591229996633345,6.7257946159294235,6.994923854521581
2023,7,2023_07_DET_BAL,BAL,14.0,6.727418010856372,0.32484162375343445,6.710981047976538,6.6945440850967035,6.661670159337035,-0.00633312957783657,6.6558435312461715,6.58426905163597,6.441120092415568,0.16081547244355937,6.73163017200319,6.735842333150009,6.744266655443646,0.17721286005414663,6.76028265988967,6.793147308922968,6.858876606989565
2023,7,2023_07_DET_BAL,DET,-2.0,6.131086612911716,0.44614952263350083,6.290123574966627,6.449160537021537,6.767234461131357,0.29501217242262384,6.2825460797648915,6.434005546618068,6.73692448032442,0.2074147514692655,6.332948712308504,6.534810811705291,6.938535010498866,0.18050195273037123,6.316651648880829,6.502216684849943,6.8733467567881705
2023,7,2023_07_GB_DEN,DEN,3.0,6.729664950077712,0.6455847652973686,6.782445356030877,6.835225761984042,6.940786573890373,0.5664563042596515,6.798093087215181,6.86652122435265,7.003377498627588,0.12882830513933566,6.699977444454413,6.670289938831114,6.610914927584515,0.10701445706832971,6.684759534621756,6.6398541191658005,6.55004328825389
2023,7,2023_07_GB_DEN,GB,2.0,6.786801647865879,0.5869017739392898,6.812531132385389,6.838260616904899,6.8897195859439195,0.7142997431093618,6.877226861371369,6.96765207487686,7.148502501887839,0.2719770911524931,6.892023688000882,6.997245728135885,7.207689808405891,0.25197534247639247,6.887048560159659,6.9872954724534395,7.187789297041
2023,7,2023_07_JAX_NO,JAX,9.0,6.531607524716204,0.3934827557752,6.579056368355956,6.626505211995708,6.721402899275212,0.3493979999617571,6.596283218929933,6.660958913143663,6.790310301571122,0.25556952477788886,6.6835276651346724,6.835447805553141,7.139288086390077,0.2679668037210262,6.713241316810881,6.894875108905557,7.25814269309491
2023,7,2023_07_JAX_NO,NO,4.0,6.526309215739882,0.9234437318039961,6.69037801501459,6.8544468142892985,7.182584412838715,0.856403193346925,6.716730176603098,6.907151137466313,7.287993059192742,0.2665365958889513,6.690984125612832,6.855659035485782,7.185008855231681,0.24076919518612483,6.679354056607043,6.832398897474203,7.138488579208524
2023,7,2023_07_LAC_KC,KC,10.0,6.99325608092085,0.6426245862570709,6.979494703985871,6.965733327050893,6.938210573180936,0.9119932426382694,7.080582300654263,7.167908520387677,7.342560959854502,0.2250310981472024,6.997936068896333,7.002616056871816,7.0119760328227825,0.2057756281254893,6.991076223608341,6.988896366295832,6.9845366516708145
2023,7,2023_07_LAC_KC,LAC,4.0,4.387375942769904,-2.7251813227540396,4.292403376301996,4.1974308098340884,4.007485676898272,-2.3540867933080127,4.324665752871454,4.261955562973002,4.136535183176099,-0.4326550098514397,4.358066871199909,4.328757799629912,4.2701396564899206,-0.4084570536435407,4.3610969135810995,4.334817884392294,4.282259826014683
2023,7,2023_07_LV_CHI,CHI,17.0,6.710666389686456,0.15693596375319138,6.6618887055033085,6.61311102132016,6.515555652953864,-0.22694945717978052,6.5891398658525375,6.467613342018618,6.2245602943507805,0.1113409297876849,6.667502686150021,6.624338982613585,6.538011575540714,0.11385445912255117,6.678033650625133,6.645400911563811,6.580135433441165
2023,7,2023_07_LV_CHI,LV,4.0,7.714848688246258,1.0068254817137579,7.599922691666821,7.484996695087382,7.255144701928506,0.6979613507524967,7.56925264813008,7.423656608013901,7.1324645277815435,0.35025130815181155,7.669638574760897,7.624428461275534,7.53400823430481,0.348900527268428,7.68968785569028,7.6645270231342995,7.614205358022342
2023,7,2023_07_MIA_PHI,MIA,12.0,4.517727755384104,-1.9086765692791126,4.567801493317348,4.617875231250592,4.71802270711708,-1.7388848976491615,4.573402117111234,4.629076478838363,4.740425202292622,-0.21823232036699175,4.679308132261992,4.840888509139879,5.164049262895654,-0.19851199101690353,4.689770692944961,4.861813630505818,5.205899505627531
2023,7,2023_07_MIA_PHI,PHI,10.0,5.881678676007774,0.09958330287354496,6.02767059259766,6.173662509187547,6.46564634236732,0.515104001795604,6.149501363067076,6.417324050126378,6.952969424244982,-0.16173512507830773,5.761154300231991,5.640629924456206,5.3995811729046395,-0.1749856486689288,5.73860953754442,5.595540399081066,5.309402122154357
2023,7,2023_07_PIT_LA,LA,2.0,7.377833232948882,1.0824798991122462,7.363620056749914,7.349406880550946,7.320980528153009,0.8644884063917447,7.357357326544637,7.336881420140391,7.2959296073318995,0.3629808767421535,7.430144100302938,7.482454967656992,7.587076702365102,0.3335562881974773,7.420049768192428,7.462266303435973,7.546699373923063
2023,7,2023_07_PIT_LA,PIT,5.0,6.277476436072198,-0.2905250125272202,6.239649105486603,6.201821774901008,6.126167113729817,-0.5894408359892349,6.175290861648909,6.073105287225619,5.8687341383790415,-0.015112948557807149,6.210816406473978,6.14415637687576,6.0108363176793205,-0.048550783647402194,6.174518353656959,6.07156027124172,5.865644106411241
2023,7,2023_07_SF_MIN,MIN,8.0,4.969327970821803,-1.9397461215870933,4.899742334961113,4.830156699100422,4.69098542737904,-2.317966466804385,4.769993817087378,4.570659663352952,4.171991355884101,-0.38845536989763174,4.84059700917984,4.711866047537876,4.45440412425395,-0.378762743403754,4.830220482376305,4.691112993930807,4.4128980170398115
2023,7,2023_07_SF_MIN,SF,2.0,7.649579746119623,1.1239224726338732,7.576445958677889,7.503312171236155,7.357044596352688,1.1391179232631987,7.628562169632245,7.607544593144867,7.565509440170111,0.35531716442806943,7.625966647093357,7.602353548067091,7.555127350014559,0.3300611165619017,7.620015457868551,7.590451169617478,7.531322593115333
2023,7,2023_07_WAS_NYG,NYG,14.0,6.9232820147868255,0.4751375031969578,6.890576591073238,6.85787116735965,6.7924603199324745,0.6651395123567928,6.967523059346766,7.011764103906707,7.100246193026587,0.2088935530374437,6.928636512603818,6.933991010420812,6.944700006054797,0.1927508449325895,6.924270251889286,6.925258488991746,6.927234963196668
2023,7,2023_07_WAS_NYG,WAS,9.0,7.852108801587088,1.5999595116040828,7.831906735210768,7.811704668834446,7.771300536081806,1.0265551823114156,7.752835706060498,7.653562610533909,7.455016419480729,0.38329114346783183,7.807018712155408,7.761928622723728,7.671748443860367,0.3731246079327951,7.819276008439226,7.786443215291364,7.720777628995639
2023,8,2023_08_ATL_TEN,ATL,3.0,8.609798154268448,1.3089502514922597,8.409362789942135,8.208927425615821,7.8080566969631935,1.3644752788508052,8.464554169265456,8.319310184262463,8.028822214256477,0.3440460739447569,8.376821678384161,8.143845202499874,7.677892250731299,0.35056544998143085,8.401310823752139,8.19282349323583,7.775848832203211
2023,8,2023_08_ATL_TEN,TEN,8.0,6.804467703086854,0.07391943648900806,6.7415074328639815,6.6785471626411095,6.552626622195364,0.14208877188533253,6.789681953353865,6.774896203620875,6.745324704154895,0.21373224620399486,6.877518922679193,6.950570142271531,7.096672581456208,0.18855127245536835,6.858225434165393,6.911983165243932,7.01949862740101
2023,8,2023_08_BAL_ARI,ARI,3.0,4.332853599069668,-2.2917955024744163,4.286599369204873,4.240345139340079,4.147836679610489,-2.409370527268993,4.266217652003573,4.199581704937479,4.06630981080529,-0.5118690602009645,4.214735050899592,4.096616502729518,3.860379406389367,-0.4597871486092719,4.247835865089371,4.162818131109075,3.9927826631484824
2023,8,2023_08_BAL_ARI,BAL,6.0,8.064712199709025,2.68815021695371,8.351043448258494,8.637374696807964,9.210037193906905,2.046278870313953,8.23471198564669,8.404711771584356,8.744711343459686,0.5185882279140396,8.162628410313223,8.260544620917422,8.456377042125819,0.5059516019574587,8.173848307496959,8.282984415284893,8.50125663086076
2023,8,2023_08_CHI_LAC,CHI,1.0,4.492481896976311,-2.3507933428491112,4.391327512653982,4.290173128331654,4.087864359686998,-2.175259877525244,4.447392522525156,4.402303148074003,4.312124399171695,-0.44918126561614086,4.404355570259739,4.316229243543168,4.139976590110025,-0.42076877490737546,4.413095626243514,4.3337093555107185,4.174936814045127
2023,8,2023_08_CHI_LAC,LAC,9.0,8.131125812651772,1.2581911738888947,8.037459164779353,7.943792516906934,7.756459221162096,1.246722053728275,8.074639891879206,8.01815397110664,7.905182129561508,0.40373439132275557,8.084372185943618,8.037618559235462,7.944111305819153,0.3703779109472763,8.065429789127357,7.999733765602942,7.868341718554112
2023,8,2023_08_CIN_SF,CIN,9.0,5.575788780664552,-0.674169464221905,5.629886931041193,5.683985081417836,5.792181382171121,-1.480183220958426,5.4423291245905405,5.30886946851653,5.041950156368507,-0.10832513703620557,5.596903393070658,5.618018005476763,5.6602472302889755,-0.15069848510929218,5.5407761654812395,5.505763550297928,5.435738319931304
2023,8,2023_08_CIN_SF,SF,4.0,7.404208321213486,1.5033265090000747,7.554567117753731,7.704925914293975,8.005643507374465,1.3581361128121183,7.558697774178604,7.713187227143722,8.02216613307396,0.35751685507682884,7.487649741351156,7.571091161488825,7.737974001764163,0.32192706154245493,7.463694443587159,7.523180565960832,7.642152810708178
2023,8,2023_08_CLE_SEA,CLE,5.0,6.338243975742904,-0.11837695303677191,6.342971490151267,6.34769900455963,6.357154033376357,-0.2317928175937544,6.341870876969768,6.345497778196634,6.352751580650364,0.03370461172818715,6.327113408111666,6.315982840480428,6.293721705217954,0.03990930265541667,6.335076857504325,6.331909739265749,6.325575502788593
2023,8,2023_08_CLE_SEA,SEA,10.0,8.41729624220417,1.8486438708327901,8.402138318551355,8.38698039489854,8.35666454759291,1.7786907419363354,8.428908589265129,8.440520936326088,8.463745630448004,0.3911846463686518,8.285006561022964,8.15271687984176,7.88813751747935,0.39355016181798874,8.307102060363052,8.196907878521934,7.976519514839699
2023,8,2023_08_HOU_CAR,CAR,8.0,6.156665149049443,0.011366304896733759,6.239758933680307,6.322852718311172,6.489040287572901,0.01585576959590365,6.270694089578688,6.384723030107935,6.612780911166427,0.13919097967464744,6.308550635253669,6.460436121457895,6.7642070938663466,0.11821509905876394,6.290283821356109,6.423902493662775,6.691139838276107
2023,8,2023_08_HOU_CAR,HOU,7.0,7.226718461521236,0.8684621729523926,7.260112092540547,7.293505723559858,7.3602929855984796,0.6995229676331653,7.252695549787105,7.278672638052973,7.33062681458471,0.3532986239223464,7.34982885701559,7.472939252509942,7.719160043498649,0.32157466626575726,7.330165766540439,7.433613071559643,7.64050768159805
2023,8,2023_08_JAX_PIT,JAX,11.0,7.646864440411454,1.0373426308791303,7.618139049565199,7.589413658718945,7.531962877026436,0.7795143134047493,7.588802626071187,7.5307408117309205,7.414617183050388,0.37043200727428244,7.684042720929479,7.721221001447505,7.7955775624835555,0.36713369311368016,7.698447417201791,7.75003039399213,7.853196347572806
2023,8,2023_08_JAX_PIT,PIT,10.0,6.208658208533491,0.10368141044232743,6.302213701609272,6.3957691946850534,6.582880180836616,-0.19898104158016072,6.253294586919259,6.29793096530503,6.387203722076568,0.1033144956632227,6.3075417738207875,6.406425339108084,6.604192469682678,0.08107641698130665,6.285933875674965,6.363209542816441,6.517760877099391
2023,8,2023_08_KC_DEN,DEN,17.0,4.058523346019676,-2.98113675537183,3.905669868131304,3.7528163902429315,3.447109434466187,-2.8974217098948674,3.932357357460345,3.806191368901014,3.553859391782352,-0.47989722043764743,4.044637189022761,4.0307510320258455,4.002978718032015,-0.4647120662727295,4.036340279438272,4.014157212856867,3.969791079694059
2023,8,2023_08_KC_DEN,KC,10.0,7.768306967599784,1.0314794094447564,7.707730928587156,7.647154889574528,7.526002811549271,1.1460764230410017,7.776106451337885,7.783905935075986,7.799504902552188,0.4030437027403526,7.811487907887521,7.854668848175258,7.941030728750732,0.3992980186143872,7.8270684566223805,7.885829945644977,8.00335292369017
2023,8,2023_08_LA_DAL,DAL,15.0,7.798922129538757,1.188297033838432,7.770544253435145,7.742166377331532,7.685410625124309,1.3111106085799633,7.842389015600995,7.885855901663233,7.97278967378771,0.39754277336200156,7.828315532046047,7.857708934553337,7.916495739567917,0.38278099303927443,7.830752725499507,7.8625833214602565,7.926244513381757
2023,8,2023_08_LA_DAL,LA,1.0,5.511135768992348,-1.7274793992082575,5.31372025395239,5.116304738912431,4.721473708832514,-1.7959286402535488,5.310956730683349,5.110777692374349,4.71041961575635,-0.38646533417183215,5.238276643879707,4.965417518767064,4.41969926854178,-0.37355676844429214,5.232187397467268,4.953239025942185,4.395342282892022
2023,8,2023_08_LV_DET,DET,12.0,7.113003628425351,1.3007699842330935,7.2846880499528766,7.456372471480401,7.799741314535453,0.9047738513589372,7.221287432597604,7.329571236769857,7.5461388451143625,0.2313020708688875,7.128511895236968,7.144020162048584,7.1750366956718175,0.23689762201381317,7.146052642841067,7.179101657256782,7.2451996860882115
2023,8,2023_08_LV_DET,LV,13.0,3.7449348749133593,-2.47585392679588,3.7988856872283403,3.8528364995433204,3.960738124173282,-2.5319640487513904,3.793098018156522,3.841261161399684,3.937587447886009,-0.4895653020845418,3.7986655537483647,3.852396232583369,3.9598575902533795,-0.45057376187129494,3.8176498113904116,3.8903647478674634,4.035794620821568
2023,8,2023_08_MIN_GB,GB,7.0,6.221151447012489,-0.19540877129540818,6.235576051414645,6.250000655816801,6.278849864621113,-0.02382737463872605,6.308642055231758,6.396132663451025,6.571113879889561,0.1048387141188758,6.318611264733535,6.416071082454582,6.610990717896675,0.11243282421465822,6.331900023141367,6.442648599270244,6.6641457515279985
2023,8,2023_08_MIN_GB,MIN,10.0,6.957127653696879,0.6013342982341747,6.99003396638451,7.022940279072141,7.088752904447403,0.3930207115744233,6.970046123383096,6.982964593069314,7.0088015324417485,0.18581087647044295,6.960880487202344,6.96463332070781,6.97213898771874,0.15812198997437626,6.937206230418612,6.917284807140344,6.877441960583811
2023,8,2023_08_NE_MIA,MIA,6.0,7.452649475982831,1.0134515506895494,7.466406402716415,7.480163329449999,7.507677182917168,1.1577993226942833,7.542440573831291,7.63223167167975,7.811813867376669,0.38981516622730567,7.559994463460328,7.667339450937826,7.88202942589282,0.3665106030375343,7.552058982358007,7.651468488733183,7.850287501483535
2023,8,2023_08_NE_MIA,NE,5.0,4.320203797805228,-1.3829023975545405,4.508088388401308,4.695972978997387,5.071742160189546,-1.6271101721559653,4.46207231283252,4.603940827859811,4.887677857914394,-0.4797903243318446,4.2410167211208805,4.1618296444365335,4.003455491067838,-0.4687224454257106,4.227920084851274,4.135636371897319,3.9510689459894093
2023,8,2023_08_NO_IND,IND,-1.0,5.81636975273122,0.3304252150682732,6.065619604509807,6.314869456288394,6.813369159845568,0.29517007382510785,6.088792071795542,6.361214390859862,6.906059028988505,0.19303721438291557,6.113369705483295,6.4103696582353695,7.004369563739519,0.20871437245460936,6.140684425543645,6.46499909835607,7.113628443980919
2023,8,2023_08_NO_IND,NO,4.0,6.607769829130942,0.7247297656988407,6.759374001949509,6.9109781747680765,7.214186520405211,0.47603024097863966,6.729817615141554,6.851865401152166,7.095960973173391,0.3028976304658126,6.829418341424239,7.0510668537175345,7.494363878304128,0.29237190642759137,6.831871606211132,7.055973383291323,7.504176937451704
2023,8,2023_08_NYJ_NYG,NYG,12.0,7.04148600093972,0.48729645550335904,7.024322369467109,7.007158737994498,6.972831475049277,0.6939113105442822,7.112298153916411,7.183110306893102,7.324734612846485,0.26320084384703646,7.110442030264794,7.179398059589868,7.317310118240016,0.2516393173967391,7.109619528119835,7.1777530552999504,7.31402010966018
2023,8,2023_08_NYJ_NYG,NYJ,8.0,8.561655068959036,1.449131950886168,8.4088797533492,8.256104437739367,7.950553806519697,0.8543993126244558,8.294552782319641,8.027450495680247,7.493245922401457,0.437371183309415,8.444775441688341,8.327895814417644,8.094136559876254,0.41250533237083875,8.437493854118365,8.313332639277693,8.06501020959635
2023,8,2023_08_PHI_WAS,PHI,2.0,9.43478957388537,2.0994102669825128,9.228985406475346,9.02318123906532,8.611572904245271,1.600223207983642,9.145181164122665,8.855572754359962,8.276355934834552,0.5113356391831324,9.18209952627064,8.929409478655911,8.424029383426452,0.4825635232767168,9.174109995348871,8.913430416812373,8.392071259739376
2023,8,2023_08_PHI_WAS,WAS,2.0,4.971291600547607,-1.784130949871647,4.894440308604066,4.817589016660525,4.6638864327734435,-1.837253605379985,4.895225871340925,4.819160142134243,4.667028683720879,-0.3237604710802845,4.903311845516132,4.835332090484657,4.699372580421707,-0.29441870882862425,4.9196666935339515,4.868041786520297,4.764791972492986
2023,8,2023_08_TB_BUF,BUF,6.0,8.566086891408942,1.5747412163361918,8.44412461511238,8.322162338815819,8.078237786222697,1.6872922349606736,8.516509623651682,8.466932355894425,8.36777782037991,0.3565324714649033,8.357961043505345,8.149835195601748,7.733583499794554,0.36164211026475507,8.381455001834118,8.196823112259294,7.827559333109646
2023,8,2023_08_TB_BUF,TB,4.0,4.11706733315302,-2.3963833874730494,4.098180823578174,4.079294314003326,4.0415212948536325,-2.364740188968135,4.116093340407358,4.115119347661695,4.113171362170369,-0.43956820004785224,4.133513584298636,4.1499598354442515,4.182852337735484,-0.424573582513221,4.127094093523475,4.137120853893929,4.157174374634839
2023,9,2023_09_ARI_CLE,ARI,1.0,5.248402556297831,-1.2175102521750862,5.205861310232803,5.163320064167774,5.078237572037717,-1.278068636135058,5.186453244313189,5.1245039323285475,5.0006053083592645,-0.30132694952091155,5.134622105356037,5.020841654414242,4.793280752530652,-0.26519482870745914,5.169439250595666,5.0904759448935,4.932549333489168
2023,9,2023_09_ARI_CLE,CLE,23.0,9.716408191652032,1.8090343439906937,9.438512132973669,9.160616074295305,8.604823956938578,1.3975283810387344,9.336172289118336,8.95593638658464,8.195464581517248,0.46490529597409397,9.391165133869471,9.065922076086911,8.41543596052179,0.43210103707922526,9.358619602251553,9.000831012851073,8.285253834050112
2023,9,2023_09_BUF_CIN,BUF,1.0,5.499661154238485,-0.6731272251237206,5.552886580586094,5.606112006933703,5.712562859628921,-0.3561521943683763,5.650106171750713,5.800551189262942,6.101441224287398,-0.19368682670427295,5.450275928409409,5.400890702580333,5.302120250922181,-0.18057679038372237,5.459597296264597,5.419533438290709,5.339405722342933
2023,9,2023_09_BUF_CIN,CIN,6.0,5.449325491787908,-0.7830138565102983,5.483124344077741,5.516923196367574,5.58452090094724,-0.9584851337904849,5.43254698710644,5.415768482424972,5.382211473062036,-0.15803462350335587,5.4546582128197745,5.459990933851641,5.4706563759153735,-0.17493558561927366,5.428626491896836,5.407927492005765,5.366529492223621
2023,9,2023_09_CHI_NO,CHI,0.0,4.686501053455075,-2.170478003729995,4.506831219975535,4.327161386495994,3.967821719536913,-2.0296399005512233,4.5406693002017,4.394837546948326,4.103174040441577,-0.44833805423507406,4.539457192854487,4.3924133322538985,4.098325611052722,-0.41370452917824285,4.56949882072081,4.452496587986545,4.218492122518015
2023,9,2023_09_CHI_NO,NO,13.0,7.878675050580317,1.472261537425424,7.962108783507297,8.045542516434276,8.212409982288234,1.3446561317419594,7.942089096467271,8.005503142354224,8.132331234128129,0.44755093064004936,7.992355763768398,8.10603647695648,8.33339790333264,0.43763602498459736,7.98697301221751,8.095270973854703,8.31186689712909
2023,9,2023_09_DAL_PHI,DAL,2.0,5.375327431197923,-1.0757408576659129,5.342353054093831,5.3093786769897395,5.243429922781557,-1.162536488016887,5.316135367211199,5.256943303224476,5.1385591752510305,-0.26687185393525276,5.270535042353332,5.165742653508742,4.95615787581956,-0.3007821607311813,5.221855581501394,5.068383731804866,4.7614400324118105
2023,9,2023_09_DAL_PHI,PHI,7.0,7.396978367413675,0.5976708516355015,7.346063913839509,7.295149460265341,7.193320553117007,0.4869288424916691,7.324769245282228,7.252560123150779,7.108141878887884,0.14536310566025426,7.273955497217868,7.150932627022058,6.904886886630441,0.17050297486137886,7.304596423602863,7.212214479792049,7.027450592170423
2023,9,2023_09_IND_CAR,CAR,4.0,5.880701460596333,0.3272831502156242,6.130091031680578,6.379480602764824,6.878259744933315,0.19817760691271752,6.101364021527195,6.322026582458058,6.763351704319784,0.16053517292780295,6.15467827578506,6.428655090973789,6.976608721351245,0.15919148521936868,6.153791903148621,6.4268823457009105,6.973063230805487
2023,9,2023_09_IND_CAR,IND,26.0,6.575021876029045,0.6866447752159015,6.75551506537731,6.936008254725575,7.296994633422104,0.3356638777687396,6.663146508414088,6.75127114079913,6.927520405569215,0.3353440584938782,6.882008990915123,7.188996105801202,7.802970335573358,0.3273048144462176,6.87661082409052,7.178199772151993,7.781377668274942
2023,9,2023_09_LAC_NYJ,LAC,27.0,8.242866887657996,1.6012261989393768,8.27282067039137,8.302774453124744,8.362682018591492,1.7197368018596395,8.32720143864218,8.411535989626367,8.580205091594738,0.38620612863994513,8.19300191149734,8.143136935336685,8.043406983015373,0.3950393686540375,8.208914090613215,8.174961293568433,8.107055699478872
2023,9,2023_09_LAC_NYJ,NYJ,5.0,6.356828235690456,-0.05147436038353834,6.376852278688095,6.396876321685735,6.436924407681015,-0.2713431072530126,6.318298551953558,6.279768868216662,6.202709500742867,0.0859480784193683,6.423625790094778,6.490423344499103,6.62401845330775,0.09010237640155819,6.4278392505593445,6.498850265428233,6.640872295166011
2023,9,2023_09_LA_GB,GB,12.0,8.138569464037912,1.2570749864701742,8.094344744864582,8.050120025691253,7.961670587344592,1.4276240343844226,8.161777348315553,8.184985232593196,8.231401001148477,0.3118952525613563,8.02695771370684,7.915345963375769,7.692122462713625,0.3472023500293397,8.073189108895155,8.0078087537524,7.877048043466888
2023,9,2023_09_LA_GB,LA,9.0,6.620995983256792,-0.023560067922446304,6.583109653313875,6.545223323370958,6.469450663485123,-0.3005772298560187,6.507697440459973,6.394398897663153,6.167801812069515,0.06418832271157943,6.596035764309705,6.571075545362617,6.5211551074684415,0.006515163885788552,6.525490055809106,6.4299841283614185,6.238972273466045
2023,9,2023_09_MIA_KC,KC,6.0,5.692780187705279,0.03870043623868559,5.905084582709138,6.117388977712997,6.541997767720716,-0.2462879302925279,5.827741946157174,5.962703704609067,6.232627221512855,-0.09524746234314269,5.711451555310275,5.730122922915271,5.767465658125263,-0.09370743005090343,5.708856843174317,5.724933498643355,5.757086809581431
2023,9,2023_09_MIA_KC,MIA,4.0,4.604081621571214,-1.7421899958676599,4.569778945886098,4.5354762702009825,4.46687091883075,-1.5246634006799904,4.6295994799816285,4.655117338392044,4.706153055212873,-0.2292113774403534,4.736608108265598,4.8691345949599825,5.134187568348752,-0.22103310549717292,4.739282618818994,4.874483616066772,5.144885610562332
2023,9,2023_09_MIN_ATL,ATL,9.0,6.841166682661432,-0.21393371618336657,6.692780943737995,6.544395204814558,6.247623726967683,0.017131467912228672,6.76766734261242,6.694168002563407,6.547169322465383,0.13616514830003792,6.8462265212112206,6.8512863597610085,6.861406036860585,0.16098896321578296,6.876301456546138,6.911436230430844,6.981705778200256
2023,9,2023_09_MIN_ATL,MIN,4.0,6.723365681981576,0.24217698473859667,6.737297373668526,6.751229065355476,6.779092448729375,0.6161404954362212,6.858131781199264,6.992897880416951,7.262430078852326,0.21146884985298645,6.846870229093252,6.970374776204928,7.2173838704282804,0.1962488066678983,6.830334377599253,6.937303073216929,7.151240464452283
2023,9,2023_09_NYG_LV,LV,19.0,7.504052031768787,1.290343309060332,7.628147888631538,7.7522437454942885,8.00043545921979,1.2252731571571016,7.62548382325622,7.746915614743651,7.989779197718514,0.3917258594997604,7.645414027377968,7.786776022987148,8.06950001420551,0.36444229433170827,7.618024102793954,7.73199617381912,7.959940315869452
2023,9,2023_09_NYG_LV,NYG,-1.0,7.233051614835685,1.321084246771416,7.43385255486448,7.634653494893275,8.036255374950864,1.5763464589322806,7.527035334834791,7.821019054833897,8.408986494832108,0.2656121843006496,7.293121662445579,7.353191710055472,7.473331805275259,0.30574022259679307,7.344211669423922,7.455371724012158,7.67769183318863
2023,9,2023_09_SEA_BAL,BAL,15.0,7.570263313464103,0.9918431353240877,7.590851853187332,7.611440392910561,7.652617472357019,0.652752999879306,7.5042345093836635,7.438205705303224,7.306148097142345,0.35094345749892086,7.646875551405481,7.7234877893468585,7.876712265229613,0.31871645145450933,7.612718363527205,7.6551734135903065,7.74008351371651
2023,9,2023_09_SEA_BAL,SEA,1.0,5.605694764356139,-1.4620472073931967,5.402595707504945,5.19949665065375,4.793298536951362,-1.3762969294997704,5.425099451877722,5.2445041393993055,4.883313514442471,-0.3644095111355591,5.3280398344566535,5.050384904557167,4.495075044758195,-0.3529135731261482,5.331967142885345,5.05823952141455,4.510784278472961
2023,9,2023_09_TB_HOU,HOU,0.0,7.549684414046193,0.8468511901994114,7.533180846871547,7.516677279696902,7.483670145347611,0.7538090480827928,7.518967420020214,7.488250425994235,7.426816437942278,0.25104578417357426,7.513381584974427,7.47707875590266,7.404473097759128,0.24776980717844194,7.512003626854131,7.4743228396620705,7.398961265277948
2023,9,2023_09_TB_HOU,TB,1.0,6.470780003136842,-0.24021077084213,6.40733630517282,6.343892607208798,6.217005211280754,-0.08478242527626546,6.459454165295841,6.448128327454839,6.4254766517728354,0.11402831157357578,6.5422750380365375,6.613770072936232,6.7567601427356205,0.1199388332015062,6.549167630884152,6.627555258631461,6.78433051412608
2023,9,2023_09_TEN_PIT,PIT,7.0,9.104266995026132,1.4849789660028279,8.885007388266564,8.665747781506996,8.22722856798786,1.7998327908037983,8.997161641972511,8.890056288918892,8.67584558281165,0.38036190220041766,8.832145243006067,8.560023490986003,8.015779986945875,0.39583049046967705,8.855915129621193,8.607563264216253,8.110859533406375
2023,9,2023_09_TEN_PIT,TEN,1.0,7.083113066273205,0.3436165191010039,7.036657722686859,6.990202379100515,6.8972916919278235,0.20610803254929605,7.005540103394639,6.927967140516074,6.772821214758944,0.18701839793605288,7.087785046638066,7.092457027002928,7.101800987732652,0.1616895015655805,7.05860331796909,7.034093569664976,6.985074073056747
2023,9,2023_09_WAS_NE,NE,8.0,7.656809501136726,1.0496078746755053,7.672588632684619,7.688367764232513,7.7199260273283,0.828493302320606,7.62160585600399,7.586402210871256,7.5159949206057854,0.3643202902371636,7.727594029706959,7.798378558277194,7.939947615417662,0.3707291458741766,7.740149239249264,7.8234889773618015,7.990168453586878
2023,9,2023_09_WAS_NE,WAS,3.0,6.476772805941743,0.5310760251858803,6.636510358322093,6.796247910702444,7.115723015463145,0.3910585124949118,6.60599602104314,6.7352192361445375,6.993665666347331,0.19378285272026557,6.641024132911134,6.8052754598805265,7.133778113819309,0.19140614420134106,6.639568656282698,6.802364506623652,7.1279562073055605
2023,10,2023_10_ATL_ARI,ARI,3.0,6.040220086943253,0.1042636311445329,6.171504778591305,6.302789470239357,6.565358853535462,0.3686174474935927,6.270230323093534,6.5002405592438155,6.960261031544377,0.17950948185830234,6.278099494027685,6.515978901112117,6.99173771528098,0.21577511569544305,6.3338313466393075,6.627442606335363,7.214665125727473
2023,10,2023_10_ATL_ARI,ATL,4.0,7.353816456815125,1.742244902874764,7.615613143952098,7.87740983108907,8.401003205363015,1.3960262255266243,7.552226070335733,7.750635683856341,8.147454910897556,0.3693728910963335,7.516279529507031,7.678742602198936,8.003668747582747,0.33108350311160883,7.4781132316305685,7.602410006446011,7.851003556076897
2023,10,2023_10_CAR_CHI,CAR,7.0,6.447851462467515,0.4641172415042562,6.5780480294129475,6.708244596358379,6.9686377302492435,0.22998200187098916,6.535904763269054,6.623958064070592,6.80006466567367,0.21191161377405057,6.62699711978658,6.806142777105646,7.164434091743777,0.20223899587092614,6.620879842070552,6.79390822167359,7.139964980879665
2023,10,2023_10_CAR_CHI,CHI,7.0,7.242634229766126,0.6181627029186871,7.217293821969087,7.191953414172048,7.14127259857797,0.3346413010263535,7.162225880448525,7.081817531130923,6.921000832495721,0.3001836604362963,7.340701939064887,7.43876964836365,7.634905066961172,0.307303256870397,7.3619182702352095,7.481202310704292,7.719770391642459
2023,10,2023_10_CLE_BAL,BAL,14.0,8.939281673318083,3.2760747763753426,9.234443182159218,9.529604691000353,10.119927708682622,2.8297370615790567,9.15549623706568,9.371710800813275,9.80413992830847,0.40865556285160354,8.757720484435279,8.576159295552472,8.213036917786862,0.4228841262690906,8.793864388814352,8.648447104310623,8.357612535303165
2023,10,2023_10_CLE_BAL,CLE,15.0,6.117542787203717,-0.3275331421615322,6.108520861976986,6.099498936750256,6.081455086296795,-0.8345302758222087,5.980656305536931,5.843769823870145,5.569996860536573,-0.06934586954662515,6.004505178216567,5.891467569229418,5.665392351255119,-0.057936098547656925,6.014199140971311,5.910855494738904,5.704168202274092
2023,10,2023_10_DEN_BUF,BUF,6.0,7.696179536332782,0.7525169335578827,7.595094652395284,7.494009768457787,7.291840000582793,1.2455194144740542,7.765519881273424,7.834860226214067,7.973540916095351,0.4004023083145866,7.814396864923809,7.932614193514838,8.169048850696894,0.3718080176741019,7.791070902659542,7.885962268986303,8.075745001639824
2023,10,2023_10_DEN_BUF,DEN,8.0,4.066566717783469,-2.6480079119347346,3.9201644040031387,3.773762090222809,3.4809574626621487,-2.667601247000266,3.9128856014930937,3.7592044852027193,3.4518422526219696,-0.4767722640681926,3.923399418086978,3.7802321183904875,3.4938975189975054,-0.45761986155994233,3.9245454965776814,3.7825242753718937,3.4984818329603184
2023,10,2023_10_DET_LAC,DET,-2.0,6.569636244317172,0.514361348405408,6.683463442049291,6.797290639781412,7.0249450352456515,0.711089876259087,6.7662260836941694,6.962815923071169,7.355995601825166,0.18261771571093693,6.6793031661150035,6.788970087912837,7.008303931508502,0.19560708475580124,6.703068747320584,6.836501250323996,7.103366256330822
2023,10,2023_10_DET_LAC,LAC,-4.0,4.754859685984664,-0.99243992219325,4.900222466080987,5.0455852461773105,5.336310806369958,-0.978146749125757,4.917155965862753,5.079452245740841,5.4040448054970165,-0.21117070405756677,4.7935189054940786,4.832178125003493,4.90949656402232,-0.19384236727855275,4.8046844493211776,4.85450921265769,4.954158739330715
2023,10,2023_10_GB_PIT,GB,1.0,6.972264166130614,0.8755961437085757,7.0866410673816205,7.201017968632627,7.429771771134639,0.3150070803817354,6.953776387174621,6.935288608218628,6.898313050306642,0.2553714097226514,7.07821448290143,7.184164799672246,7.396065433213877,0.23987343335883513,7.066111522695851,7.159958879261088,7.347653592391563
2023,10,2023_10_GB_PIT,PIT,8.0,8.167400084804429,1.1625628804415356,8.063392104737144,7.959384124669856,7.7513681645352825,0.9805961093326571,8.042404087841266,7.917408090878103,7.6674160969517775,0.3117062218398866,8.049629522281297,7.931858959758163,7.696317834711896,0.27421349954684227,8.009840552617646,7.852281020430862,7.537161956057294
2023,10,2023_10_HOU_CIN,CIN,6.0,7.524380508883971,0.020313314304439306,7.261104843686022,6.9978291784880735,6.471277848092176,0.2986974849815045,7.363152118445847,7.201923728007724,6.879466947131477,0.2380006112049937,7.4691560873280265,7.413931665772083,7.303482822660193,0.20606538792491713,7.43355568846744,7.342730868050909,7.161081227217846
2023,10,2023_10_HOU_CIN,HOU,8.0,5.126895652183891,-1.9684062112336658,4.9058142316454605,4.684732811107029,4.242569970030168,-2.1848511358186653,4.847589446690478,4.568283241197063,4.009670830210235,-0.516201149689269,4.666109254241851,4.20532285629981,3.283750060415729,-0.49458863261888847,4.668788427672389,4.210681203160887,3.2944667541378836
2023,10,2023_10_IND_NE,IND,16.0,6.757103877857628,0.8609812490633733,6.921176215103954,7.08524855235028,7.413393226842932,0.5871926934872139,6.871035315677371,6.984966753497114,7.2128296291366,0.32495430345921017,7.009559721680835,7.2620155655040435,7.766927253150458,0.3307667406011694,7.030141777688201,7.303179677518774,7.84925547717992
2023,10,2023_10_IND_NE,NE,6.0,6.247598451386584,0.37912611902540866,6.404046418575849,6.560494385765114,6.873390320143644,0.5261943606024626,6.4712850104891695,6.694971569591755,7.142344687796926,0.24316968636912376,6.518457058218186,6.789315665049789,7.3310328787129935,0.2735396949658133,6.5690597166233875,6.89052098186019,7.533443512333797
2023,10,2023_10_NO_MIN,MIN,8.0,5.806770570202233,-0.6546862851742572,5.783783627561907,5.76079668492158,5.7148227996409275,-0.45986671736799756,5.85581017839047,5.904849786578707,6.002929002955179,0.1035750334468422,6.001833797268946,6.196897024335659,6.587023478469085,0.08102764655502388,5.972840575081394,6.138910579960554,6.4710505897188755
2023,10,2023_10_NO_MIN,NO,1.0,6.489471511038909,0.19021184036910813,6.532523344941374,6.57557517884384,6.66167884664877,-0.09166184211821815,6.474203131308151,6.458934751577392,6.428397992115874,0.22981341089236038,6.682065335865025,6.87465916069114,7.2598468103433715,0.25312799334446306,6.722303615044629,6.955135719050348,7.420799927061787
2023,10,2023_10_NYG_DAL,DAL,8.0,11.419968901773418,3.15038066234821,11.059743046635996,10.699517191498572,9.979065481223728,2.8641461099951924,11.025951765146441,10.631934628519463,9.84390035526551,0.5200952030292753,10.766723219073349,10.113477536373278,8.80698617097314,0.4815669367058067,10.73534123958557,10.050713577397723,8.681458253022026
2023,10,2023_10_NYG_DAL,NYG,0.0,3.810992562835706,-2.3878660032110353,3.80136740887882,3.7917422549219335,3.772491947008161,-2.1687618727940636,3.8653100057230585,3.9196274486104103,4.028262334385115,-0.47710323925427695,3.731277795282173,3.6515630277286393,3.492133492621573,-0.46361654784331113,3.7245915838132344,3.6381906047907626,3.465388646745819
2023,10,2023_10_NYJ_LV,LV,8.0,7.642791674032616,1.2537897716416133,7.695494716417683,7.748197758802749,7.853603843572881,1.4955360809259157,7.797703950524402,7.952616227016186,8.262440779999757,0.36675382346890406,7.72952117598947,7.816250677946323,7.989709681860029,0.37896221410464986,7.760900255248104,7.879008836463591,8.115225998894566
2023,10,2023_10_NYJ_LV,NYJ,8.0,8.482130847851984,1.4522946676915631,8.380613955989253,8.279097064126521,8.076063280401057,1.072132966758445,8.30489538292068,8.127659917989376,7.773188988126771,0.3146133009468798,8.289551120768678,8.096971393685372,7.71181193951876,0.301834079515506,8.283995212152611,8.085859576453236,7.689588305054489
2023,10,2023_10_SF_JAX,JAX,1.0,5.644056633199954,-0.4628947911118269,5.715482148891656,5.786907664583358,5.929758695966762,-0.7868329618295229,5.639320518978445,5.634584404756934,5.625112176313915,0.022565504258256115,5.771857513754906,5.899658394309857,6.155260155419761,0.014271211220795162,5.758704958958676,5.873353284717396,6.102649936234839
2023,10,2023_10_SF_JAX,SF,20.0,6.809989522006116,0.541027262781879,6.871199354953317,6.932409187900518,7.05482885379492,0.48539666013025184,6.881292649040619,6.952595776075121,7.095202030144126,0.15867340834765023,6.82766362555658,6.845337729107045,6.880685936207973,0.11312508318792965,6.769537847831633,6.72908617365715,6.648182825308182
2023,10,2023_10_TEN_TB,TB,13.0,7.751149133742503,0.8514581704645455,7.664042088440812,7.576935043139121,7.40272095253574,1.1247542039660967,7.771860352202413,7.7925715706623215,7.83399400758214,0.32185325320845315,7.750961681299875,7.750774228857248,7.750399323971992,0.3383035372637519,7.786073821304601,7.8209985088666985,7.890847883990894
2023,10,2023_10_TEN_TB,TEN,6.0,6.264558373165932,-0.21497228636328478,6.250318580393086,6.23607878762024,6.207599202074547,-0.3036610472132219,6.244275819181589,6.2239932651972465,6.183428157228561,0.03863799234111562,6.258649542699872,6.252740712233812,6.240923051301691,0.03884875211295868,6.257989538395281,6.251420703624629,6.238283034083326
2023,10,2023_10_WAS_SEA,SEA,5.0,8.08344760140533,0.9940230134610649,7.953208146301709,7.8229686911980885,7.562489780990846,1.0240972207013954,7.992006352681699,7.900565103958069,7.717682606510807,0.4552649214107825,8.17794938826722,8.27245117512911,8.46145474885289,0.41615029681887616,8.142698542649951,8.201949483894573,8.320451366383814
2023,10,2023_10_WAS_SEA,WAS,0.0,5.4025890933359255,-1.4499912357867801,5.257827963643646,5.1130668339513665,4.823544574566808,-1.6400276628729302,5.211748462280035,5.020907831224145,4.639226569112363,-0.3322039954398358,5.118045624634034,4.833502155932141,4.264415218528358,-0.32212477787682386,5.113497354698768,4.824405616061611,4.246222138787296
2023,11,2023_11_ARI_HOU,ARI,10.0,4.976862432274911,-2.458160587662693,4.667744802056019,4.358627171837126,3.7403919113993416,-2.027966596981221,4.779815683392897,4.582768934510883,4.188675436746855,-0.5384253129118161,4.543280104791699,4.109697777308487,3.2425331223420635,-0.49967442586200056,4.572005577553603,4.167148722832295,3.35743501338968
2023,11,2023_11_ARI_HOU,HOU,7.0,7.643703266726721,1.2063826897275867,7.73695835144571,7.8302134361647,8.016723605602678,0.6877558994343117,7.611836642571461,7.579970018416201,7.516236770105681,0.32882956318255696,7.739185686527277,7.8346681063278325,8.025632945928944,0.345046052373133,7.7803411291916476,7.916978991656573,8.190254716586425
2023,11,2023_11_CHI_DET,CHI,9.0,3.15363037458874,-3.0165674239802436,3.137412814223116,3.1211952538574916,3.0887601331262435,-3.459654322215517,2.9738316692345093,2.7940329638802783,2.4344355531718165,-0.47963329193898663,3.25691876664839,3.3602071587080395,3.5667839428273393,-0.45142173375567635,3.2735974298284516,3.393564485068163,3.6334985955475854
2023,11,2023_11_CHI_DET,DET,6.0,7.19183201754808,1.0965057156992324,7.365999733947569,7.540167450347058,7.888502883146036,0.8929369045385578,7.335785023189613,7.4797380288311475,7.767644040114215,0.41045121831217607,7.512822557865462,7.833813098182845,8.47579417881761,0.3745080399330089,7.483577215867042,7.775322414186003,8.358812810823926
2023,11,2023_11_CIN_BAL,BAL,6.0,7.049346853915003,0.6593021956947399,7.131587410577641,7.213827967240281,7.3783090805655585,0.39993508823508406,7.077902979115156,7.106459104315311,7.163571354715619,0.254015367762941,7.190264225014238,7.331181596113474,7.6130163383119465,0.23283757341073893,7.174081869296479,7.298816884677956,7.548286915440911
2023,11,2023_11_CIN_BAL,CIN,2.0,5.156140613094295,-1.5446219636838228,5.068716470529446,4.981292327964597,4.806444042834898,-1.4702044035529231,5.085130132746792,5.0141196523992875,4.872098691704281,-0.31198298580219824,4.989958447872246,4.823776282650195,4.491411952206095,-0.32320014599297864,4.958875631747799,4.761610650401302,4.367080687708309
2023,11,2023_11_DAL_CAR,CAR,0.0,4.20653751320775,-2.3900231348887817,4.109879329957852,4.013221146707954,3.8199047802081574,-2.107131028406038,4.177822047592631,4.149106581977511,4.091675650747273,-0.4479519038874366,4.09028156212361,3.974025611039469,3.741513708871188,-0.4435644280183682,4.07451609959057,3.942494685973388,3.6784518587390256
2023,11,2023_11_DAL_CAR,DAL,20.0,9.009130593559806,2.4157340041062736,9.113841391247783,9.21855218893576,9.427973784311716,1.854550103615572,8.99332392852683,8.977517263493855,8.945903933427905,0.5286479106654572,9.038766625277109,9.068402656994412,9.127674720429015,0.4946096563501462,9.01833266411752,9.02753473467523,9.045938875790654
2023,11,2023_11_LAC_GB,GB,5.0,5.939137069279295,-0.16723791381699601,6.057797726315571,6.1764583833518465,6.413779697424398,0.2722242171541191,6.206124766081098,6.473112462882902,7.007087856486509,0.02429315433806578,6.040864856946683,6.142592644614073,6.34604821994885,0.023486426484804254,6.0419892815807,6.144841493882105,6.350545918484916
2023,11,2023_11_LAC_GB,LAC,3.0,7.139656539260925,0.6083003406459324,7.18444054554568,7.229224551830436,7.318792564399947,0.3217697093717485,7.121691330164393,7.1037261210678615,7.067795702874798,0.24371671991062904,7.243796666663668,7.3479367940664115,7.556217048871899,0.19666362400483914,7.190074480978406,7.240492422695887,7.341328306130848
2023,11,2023_11_LV_MIA,LV,8.0,3.685546142583615,-1.7447974891423017,3.9073720070198807,4.129197871456146,4.572849600328677,-1.847087851402867,3.8667359240483665,4.0479257055131175,4.41030526844262,-0.40669973937432913,3.756416705652234,3.827287268720853,3.9690283948580904,-0.37978006524565466,3.775003438254191,3.8644607339247665,4.043375325265918
2023,11,2023_11_LV_MIA,MIA,12.0,9.440186296590266,2.418815806026552,9.43803224421911,9.435878191847955,9.431570087105642,2.1450297756358747,9.405596531898192,9.371006767206119,9.30182723782197,0.3524707085163034,9.119144477316528,8.79810265804279,8.156019019495314,0.3892962479226375,9.190994520495513,8.94180274440076,8.443419192211255
2023,11,2023_11_MIN_DEN,DEN,9.0,6.470230932012129,-0.16804262995637215,6.455883357879352,6.441535783746575,6.412840635481023,-0.31735587772456864,6.423842770100342,6.377454608188556,6.284678284364983,0.18244595691995844,6.65724705537121,6.844263178730291,7.218295425448453,0.18163175326430162,6.66650516900877,6.862779406005412,7.2553278799986956
2023,11,2023_11_MIN_DEN,MIN,2.0,6.286080034741446,0.19596873223276523,6.42396577379984,6.561851512858233,6.83762299097502,0.3798628224787799,6.4993042527641665,6.712528470786886,7.138976906832325,0.19944060711903286,6.542566183178266,6.799052331615085,7.312024628488723,0.18931308325210938,6.539378613483749,6.792677192226051,7.2992743497106565
2023,11,2023_11_NYG_WAS,NYG,23.0,5.454101905347319,-1.453094238353455,5.318889465258351,5.1836770251693824,4.913252144991445,-1.4840733070356902,5.304352727238275,5.154603549129231,4.855105192911141,-0.13111984157116774,5.462804340487256,5.4715067756271925,5.4889116459070655,-0.12471005317679336,5.466247268722844,5.478392632098368,5.502683358849415
2023,11,2023_11_NYG_WAS,WAS,9.0,9.15154361662606,1.951245685302069,9.085142722097503,9.018741827568945,8.88594003851183,1.4878182567558738,8.987795016623078,8.824046416620096,8.49654921661413,0.4555053146377468,9.044727049494306,8.93791048236255,8.72427734809904,0.420975530410888,9.01982343423532,8.88810325184458,8.6246628870631
2023,11,2023_11_NYJ_BUF,BUF,21.0,9.373338918410688,2.0749069657362167,9.28756577147913,9.201792624547572,9.030246330684456,2.3250499866022607,9.41060546663477,9.447872014858852,9.522405111307018,0.4731844430996743,9.235449588325567,9.097560258240446,8.821781598070203,0.4788530360851605,9.268952190926134,9.16456546344158,8.955792008472473
2023,11,2023_11_NYJ_BUF,NYJ,2.0,5.20737676372246,-1.971001282722201,4.982752952954165,4.7581291421858705,4.308881520649281,-1.701342853826357,5.052754045943497,4.898131328164535,4.5888858926066085,-0.19082219569319475,5.195442607673094,5.183508451623728,5.1596401395249964,-0.1812024939720801,5.200402192458146,5.193427621193832,5.179478478665203
2023,11,2023_11_PHI_KC,KC,7.0,6.832442467421744,0.0030575907410360856,6.777458277390601,6.7224740873594575,6.612505707297171,-0.006067387293489278,6.7908564833073815,6.749270499193017,6.666098530964289,0.19959767283004587,6.95255457060308,7.072666673784414,7.3128908801470835,0.1688645246131098,6.919902834899573,7.007363202377401,7.182283937333057
2023,11,2023_11_PHI_KC,PHI,6.0,5.576716176313272,-0.7064449916253742,5.6286753922928465,5.680634608272422,5.784553040231572,-0.7024624733998688,5.635739401928323,5.6947626275433745,5.812809078773476,-0.221909412557669,5.429583971532367,5.282451766751462,4.988187357189653,-0.21419553530241595,5.430216757010054,5.283717337706838,4.990718499100403
2023,11,2023_11_PIT_CLE,CLE,7.0,8.67141061697626,1.2199453145708619,8.51169558384414,8.35198055071202,8.032550484447778,1.0511432609089193,8.493931339114864,8.316452061253466,7.961493505530673,0.35173593160330285,8.541549603866388,8.411688590756516,8.151966564536771,0.3473942186860518,8.554480227563609,8.437549838150957,8.203689059325654
2023,11,2023_11_PIT_CLE,PIT,7.0,7.738425905612492,1.3300136540703553,7.844068059327136,7.949710213041779,8.160994520471068,1.354328713823475,7.887065714301134,8.035705522989776,8.33298514036706,0.2883259395537779,7.754381085760597,7.770336265908702,7.802246626204912,0.2877267873226135,7.769399280377852,7.800372655143212,7.862319404673933
2023,11,2023_11_SEA_LA,LA,5.0,6.628427467285051,0.5604026420094282,6.787045209853669,6.945662952422286,7.262898437559522,0.21311392223415287,6.704985676635825,6.781543885986599,6.934660304688146,0.20653249422291958,6.809105083684365,6.989782700083678,7.351137932882306,0.18465006346305032,6.789469663920623,6.950511860556194,7.272596253827337
2023,11,2023_11_SEA_LA,SEA,4.0,6.101457539546914,0.2937162802208056,6.314015480450031,6.52657342135315,6.951689303159386,-0.021127353656818896,6.23800456183988,6.374551584132845,6.6476456287187755,0.16849573087165604,6.361432376086856,6.6214072126267975,7.141356885706681,0.17016213940822064,6.373520119317874,6.645582699088834,7.189707858630755
2023,11,2023_11_TB_SF,SF,9.0,10.064265980963173,1.8470204798282965,9.739278144833735,9.414290308704297,8.764314636445421,2.1629476824045395,9.879144975797564,9.694023970631953,9.323781960300733,0.33859702446101547,9.568075142107828,9.071884303252483,8.079502625541794,0.3114188538065682,9.547666133962577,9.031066286961982,7.997866592960793
2023,11,2023_11_TB_SF,TB,4.0,3.9994072531949545,-2.143872974543995,4.026342748403386,4.0532782436118175,4.1071492340286815,-1.9314191956428242,4.076299062332302,4.153190871469648,4.306974489744341,-0.4808627345212487,3.8895562645954787,3.779705275996003,3.5600032987970507,-0.47164125496970943,3.87901007825,3.7586129033050453,3.5178185534151356
2023,11,2023_11_TEN_JAX,JAX,7.0,8.684110513050372,1.5210984211708627,8.609078014808619,8.534045516566863,8.383980520083355,1.6961095225112626,8.70102475318884,8.717938993327305,8.751767473604238,0.5165596032764688,8.778334151850288,8.872557790650205,9.061005068250036,0.5052383971690827,8.789769907152204,8.895429301254035,9.106748089457698
2023,11,2023_11_TEN_JAX,TEN,0.0,5.479167834508021,-0.5588472642526032,5.598573856603885,5.717979878699748,5.956791922891475,-0.6164992224597651,5.588910732049592,5.698653629591163,5.918139424674305,-0.07012490605160962,5.56570388104568,5.652239927583338,5.8253120206586555,-0.07085167743540635,5.562080428570521,5.64499302263302,5.81081821075802
2023,12,2023_12_BAL_LAC,BAL,15.0,6.372629969406184,0.41539430362986757,6.531145451352067,6.689660933297951,7.006691897189717,0.6770978134680105,6.626321497110424,6.880013024814664,7.3873960802231435,0.17945423696622287,6.5477095292364185,6.722789089066653,7.072948208727123,0.1885139397517617,6.567179514183027,6.761729058959871,7.150828148513558
2023,12,2023_12_BAL_LAC,LAC,3.0,5.24026490923371,-1.3563459905751583,5.186677091275773,5.133089273317836,5.025913637401962,-1.1535786727570503,5.2465150929460584,5.2527652766584065,5.265265644083103,-0.21963159623562623,5.155481360406441,5.070697811579171,4.9011307139246325,-0.21686077718228455,5.14153684478262,5.04280878033153,4.84535265142935
2023,12,2023_12_BUF_PHI,BUF,2.0,6.343091979938299,-0.547016064148753,6.240001980905372,6.136911981872446,5.930731983806593,-0.19016712442869085,6.352833411656155,6.362574843374013,6.382057706809727,-0.11977341163265708,6.11845824758119,5.893824515224081,5.444557050509863,-0.1195788195084685,6.106974339508204,5.87085669907811,5.398621418217921
2023,12,2023_12_BUF_PHI,PHI,4.0,5.966630688809743,-0.564807894175025,5.952683264827086,5.93873584084443,5.910840992879116,0.0744185251080592,6.147164735020306,6.327698781230869,6.688766873651995,0.03888073697794013,6.051960492143657,6.137290295477571,6.307949902145401,0.0781824216448344,6.105808768400326,6.2449868479909085,6.523343007172075
2023,12,2023_12_CAR_TEN,CAR,2.0,6.955147398401021,-0.2437896434381859,6.7837941574552545,6.612440916509488,6.2697344346179555,0.029805950140313543,6.875623480521249,6.796099562641476,6.637051726881932,0.11578397282749216,6.8979745101265175,6.840801621852014,6.726455845303008,0.12038979534250117,6.907207483945458,6.859267569489894,6.763387740578769
2023,12,2023_12_CAR_TEN,TEN,10.0,8.1044604534176,1.4099002493989718,8.107978882714269,8.11149731201094,8.11853417060428,0.9605050631657155,8.007326177910343,7.910191902403088,7.715923351388575,0.34002375775944865,8.065036459878096,8.025612466338593,7.946764479259585,0.35492542616816025,8.102659143930811,8.100857834444023,8.097255215470446
2023,12,2023_12_CHI_MIN,CHI,14.0,5.2159699682177925,-0.5551837518872176,5.392377634957933,5.568785301698073,5.921600635178354,-0.8951026271924265,5.3032006071088515,5.39043124599991,5.564892523782028,0.05892338292308317,5.5162328759683685,5.816495783718944,6.417021599220094,0.039057650044428474,5.487184942270488,5.758399916323183,6.300829864428573
2023,12,2023_12_CHI_MIN,MIN,11.0,6.859874266379527,0.3987452534051334,6.891925328888209,6.923976391396891,6.988078516414254,0.39382134868746205,6.9096608037011915,6.959447341022855,7.059020415666184,0.23421549542291953,6.987645183059677,7.115416099739829,7.370957933100129,0.20447082834519018,6.955300520662901,7.050726774946275,7.241579283513023
2023,12,2023_12_CLE_DEN,CLE,2.0,7.491546449746823,0.725685089766171,7.457057887145073,7.422569324543323,7.353592199339823,1.092767300468966,7.585970456722323,7.680394463697823,7.869242477648822,0.2895896869303016,7.536735644172117,7.581924838597411,7.6723032274479985,0.26381560005988186,7.513432094269653,7.535317738792482,7.579089027838142
2023,12,2023_12_CLE_DEN,DEN,16.0,7.652358512660504,1.0239067737919405,7.661018742471688,7.669678972282872,7.686999431905241,0.952437974276063,7.665911868686702,7.6794652247129,7.706571936765297,0.31136231065783343,7.686966242152497,7.721573971644491,7.790789430628479,0.28579075938554926,7.665285807965584,7.678213103270665,7.704067693880827
2023,12,2023_12_GB_DET,DET,-1.0,7.410152121243533,0.6382156909011397,7.371564781829722,7.332977442415913,7.255802763588294,0.4146810802926623,7.328414374276335,7.246676627309139,7.083201133374745,0.2363875277777508,7.403308613872741,7.39646510650195,7.382778091760368,0.19546238698627574,7.355200552068482,7.3002489828934305,7.190345844543329
2023,12,2023_12_GB_DET,GB,9.0,3.738523730816405,-2.9179104854550912,3.6239199661562225,3.5093162014960404,3.2801086721756754,-2.895680007411829,3.6153458030467305,3.492167875277056,3.245812019737707,-0.5036340481302022,3.6427914945795736,3.5470592583427427,3.355594785869081,-0.46882642755407544,3.656981785100613,3.5754398393848215,3.412355947953238
2023,12,2023_12_JAX_HOU,HOU,2.0,5.717636814732045,-0.5687178191830289,5.764845050339848,5.812053285947652,5.906469757163258,-0.7383996734896671,5.724863477394255,5.732090140056465,5.746543465380886,-0.12083745647844463,5.647919245735916,5.578201676739788,5.4387665387475295,-0.11730763096082877,5.641112181269357,5.564587547806671,5.411538280881296
2023,12,2023_12_JAX_HOU,JAX,4.0,6.37827624378059,-0.4220129610924242,6.301328062989116,6.224379882197641,6.070483520614692,0.18077877143745852,6.486722249561119,6.595168255341647,6.812060266902703,0.12370163865118204,6.476093090772233,6.573909937763877,6.769543631747164,0.1561265088527299,6.525365203318219,6.672454162855848,6.966632081931106
2023,12,2023_12_KC_LV,KC,2.0,9.301020692912838,2.4768048282292354,9.303594768829356,9.306168844745873,9.31131699657891,1.6932520838378053,9.117097470120434,8.933174247328031,8.565327801743225,0.41917793745473647,9.070145523661205,8.839270354409571,8.377520015906306,0.424035849990405,9.098341734883885,8.895662776854932,8.490304860797027
2023,12,2023_12_KC_LV,LV,0.0,4.023901863992894,-2.5386581081323882,3.9439531397953482,3.8640044155978033,3.704106967202713,-2.5160562326840727,3.9393949043972656,3.854887944801638,3.6858740256103824,-0.3965876484914118,4.002461210899552,3.981020557806212,3.93813925161953,-0.3764102856872559,4.002414274521813,3.9809266850507328,3.937951506108572
2023,12,2023_12_LA_ARI,ARI,-2.0,5.707551287485283,-0.08649526554153407,5.892060244991551,6.07656920249782,6.445587117510358,-0.028187239300422957,5.923119889832019,6.138688492178757,6.56982569687223,0.05789345334999818,5.8835176511442935,6.059484014803303,6.4114167421213235,0.05219174929565814,5.874545224131964,6.041539160778646,6.375527034072008
2023,12,2023_12_LA_ARI,LA,5.0,7.243110943356482,1.0791941894154786,7.3695356844899695,7.495960425623457,7.748809907890432,0.7201280478639511,7.291652449752349,7.340193956148216,7.43727696893995,0.3189489979277505,7.390352217040828,7.537593490725174,7.832076038093865,0.3061926849790935,7.3873579462165235,7.531604949076565,7.820098954796648
2023,12,2023_12_MIA_NYJ,MIA,21.0,9.552419034746148,2.823332291426332,9.58899661193568,9.625574189125214,9.69872934350428,2.6483463525827102,9.582433882907871,9.612448731069593,9.672478427393038,0.4945579261666408,9.361248395355865,9.170077755965583,8.787736477185016,0.49385212463341677,9.386156493653235,9.219893952560323,8.887368870374498
2023,12,2023_12_MIA_NYJ,NYJ,13.0,5.077468923851066,-1.8769796972116628,4.919064993338331,4.760661062825596,4.443853201800126,-2.13277729670125,4.840644971608767,4.6038210193664675,4.130173114881869,-0.41633699711567373,4.765767611131472,4.4540662984118775,3.830663672972688,-0.41870085033129834,4.732460103718795,4.387451283586524,3.6974336433219817
2023,12,2023_12_NE_NYG,NE,12.0,9.484383153268366,2.097076468389591,9.334984005065298,9.18558485686223,8.886786560456093,1.338849883088202,9.151913061373218,8.819442969478072,8.154502785687775,0.3715031159869342,9.142806001578217,8.80122884988807,8.118074546507772,0.37386563693707925,9.164530692302499,8.844678231336632,8.204973309404897
2023,12,2023_12_NE_NYG,NYG,12.0,6.444386863728939,-0.414170421199958,6.353102987541087,6.261819111353233,6.079251358977529,-0.7181565128458021,6.275792510441144,6.1071981571533485,5.770009450577757,0.03153978573382074,6.4002902941584265,6.356193724587913,6.268000585446888,0.03399033987967027,6.401292823537705,6.358198783346472,6.272010702964005
2023,12,2023_12_NO_ATL,ATL,12.0,5.884569600331774,-0.35520250419880933,5.949721344900438,6.014873089469103,6.145176578606432,-0.15917085401849607,6.017924389517347,6.1512791787029215,6.417988757074069,0.09453658552288423,6.066134192429143,6.247698784526511,6.610827968721249,0.11196888009600053,6.092301130570562,6.30003266080935,6.715495721286928
2023,12,2023_12_NO_ATL,NO,5.0,6.727894914207145,0.5267787627955466,6.828725685819646,6.929556457432147,7.1312180006571495,0.6042500854868711,6.871658832140273,7.0154227500734025,7.30295058593966,0.2925281789168937,6.9679947968578535,7.208094679508561,7.688294444809978,0.2872795208594155,6.974054856270627,7.220214798334109,7.712534682461074
2023,12,2023_12_PIT_CIN,CIN,5.0,7.099968667501328,0.45815718494229146,7.0886015349836065,7.077234402465887,7.054500137430446,0.3375355775366307,7.07341990925127,7.046871151001214,6.9937736345011,0.2482772051982571,7.186846873020729,7.2737250785401315,7.447481489578935,0.25023459076890675,7.200439040650773,7.30090941380022,7.501850160099111
2023,12,2023_12_PIT_CIN,PIT,10.0,7.979589345379035,0.6433539505403716,7.800078823642571,7.620568301906108,7.261547258433179,0.6607228097317605,7.826795530078893,7.674001714778752,7.368414084178469,0.28931805849169295,7.902398266700353,7.825207188021671,7.670825030664306,0.24974121075134126,7.859453052706586,7.7393167600341375,7.499044174689239
2023,12,2023_12_SF_SEA,SEA,8.0,5.144662393849821,-1.7156926223971296,5.014539209918382,4.884416025986944,4.624169658124067,-1.6735697101057672,5.0241190756891205,4.9035757575284205,4.662489121207021,-0.42955275811401067,4.798182733789459,4.451703073729098,3.7587437536083756,-0.3962547994922833,4.814769394531728,4.484876395213636,3.825090396577452
2023,12,2023_12_SF_SEA,SF,14.0,8.050455583739293,1.4335243589527946,8.074078077775221,8.09770057181115,8.144945559883006,1.108590103889728,8.00973777780322,7.969019971867148,7.887584359995003,0.4698112711555354,8.201108100920974,8.351760618102656,8.65306565246602,0.3949530403434396,8.119067454747753,8.187679325756214,8.324903067773137
2023,12,2023_12_TB_IND,IND,11.0,6.707797059249576,0.7032884992622933,6.862986083782896,7.018175108316216,7.3285531573828555,0.604662282258671,6.856704896123726,7.005612732997875,7.303428406746175,0.20486106376299312,6.833650713366189,6.9595043674828005,7.211211675716025,0.2209502281051134,6.864673314595667,7.021549569941758,7.335302080633939
2023,12,2023_12_TB_IND,TB,4.0,5.607609059915203,-0.30286102887188204,5.756630179656645,5.9056512993980865,6.20369353888097,-0.4980741157583761,5.711989344417805,5.816369628920408,6.0251301979256136,0.06691167574425315,5.82083022904587,6.034051398176538,6.460493736437873,0.09313717060699785,5.8578054707951335,6.108001881675063,6.608394703434925
2023,12,2023_12_WAS_DAL,DAL,16.0,8.826767058843677,1.8823942737063077,8.781769090519763,8.73677112219585,8.646775185548027,2.2132391261526663,8.912100217521179,8.997433376198682,9.168099693553685,0.4126784383964344,8.705612760622458,8.58445846240124,8.342149865958804,0.38369934266609984,8.685300356565577,8.543833654287477,8.260900249731277
2023,12,2023_12_WAS_DAL,WAS,-4.0,3.484213061024268,-2.0863952309416534,3.665592263873482,3.8469714667226955,4.209729872421123,-2.6632896021960253,3.4919598655289614,3.499706670033654,3.5152002790430408,-0.4237999128284086,3.5606724527585762,3.6371318444928846,3.790050627961501,-0.41122994682212005,3.5481404680903363,3.612067875156404,3.73992268928854
2023,13,2023_13_ARI_PIT,ARI,6.0,5.694841965514499,-1.0435696351439598,5.653418460539399,5.611994955564299,5.5291479456141,-1.014495260477809,5.667259907377792,5.639677849241085,5.584513732967673,-0.0923638672288846,5.7263841274273934,5.757926289340288,5.821010613166077,-0.07986442895913143,5.736833618526003,5.778825271537506,5.8628085775605125
2023,13,2023_13_ARI_PIT,PIT,2.0,8.490609409076905,1.8724619200264332,8.48412668951919,8.477643969961477,8.464678530846047,1.4760691964425037,8.413278320367777,8.33594723165865,8.181285054240394,0.4750159189445294,8.498998056198616,8.507386703320327,8.524163997563749,0.4518752195301756,8.479705647621953,8.468801886167002,8.4469943632571
2023,13,2023_13_ATL_NYJ,ATL,14.0,8.933795324659231,2.1013368509969883,8.874117471334182,8.814439618009132,8.695083911359035,2.117830610999155,8.912949879766659,8.892104434874087,8.850413545088943,0.3994823160279981,8.741421777091793,8.549048229524352,8.164301134389476,0.4325160020006304,8.788574262180713,8.643353199702194,8.352911074745155
2023,13,2023_13_ATL_NYJ,NYJ,9.0,7.57827137088003,0.38821036806677467,7.426329035531902,7.274386700183775,6.97050202948752,0.21353289505634632,7.399930913985338,7.221590457090648,6.864909543301266,0.2863233525275187,7.589998703875753,7.601726036871478,7.625180702862925,0.24456052919469976,7.543571486481928,7.508871602083826,7.439471833287623
2023,13,2023_13_CAR_TB,CAR,3.0,6.091170471561192,-0.7309235051651096,6.029349026059993,5.9675275805587935,5.843884689556395,-0.6015525439343132,6.072144316584062,6.053118161606933,6.015065851652674,0.005184852613562182,6.139817741074229,6.188465010587267,6.285759549613342,-0.007529123526503605,6.121965050752733,6.152759629944274,6.214348788327356
2023,13,2023_13_CAR_TB,TB,6.0,8.18763794671672,1.9868933471848131,8.285697245637122,8.383756544557524,8.57987514239833,1.486284161020837,8.188712365693803,8.189786784670886,8.191935622625053,0.3708956608374825,8.147755071294988,8.107872195873256,8.028106445029792,0.36413722210863586,8.145878226386506,8.104118506056292,8.020599065395864
2023,13,2023_13_CIN_JAX,CIN,3.0,4.479556164898259,-2.1205851994936538,4.470899761890079,4.462243358881899,4.444930552865539,-1.836701011077067,4.541478647006986,4.603401129115714,4.72724609333317,-0.42227127204889453,4.4219773688951385,4.364398572892018,4.249240980885777,-0.42509596345452444,4.405924137936783,4.332292110975306,4.185028057052354
2023,13,2023_13_CIN_JAX,JAX,3.0,9.251656050266735,1.5587698193484796,8.97596424319211,8.700272436117482,8.148888821968228,1.754836084649555,9.056726935662894,8.861797821059053,8.471939591851372,0.3873611769073456,8.965380210989998,8.679104371713263,8.106552693159792,0.382109408715342,8.965727428540667,8.679798806814599,8.107941563362461
2023,13,2023_13_CLE_LA,CLE,-4.0,6.364709959021496,0.2588866454627999,6.483610854297463,6.602511749573429,6.840313540125361,0.15238425396033337,6.4738207938585814,6.5829316286956665,6.801153298369837,0.12010344378330275,6.481848302121166,6.598986645220835,6.8332633314201745,0.12358921442367238,6.486424199185435,6.608138439349373,6.85156691967725
2023,13,2023_13_CLE_LA,LA,7.0,7.641964581603526,1.234941230981142,7.687197147290613,7.732429712977699,7.822894844351872,1.0411798853418694,7.66343605049588,7.684907519388235,7.727850457172942,0.340654158959165,7.702480338905188,7.76299609620685,7.884027610810173,0.33752269510667327,7.704287414461092,7.766610247318656,7.8912559130337865
2023,13,2023_13_DEN_HOU,DEN,5.0,5.452611803616978,-1.6001660416532482,5.331666270014791,5.210720736412603,4.968829669208228,-1.5780018720209374,5.338703132431057,5.2247944612451365,4.9969771188732945,-0.3571085051693523,5.229382434767663,5.0061530659183475,4.559694328219717,-0.3715982165389024,5.200713896339869,4.94881598906276,4.445020174508541
2023,13,2023_13_DEN_HOU,HOU,10.0,6.673667143580252,0.3880600400696845,6.747838031753062,6.822008919925873,6.9703506962714945,0.37386680668394046,6.76327052891555,6.852873914250849,7.032080684921446,0.21373268493728823,6.8250850559773175,6.976502968374385,7.279338793168518,0.21846328225242526,6.833411006431046,6.99315486928184,7.312642594983428
2023,13,2023_13_DET_NO,DET,5.0,6.116313224875938,-0.22504485947261357,6.175521434583141,6.2347296442903435,6.35314606370475,-0.010367691962250796,6.245100170793009,6.37388711671008,6.631461008544222,0.16044424946211594,6.343599425459065,6.570885626042191,7.025458027208444,0.1696944232609544,6.356142983667307,6.595972742458676,7.075632260041413
2023,13,2023_13_DET_NO,NO,0.0,3.875394419648662,-2.283502970265408,3.9767766590825175,4.0781588985163735,4.2809233773840845,-2.5568095425211674,3.900653183549518,3.9259119474503743,3.976429475252087,-0.3648001147842953,4.037308160760123,4.199221901871584,4.523049384094506,-0.32955752942374017,4.0688789312384746,4.262363442828287,4.649332466007911
2023,13,2023_13_IND_TEN,IND,17.0,7.882077961059917,1.2877849729852393,7.880581456766958,7.879084952474,7.876091943888083,1.8121546509211162,8.04448407915145,8.206890197242984,8.531702433426052,0.3932616542543963,7.945224518402462,8.008371075745007,8.1346641904301,0.4296002507741525,7.996243696201118,8.110409431342319,8.338740901624721
2023,13,2023_13_IND_TEN,TEN,6.0,6.064363015527867,-0.10039099214802208,6.167930629451568,6.2714982433752695,6.478633471222671,0.14310937597753381,6.2461429879819566,6.427922960436046,6.791482905344225,0.12190372916855434,6.258732358206938,6.453101700886009,6.84184038624415,0.1220976339007079,6.259351769551762,6.454340523575658,6.844318031623448
2023,13,2023_13_KC_GB,GB,6.0,5.089100206846808,-2.427918376538544,4.850710727313049,4.61232124777929,4.135542288711772,-2.3741230228044903,4.858551760810803,4.628003314774798,4.166906422702787,-0.4147197527452557,4.888129779192571,4.687159351538334,4.285218496229859,-0.40730589628359637,4.884696524675402,4.680292842503994,4.27148547816118
2023,13,2023_13_KC_GB,KC,2.0,7.763986148420304,0.5551293799820463,7.607623911755994,7.451261675091683,7.138537201763063,0.11561016924168656,7.513692369039693,7.263398589659082,6.76281103089786,0.2059086609724615,7.633505358978727,7.503024569537152,7.242062990653999,0.218357983660783,7.651022325683543,7.5380585029467815,7.312130857473259
2023,13,2023_13_LAC_NE,LAC,17.0,8.189644674709202,2.126845312034739,8.32242424186654,8.455203809023878,8.720762943338556,1.828724878862978,8.279478325299301,8.3693119758894,8.548979277069595,0.35486877185763027,8.13017099028703,8.070697305864858,7.951749937020514,0.3448487648931374,8.123948421742064,8.058252168774924,7.9268596628406485
2023,13,2023_13_LAC_NE,NE,7.0,5.999896382852387,-0.6226773035557402,5.988135966129189,5.976375549405992,5.952854715959598,-0.5309610108859443,6.022089204218113,6.044282025583839,6.088667668315291,-0.10639255023617276,5.938465814165689,5.877035245478993,5.754174108105598,-0.08056493471533568,5.964773339729547,5.929650296606708,5.8594042103610295
2023,13,2023_13_MIA_WAS,MIA,12.0,7.403529190096742,1.5497579777561803,7.587601072485762,7.771672954874781,8.13981671965282,0.9431452538187138,7.459055709319667,7.514582228542592,7.625635266988441,0.39759930137663124,7.5914793762183965,7.7794295623400505,8.15532993458336,0.3741508938503454,7.569962945680031,7.736396701263319,8.069264212429896
2023,13,2023_13_MIA_WAS,WAS,-4.0,3.7092826448069074,-2.1905903487707232,3.875576306232508,4.0418699676581085,4.37445729050931,-2.282115505667337,3.8476713536276694,3.986060062448432,4.262837480089956,-0.5079869906263035,3.742178913019907,3.775075181232907,3.8408677176589068,-0.49016280041173815,3.749164898901427,3.789047152995947,3.8688116611849868
2023,13,2023_13_SEA_DAL,DAL,-1.0,8.331911648788166,1.8454803889631248,8.35831288125628,8.384714113724394,8.437516578660622,1.6674430551594712,8.344138686816777,8.35636572484539,8.38081980090261,0.5141334051258819,8.426566352275533,8.521221055762897,8.71053046273763,0.49340413320910226,8.411138612134872,8.490365575481576,8.648819502174986
2023,13,2023_13_SEA_DAL,SEA,0.0,4.063227603865278,-2.684195372828528,4.016808605327177,3.9703896067890763,3.8775516097128744,-2.7399031891458554,3.993802712773655,3.9243778216820315,3.785528039498785,-0.49065597901977864,4.028280059053618,3.993332514241957,3.9234374246186365,-0.49198165535434113,4.012413768364432,3.961599932863586,3.8599722618618935
2023,13,2023_13_SF_PHI,PHI,-2.0,5.604359993416788,-0.9745801751310244,5.602919676801796,5.601479360186803,5.598598726956819,-1.106308734558471,5.575466243399938,5.5465724933830876,5.4887849933493875,-0.2333439512717507,5.490605672547069,5.376851351677351,5.149342709937913,-0.20572572793812505,5.516054738655699,5.42774948389461,5.251138974372433
2023,13,2023_13_SF_PHI,SF,4.0,7.480734266191869,1.182894680456755,7.553175766390277,7.6256172665886846,7.7705002669855,1.2320856760932855,7.59227499357473,7.70381572095759,7.926897175723311,0.26339581832633097,7.489537605316289,7.4983409444407085,7.515947622689548,0.21746975209244737,7.437504241432261,7.3942742166726525,7.3078141671534365
2023,14,2023_14_BUF_KC,BUF,6.0,5.161290189195079,-1.642498343066371,5.061390561436015,4.96149093367695,4.761691678158821,-1.4176753356929974,5.1281764425956,5.09506269599612,5.028835202797161,-0.23032220164305806,5.068151916285254,4.975013643375429,4.788737097555779,-0.22805529473853078,5.067938370589805,4.97458655198453,4.787882914773981
2023,14,2023_14_BUF_KC,KC,6.0,5.491480421843312,-0.641168694551107,5.580803438050638,5.670126454257964,5.848772486672616,-0.44564012566780514,5.650826172719872,5.810171923596432,6.12886342534955,-0.033674369625550066,5.632854403040065,5.774228384236818,6.056976346630324,-0.025052627197583225,5.645637757733741,5.79979509362417,6.108109765405028
2023,14,2023_14_CAR_NO,CAR,2.0,5.372460352079302,-1.3241445332978814,5.3061723756226895,5.239884399166076,5.107308446252851,-1.529811878337338,5.254828526317359,5.137196700555416,4.9019330490315305,-0.13295855564786868,5.383511179203435,5.394562006327568,5.416663660575834,-0.10928127668617894,5.419427553415619,5.466394754751936,5.56032915742457
2023,14,2023_14_CAR_NO,NO,15.0,8.125325028183738,0.950238674861219,7.988109689754177,7.850894351324616,7.5764636744654945,0.595793845494332,7.920850898796389,7.71637676940904,7.307428510634342,0.3706959147918838,8.26021334691744,8.395101665651143,8.664878303118547,0.37439316508865966,8.270469649221445,8.415614270259152,8.705903512334567
2023,14,2023_14_DEN_LAC,DEN,14.0,5.659824968536633,-0.8557909936212051,5.648811355152498,5.637797741768362,5.615770515000092,-0.7323272770703159,5.69597539185527,5.732125815173907,5.804426661811181,-0.06975959622115036,5.700931774130251,5.74203857972387,5.824252190911108,-0.13641645826511672,5.590832635750092,5.521840302963552,5.3838556373904725
2023,14,2023_14_DEN_LAC,LAC,4.0,7.22431821610152,1.762448583189079,7.5327959221471374,7.841273628192754,8.458229040283989,1.6330809931362191,7.538563846634478,7.852809477167435,8.481300738233351,0.28587655209824364,7.447702032936128,7.671085849770737,8.117853483439953,0.2959533257783867,7.467181262800608,7.710044309499697,8.195770402897873
2023,14,2023_14_DET_CHI,CHI,14.0,5.165127809350576,-0.655089531032685,5.332260733874288,5.4993936583980005,5.833659507445425,-1.3173300589549934,5.159444225104738,5.1537606408589,5.142393472367225,-0.05025941936962913,5.361349487371683,5.557571165392791,5.950014521435007,-0.06216181981032681,5.340538435421192,5.515949061491808,5.86677031363304
2023,14,2023_14_DET_CHI,DET,4.0,6.535517361401375,0.4466398737439579,6.659072529929644,6.7826276984579135,7.029738035514453,0.05504963275138496,6.575508433551506,6.615499505701637,6.695481650001898,0.26503974493085714,6.897505729548563,7.25949409769575,7.983470833990126,0.22708427251644597,6.838608234422987,7.141699107444598,7.74788085348782
2023,14,2023_14_GB_NYG,GB,4.0,10.426902178583845,3.3475171707520723,10.364936286465937,10.302970394348028,10.179038610112212,2.5236273188962732,10.192454135069456,9.958006091555067,9.48911000452629,0.4288923775705333,10.080227702157542,9.733553225731239,9.040204272878631,0.42976696919149515,10.086683327729158,9.74646447687447,9.066026775165096
2023,14,2023_14_GB_NYG,NYG,8.0,5.6593851786624505,-1.166042187591441,5.564276446192698,5.469167713722947,5.278950248783444,-1.555321065646308,5.462805117055358,5.266225055448265,4.8730649322340795,-0.14289400965317262,5.582685638647611,5.505986098632772,5.352587018603094,-0.13098943476407224,5.599326448511006,5.539267718359562,5.419150258056673
2023,14,2023_14_HOU_NYJ,HOU,5.0,9.890632075915663,2.835975654768677,9.823896572861448,9.757161069807232,9.623690063698803,2.6118390080126077,9.815208305155824,9.739784534395984,9.588936992876302,0.4186264699861939,9.661473166774439,9.432314257633212,8.973996439350763,0.4506257104171301,9.718394430989013,9.546156786062362,9.201681496209062
2023,14,2023_14_HOU_NYJ,NYJ,11.0,7.7575695079556946,-0.14538526232660334,7.414930498391531,7.072291488827366,6.387013469699038,0.1956443065949711,7.531824422836792,7.306079337717888,6.854589167480081,0.11490283727257174,7.571975657880387,7.386381807805078,7.015194107654462,0.07902341391727082,7.514419077786897,7.2712686476181005,6.784967787280506
2023,14,2023_14_IND_CIN,CIN,11.0,6.539162325922316,0.181937022634595,6.58996343167152,6.640764537420724,6.742366748919131,0.33773861310891046,6.6582201899884055,6.777278054054495,7.015393782186674,0.16119995521277267,6.732816177044219,6.926470028166122,7.313777730409929,0.1531202626052959,6.721085814079344,6.903009302236372,7.266856278550427
2023,14,2023_14_IND_CIN,IND,7.0,5.886795257614855,-0.7845972743690223,5.838361711114144,5.7899281646134355,5.693061071612016,-0.44218508565973,5.948289795394289,6.009784333173723,6.132773408732592,-0.06958564162651058,5.8714399619237945,5.856084666232734,5.825374074850613,-0.08145175639648738,5.850426019674017,5.81405678173318,5.741318305851505
2023,14,2023_14_JAX_CLE,CLE,12.0,7.443746580951137,0.47758513752698856,7.348643277689241,7.253539974427344,7.063333367903551,0.3045367097063986,7.327264937892812,7.210783294834487,6.977820008717836,0.15531016559241517,7.401758125351072,7.359769669751006,7.275792758550875,0.14553938857971785,7.38719846110928,7.3306503412674235,7.217554101583709
2023,14,2023_14_JAX_CLE,JAX,6.0,6.944061539527261,0.7520458742251321,7.048370699392946,7.15267985925863,7.361298178989999,0.643013438060859,7.04826259376335,7.15246364799944,7.360865756471618,0.2663462884088354,7.206020433175296,7.467979326823332,7.991897114119403,0.27174623178802376,7.217631076171708,7.491200612816156,8.03833968610505
2023,14,2023_14_LA_BAL,BAL,7.0,8.029586872388599,0.669706161024992,7.840166933212998,7.650746994037398,7.271907115686197,0.5844721749995561,7.845844168281351,7.662101464174103,7.294616055959609,0.3702902465219069,8.18775566181006,8.345924451231522,8.662262030074444,0.33969715193263206,8.142254694616197,8.254922516843795,8.480258161298991
2023,14,2023_14_LA_BAL,LA,2.0,5.191992386114911,-1.5425822536068858,5.111535367335376,5.031078348555843,4.870164310996776,-1.7853987692380877,5.047167209994937,4.902342033874964,4.6126916816350185,-0.42538943266121376,4.776667190969639,4.361341995824367,3.530691605533824,-0.3950997464585107,4.819371825587795,4.44675126506068,3.7015101440064497
2023,14,2023_14_MIN_LV,LV,12.0,5.254642553615841,-0.14311891703874347,5.538350389877185,5.82205822613853,6.38947389866122,-0.37983593054716763,5.491815016852853,5.728987480089867,6.203332406563892,0.14578161901342773,5.744567010537643,6.234491467459445,7.214340381303049,0.17148777208143381,5.787559236750754,6.320475919885666,7.386309286155493
2023,14,2023_14_MIN_LV,MIN,20.0,7.688979352489974,1.283940053618692,7.751420098318275,7.813860844146575,7.938742335803177,1.1271140168989537,7.743912118519225,7.798844884548474,7.908710416606976,0.2360457831233785,7.715854592884607,7.742729833279242,7.796480314068509,0.25059370271720494,7.741928093680942,7.79487683487191,7.900774317253846
2023,14,2023_14_NE_PIT,NE,5.0,7.193136450200286,0.43184696010907414,7.148271911852138,7.103407373503991,7.013678296807695,0.24135909801449412,7.121433204413131,7.049729958625976,6.906323467051665,0.0598794895222408,7.059935458301133,6.92673446640198,6.660332482603674,0.08452842450888631,7.100044736801951,7.006953023403614,6.820769596606943
2023,14,2023_14_NE_PIT,PIT,4.0,10.42797402171161,4.944384937759616,10.799144968575291,11.170315915438971,11.912657809166333,4.765000645320782,10.827384716457177,11.226795411202744,12.025616800693877,0.4224011826842307,10.070565682027171,9.713157342342733,8.998340662973854,0.43411077612500404,10.094549691835743,9.761125361959877,9.094276702208143
2023,14,2023_14_PHI_DAL,DAL,11.0,6.276067449642403,-0.3527573575227334,6.247521234664381,6.218975019686361,6.16188258973032,-0.4145658653844319,6.24805793665352,6.220048423664638,6.164029397686873,-0.06963594332304557,6.1633130033648,6.050558557087198,5.825049664531993,-0.06645849919831519,6.166757307319467,6.057447164996532,5.838826880350662
2023,14,2023_14_PHI_DAL,PHI,4.0,4.4253682919341975,-2.658300271520509,4.23375102465962,4.042133757385043,3.65889922283589,-2.6998076823516444,4.213495647704944,4.001623003475691,3.577877715017185,-0.4005820161700339,4.241696687227509,4.058025082520821,3.690681873107444,-0.4077857440589878,4.223777924190932,4.022187556447667,3.6190068209611375
2023,14,2023_14_SEA_SF,SEA,6.0,3.5914570560215053,-2.182126549957947,3.737555585184274,3.883654114347043,4.17585117267258,-1.9128507907984489,3.81070713674476,4.029957217468015,4.468457378914524,-0.5230765531134983,3.4187625073542516,3.2460679586869983,2.9006788613524908,-0.5008576891992007,3.4470212628095265,3.302585469597548,3.0137138831735903
2023,14,2023_14_SEA_SF,SF,9.0,9.302633880651486,2.2513533972805257,9.224225995224689,9.145818109797894,8.9890023389443,1.8457264633271266,9.157462000774698,9.012290120897909,8.721946361144333,0.44945943605562844,9.270187219080034,9.23774055750858,9.172847234365676,0.4297782261497267,9.243500406673022,9.184366932694559,9.06609998473763
2023,14,2023_14_TB_ATL,ATL,0.0,7.0780789403902125,0.8997512300476799,7.188972360685883,7.299865780981554,7.521652621572896,0.6050055854886993,7.138022507570257,7.197966074750303,7.317853209110394,0.23563777608651013,7.2570214447012305,7.435963949012249,7.793848957634286,0.20431386635748308,7.20850761252902,7.338936284667829,7.599793628945445
2023,14,2023_14_TB_ATL,TB,7.0,6.716228522286821,0.27189844173084093,6.747179446809169,6.778130371331516,6.840032220376211,0.5997097223286931,6.865136394631051,7.014044266975279,7.311860011663739,0.21169130125903265,6.9470241802317005,7.17781983817658,7.639411154066339,0.22166444697318058,6.965329652891281,7.2144307834957395,7.712633044704659
2023,14,2023_14_TEN_MIA,MIA,12.0,9.76846161081074,1.7137859466928205,9.427695974946127,9.086930339081515,8.405399067352292,2.374043744065617,9.656303700600297,9.544145790389853,9.319829969968968,0.438809547611526,9.602386957165654,9.43631230352057,9.1041629962304,0.45426291505277766,9.632680217778251,9.496898824745765,9.22533603868079
2023,14,2023_14_TEN_MIA,TEN,9.0,3.486927001279935,-2.3391273610066032,3.616546560271316,3.7461661192626967,4.0054052372454585,-2.2395219112012583,3.6398881874335802,3.792849373587225,4.098771745894515,-0.48684678469825143,3.398779053320664,3.3106311053613924,3.1343352094428503,-0.47783718084244226,3.4060521624924815,3.325177323705028,3.1634276461301214
2023,15,2023_15_ATL_CAR,ATL,7.0,8.739089289388064,2.202315445716025,8.797296461517481,8.855503633646897,8.971917977905733,1.7956421976167098,8.748376240242209,8.757663191096352,8.776237092804642,0.364844031358293,8.586210951561826,8.433332613735587,8.12757593808311,0.36243777586261977,8.596905116446653,8.454720943505244,8.170352597622422
2023,15,2023_15_ATL_CAR,CAR,8.0,7.382503694864644,0.11576401849351343,7.203025514302414,7.0235473337401855,6.664590972615727,0.11184433898564784,7.214570261784651,7.046636828704658,6.710769962544673,0.19882553272311654,7.350786688268102,7.319069681671562,7.2556356684784795,0.17736265625767705,7.32267172318798,7.262839751511318,7.1431758081579915
2023,15,2023_15_BAL_JAX,BAL,9.0,7.5672752341415235,0.7895288688587053,7.527867950014219,7.4884606658869135,7.409646097632304,0.9927545652139882,7.6232958207026496,7.679316407263775,7.791357580386026,0.2833362544064509,7.600329334773085,7.633383435404646,7.699491636667769,0.27535738109949615,7.597219365619729,7.627163497097936,7.687051760054347
2023,15,2023_15_BAL_JAX,JAX,5.0,5.751561361825841,-1.0151637247106988,5.667171291654616,5.582781221483391,5.414001081140942,-0.8042169874534455,5.710436892850596,5.6693124238753505,5.587063485924861,-0.05470320548150979,5.794692461852369,5.837823561878897,5.924085761931955,-0.0629145965889955,5.766077079769788,5.7805927977137355,5.809624233601631
2023,15,2023_15_CHI_CLE,CHI,17.0,7.005589032866453,0.89213088030883,7.134967851774821,7.264346670683189,7.523104308499925,0.769915279268827,7.133693510019107,7.261797987171762,7.51800694147707,0.20912709667394047,7.081626817656746,7.157664602447039,7.309740172027626,0.1732180501326441,7.034235030401536,7.06288102793662,7.120173023006787
2023,15,2023_15_CHI_CLE,CLE,13.0,7.666673346378835,0.9872422485149857,7.657074834754118,7.647476323129402,7.628279299879968,0.8069814251464072,7.640873742914307,7.61507413944978,7.563474932520725,0.3119283388072958,7.712419804322252,7.758166262265669,7.8496591781525025,0.3081665113145193,7.717291055647009,7.767908764915184,7.869144183451532
2023,15,2023_15_DAL_BUF,BUF,9.0,5.747468569452455,-1.1151053115143565,5.636472624928161,5.525476680403866,5.303484791355277,-1.3324400449514446,5.545378233625055,5.343287897797653,4.939107226142852,-0.012037532157364505,5.847643610752988,5.94781865205352,6.148168734654585,0.0008451127425100627,5.851474932745923,5.95548129603939,6.163494022626325
2023,15,2023_15_DAL_BUF,DAL,0.0,5.072433668059037,-1.183484060200417,5.111292992757731,5.150152317456424,5.227870966853812,-0.6088823533338389,5.260993987959622,5.449554307860208,5.8266749476613775,-0.21209000038818393,5.078695195592618,5.0849567231262,5.097479778193363,-0.18230998234822743,5.091068618961464,5.109703569863892,5.146973471668747
2023,15,2023_15_DEN_DET,DEN,-2.0,4.439871500717799,-1.64170626367284,4.51019482687259,4.580518153027382,4.721164805336967,-1.6480116213577054,4.4679047539589085,4.495938007200019,4.55200451368224,-0.40448402741201456,4.351656992457408,4.263442484197017,4.087013467676235,-0.39039561109242227,4.327925407697013,4.215979314676227,3.9920871286346555
2023,15,2023_15_DEN_DET,DET,5.0,6.886375070719956,0.6386398213667235,6.975479216949575,7.064583363179192,7.242791655638429,0.38741045098128857,6.926981079337383,6.967587087954811,7.048799105189667,0.23783208166507552,7.029906471782753,7.17343787284555,7.460500674971144,0.24925051078152854,7.050320612220009,7.214266153720063,7.542157236720168
2023,15,2023_15_HOU_TEN,HOU,13.0,7.507009740290838,0.6128917633990795,7.433837111624198,7.360664482957558,7.21431922562428,0.8085822560969881,7.521616961841973,7.536224183393108,7.565438626495379,0.22120489786972294,7.473550703344279,7.44009166639772,7.373173592504603,0.22178701322029457,7.4776906451670975,7.4483715500433565,7.389733359795875
2023,15,2023_15_HOU_TEN,TEN,13.0,8.518492000662633,1.3237492573283178,8.388966931409447,8.259441862156262,8.000391723649892,1.2881077026875043,8.427283727148819,8.336075453635004,8.153658906607376,0.3548081303694366,8.407585679045997,8.29667935742936,8.074866714196087,0.34219651020476377,8.403372123782493,8.288252246902351,8.05801249314207
2023,15,2023_15_KC_NE,KC,7.0,9.755465665648831,2.724323248693253,9.703888953980044,9.652312242311258,9.549158818973686,1.944852642255115,9.556416578743702,9.357367491838573,8.959269318028316,0.48789920739659803,9.510066739500981,9.264667813353132,8.77386996105743,0.4338645769933099,9.458293038049279,9.161120410449726,8.566775155250623
2023,15,2023_15_KC_NE,NE,7.0,4.438972668391846,-2.274316458824455,4.334634216719882,4.230295765047919,4.021618861703993,-2.257606680775673,4.280287382408568,4.12160209642529,3.8042315244587352,-0.39782038339480635,4.359732344338616,4.280492020285385,4.122011372178925,-0.3888604670948812,4.3293813162280586,4.219789964064271,4.000607259736696
2023,15,2023_15_LAC_LV,LAC,-3.0,7.503565881997751,1.4154577877291838,7.653125368227535,7.8026848544573175,8.101803826916884,1.3262537016772664,7.67778729221604,7.85200870243433,8.200451522870909,0.21235093310294734,7.459342405694663,7.415118929391575,7.3266719767853985,0.22210928558216378,7.47555490864851,7.44754393529927,7.391521988600788
2023,15,2023_15_LAC_LV,LV,19.0,7.51346704107455,1.3786534551981728,7.650376598504847,7.787286155935143,8.061105270795736,0.8874989480276294,7.550661154989227,7.587855268903902,7.662243496733254,0.2395881019195479,7.502531133533772,7.491595225992993,7.469723410911436,0.2843023442650879,7.569274476538155,7.6250819120017574,7.736696782928965
2023,15,2023_15_MIN_CIN,CIN,7.0,7.191707546763094,1.4440721604988362,7.427142123363886,7.662576699964679,8.133445853166263,1.2102859501621537,7.408329951951754,7.624952357140414,8.058197167517733,0.3905859280507566,7.459474185798872,7.72724082483465,8.262774102906205,0.3796225357959276,7.460212893131217,7.728718239499339,8.265728932235584
2023,15,2023_15_MIN_CIN,MIN,7.0,6.025063668497976,0.9548057168515398,6.416900425511654,6.808737182525332,7.5924106965526885,0.9810942216904269,6.463061293205892,6.901058917913809,7.777054167329641,0.12713061918251803,6.23857004703858,6.452076425579186,6.879089182660395,0.12553296749791498,6.232677318847358,6.440290969196741,6.855518269895505
2023,15,2023_15_NYG_NO,NO,14.0,8.721815861139968,1.4290267099360963,8.570564011102533,8.419312161065097,8.116808460990228,1.2234912155538937,8.559960818970307,8.398105776800644,8.074395692461323,0.40190202453995433,8.621913645672183,8.522011430204397,8.322206999268829,0.3744489821540518,8.600615754220225,8.479415647300481,8.237015433460993
2023,15,2023_15_NYG_NO,NYG,1.0,5.340703241353465,-1.0046997602251873,5.361920487397626,5.383137733441787,5.42557222553011,-1.2298016227219726,5.271780148737245,5.202857056121027,5.065010870888589,-0.05569568014224606,5.485245735657243,5.629788229961022,5.91887321856858,-0.04537542730863788,5.482269320765672,5.62383540017788,5.906967559002296
2023,15,2023_15_NYJ_MIA,MIA,24.0,9.853188825531202,1.9323994055692468,9.558252228072057,9.263315630612912,8.673442435694623,1.4884235200591986,9.48973678032829,9.12628473512538,8.399380644719557,0.4503212166259924,9.534018578578715,9.214848331626229,8.576507837721255,0.477045531862036,9.591499558878187,9.329810292225174,8.806431758919146
2023,15,2023_15_NYJ_MIA,NYJ,2.0,5.917056154311795,-0.8531047185675315,5.83609395626151,5.755131758211224,5.593207362110653,-0.7029321976229117,5.86561878277284,5.814181411233884,5.711306668155974,-0.06746457887561273,5.902057659360077,5.887059164408358,5.857062174504922,-0.04224809792707507,5.918873216720118,5.920690279128441,5.924324403945087
2023,15,2023_15_PHI_SEA,PHI,3.0,7.455665756130158,0.7452473581805958,7.431919120059288,7.408172483988418,7.360679211846678,1.0595539341085525,7.560073935534117,7.664482114938076,7.8732984737459955,0.30420453583310236,7.544022629055404,7.632379501980651,7.809093247831143,0.32556925904855216,7.58318190759527,7.710698059060381,7.965730361990604
2023,15,2023_15_PHI_SEA,SEA,5.0,5.255942245590309,-1.9260288284581715,5.04364628441334,4.83135032323637,4.406758400882431,-2.0916931490346777,4.943894922548602,4.631847599506894,4.00775295342348,-0.4348073434844173,4.9238950295797945,4.591847813569279,3.927753381548249,-0.390118342874811,4.940363179702108,4.624784113813906,3.9936259820375026
2023,15,2023_15_PIT_IND,IND,14.0,6.962376155691305,0.912781111873354,7.108266996026574,7.254157836361843,7.54593951703238,0.6622254005490347,7.06825882130978,7.1741414869282565,7.385906818165207,0.38555076071688066,7.280864383510794,7.599352611330284,8.236329066969263,0.36220699074196455,7.264050048740486,7.565723941789669,8.169071727888031
2023,15,2023_15_PIT_IND,PIT,4.0,6.481255910478,0.21476376562211116,6.55445837480012,6.62766083912224,6.77406576776648,0.7072882460933333,6.721237966393278,6.961220022308555,7.44118413413911,0.1261653446887255,6.5794468069572085,6.6776377034364165,6.874019496394833,0.14914048755643572,6.6075772493394425,6.7338985882008835,6.986541265923767
2023,15,2023_15_SF_ARI,ARI,-4.0,3.3380353163514216,-2.1394145677264804,3.546225128486709,3.754414940621996,4.170794564892571,-1.615512242800781,3.6514941324217376,3.964952948492053,4.591870580632685,-0.5301578294353942,3.3602680486920433,3.382500781032665,3.4269662457139085,-0.4667942251632877,3.3955441732363756,3.453053030121329,3.5680707438912367
2023,15,2023_15_SF_ARI,SF,12.0,8.941354453671218,2.1871223328398135,8.944795165113089,8.948235876554957,8.955117299438696,1.9036676853479655,8.933203064799134,8.925051675927048,8.908748898182878,0.5099400148850372,8.928423279652606,8.91549210563399,8.889629757596762,0.4697242040069909,8.897465339917332,8.853576226163444,8.76579799865567
2023,15,2023_15_TB_GB,GB,6.0,7.882761931397852,0.732172500832415,7.748626678313325,7.614491425228799,7.346220919059747,0.7088418027973026,7.772843908082076,7.662925884766301,7.443089838134751,0.20740849352641752,7.737249936857906,7.591737942317961,7.300713953238071,0.2134439393663171,7.74792866222781,7.61309539305777,7.343428854717688
2023,15,2023_15_TB_GB,TB,5.0,5.464052923303671,-1.0380407423007483,5.445215560714068,5.426378198124466,5.38870347294526,-0.9168075345122968,5.460277655377782,5.456502387451893,5.448951851600114,-0.07057377136744467,5.558222814322876,5.65239270534208,5.840732487380488,-0.07971859005555401,5.527129985776934,5.590207048250198,5.716361173196725
2023,15,2023_15_WAS_LA,LA,6.0,7.148419836137551,1.037485071816275,7.282274441562993,7.416129046988434,7.6838382578393185,0.8139503558568497,7.254320757700556,7.360221679263561,7.572023522389571,0.36342133912960256,7.391340842915715,7.6342618496938774,8.120103863250204,0.34189770313387735,7.37540340159172,7.602386967045888,8.056354097954225
2023,15,2023_15_WAS_LA,WAS,6.0,4.213228382283974,-2.7766013011113304,4.026468247923565,3.839708113563156,3.4661878448423376,-2.6919128016622444,3.9777914142378084,3.7423544461916425,3.2714805100993103,-0.5453989383932436,3.996651016985546,3.7800736516871174,3.34691892109026,-0.5079069537587655,3.9948945133130653,3.7765606443421564,3.339892906400338
2023,16,2023_16_ARI_CHI,ARI,3.0,5.667701821822832,-1.0463338199960819,5.539372233173634,5.411042644524436,5.15438346722604,-1.12436970669437,5.498863255521213,5.330024689219594,4.992347556616356,-0.049545874583611045,5.713847694136589,5.759993566450346,5.8522853110778605,-0.052587637585128626,5.704441089279016,5.7411803567351996,5.814658891647568
2023,16,2023_16_ARI_CHI,CHI,3.0,7.633202592749719,1.5436856833287738,7.797922155768796,7.9626417187878715,8.292080844826025,1.3169510761910594,7.745616614061799,7.858030635373879,8.082858677998038,0.3730738057804837,7.799867025090198,7.966531457430676,8.299860322111634,0.3356207484782152,7.755168599242031,7.8771346057343425,8.121066618718965
2023,16,2023_16_BAL_SF,BAL,15.0,4.727823875028761,-1.7151208967473202,4.63191206891125,4.5360002627937375,4.344176650558714,-1.4466211124705224,4.691968858098839,4.656113841168916,4.584403807309071,-0.4503645275952397,4.428610297263707,4.1293967194986525,3.530969563968544,-0.44991775529850014,4.40938228300909,4.090940690989418,3.4540575069500763
2023,16,2023_16_BAL_SF,SF,3.0,7.536541005902563,0.7082270398271556,7.472395400473291,7.408249795044019,7.279958584185475,0.8249021836180912,7.5173970768123555,7.498253147722149,7.459965289541735,0.2701098952434186,7.578293599453324,7.620046193004086,7.703551380105608,0.2511315058231562,7.557181404075771,7.57782180224898,7.619102598595397
2023,16,2023_16_BUF_LAC,BUF,5.0,8.933741195286926,2.1342787926214717,8.95219565362275,8.970650111958575,9.007559028630224,2.1350493118226943,8.9799318193861,9.026122443485278,9.118503691683628,0.400875209284236,8.815523492226674,8.697305789166421,8.460870383045918,0.4323720403910636,8.874276252097136,8.814811308907348,8.695881422527771
2023,16,2023_16_BUF_LAC,LAC,7.0,3.442631314263633,-2.4313299412205964,3.4511035249328925,3.4595757356021517,3.47652015694067,-2.590953143180075,3.3659169025285838,3.289202490793535,3.135773667323437,-0.47986217642978846,3.42200743720741,3.401383560151187,3.3601358060387407,-0.459629486375913,3.4310631279341903,3.419494941604748,3.396358568945863
2023,16,2023_16_CIN_PIT,CIN,0.0,7.821582424092351,0.9552798045630227,7.760999917283209,7.700417410474067,7.579252396855784,1.0560604022193176,7.804334958927105,7.7870874937618595,7.752592563431368,0.38745373759829016,7.961972013828974,8.102361603565598,8.383140783038844,0.3897579512223903,7.976862904393032,8.132143384693714,8.442704345295079
2023,16,2023_16_CIN_PIT,PIT,13.0,6.496631795755297,0.18353218945059932,6.53355217443905,6.570472553122805,6.644313310490312,0.1644101011668214,6.528433019401051,6.560234243046805,6.6238366903383135,0.06633060202744755,6.5033179864646495,6.510004177174002,6.523376558592708,0.09700716895203856,6.548330200636857,6.6000286055184185,6.70342541528154
2023,16,2023_16_CLE_HOU,CLE,7.0,8.29931217087988,1.625678968012529,8.32233717498819,8.345362179096501,8.391412187313124,1.5699358654690756,8.325263276515003,8.351214382150125,8.403116593420373,0.3949118279180776,8.33106758790547,8.362823004931059,8.426333838982236,0.3944711386504254,8.342160663400684,8.385009155921487,8.470706140963095
2023,16,2023_16_CLE_HOU,HOU,7.0,7.279955093494854,1.1971514164849293,7.4280336864814345,7.576112279468016,7.872269465441178,1.1159974931418597,7.417083316626503,7.5542115397581515,7.82846798602145,0.19244649596425248,7.2734085052673265,7.266861917039801,7.253768740584747,0.166067844699084,7.238397786882135,7.196840480269417,7.113725867043981
2023,16,2023_16_DAL_MIA,DAL,1.0,5.412261530746357,-0.6507338332654535,5.467605112735796,5.522948694725233,5.63363585870411,-0.540903210690988,5.491938174250049,5.5716148177537415,5.730968104761126,-0.19092264379224783,5.3175738330972875,5.222886135448217,5.033510740150078,-0.19070345911289074,5.307718858692676,5.203176186638994,4.994090842531631
2023,16,2023_16_DAL_MIA,MIA,7.0,5.95041718817115,0.9704234041707568,6.362212445455446,6.774007702739744,7.597598217308338,0.7258128314188141,6.296444473006812,6.6424717578424755,7.334526327513801,0.12551806932241016,6.179352144284223,6.408287100397297,6.866157012623445,0.14240573695899153,6.206099272099247,6.461781356027346,6.973145523883542
2023,16,2023_16_DET_MIN,DET,12.0,6.335244095405901,0.30069263177284433,6.447995110029475,6.560746124653049,6.786248153900197,0.5705983483859479,6.5359424641884925,6.736640832971084,7.138037570536266,0.24106559455177562,6.635268861335453,6.935293627265003,7.535343159124105,0.2400294906076667,6.639719011939955,6.944193928474009,7.553143761542116
2023,16,2023_16_DET_MIN,MIN,4.0,5.0818433832763175,-1.1888776385232012,5.056806975920113,5.031770568563907,4.981697753851497,-1.2777334655358359,5.010932953481785,4.940022523687253,4.798201664098187,-0.20594577005640227,5.048008852326625,5.014174321376932,4.946505259477546,-0.20548897481099257,5.037944473362527,4.994045563448738,4.906247743621158
2023,16,2023_16_GB_CAR,CAR,0.0,5.308462176598749,-0.9898250801575589,5.287056977020624,5.265651777442498,5.222841378286247,-0.9147011689051281,5.295789298400704,5.283116420202658,5.257770663806567,-0.09155648570000245,5.383592514348288,5.458722852097825,5.6089835275969016,-0.11182758797837564,5.3470228650015414,5.385583553404333,5.462704930209916
2023,16,2023_16_GB_CAR,GB,1.0,8.383535347762425,2.4585332798674857,8.637746363829114,8.891957379895803,9.400379412029181,2.1894845311027185,8.584505060255303,8.78547477274818,9.187414197733936,0.3879508275292741,8.384156422764804,8.384777497767184,8.386019647771942,0.38984748710134437,8.398460583867722,8.41338581997302,8.443236292183615
2023,16,2023_16_IND_ATL,ATL,12.0,6.28012218810595,0.40986436279334426,6.439717895257457,6.599313602408964,6.918505016711979,0.18341347685988993,6.372064990942068,6.464007793778187,6.647893399450423,0.1929962841985544,6.524329842127274,6.768537496148598,7.256952804191247,0.19560696271936626,6.532397256685955,6.784672325265959,7.289222462425968
2023,16,2023_16_IND_ATL,IND,0.0,6.479150924315039,0.8241887488189986,6.714473496650154,6.949796068985268,7.420441213655498,0.22890825061889203,6.535734702616944,6.5923184809188475,6.705486037522656,0.25285279443591296,6.760265187708495,7.041379451101951,7.603607977888863,0.25577501915814943,6.771035805586779,7.0629206868585195,7.646690449402
2023,16,2023_16_JAX_TB,JAX,1.0,7.3914429932957715,0.5855957171736416,7.326431246033902,7.2614194987720335,7.1313960042482964,1.0080631773752933,7.466540252048829,7.541637510801887,7.691832028308002,0.19284256187174303,7.357597877748909,7.323752762202048,7.256062531108324,0.20460885089625502,7.379258272704104,7.367073552112437,7.342704110929103
2023,16,2023_16_JAX_TB,TB,16.0,5.759867118048514,0.13297029670349214,5.965665275847092,6.171463433645671,6.583059749242827,0.1822206464034228,5.98149618211044,6.203125246172368,6.646383374296221,0.09599631895128885,5.9936962565805905,6.227525395112668,6.695183672176821,0.11790985668425724,6.026803239928184,6.293739361807855,6.827611605567196
2023,16,2023_16_LV_KC,KC,3.0,9.554077073667582,1.624344356054708,9.263006645813842,8.971936217960101,8.38979536225262,1.9970467299551524,9.401508751389462,9.248940429111343,8.943803784555104,0.34075125854012794,9.193724391414644,8.833371709161707,8.112666344655834,0.3394142312888267,9.20145888101779,8.848840688368,8.14360430306842
2023,16,2023_16_LV_KC,LV,15.0,4.265509183175531,-2.415943477502053,4.072921936589544,3.880334690003556,3.4951601968315806,-2.0649676690562906,4.149538880902284,4.033568578629037,3.801627974082542,-0.39338813295443775,4.164368070204233,4.063226957232935,3.8609447312903384,-0.3859672568768674,4.157631283122372,4.049753383069214,3.833997582962896
2023,16,2023_16_NE_DEN,DEN,4.0,9.372330972394204,1.9333564174807734,9.22028577966762,9.068240586941036,8.764150201487867,1.2708729084619426,9.035380107093019,8.698429241791835,8.024527511189465,0.4300530578087504,9.186711238748472,9.001091505102739,8.629852037811272,0.395576518261089,9.148566573528008,8.92480217466181,8.477273376929414
2023,16,2023_16_NE_DEN,NE,9.0,6.273650897756593,-0.25399510267105413,6.23380512068244,6.193959343608288,6.1142677894599835,-0.3740106473644002,6.190798260805995,6.107945623855396,5.942240349954199,-0.019985647262306047,6.2111085454012755,6.1485661930459585,6.023481488335324,0.0034825736669759893,6.242183405572376,6.210715913388161,6.14778092901973
2023,16,2023_16_NO_LA,LA,4.0,6.534491197754859,0.03358734059967689,6.516533790011,6.498576382267142,6.462661566779425,0.3516873819897025,6.6160969757268635,6.697702753698868,6.860914309642879,0.18115986677068288,6.697969134603876,6.8614470714528935,7.188402945150929,0.14547365022678255,6.648711519378717,6.762931841002577,6.991372484250295
2023,16,2023_16_NO_LA,NO,0.0,5.068943200051663,-0.7054706002969715,5.19353855418549,5.318133908319316,5.567324616586968,-0.7020666746807648,5.183444506954132,5.2979458138566,5.526948427661536,-0.2887141408570095,4.918496775522694,4.768050350993725,4.467157501935787,-0.28222631722281827,4.914292148789276,4.759641097526887,4.450338995002111
2023,16,2023_16_NYG_PHI,NYG,10.0,3.979912066306455,-2.858221749520997,3.724773816661693,3.46963556701693,2.959359067727405,-2.859246874027121,3.6839680227882425,3.388023979270029,2.796135892233603,-0.5159559318492353,3.772709328771355,3.565506591236254,3.1511011161660525,-0.4804682109473456,3.803072148221177,3.626232230135898,3.2725523939653405
2023,16,2023_16_NYG_PHI,PHI,4.0,10.424287056358638,2.3255568137733973,10.12803632606272,9.831785595766803,9.239284135174966,2.0715063679754997,10.077731181307634,9.731175306256631,9.038063556154622,0.4757103005507636,10.041783556398876,9.659280056439112,8.894273056519584,0.4465645138642374,10.013265583098047,9.602244109837455,8.780201163316272
2023,16,2023_16_SEA_TEN,SEA,7.0,8.366326480798103,0.8753238297728356,8.145342152547311,7.92435782429652,7.482389167794936,1.2954651516217648,8.288659677196732,8.210992873595359,8.055659266392615,0.366552030367421,8.340267329204796,8.314208177611487,8.262089874424873,0.37843342955433673,8.368600751108541,8.370875021418982,8.37542356203986
2023,16,2023_16_SEA_TEN,TEN,4.0,6.298475518670263,0.1219106116535314,6.366271992967237,6.4340684672642094,6.569661415858157,0.48213568360336984,6.48036941897793,6.6622633192855965,7.026051119900931,0.15254269524674846,6.479523742900129,6.660571967129995,7.022668415589726,0.13493405229902025,6.456045403427513,6.6136152881847625,6.928755057699262
2023,16,2023_16_WAS_NYJ,NYJ,8.0,8.382484722779125,1.4918868179620968,8.344195728179935,8.305906733580745,8.229328744382366,0.9047948773724793,8.177139257685942,7.971793792592759,7.5611028624063925,0.39649472436388494,8.395738812863451,8.408992902947777,8.43550108311643,0.37700212721937515,8.378593533925166,8.374702345071205,8.366919967363284
2023,16,2023_16_WAS_NYJ,WAS,3.0,7.603803823394771,0.7698823245982258,7.541515695888278,7.479227568381784,7.354651313368797,0.973681363253791,7.614929738102565,7.626055652810358,7.648307482225945,0.20302005118850605,7.53160407091071,7.459404318426648,7.3150048134585255,0.1986089109847499,7.52961724610316,7.455430668811548,7.307057514228326
2023,17,2023_17_ARI_PHI,ARI,2.0,3.221995386988839,-3.2017987756253485,3.124819877736464,3.027644368484089,2.8332933499793396,-3.0360570829517113,3.141695627986631,3.0613958689844227,2.9007963509800065,-0.5464782863645345,3.2028238722230498,3.183652357457261,3.145309327925683,-0.48162620279457524,3.2595842710030127,3.2971731550171866,3.372350923045534
2023,17,2023_17_ARI_PHI,PHI,5.0,8.27163232656596,1.6855298068219695,8.348092855709565,8.42455338485317,8.57747444314038,1.7148302219270841,8.407043033412158,8.542453740258356,8.81327515395075,0.42154628614550904,8.351634033890477,8.431635741214993,8.591639155864025,0.3816561768723544,8.310318464226327,8.349004601886696,8.426376877207431
2023,17,2023_17_ATL_CHI,ATL,-1.0,6.7885805698690005,1.2834884111301132,7.117672090188947,7.446763610508894,8.104946651148786,0.7981385188243373,7.009548531369816,7.230516492870633,7.672452415872265,0.2241287765933362,6.961666089885627,7.1347516099022545,7.480922649935508,0.23444089032464116,6.982564262321333,7.176547954773664,7.564515339678328
2023,17,2023_17_ATL_CHI,CHI,11.0,7.726549056664191,0.9921092340602574,7.735532421309404,7.744515785954617,7.762482515245042,0.4802422214906685,7.614119418451711,7.50168978023923,7.276830503814271,0.3196744244112577,7.799532925642061,7.87251679461993,8.01848453257567,0.2758300008429661,7.746618036301014,7.766687015937837,7.806824975211484
2023,17,2023_17_CAR_JAX,CAR,3.0,5.699417438414209,-0.7153786814232619,5.713472003801403,5.727526569188596,5.755635699962982,-1.2088064300900834,5.568265482855352,5.4371135272964946,5.174809616178779,0.01608846596661165,5.852173031718452,6.004928625022695,6.3104398116311815,-0.021738439682533778,5.790745947824043,5.882074457233875,6.064731476053541
2023,17,2023_17_CAR_JAX,JAX,18.0,8.116655587403526,0.8100819924684444,7.97462719850733,7.8325988096111345,7.548542031818743,0.7374470396398025,7.986722159490039,7.856788731576554,7.59692187574958,0.37340528686918556,8.167688384275223,8.218721181146922,8.320786774890319,0.37570009052114717,8.185368537731186,8.254081488058848,8.391507388714171
2023,17,2023_17_CIN_KC,CIN,4.0,4.169461823697604,-2.6516141263337647,3.9970806314209515,3.8246994391442986,3.4799370545909927,-2.4975629009637093,4.019834445195858,3.870207066694112,3.5709523096906204,-0.4553600436936239,4.041586769427826,3.9137117151580476,3.6579616066184903,-0.44926023656954606,4.017555166561,3.865648509424396,3.561835195151188
2023,17,2023_17_CIN_KC,KC,7.0,7.523992318657083,0.8579697519385985,7.544200622166029,7.564408925674975,7.604825532692867,1.1050921684562438,7.656608289967106,7.789224261277129,8.054456203897175,0.3151514451834962,7.6412535406866695,7.758514762716256,7.993037206775429,0.31340757432250066,7.649699297822252,7.775406276987423,8.026820235317762
2023,17,2023_17_DET_DAL,DAL,6.0,5.471806141319901,-0.8781649013281919,5.494932005494368,5.518057869668836,5.564309598017772,-1.2036211805624426,5.39917027067168,5.326534400023462,5.1812626587270225,-0.060929465551813486,5.573134391041739,5.674462640763577,5.877119140207255,-0.042006130804215995,5.590373532076709,5.70894092283352,5.946075704347139
2023,17,2023_17_DET_DAL,DET,6.0,4.110669829931033,-2.1130217175907586,4.1112414106129656,4.111812991294899,4.112956152658764,-2.572649739677672,3.9523790589459917,3.7940882879609514,3.4775067459908695,-0.42525973182637894,4.039830600798696,3.9689913716663607,3.8273129134016886,-0.41233425561310577,4.0275063106169835,3.9443427913029336,3.7780157526748344
2023,17,2023_17_GB_MIN,GB,12.0,7.000705990346352,0.6872293841605916,7.101567180709982,7.202428371073613,7.404150751800874,0.665681268245781,7.127431837763854,7.254157685181356,7.50760938001636,0.1564006116867027,7.0254965805375615,7.050287170728771,7.09986835111119,0.1666420985819454,7.042427513637767,7.084149036929183,7.167592083512014
2023,17,2023_17_GB_MIN,MIN,1.0,6.06765982075367,-0.9215184206149283,5.9290836870506505,5.79050755334763,5.513355285941589,-0.5271094074639417,6.056540239705571,6.04542065865747,6.02318149656127,0.07239712756777981,6.207556202394154,6.347452584034637,6.627245347315604,0.055137425553581386,6.179443820654055,6.291227820554439,6.514795820355207
2023,17,2023_17_LAC_DEN,DEN,9.0,7.884758603861893,1.1294544216403344,7.894545760774889,7.904332917687886,7.923907231513879,1.2392993912912766,7.968938222911735,8.053117841961578,8.221477080061264,0.25075250528978676,7.821247427101241,7.7577362503405904,7.630713896819287,0.3020649235012151,7.903672823925094,7.922587043988295,7.960415484114697
2023,17,2023_17_LAC_DEN,LAC,3.0,6.9127356831302,-0.10541207003641762,6.802687365956416,6.692639048782633,6.4725424144350665,0.0061875890434697454,6.85626915195548,6.79980262078076,6.6868695584313205,0.15500073183885293,6.957549838287477,7.002363993444755,7.091992303759309,0.12792597926494853,6.919784584073776,6.926833485017353,6.940931286904506
2023,17,2023_17_LA_NYG,LA,8.0,8.102599512965734,1.100678854830864,8.049471308881785,7.996343104797834,7.890086696629935,0.8308759968727748,8.0052481857785,7.907896858591267,7.7131942042168,0.38282685870748184,8.170398313258568,8.238197113551402,8.373794714137071,0.36155863268985944,8.154128939420687,8.205658365875639,8.308717218785544
2023,17,2023_17_LA_NYG,NYG,16.0,4.651750366125264,-2.0948528872108443,4.522390365824622,4.393030365523979,4.134310364922694,-2.267692919606337,4.453069144547929,4.2543879229705945,3.857025479815925,-0.43519534666322474,4.431665986973312,4.211581607821359,3.7714128495174544,-0.4340768800260297,4.4014940465404795,4.151237726955694,3.6507250877861246
2023,17,2023_17_LV_IND,IND,3.0,7.618052473366214,1.6502072323019548,7.847529122782486,8.077005772198756,8.5359590710313,1.233152845562907,7.766996281145124,7.9159400889240334,8.213827704481853,0.32223420557151955,7.721760968177567,7.825469462988919,8.032886452611624,0.3599996021023633,7.788436850999439,7.958821228632663,8.299589983899113
2023,17,2023_17_LV_IND,LV,1.0,5.769842157701514,0.1361544461110787,6.0164967862515555,6.263151414801598,6.756460671901682,0.12202880729270323,6.035140104181154,6.3004380506607935,6.831033943620073,0.10215853995561157,6.0260541001142816,6.282266042527049,6.794689927352585,0.08801158947277503,6.0041954433027085,6.238548728903904,6.707255300106294
2023,17,2023_17_MIA_BAL,BAL,10.0,6.301364364703305,0.19538517992513352,6.432542226391166,6.563720088079026,6.826075811454746,0.23352043035695286,6.4684695880302865,6.635574811357266,6.969785258011227,0.116419638804938,6.4447548143626685,6.58814526402203,6.8749261633407555,0.14384656044455466,6.484557575853185,6.667750787003065,7.034137209302824
2023,17,2023_17_MIA_BAL,MIA,-1.0,5.489278447943742,-0.675751847153842,5.567511325953047,5.645744203962353,5.802209959980965,-0.6902378679476731,5.572000871675381,5.65472329540702,5.820168142870298,-0.13224343919125545,5.485931399268802,5.4825843505938625,5.475890253243984,-0.1267613464786824,5.479429400274886,5.469580352606029,5.4498822572683165
2023,17,2023_17_NE_BUF,BUF,17.0,10.767022072256928,3.5276540695926695,10.760907108482048,10.754792144707169,10.74256221715741,2.7044527954719224,10.586481642547177,10.405941212837426,10.044860353417922,0.4867240523577011,10.314852634835733,9.862683197414537,8.958344322572145,0.45738197386024976,10.292693611158889,9.818365150060847,8.869708227864766
2023,17,2023_17_NE_BUF,NE,9.0,4.513475294021244,-1.8567962566346394,4.488632315347182,4.46378933667312,4.414103379324994,-1.842933455374641,4.481516118766588,4.449556943511931,4.385638593002617,-0.45099746068632457,4.305733097074925,4.097990900128607,3.6825065062359683,-0.4405844076284969,4.288263276837155,4.063051259653064,3.612627225284884
2023,17,2023_17_NO_TB,NO,14.0,6.012784353260589,0.029394749922499866,6.167334198275963,6.3218840432913375,6.630983733322085,0.07606607707298192,6.20304659749428,6.393308841727973,6.773833330195357,0.099574164628055,6.204625673658181,6.396466994055773,6.7801496348509565,0.10951507790209244,6.217874754996384,6.422965156732179,6.83314596020377
2023,17,2023_17_NO_TB,TB,1.0,6.652025656824807,0.35872391761938555,6.743532067442006,6.8350384780592055,7.018051299293603,0.4159710791183064,6.788230510916568,6.92443536500833,7.196845073191853,0.2652840103440842,6.917137117761577,7.182248578698347,7.712471500571888,0.24349560360875236,6.8934006230039735,7.13477558918314,7.617525521541473
2023,17,2023_17_NYJ_CLE,CLE,15.0,9.704198079676637,2.1183734734825896,9.549699759373208,9.395201439069778,9.08620479846292,1.3988968449153087,9.383172583769547,9.062147087862455,8.420096096048272,0.43803254004652753,9.449247216785805,9.194296353894973,8.68439462811331,0.4491082650625927,9.483466155212167,9.262734230747698,8.82127038181876
2023,17,2023_17_NYJ_CLE,NYJ,11.0,7.066814378029139,-0.3907767217414085,6.834397603008177,6.601980827987216,6.137147277945292,-0.5162622229148519,6.809280987699317,6.551747597369497,6.036680816709856,0.030998481989020166,6.898692534900457,6.730570691771776,6.394327005514413,0.015271629926650867,6.870461864691476,6.674109351353813,6.281404324678489
2023,17,2023_17_PIT_SEA,PIT,3.0,6.397812818524956,-0.4049258969424201,6.328488976842057,6.259165135159158,6.120517451793359,0.12986206161482416,6.508555220865061,6.6192976232051635,6.8407824278853715,-0.0370934529919966,6.301166126951782,6.204519435378606,6.0112260522322565,-0.005401671981731354,6.338453097183403,6.279093375841849,6.160373933158741
2023,17,2023_17_PIT_SEA,SEA,0.0,8.043049804910941,0.911591341763556,7.949249385226575,7.855448965542211,7.667848126173479,1.082165267205129,8.038768273046179,8.034486741181416,8.02592367745189,0.3265363694138097,8.046560208696167,8.050070612481395,8.057091420051849,0.33358271548498175,8.068520898633086,8.093991992355232,8.14493417979952
2023,17,2023_17_SF_WAS,SF,9.0,9.057042712239074,1.8785325779787048,8.993860709077332,8.93067870591559,8.804314699592107,1.7724218623067143,9.014019020422557,8.97099532860604,8.884947944973007,0.4807284133233511,9.02393490231988,8.990827092400684,8.924611472562294,0.4377866426750429,8.981529219204683,8.906015726170292,8.754988740101512
2023,17,2023_17_SF_WAS,WAS,0.0,2.895593490645909,-2.2023052112468715,3.173699959514957,3.451806428384005,4.008019366122101,-2.098562915702728,3.1885720564161977,3.4815506221864867,4.067507753727064,-0.5349841179248734,2.9741896615733925,3.0527858325008763,3.2099781743558435,-0.48904519311140193,3.0039243595370513,3.1122552284281935,3.328916966210478
2023,17,2023_17_TEN_HOU,HOU,15.0,8.508539776909522,1.1420612424628744,8.366085906633174,8.223632036356825,7.93872429580413,1.591904736920639,8.546478432544793,8.584417088180064,8.660294399450608,0.3716648644329967,8.459153521752615,8.40976726659571,8.310994756281897,0.3637528086672682,8.461795549599781,8.415051322290042,8.321562867670561
2023,17,2023_17_TEN_HOU,TEN,1.0,6.001389068328292,-1.062788575544921,5.837871169290568,5.674353270252846,5.347317472177399,-0.8523586402342062,5.90564401550765,5.809898962687009,5.618408857045726,-0.252957235586996,5.700223439661303,5.399057810994316,4.796726553660339,-0.23781926648137894,5.700967170813284,5.4005452732982775,4.799701478268263
2023,18,2023_18_ATL_NO,ATL,-1.0,5.638668465360292,-0.8628241471291246,5.629356853473675,5.620045241587058,5.6014220178138245,-1.0268642220243227,5.58387670188635,5.529084938412408,5.419501411464525,-0.013352112559751989,5.757898992612553,5.8771295198648135,6.115590574369335,-0.027964306217340293,5.730715281111219,5.822762096862145,6.006855728363998
2023,18,2023_18_ATL_NO,NO,8.0,7.1505269093419255,0.9716738125302453,7.30973863291074,7.468950356479556,7.787373803617186,0.8534280630744673,7.308788216404393,7.467049523466862,7.783572137591799,0.3552364682107294,7.4173913722484075,7.68425583515489,8.217984760967855,0.32348584327619534,7.384801408760133,7.619075908178342,8.087624907014758
2023,18,2023_18_BUF_MIA,BUF,12.0,6.615112457032897,0.9062624167485764,6.888692059630049,7.1622716622272025,7.709430867421508,0.9018623489855673,6.922451350377577,7.229790243722258,7.844468030411618,0.1497711560277347,6.72284188631317,6.830571315593444,7.046030174153991,0.17848674647523438,6.768622897583691,6.9221333381344845,7.229154219236072
2023,18,2023_18_BUF_MIA,MIA,9.0,5.478247047001244,-0.8454547978460236,5.514215033682656,5.5501830203640665,5.62211899372689,-0.7777161894724335,5.541873405618153,5.605499764235061,5.732752481468878,-0.17748977699711185,5.403526524549882,5.328806002098519,5.179364957195793,-0.18204353422616384,5.382341760848406,5.2864364746955665,5.094625902389889
2023,18,2023_18_CHI_GB,CHI,4.0,5.513130183807196,-0.7561104986176963,5.566992614914271,5.620855046021347,5.728579908235497,-0.8285095615500856,5.552070271771163,5.59101035973513,5.668890535663064,-0.08507562443594388,5.561469259971613,5.6098083361360285,5.7064864884648605,-0.1266973258918854,5.490423757407431,5.467717331007664,5.422304478208131
2023,18,2023_18_CHI_GB,GB,9.0,7.3360746234666685,0.669118901305167,7.358769794073039,7.3814649646794095,7.4268553058921505,0.60604485948126,7.370190959487082,7.404307295507495,7.472539967548322,0.27658894614984336,7.444402662579829,7.55273070169299,7.769386779919312,0.24913763210579185,7.413917095131135,7.491759566795601,7.647444510124532
2023,18,2023_18_CLE_CIN,CIN,8.0,8.733850900830348,0.7149985716957873,8.420769330927424,8.1076877610245,7.481524621218655,0.5593238354680672,8.40383771062109,8.073824520411833,7.413798139993317,0.298381606352042,8.523810685555839,8.313770470281332,7.8936900397323155,0.2740236317419314,8.499083845049391,8.264316789268435,7.79478267770652
2023,18,2023_18_CLE_CIN,CLE,4.0,6.088014188597132,-0.28131458167080753,6.139594993933299,6.191175799269466,6.294337409941801,-0.2434071459771649,6.167143976827992,6.246273765058851,6.404533341520571,-0.03105457051779143,6.06966500117224,6.051315813747347,6.014617438897561,0.0032655418749326934,6.113948842797227,6.139883496997323,6.191752805397514
2023,18,2023_18_DAL_WAS,DAL,16.0,8.597010999044342,1.8203128059040965,8.647407094886981,8.697803190729623,8.798595382414902,1.7807647846561545,8.68513383856481,8.773256678085279,8.949502357126217,0.3919537933177119,8.554612471542248,8.512213944040155,8.42741688903597,0.3690629889814049,8.537124626623692,8.477238254203044,8.357465509361747
2023,18,2023_18_DAL_WAS,WAS,0.0,3.287835144016949,-2.783815280561237,3.2939780236804794,3.30012090334401,3.3124066626710715,-2.709822834663632,3.2917603911575943,3.29568563829824,3.303536132579531,-0.5091198228446573,3.2878210421376988,3.287806940258449,3.2877787364999493,-0.4808377377825113,3.297278241873992,3.306721339731035,3.3256075354451204
2023,18,2023_18_DEN_LV,DEN,3.0,6.747727461566393,-0.24421726655153486,6.6454310569221136,6.543134652277832,6.3385418429892715,0.07764249452650214,6.762841973474446,6.777956485382498,6.808185509198602,0.047817231078974495,6.676919268443385,6.606111075320376,6.464494689074359,0.04438022809335491,6.669588923063652,6.59145038456091,6.435173307555427
2023,18,2023_18_DEN_LV,LV,8.0,7.829543522313724,1.0037828870198324,7.828566228478448,7.827588934643172,7.825634346972621,0.9047217669341228,7.834173427990793,7.838803333667861,7.848063145021998,0.34905236180355276,7.91783544337405,8.006127364434375,8.182711206555027,0.3382621526380666,7.915934743447137,8.00232596458055,8.175108406847373
2023,18,2023_18_HOU_IND,HOU,4.0,6.83576351694529,0.9851324926963378,7.077675363438116,7.319587209930944,7.803410902916598,1.0992281489777553,7.149976105520465,7.464188694095641,8.092613871245991,0.26585176769298113,7.053858371670286,7.271953226395283,7.7081429358452755,0.26819796743373575,7.066895560243095,7.2980276035409,7.760291690136511
2023,18,2023_18_HOU_IND,IND,4.0,5.797674910317143,-0.44088141294560695,5.874306358646069,5.950937806974994,6.104200703632845,-0.09011906979595148,5.9975713694764625,6.197467828635782,6.59726074695442,-0.09487254529138342,5.760907628804406,5.724140347291668,5.650605784266193,-0.062706424398718,5.798547225397007,5.799419540476871,5.801164170636598
2023,18,2023_18_JAX_TEN,JAX,3.0,8.458921343370884,1.3095950106829217,8.391699526315639,8.324477709260393,8.190034075149901,1.9067632027264863,8.62117070172189,8.783420060072899,9.107918776774913,0.42275071483237814,8.4949609071409,8.531000470910918,8.60307959845095,0.4050529442759292,8.486827236813308,8.514733130255731,8.57054491714058
2023,18,2023_18_JAX_TEN,TEN,5.0,5.7471026224345305,0.0022818055838606443,5.968393292417743,6.189683962400958,6.632265302367384,-0.16764578304089614,5.935273783454213,6.1234449444738965,6.4997872665132626,0.003116516644489579,5.8627084838387455,5.978314345242962,6.209526068051393,-0.003570706863059988,5.848146623843951,5.949190625253371,6.151278628072212
2023,18,2023_18_KC_LAC,KC,9.0,6.92355470141267,0.43005072559761076,6.978162615295368,7.032770529178064,7.141986356943459,0.23231088372803405,6.943328117797054,6.963101534181437,7.002648366950204,0.12759488375562372,6.922550732960026,6.921546764507381,6.919538827602091,0.1062980750519196,6.893105883576856,6.8626570657410415,6.8017594300694135
2023,18,2023_18_KC_LAC,LAC,7.0,7.044926780726225,-0.6466057458366146,6.748460991484299,6.451995202242373,5.859063623758521,-0.6629406194656559,6.752959720089755,6.460992659453284,5.877058538180342,0.06827853098119085,6.9289960846547105,6.813065388583196,6.581203996440165,0.1070081853018394,6.985185999323917,6.92544521792161,6.8059636551169955
2023,18,2023_18_LA_SF,LA,6.0,5.516816939396631,-0.6932311951631793,5.588489117767497,5.660161296138363,5.803505652880095,-0.5329046510209686,5.6477505358795606,5.778684132362489,6.040551325328348,-0.15588419813233714,5.463262985263581,5.4097090311305305,5.302601122864429,-0.13723177704485082,5.477596455377598,5.438375971358564,5.359935003320497
2023,18,2023_18_LA_SF,SF,4.0,7.974740883482022,0.5826075801801326,7.811998190742448,7.649255498002871,7.323770112523721,0.2987933245172662,7.752614664009985,7.530488444537947,7.086236005593872,0.2661445250174158,7.908508861552143,7.8422768396222615,7.709812795762501,0.23675421520415316,7.874587709722252,7.77443453596248,7.574128188442938
2023,18,2023_18_MIN_DET,DET,9.0,6.9845046764674805,0.9926655649092444,7.191475298352453,7.398445920237425,7.812387164007369,0.528315633490071,7.082081474867522,7.179658273267562,7.374811870067644,0.29012038634855225,7.2000207141112185,7.415536751754956,7.846568827042432,0.29143285434843624,7.2128421084996255,7.4411795405317696,7.897854404596059
2023,18,2023_18_MIN_DET,MIN,0.0,4.483108675761717,-2.2807909785571727,4.34028164540211,4.197454615042501,3.911800554323284,-2.1493365142501277,4.36438885527799,4.245669034794261,4.008229393826806,-0.36541657786474124,4.389193599272911,4.295278522784104,4.107448369806489,-0.355964620368137,4.378561974716679,4.274015273671641,4.064921871581565
2023,18,2023_18_NYJ_NE,NE,4.0,9.35999799709866,1.5233564295750768,9.131185495088754,8.902372993078849,8.444747989059039,0.8379858245280806,8.961037693222723,8.562077389346786,7.764156781594915,0.4207026113271221,9.167847850567103,8.975697704035545,8.59139741097243,0.4152318505698115,9.177700842829395,8.995403688560133,8.630809380021606
2023,18,2023_18_NYJ_NE,NYJ,18.0,8.727806245083693,1.015627606823483,8.5057917545031,8.283777263922506,7.83974828276132,1.1884584025057892,8.59705520472371,8.466304164363724,8.204802083643754,0.3049061727732249,8.528581070228741,8.329355895373787,7.93090554566388,0.327447943847831,8.573625338824673,8.419444432565655,8.111082620047615
2023,18,2023_18_PHI_NYG,NYG,17.0,5.305931971971744,-1.6742801024985978,5.138075733421821,4.970219494871898,4.6345070177720515,-1.8216554990912492,5.084503757886073,4.863075543800402,4.42021911562906,-0.19024981469480587,5.256094708110069,5.206257444248395,5.106582916525047,-0.17696764068516546,5.260618442442015,5.215304912912285,5.124677853852826
2023,18,2023_18_PHI_NYG,PHI,4.0,7.986806165064043,1.088325765468651,7.9716981194626,7.956590073861157,7.92637398265827,0.8741421647425681,7.942508561016738,7.898210956969432,7.809615748874823,0.36607260503568795,8.060052887336974,8.133299609609905,8.279793054155768,0.3773265700927976,8.091702184498788,8.196598203933531,8.406390242803019
2023,18,2023_18_PIT_BAL,BAL,8.0,7.089629794442489,0.7661779654421822,7.202849591567865,7.316069388693242,7.542508982943994,0.2749837881496957,7.081297480443332,7.072965166444174,7.05630053844586,0.24400602704455787,7.2131065733865185,7.336583352330548,7.583536910218607,0.22427198230168768,7.19227905188668,7.294928309330871,7.500226824219252
2023,18,2023_18_PIT_BAL,PIT,12.0,8.279119225648037,1.1252652549669586,8.201937007683899,8.124754789719761,7.970390353791484,1.0744170970759543,8.22469422165514,8.170269217662245,8.061419209676451,0.15573275843379386,7.979348065965995,7.679576906283955,7.080034586919874,0.12873622085218675,7.942990674070005,7.606862122491975,6.934605019335913
2023,18,2023_18_SEA_ARI,ARI,0.0,4.641537355983167,-1.9616361981414139,4.554177799631448,4.4668182432797305,4.292099130576293,-1.6091363499131068,4.653007290751782,4.664477225520397,4.6874170950576275,-0.3194490527653131,4.57356370656275,4.5055900571423315,4.369642758301497,-0.27888837964875746,4.611466425469267,4.581395494955368,4.521253633927568
2023,18,2023_18_SEA_ARI,SEA,2.0,5.960831617324111,0.24606408380585257,6.201311583844855,6.441791550365599,6.922751483407086,0.13878488659744245,6.191888503882713,6.422945390441315,6.8850591635585205,0.22863877527610874,6.34459460514648,6.72835759296885,7.49588356861359,0.2057430549966692,6.318255177583849,6.675678737843587,7.390525858363063
2023,18,2023_18_TB_CAR,CAR,7.0,6.376938466804888,-0.6963568755767929,6.23264913845571,6.088359810106532,5.799781153408175,-1.24933527906475,6.067651602148387,5.758364737491885,5.139791008178882,-0.14421015786682181,6.125001034487429,5.873063602169969,5.369188737535051,-0.13628461328604508,6.124089527465404,5.87124058812592,5.3655427094469506
2023,18,2023_18_TB_CAR,TB,17.0,8.70798602189531,2.2723951415945085,8.86531147297488,9.02263692405445,9.337287826213588,1.7049662673270591,8.744539946002913,8.781093870110514,8.854201718325717,0.3991380602860921,8.64808833244795,8.588190643000589,8.468395264105867,0.42330146436320004,8.700635947728381,8.69328587356145,8.678585725227592
